7.955874903247020513e-03 9.813392677296348676e-01
8.425339403670441263e-03 9.767192322064361942e-01
9.717487968730870174e-03 9.751407612799465330e-01
1.306026171063574132e-02 9.744158709485015724e-01
1.621158394400753350e-02 9.741382415501940173e-01
1.936681754281430190e-02 9.739941166618693025e-01
2.257051731944307443e-02 9.738959228164357773e-01
2.583897061310387600e-02 9.738142406026035758e-01
2.917928965359852661e-02 9.737385407871855802e-01
3.259572089517011328e-02 9.736647220881947673e-01
3.391603721597443583e-02 9.738529759491251214e-01
3.547416587924021730e-02 9.738890695873843040e-01
3.708879368015325501e-02 9.738903945116842431e-01
3.657644756802923280e-02 9.741482490797332972e-01
3.844856335549388937e-02 9.739572848209943068e-01
3.798185151522607411e-02 9.741666795163830272e-01
3.988580297308542272e-02 9.739502246116831241e-01
3.728437971538548640e-02 9.740477481613681876e-01
3.704366624756817022e-02 9.741886527959727760e-01
3.675314289939504708e-02 9.742401859712396250e-01
3.646233577970970502e-02 9.742669518426888553e-01
3.616705520950098257e-02 9.742824083230412491e-01
3.586486879031786090e-02 9.742922389371988512e-01
3.772952976547731124e-02 9.740286039078004388e-01
3.943881331822349234e-02 9.739267295168339000e-01
3.899914300444917714e-02 9.741419935366294469e-01
3.875269783505506244e-02 9.742059382920866817e-01
3.851559222230981766e-02 9.742380628661719832e-01
3.610925671471341275e-02 9.741457754347466746e-01
3.365119856817879590e-02 9.741353156411869385e-01
3.112722140202010129e-02 9.741391248629275301e-01
2.853347723661538854e-02 9.741507660141998093e-01
2.590062921987670852e-02 9.741695385610965596e-01
2.539831866297832808e-02 9.743284876363434988e-01
2.482084781182624517e-02 9.743912005617675343e-01
2.425107008619676457e-02 9.744300147294453485e-01
2.368453168266401732e-02 9.744595828910110891e-01
2.529649244668618485e-02 9.742448318818764941e-01
2.678061831443957763e-02 9.741736764944832760e-01
2.829766786560530822e-02 9.741382143331482890e-01
2.991586133626993049e-02 9.741056857574870165e-01
3.166370799507088607e-02 9.740651957222478119e-01
3.352761891254053134e-02 9.740206523670513761e-01
3.551046951829772008e-02 9.739722527569618649e-01
3.544241474017837540e-02 9.741902116233589481e-01
3.553861879531503010e-02 9.742696298146401590e-01
3.568287169976433471e-02 9.743113532361142859e-01
3.586898622297397116e-02 9.743343056853257522e-01
3.609464312280595555e-02 9.743471715588438720e-01
3.633087354150695003e-02 9.743484694158630610e-01
3.658031865473061056e-02 9.743424315626663113e-01
3.684807875091539869e-02 9.743328428841708799e-01
3.713385168605004560e-02 9.743211515456013938e-01
3.961217978271080326e-02 9.740332709124082111e-01
3.982591560614261172e-02 9.741466399286727862e-01
3.800324342455120574e-02 9.740580273187311455e-01
3.627052346393137838e-02 9.740787047697069267e-01
3.669563118999143170e-02 9.742382701393224043e-01
3.919665341240450435e-02 9.740060308375061426e-01
4.161428303934838063e-02 9.738631350560269517e-01
4.407466078042757140e-02 9.737319991225228399e-01
4.658489470891660073e-02 9.736042920400129752e-01
4.697602554496008165e-02 9.737727148068733296e-01
4.972592165547712328e-02 9.735034913216575880e-01
5.237758179858117286e-02 9.733428230259859593e-01
5.507538804774254892e-02 9.731973295282965175e-01
5.782679760053554413e-02 9.730565732477197693e-01
5.846647688180544450e-02 9.732380520931855905e-01
6.148923904012954661e-02 9.729359857835524483e-01
6.222711648891445652e-02 9.730892243900532979e-01
6.314288950311122695e-02 9.730877460787132893e-01
6.405207611344128360e-02 9.730514593292660663e-01
6.496688482781540208e-02 9.730022175066103118e-01
6.588480686950026755e-02 9.729475946124844787e-01
6.675901832619485221e-02 9.728869256094631046e-01
6.760354083764090471e-02 9.728251408187773563e-01
6.842403178743045045e-02 9.727642303803494261e-01
7.138630715598537346e-02 9.723590547201025336e-01
7.182596283233944057e-02 9.724609054181712064e-01
7.243670769098781159e-02 9.724224842381538059e-01
7.302634076226194315e-02 9.723713799819065917e-01
7.358578047520092369e-02 9.723184594825271532e-01
7.411447047626862350e-02 9.722669269743094977e-01
7.461357949935211453e-02 9.722177262098622430e-01
7.508459311647672219e-02 9.721710885244221334e-01
7.333693404111973901e-02 9.721056789328854641e-01
7.198488296077779069e-02 9.721832944661364939e-01
6.850364956382894166e-02 9.722597521817872845e-01
6.532057808671487553e-02 9.724424559553501712e-01
6.220842231415986412e-02 9.726391366282376438e-01
5.681094294670365613e-02 9.727533470077749378e-01
4.929919383919720982e-02 9.728722827414636454e-01
3.935837690011246420e-02 9.729773424239765989e-01
2.477830956907343951e-02 9.729708851291319904e-01
7.548846747821025271e-03 9.729651205808071968e-01
-1.774943023144265331e-02 9.723159266834672243e-01
-4.614452829041436333e-02 9.710771629610241984e-01
-7.666789506614085647e-02 9.691948354389430254e-01
-1.079054319848958554e-01 9.659274892880989061e-01
-1.419711344344460613e-01 9.609246877353339045e-01
-1.801775301006686703e-01 9.539749666312877796e-01
-2.258975346385276306e-01 9.439493065470365707e-01
-2.765780767448476896e-01 9.306336550302560795e-01
-3.197469809623370018e-01 9.148507078899386080e-01
-3.638111255096878605e-01 8.938217527652408956e-01
-4.067091381103494774e-01 8.690033385538457056e-01
-4.410199183009163026e-01 8.422396073466482669e-01
-4.657368229644847646e-01 8.074670693897774143e-01
-4.830869494625641969e-01 7.634276361492070562e-01
-4.621796472719079674e-01 6.766666257395599349e-01
-4.579472937113744924e-01 6.283017875373727579e-01
-4.442886849211427625e-01 5.716754804338857188e-01
-3.414148750324916826e-01 4.137007623307255022e-01
-3.178510245058817074e-01 3.682104946379767263e-01
-2.887638198339586015e-01 3.198470903393559328e-01
-2.555923194640628004e-01 2.699517931478573884e-01
-1.427318906564572776e-01 1.442321350455460227e-01
-1.198805431260025894e-01 1.173462595740408926e-01
-9.854693865836181010e-02 9.306977809063544937e-02
-3.533693274465597028e-02 3.186360661556186802e-02
-2.817735162687115547e-02 2.500138590786805254e-02
-2.176527558660635089e-02 1.891730924835317504e-02
-1.589820550597451781e-02 1.335572660038071742e-02
-1.211651286477586492e-02 1.016696147598819371e-02
-8.491470868008709275e-03 7.125190073498724463e-03
0.000000000000000000e+00 0.000000000000000000e+00
0.000000000000000000e+00 0.000000000000000000e+00
0.000000000000000000e+00 0.000000000000000000e+00
0.000000000000000000e+00 0.000000000000000000e+00
0.000000000000000000e+00 0.000000000000000000e+00
0.000000000000000000e+00 0.000000000000000000e+00
0.000000000000000000e+00 0.000000000000000000e+00
0.000000000000000000e+00 0.000000000000000000e+00
0.000000000000000000e+00 0.000000000000000000e+00
0.000000000000000000e+00 0.000000000000000000e+00
0.000000000000000000e+00 0.000000000000000000e+00
0.000000000000000000e+00 0.000000000000000000e+00
0.000000000000000000e+00 0.000000000000000000e+00
0.000000000000000000e+00 0.000000000000000000e+00
0.000000000000000000e+00 0.000000000000000000e+00
0.000000000000000000e+00 0.000000000000000000e+00
0.000000000000000000e+00 0.000000000000000000e+00
0.000000000000000000e+00 0.000000000000000000e+00
0.000000000000000000e+00 0.000000000000000000e+00
0.000000000000000000e+00 0.000000000000000000e+00
0.000000000000000000e+00 0.000000000000000000e+00
0.000000000000000000e+00 0.000000000000000000e+00
0.000000000000000000e+00 0.000000000000000000e+00
0.000000000000000000e+00 0.000000000000000000e+00
0.000000000000000000e+00 0.000000000000000000e+00
0.000000000000000000e+00 0.000000000000000000e+00
0.000000000000000000e+00 0.000000000000000000e+00
0.000000000000000000e+00 0.000000000000000000e+00
0.000000000000000000e+00 0.000000000000000000e+00
0.000000000000000000e+00 0.000000000000000000e+00
0.000000000000000000e+00 0.000000000000000000e+00
0.000000000000000000e+00 0.000000000000000000e+00
0.000000000000000000e+00 0.000000000000000000e+00
0.000000000000000000e+00 0.000000000000000000e+00
0.000000000000000000e+00 0.000000000000000000e+00
0.000000000000000000e+00 0.000000000000000000e+00
0.000000000000000000e+00 0.000000000000000000e+00
0.000000000000000000e+00 0.000000000000000000e+00
0.000000000000000000e+00 0.000000000000000000e+00
0.000000000000000000e+00 0.000000000000000000e+00
0.000000000000000000e+00 0.000000000000000000e+00
0.000000000000000000e+00 0.000000000000000000e+00
0.000000000000000000e+00 0.000000000000000000e+00
0.000000000000000000e+00 0.000000000000000000e+00
0.000000000000000000e+00 0.000000000000000000e+00
0.000000000000000000e+00 0.000000000000000000e+00
0.000000000000000000e+00 0.000000000000000000e+00
0.000000000000000000e+00 0.000000000000000000e+00
0.000000000000000000e+00 0.000000000000000000e+00
0.000000000000000000e+00 0.000000000000000000e+00
0.000000000000000000e+00 0.000000000000000000e+00
0.000000000000000000e+00 0.000000000000000000e+00
0.000000000000000000e+00 0.000000000000000000e+00
0.000000000000000000e+00 0.000000000000000000e+00
0.000000000000000000e+00 0.000000000000000000e+00
0.000000000000000000e+00 0.000000000000000000e+00
0.000000000000000000e+00 0.000000000000000000e+00
0.000000000000000000e+00 0.000000000000000000e+00
0.000000000000000000e+00 0.000000000000000000e+00
0.000000000000000000e+00 0.000000000000000000e+00
0.000000000000000000e+00 0.000000000000000000e+00
0.000000000000000000e+00 0.000000000000000000e+00
0.000000000000000000e+00 0.000000000000000000e+00
0.000000000000000000e+00 0.000000000000000000e+00
0.000000000000000000e+00 0.000000000000000000e+00
0.000000000000000000e+00 0.000000000000000000e+00
0.000000000000000000e+00 0.000000000000000000e+00
0.000000000000000000e+00 0.000000000000000000e+00
0.000000000000000000e+00 0.000000000000000000e+00
0.000000000000000000e+00 0.000000000000000000e+00
0.000000000000000000e+00 0.000000000000000000e+00
0.000000000000000000e+00 0.000000000000000000e+00
0.000000000000000000e+00 0.000000000000000000e+00
-3.418981288949229317e-04 2.868865938559319088e-04
-1.136023334464162857e-03 9.532367609576626512e-04
-1.275583620977330940e-02 1.112569513746818929e-02
-1.918093465774016806e-02 1.691704821679808693e-02
-2.723488958203209437e-02 2.425773257351535386e-02
-3.732464101145549495e-02 3.425276686712683261e-02
-1.059584067271172603e-01 1.021296166219551049e-01
-1.276719707272033766e-01 1.259563617451854023e-01
-1.496093543139447313e-01 1.528969517397818501e-01
-2.634580634374758534e-01 2.828633984830806192e-01
-2.941729274213680245e-01 3.272108751285776607e-01
-3.200219514484204941e-01 3.713571435088964257e-01
-3.413685800197936437e-01 4.165498607755811489e-01
-4.438484381674058232e-01 5.699322711459949842e-01
-4.579652485692140562e-01 6.189769618382008343e-01
-4.616499152600173628e-01 6.639271872126362162e-01
-4.583574567958456636e-01 7.093117636296474293e-01
-4.781971180917878872e-01 7.906871325204966050e-01
-4.648528605657248347e-01 8.164156513244315017e-01
-4.503537897474272356e-01 8.366501185543190333e-01
-4.406998225838738570e-01 8.516420791282272029e-01
-4.334941171308770436e-01 8.623446454201515454e-01
-4.254581975242373582e-01 8.701606779487190968e-01
-4.186534843391313543e-01 8.766023582468760456e-01
-4.153395099749649932e-01 8.808156937314692847e-01
-4.125339889064442711e-01 8.827470661328854495e-01
-4.113568836399622564e-01 8.835413320453682218e-01
-4.131368196725753172e-01 8.820356640983836316e-01
-4.160781604246908127e-01 8.797252523551546410e-01
-4.192717523085090492e-01 8.781501986644477675e-01
-4.211662517437411157e-01 8.782297618936047989e-01
-4.236124140881891709e-01 8.761115133049798276e-01
-4.263169112311672726e-01 8.746078585680068240e-01
-4.277574422468660709e-01 8.746171905779180911e-01
-4.287703384232616766e-01 8.741424148588448073e-01
-4.296892621653452538e-01 8.736261096518438407e-01
-4.294601641175638251e-01 8.746281166724665379e-01
-4.289091940782947532e-01 8.752351935650244386e-01
-4.262097100904448932e-01 8.764976633576467835e-01
-4.239553473796301430e-01 8.777743403388618137e-01
-4.197121678559593283e-01 8.797087315142332331e-01
-4.179729572154533002e-01 8.806229919435371034e-01
-4.140019691901354881e-01 8.822701431286428253e-01
-4.126169699891585885e-01 8.830358406993312759e-01
-4.110157089563378774e-01 8.837784684758097642e-01
-4.053715434582773058e-01 8.859696386889918118e-01
-4.027768528268260706e-01 8.872477088750652108e-01
-4.000572667536930749e-01 8.884757537279288631e-01
-3.974913048209414712e-01 8.896270350925234993e-01
-3.971479033075852594e-01 8.899879211854890837e-01
-3.964581114054225863e-01 8.903347187736316837e-01
-3.957842616181417306e-01 8.906504482561213853e-01
-3.951429699784851923e-01 8.909438379391424467e-01
-3.945366328001769229e-01 8.912187969500180440e-01
-3.960372079120099142e-01 8.907648732867269326e-01
-3.949927604712814566e-01 8.910528293687848267e-01
-3.977863860315370981e-01 8.892025546939249514e-01
-3.990695503352474915e-01 8.893911025523533187e-01
-4.012347301006587430e-01 8.876286812397169435e-01
-4.036227105212720767e-01 8.864870250104475158e-01
-4.046106541244339772e-01 8.868676280035279191e-01
-4.051529577710116237e-01 8.866608236016093603e-01
-4.056481408428994073e-01 8.864494387553387700e-01
-4.061089449548613284e-01 8.862448178232666951e-01
-4.044775065063993535e-01 8.867867883671096685e-01
-4.053610586121884629e-01 8.865520292629265331e-01
-4.058579816578671839e-01 8.863497227110701537e-01
-4.075737692074110075e-01 8.846981943375737956e-01
-4.083462568245211366e-01 8.851826768997606010e-01
-4.045499216347556715e-01 8.865482643234966487e-01
-4.037173452693781917e-01 8.870571163559030081e-01
-4.072449790020145621e-01 8.839390987960186186e-01
-4.109564273621086894e-01 8.821167632346985643e-01
-4.156730631486975636e-01 8.789287840240856964e-01
-4.193602055286108077e-01 8.780270259887967832e-01
-4.201521480084773885e-01 8.796899737498731220e-01
-4.137319444815115155e-01 8.822252696748111855e-01
-4.182813664151821542e-01 8.776960966860359870e-01
-4.154519302190353147e-01 8.814779380466915004e-01
-4.119917344550359517e-01 8.830996071599842567e-01
-4.107763099020866338e-01 8.838386729835728817e-01
-4.092971239463048527e-01 8.845423817564255220e-01
-4.099399033279291227e-01 8.844496687391434353e-01
-4.081319821154335559e-01 8.851165532118129287e-01
-4.067490317496790797e-01 8.857206369335004492e-01
-4.033996967708919912e-01 8.870336491136332491e-01
-3.985295902075514651e-01 8.889883434297666254e-01
-3.943215623840147233e-01 8.908156698224196646e-01
-3.924780069902122914e-01 8.918261824322208930e-01
-3.945415016696629529e-01 8.913698733761133974e-01
-3.936207324727465373e-01 8.916461269004357648e-01
-3.910152514256686196e-01 8.925860646183718661e-01
-3.868767188825865677e-01 8.941744663476918209e-01
-3.832994859050882774e-01 8.956970097346597104e-01
-3.798943222961085331e-01 8.971670286572552833e-01
-3.745417111735022675e-01 8.992629959104427861e-01
-3.696169123344655305e-01 9.013116104063060297e-01
-3.623829585016303811e-01 9.040201928646960372e-01
-3.612146800637149324e-01 9.048700184339812935e-01
-3.617632535059113197e-01 9.049641845761016157e-01
-3.620930745425079422e-01 9.049563133343863086e-01
-3.623649747527397103e-01 9.049061798328891237e-01
-3.626155801102701748e-01 9.048352900818530387e-01
-3.649567478836988066e-01 9.041128785479775054e-01
-3.687845448313908925e-01 9.020851213006093605e-01
-3.729916407276249180e-01 9.003594889139122648e-01
-3.769704625487490524e-01 8.986572648268238428e-01
-3.821827466254310579e-01 8.957117484536205598e-01
-3.873974141185829168e-01 8.932600356784445861e-01
-3.937443305289123341e-01 8.895824887864599573e-01
-3.986790716847898319e-01 8.879079728098460134e-01
-4.029299710085440522e-01 8.859047421024659474e-01
-4.069206048923600383e-01 8.840076052274032925e-01
-4.081972243093857089e-01 8.851574413099519978e-01
-4.023902862000635072e-01 8.872981897134664120e-01
-4.041089149140150716e-01 8.870330838131376128e-01
-4.005991164577601404e-01 8.882952413408005121e-01
-3.979540881257444540e-01 8.894375277629984478e-01
-3.955017858581455492e-01 8.905217638905025268e-01
-3.952763730576860368e-01 8.908295003551522928e-01
-3.946949624769650056e-01 8.911266750994657482e-01
-3.941238067486830809e-01 8.913959041183843190e-01
-3.935794238688629654e-01 8.916456329850293017e-01
-3.930643905362053436e-01 8.918795457360781942e-01
-3.960117156371904534e-01 8.900086329829592913e-01
-3.987276041964511464e-01 8.887477176879305940e-01
-4.039061969864447543e-01 8.847296734494102255e-01
-4.094296560762247794e-01 8.819418936836682654e-01
-4.158713383093310401e-01 8.778632887356665471e-01
-4.223139645934568809e-01 8.745710351090547618e-01
-4.293125744523132448e-01 8.695332210361158554e-01
-4.357577236459270753e-01 8.640156404941030654e-01
-4.412111839546545844e-01 8.598200122920456323e-01
-4.465480878876210147e-01 8.551456837688151680e-01
-4.487599652797874539e-01 8.573342434123851774e-01
-4.492273979688299890e-01 8.580052170786278687e-01
-4.492979219637404653e-01 8.584177685521250378e-01
-4.491921470770389724e-01 8.587261919162229029e-01
-4.489986071022892267e-01 8.589894886394495721e-01
-4.487582957373260628e-01 8.592349096244484841e-01
-4.493245245744692529e-01 8.577233861300151974e-01
-4.495577057894152850e-01 8.583329638049754795e-01
-4.494142429488733881e-01 8.586109915711654939e-01
-4.492003620031708722e-01 8.588525770429387141e-01
-4.506088013072635512e-01 8.555723757673714402e-01
-4.577025452246210602e-01 8.423030290326493086e-01
-4.674273107282304052e-01 8.280085678678136274e-01
-4.727150822308702205e-01 8.293237394342010127e-01
-4.750548893104665771e-01 8.291479177947147505e-01
-4.764858083820115997e-01 8.284568599414730006e-01
-4.775497106795106306e-01 8.275046236122639565e-01
-4.788403582228724087e-01 8.243823801861499545e-01
-4.801100732165746732e-01 8.234359041954332215e-01
-4.814237526486303542e-01 8.201448941166187279e-01
-4.830969439882546457e-01 8.170019850763502456e-01
-4.849084655757626705e-01 8.138094740655726911e-01
-4.870304941062161830e-01 8.084147173227426153e-01
-4.898360936939873400e-01 8.010421861690742995e-01
-4.930121896161890338e-01 7.939877521135153549e-01
-4.955590786718964691e-01 7.850338294705209163e-01
-4.981003344359618001e-01 7.767935994810767353e-01
-5.003864747355131204e-01 7.690620510142323063e-01
-5.021596627125911594e-01 7.594392446793679641e-01
-4.744636755519840987e-01 7.087167956287353521e-01
-4.758558145280916696e-01 7.003723996293005349e-01
-4.764444888638966757e-01 6.913783979601949570e-01
-4.764752631495272062e-01 6.818712797017497662e-01
-4.754504688136198531e-01 6.694376137319845155e-01
-4.753056425390518869e-01 6.592433808131767936e-01
-4.763300612879753926e-01 6.531746396587075898e-01
-4.780177303878438422e-01 6.509531277140724326e-01
-4.785587261971063211e-01 6.479856456212201854e-01
-4.795364949332450721e-01 6.471993397212025823e-01
-4.778695377935466282e-01 6.410408648896686046e-01
-4.775021647184456430e-01 6.375431494171823754e-01
-4.778927284157088451e-01 6.364192293358980068e-01
-4.778566593259311879e-01 6.350004696356400524e-01
-4.776590757807324117e-01 6.334750179713308782e-01
-4.773873258936144892e-01 6.318809789108918995e-01
-4.748735232110552484e-01 6.250497108349193365e-01
-4.729832152444827797e-01 6.184695545673256634e-01
-4.736310127352839627e-01 6.169971014336189663e-01
-4.733717828444643505e-01 6.169731883201979850e-01
-4.733155757768852667e-01 6.169350083130124007e-01
-4.733011403586696031e-01 6.169014609409912975e-01
-4.735063576175219113e-01 6.148652391081201873e-01
-4.720593428696079896e-01 6.100560053533681248e-01
-4.721162202884780501e-01 6.079681619023206141e-01
-4.718050484318720428e-01 6.055615540992504986e-01
-4.713615652316541782e-01 6.030298684521374630e-01
-4.694798427039346134e-01 5.978598734234356060e-01
-4.678376825136741357e-01 5.931394202165126694e-01
-4.662386959218489668e-01 5.886004728588432044e-01
-4.645548824643043750e-01 5.840328853518599317e-01
-4.629075884501795968e-01 5.796175919812028843e-01
-4.627290524467755350e-01 5.780237378433696893e-01
-4.622068274600682480e-01 5.762399173946073372e-01
-4.615968047961497289e-01 5.744917187515533596e-01
-4.609703232454342992e-01 5.728071669844627678e-01
-4.603382160541380497e-01 5.712326662506173047e-01
-4.582652431174007446e-01 5.670713401697373701e-01
-4.581234360321311261e-01 5.660788507246923285e-01
-4.577377977010200771e-01 5.649018324298350491e-01
-4.573065061881320670e-01 5.637721850781201027e-01
-4.568786092193983794e-01 5.627038403888257045e-01
-4.568997180205552899e-01 5.661436377365858252e-01
-4.579934958636573405e-01 5.715112260242320996e-01
-4.597539907571744910e-01 5.787146793187374350e-01
-4.620956663221651439e-01 5.898636356689467286e-01
-4.651193819560408005e-01 6.046183744157184181e-01
-4.675360169619310335e-01 6.211496293364336951e-01
-4.694466536841849780e-01 6.398087298838257553e-01
-4.707498094553297929e-01 6.608148603901808915e-01
-4.698023972969396223e-01 6.868541812488876408e-01
-4.941493147223829374e-01 7.574192811647204593e-01
-4.834482081481581983e-01 7.888788133154033266e-01
-4.661547129738014550e-01 8.162048212155574856e-01
-4.414912326991299873e-01 8.432521182400095627e-01
-4.077691576334602774e-01 8.719665580964053309e-01
-3.706548189595614273e-01 8.956452387543342164e-01
-3.310197595846048890e-01 9.122687270793198300e-01
-2.860644315659663928e-01 9.268132482991991994e-01
-2.379509432985709161e-01 9.404082040006778165e-01
-1.935125151996341386e-01 9.512277004934719393e-01
-1.492562946553316616e-01 9.586787246625898540e-01
-1.004923711554488730e-01 9.646590644934350811e-01
-5.186095989475398432e-02 9.688727920226991586e-01
-8.163502177762571588e-03 9.705715923652662447e-01
3.811292699198266104e-02 9.693448276087760496e-01
8.829988863470122906e-02 9.659866922936510836e-01
1.352124775992410988e-01 9.611912685492869368e-01
1.788158804864401208e-01 9.537013726553129622e-01
2.258745621107831059e-01 9.432079312946126670e-01
2.738398910266614528e-01 9.306922135357266201e-01
3.159791136888420726e-01 9.178927836338985902e-01
3.541643568049877011e-01 9.009654999288880806e-01
3.897450946235435087e-01 8.816326120329377458e-01
3.955526735761517587e-01 8.117505052303679580e-01
4.181235902936927262e-01 7.985220875510432581e-01
4.325417737521332628e-01 7.824694172410927573e-01
4.439854561687193168e-01 7.677719799000028988e-01
4.525396896352895659e-01 7.532379810595353220e-01
4.594132772220224092e-01 7.414385419398278332e-01
4.649009686124054852e-01 7.328284122216597307e-01
4.691372253162913175e-01 7.271463800127185850e-01
3.832221846952372779e-01 5.876081102955769131e-01
3.848337073948547293e-01 5.873570646754091573e-01
3.853539377422653400e-01 5.861392188378663493e-01
3.856176908468971209e-01 5.848457833840270403e-01
3.858068842336276338e-01 5.836016014263287754e-01
3.859676811571850497e-01 5.824266076494568622e-01
3.864475845552164945e-01 5.832038282209479618e-01
3.864535566509292308e-01 5.834393140843132652e-01
3.863699904959156939e-01 5.835933000264377224e-01
3.862698565206411638e-01 5.837256075182009063e-01
3.861691586647478802e-01 5.838477258723299146e-01
3.860719620531876117e-01 5.839622435976066228e-01
3.859793277247037802e-01 5.840700199899649947e-01
3.858914291527109630e-01 5.841715353421249590e-01
3.858081599357495728e-01 5.842671718563818839e-01
3.857293258888815357e-01 5.843572744471674518e-01
3.856547095205998810e-01 5.844421645818106414e-01
3.855840924807922843e-01 5.845221441556824882e-01
3.855172633903511392e-01 5.845974972369333278e-01
3.851478885277560549e-01 5.828014375567491800e-01
3.852234730666601048e-01 5.815894676109775174e-01
3.853791165177925526e-01 5.805146817603291653e-01
3.855463425106647746e-01 5.795162836335413514e-01
3.853587598557752236e-01 5.766916070944718697e-01
3.856152342913802267e-01 5.745236338622277117e-01
3.863409572193386432e-01 5.744661758690416953e-01
3.865818871986205774e-01 5.739153964716067202e-01
3.867225973313337395e-01 5.733295615543720913e-01
3.868358827081518347e-01 5.727659483100633331e-01
3.869377546854287919e-01 5.722333846387583911e-01
3.870325925492645314e-01 5.717319635155699853e-01
3.871219088214276627e-01 5.712602185346575823e-01
3.872063692049236838e-01 5.708164552606701525e-01
3.877302575410237484e-01 5.723320819127242221e-01
3.876981203828980815e-01 5.732009191015439153e-01
3.875602486004302571e-01 5.739414494876584616e-01
3.865828608985759640e-01 5.758346214095158011e-01
3.860126898528958295e-01 5.776717122469583465e-01
3.855433368728048427e-01 5.794486558064918524e-01
3.851218858262401290e-01 5.811349577829552082e-01
3.856171842134010763e-01 5.815648650250886398e-01
3.856737700559462745e-01 5.818858879019587205e-01
3.856435825486552726e-01 5.821311406840281588e-01
3.852596216406779517e-01 5.804705657616127112e-01
3.853290129541747100e-01 5.793952629373990693e-01
3.854798027341416189e-01 5.784503102797903251e-01
3.856424195031531443e-01 5.775741535448778441e-01
3.858019791046366498e-01 5.767527387239653747e-01
3.859548975149353911e-01 5.759808569845650261e-01
3.861003830947843385e-01 5.752551364860231109e-01
3.858450273367525774e-01 5.726649570690727220e-01
3.860669454891864083e-01 5.707404860720821649e-01
3.863695237739926958e-01 5.690049700971381297e-01
3.866777348902130651e-01 5.673896935225837268e-01
3.869756846999302113e-01 5.658764834827405554e-01
3.872147184010114040e-01 5.643910592723061503e-01
3.868954160086756633e-01 5.609680938493667446e-01
3.870160766195992474e-01 5.581574767457241348e-01
3.871292123598265578e-01 5.554269967362686078e-01
3.883486824605095200e-01 5.567084491599685325e-01
3.885680629283242427e-01 5.569742070916277044e-01
3.891178175059314404e-01 5.590467947499178081e-01
3.885172382721744921e-01 5.585292924817246707e-01
3.888541423192264368e-01 5.604126810584766361e-01
3.880102464294773457e-01 5.630266848984835093e-01
3.874275581805615154e-01 5.655155302661827310e-01
3.862056484782162569e-01 5.692284910314848734e-01
3.861814700117930932e-01 5.716179029462142847e-01
3.858243334281163395e-01 5.737836080492889623e-01
3.854299090429482710e-01 5.757978002615735669e-01
3.850363712726626586e-01 5.776917561498775555e-01
3.837942174814126250e-01 5.806537140580904088e-01
3.829887315260991354e-01 5.835077579386648283e-01
3.822993031627890392e-01 5.862444119800461761e-01
3.816705241509860125e-01 5.888351165085756733e-01
4.707249024043450025e-01 7.292177979722647141e-01
4.700292640885184170e-01 7.321119415360253235e-01
4.692846161779447023e-01 7.348913818328342007e-01
4.684887532765673046e-01 7.375792677127386288e-01
4.675631693254287957e-01 7.402474913557417491e-01
4.665633069333092742e-01 7.429039797280155843e-01
4.654495703348260349e-01 7.454335863548466889e-01
4.642653103791591906e-01 7.479234739449668323e-01
4.630360894825803486e-01 7.504196541663437081e-01
4.617387264407865621e-01 7.529586387368223388e-01
4.603668776976886923e-01 7.555664221093725264e-01
4.589420413029879353e-01 7.582506569495163218e-01
4.574705902943113633e-01 7.610191609958366632e-01
4.559529993748037136e-01 7.638765662345174956e-01
4.559493629676141802e-01 7.657497560287365168e-01
4.553816746913911806e-01 7.673705862490479701e-01
4.546663772931939795e-01 7.689505565686913791e-01
4.538736746775791642e-01 7.705496095304354975e-01
4.546484371256633850e-01 7.711676083175635910e-01
4.548115620727068986e-01 7.714312676125552048e-01
4.548242059048102637e-01 7.715917583851428230e-01
4.547717632802057430e-01 7.717160071478033068e-01
4.546893482289139921e-01 7.718297730117108513e-01
4.545921985191785364e-01 7.719429479792705440e-01
4.544870583938040998e-01 7.720595851247643582e-01
4.543769951517105943e-01 7.721815133801164244e-01
4.542634093794901684e-01 7.723096499087238609e-01
4.541458096034255432e-01 7.724450716188027144e-01
4.540189155184708447e-01 7.725911028869354435e-01
4.538849932452281299e-01 7.727482864164320064e-01
4.537447500045831417e-01 7.729179134486845459e-01
4.535984190766126356e-01 7.731010489922749418e-01
4.534459186007265830e-01 7.732986115000131111e-01
4.532869988306982290e-01 7.735114870468611237e-01
4.531213124739746356e-01 7.737405791439921909e-01
4.529484475444500724e-01 7.739868308817547948e-01
4.527679432016681882e-01 7.742512364884632792e-01
4.525792973221489657e-01 7.745348486921619369e-01
4.523819697748189261e-01 7.748387843841102463e-01
4.521753833371598419e-01 7.751642296392075027e-01
4.519589232473329998e-01 7.755124445753858176e-01
4.517319359216788177e-01 7.758847682899200349e-01
4.514937271245852424e-01 7.762826240003892764e-01
4.495577212860354388e-01 7.776853052287826529e-01
4.480168553212460769e-01 7.796623243650298019e-01
4.446967671214638318e-01 7.827701181978985456e-01
4.414843567481476216e-01 7.862002187776699902e-01
4.362304756953704898e-01 7.904197696540904428e-01
4.293771926162462393e-01 7.958956359252236101e-01
4.209095961300604594e-01 8.026792881007542846e-01
4.107721536740087109e-01 8.107856728436376725e-01
3.983985581162511336e-01 8.189694598353708388e-01
3.823966841948897577e-01 8.271399531444439956e-01
3.904914734083231864e-01 8.909807489297439931e-01
3.700954473268414091e-01 8.992312595484418525e-01
3.466219271180078776e-01 9.080955612577552571e-01
3.171765714852077811e-01 9.183579384131376200e-01
2.812481587703554164e-01 9.297201014987855894e-01
2.434548101717825541e-01 9.405842277943753382e-01
2.059383007892541251e-01 9.491269194020413025e-01
1.622350855726172880e-01 9.568522097752026889e-01
1.092941762154977375e-01 9.639736986529898743e-01
5.700171214694576410e-02 9.690580061116267352e-01
9.674469361732156159e-03 9.701810391560743430e-01
-4.193925017498466301e-02 9.689040053176954936e-01
-9.515951881728573758e-02 9.655631567105538160e-01
-1.431155963643641615e-01 9.597373219578103631e-01
-1.919570662621009338e-01 9.507034831823339971e-01
-2.444918524328951182e-01 9.387201140053189619e-01
-2.924316906787421400e-01 9.255302154707772955e-01
-3.355657319168185992e-01 9.079169927665624584e-01
-3.800943342920213297e-01 8.849048703618239697e-01
-4.216357141207932591e-01 8.595366010273751689e-01
-4.509706892581296644e-01 8.301964232747528483e-01
-4.728606695699890117e-01 7.913444155551457859e-01
-4.874904925699796165e-01 7.460556437045801070e-01
-4.624006398843755195e-01 6.604055170151704734e-01
-4.561702877199386719e-01 6.139994887720694461e-01
-4.445776809282010467e-01 5.662207523842021084e-01
-3.479423826597554115e-01 4.233461629857075970e-01
-3.381842345670421635e-01 4.006971282196035711e-01
-3.288206318895957603e-01 3.810895852844433107e-01
-3.206584511417713279e-01 3.645264201510793334e-01
-3.138788351251746711e-01 3.507270653825027562e-01
-3.073205733521948146e-01 3.384885824211895655e-01
-3.027882579417701114e-01 3.297023517192710917e-01
-2.976009947369872011e-01 3.207927566357679505e-01
-2.937372691892880527e-01 3.137869383229030529e-01
-2.895630676532912617e-01 3.074312523951973075e-01
-2.854052952363465567e-01 3.016665659785657816e-01
-2.828794082815043187e-01 2.980012765604365677e-01
-2.802783088093430131e-01 2.944245295104736537e-01
-2.778088160137602292e-01 2.911591945858394981e-01
-2.771726949069914792e-01 2.901130749797151687e-01
-2.776500951825958130e-01 2.912281384613408242e-01
-2.782459525860660476e-01 2.920819658181185718e-01
-2.742957375045918522e-01 2.867394582844081108e-01
-2.723489399675523281e-01 2.840689856987224648e-01
-2.670447615542652087e-01 2.775141723322433474e-01
-2.656420853287697614e-01 2.754044713690135815e-01
-2.640832730626762048e-01 2.732254178052740401e-01
-2.625747917410025667e-01 2.712086545801842274e-01
-2.628296146924203325e-01 2.712626754145815999e-01
-2.629255246745738628e-01 2.712682651892468488e-01
-2.629980070908373158e-01 2.713224361576797028e-01
-2.613900688155191276e-01 2.694655426173629964e-01
-2.617042639608921917e-01 2.697084232129344228e-01
-2.601925301831371495e-01 2.679150613113730484e-01
-2.588958721543365704e-01 2.663024660190228543e-01
-1.677179741789974476e-01 1.709101095176207008e-01
-1.670986575175727185e-01 1.699997456954049080e-01
-1.653304646460753979e-01 1.678504969764717247e-01
-1.647928353284514313e-01 1.670349781069370154e-01
-1.642276351653830790e-01 1.662540785988633196e-01
-1.636632713899462688e-01 1.655127990618020239e-01
-1.642318968112079502e-01 1.660423830397496081e-01
-1.647249518651898170e-01 1.665882378724430624e-01
-1.640578443324652858e-01 1.658916248622597789e-01
-1.655144323067306855e-01 1.679006642232203916e-01
-1.660116060741001209e-01 1.682642483279235823e-01
-1.653141510076014120e-01 1.674982328398180176e-01
-1.646904612121945777e-01 1.667569496755928193e-01
-1.641036016025553823e-01 1.660268370110105640e-01
-1.635369343943235410e-01 1.653115924120210911e-01
-1.629762154659452900e-01 1.646029573179734196e-01
-1.635350473464619592e-01 1.651358543530511702e-01
-1.640410234002325218e-01 1.657031752986142803e-01
-1.645202419449012243e-01 1.662784182305745984e-01
-1.649802717325435930e-01 1.668500342317376928e-01
-1.631696956283698874e-01 1.649068279952121130e-01
-1.637627806770383665e-01 1.654479153471791752e-01
-1.642791949888500469e-01 1.660070287653213350e-01
-1.647538856172393873e-01 1.665715557956243820e-01
-1.652074296967216138e-01 1.671341839802558682e-01
-1.656466036359265093e-01 1.676873091796176329e-01
-1.649444668637856104e-01 1.669724516138229309e-01
-1.643287510838901955e-01 1.662616198293815351e-01
-1.648765247245718435e-01 1.668004173261880552e-01
-1.653482349993969369e-01 1.673348411679262682e-01
-1.657873682652056258e-01 1.678713473270320722e-01
-1.662108055764867920e-01 1.684016512021898060e-01
-1.666216507534925839e-01 1.689210049407910974e-01
-1.670090238314430320e-01 1.694155347299600711e-01
-1.673752083878758123e-01 1.698871401856281993e-01
-1.665921760078050151e-01 1.690727646818133423e-01
-1.670601419671685905e-01 1.695597217654549183e-01
-1.674460226073050118e-01 1.700009997109486470e-01
-1.666627143617704643e-01 1.691689634085403182e-01
-1.660011559857357544e-01 1.683887966478196108e-01
-1.665009863295345005e-01 1.688626286201426741e-01
-1.669257346369460715e-01 1.693350025669418113e-01
-1.673022140716842465e-01 1.697950683771395075e-01
-1.676543273428406922e-01 1.702421531476742689e-01
-1.679862258980708012e-01 1.706693886588873665e-01
-1.691982117977940125e-01 1.725214270414493212e-01
-2.597394462972675844e-01 2.674229629805515152e-01
-1.695047967415527213e-01 1.729048237517475384e-01
-1.686999458616989800e-01 1.718977079214222270e-01
-1.679466210202648080e-01 1.709342777835197724e-01
-1.692601407220630794e-01 1.727281236619872817e-01
-1.695786826703577777e-01 1.728314502020633636e-01
-1.698181616234121505e-01 1.730836638314471876e-01
-1.700302487351256497e-01 1.733410919075019929e-01
-2.594946441449862418e-01 2.665994622025841809e-01
-2.597670046353424134e-01 2.669537079120151146e-01
-2.613391009763665340e-01 2.694686791941332538e-01
-2.629183841541063993e-01 2.716298876232846049e-01
-2.644186277945275165e-01 2.736366774088285214e-01
-2.658295322053080278e-01 2.755125846980175930e-01
-2.671556654166660216e-01 2.772725592711789977e-01
-2.684026466503992014e-01 2.789265660924878376e-01
-2.695755863253320173e-01 2.804821871884718432e-01
-2.706791007441516350e-01 2.819458121817213780e-01
-2.717174290525494196e-01 2.833231454567803898e-01
-2.726945076276741653e-01 2.846194236500024788e-01
-2.736140129394800113e-01 2.858395150919947336e-01
-2.744793883832628567e-01 2.869879711588839699e-01
-2.752938634746932012e-01 2.880690576371801037e-01
-2.760604692774765168e-01 2.890867773765271043e-01
-2.779906469477726461e-01 2.922061636795038053e-01
-2.787526325279605643e-01 2.927516514554613369e-01
-2.793382796049268535e-01 2.934629850676293561e-01
-2.810553445413729312e-01 2.963074591151118042e-01
-2.816476640201582282e-01 2.966030148345022432e-01
-2.820647188571759889e-01 2.970860459767510897e-01
-2.824347170935539442e-01 2.975596692674742361e-01
-2.799385666866354150e-01 2.938542225306571831e-01
-2.775362520614355066e-01 2.906885062819237753e-01
-2.752649326057562407e-01 2.877141171788356599e-01
-2.731228522566171990e-01 2.849124157048127937e-01
-2.711037938409960879e-01 2.822721136357831395e-01
-2.692004673656349101e-01 2.797831116713367372e-01
-2.674060042217646371e-01 2.774362918645207898e-01
-2.657140030945062126e-01 2.752232547499784410e-01
-2.641184771911588292e-01 2.731361772467293947e-01
-2.626138131948453358e-01 2.711677357666065769e-01
-2.611947405897270258e-01 2.693110578865203220e-01
-2.598563068030337875e-01 2.675596868834265729e-01
-1.695098695855846438e-01 1.730153362213035506e-01
-1.687117428435310484e-01 1.719787288282905169e-01
-1.679591606006264060e-01 1.710010891199263416e-01
-1.683756980692973915e-01 1.713424399844239998e-01
-1.695828579844662620e-01 1.731086828946553913e-01
-2.617097291742706555e-01 2.705192299454907690e-01
-2.659727908770944116e-01 2.767190395257771995e-01
-2.713325409854128178e-01 2.844738327911965903e-01
-2.776711155634118966e-01 2.936513095591314904e-01
-2.848755572461120211e-01 3.041286545670656705e-01
-2.940433987353462397e-01 3.181302132834962215e-01
-3.039342651334138723e-01 3.337365418703747144e-01
-3.153886887970951958e-01 3.544361025002453203e-01
-3.284746236628386939e-01 3.796134354406842104e-01
-3.421287639738866959e-01 4.092681193547720309e-01
-4.394975881467577672e-01 5.480537522492382463e-01
-4.541305392181376743e-01 5.937971057192384938e-01
-4.619522144332275371e-01 6.362114681568723507e-01
-4.627278072456856295e-01 6.790303354220730281e-01
-4.850703028759205115e-01 7.659648882671832304e-01
-4.712275439642589769e-01 8.045931248406836822e-01
-4.470049070499235722e-01 8.351425311487166159e-01
-4.157120899669591862e-01 8.644694444668323818e-01
-3.794442086598039388e-01 8.899805356412242574e-01
-3.420590753852658095e-01 9.084056689605422008e-01
-2.982910203278230643e-01 9.231276668391935614e-01
-2.500895912604040872e-01 9.371993222145678093e-01
-2.041316269886246371e-01 9.488898887679280136e-01
-1.607200434737225125e-01 9.569442262460555737e-01
-1.131902323844355129e-01 9.632589514672436071e-01
-6.372254564817933509e-02 9.680139608630785597e-01
-1.930699142574057031e-02 9.705494593787495905e-01
2.615058570515907399e-02 9.698508411747793767e-01
7.588300261955982506e-02 9.669733271267628716e-01
1.238539644460592004e-01 9.624614057190646887e-01
1.672727027017059387e-01 9.559509143192855829e-01
2.132630725655643156e-01 9.462404009363148960e-01
2.618421950472145654e-01 9.340303472088974379e-01
2.979468543079911713e-01 9.242289925515937421e-01
3.188868447212754309e-01 9.170618347509692514e-01
3.353509168653575068e-01 9.112463415694501689e-01
3.476003856953035487e-01 9.070806828680449962e-01
3.572250739696143929e-01 9.040379965517402194e-01
3.633977695619184933e-01 9.025408142678527090e-01
3.659750184287166586e-01 9.026504034945088684e-01
3.665008306573662167e-01 9.031593197931054862e-01
3.668060426798087081e-01 9.031943042344504624e-01
3.671231771341859074e-01 9.031382821173230546e-01
3.674511024666449188e-01 9.030383964821619980e-01
3.677897760543592520e-01 9.029154213525061312e-01
3.681394350617196998e-01 9.027789359175765194e-01
3.664065067514649665e-01 9.032819133064775574e-01
3.626435287250632800e-01 9.045367966759028100e-01
3.609790109881049758e-01 9.053218497685880939e-01
3.570465735917008332e-01 9.067265901682262097e-01
3.531123028771968042e-01 9.082557175617250733e-01
3.511030312829211963e-01 9.092629018591075196e-01
3.488470585517157718e-01 9.102253346262002554e-01
3.464555773951053519e-01 9.111972397624927833e-01
3.439247972259961705e-01 9.122026292695383232e-01
3.412460951696616451e-01 9.132550427596801690e-01
3.383240154094274699e-01 9.143748567621678980e-01
3.352791628789523193e-01 9.154877238600138689e-01
3.320608424368975409e-01 9.166459739845560506e-01
3.287465891548657093e-01 9.178059470638466610e-01
3.253685308823707212e-01 9.189568685642574009e-01
3.240101887074581799e-01 9.195877636285165746e-01
3.225217212128655975e-01 9.201468397199795701e-01
3.209871679406691714e-01 9.206923163925395670e-01
3.194039007144222619e-01 9.212411809401620522e-01
3.177692800237527648e-01 9.218013484633896804e-01
3.160810134399247295e-01 9.223768150509691344e-01
3.143370207786430615e-01 9.229698003558592934e-01
3.125352999483410055e-01 9.235817091943129276e-01
3.106738563642217898e-01 9.242135700804703369e-01
3.107205124629515702e-01 9.239697674413289707e-01
3.087496448345738997e-01 9.248020259019030798e-01
3.087273754423485173e-01 9.246261753679387851e-01
3.086581291791243298e-01 9.246007468549021224e-01
3.105522127578333458e-01 9.237163878719001353e-01
3.104739932395716995e-01 9.238773845966785636e-01
3.104326635318735428e-01 9.239204124769990756e-01
3.103959352215708289e-01 9.239450722960267370e-01
3.103602127474150985e-01 9.239626436290656608e-01
3.103241597084013814e-01 9.239773377213487127e-01
3.102872937957283361e-01 9.239909311510006162e-01
3.102493929251884386e-01 9.240042310972684803e-01
3.082428061557029308e-01 9.249144261976792736e-01
3.040845634567027611e-01 9.261698191258030954e-01
2.999255987181156380e-01 9.275322764909059714e-01
2.956301667560664592e-01 9.289591556629485103e-01
2.912962330669587319e-01 9.303791986805688419e-01
2.872310186021306277e-01 9.316119766474789676e-01
2.833620524464459667e-01 9.327387595589328173e-01
2.775697626167846210e-01 9.342232311832532332e-01
2.743980980940294856e-01 9.352448553008043675e-01
2.711277582031503819e-01 9.361916791128966908e-01
2.658800239990313785e-01 9.374905911016959692e-01
2.634063993945591209e-01 9.383094430562641808e-01
2.608050945863881198e-01 9.390499142905096575e-01
2.518864827016217833e-01 9.409318667814005055e-01
2.486336745980227136e-01 9.420752071581421916e-01
2.471623082078988620e-01 9.427284863477622956e-01
2.454692460556381073e-01 9.432517941560735197e-01
2.438783017833462408e-01 9.437095299391958791e-01
2.423801674814627660e-01 9.441289911541441704e-01
2.409673994549854648e-01 9.445204882816479186e-01
2.417972665922575315e-01 9.445319133937127853e-01
2.422596697389494125e-01 9.444550335329404689e-01
2.427054636201499138e-01 9.443490520961449475e-01
2.451974582115127865e-01 9.435078000020296063e-01
2.472967363455282619e-01 9.428945920385791712e-01
2.492615178809231558e-01 9.423342249536218462e-01
2.531711699749391031e-01 9.410691253316985083e-01
2.565904706629275611e-01 9.400695491097531553e-01
2.618452250986363361e-01 9.383933909812811613e-01
2.665102221769038993e-01 9.370211670913689561e-01
2.708682199185582506e-01 9.357566558206107388e-01
2.769966213806032140e-01 9.337919768797700026e-01
2.825263358128384250e-01 9.321387583714569880e-01
2.878306650080691975e-01 9.305512405118918640e-01
2.929423533876728825e-01 9.290119042985440778e-01
3.000684343818348920e-01 9.265670724891582610e-01
3.053485435047055274e-01 9.248004387092315648e-01
3.068918921398342547e-01 9.246267414437036036e-01
3.105842590322123731e-01 9.232675042065491278e-01
3.123790122737019614e-01 9.228256057931906176e-01
3.142773547258074229e-01 9.222170218773944050e-01
3.162402923795278875e-01 9.215521747759268800e-01
3.202027707914207877e-01 9.199283255611966359e-01
3.223031434099269399e-01 9.193659070465741712e-01
3.244949702788619272e-01 9.186324889812900185e-01
3.267570692119791120e-01 9.178517894095900020e-01
3.271922261412620880e-01 9.180032171672377617e-01
3.276646308386141904e-01 9.179149706693943145e-01
3.281612814250528531e-01 9.177768187663803978e-01
3.286770168497390454e-01 9.176140251675239945e-01
3.292104261287406852e-01 9.174367730952301958e-01
3.297612822900153895e-01 9.172495252366303919e-01
3.303297743574740153e-01 9.170542716264323824e-01
3.309162876836254652e-01 9.168518620817109888e-01
3.296381687032357566e-01 9.176227665513724263e-01
3.262068729910319043e-01 9.187004224080964621e-01
3.206277980231762026e-01 9.203957260536282936e-01
3.192037849540325101e-01 9.211612837203684290e-01
3.175490234337505213e-01 9.218022844332498522e-01
3.177854408523730356e-01 9.214921528573742915e-01
3.160558546693822968e-01 9.222929748653351245e-01
3.079106371035804091e-01 9.245051516771970457e-01
2.998132050398356618e-01 9.270281774690612986e-01
2.936072493034149189e-01 9.292203467820502327e-01
2.893447091290379247e-01 9.308708468128917835e-01
2.853372634599129487e-01 9.321309789994940420e-01
2.794407952048884036e-01 9.336818171594198912e-01
2.718927367146741214e-01 9.356133996356073013e-01
2.562974011167749588e-01 9.392071715980001567e-01
2.513111791133595396e-01 9.410332668265434242e-01
2.456547765971812958e-01 9.426343740165447072e-01
2.424844502936152890e-01 9.437255326317691706e-01
2.435199619226699752e-01 9.439504723490832472e-01
2.438677637986332303e-01 9.439695183751262153e-01
2.398921408195966720e-01 9.446373038603744776e-01
2.389385477437574734e-01 9.450475437948402391e-01
2.398786232773064131e-01 9.450529856423995900e-01
2.425137252349646444e-01 9.442313852978687638e-01
2.468310675966124412e-01 9.428668471972859733e-01
2.527045302092415513e-01 9.410232209512132684e-01
2.558948637374145463e-01 9.402315930616959028e-01
2.591211518219466159e-01 9.393273947966523929e-01
2.662685561621743191e-01 9.369426280576178545e-01
2.744913062703959739e-01 9.343193987873773532e-01
2.818868525683120851e-01 9.321004250616479192e-01
2.869639372572936331e-01 9.307586695180311009e-01
2.920735828205665574e-01 9.292577620389543824e-01
2.931086746556618161e-01 9.293427522425451448e-01
2.924828554205249898e-01 9.298534838941432401e-01
2.920983147681390779e-01 9.300647758393432163e-01
2.917764065303575238e-01 9.301887142591592772e-01
2.914687974599844966e-01 9.302899052295705573e-01
2.911718870103081058e-01 9.303812869425210907e-01
2.908842530946729177e-01 9.304674556006726771e-01
2.926346670810244799e-01 9.297213232358344515e-01
2.940768423752160299e-01 9.292474719183690945e-01
2.955110406351084684e-01 9.287868329946491475e-01
2.969506786591022962e-01 9.283196031699036954e-01
2.984088590463607749e-01 9.278370499964925244e-01
2.979161613317195534e-01 9.281637683819273787e-01
2.974778497243342756e-01 9.283727290706010882e-01
2.990574272324442728e-01 9.277046618822695212e-01
2.986048932363352670e-01 9.279666191682977017e-01
2.981955684588890043e-01 9.281432708672072707e-01
2.957653779606734257e-01 9.291503335607891323e-01
2.934622795173786880e-01 9.299570842436414297e-01
2.933447962739045844e-01 9.297937505446015605e-01
2.929963995307280911e-01 9.298617958084445245e-01
2.906237100175198540e-01 9.307851768721892016e-01
2.885796754267298536e-01 9.314246225399042123e-01
2.844850036517202474e-01 9.324627142033993232e-01
2.829483627711115168e-01 9.330275195264301491e-01
2.832847218616280638e-01 9.327233553415125167e-01
2.812907809918116508e-01 9.334894188349885935e-01
2.796513827635599969e-01 9.339895679954552943e-01
2.780854740208651421e-01 9.344479512840841995e-01
2.786239916428945862e-01 9.340786786598427316e-01
2.788645018574183454e-01 9.339707284254326058e-01
2.790832531004538430e-01 9.338952544855757543e-01
2.772499929752874626e-01 9.346360603015002599e-01
2.778071861399519227e-01 9.342990046637791313e-01
2.801152548858664160e-01 9.333938471830278694e-01
2.820458971742934584e-01 9.327838366312410923e-01
2.818390245779153203e-01 9.330437247558848179e-01
2.839460689843584795e-01 9.322479598101194309e-01
2.877315325514877564e-01 9.308945665822622173e-01
2.910674501339728382e-01 9.298616457597741469e-01
2.963407504642527335e-01 9.280455726001329841e-01
2.975376072258218985e-01 9.279364027516142643e-01
2.989874031112177422e-01 9.275487549457339664e-01
3.005085587946624281e-01 9.270674794621053261e-01
3.040861162270373508e-01 9.256786276228144983e-01
3.076894529806427636e-01 9.243446562208633699e-01
3.133463990246884157e-01 9.221137543960659100e-01
3.229595547544852341e-01 9.181303281664505711e-01
3.345171195048481372e-01 9.133680372114166834e-01
3.501512655457890144e-01 9.064496551272422931e-01
3.721833427448458798e-01 8.953018119519806639e-01
3.968185196211353460e-01 8.813020067049602835e-01
3.954048544010910216e-01 8.102951082056393250e-01
4.184653669900044726e-01 7.928713967501546112e-01
4.369318914601076909e-01 7.668958197626922768e-01
4.510119108555183942e-01 7.314350352342213757e-01
3.713752838925450384e-01 5.612494322446646144e-01
3.733356716798007513e-01 5.288975636295358829e-01
3.668509761822501547e-01 4.929880384101265056e-01
3.543545232730167527e-01 4.521939809204950089e-01
2.219583492846043393e-01 2.672738060147387129e-01
2.081646314654808649e-01 2.404783712436131538e-01
1.910123842058658594e-01 2.127785981450250330e-01
1.713109353577844940e-01 1.834035704483545637e-01
6.930572156416103802e-02 6.985096084873194944e-02
5.922563266941564819e-02 5.821531458859738328e-02
4.872419711404549214e-02 4.646813600896608498e-02
6.614252712264729987e-03 5.675769852104387697e-03
4.611979114592691664e-03 3.869909974052046422e-03
3.109476669332954853e-03 2.609160726391639672e-03
1.616414279198469727e-03 1.356332625505124933e-03
0.000000000000000000e+00 0.000000000000000000e+00
0.000000000000000000e+00 0.000000000000000000e+00
0.000000000000000000e+00 0.000000000000000000e+00
0.000000000000000000e+00 0.000000000000000000e+00
0.000000000000000000e+00 0.000000000000000000e+00
0.000000000000000000e+00 0.000000000000000000e+00
0.000000000000000000e+00 0.000000000000000000e+00
0.000000000000000000e+00 0.000000000000000000e+00
0.000000000000000000e+00 0.000000000000000000e+00
0.000000000000000000e+00 0.000000000000000000e+00
0.000000000000000000e+00 0.000000000000000000e+00
0.000000000000000000e+00 0.000000000000000000e+00
0.000000000000000000e+00 0.000000000000000000e+00
0.000000000000000000e+00 0.000000000000000000e+00
0.000000000000000000e+00 0.000000000000000000e+00
0.000000000000000000e+00 0.000000000000000000e+00
0.000000000000000000e+00 0.000000000000000000e+00
0.000000000000000000e+00 0.000000000000000000e+00
0.000000000000000000e+00 0.000000000000000000e+00
0.000000000000000000e+00 0.000000000000000000e+00
0.000000000000000000e+00 0.000000000000000000e+00
0.000000000000000000e+00 0.000000000000000000e+00
0.000000000000000000e+00 0.000000000000000000e+00
0.000000000000000000e+00 0.000000000000000000e+00
0.000000000000000000e+00 0.000000000000000000e+00
0.000000000000000000e+00 0.000000000000000000e+00
0.000000000000000000e+00 0.000000000000000000e+00
0.000000000000000000e+00 0.000000000000000000e+00
0.000000000000000000e+00 0.000000000000000000e+00
0.000000000000000000e+00 0.000000000000000000e+00
0.000000000000000000e+00 0.000000000000000000e+00
0.000000000000000000e+00 0.000000000000000000e+00
0.000000000000000000e+00 0.000000000000000000e+00
0.000000000000000000e+00 0.000000000000000000e+00
0.000000000000000000e+00 0.000000000000000000e+00
0.000000000000000000e+00 0.000000000000000000e+00
0.000000000000000000e+00 0.000000000000000000e+00
0.000000000000000000e+00 0.000000000000000000e+00
0.000000000000000000e+00 0.000000000000000000e+00
0.000000000000000000e+00 0.000000000000000000e+00
0.000000000000000000e+00 0.000000000000000000e+00
0.000000000000000000e+00 0.000000000000000000e+00
0.000000000000000000e+00 0.000000000000000000e+00
0.000000000000000000e+00 0.000000000000000000e+00
0.000000000000000000e+00 0.000000000000000000e+00
0.000000000000000000e+00 0.000000000000000000e+00
0.000000000000000000e+00 0.000000000000000000e+00
0.000000000000000000e+00 0.000000000000000000e+00
0.000000000000000000e+00 0.000000000000000000e+00
0.000000000000000000e+00 0.000000000000000000e+00
0.000000000000000000e+00 0.000000000000000000e+00
0.000000000000000000e+00 0.000000000000000000e+00
0.000000000000000000e+00 0.000000000000000000e+00
0.000000000000000000e+00 0.000000000000000000e+00
0.000000000000000000e+00 0.000000000000000000e+00
0.000000000000000000e+00 0.000000000000000000e+00
0.000000000000000000e+00 0.000000000000000000e+00
0.000000000000000000e+00 0.000000000000000000e+00
0.000000000000000000e+00 0.000000000000000000e+00
0.000000000000000000e+00 0.000000000000000000e+00
0.000000000000000000e+00 0.000000000000000000e+00
0.000000000000000000e+00 0.000000000000000000e+00
0.000000000000000000e+00 0.000000000000000000e+00
0.000000000000000000e+00 0.000000000000000000e+00
0.000000000000000000e+00 0.000000000000000000e+00
0.000000000000000000e+00 0.000000000000000000e+00
0.000000000000000000e+00 0.000000000000000000e+00
0.000000000000000000e+00 0.000000000000000000e+00
0.000000000000000000e+00 0.000000000000000000e+00
0.000000000000000000e+00 0.000000000000000000e+00
0.000000000000000000e+00 0.000000000000000000e+00
0.000000000000000000e+00 0.000000000000000000e+00
0.000000000000000000e+00 0.000000000000000000e+00
0.000000000000000000e+00 0.000000000000000000e+00
0.000000000000000000e+00 0.000000000000000000e+00
0.000000000000000000e+00 0.000000000000000000e+00
0.000000000000000000e+00 0.000000000000000000e+00
0.000000000000000000e+00 0.000000000000000000e+00
0.000000000000000000e+00 0.000000000000000000e+00
0.000000000000000000e+00 0.000000000000000000e+00
0.000000000000000000e+00 0.000000000000000000e+00
0.000000000000000000e+00 0.000000000000000000e+00
0.000000000000000000e+00 0.000000000000000000e+00
0.000000000000000000e+00 0.000000000000000000e+00
0.000000000000000000e+00 0.000000000000000000e+00
0.000000000000000000e+00 0.000000000000000000e+00
0.000000000000000000e+00 0.000000000000000000e+00
0.000000000000000000e+00 0.000000000000000000e+00
0.000000000000000000e+00 0.000000000000000000e+00
0.000000000000000000e+00 0.000000000000000000e+00
0.000000000000000000e+00 0.000000000000000000e+00
0.000000000000000000e+00 0.000000000000000000e+00
0.000000000000000000e+00 0.000000000000000000e+00
0.000000000000000000e+00 0.000000000000000000e+00
0.000000000000000000e+00 0.000000000000000000e+00
0.000000000000000000e+00 0.000000000000000000e+00
0.000000000000000000e+00 0.000000000000000000e+00
0.000000000000000000e+00 0.000000000000000000e+00
0.000000000000000000e+00 0.000000000000000000e+00
0.000000000000000000e+00 0.000000000000000000e+00
0.000000000000000000e+00 0.000000000000000000e+00
0.000000000000000000e+00 0.000000000000000000e+00
0.000000000000000000e+00 0.000000000000000000e+00
0.000000000000000000e+00 0.000000000000000000e+00
0.000000000000000000e+00 0.000000000000000000e+00
0.000000000000000000e+00 0.000000000000000000e+00
0.000000000000000000e+00 0.000000000000000000e+00
0.000000000000000000e+00 0.000000000000000000e+00
0.000000000000000000e+00 0.000000000000000000e+00
0.000000000000000000e+00 0.000000000000000000e+00
0.000000000000000000e+00 0.000000000000000000e+00
0.000000000000000000e+00 0.000000000000000000e+00
0.000000000000000000e+00 0.000000000000000000e+00
0.000000000000000000e+00 0.000000000000000000e+00
0.000000000000000000e+00 0.000000000000000000e+00
0.000000000000000000e+00 0.000000000000000000e+00
0.000000000000000000e+00 0.000000000000000000e+00
0.000000000000000000e+00 0.000000000000000000e+00
0.000000000000000000e+00 0.000000000000000000e+00
0.000000000000000000e+00 0.000000000000000000e+00
0.000000000000000000e+00 0.000000000000000000e+00
0.000000000000000000e+00 0.000000000000000000e+00
0.000000000000000000e+00 0.000000000000000000e+00
0.000000000000000000e+00 0.000000000000000000e+00
0.000000000000000000e+00 0.000000000000000000e+00
0.000000000000000000e+00 0.000000000000000000e+00
0.000000000000000000e+00 0.000000000000000000e+00
0.000000000000000000e+00 0.000000000000000000e+00
0.000000000000000000e+00 0.000000000000000000e+00
0.000000000000000000e+00 0.000000000000000000e+00
0.000000000000000000e+00 0.000000000000000000e+00
0.000000000000000000e+00 0.000000000000000000e+00
0.000000000000000000e+00 0.000000000000000000e+00
0.000000000000000000e+00 0.000000000000000000e+00
0.000000000000000000e+00 0.000000000000000000e+00
0.000000000000000000e+00 0.000000000000000000e+00
0.000000000000000000e+00 0.000000000000000000e+00
0.000000000000000000e+00 0.000000000000000000e+00
0.000000000000000000e+00 0.000000000000000000e+00
0.000000000000000000e+00 0.000000000000000000e+00
0.000000000000000000e+00 0.000000000000000000e+00
0.000000000000000000e+00 0.000000000000000000e+00
0.000000000000000000e+00 0.000000000000000000e+00
0.000000000000000000e+00 0.000000000000000000e+00
0.000000000000000000e+00 0.000000000000000000e+00
0.000000000000000000e+00 0.000000000000000000e+00
0.000000000000000000e+00 0.000000000000000000e+00
0.000000000000000000e+00 0.000000000000000000e+00
0.000000000000000000e+00 0.000000000000000000e+00
0.000000000000000000e+00 0.000000000000000000e+00
0.000000000000000000e+00 0.000000000000000000e+00
0.000000000000000000e+00 0.000000000000000000e+00
0.000000000000000000e+00 0.000000000000000000e+00
0.000000000000000000e+00 0.000000000000000000e+00
0.000000000000000000e+00 0.000000000000000000e+00
0.000000000000000000e+00 0.000000000000000000e+00
0.000000000000000000e+00 0.000000000000000000e+00
0.000000000000000000e+00 0.000000000000000000e+00
0.000000000000000000e+00 0.000000000000000000e+00
0.000000000000000000e+00 0.000000000000000000e+00
0.000000000000000000e+00 0.000000000000000000e+00
0.000000000000000000e+00 0.000000000000000000e+00
0.000000000000000000e+00 0.000000000000000000e+00
0.000000000000000000e+00 0.000000000000000000e+00
0.000000000000000000e+00 0.000000000000000000e+00
0.000000000000000000e+00 0.000000000000000000e+00
0.000000000000000000e+00 0.000000000000000000e+00
0.000000000000000000e+00 0.000000000000000000e+00
0.000000000000000000e+00 0.000000000000000000e+00
0.000000000000000000e+00 0.000000000000000000e+00
0.000000000000000000e+00 0.000000000000000000e+00
0.000000000000000000e+00 0.000000000000000000e+00
0.000000000000000000e+00 0.000000000000000000e+00
0.000000000000000000e+00 0.000000000000000000e+00
0.000000000000000000e+00 0.000000000000000000e+00
0.000000000000000000e+00 0.000000000000000000e+00
0.000000000000000000e+00 0.000000000000000000e+00
0.000000000000000000e+00 0.000000000000000000e+00
0.000000000000000000e+00 0.000000000000000000e+00
0.000000000000000000e+00 0.000000000000000000e+00
0.000000000000000000e+00 0.000000000000000000e+00
0.000000000000000000e+00 0.000000000000000000e+00
0.000000000000000000e+00 0.000000000000000000e+00
0.000000000000000000e+00 0.000000000000000000e+00
0.000000000000000000e+00 0.000000000000000000e+00
0.000000000000000000e+00 0.000000000000000000e+00
0.000000000000000000e+00 0.000000000000000000e+00
0.000000000000000000e+00 0.000000000000000000e+00
0.000000000000000000e+00 0.000000000000000000e+00
0.000000000000000000e+00 0.000000000000000000e+00
0.000000000000000000e+00 0.000000000000000000e+00
0.000000000000000000e+00 0.000000000000000000e+00
0.000000000000000000e+00 0.000000000000000000e+00
0.000000000000000000e+00 0.000000000000000000e+00
0.000000000000000000e+00 0.000000000000000000e+00
0.000000000000000000e+00 0.000000000000000000e+00
0.000000000000000000e+00 0.000000000000000000e+00
0.000000000000000000e+00 0.000000000000000000e+00
0.000000000000000000e+00 0.000000000000000000e+00
0.000000000000000000e+00 0.000000000000000000e+00
0.000000000000000000e+00 0.000000000000000000e+00
0.000000000000000000e+00 0.000000000000000000e+00
0.000000000000000000e+00 0.000000000000000000e+00
0.000000000000000000e+00 0.000000000000000000e+00
0.000000000000000000e+00 0.000000000000000000e+00
0.000000000000000000e+00 0.000000000000000000e+00
0.000000000000000000e+00 0.000000000000000000e+00
0.000000000000000000e+00 0.000000000000000000e+00
0.000000000000000000e+00 0.000000000000000000e+00
0.000000000000000000e+00 0.000000000000000000e+00
0.000000000000000000e+00 0.000000000000000000e+00
0.000000000000000000e+00 0.000000000000000000e+00
0.000000000000000000e+00 0.000000000000000000e+00
0.000000000000000000e+00 0.000000000000000000e+00
0.000000000000000000e+00 0.000000000000000000e+00
0.000000000000000000e+00 0.000000000000000000e+00
0.000000000000000000e+00 0.000000000000000000e+00
0.000000000000000000e+00 0.000000000000000000e+00
0.000000000000000000e+00 0.000000000000000000e+00
0.000000000000000000e+00 0.000000000000000000e+00
0.000000000000000000e+00 0.000000000000000000e+00
0.000000000000000000e+00 0.000000000000000000e+00
0.000000000000000000e+00 0.000000000000000000e+00
0.000000000000000000e+00 0.000000000000000000e+00
0.000000000000000000e+00 0.000000000000000000e+00
0.000000000000000000e+00 0.000000000000000000e+00
0.000000000000000000e+00 0.000000000000000000e+00
0.000000000000000000e+00 0.000000000000000000e+00
0.000000000000000000e+00 0.000000000000000000e+00
0.000000000000000000e+00 0.000000000000000000e+00
0.000000000000000000e+00 0.000000000000000000e+00
0.000000000000000000e+00 0.000000000000000000e+00
0.000000000000000000e+00 0.000000000000000000e+00
0.000000000000000000e+00 0.000000000000000000e+00
0.000000000000000000e+00 0.000000000000000000e+00
0.000000000000000000e+00 0.000000000000000000e+00
0.000000000000000000e+00 0.000000000000000000e+00
0.000000000000000000e+00 0.000000000000000000e+00
0.000000000000000000e+00 0.000000000000000000e+00
0.000000000000000000e+00 0.000000000000000000e+00
0.000000000000000000e+00 0.000000000000000000e+00
0.000000000000000000e+00 0.000000000000000000e+00
0.000000000000000000e+00 0.000000000000000000e+00
0.000000000000000000e+00 0.000000000000000000e+00
0.000000000000000000e+00 0.000000000000000000e+00
0.000000000000000000e+00 0.000000000000000000e+00
0.000000000000000000e+00 0.000000000000000000e+00
0.000000000000000000e+00 0.000000000000000000e+00
0.000000000000000000e+00 0.000000000000000000e+00
0.000000000000000000e+00 0.000000000000000000e+00
0.000000000000000000e+00 0.000000000000000000e+00
0.000000000000000000e+00 0.000000000000000000e+00
0.000000000000000000e+00 0.000000000000000000e+00
0.000000000000000000e+00 0.000000000000000000e+00
0.000000000000000000e+00 0.000000000000000000e+00
0.000000000000000000e+00 0.000000000000000000e+00
0.000000000000000000e+00 0.000000000000000000e+00
0.000000000000000000e+00 0.000000000000000000e+00
0.000000000000000000e+00 0.000000000000000000e+00
0.000000000000000000e+00 0.000000000000000000e+00
0.000000000000000000e+00 0.000000000000000000e+00
0.000000000000000000e+00 0.000000000000000000e+00
0.000000000000000000e+00 0.000000000000000000e+00
0.000000000000000000e+00 0.000000000000000000e+00
0.000000000000000000e+00 0.000000000000000000e+00
0.000000000000000000e+00 0.000000000000000000e+00
0.000000000000000000e+00 0.000000000000000000e+00
0.000000000000000000e+00 0.000000000000000000e+00
0.000000000000000000e+00 0.000000000000000000e+00
0.000000000000000000e+00 0.000000000000000000e+00
0.000000000000000000e+00 0.000000000000000000e+00
0.000000000000000000e+00 0.000000000000000000e+00
0.000000000000000000e+00 0.000000000000000000e+00
0.000000000000000000e+00 0.000000000000000000e+00
0.000000000000000000e+00 0.000000000000000000e+00
0.000000000000000000e+00 0.000000000000000000e+00
0.000000000000000000e+00 0.000000000000000000e+00
0.000000000000000000e+00 0.000000000000000000e+00
0.000000000000000000e+00 0.000000000000000000e+00
0.000000000000000000e+00 0.000000000000000000e+00
0.000000000000000000e+00 0.000000000000000000e+00
0.000000000000000000e+00 0.000000000000000000e+00
0.000000000000000000e+00 0.000000000000000000e+00
0.000000000000000000e+00 0.000000000000000000e+00
0.000000000000000000e+00 0.000000000000000000e+00
0.000000000000000000e+00 0.000000000000000000e+00
0.000000000000000000e+00 0.000000000000000000e+00
0.000000000000000000e+00 0.000000000000000000e+00
0.000000000000000000e+00 0.000000000000000000e+00
0.000000000000000000e+00 0.000000000000000000e+00
0.000000000000000000e+00 0.000000000000000000e+00
0.000000000000000000e+00 0.000000000000000000e+00
0.000000000000000000e+00 0.000000000000000000e+00
0.000000000000000000e+00 0.000000000000000000e+00
0.000000000000000000e+00 0.000000000000000000e+00
0.000000000000000000e+00 0.000000000000000000e+00
0.000000000000000000e+00 0.000000000000000000e+00
0.000000000000000000e+00 0.000000000000000000e+00
0.000000000000000000e+00 0.000000000000000000e+00
0.000000000000000000e+00 0.000000000000000000e+00
0.000000000000000000e+00 0.000000000000000000e+00
0.000000000000000000e+00 0.000000000000000000e+00
0.000000000000000000e+00 0.000000000000000000e+00
0.000000000000000000e+00 0.000000000000000000e+00
0.000000000000000000e+00 0.000000000000000000e+00
0.000000000000000000e+00 0.000000000000000000e+00
0.000000000000000000e+00 0.000000000000000000e+00
0.000000000000000000e+00 0.000000000000000000e+00
0.000000000000000000e+00 0.000000000000000000e+00
0.000000000000000000e+00 0.000000000000000000e+00
0.000000000000000000e+00 0.000000000000000000e+00
0.000000000000000000e+00 0.000000000000000000e+00
0.000000000000000000e+00 0.000000000000000000e+00
0.000000000000000000e+00 0.000000000000000000e+00
0.000000000000000000e+00 0.000000000000000000e+00
0.000000000000000000e+00 0.000000000000000000e+00
0.000000000000000000e+00 0.000000000000000000e+00
0.000000000000000000e+00 0.000000000000000000e+00
0.000000000000000000e+00 0.000000000000000000e+00
0.000000000000000000e+00 0.000000000000000000e+00
0.000000000000000000e+00 0.000000000000000000e+00
0.000000000000000000e+00 0.000000000000000000e+00
0.000000000000000000e+00 0.000000000000000000e+00
0.000000000000000000e+00 0.000000000000000000e+00
0.000000000000000000e+00 0.000000000000000000e+00
0.000000000000000000e+00 0.000000000000000000e+00
0.000000000000000000e+00 0.000000000000000000e+00
0.000000000000000000e+00 0.000000000000000000e+00
0.000000000000000000e+00 0.000000000000000000e+00
0.000000000000000000e+00 0.000000000000000000e+00
0.000000000000000000e+00 0.000000000000000000e+00
0.000000000000000000e+00 0.000000000000000000e+00
0.000000000000000000e+00 0.000000000000000000e+00
0.000000000000000000e+00 0.000000000000000000e+00
0.000000000000000000e+00 0.000000000000000000e+00
0.000000000000000000e+00 0.000000000000000000e+00
0.000000000000000000e+00 0.000000000000000000e+00
0.000000000000000000e+00 0.000000000000000000e+00
0.000000000000000000e+00 0.000000000000000000e+00
0.000000000000000000e+00 0.000000000000000000e+00
0.000000000000000000e+00 0.000000000000000000e+00
0.000000000000000000e+00 0.000000000000000000e+00
0.000000000000000000e+00 0.000000000000000000e+00
0.000000000000000000e+00 0.000000000000000000e+00
0.000000000000000000e+00 0.000000000000000000e+00
0.000000000000000000e+00 0.000000000000000000e+00
0.000000000000000000e+00 0.000000000000000000e+00
0.000000000000000000e+00 0.000000000000000000e+00
0.000000000000000000e+00 0.000000000000000000e+00
0.000000000000000000e+00 0.000000000000000000e+00
0.000000000000000000e+00 0.000000000000000000e+00
0.000000000000000000e+00 0.000000000000000000e+00
0.000000000000000000e+00 0.000000000000000000e+00
0.000000000000000000e+00 0.000000000000000000e+00
0.000000000000000000e+00 0.000000000000000000e+00
0.000000000000000000e+00 0.000000000000000000e+00
0.000000000000000000e+00 0.000000000000000000e+00
0.000000000000000000e+00 0.000000000000000000e+00
0.000000000000000000e+00 0.000000000000000000e+00
0.000000000000000000e+00 0.000000000000000000e+00
0.000000000000000000e+00 0.000000000000000000e+00
0.000000000000000000e+00 0.000000000000000000e+00
0.000000000000000000e+00 0.000000000000000000e+00
0.000000000000000000e+00 0.000000000000000000e+00
0.000000000000000000e+00 0.000000000000000000e+00
0.000000000000000000e+00 0.000000000000000000e+00
0.000000000000000000e+00 0.000000000000000000e+00
0.000000000000000000e+00 0.000000000000000000e+00
0.000000000000000000e+00 0.000000000000000000e+00
0.000000000000000000e+00 0.000000000000000000e+00
0.000000000000000000e+00 0.000000000000000000e+00
0.000000000000000000e+00 0.000000000000000000e+00
0.000000000000000000e+00 0.000000000000000000e+00
0.000000000000000000e+00 0.000000000000000000e+00
0.000000000000000000e+00 0.000000000000000000e+00
0.000000000000000000e+00 0.000000000000000000e+00
0.000000000000000000e+00 0.000000000000000000e+00
0.000000000000000000e+00 0.000000000000000000e+00
0.000000000000000000e+00 0.000000000000000000e+00
0.000000000000000000e+00 0.000000000000000000e+00
0.000000000000000000e+00 0.000000000000000000e+00
0.000000000000000000e+00 0.000000000000000000e+00
0.000000000000000000e+00 0.000000000000000000e+00
0.000000000000000000e+00 0.000000000000000000e+00
0.000000000000000000e+00 0.000000000000000000e+00
0.000000000000000000e+00 0.000000000000000000e+00
0.000000000000000000e+00 0.000000000000000000e+00
0.000000000000000000e+00 0.000000000000000000e+00
0.000000000000000000e+00 0.000000000000000000e+00
0.000000000000000000e+00 0.000000000000000000e+00
0.000000000000000000e+00 0.000000000000000000e+00
0.000000000000000000e+00 0.000000000000000000e+00
0.000000000000000000e+00 0.000000000000000000e+00
0.000000000000000000e+00 0.000000000000000000e+00
0.000000000000000000e+00 0.000000000000000000e+00
0.000000000000000000e+00 0.000000000000000000e+00
0.000000000000000000e+00 0.000000000000000000e+00
0.000000000000000000e+00 0.000000000000000000e+00
0.000000000000000000e+00 0.000000000000000000e+00
0.000000000000000000e+00 0.000000000000000000e+00
0.000000000000000000e+00 0.000000000000000000e+00
0.000000000000000000e+00 0.000000000000000000e+00
0.000000000000000000e+00 0.000000000000000000e+00
0.000000000000000000e+00 0.000000000000000000e+00
0.000000000000000000e+00 0.000000000000000000e+00
0.000000000000000000e+00 0.000000000000000000e+00
0.000000000000000000e+00 0.000000000000000000e+00
0.000000000000000000e+00 0.000000000000000000e+00
0.000000000000000000e+00 0.000000000000000000e+00
0.000000000000000000e+00 0.000000000000000000e+00
0.000000000000000000e+00 0.000000000000000000e+00
0.000000000000000000e+00 0.000000000000000000e+00
0.000000000000000000e+00 0.000000000000000000e+00
0.000000000000000000e+00 0.000000000000000000e+00
0.000000000000000000e+00 0.000000000000000000e+00
0.000000000000000000e+00 0.000000000000000000e+00
0.000000000000000000e+00 0.000000000000000000e+00
0.000000000000000000e+00 0.000000000000000000e+00
0.000000000000000000e+00 0.000000000000000000e+00
0.000000000000000000e+00 0.000000000000000000e+00
0.000000000000000000e+00 0.000000000000000000e+00
0.000000000000000000e+00 0.000000000000000000e+00
0.000000000000000000e+00 0.000000000000000000e+00
0.000000000000000000e+00 0.000000000000000000e+00
0.000000000000000000e+00 0.000000000000000000e+00
0.000000000000000000e+00 0.000000000000000000e+00
0.000000000000000000e+00 0.000000000000000000e+00
0.000000000000000000e+00 0.000000000000000000e+00
0.000000000000000000e+00 0.000000000000000000e+00
0.000000000000000000e+00 0.000000000000000000e+00
0.000000000000000000e+00 0.000000000000000000e+00
0.000000000000000000e+00 0.000000000000000000e+00
0.000000000000000000e+00 0.000000000000000000e+00
0.000000000000000000e+00 0.000000000000000000e+00
0.000000000000000000e+00 0.000000000000000000e+00
0.000000000000000000e+00 0.000000000000000000e+00
0.000000000000000000e+00 0.000000000000000000e+00
0.000000000000000000e+00 0.000000000000000000e+00
0.000000000000000000e+00 0.000000000000000000e+00
0.000000000000000000e+00 0.000000000000000000e+00
0.000000000000000000e+00 0.000000000000000000e+00
0.000000000000000000e+00 0.000000000000000000e+00
0.000000000000000000e+00 0.000000000000000000e+00
0.000000000000000000e+00 0.000000000000000000e+00
0.000000000000000000e+00 0.000000000000000000e+00
0.000000000000000000e+00 0.000000000000000000e+00
0.000000000000000000e+00 0.000000000000000000e+00
0.000000000000000000e+00 0.000000000000000000e+00
0.000000000000000000e+00 0.000000000000000000e+00
0.000000000000000000e+00 0.000000000000000000e+00
0.000000000000000000e+00 0.000000000000000000e+00
0.000000000000000000e+00 0.000000000000000000e+00
0.000000000000000000e+00 0.000000000000000000e+00
0.000000000000000000e+00 0.000000000000000000e+00
0.000000000000000000e+00 0.000000000000000000e+00
0.000000000000000000e+00 0.000000000000000000e+00
0.000000000000000000e+00 0.000000000000000000e+00
0.000000000000000000e+00 0.000000000000000000e+00
0.000000000000000000e+00 0.000000000000000000e+00
1.756846581886097524e-03 1.474169318895689586e-03
2.798634292036262725e-03 2.408103673346420268e-03
4.275282255750958646e-03 3.716793686874882846e-03
5.494534543433331024e-03 4.766872974252287475e-03
6.496134846453327331e-03 5.613010287165491781e-03
7.362768377880584032e-03 6.345923136503495848e-03
4.267610163533101797e-02 3.946396693560735858e-02
4.472764876671420781e-02 4.139028340332954331e-02
4.618597950710390254e-02 4.272670536898873217e-02
4.659373836684523040e-02 4.292583282174883968e-02
4.728327415562218194e-02 4.360090924349266372e-02
4.749427293229784020e-02 4.372377799854632735e-02
4.723032860140217309e-02 4.335733779213723355e-02
4.702880331099854039e-02 4.314094418306302359e-02
4.637387598690606572e-02 4.250343807582900729e-02
4.567790932700316331e-02 4.180719383005593315e-02
4.461082719100262911e-02 4.078106162230039217e-02
4.363120894087479940e-02 3.983869943405805858e-02
4.267957622084321556e-02 3.891948635515776050e-02
4.171637013904627711e-02 3.798650934478724206e-02
4.072572219545128602e-02 3.702754530105709790e-02
7.234924449446305909e-03 6.070822437125881522e-03
6.925411465543634265e-03 5.811110206488570573e-03
6.623255436847835451e-03 5.557571194251933848e-03
6.341026696252581238e-03 5.320753162110827481e-03
5.996355302967935549e-03 5.031539523128321714e-03
5.657632624005812412e-03 4.747317448139823891e-03
5.415018317072348153e-03 4.543739872673623233e-03
5.213172013337001934e-03 4.374370713654796537e-03
5.022769471411591032e-03 4.214604010949967762e-03
4.839131148825555166e-03 4.060513162198011068e-03
4.657973071613885976e-03 3.908503486424914040e-03
4.478337213119177457e-03 3.757771103815790194e-03
4.297409549433564915e-03 3.605954767947425893e-03
4.168320135617856019e-03 3.497635888425772860e-03
4.076654698464009588e-03 3.420719453918276681e-03
3.983748773026037776e-03 3.342762126149090296e-03
3.939199736429540612e-03 3.305381045971666175e-03
3.887210239331867576e-03 3.261756678131916710e-03
3.789769842048997060e-03 3.179994476710092631e-03
3.687603257803401258e-03 3.094266533550970363e-03
3.583026706145799392e-03 3.006516387625285044e-03
3.522387016237854031e-03 2.955633646188823415e-03
3.464702279781556923e-03 2.907230405103785817e-03
3.358220952997621224e-03 2.817881963072118093e-03
3.289735077699342848e-03 2.760415490368479333e-03
3.271871794272539213e-03 2.745426415833433255e-03
3.299113274068051892e-03 2.768284731482571325e-03
3.294781015420653134e-03 2.764649534849374524e-03
3.271513901476836086e-03 2.745126108120557722e-03
3.350264878249071491e-03 2.811206023684991156e-03
3.392859564586825014e-03 2.846947209281112251e-03
3.339383073062945038e-03 2.802075104966769009e-03
3.273207341533489623e-03 2.746547073047516611e-03
3.255663624339830489e-03 2.731826146420838694e-03
3.241412007614736471e-03 2.719867620083132355e-03
3.227697500149235253e-03 2.708359781927052214e-03
3.392492991501021033e-03 2.859066609857236277e-03
3.401019527034542227e-03 2.853794230761411924e-03
3.395528317610442808e-03 2.849186558958933038e-03
3.388679095614562185e-03 2.843439379308338334e-03
3.563063218116183963e-03 3.002839523667279447e-03
3.760288986766938211e-03 3.169079470285203568e-03
3.776934381244180777e-03 3.169224246282780627e-03
3.736062049044450422e-03 3.134928287408631550e-03
3.597244433654483726e-03 3.018446477534000773e-03
3.681101340902688882e-03 3.102336054873119746e-03
3.878961151536428585e-03 3.269109459436593014e-03
4.091790322131250157e-03 3.448500857832299295e-03
4.116728049663539828e-03 3.454344988129839922e-03
4.192107914326327796e-03 3.517596204766578263e-03
4.309490225311562832e-03 3.616091658621026304e-03
4.366477961917340604e-03 3.663910047388562082e-03
4.317981736629816422e-03 3.623216882636310678e-03
4.227728545156200606e-03 3.547485462958226837e-03
4.085812672252655750e-03 3.428403906346660923e-03
3.958326501641486021e-03 3.321430307606624416e-03
3.871528454843617580e-03 3.248598098551624437e-03
3.836432969476285572e-03 3.219149489723908703e-03
3.696632007948400227e-03 3.101842554467631151e-03
3.424241969697545528e-03 2.873280173834973517e-03
3.182502005079088005e-03 2.670436258682816911e-03
3.103027834060702837e-03 2.603749511093170210e-03
3.022411234749848054e-03 2.536104152344665057e-03
2.741429634391859878e-03 2.300332595116675108e-03
2.576044589078511221e-03 2.161558064592006712e-03
2.604541341624718679e-03 2.185469679143279588e-03
2.752099889835552069e-03 2.319292193311888774e-03
2.934178260393629795e-03 2.472763730216793066e-03
2.952227432670308412e-03 2.477212949905104131e-03
2.829948632139845342e-03 2.374608853479192542e-03
2.645528264912659806e-03 2.219861791357282711e-03
2.650124090990930298e-03 2.223718147324514095e-03
2.690451068951626480e-03 2.257556499657828539e-03
2.676378855218320731e-03 2.245748510304363971e-03
2.692558594085292956e-03 2.259324923220185251e-03
2.733238067081832524e-03 2.293459054008067412e-03
2.718764192716224305e-03 2.281314031366179617e-03
2.700447869780059958e-03 2.265944811545920080e-03
2.847432453645180883e-03 2.399647290504782534e-03
2.898050420048440580e-03 2.431753038595808446e-03
2.985032740674536337e-03 2.504739871752109052e-03
3.209931470280364633e-03 2.705192968133464815e-03
3.273213957249317650e-03 2.746552624292227917e-03
3.372305670978165311e-03 2.829700444734828488e-03
3.475553902721543065e-03 2.916335997910403117e-03
3.581511822054660350e-03 3.005245248943134041e-03
3.642742182148599184e-03 3.056623621514809735e-03
3.655156807071361681e-03 3.067040728708704533e-03
3.665281550225774065e-03 3.075536396955336465e-03
3.724024559553774233e-03 3.124827634416704660e-03
3.835233083148633770e-03 3.218142665548921321e-03
3.952850843286045968e-03 3.316835684700121436e-03
4.072034438125134680e-03 3.416842595171983542e-03
4.188797546548527970e-03 3.514818476385165973e-03
4.244661454558093690e-03 3.561693860992113866e-03
4.252478180442055902e-03 3.568252872798360117e-03
4.259650863012875814e-03 3.574271468098087160e-03
4.212768117428680910e-03 3.534932173569810612e-03
4.018410400242502373e-03 3.371846684762430310e-03
3.596678040228169608e-03 3.017971217018879798e-03
3.017684751518498552e-03 2.532138162008474094e-03
2.321193358498273209e-03 1.947712491007053256e-03
1.482514925297451387e-03 1.243977727031904358e-03
5.003935547394568629e-04 4.198800472253663837e-04
0.000000000000000000e+00 0.000000000000000000e+00
0.000000000000000000e+00 0.000000000000000000e+00
0.000000000000000000e+00 0.000000000000000000e+00
0.000000000000000000e+00 0.000000000000000000e+00
0.000000000000000000e+00 0.000000000000000000e+00
0.000000000000000000e+00 0.000000000000000000e+00
0.000000000000000000e+00 0.000000000000000000e+00
0.000000000000000000e+00 0.000000000000000000e+00
0.000000000000000000e+00 0.000000000000000000e+00
0.000000000000000000e+00 0.000000000000000000e+00
0.000000000000000000e+00 0.000000000000000000e+00
0.000000000000000000e+00 0.000000000000000000e+00
0.000000000000000000e+00 0.000000000000000000e+00
0.000000000000000000e+00 0.000000000000000000e+00
0.000000000000000000e+00 0.000000000000000000e+00
0.000000000000000000e+00 0.000000000000000000e+00
0.000000000000000000e+00 0.000000000000000000e+00
0.000000000000000000e+00 0.000000000000000000e+00
0.000000000000000000e+00 0.000000000000000000e+00
0.000000000000000000e+00 0.000000000000000000e+00
0.000000000000000000e+00 0.000000000000000000e+00
0.000000000000000000e+00 0.000000000000000000e+00
0.000000000000000000e+00 0.000000000000000000e+00
0.000000000000000000e+00 0.000000000000000000e+00
0.000000000000000000e+00 0.000000000000000000e+00
0.000000000000000000e+00 0.000000000000000000e+00
0.000000000000000000e+00 0.000000000000000000e+00
0.000000000000000000e+00 0.000000000000000000e+00
0.000000000000000000e+00 0.000000000000000000e+00
0.000000000000000000e+00 0.000000000000000000e+00
0.000000000000000000e+00 0.000000000000000000e+00
0.000000000000000000e+00 0.000000000000000000e+00
0.000000000000000000e+00 0.000000000000000000e+00
0.000000000000000000e+00 0.000000000000000000e+00
0.000000000000000000e+00 0.000000000000000000e+00
0.000000000000000000e+00 0.000000000000000000e+00
0.000000000000000000e+00 0.000000000000000000e+00
0.000000000000000000e+00 0.000000000000000000e+00
0.000000000000000000e+00 0.000000000000000000e+00
0.000000000000000000e+00 0.000000000000000000e+00
0.000000000000000000e+00 0.000000000000000000e+00
0.000000000000000000e+00 0.000000000000000000e+00
0.000000000000000000e+00 0.000000000000000000e+00
0.000000000000000000e+00 0.000000000000000000e+00
0.000000000000000000e+00 0.000000000000000000e+00
0.000000000000000000e+00 0.000000000000000000e+00
0.000000000000000000e+00 0.000000000000000000e+00
0.000000000000000000e+00 0.000000000000000000e+00
0.000000000000000000e+00 0.000000000000000000e+00
0.000000000000000000e+00 0.000000000000000000e+00
0.000000000000000000e+00 0.000000000000000000e+00
0.000000000000000000e+00 0.000000000000000000e+00
0.000000000000000000e+00 0.000000000000000000e+00
0.000000000000000000e+00 0.000000000000000000e+00
9.721011918607228020e-02 4.952933538167749172e-01
1.078540482528350802e-01 5.621220858519893060e-01
1.177230072828618912e-01 6.246426740384352083e-01
1.251521760919679371e-01 6.833128886989313644e-01
1.267485105527722811e-01 7.387121373024472248e-01
1.295396773015145830e-01 7.907142325671372429e-01
1.260462928129290894e-01 8.396527683440417889e-01
1.205034430127769757e-01 8.840452262497567881e-01
1.215471143973273493e-01 9.222224659420954485e-01
1.215966374908934167e-01 9.520732463847447757e-01
1.123946973875356303e-01 9.676990283825757100e-01
1.014496422643709900e-01 9.685219225630025131e-01
9.083030170861070007e-02 9.693968021255681133e-01
8.051030135393918985e-02 9.702532282078997206e-01
7.037486720443267285e-02 9.710825258984498998e-01
6.219572296255568983e-02 9.718033203847883383e-01
5.607605619195674823e-02 9.724423530672345883e-01
5.181814358093477652e-02 9.729616110033274534e-01
6.569321905100290737e-02 9.726872830491142263e-01
8.043647206051625365e-02 9.718924620484461485e-01
9.452882027727048386e-02 9.708541351881248005e-01
1.084113399810085754e-01 9.693553596729320709e-01
1.199582151228714422e-01 9.681674675678519915e-01
1.314485354891394842e-01 9.666760527074013121e-01
1.408546726504686653e-01 9.653940882675706714e-01
1.486541809339184672e-01 9.642722549903441909e-01
1.532902329468156244e-01 9.637326336310239050e-01
1.552822186231115620e-01 9.636523891402550834e-01
1.571742647088563427e-01 9.634072588457116559e-01
1.566910176016034772e-01 9.633041572109048989e-01
1.507659011852980069e-01 9.632702856399192326e-01
1.447916097418877612e-01 9.643619539407441987e-01
1.327507272813706340e-01 9.652587722774335077e-01
1.168281932398571865e-01 9.667591938428945486e-01
9.917180529403243905e-02 9.682766560904083608e-01
8.026446054169081301e-02 9.695816642610702862e-01
6.184481382092384127e-02 9.707983609388501911e-01
4.071022427088548390e-02 9.716939308279894938e-01
1.796239089989168369e-02 9.721854707799998385e-01
-6.325154948209350814e-03 9.718379955249416557e-01
-3.300499059173023220e-02 9.710975848160504631e-01
-5.388480230004617094e-02 9.710127141203939161e-01
-7.010103942473999705e-02 9.705334196088273302e-01
-8.487310389793925602e-02 9.693415914107166298e-01
-9.698336177544263081e-02 9.683971713464095687e-01
-1.072142231053134637e-01 9.674835861387931502e-01
-1.132929350541251046e-01 9.672509821260123486e-01
-1.195664818364056969e-01 9.667039116401360266e-01
-1.216503564889082067e-01 9.669179150728222094e-01
-1.216398606337065758e-01 9.672955246331573775e-01
-1.193288532869329621e-01 9.675511446473541444e-01
-1.171588965971052387e-01 9.678337981574578475e-01
-1.172372674275241333e-01 9.679967895498193808e-01
-1.191982855932593455e-01 9.675809576003482348e-01
-1.231039339938330424e-01 9.668423743589973363e-01
-1.291894999930567611e-01 9.657027275288179169e-01
-1.356486144584497511e-01 9.645435016154206842e-01
-1.464953588375474125e-01 9.622321160173316068e-01
-1.615055163212117673e-01 9.587598404218682369e-01
-1.767199011974926459e-01 9.553873158188539438e-01
-1.922810808223461010e-01 9.519674186200547394e-01
-2.068073783441413405e-01 9.490602459286157089e-01
-2.190403657828637607e-01 9.466299210604691705e-01
-2.285549323752352757e-01 9.447810782093324367e-01
-2.354208958937640817e-01 9.435794770008442134e-01
-2.386676775957219110e-01 9.441908094313297140e-01
-2.412204556935912403e-01 9.436352626037096680e-01
-2.436582729596830088e-01 9.430412933829512845e-01
-2.460110144709743984e-01 9.424459616044253973e-01
-2.482919613367877143e-01 9.418611232602984717e-01
-2.505069460831671480e-01 9.412904852471721817e-01
-2.525869747652963460e-01 9.407425974346586006e-01
-2.559570202120328153e-01 9.389628221303065736e-01
-2.609276065729539407e-01 9.366176551802889438e-01
-2.673780388137599884e-01 9.336097496562918430e-01
-2.750476495704214930e-01 9.293279936284780662e-01
-2.838584391517245953e-01 9.233991090138526925e-01
-2.927197424248315638e-01 9.173393546104458007e-01
-3.026218308830792014e-01 9.090749411229863686e-01
-3.128796538468734956e-01 8.998454427292429392e-01
-3.238748798809887863e-01 8.880723163739945303e-01
-3.345853671922559003e-01 8.747833269722630201e-01
-3.446058364971053556e-01 8.607853492371826398e-01
-3.535551581044934499e-01 8.443545732769929257e-01
-3.607236860483031271e-01 8.286349564404604795e-01
-3.391911968310845626e-01 7.612721065929420883e-01
-3.426988454392529970e-01 7.492327338334507925e-01
-3.454955887682635840e-01 7.386669068745514988e-01
-3.478364197908581090e-01 7.296303870572852235e-01
-3.499791076907124987e-01 7.241387517341729696e-01
-3.508656579991084046e-01 7.150224480029655494e-01
-3.521395659072645290e-01 7.080668978775028766e-01
-3.532775840575222981e-01 7.031561144251309292e-01
-3.549608363577151926e-01 7.028755086804520102e-01
-3.550901075097915305e-01 7.037037955967649916e-01
-3.552788805709305997e-01 7.046388245111230297e-01
-3.554317225419061366e-01 7.055931324955442285e-01
-3.555578291875354791e-01 7.065653207680285819e-01
-3.549427532523778406e-01 7.093246797515073698e-01
-3.547030328169186730e-01 7.124633053139112215e-01
-3.545412122497392238e-01 7.157377523819604681e-01
-3.551308987928465388e-01 7.173087697545695862e-01
-3.561187512217955375e-01 7.169701092863468572e-01
-3.555621176368310987e-01 7.110201793955415184e-01
-3.555012201047821341e-01 7.053575984093087836e-01
-3.549145687650914205e-01 6.966853943961850426e-01
-3.544019243723295909e-01 6.879967529285606620e-01
-3.538712318735938167e-01 6.790783793906444155e-01
-3.533234350144754399e-01 6.698714495437536609e-01
-3.527545732768207487e-01 6.603618761472198617e-01
-3.518227152950839653e-01 6.508795414834193105e-01
-3.512979289512881964e-01 6.446290255443016814e-01
-3.503557493979137516e-01 6.383403418554924880e-01
-3.491828168339377592e-01 6.320716750415649177e-01
-3.489667118177633975e-01 6.289099898192940241e-01
-3.484771092875679765e-01 6.256257238422127109e-01
-3.479276200401087982e-01 6.224940872085413801e-01
-3.473819681580262997e-01 6.195351483396865921e-01
-3.478024957716237542e-01 6.218974264782128891e-01
-3.481508069428224106e-01 6.260722040356198059e-01
-3.486918657244132969e-01 6.322440226205034985e-01
-3.494547734237827830e-01 6.402826738157607611e-01
-3.508762709546079384e-01 6.456927009422430697e-01
-3.518808809359650347e-01 6.507394098783428893e-01
-3.527408156284602136e-01 6.554702424938105843e-01
-3.537487068535974388e-01 6.577554973703475527e-01
-3.542468801426551517e-01 6.599457004667420579e-01
-3.546337700954594885e-01 6.620341350614982190e-01
-3.553540146879419770e-01 6.619845376969337725e-01
-3.555474252278573166e-01 6.619376642414621648e-01
-3.556333493526712131e-01 6.618637975356117531e-01
-3.560549540464562623e-01 6.597160798498932222e-01
-3.559315476307916559e-01 6.576203672294276270e-01
-3.548091431371196425e-01 6.527019012586187108e-01
-3.539226094074255369e-01 6.481579718133885226e-01
-3.530964003562683251e-01 6.437397902791777149e-01
-3.522610163786864534e-01 6.395792028229526638e-01
-3.514558725241338499e-01 6.356446986152347600e-01
-3.497001382766731226e-01 6.290506744858692656e-01
-3.493364869793108007e-01 6.260270600106169203e-01
-3.477518665699128597e-01 6.200044025066253628e-01
-3.475575810564945911e-01 6.175212289507278074e-01
-3.471306450504836882e-01 6.148800873153261737e-01
-3.477423325982278990e-01 6.152688933063319432e-01
-3.468466659929628215e-01 6.123593571212447850e-01
-3.473458331398542320e-01 6.128493971631393533e-01
-3.474709832998278958e-01 6.152982909683555324e-01
-3.478684646616716503e-01 6.175835840279018107e-01
-3.481985634772764571e-01 6.220381758623659829e-01
-3.489937890582603397e-01 6.239697419477319151e-01
-3.491813274270343936e-01 6.303046295610226224e-01
-3.499002693551723775e-01 6.384956068265618123e-01
-3.512719904229693046e-01 6.440169865867767518e-01
-3.527531561753280975e-01 6.448481010331178487e-01
-3.531611270330098362e-01 6.454943238547686812e-01
-3.533597196436590315e-01 6.460404536387405194e-01
-3.534900068192093903e-01 6.465435031233617291e-01
-3.538604684331126959e-01 6.448631087145291207e-01
-3.536810962212050269e-01 6.432034364848491226e-01
-3.531693984105899742e-01 6.437756077053393700e-01
-3.534102567208592394e-01 6.422084677276931330e-01
-3.532121098451646568e-01 6.406911177734144758e-01
-3.529561148346834765e-01 6.392333796812427194e-01
-3.526929813349071741e-01 6.378516877560105325e-01
-3.522294985453904848e-01 6.387441088271265111e-01
-3.522727565363492075e-01 6.396415222205197315e-01
-3.526226543173367478e-01 6.383270100484612630e-01
-3.522770521468496230e-01 6.392264877442910276e-01
-3.523525569616752784e-01 6.401009190868037768e-01
-3.522647514528249313e-01 6.431331912131427186e-01
-3.529095487397240216e-01 6.438705338282393331e-01
-3.533750401956963216e-01 6.423638405128124784e-01
-3.530061250751558855e-01 6.430253339561449177e-01
-3.532888850351084686e-01 6.415035055619867643e-01
-3.531080120139268863e-01 6.400244150298577406e-01
-3.518785432549600967e-01 6.357204836140477600e-01
-3.509785279750318177e-01 6.319652141741394225e-01
-3.502100606114377790e-01 6.284595186751287255e-01
-3.505419565288539485e-01 6.280558712650649023e-01
-3.505458636196659428e-01 6.273431106375305655e-01
-3.504536981268649987e-01 6.266320952654239607e-01
-3.503365381437412163e-01 6.259547645514533798e-01
-3.500840426746577583e-01 6.275700007548303816e-01
-3.499839454982306419e-01 6.336181108884213486e-01
-3.503876173924805881e-01 6.437960524484901415e-01
-3.506657903760171391e-01 6.620482275448168474e-01
-3.507270218838366982e-01 6.854804539545175102e-01
-3.472350817683967916e-01 7.161685816729126408e-01
-3.420991068184848771e-01 7.472155510233930986e-01
-3.522996717795393029e-01 8.296524474184262532e-01
-3.382369555996097565e-01 8.601363003611171010e-01
-3.185422834811075243e-01 8.834999756356045619e-01
-2.897832270797505161e-01 9.059937648988384273e-01
-2.578671528213534181e-01 9.266983408394648958e-01
-2.230215088184204497e-01 9.424791646122395727e-01
-1.888518018010467148e-01 9.525965925691702862e-01
-1.501158597074693790e-01 9.589459732165037664e-01
-1.100280942108714383e-01 9.641660309852148059e-01
-7.619870729814141874e-02 9.680164178820210852e-01
-4.938685212502495064e-02 9.705612424348231126e-01
-2.724590180437126002e-02 9.717084411921350640e-01
-7.232406339895643133e-03 9.720540872878683514e-01
6.924425552429572250e-03 9.724918005510189145e-01
1.824142734436288299e-02 9.727884606151951941e-01
2.622523713324147188e-02 9.731519634412938435e-01
3.018669634628917686e-02 9.736008609680579795e-01
3.000870438963763182e-02 9.741682141720604537e-01
2.788773210220389653e-02 9.742447355674328513e-01
2.365102190317616010e-02 9.742180476123336597e-01
1.937453914225663321e-02 9.743126676256426144e-01
1.263326026731038249e-02 9.742674121546951449e-01
5.497901578516893595e-03 9.743218053701083736e-01
-4.503925609395241503e-03 9.741487753358246682e-01
-1.481165962946745518e-02 9.739401024108201854e-01
-2.299372490169319244e-02 9.738518065331510654e-01
-3.360866980287997158e-02 9.733943023869453537e-01
-4.228816788869617371e-02 9.732668853841928147e-01
-5.118995610421937098e-02 9.729974436169051000e-01
-5.715937843025770820e-02 9.728192751509769920e-01
-6.283236135031841640e-02 9.724492398509189117e-01
-6.604032664467571201e-02 9.723892381808784124e-01
-6.916939959178532160e-02 9.721766067779359366e-01
-6.993958618989713771e-02 9.723001356135195783e-01
-6.871623190489611899e-02 9.722334646703554295e-01
-6.791056978182714865e-02 9.722728880858115819e-01
-6.935727847395248280e-02 9.723571905894841105e-01
-7.036400317949313699e-02 9.723123052657047793e-01
-7.129653848370823277e-02 9.722509207310353618e-01
-7.217272759340520594e-02 9.721867768963947665e-01
-7.516171910470184625e-02 9.717700570413605465e-01
-7.773243954656852694e-02 9.715256454869605207e-01
-8.016623998768673820e-02 9.713162925629692523e-01
-8.246648500638070756e-02 9.711259014990034633e-01
-8.247888233543326786e-02 9.713238078218560112e-01
-8.707101872652819874e-02 9.705928704575308430e-01
-8.871531791930893640e-02 9.705903321124589311e-01
-8.838648428289316850e-02 9.708492175319940465e-01
-9.265308447955164506e-02 9.701284110586898546e-01
-9.828893938783248019e-02 9.693703079926145882e-01
-1.012741880185046850e-01 9.692431591266914559e-01
-1.044689359450996502e-01 9.689489348292177340e-01
-1.054835791040515114e-01 9.690347529818960082e-01
-1.066235752436113238e-01 9.689683460814357829e-01
-1.056181542787642258e-01 9.692925514763659489e-01
-1.046853195051301727e-01 9.694775559404880116e-01
-1.037904341931264185e-01 9.696069307640351465e-01
-1.029249907385766660e-01 9.697093813282589014e-01
-1.020811451435714168e-01 9.698006662569067515e-01
-1.034110534514874752e-01 9.694676996918403233e-01
-1.045288373155974226e-01 9.692949598392786026e-01
-1.034752701465903729e-01 9.695847396269923202e-01
-1.004364168884528119e-01 9.697581464379261273e-01
-9.774034955461727292e-02 9.700007868889977125e-01
-9.958235632852252550e-02 9.697746914446200295e-01
-1.029513851228302662e-01 9.692391933662123371e-01
-1.039280190540997628e-01 9.692668855061066235e-01
-1.072012292235640651e-01 9.687566296839105195e-01
-1.125119273792234698e-01 9.678747785695723804e-01
-1.157014576278750928e-01 9.675198072891741941e-01
-1.169283166202604168e-01 9.675496022924412465e-01
-1.203354304746576120e-01 9.669579819335127890e-01
-1.258478434725820438e-01 9.659574135775770287e-01
-1.315365898513804754e-01 9.650407102275251336e-01
-1.374050490206360498e-01 9.641300234250356205e-01
-1.434543912655847908e-01 9.632071369561773233e-01
-1.476600745299593287e-01 9.628561267509716526e-01
-1.520196525167743506e-01 9.622823579248301895e-01
-1.566522036190757805e-01 9.615897673070777918e-01
-1.575792395814004099e-01 9.621227506698633025e-01
-1.602962125496686374e-01 9.615269238888599634e-01
-1.633216336391929424e-01 9.610321487635795634e-01
-1.645536911343873920e-01 9.611622001448801855e-01
-1.676021790152722180e-01 9.603527127439154265e-01
-1.709678134729246679e-01 9.596951625197973623e-01
-1.762906259217935645e-01 9.582731091503400300e-01
-1.837971528623248418e-01 9.562585148357761744e-01
-1.935240634450804409e-01 9.536128394978801159e-01
-2.018996806910355879e-01 9.520512222429192706e-01
-2.086130656512931170e-01 9.511062847286897437e-01
-2.203685367250239890e-01 9.468010174971985826e-01
-2.267863663485646386e-01 9.466988266178520961e-01
-2.321148528953464463e-01 9.453557955910119048e-01
-2.371344891632349572e-01 9.440271453154488457e-01
-2.417413868237921204e-01 9.427612123253230614e-01
-2.475827091001008007e-01 9.403689061221138790e-01
-2.518540653401122320e-01 9.399143208774367597e-01
-2.570582183189482617e-01 9.376333995265633270e-01
-2.608414171873327247e-01 9.374072424617087007e-01
-2.613244150298106305e-01 9.391972007660198685e-01
-2.588576413949115196e-01 9.397862685062998711e-01
-2.567934930943219785e-01 9.403244747923946711e-01
-2.570067271504934414e-01 9.404329198751544272e-01
-2.547269406608529407e-01 9.408845267839307525e-01
-2.528815560737686652e-01 9.413370231001452204e-01
-2.533170908827697687e-01 9.413870368179189096e-01
-2.512396985880043787e-01 9.417760844639244677e-01
-2.495966681701048961e-01 9.421744682701338469e-01
-2.480655108627162764e-01 9.425577398036617538e-01
-2.487871903453734157e-01 9.425489477067392485e-01
-2.491222226890344171e-01 9.424927374136693459e-01
-2.472584233108661156e-01 9.428005463440904954e-01
-2.458421093305041272e-01 9.431339532510940593e-01
-2.423674575823140387e-01 9.438272028883983866e-01
-2.416072715817646765e-01 9.441679270489071740e-01
-2.405669656095351105e-01 9.444526034651765656e-01
-2.395717603123176942e-01 9.447122002571277655e-01
-2.386307780929874944e-01 9.449538635047161073e-01
-2.399064545203948573e-01 9.448283373663222129e-01
-2.407385223331166557e-01 9.446496583231396293e-01
-2.415021980443382010e-01 9.444649240109488364e-01
-2.422175848690898414e-01 9.442849745401502570e-01
-2.428912432335667004e-01 9.441130875710062043e-01
-2.450426944496936488e-01 9.427577802567120857e-01
-2.488514659186688294e-01 9.408862150788134260e-01
-2.541991435552629075e-01 9.385074845743819338e-01
-2.595351564319131610e-01 9.369028062856321615e-01
-2.659769302619794384e-01 9.340988754615462408e-01
-2.735334611446234021e-01 9.301288217728682639e-01
-2.807510017803154789e-01 9.256233026340794368e-01
-2.880688694351226098e-01 9.208611233260584061e-01
-2.967494311623407599e-01 9.142953089519602061e-01
-3.058992693389757100e-01 9.078389803187466578e-01
-3.149387408222956153e-01 9.000375999453835707e-01
-3.231122044156752859e-01 8.926212556241268636e-01
-3.304969996752717964e-01 8.844204014460189667e-01
-3.375507899246414922e-01 8.756879971153754827e-01
-3.445998504535505713e-01 8.665384850965651697e-01
-3.505570482989628367e-01 8.594346634064534696e-01
-3.550218697966086578e-01 8.520977028444471912e-01
-3.585737044347923064e-01 8.473048680482264672e-01
-3.612547889963406145e-01 8.446192890437067557e-01
-3.631470668147750436e-01 8.438388432710222098e-01
-3.642433342929195517e-01 8.447938156827459188e-01
-3.617041980407440516e-01 8.474049091250479560e-01
-3.585343222927482310e-01 8.510826687133801194e-01
-3.530396826271311461e-01 8.570330952577532857e-01
-3.472445445189260571e-01 8.639002609856341053e-01
-3.406140136487926240e-01 8.715988566535155524e-01
-3.308968877830056332e-01 8.811634395102478923e-01
-3.187038972575681472e-01 8.917933356337950368e-01
-3.026632541948066635e-01 9.041054679070285038e-01
-2.810350241237024593e-01 9.183263794389963097e-01
-2.533061301267336418e-01 9.323209923981050640e-01
-2.254922753791329670e-01 9.442649923875141571e-01
-1.960218879166849004e-01 9.516728343859358619e-01
-1.595448931632384437e-01 9.577855075696064535e-01
-1.181644525553736669e-01 9.632520895729799193e-01
-6.860499859712906878e-02 9.678508711617709315e-01
-2.335065054877064061e-02 9.704980208678590792e-01
2.173631077646458881e-02 9.700041920735544831e-01
7.104165090488645529e-02 9.673088234562537968e-01
1.194503458295486931e-01 9.629284303102478848e-01
1.628073432815509425e-01 9.568064710605477252e-01
2.083816406467711990e-01 9.474023739613381956e-01
2.571950270924414639e-01 9.353128933291321445e-01
3.022104906246653733e-01 9.224421006664407230e-01
3.439219857276331060e-01 9.072999362801704715e-01
3.886296351419793460e-01 8.886066481289623953e-01
4.335234656106741191e-01 8.679288265214138987e-01
4.724726259652277660e-01 8.479295350498403661e-01
5.087993801657576531e-01 8.231040219623901866e-01
5.110437668923798471e-01 7.461881924885248596e-01
5.408505647222867641e-01 7.180248310535899403e-01
5.611100113072121642e-01 6.873784043720541082e-01
5.711906910771147317e-01 6.516799031820572630e-01
4.680609789861580605e-01 5.041297883856046269e-01
4.692234574673848080e-01 4.806733349643237951e-01
4.672412602764791645e-01 4.624320954534994477e-01
4.625180684553165111e-01 4.452609966502241168e-01
4.567644250727851962e-01 4.286830151464043892e-01
4.485865761771848925e-01 4.101036835051524720e-01
4.367009422528120854e-01 3.878363016987728118e-01
2.809376067250871079e-01 2.411081414669624667e-01
2.727501120014307889e-01 2.287888942327836184e-01
2.655033789344604656e-01 2.189056294540091541e-01
2.583238465112668303e-01 2.098498461307582719e-01
2.529054955966667517e-01 2.029691236526204867e-01
2.469654935884315616e-01 1.958759956063396701e-01
2.405704743270679902e-01 1.884851608853411742e-01
2.360380494054649669e-01 1.829002199424423214e-01
2.306595117450592203e-01 1.767690852020434300e-01
2.274028577499438430e-01 1.727928354995701687e-01
2.250921982767731810e-01 1.700676506473857985e-01
2.238438300132959968e-01 1.684622228745427941e-01
2.223634102987084304e-01 1.668253329675786212e-01
2.207787082565942915e-01 1.651615481966086374e-01
2.191204158041731298e-01 1.634603217822953036e-01
2.174868252870152951e-01 1.618340385729008790e-01
2.182348397887171054e-01 1.626389383799963506e-01
2.188750475085821656e-01 1.632917694460574998e-01
2.194830700684439473e-01 1.639163001102043049e-01
2.190439132083438767e-01 1.632410899542784122e-01
2.172334957081866746e-01 1.615602103136077605e-01
2.189679237543123991e-01 1.636440600107154086e-01
2.196265490143782251e-01 1.641870095587874556e-01
2.202450979152018873e-01 1.647953884516622503e-01
2.218759761412149312e-01 1.667034634908186042e-01
2.225959833327635917e-01 1.673081702694895478e-01
2.222969531076056937e-01 1.667246520341068017e-01
2.218864154462003579e-01 1.662108015531035821e-01
2.214178779285415344e-01 1.656992272542636702e-01
2.219294925962902731e-01 1.664673115960138561e-01
2.215314942454664759e-01 1.659151502552178026e-01
2.210702590183158400e-01 1.654081411732055140e-01
2.226180815961947279e-01 1.674876446248503015e-01
2.210511987314670579e-01 1.657892576331359002e-01
2.194740044082769959e-01 1.641726490077734246e-01
2.222763386773111138e-01 1.675870177414199302e-01
2.221787288871831523e-01 1.669380687683109654e-01
2.205762491671854342e-01 1.653349587496352746e-01
2.190099367179690615e-01 1.637531382133390057e-01
2.174719096724389844e-01 1.622268284337581301e-01
2.172614121626941230e-01 1.618287488753092362e-01
2.169022887850718118e-01 1.613879187544963179e-01
2.164950112895276391e-01 1.609379462296534058e-01
2.160587102680956439e-01 1.604786693325324087e-01
2.156064469555261653e-01 1.600121915944441309e-01
2.161870894711148960e-01 1.608227238644363011e-01
2.178430427441366279e-01 1.628040453990056702e-01
2.205697744839392738e-01 1.659363331581880929e-01
2.223556076023635031e-01 1.676773984220473190e-01
2.251923731753803781e-01 1.708766930121046745e-01
2.272426329143650836e-01 1.728778255183878731e-01
2.274081336590059177e-01 1.724626569028299139e-01
2.292698884737064957e-01 1.747488401279650994e-01
2.303521769159170840e-01 1.757074491981026054e-01
2.314098364344162606e-01 1.767614411598881774e-01
2.324793629038155729e-01 1.778583266778843708e-01
2.344995994421193442e-01 1.802716978428003936e-01
2.367014953123520726e-01 1.826928836764489805e-01
2.347442098522236620e-01 1.805184642177359300e-01
2.338907862848571551e-01 1.793003353617293461e-01
2.377846237023228948e-01 1.843768180395310430e-01
2.374712998724111679e-01 1.835144653787265101e-01
2.425573976847647528e-01 1.901088119684123667e-01
2.498852406163430961e-01 1.996864344256073509e-01
2.527679228265468092e-01 2.019144610204897383e-01
2.551454683704010851e-01 2.043219915734590386e-01
2.565214374678772558e-01 2.054550983864883440e-01
2.583631728429914287e-01 2.078627595223306590e-01
2.583234553696134306e-01 2.077901885784223524e-01
2.602558083073552853e-01 2.102694600517764634e-01
2.603008388309197008e-01 2.102607335993114945e-01
2.622787266343268309e-01 2.128140130219461357e-01
2.643007916810014568e-01 2.153571005453869258e-01
2.663493784459722846e-01 2.179416810533355009e-01
2.682297398982331216e-01 2.204127835302363558e-01
2.699630681247732200e-01 2.227714601633530578e-01
2.721120530077886235e-01 2.261985195099754653e-01
2.743066094726332449e-01 2.294217997757555527e-01
2.765195418346078626e-01 2.325614102411283912e-01
2.786060636512068256e-01 2.355242535336563026e-01
2.805946539445369758e-01 2.383452941199593056e-01
2.824852554171725094e-01 2.410263447711196161e-01
2.846881269632156597e-01 2.447348766647824692e-01
2.865654574941989274e-01 2.470027698547240802e-01
4.371726092005444042e-01 3.815997021995631844e-01
4.401560000568918163e-01 3.863148958921784892e-01
4.430218705300663640e-01 3.911315490015795371e-01
4.457026794814830106e-01 3.960432135033422618e-01
4.477775342290386540e-01 3.991477452351733790e-01
4.498194749421150496e-01 4.038293566567356940e-01
4.526444294489270215e-01 4.119948110628128823e-01
4.558925896825506419e-01 4.190130861388727812e-01
4.586456336390017929e-01 4.212624929452477018e-01
4.602116656450280230e-01 4.231452058941792549e-01
4.613607088889744023e-01 4.249792050133025523e-01
4.622588954966703745e-01 4.252308622451491660e-01
4.612377189794540921e-01 4.233915988598747626e-01
4.602633394982944548e-01 4.215612121355215569e-01
4.592792219851029034e-01 4.196948317381987703e-01
4.582717568223568794e-01 4.177807484841543073e-01
4.558344820329205405e-01 4.138865861624815290e-01
4.536403555762576478e-01 4.100063449840264940e-01
4.514961459485513640e-01 4.060532414581304317e-01
4.508058306227506473e-01 4.039290807461199950e-01
4.497569826793546555e-01 4.016213112533184582e-01
4.500788174089911942e-01 4.012233458830588573e-01
4.484949845629891962e-01 3.987217105300628894e-01
4.486596240604702746e-01 3.982708231739439109e-01
4.485131358798129519e-01 3.976619496125084474e-01
4.482602698488421522e-01 3.970154053206677580e-01
4.479629653462934291e-01 3.963506526432143962e-01
4.480179259243296519e-01 3.973759867835976456e-01
4.484211725147539962e-01 3.985070163129433851e-01
4.492956518473671945e-01 4.013616343994810265e-01
4.505500762731455278e-01 4.043372101606095281e-01
4.522371320152679952e-01 4.090528910293040332e-01
4.543333155128977396e-01 4.140611634988672352e-01
4.568478024111362057e-01 4.209038420907440514e-01
4.598605665525808961e-01 4.281016270038998650e-01
4.630648715019123340e-01 4.358093697615664786e-01
4.660821053665812341e-01 4.437812240155744048e-01
4.688477397249631862e-01 4.520068081477993660e-01
4.708693906231449233e-01 4.599805551381312974e-01
4.726614322369093735e-01 4.680426519808411068e-01
4.743998300644025057e-01 4.762916541899914202e-01
4.764143754631730010e-01 4.832169298125660872e-01
4.769422682792705537e-01 4.891198353016695810e-01
4.769689179813668134e-01 4.944796624272636554e-01
4.774798485040069873e-01 4.981866992014956086e-01
4.781224685664807739e-01 5.002800270250693515e-01
4.789250096726334061e-01 5.009342170529047511e-01
4.784990817751862968e-01 4.997192060951456405e-01
4.778278859541743584e-01 4.971521429062861208e-01
4.770676982661689602e-01 4.933859002654749637e-01
4.754694222121003677e-01 4.866850594349843018e-01
4.732871901620777644e-01 4.774384653696150949e-01
4.690893961561036773e-01 4.635111218219923890e-01
4.619085108468370948e-01 4.452185249219636765e-01
4.509501872856175320e-01 4.211217776130280477e-01
4.348752688986839976e-01 3.910363962505228885e-01
2.720004830099458371e-01 2.328574528745326888e-01
2.555314451199185988e-01 2.104880391930978867e-01
2.355395467135712462e-01 1.874531513534973270e-01
2.107088445587084746e-01 1.612795105698849596e-01
8.432896341964578324e-02 6.003833603534326768e-02
7.224585619583258345e-02 5.013089804343573430e-02
5.940618202136858927e-02 3.994490593159032155e-02
4.623778396087062370e-02 2.978476821110486242e-02
5.508401672765353418e-03 3.180277188575662915e-03
3.738933320691391251e-03 2.158674159183236654e-03
2.007012104966827189e-03 1.158748979069435360e-03
0.000000000000000000e+00 0.000000000000000000e+00
0.000000000000000000e+00 0.000000000000000000e+00
0.000000000000000000e+00 0.000000000000000000e+00
0.000000000000000000e+00 0.000000000000000000e+00
0.000000000000000000e+00 0.000000000000000000e+00
0.000000000000000000e+00 0.000000000000000000e+00
0.000000000000000000e+00 0.000000000000000000e+00
0.000000000000000000e+00 0.000000000000000000e+00
0.000000000000000000e+00 0.000000000000000000e+00
0.000000000000000000e+00 0.000000000000000000e+00
0.000000000000000000e+00 0.000000000000000000e+00
0.000000000000000000e+00 0.000000000000000000e+00
0.000000000000000000e+00 0.000000000000000000e+00
0.000000000000000000e+00 0.000000000000000000e+00
0.000000000000000000e+00 0.000000000000000000e+00
0.000000000000000000e+00 0.000000000000000000e+00
0.000000000000000000e+00 0.000000000000000000e+00
0.000000000000000000e+00 0.000000000000000000e+00
0.000000000000000000e+00 0.000000000000000000e+00
0.000000000000000000e+00 0.000000000000000000e+00
0.000000000000000000e+00 0.000000000000000000e+00
0.000000000000000000e+00 0.000000000000000000e+00
0.000000000000000000e+00 0.000000000000000000e+00
0.000000000000000000e+00 0.000000000000000000e+00
0.000000000000000000e+00 0.000000000000000000e+00
0.000000000000000000e+00 0.000000000000000000e+00
0.000000000000000000e+00 0.000000000000000000e+00
0.000000000000000000e+00 0.000000000000000000e+00
0.000000000000000000e+00 0.000000000000000000e+00
0.000000000000000000e+00 0.000000000000000000e+00
0.000000000000000000e+00 0.000000000000000000e+00
0.000000000000000000e+00 0.000000000000000000e+00
0.000000000000000000e+00 0.000000000000000000e+00
0.000000000000000000e+00 0.000000000000000000e+00
0.000000000000000000e+00 0.000000000000000000e+00
0.000000000000000000e+00 0.000000000000000000e+00
0.000000000000000000e+00 0.000000000000000000e+00
0.000000000000000000e+00 0.000000000000000000e+00
0.000000000000000000e+00 0.000000000000000000e+00
0.000000000000000000e+00 0.000000000000000000e+00
0.000000000000000000e+00 0.000000000000000000e+00
0.000000000000000000e+00 0.000000000000000000e+00
0.000000000000000000e+00 0.000000000000000000e+00
0.000000000000000000e+00 0.000000000000000000e+00
0.000000000000000000e+00 0.000000000000000000e+00
0.000000000000000000e+00 0.000000000000000000e+00
0.000000000000000000e+00 0.000000000000000000e+00
0.000000000000000000e+00 0.000000000000000000e+00
0.000000000000000000e+00 0.000000000000000000e+00
0.000000000000000000e+00 0.000000000000000000e+00
0.000000000000000000e+00 0.000000000000000000e+00
0.000000000000000000e+00 0.000000000000000000e+00
0.000000000000000000e+00 0.000000000000000000e+00
0.000000000000000000e+00 0.000000000000000000e+00
0.000000000000000000e+00 0.000000000000000000e+00
0.000000000000000000e+00 0.000000000000000000e+00
0.000000000000000000e+00 0.000000000000000000e+00
0.000000000000000000e+00 0.000000000000000000e+00
0.000000000000000000e+00 0.000000000000000000e+00
0.000000000000000000e+00 0.000000000000000000e+00
0.000000000000000000e+00 0.000000000000000000e+00
0.000000000000000000e+00 0.000000000000000000e+00
0.000000000000000000e+00 0.000000000000000000e+00
0.000000000000000000e+00 0.000000000000000000e+00
0.000000000000000000e+00 0.000000000000000000e+00
0.000000000000000000e+00 0.000000000000000000e+00
0.000000000000000000e+00 0.000000000000000000e+00
0.000000000000000000e+00 0.000000000000000000e+00
0.000000000000000000e+00 0.000000000000000000e+00
0.000000000000000000e+00 0.000000000000000000e+00
0.000000000000000000e+00 0.000000000000000000e+00
0.000000000000000000e+00 0.000000000000000000e+00
0.000000000000000000e+00 0.000000000000000000e+00
0.000000000000000000e+00 0.000000000000000000e+00
0.000000000000000000e+00 0.000000000000000000e+00
0.000000000000000000e+00 0.000000000000000000e+00
0.000000000000000000e+00 0.000000000000000000e+00
0.000000000000000000e+00 0.000000000000000000e+00
0.000000000000000000e+00 0.000000000000000000e+00
0.000000000000000000e+00 0.000000000000000000e+00
0.000000000000000000e+00 0.000000000000000000e+00
0.000000000000000000e+00 0.000000000000000000e+00
0.000000000000000000e+00 0.000000000000000000e+00
0.000000000000000000e+00 0.000000000000000000e+00
0.000000000000000000e+00 0.000000000000000000e+00
0.000000000000000000e+00 0.000000000000000000e+00
0.000000000000000000e+00 0.000000000000000000e+00
0.000000000000000000e+00 0.000000000000000000e+00
0.000000000000000000e+00 0.000000000000000000e+00
0.000000000000000000e+00 0.000000000000000000e+00
0.000000000000000000e+00 0.000000000000000000e+00
0.000000000000000000e+00 0.000000000000000000e+00
0.000000000000000000e+00 0.000000000000000000e+00
0.000000000000000000e+00 0.000000000000000000e+00
0.000000000000000000e+00 0.000000000000000000e+00
0.000000000000000000e+00 0.000000000000000000e+00
0.000000000000000000e+00 0.000000000000000000e+00
0.000000000000000000e+00 0.000000000000000000e+00
0.000000000000000000e+00 0.000000000000000000e+00
0.000000000000000000e+00 0.000000000000000000e+00
0.000000000000000000e+00 0.000000000000000000e+00
0.000000000000000000e+00 0.000000000000000000e+00
0.000000000000000000e+00 0.000000000000000000e+00
0.000000000000000000e+00 0.000000000000000000e+00
0.000000000000000000e+00 0.000000000000000000e+00
0.000000000000000000e+00 0.000000000000000000e+00
0.000000000000000000e+00 0.000000000000000000e+00
0.000000000000000000e+00 0.000000000000000000e+00
0.000000000000000000e+00 0.000000000000000000e+00
0.000000000000000000e+00 0.000000000000000000e+00
0.000000000000000000e+00 0.000000000000000000e+00
0.000000000000000000e+00 0.000000000000000000e+00
0.000000000000000000e+00 0.000000000000000000e+00
0.000000000000000000e+00 0.000000000000000000e+00
0.000000000000000000e+00 0.000000000000000000e+00
0.000000000000000000e+00 0.000000000000000000e+00
0.000000000000000000e+00 0.000000000000000000e+00
0.000000000000000000e+00 0.000000000000000000e+00
0.000000000000000000e+00 0.000000000000000000e+00
0.000000000000000000e+00 0.000000000000000000e+00
0.000000000000000000e+00 0.000000000000000000e+00
0.000000000000000000e+00 0.000000000000000000e+00
0.000000000000000000e+00 0.000000000000000000e+00
0.000000000000000000e+00 0.000000000000000000e+00
0.000000000000000000e+00 0.000000000000000000e+00
0.000000000000000000e+00 0.000000000000000000e+00
0.000000000000000000e+00 0.000000000000000000e+00
0.000000000000000000e+00 0.000000000000000000e+00
0.000000000000000000e+00 0.000000000000000000e+00
0.000000000000000000e+00 0.000000000000000000e+00
0.000000000000000000e+00 0.000000000000000000e+00
0.000000000000000000e+00 0.000000000000000000e+00
0.000000000000000000e+00 0.000000000000000000e+00
0.000000000000000000e+00 0.000000000000000000e+00
0.000000000000000000e+00 0.000000000000000000e+00
0.000000000000000000e+00 0.000000000000000000e+00
0.000000000000000000e+00 0.000000000000000000e+00
0.000000000000000000e+00 0.000000000000000000e+00
0.000000000000000000e+00 0.000000000000000000e+00
0.000000000000000000e+00 0.000000000000000000e+00
0.000000000000000000e+00 0.000000000000000000e+00
0.000000000000000000e+00 0.000000000000000000e+00
0.000000000000000000e+00 0.000000000000000000e+00
0.000000000000000000e+00 0.000000000000000000e+00
0.000000000000000000e+00 0.000000000000000000e+00
0.000000000000000000e+00 0.000000000000000000e+00
0.000000000000000000e+00 0.000000000000000000e+00
0.000000000000000000e+00 0.000000000000000000e+00
0.000000000000000000e+00 0.000000000000000000e+00
0.000000000000000000e+00 0.000000000000000000e+00
0.000000000000000000e+00 0.000000000000000000e+00
0.000000000000000000e+00 0.000000000000000000e+00
0.000000000000000000e+00 0.000000000000000000e+00
0.000000000000000000e+00 0.000000000000000000e+00
0.000000000000000000e+00 0.000000000000000000e+00
0.000000000000000000e+00 0.000000000000000000e+00
0.000000000000000000e+00 0.000000000000000000e+00
0.000000000000000000e+00 0.000000000000000000e+00
0.000000000000000000e+00 0.000000000000000000e+00
0.000000000000000000e+00 0.000000000000000000e+00
0.000000000000000000e+00 0.000000000000000000e+00
0.000000000000000000e+00 0.000000000000000000e+00
0.000000000000000000e+00 0.000000000000000000e+00
0.000000000000000000e+00 0.000000000000000000e+00
0.000000000000000000e+00 0.000000000000000000e+00
0.000000000000000000e+00 0.000000000000000000e+00
0.000000000000000000e+00 0.000000000000000000e+00
0.000000000000000000e+00 0.000000000000000000e+00
0.000000000000000000e+00 0.000000000000000000e+00
0.000000000000000000e+00 0.000000000000000000e+00
0.000000000000000000e+00 0.000000000000000000e+00
0.000000000000000000e+00 0.000000000000000000e+00
0.000000000000000000e+00 0.000000000000000000e+00
0.000000000000000000e+00 0.000000000000000000e+00
0.000000000000000000e+00 0.000000000000000000e+00
0.000000000000000000e+00 0.000000000000000000e+00
0.000000000000000000e+00 0.000000000000000000e+00
0.000000000000000000e+00 0.000000000000000000e+00
0.000000000000000000e+00 0.000000000000000000e+00
0.000000000000000000e+00 0.000000000000000000e+00
0.000000000000000000e+00 0.000000000000000000e+00
0.000000000000000000e+00 0.000000000000000000e+00
0.000000000000000000e+00 0.000000000000000000e+00
0.000000000000000000e+00 0.000000000000000000e+00
0.000000000000000000e+00 0.000000000000000000e+00
0.000000000000000000e+00 0.000000000000000000e+00
0.000000000000000000e+00 0.000000000000000000e+00
0.000000000000000000e+00 0.000000000000000000e+00
0.000000000000000000e+00 0.000000000000000000e+00
0.000000000000000000e+00 0.000000000000000000e+00
0.000000000000000000e+00 0.000000000000000000e+00
0.000000000000000000e+00 0.000000000000000000e+00
0.000000000000000000e+00 0.000000000000000000e+00
0.000000000000000000e+00 0.000000000000000000e+00
0.000000000000000000e+00 0.000000000000000000e+00
0.000000000000000000e+00 0.000000000000000000e+00
0.000000000000000000e+00 0.000000000000000000e+00
0.000000000000000000e+00 0.000000000000000000e+00
0.000000000000000000e+00 0.000000000000000000e+00
0.000000000000000000e+00 0.000000000000000000e+00
0.000000000000000000e+00 0.000000000000000000e+00
0.000000000000000000e+00 0.000000000000000000e+00
0.000000000000000000e+00 0.000000000000000000e+00
0.000000000000000000e+00 0.000000000000000000e+00
0.000000000000000000e+00 0.000000000000000000e+00
0.000000000000000000e+00 0.000000000000000000e+00
0.000000000000000000e+00 0.000000000000000000e+00
0.000000000000000000e+00 0.000000000000000000e+00
0.000000000000000000e+00 0.000000000000000000e+00
0.000000000000000000e+00 0.000000000000000000e+00
0.000000000000000000e+00 0.000000000000000000e+00
0.000000000000000000e+00 0.000000000000000000e+00
0.000000000000000000e+00 0.000000000000000000e+00
0.000000000000000000e+00 0.000000000000000000e+00
0.000000000000000000e+00 0.000000000000000000e+00
0.000000000000000000e+00 0.000000000000000000e+00
0.000000000000000000e+00 0.000000000000000000e+00
0.000000000000000000e+00 0.000000000000000000e+00
0.000000000000000000e+00 0.000000000000000000e+00
0.000000000000000000e+00 0.000000000000000000e+00
0.000000000000000000e+00 0.000000000000000000e+00
0.000000000000000000e+00 0.000000000000000000e+00
0.000000000000000000e+00 0.000000000000000000e+00
0.000000000000000000e+00 0.000000000000000000e+00
0.000000000000000000e+00 0.000000000000000000e+00
0.000000000000000000e+00 0.000000000000000000e+00
0.000000000000000000e+00 0.000000000000000000e+00
0.000000000000000000e+00 0.000000000000000000e+00
0.000000000000000000e+00 0.000000000000000000e+00
0.000000000000000000e+00 0.000000000000000000e+00
0.000000000000000000e+00 0.000000000000000000e+00
0.000000000000000000e+00 0.000000000000000000e+00
0.000000000000000000e+00 0.000000000000000000e+00
0.000000000000000000e+00 0.000000000000000000e+00
0.000000000000000000e+00 0.000000000000000000e+00
0.000000000000000000e+00 0.000000000000000000e+00
0.000000000000000000e+00 0.000000000000000000e+00
0.000000000000000000e+00 0.000000000000000000e+00
0.000000000000000000e+00 0.000000000000000000e+00
0.000000000000000000e+00 0.000000000000000000e+00
0.000000000000000000e+00 0.000000000000000000e+00
0.000000000000000000e+00 0.000000000000000000e+00
0.000000000000000000e+00 0.000000000000000000e+00
0.000000000000000000e+00 0.000000000000000000e+00
0.000000000000000000e+00 0.000000000000000000e+00
0.000000000000000000e+00 0.000000000000000000e+00
0.000000000000000000e+00 0.000000000000000000e+00
0.000000000000000000e+00 0.000000000000000000e+00
0.000000000000000000e+00 0.000000000000000000e+00
0.000000000000000000e+00 0.000000000000000000e+00
0.000000000000000000e+00 0.000000000000000000e+00
0.000000000000000000e+00 0.000000000000000000e+00
0.000000000000000000e+00 0.000000000000000000e+00
0.000000000000000000e+00 0.000000000000000000e+00
0.000000000000000000e+00 0.000000000000000000e+00
0.000000000000000000e+00 0.000000000000000000e+00
0.000000000000000000e+00 0.000000000000000000e+00
0.000000000000000000e+00 0.000000000000000000e+00
0.000000000000000000e+00 0.000000000000000000e+00
0.000000000000000000e+00 0.000000000000000000e+00
0.000000000000000000e+00 0.000000000000000000e+00
0.000000000000000000e+00 0.000000000000000000e+00
0.000000000000000000e+00 0.000000000000000000e+00
0.000000000000000000e+00 0.000000000000000000e+00
0.000000000000000000e+00 0.000000000000000000e+00
0.000000000000000000e+00 0.000000000000000000e+00
0.000000000000000000e+00 0.000000000000000000e+00
0.000000000000000000e+00 0.000000000000000000e+00
0.000000000000000000e+00 0.000000000000000000e+00
0.000000000000000000e+00 0.000000000000000000e+00
0.000000000000000000e+00 0.000000000000000000e+00
0.000000000000000000e+00 0.000000000000000000e+00
0.000000000000000000e+00 0.000000000000000000e+00
0.000000000000000000e+00 0.000000000000000000e+00
0.000000000000000000e+00 0.000000000000000000e+00
0.000000000000000000e+00 0.000000000000000000e+00
0.000000000000000000e+00 0.000000000000000000e+00
0.000000000000000000e+00 0.000000000000000000e+00
0.000000000000000000e+00 0.000000000000000000e+00
0.000000000000000000e+00 0.000000000000000000e+00
0.000000000000000000e+00 0.000000000000000000e+00
0.000000000000000000e+00 0.000000000000000000e+00
0.000000000000000000e+00 0.000000000000000000e+00
0.000000000000000000e+00 0.000000000000000000e+00
0.000000000000000000e+00 0.000000000000000000e+00
0.000000000000000000e+00 0.000000000000000000e+00
0.000000000000000000e+00 0.000000000000000000e+00
0.000000000000000000e+00 0.000000000000000000e+00
0.000000000000000000e+00 0.000000000000000000e+00
0.000000000000000000e+00 0.000000000000000000e+00
0.000000000000000000e+00 0.000000000000000000e+00
0.000000000000000000e+00 0.000000000000000000e+00
0.000000000000000000e+00 0.000000000000000000e+00
0.000000000000000000e+00 0.000000000000000000e+00
0.000000000000000000e+00 0.000000000000000000e+00
0.000000000000000000e+00 0.000000000000000000e+00
0.000000000000000000e+00 0.000000000000000000e+00
0.000000000000000000e+00 0.000000000000000000e+00
0.000000000000000000e+00 0.000000000000000000e+00
0.000000000000000000e+00 0.000000000000000000e+00
0.000000000000000000e+00 0.000000000000000000e+00
0.000000000000000000e+00 0.000000000000000000e+00
0.000000000000000000e+00 0.000000000000000000e+00
0.000000000000000000e+00 0.000000000000000000e+00
0.000000000000000000e+00 0.000000000000000000e+00
0.000000000000000000e+00 0.000000000000000000e+00
0.000000000000000000e+00 0.000000000000000000e+00
0.000000000000000000e+00 0.000000000000000000e+00
0.000000000000000000e+00 0.000000000000000000e+00
0.000000000000000000e+00 0.000000000000000000e+00
0.000000000000000000e+00 0.000000000000000000e+00
0.000000000000000000e+00 0.000000000000000000e+00
0.000000000000000000e+00 0.000000000000000000e+00
0.000000000000000000e+00 0.000000000000000000e+00
0.000000000000000000e+00 0.000000000000000000e+00
0.000000000000000000e+00 0.000000000000000000e+00
0.000000000000000000e+00 0.000000000000000000e+00
0.000000000000000000e+00 0.000000000000000000e+00
0.000000000000000000e+00 0.000000000000000000e+00
0.000000000000000000e+00 0.000000000000000000e+00
0.000000000000000000e+00 0.000000000000000000e+00
2.276592429191239865e-03 1.314391251828626568e-03
4.175610453251533266e-03 2.493128166072668041e-03
7.415166064211073035e-03 4.548781233572341161e-03
5.400542407163497205e-02 3.593365723222111119e-02
6.395096341934414230e-02 4.312283865846570224e-02
7.455674848159098145e-02 5.184247657413981747e-02
8.430223061774057280e-02 6.021428392584861344e-02
9.287643007709954490e-02 6.758144189004304525e-02
2.109733815682682811e-01 1.587313079340666455e-01
2.203393355432331224e-01 1.676064095894769512e-01
2.281114428315239029e-01 1.753327420864334851e-01
2.338741187760284834e-01 1.808993622787727629e-01
2.387183283594097039e-01 1.856920706375514984e-01
2.418933422532486555e-01 1.885005189350354438e-01
2.448975239605080123e-01 1.915230687165503376e-01
2.469827403132733301e-01 1.934119748888090129e-01
2.480017108831778505e-01 1.940636951463862170e-01
2.496334153551339474e-01 1.960364820095925609e-01
2.504532002908829158e-01 1.967404347655785646e-01
2.511222013179753021e-01 1.974625261502254980e-01
2.517148132787531134e-01 1.981735504968122896e-01
2.522840810818518520e-01 1.988904759858093896e-01
2.528539962767463178e-01 1.996234723335616468e-01
2.534367284242728391e-01 2.003788661180220809e-01
2.540388408964052713e-01 2.011606961670166505e-01
2.533890721829729076e-01 2.007511749077106056e-01
2.529375603311724285e-01 2.003890474374245834e-01
2.525545660951128424e-01 2.000362952649611947e-01
2.534760574220681351e-01 2.009031144955298887e-01
2.542404165897210189e-01 2.017546290372713158e-01
2.549688524563593628e-01 2.026278456718178245e-01
2.556936392602062735e-01 2.035274614345605193e-01
2.564320423620395362e-01 2.044578100245315611e-01
2.571927853728218083e-01 2.054217746442029979e-01
2.587158176175050617e-01 2.076793911403247428e-01
2.604395426587361451e-01 2.099720165085114942e-01
2.622987281196876852e-01 2.123584318920466729e-01
2.642535791982335014e-01 2.148325562805538658e-01
2.662904771928147341e-01 2.173939247882842318e-01
2.676210389406102341e-01 2.186856192278913702e-01
2.686416982135740872e-01 2.199305554730439649e-01
2.695162915431886796e-01 2.211011660360278075e-01
2.703271487356084801e-01 2.222243506363252574e-01
2.710613367096226245e-01 2.232774437561777514e-01
2.717621576495927727e-01 2.242846471723842217e-01
2.724504389067632371e-01 2.252616452756630583e-01
2.731325409849602037e-01 2.262153306617964432e-01
2.738105691047649781e-01 2.271490886061643955e-01
2.744851052160469651e-01 2.280646721208412775e-01
2.751560616649053603e-01 2.289629928845086648e-01
2.758230452428608315e-01 2.298445228012522823e-01
2.769748348029106855e-01 2.318876480156039088e-01
2.782208534754742058e-01 2.337526900813568509e-01
2.794756070247214619e-01 2.355448217277671397e-01
2.806839715020515991e-01 2.372470856258378502e-01
2.813767140429294100e-01 2.376712606456001520e-01
2.822919434394954852e-01 2.393272833129912180e-01
2.828233713418843998e-01 2.396075029665404865e-01
2.831831205858709177e-01 2.399610378786910525e-01
2.838789852858605856e-01 2.414476981018620072e-01
2.842994563003237163e-01 2.415968099284623860e-01
2.849851385966755135e-01 2.430104916335313892e-01
2.861829956593536228e-01 2.454244646771016614e-01
2.875932482793924772e-01 2.476582064992782495e-01
4.388234314697052052e-01 3.853519010840228964e-01
4.418555478409991188e-01 3.883467325801281955e-01
4.440711252288696564e-01 3.914054847883219335e-01
4.458954088773386948e-01 3.944117289035803386e-01
4.471178533890940443e-01 3.956495019251881629e-01
4.483085871929081145e-01 3.984629199149537504e-01
4.496578776931692278e-01 4.013460778033333676e-01
4.507147815158285553e-01 4.025639489294978723e-01
4.517631276639892390e-01 4.053876548028134130e-01
4.530580840077811366e-01 4.083915057295960938e-01
4.544733443246666837e-01 4.115224452521311083e-01
4.557234625099576553e-01 4.130997668925162625e-01
4.566270311561288486e-01 4.145950290384439185e-01
4.574184220448810345e-01 4.161091064862946221e-01
4.581842810418084166e-01 4.176683786360056994e-01
4.587713674833944766e-01 4.176362566432381684e-01
4.590838887149842340e-01 4.190949914043313740e-01
4.595325550063610320e-01 4.190801432405082405e-01
4.596236108303461965e-01 4.189403156704909481e-01
4.595801318504569299e-01 4.187639364404680542e-01
4.594854463653407772e-01 4.185765456885954805e-01
4.593688655956330580e-01 4.183845141776867393e-01
4.592421522052752558e-01 4.181893647983467854e-01
4.591104064998885459e-01 4.179913800739096796e-01
4.589759139234538821e-01 4.177905086298644988e-01
4.588396980206990161e-01 4.175866068821632027e-01
4.587021943733602947e-01 4.173795039999126377e-01
4.585635575709411382e-01 4.171690190973467161e-01
4.584238055360964625e-01 4.169549656230419066e-01
4.568732724692476932e-01 4.148089697555473188e-01
4.570376522338051029e-01 4.146584882250642923e-01
4.571823122435407782e-01 4.160489871420299246e-01
4.579103571350984780e-01 4.192629652920559225e-01
4.592454260883224171e-01 4.227683891798260096e-01
4.608403799332572714e-01 4.264334429332985454e-01
4.627424944541732588e-01 4.334903758305520549e-01
4.652763055824580274e-01 4.365686169137993344e-01
4.669336983320588885e-01 4.409947371746895661e-01
4.683382013983093395e-01 4.517838136296397633e-01
4.706727964749684023e-01 4.582612729187713896e-01
4.721444384456308097e-01 4.662462283116295403e-01
4.722545395837507431e-01 4.817073609110769095e-01
4.757903873011163354e-01 4.886806404869374343e-01
4.764166119071441274e-01 4.943023522363841349e-01
4.765343333694868622e-01 4.994085894442902296e-01
4.757436459379865146e-01 5.053683712699568176e-01
4.752491926115394172e-01 5.109510234659970784e-01
5.882052337999050806e-01 6.360570455622109876e-01
5.879956639342158731e-01 6.408030734278957752e-01
5.874926198308522141e-01 6.454197289422384243e-01
5.867122506547939320e-01 6.500377190138950656e-01
5.856198328552730814e-01 6.544336622695829941e-01
5.867216894217860412e-01 6.559455727455563157e-01
5.868367381891368417e-01 6.571741599863260008e-01
5.855006585991058277e-01 6.597170180946675400e-01
5.857475627410735353e-01 6.610382992098149391e-01
5.843045053150190959e-01 6.636643715782633013e-01
5.844975552709841260e-01 6.651279585270744032e-01
5.829620057611639705e-01 6.678659884893241028e-01
5.831420932945705626e-01 6.694806352462945309e-01
5.802065608757533965e-01 6.736898350182061179e-01
5.768692861052184817e-01 6.797079286970222345e-01
5.754851977338857338e-01 6.850427348352099433e-01
5.719221084059871174e-01 6.919312246312330217e-01
5.682317862161000432e-01 6.994671871530131479e-01
5.619029222239453336e-01 7.077522840654129066e-01
5.553879325531896338e-01 7.161697885211919523e-01
5.486733601106128511e-01 7.247980035197798543e-01
5.501740838590150062e-01 7.278359463337219504e-01
5.468535103647336193e-01 7.300152294009101261e-01
5.440889671138822159e-01 7.321222286328947781e-01
5.415238322946989147e-01 7.342024418999071322e-01
5.373630851141784071e-01 7.373109226110642345e-01
5.336635999196988056e-01 7.402874786680672115e-01
5.282465571245473779e-01 7.439765787524961205e-01
5.233887861244324036e-01 7.474477677828791355e-01
5.205790797141188753e-01 7.496797170125268917e-01
5.176293475571577263e-01 7.517474777982739997e-01
5.500654267129878594e-01 8.043688343263382112e-01
5.473240189285402124e-01 8.063081625791024276e-01
5.465853713413987292e-01 8.070873148128535624e-01
5.455894878629613531e-01 8.078458288899246220e-01
5.465185404365016097e-01 8.074813006688943418e-01
5.471852734160754794e-01 8.071079024320244599e-01
5.477770298569599738e-01 8.067238217335030992e-01
5.494502005253163457e-01 8.047540928551172312e-01
5.513738253608418960e-01 8.033246432087955968e-01
5.186474428007512572e-01 7.499123867818235922e-01
5.225862122350705130e-01 7.462743222528227527e-01
5.267008258244715302e-01 7.433462401048990253e-01
5.313658324235432939e-01 7.390170837888674349e-01
5.369811667473602945e-01 7.338577573819313749e-01
5.434163181671904930e-01 7.279223185055817558e-01
5.501480022295938133e-01 7.207195193092832408e-01
5.563286249699217478e-01 7.132286858011520625e-01
5.614292148564570262e-01 7.047004384666510912e-01
5.664087853659494076e-01 6.959143121541734311e-01
5.712916332682215215e-01 6.888555128514941561e-01
5.749815196082395108e-01 6.803262488429112631e-01
5.783745945537583921e-01 6.746675723896113919e-01
5.809808648101661976e-01 6.703364992034965830e-01
5.829150536311362707e-01 6.674951824351286200e-01
5.846766379861552121e-01 6.682090544950506361e-01
5.839691995725160290e-01 6.694981690123860130e-01
5.834947468070738053e-01 6.708778186195349935e-01
5.816862877829054312e-01 6.736678202210105715e-01
5.790649877770241982e-01 6.780935992522343359e-01
5.756677443532003391e-01 6.842598069333512001e-01
5.710684018298556319e-01 6.924976988841355929e-01
5.663381721416897996e-01 7.016133693642423452e-01
5.587878596851998392e-01 7.113752463464346754e-01
5.510035136144105783e-01 7.212764299675826773e-01
5.429827860641902593e-01 7.314208849326226947e-01
5.353012443681965937e-01 7.387859611669371773e-01
5.290444303551553595e-01 7.439802493144531681e-01
5.261005265856912860e-01 7.463613161122164552e-01
5.227918902487171948e-01 7.485739237164241722e-01
5.196989330210720626e-01 7.506776412734250670e-01
5.168027708193774217e-01 7.526793467089905043e-01
5.510000787650322085e-01 8.039800754170389752e-01
5.517025834599524892e-01 8.038151695103814554e-01
5.176748723705978383e-01 7.515772206077817597e-01
5.193207339963019642e-01 7.504122115644720203e-01
5.218091332113516945e-01 7.477884828286146535e-01
5.246175582999329512e-01 7.458267901076611750e-01
5.281057978965646438e-01 7.424146336312322791e-01
5.318676307454464069e-01 7.397366802449462098e-01
5.353788346915122620e-01 7.372372583349502406e-01
5.386651530294699342e-01 7.348941581053263228e-01
5.410616452480528915e-01 7.343642783344781488e-01
5.426277624983619763e-01 7.331807019709206674e-01
5.434093665503452186e-01 7.336543056431714671e-01
5.435266869230652720e-01 7.334987839872496584e-01
5.436599499990485418e-01 7.333465631589657363e-01
5.437969285443631229e-01 7.332052078596490441e-01
5.432873532099972147e-01 7.347587220034366151e-01
5.428210561961046565e-01 7.339563507325850278e-01
5.430358681440590196e-01 7.338029140224777702e-01
5.425725052202308163e-01 7.353441900379253937e-01
5.414878403049087074e-01 7.362110542665984969e-01
5.404387643436101563e-01 7.369944176075289288e-01
5.394211415831657863e-01 7.377038134521644031e-01
5.384617648476059948e-01 7.383755863889329696e-01
5.375565256756370536e-01 7.390113282830530483e-01
5.367017643182527831e-01 7.396120681513708162e-01
5.358943980412096408e-01 7.401792719721033142e-01
5.351316950493071323e-01 7.407145994255353028e-01
5.326463022836483985e-01 7.422714379984975963e-01
5.323447275668120593e-01 7.427088686757661318e-01
5.299961527607608414e-01 7.441422295532127418e-01
5.298393203030205001e-01 7.444708730660453133e-01
5.293916853949889312e-01 7.447551441219435464e-01
5.289751233900743532e-01 7.450222143554767751e-01
5.268158169148138281e-01 7.463162096118378663e-01
5.268520315879092752e-01 7.465325503957376263e-01
5.274305036611038888e-01 7.451194385666517483e-01
5.293818900651668935e-01 7.427690022474358056e-01
5.317470864242058726e-01 7.411294053688395334e-01
5.339496069520626165e-01 7.395958203629657834e-01
5.367655643005347921e-01 7.365172180273266145e-01
5.399924985648780762e-01 7.342207013816812733e-01
5.429997912881100453e-01 7.320678941889233737e-01
5.456471052517340992e-01 7.298182263062771291e-01
5.475085594531212685e-01 7.293265451434691737e-01
5.486267369872172006e-01 7.282276224500304762e-01
5.502887371960469842e-01 7.254195010570725355e-01
5.525832280673107499e-01 7.232889574371401675e-01
5.551713519562810895e-01 7.193391844178804728e-01
5.578376809443676976e-01 7.153976792468336177e-01
5.603896674631418939e-01 7.112459589747597288e-01
5.629791724571885370e-01 7.069937660715002181e-01
5.653604015499648083e-01 7.044924602297453209e-01
5.671166304074639619e-01 7.034466754024365498e-01
5.679028465361815048e-01 7.056647830180033942e-01
5.625239625579722125e-01 7.105155861207766987e-01
5.547844508274260011e-01 7.183396106228931988e-01
5.426729461393774434e-01 7.302379702169018438e-01
5.254215013689191860e-01 7.447020910362388557e-01
5.371285633605579202e-01 8.103475622880181861e-01
5.055960437155665455e-01 8.293755889366473122e-01
4.656912384395472393e-01 8.515440356381276388e-01
4.217754545645707731e-01 8.740244055257931910e-01
3.799724934637586649e-01 8.935156593433143390e-01
3.395701340486823594e-01 9.090839455301732430e-01
2.946262911989610545e-01 9.242696681247249968e-01
2.478648393607329470e-01 9.382744380063623435e-01
2.050429416563221419e-01 9.488525755052132915e-01
1.614575947398642908e-01 9.567730184772624824e-01
1.128488512808911298e-01 9.636340814408352884e-01
6.477231184714918322e-02 9.687011404423195859e-01
2.186651627789448771e-02 9.703091162805723702e-01
-2.392425999360469485e-02 9.698472284209951333e-01
-7.314704396070909054e-02 9.675439832299480569e-01
-1.189292256724874125e-01 9.635911642345260653e-01
-1.603284334150831825e-01 9.555510543313825433e-01
-2.038265342449986917e-01 9.435103087644006736e-01
-2.467731548538610320e-01 9.284500773797876860e-01
-2.828886632648324184e-01 9.110786611385732758e-01
-3.117547592829207348e-01 8.857319785470171292e-01
-3.364001284864255314e-01 8.508909915603792840e-01
-3.342820209421761279e-01 7.664700549506963112e-01
-3.419426736540072120e-01 7.235783497044810941e-01
-3.430476926927792380e-01 6.800270007900888203e-01
-3.404024225183758245e-01 6.361762354002886699e-01
-2.706942195835208009e-01 4.822872256530165713e-01
-2.649725032683672432e-01 4.582207955936734578e-01
-2.603083718520964873e-01 4.399332225128732565e-01
-2.563108086379840000e-01 4.250016435092913158e-01
-2.556041505716776796e-01 4.181944870604483722e-01
-2.571222214531441730e-01 4.175025912694626529e-01
-2.580146015385047509e-01 4.185844663844786595e-01
-2.587007494984809308e-01 4.197623372521008256e-01
-2.592999826566847466e-01 4.210770507560154252e-01
-2.598406840862236833e-01 4.224717852022834008e-01
-2.603613764401143671e-01 4.239496725876376049e-01
-2.612628093786772410e-01 4.276545186590642311e-01
-2.623749365282855850e-01 4.315685887746412153e-01
-2.636070806720340332e-01 4.357014190695099876e-01
-2.648974826165091945e-01 4.399964006474417211e-01
-2.661920097242602701e-01 4.443872434568181262e-01
-2.672502930225121309e-01 4.468400512808439751e-01
-2.681196942392771732e-01 4.493692355944996497e-01
-2.676463183212131614e-01 4.475225581283752696e-01
-2.684535289166442018e-01 4.502211743154744261e-01
-2.679792953367368669e-01 4.484035732977130762e-01
-2.674685695106945871e-01 4.466704683853669478e-01
-2.669520615174089118e-01 4.448861172415822796e-01
-2.653352009906033704e-01 4.406489145584947531e-01
-2.664008692536606326e-01 4.433039539676104646e-01
-2.648157159202526589e-01 4.388536135214994305e-01
-2.622825848125832082e-01 4.321739975799795963e-01
-2.622042458012708854e-01 4.301639774830505747e-01
-2.582944676209299462e-01 4.205803062457368902e-01
-2.534471839558249950e-01 4.082514913370782761e-01
-2.472558205359101646e-01 3.931205739248062603e-01
-2.393867495395350931e-01 3.747384569588280145e-01
-2.301126832172964709e-01 3.535910356375030483e-01
-2.193881754845803389e-01 3.307789970441852301e-01
-1.360043960442363087e-01 2.005389127810603134e-01
-1.350931556743122930e-01 1.976478245548418111e-01
-1.369297112511967396e-01 2.008686756671925755e-01
-2.101479272312343494e-01 3.104838989053522180e-01
-1.346719232703020019e-01 1.963412163909484531e-01
-1.358852315173640357e-01 1.983431537130547484e-01
-1.369258661393857879e-01 2.000778406905471818e-01
-2.108033495694709714e-01 3.120342265587615072e-01
-2.130199316589106162e-01 3.164500020315403894e-01
-2.151174482061048998e-01 3.206011496660843840e-01
-2.170878272748759108e-01 3.244971005599227021e-01
-2.180891608986290087e-01 3.258056410346599208e-01
-2.180267200035319597e-01 3.248810725829961443e-01
-2.177676337716014932e-01 3.242343434710776018e-01
-2.191929163463361974e-01 3.283639738260800689e-01
-2.208597023406177196e-01 3.318689083193646638e-01
-2.195313101796791400e-01 3.281998203361997657e-01
-2.141074105398243776e-01 3.185136391408820988e-01
-2.132526151024409233e-01 3.163434704096660943e-01
-2.121498505622931852e-01 3.139526558306020565e-01
-2.123588203695032928e-01 3.139373654462638275e-01
-2.124167473939096717e-01 3.138773056897060099e-01
-2.124448135914900893e-01 3.138757670527745347e-01
-2.133612567861241927e-01 3.162674489312486958e-01
-2.134907353895129090e-01 3.159786713838947381e-01
-2.134806686785201135e-01 3.158794778574057216e-01
-2.121335634206648335e-01 3.135958360162016123e-01
-2.109978542903674648e-01 3.115366442673074276e-01
-2.112708512934305394e-01 3.117515006031941760e-01
-2.100734349061265382e-01 3.096596197961005714e-01
-2.103747290532737013e-01 3.099873337446949484e-01
-2.105457226527129855e-01 3.101976435278002153e-01
-2.115873775107115218e-01 3.127914781168532055e-01
-2.127052683694946877e-01 3.150622712125690783e-01
-2.128903343433794504e-01 3.148201120069060721e-01
-2.138031557071521649e-01 3.171370324284432107e-01
-2.147904547280987120e-01 3.191456628255709971e-01
-2.157383328901189834e-01 3.210217546649308251e-01
-2.174945749348120849e-01 3.251327219849406425e-01
-2.201411694743452829e-01 3.311466396979457216e-01
-2.236122399597568755e-01 3.389069175203762163e-01
-2.270321454178901022e-01 3.459421337636663374e-01
-2.310241146643046695e-01 3.548628866205665311e-01
-2.342843625000450292e-01 3.610490999783440014e-01
-2.371866526814956355e-01 3.670374585174207005e-01
-2.398850259816696084e-01 3.730806820075499020e-01
-2.424336555100939650e-01 3.794391788734325921e-01
-2.443579513705517181e-01 3.837440050484954845e-01
-2.461508747763850313e-01 3.881161010483505924e-01
-2.473649203447191303e-01 3.903956490136833990e-01
-2.489553028108624777e-01 3.949322087491851097e-01
-2.507155194531758280e-01 3.996817598325984044e-01
-2.525497031667687797e-01 4.045453227260183970e-01
-2.549259907943642323e-01 4.117287540316430516e-01
-2.575633801601851514e-01 4.191242879019496659e-01
-2.601353173083189030e-01 4.265386575611873066e-01
-2.627188475007800061e-01 4.345165687595993753e-01
-2.652820358812732482e-01 4.428482338982792643e-01
-2.680444531653022322e-01 4.534539191254734480e-01
-2.708868676921964980e-01 4.642342669646197240e-01
-2.737531998052700755e-01 4.752065180723146209e-01
-2.763995250302341278e-01 4.841278917067782794e-01
-3.438799686074696105e-01 6.073988581828794198e-01
-3.461015598733193643e-01 6.174327954833875864e-01
-3.479152975781409918e-01 6.242859145637673635e-01
-3.491891941730933535e-01 6.306813399243813567e-01
-3.502899385622846307e-01 6.366560714362948792e-01
-3.510927242349541344e-01 6.444581790287056133e-01
-3.512289280169060279e-01 6.604559933215414791e-01
-3.539239439353026873e-01 6.673071073105560913e-01
-3.549825843716396534e-01 6.736079159690662177e-01
-3.554829166799415296e-01 6.798107227213348036e-01
-3.557043171342419985e-01 6.860718370940321886e-01
-3.558075648463195906e-01 6.924407553419082983e-01
-3.558565155805756275e-01 6.989401333967089069e-01
-3.552558004279870452e-01 7.074535309866070154e-01
-3.542966551504719286e-01 7.181035661428291084e-01
-3.533657135042271857e-01 7.294664963485778530e-01
-3.511290743740573816e-01 7.433097148063256832e-01
-3.483423060174658525e-01 7.571351164158934832e-01
-3.449969940577759520e-01 7.706776248900949478e-01
-3.411637416472595996e-01 7.838105956351142378e-01
-3.555266461055816563e-01 8.464106406144881189e-01
-3.475405428043470968e-01 8.587179068283907757e-01
-3.380398051315476327e-01 8.707187896814178041e-01
-3.279346083013629509e-01 8.820618601869524289e-01
-3.340720351685258493e-01 8.840965256988617682e-01
-3.174784588888314163e-01 8.939290551096105153e-01
-3.121975504369789989e-01 9.012499696203440935e-01
-2.994392275940580550e-01 9.102120225668814957e-01
-2.937347700987631427e-01 9.173833898291688937e-01
-2.861560216685697378e-01 9.227560553758726858e-01
-2.757156087949742540e-01 9.279863818515452500e-01
-2.652636111091238869e-01 9.332593910811038951e-01
-2.549480993038092946e-01 9.384284078292144393e-01
-2.445695615254313560e-01 9.423745647109915691e-01
-2.342912541826357165e-01 9.449234739159505514e-01
-2.290174367832421842e-01 9.465544157527763236e-01
-2.234367491785022586e-01 9.479830735669700914e-01
-2.201569922781309030e-01 9.489871923658920183e-01
-2.188455102223475779e-01 9.495551263585522150e-01
-2.193838457078952642e-01 9.496945811126152881e-01
-2.216707079126319924e-01 9.494127623784824888e-01
-2.267505136627425699e-01 9.469299954964266464e-01
-2.336079420229622838e-01 9.443790353717731456e-01
-2.418275848081279933e-01 9.413026874122822907e-01
-2.511714414807779128e-01 9.377092812441640834e-01
-2.616009153303182067e-01 9.335915890437653797e-01
-2.728795243437473483e-01 9.284796207201597706e-01
-2.832555522926999969e-01 9.219815074906781982e-01
-2.948337139849304123e-01 9.133462261720459718e-01
-3.078207571651471741e-01 9.028126893015118171e-01
-3.222214376069902908e-01 8.862477190734737720e-01
-3.364923028530509841e-01 8.657458853163781942e-01
-3.509500847943761714e-01 8.377450806387563009e-01
-3.397637966526277364e-01 7.627732121173824709e-01
-3.445781055837358609e-01 7.243884383576963959e-01
-3.444366910113053626e-01 6.798612498216412003e-01
-3.396783894876337362e-01 6.302312002034038407e-01
-2.663926282809801482e-01 4.673206297415644084e-01
-2.547010765686456568e-01 4.292590799406392765e-01
-2.387682250815631735e-01 3.860701346420653546e-01
-2.175447323140876910e-01 3.357513176997312110e-01
-1.256536082509479013e-01 1.840045839301812092e-01
-1.070133343765004297e-01 1.517577387262531718e-01
-8.764975682300391036e-02 1.196421851137957904e-01
-3.082774218681808009e-02 3.978706396015230934e-02
-2.242665493268881233e-02 2.832289196029758732e-02
-1.488536491703790557e-02 1.825860513660771539e-02
-8.792045850635253276e-03 1.047795222874757168e-02
0.000000000000000000e+00 0.000000000000000000e+00
0.000000000000000000e+00 0.000000000000000000e+00
0.000000000000000000e+00 0.000000000000000000e+00
0.000000000000000000e+00 0.000000000000000000e+00
0.000000000000000000e+00 0.000000000000000000e+00
0.000000000000000000e+00 0.000000000000000000e+00
0.000000000000000000e+00 0.000000000000000000e+00
0.000000000000000000e+00 0.000000000000000000e+00
0.000000000000000000e+00 0.000000000000000000e+00
0.000000000000000000e+00 0.000000000000000000e+00
0.000000000000000000e+00 0.000000000000000000e+00
0.000000000000000000e+00 0.000000000000000000e+00
0.000000000000000000e+00 0.000000000000000000e+00
0.000000000000000000e+00 0.000000000000000000e+00
0.000000000000000000e+00 0.000000000000000000e+00
0.000000000000000000e+00 0.000000000000000000e+00
0.000000000000000000e+00 0.000000000000000000e+00
0.000000000000000000e+00 0.000000000000000000e+00
0.000000000000000000e+00 0.000000000000000000e+00
0.000000000000000000e+00 0.000000000000000000e+00
0.000000000000000000e+00 0.000000000000000000e+00
0.000000000000000000e+00 0.000000000000000000e+00
0.000000000000000000e+00 0.000000000000000000e+00
0.000000000000000000e+00 0.000000000000000000e+00
0.000000000000000000e+00 0.000000000000000000e+00
0.000000000000000000e+00 0.000000000000000000e+00
0.000000000000000000e+00 0.000000000000000000e+00
0.000000000000000000e+00 0.000000000000000000e+00
0.000000000000000000e+00 0.000000000000000000e+00
0.000000000000000000e+00 0.000000000000000000e+00
0.000000000000000000e+00 0.000000000000000000e+00
0.000000000000000000e+00 0.000000000000000000e+00
0.000000000000000000e+00 0.000000000000000000e+00
0.000000000000000000e+00 0.000000000000000000e+00
0.000000000000000000e+00 0.000000000000000000e+00
0.000000000000000000e+00 0.000000000000000000e+00
0.000000000000000000e+00 0.000000000000000000e+00
0.000000000000000000e+00 0.000000000000000000e+00
0.000000000000000000e+00 0.000000000000000000e+00
0.000000000000000000e+00 0.000000000000000000e+00
0.000000000000000000e+00 0.000000000000000000e+00
0.000000000000000000e+00 0.000000000000000000e+00
0.000000000000000000e+00 0.000000000000000000e+00
0.000000000000000000e+00 0.000000000000000000e+00
0.000000000000000000e+00 0.000000000000000000e+00
0.000000000000000000e+00 0.000000000000000000e+00
0.000000000000000000e+00 0.000000000000000000e+00
0.000000000000000000e+00 0.000000000000000000e+00
0.000000000000000000e+00 0.000000000000000000e+00
0.000000000000000000e+00 0.000000000000000000e+00
0.000000000000000000e+00 0.000000000000000000e+00
0.000000000000000000e+00 0.000000000000000000e+00
0.000000000000000000e+00 0.000000000000000000e+00
0.000000000000000000e+00 0.000000000000000000e+00
0.000000000000000000e+00 0.000000000000000000e+00
0.000000000000000000e+00 0.000000000000000000e+00
0.000000000000000000e+00 0.000000000000000000e+00
0.000000000000000000e+00 0.000000000000000000e+00
0.000000000000000000e+00 0.000000000000000000e+00
0.000000000000000000e+00 0.000000000000000000e+00
0.000000000000000000e+00 0.000000000000000000e+00
0.000000000000000000e+00 0.000000000000000000e+00
0.000000000000000000e+00 0.000000000000000000e+00
0.000000000000000000e+00 0.000000000000000000e+00
0.000000000000000000e+00 0.000000000000000000e+00
0.000000000000000000e+00 0.000000000000000000e+00
0.000000000000000000e+00 0.000000000000000000e+00
0.000000000000000000e+00 0.000000000000000000e+00
0.000000000000000000e+00 0.000000000000000000e+00
0.000000000000000000e+00 0.000000000000000000e+00
0.000000000000000000e+00 0.000000000000000000e+00
0.000000000000000000e+00 0.000000000000000000e+00
0.000000000000000000e+00 0.000000000000000000e+00
0.000000000000000000e+00 0.000000000000000000e+00
0.000000000000000000e+00 0.000000000000000000e+00
0.000000000000000000e+00 0.000000000000000000e+00
0.000000000000000000e+00 0.000000000000000000e+00
0.000000000000000000e+00 0.000000000000000000e+00
0.000000000000000000e+00 0.000000000000000000e+00
0.000000000000000000e+00 0.000000000000000000e+00
0.000000000000000000e+00 0.000000000000000000e+00
0.000000000000000000e+00 0.000000000000000000e+00
0.000000000000000000e+00 0.000000000000000000e+00
0.000000000000000000e+00 0.000000000000000000e+00
0.000000000000000000e+00 0.000000000000000000e+00
0.000000000000000000e+00 0.000000000000000000e+00
0.000000000000000000e+00 0.000000000000000000e+00
0.000000000000000000e+00 0.000000000000000000e+00
0.000000000000000000e+00 0.000000000000000000e+00
0.000000000000000000e+00 0.000000000000000000e+00
0.000000000000000000e+00 0.000000000000000000e+00
0.000000000000000000e+00 0.000000000000000000e+00
0.000000000000000000e+00 0.000000000000000000e+00
0.000000000000000000e+00 0.000000000000000000e+00
0.000000000000000000e+00 0.000000000000000000e+00
0.000000000000000000e+00 0.000000000000000000e+00
0.000000000000000000e+00 0.000000000000000000e+00
0.000000000000000000e+00 0.000000000000000000e+00
0.000000000000000000e+00 0.000000000000000000e+00
0.000000000000000000e+00 0.000000000000000000e+00
0.000000000000000000e+00 0.000000000000000000e+00
0.000000000000000000e+00 0.000000000000000000e+00
0.000000000000000000e+00 0.000000000000000000e+00
0.000000000000000000e+00 0.000000000000000000e+00
0.000000000000000000e+00 0.000000000000000000e+00
0.000000000000000000e+00 0.000000000000000000e+00
0.000000000000000000e+00 0.000000000000000000e+00
0.000000000000000000e+00 0.000000000000000000e+00
0.000000000000000000e+00 0.000000000000000000e+00
0.000000000000000000e+00 0.000000000000000000e+00
0.000000000000000000e+00 0.000000000000000000e+00
0.000000000000000000e+00 0.000000000000000000e+00
0.000000000000000000e+00 0.000000000000000000e+00
0.000000000000000000e+00 0.000000000000000000e+00
0.000000000000000000e+00 0.000000000000000000e+00
0.000000000000000000e+00 0.000000000000000000e+00
0.000000000000000000e+00 0.000000000000000000e+00
0.000000000000000000e+00 0.000000000000000000e+00
0.000000000000000000e+00 0.000000000000000000e+00
0.000000000000000000e+00 0.000000000000000000e+00
0.000000000000000000e+00 0.000000000000000000e+00
0.000000000000000000e+00 0.000000000000000000e+00
0.000000000000000000e+00 0.000000000000000000e+00
0.000000000000000000e+00 0.000000000000000000e+00
0.000000000000000000e+00 0.000000000000000000e+00
0.000000000000000000e+00 0.000000000000000000e+00
0.000000000000000000e+00 0.000000000000000000e+00
0.000000000000000000e+00 0.000000000000000000e+00
0.000000000000000000e+00 0.000000000000000000e+00
0.000000000000000000e+00 0.000000000000000000e+00
0.000000000000000000e+00 0.000000000000000000e+00
0.000000000000000000e+00 0.000000000000000000e+00
0.000000000000000000e+00 0.000000000000000000e+00
0.000000000000000000e+00 0.000000000000000000e+00
0.000000000000000000e+00 0.000000000000000000e+00
0.000000000000000000e+00 0.000000000000000000e+00
0.000000000000000000e+00 0.000000000000000000e+00
0.000000000000000000e+00 0.000000000000000000e+00
0.000000000000000000e+00 0.000000000000000000e+00
0.000000000000000000e+00 0.000000000000000000e+00
0.000000000000000000e+00 0.000000000000000000e+00
0.000000000000000000e+00 0.000000000000000000e+00
0.000000000000000000e+00 0.000000000000000000e+00
0.000000000000000000e+00 0.000000000000000000e+00
0.000000000000000000e+00 0.000000000000000000e+00
0.000000000000000000e+00 0.000000000000000000e+00
0.000000000000000000e+00 0.000000000000000000e+00
0.000000000000000000e+00 0.000000000000000000e+00
0.000000000000000000e+00 0.000000000000000000e+00
0.000000000000000000e+00 0.000000000000000000e+00
0.000000000000000000e+00 0.000000000000000000e+00
0.000000000000000000e+00 0.000000000000000000e+00
0.000000000000000000e+00 0.000000000000000000e+00
0.000000000000000000e+00 0.000000000000000000e+00
0.000000000000000000e+00 0.000000000000000000e+00
0.000000000000000000e+00 0.000000000000000000e+00
0.000000000000000000e+00 0.000000000000000000e+00
0.000000000000000000e+00 0.000000000000000000e+00
0.000000000000000000e+00 0.000000000000000000e+00
0.000000000000000000e+00 0.000000000000000000e+00
0.000000000000000000e+00 0.000000000000000000e+00
0.000000000000000000e+00 0.000000000000000000e+00
0.000000000000000000e+00 0.000000000000000000e+00
0.000000000000000000e+00 0.000000000000000000e+00
0.000000000000000000e+00 0.000000000000000000e+00
0.000000000000000000e+00 0.000000000000000000e+00
0.000000000000000000e+00 0.000000000000000000e+00
0.000000000000000000e+00 0.000000000000000000e+00
0.000000000000000000e+00 0.000000000000000000e+00
0.000000000000000000e+00 0.000000000000000000e+00
0.000000000000000000e+00 0.000000000000000000e+00
0.000000000000000000e+00 0.000000000000000000e+00
0.000000000000000000e+00 0.000000000000000000e+00
0.000000000000000000e+00 0.000000000000000000e+00
0.000000000000000000e+00 0.000000000000000000e+00
0.000000000000000000e+00 0.000000000000000000e+00
0.000000000000000000e+00 0.000000000000000000e+00
0.000000000000000000e+00 0.000000000000000000e+00
0.000000000000000000e+00 0.000000000000000000e+00
0.000000000000000000e+00 0.000000000000000000e+00
0.000000000000000000e+00 0.000000000000000000e+00
0.000000000000000000e+00 0.000000000000000000e+00
0.000000000000000000e+00 0.000000000000000000e+00
0.000000000000000000e+00 0.000000000000000000e+00
0.000000000000000000e+00 0.000000000000000000e+00
0.000000000000000000e+00 0.000000000000000000e+00
0.000000000000000000e+00 0.000000000000000000e+00
0.000000000000000000e+00 0.000000000000000000e+00
0.000000000000000000e+00 0.000000000000000000e+00
0.000000000000000000e+00 0.000000000000000000e+00
0.000000000000000000e+00 0.000000000000000000e+00
0.000000000000000000e+00 0.000000000000000000e+00
0.000000000000000000e+00 0.000000000000000000e+00
0.000000000000000000e+00 0.000000000000000000e+00
0.000000000000000000e+00 0.000000000000000000e+00
0.000000000000000000e+00 0.000000000000000000e+00
0.000000000000000000e+00 0.000000000000000000e+00
0.000000000000000000e+00 0.000000000000000000e+00
0.000000000000000000e+00 0.000000000000000000e+00
0.000000000000000000e+00 0.000000000000000000e+00
0.000000000000000000e+00 0.000000000000000000e+00
0.000000000000000000e+00 0.000000000000000000e+00
0.000000000000000000e+00 0.000000000000000000e+00
0.000000000000000000e+00 0.000000000000000000e+00
0.000000000000000000e+00 0.000000000000000000e+00
0.000000000000000000e+00 0.000000000000000000e+00
0.000000000000000000e+00 0.000000000000000000e+00
0.000000000000000000e+00 0.000000000000000000e+00
0.000000000000000000e+00 0.000000000000000000e+00
0.000000000000000000e+00 0.000000000000000000e+00
0.000000000000000000e+00 0.000000000000000000e+00
0.000000000000000000e+00 0.000000000000000000e+00
0.000000000000000000e+00 0.000000000000000000e+00
0.000000000000000000e+00 0.000000000000000000e+00
0.000000000000000000e+00 0.000000000000000000e+00
0.000000000000000000e+00 0.000000000000000000e+00
0.000000000000000000e+00 0.000000000000000000e+00
0.000000000000000000e+00 0.000000000000000000e+00
0.000000000000000000e+00 0.000000000000000000e+00
0.000000000000000000e+00 0.000000000000000000e+00
0.000000000000000000e+00 0.000000000000000000e+00
0.000000000000000000e+00 0.000000000000000000e+00
0.000000000000000000e+00 0.000000000000000000e+00
0.000000000000000000e+00 0.000000000000000000e+00
0.000000000000000000e+00 0.000000000000000000e+00
0.000000000000000000e+00 0.000000000000000000e+00
0.000000000000000000e+00 0.000000000000000000e+00
0.000000000000000000e+00 0.000000000000000000e+00
0.000000000000000000e+00 0.000000000000000000e+00
0.000000000000000000e+00 0.000000000000000000e+00
0.000000000000000000e+00 0.000000000000000000e+00
0.000000000000000000e+00 0.000000000000000000e+00
0.000000000000000000e+00 0.000000000000000000e+00
0.000000000000000000e+00 0.000000000000000000e+00
0.000000000000000000e+00 0.000000000000000000e+00
0.000000000000000000e+00 0.000000000000000000e+00
0.000000000000000000e+00 0.000000000000000000e+00
0.000000000000000000e+00 0.000000000000000000e+00
0.000000000000000000e+00 0.000000000000000000e+00
0.000000000000000000e+00 0.000000000000000000e+00
0.000000000000000000e+00 0.000000000000000000e+00
0.000000000000000000e+00 0.000000000000000000e+00
0.000000000000000000e+00 0.000000000000000000e+00
0.000000000000000000e+00 0.000000000000000000e+00
0.000000000000000000e+00 0.000000000000000000e+00
0.000000000000000000e+00 0.000000000000000000e+00
0.000000000000000000e+00 0.000000000000000000e+00
0.000000000000000000e+00 0.000000000000000000e+00
0.000000000000000000e+00 0.000000000000000000e+00
0.000000000000000000e+00 0.000000000000000000e+00
0.000000000000000000e+00 0.000000000000000000e+00
0.000000000000000000e+00 0.000000000000000000e+00
0.000000000000000000e+00 0.000000000000000000e+00
0.000000000000000000e+00 0.000000000000000000e+00
0.000000000000000000e+00 0.000000000000000000e+00
0.000000000000000000e+00 0.000000000000000000e+00
0.000000000000000000e+00 0.000000000000000000e+00
0.000000000000000000e+00 0.000000000000000000e+00
0.000000000000000000e+00 0.000000000000000000e+00
0.000000000000000000e+00 0.000000000000000000e+00
0.000000000000000000e+00 0.000000000000000000e+00
0.000000000000000000e+00 0.000000000000000000e+00
0.000000000000000000e+00 0.000000000000000000e+00
0.000000000000000000e+00 0.000000000000000000e+00
0.000000000000000000e+00 0.000000000000000000e+00
0.000000000000000000e+00 0.000000000000000000e+00
0.000000000000000000e+00 0.000000000000000000e+00
0.000000000000000000e+00 0.000000000000000000e+00
0.000000000000000000e+00 0.000000000000000000e+00
0.000000000000000000e+00 0.000000000000000000e+00
0.000000000000000000e+00 0.000000000000000000e+00
0.000000000000000000e+00 0.000000000000000000e+00
0.000000000000000000e+00 0.000000000000000000e+00
0.000000000000000000e+00 0.000000000000000000e+00
0.000000000000000000e+00 0.000000000000000000e+00
0.000000000000000000e+00 0.000000000000000000e+00
0.000000000000000000e+00 0.000000000000000000e+00
0.000000000000000000e+00 0.000000000000000000e+00
0.000000000000000000e+00 0.000000000000000000e+00
0.000000000000000000e+00 0.000000000000000000e+00
0.000000000000000000e+00 0.000000000000000000e+00
0.000000000000000000e+00 0.000000000000000000e+00
0.000000000000000000e+00 0.000000000000000000e+00
0.000000000000000000e+00 0.000000000000000000e+00
0.000000000000000000e+00 0.000000000000000000e+00
0.000000000000000000e+00 0.000000000000000000e+00
0.000000000000000000e+00 0.000000000000000000e+00
0.000000000000000000e+00 0.000000000000000000e+00
0.000000000000000000e+00 0.000000000000000000e+00
0.000000000000000000e+00 0.000000000000000000e+00
0.000000000000000000e+00 0.000000000000000000e+00
0.000000000000000000e+00 0.000000000000000000e+00
0.000000000000000000e+00 0.000000000000000000e+00
0.000000000000000000e+00 0.000000000000000000e+00
0.000000000000000000e+00 0.000000000000000000e+00
0.000000000000000000e+00 0.000000000000000000e+00
0.000000000000000000e+00 0.000000000000000000e+00
0.000000000000000000e+00 0.000000000000000000e+00
0.000000000000000000e+00 0.000000000000000000e+00
0.000000000000000000e+00 0.000000000000000000e+00
0.000000000000000000e+00 0.000000000000000000e+00
0.000000000000000000e+00 0.000000000000000000e+00
0.000000000000000000e+00 0.000000000000000000e+00
0.000000000000000000e+00 0.000000000000000000e+00
0.000000000000000000e+00 0.000000000000000000e+00
0.000000000000000000e+00 0.000000000000000000e+00
0.000000000000000000e+00 0.000000000000000000e+00
0.000000000000000000e+00 0.000000000000000000e+00
0.000000000000000000e+00 0.000000000000000000e+00
0.000000000000000000e+00 0.000000000000000000e+00
0.000000000000000000e+00 0.000000000000000000e+00
0.000000000000000000e+00 0.000000000000000000e+00
0.000000000000000000e+00 0.000000000000000000e+00
0.000000000000000000e+00 0.000000000000000000e+00
0.000000000000000000e+00 0.000000000000000000e+00
0.000000000000000000e+00 0.000000000000000000e+00
0.000000000000000000e+00 0.000000000000000000e+00
0.000000000000000000e+00 0.000000000000000000e+00
0.000000000000000000e+00 0.000000000000000000e+00
0.000000000000000000e+00 0.000000000000000000e+00
0.000000000000000000e+00 0.000000000000000000e+00
0.000000000000000000e+00 0.000000000000000000e+00
0.000000000000000000e+00 0.000000000000000000e+00
0.000000000000000000e+00 0.000000000000000000e+00
0.000000000000000000e+00 0.000000000000000000e+00
0.000000000000000000e+00 0.000000000000000000e+00
0.000000000000000000e+00 0.000000000000000000e+00
0.000000000000000000e+00 0.000000000000000000e+00
0.000000000000000000e+00 0.000000000000000000e+00
0.000000000000000000e+00 0.000000000000000000e+00
0.000000000000000000e+00 0.000000000000000000e+00
0.000000000000000000e+00 0.000000000000000000e+00
0.000000000000000000e+00 0.000000000000000000e+00
0.000000000000000000e+00 0.000000000000000000e+00
0.000000000000000000e+00 0.000000000000000000e+00
0.000000000000000000e+00 0.000000000000000000e+00
0.000000000000000000e+00 0.000000000000000000e+00
0.000000000000000000e+00 0.000000000000000000e+00
0.000000000000000000e+00 0.000000000000000000e+00
0.000000000000000000e+00 0.000000000000000000e+00
0.000000000000000000e+00 0.000000000000000000e+00
0.000000000000000000e+00 0.000000000000000000e+00
0.000000000000000000e+00 0.000000000000000000e+00
0.000000000000000000e+00 0.000000000000000000e+00
0.000000000000000000e+00 0.000000000000000000e+00
0.000000000000000000e+00 0.000000000000000000e+00
0.000000000000000000e+00 0.000000000000000000e+00
0.000000000000000000e+00 0.000000000000000000e+00
0.000000000000000000e+00 0.000000000000000000e+00
0.000000000000000000e+00 0.000000000000000000e+00
0.000000000000000000e+00 0.000000000000000000e+00
0.000000000000000000e+00 0.000000000000000000e+00
0.000000000000000000e+00 0.000000000000000000e+00
0.000000000000000000e+00 0.000000000000000000e+00
0.000000000000000000e+00 0.000000000000000000e+00
0.000000000000000000e+00 0.000000000000000000e+00
0.000000000000000000e+00 0.000000000000000000e+00
0.000000000000000000e+00 0.000000000000000000e+00
0.000000000000000000e+00 0.000000000000000000e+00
0.000000000000000000e+00 0.000000000000000000e+00
0.000000000000000000e+00 0.000000000000000000e+00
0.000000000000000000e+00 0.000000000000000000e+00
0.000000000000000000e+00 0.000000000000000000e+00
0.000000000000000000e+00 0.000000000000000000e+00
0.000000000000000000e+00 0.000000000000000000e+00
0.000000000000000000e+00 0.000000000000000000e+00
0.000000000000000000e+00 0.000000000000000000e+00
0.000000000000000000e+00 0.000000000000000000e+00
0.000000000000000000e+00 0.000000000000000000e+00
0.000000000000000000e+00 0.000000000000000000e+00
0.000000000000000000e+00 0.000000000000000000e+00
0.000000000000000000e+00 0.000000000000000000e+00
0.000000000000000000e+00 0.000000000000000000e+00
0.000000000000000000e+00 0.000000000000000000e+00
0.000000000000000000e+00 0.000000000000000000e+00
0.000000000000000000e+00 0.000000000000000000e+00
0.000000000000000000e+00 0.000000000000000000e+00
0.000000000000000000e+00 0.000000000000000000e+00
0.000000000000000000e+00 0.000000000000000000e+00
0.000000000000000000e+00 0.000000000000000000e+00
0.000000000000000000e+00 0.000000000000000000e+00
0.000000000000000000e+00 0.000000000000000000e+00
0.000000000000000000e+00 0.000000000000000000e+00
0.000000000000000000e+00 0.000000000000000000e+00
0.000000000000000000e+00 0.000000000000000000e+00
0.000000000000000000e+00 0.000000000000000000e+00
0.000000000000000000e+00 0.000000000000000000e+00
0.000000000000000000e+00 0.000000000000000000e+00
0.000000000000000000e+00 0.000000000000000000e+00
0.000000000000000000e+00 0.000000000000000000e+00
0.000000000000000000e+00 0.000000000000000000e+00
0.000000000000000000e+00 0.000000000000000000e+00
0.000000000000000000e+00 0.000000000000000000e+00
0.000000000000000000e+00 0.000000000000000000e+00
0.000000000000000000e+00 0.000000000000000000e+00
0.000000000000000000e+00 0.000000000000000000e+00
0.000000000000000000e+00 0.000000000000000000e+00
0.000000000000000000e+00 0.000000000000000000e+00
0.000000000000000000e+00 0.000000000000000000e+00
0.000000000000000000e+00 0.000000000000000000e+00
0.000000000000000000e+00 0.000000000000000000e+00
0.000000000000000000e+00 0.000000000000000000e+00
0.000000000000000000e+00 0.000000000000000000e+00
0.000000000000000000e+00 0.000000000000000000e+00
0.000000000000000000e+00 0.000000000000000000e+00
0.000000000000000000e+00 0.000000000000000000e+00
0.000000000000000000e+00 0.000000000000000000e+00
0.000000000000000000e+00 0.000000000000000000e+00
0.000000000000000000e+00 0.000000000000000000e+00
0.000000000000000000e+00 0.000000000000000000e+00
0.000000000000000000e+00 0.000000000000000000e+00
0.000000000000000000e+00 0.000000000000000000e+00
0.000000000000000000e+00 0.000000000000000000e+00
0.000000000000000000e+00 0.000000000000000000e+00
0.000000000000000000e+00 0.000000000000000000e+00
0.000000000000000000e+00 0.000000000000000000e+00
0.000000000000000000e+00 0.000000000000000000e+00
0.000000000000000000e+00 0.000000000000000000e+00
0.000000000000000000e+00 0.000000000000000000e+00
0.000000000000000000e+00 0.000000000000000000e+00
0.000000000000000000e+00 0.000000000000000000e+00
0.000000000000000000e+00 0.000000000000000000e+00
0.000000000000000000e+00 0.000000000000000000e+00
0.000000000000000000e+00 0.000000000000000000e+00
0.000000000000000000e+00 0.000000000000000000e+00
0.000000000000000000e+00 0.000000000000000000e+00
0.000000000000000000e+00 0.000000000000000000e+00
0.000000000000000000e+00 0.000000000000000000e+00
7.453745469127376344e-02 4.971899641479660126e-01
8.647812330595180952e-02 5.647908978478919373e-01
9.572851614244408391e-02 6.283455449213594113e-01
1.038103104281430794e-01 6.870281081778081278e-01
1.014685963957869114e-01 7.089946770460947567e-01
1.003429412293631307e-01 7.287316390279922063e-01
1.023533481034783477e-01 7.486344053257962816e-01
1.124179081777081229e-01 7.941054147090573778e-01
1.257295220403174540e-01 8.381956534943000303e-01
1.374486359559432824e-01 8.793293414949823195e-01
1.479904137938262421e-01 9.162125471004474164e-01
1.567984176394885965e-01 9.455240454944053852e-01
1.632092867338462705e-01 9.620133442377865052e-01
1.663503848820128417e-01 9.615514119104923152e-01
1.733488995489093631e-01 9.598932339379090406e-01
1.730901657907891744e-01 9.603308806864944147e-01
1.737216076279112231e-01 9.593092223195961443e-01
1.767109122161684975e-01 9.582654316154159968e-01
1.827071920055684251e-01 9.576759956624177894e-01
1.855509079564041652e-01 9.574587796693896369e-01
1.881238533439118510e-01 9.570390332362106456e-01
1.946257595017052422e-01 9.554073156349919271e-01
1.960143021946658959e-01 9.554185426868718745e-01
1.952711728571368266e-01 9.558392610681154533e-01
1.968158444212436409e-01 9.554140888220240546e-01
1.981054059144155000e-01 9.551401096337828189e-01
1.928572099795001216e-01 9.564078476122508388e-01
1.862402058328141430e-01 9.575422957542856217e-01
1.825936666554016374e-01 9.583574621154480333e-01
1.793242260126405863e-01 9.590050301154018353e-01
1.807253722008524965e-01 9.587587186532139372e-01
1.818393333989571925e-01 9.585592605808823663e-01
1.803660623293350251e-01 9.581967003381850478e-01
1.836108377226761124e-01 9.569727363368083495e-01
1.824683023568014484e-01 9.573787598392127229e-01
1.838871779492655956e-01 9.578542206630905609e-01
1.846636787654756251e-01 9.579402905672529389e-01
1.853264553253857194e-01 9.578743600281637294e-01
1.859159042742319357e-01 9.577770217408556608e-01
1.885498351679953666e-01 9.570803696910178404e-01
1.908048553438755623e-01 9.565878675565459011e-01
1.906832741220976790e-01 9.567882480998157746e-01
1.927617405013701268e-01 9.562308842404451115e-01
1.945243891198294439e-01 9.558497823827590834e-01
1.960780283823433667e-01 9.555316090715032518e-01
1.974497507304590893e-01 9.552573835833960691e-01
1.965583622568529143e-01 9.556407890413773920e-01
1.958590535395356436e-01 9.558344129202096529e-01
1.973512016513924994e-01 9.553573260256656985e-01
1.985868689416041000e-01 9.550680818134634764e-01
1.996733200870803304e-01 9.548364196928733616e-01
2.006313134287730227e-01 9.546407104170340219e-01
2.014773656588493833e-01 9.544715131559924348e-01
2.001237142074131503e-01 9.549544064936428267e-01
1.969171476169052082e-01 9.558567986875137201e-01
1.941792506195999246e-01 9.564652450297567166e-01
1.938638711154062610e-01 9.563448111342639502e-01
1.913902725307952690e-01 9.569875155240347153e-01
1.871007477105432748e-01 9.576659391570643276e-01
1.833354555550397169e-01 9.583287413458101422e-01
1.799937761824724480e-01 9.589316923066097953e-01
1.748444825916861955e-01 9.596859897766242264e-01
1.681402407955184808e-01 9.606497849704105363e-01
1.578722139512986344e-01 9.619970121859694467e-01
1.466843224839401716e-01 9.635625993207713735e-01
1.325773836288806629e-01 9.653380856104353258e-01
1.166731465140794927e-01 9.670608114591286997e-01
9.928296362150998422e-02 9.686108338746910462e-01
8.085642146091298610e-02 9.697296819917891053e-01
6.338749984478105060e-02 9.706111292534116419e-01
4.669522210325290079e-02 9.712260716491672996e-01
2.772179366211692531e-02 9.714548398938466223e-01
6.264350380296629384e-03 9.710618990756884061e-01
-1.918382910028348237e-02 9.699116797664992795e-01
-3.897325350361175583e-02 9.687262667370504232e-01
-5.186251174690577337e-02 9.679656588391186700e-01
-6.784829155652410959e-02 9.666639197275866957e-01
-8.256185834512366761e-02 9.653794805243496313e-01
-9.597689121478851504e-02 9.641444570822781390e-01
-1.098879915459529677e-01 9.622865345614199928e-01
-1.220749349997757999e-01 9.599904730907022898e-01
-1.329743818217763440e-01 9.573996777315411100e-01
-1.429701345308387050e-01 9.545054037858277107e-01
-1.517179395246277540e-01 9.516393771360793785e-01
-1.973804075871148089e-01 9.413588455724370974e-01
-2.022301556890685470e-01 9.363997778277859396e-01
-2.056651966006320664e-01 9.330436476338392904e-01
-2.086125065909675003e-01 9.306766310305349954e-01
-2.111761962860942976e-01 9.282649717702081693e-01
-2.135422048376009740e-01 9.262178308493327350e-01
-2.555912412207672624e-01 9.089413708437154016e-01
-2.489634512318339432e-01 9.044910545037404548e-01
-2.433140360090294829e-01 8.393623280273325715e-01
-2.194546157090583871e-01 7.662593561349457794e-01
-2.613925356003558576e-01 7.588207130584339044e-01
-2.657808974478320097e-01 6.489718578107692704e-01
-2.860338928408560077e-01 6.440835575469568974e-01
-2.290326637173752400e-01 5.883205193507864417e-01
-2.476752107777312473e-01 5.727653086983444108e-01
-2.655274826242231545e-01 5.605851017735602460e-01
-1.986120517496356430e-01 5.306379683365185507e-01
-1.968781224453892698e-01 3.993521034648285228e-01
-2.101937928258219013e-01 4.050543605373131406e-01
-1.689723584018141267e-01 3.810251477048559599e-01
-1.786283035239879247e-01 3.817318111782006529e-01
-1.388023013121628402e-01 3.587871413634136641e-01
-1.003669565098346955e-01 3.390416558757657350e-01
-6.361449989610229450e-02 3.201314348240601459e-01
3.003756862323229693e-01 4.391218239384879207e-01
3.642299729370119810e-01 4.574472881283390691e-01
3.310411723769084991e-01 4.150983640802536345e-01
3.857974611290444500e-01 4.377259494647471327e-01
3.212884929604394313e-01 3.147020951371944930e-01
-2.124483756763942410e-01 4.179609420487849780e-01
-3.173506130017575422e-01 4.637443796856470790e-01
-2.523455484771578994e-01 5.345266442070031321e-01
-2.601504477095151757e-01 5.474219725266545877e-01
-3.238042584645573485e-01 5.887179084633012982e-01
-3.253251421551208167e-01 6.494140346763680460e-01
-3.244151196713936369e-01 7.091919513192307400e-01
-3.202711650321519721e-01 7.633652867030344957e-01
-3.166222435405088298e-01 8.123488933256782785e-01
-2.883553621390370636e-01 8.644378344269731951e-01
-2.555247953083671364e-01 9.055413831714277384e-01
-2.176227928960534075e-01 9.402970952194074084e-01
-1.670175464666549259e-01 9.570635408582830461e-01
-1.202076352924499325e-01 9.639271162111118230e-01
-7.937975724177695480e-02 9.682734296183926892e-01
-3.442307806945685972e-02 9.703586436754887412e-01
8.878611927934841608e-03 9.704750907505896862e-01
5.378708934008184089e-02 9.684744018271117527e-01
9.914736894626939578e-02 9.649867642210192553e-01
1.556177802417764433e-01 9.589355583874542566e-01
2.216377284626526722e-01 9.393891215903883429e-01
2.593201373916134145e-01 9.158813002943180237e-01
3.047806348998028381e-01 8.945380283536494836e-01
3.261729748983201449e-01 8.650512372748402345e-01
3.156342967104968644e-01 7.385069241496816650e-01
3.283971980310325112e-01 7.045800000819784081e-01
3.332178874291752413e-01 6.773019797794563868e-01
3.344946077244914662e-01 6.573313332500352324e-01
3.349872238054841800e-01 6.438720173495664501e-01
3.358582376221617705e-01 6.366598916642776107e-01
3.302439734562727658e-01 6.224688079571777388e-01
3.450601042879516411e-01 6.401323706699207916e-01
4.631487172256803508e-01 7.502298338710098324e-01
4.743064608621692102e-01 7.670601281478959255e-01
4.825414125291094813e-01 7.820239734289271549e-01
4.885263362712867208e-01 7.943892396393213984e-01
4.923307935169071170e-01 8.063987292683290065e-01
4.944835497787282708e-01 8.150807535010129445e-01
4.956733742342204208e-01 8.212646731227739583e-01
5.100941534445283532e-01 8.327115292213933540e-01
5.080299017234595205e-01 8.339601117022774623e-01
5.061700703840965598e-01 8.350214340657343692e-01
5.045105216051998243e-01 8.359314382073658178e-01
5.028608929890225898e-01 8.367967222242768122e-01
5.013096801126916136e-01 8.376102736442745389e-01
5.015405181950585156e-01 8.369815507023614654e-01
5.019137122244998750e-01 8.366106086484857984e-01
5.038284701777917540e-01 8.349715706643300317e-01
5.056756666638554387e-01 8.337224644353058434e-01
5.073352096627992136e-01 8.326509022649770664e-01
5.092641118774884346e-01 8.304229734785446571e-01
5.103791932431488432e-01 8.298417955571442128e-01
5.115111188365335515e-01 8.290971693653753638e-01
5.127004253148906843e-01 8.283638867373328551e-01
5.125193989689619256e-01 8.295649056569702751e-01
5.118236926588318747e-01 8.303170382230267155e-01
5.111334967184453237e-01 8.308305047395850851e-01
5.090058121160443427e-01 8.326188919811661204e-01
5.069595601149031738e-01 8.339127912217998428e-01
5.051561513693423322e-01 8.350131389089703315e-01
5.051086954226650105e-01 8.346148862154108006e-01
5.036472950268358062e-01 8.358593013979396247e-01
5.022013609396474010e-01 8.367622209440525038e-01
5.009154810160187932e-01 8.375460726824930369e-01
4.974793539429059330e-01 8.384332369229563486e-01
4.973358150399617150e-01 8.393359116267167241e-01
4.982834450220411382e-01 8.386356434037499641e-01
5.001258844514080426e-01 8.361680915154716676e-01
5.029687921714623977e-01 8.350502099512173704e-01
5.051010181052115744e-01 8.339346716265462200e-01
5.053707604450801139e-01 8.342348857127671602e-01
5.039005247381060926e-01 8.356310462258071947e-01
5.024326702329314775e-01 8.366007744340973051e-01
4.991513862947336011e-01 8.383785294298122803e-01
4.982881579746817335e-01 8.390563217189881406e-01
4.990570558618682706e-01 8.382630842040301733e-01
4.998545742382279888e-01 8.377399208470456271e-01
5.005636404353237534e-01 8.372962359049898051e-01
5.043762841955037324e-01 8.342074344576005940e-01
5.095090160267857771e-01 8.304749700579863170e-01
5.110976818331265381e-01 8.301964843983962172e-01
5.137419641626572719e-01 8.281900835673041694e-01
5.132338311135731246e-01 8.294172879728221037e-01
5.124345964761273242e-01 8.300280538447344370e-01
5.117176679038974996e-01 8.305151998614168640e-01
5.095626475279211309e-01 8.323192070069334036e-01
5.054979540932020843e-01 8.346223008204145533e-01
5.019445748236851523e-01 8.366933798681485124e-01
4.987959022364817918e-01 8.385380780806228618e-01
4.995846218754036450e-01 8.378815629243147045e-01
4.987300601196831829e-01 8.387818505555844073e-01
4.978422992131604774e-01 8.393736432226068800e-01
4.950727950253689946e-01 8.408196489005320684e-01
4.926958678655258272e-01 8.421640231572644630e-01
4.890082227374615842e-01 8.448107538758844459e-01
4.854636258818044725e-01 8.466364635448697662e-01
4.762662536035870975e-01 8.415217335700589940e-01
4.676203270754782926e-01 8.363773232154005921e-01
4.593571435307462481e-01 8.309093395185463971e-01
4.517378154510876542e-01 8.254988096958482124e-01
4.429729667221056211e-01 8.205719984171873094e-01
4.351148263830473817e-01 8.151632737775097448e-01
3.608665362005066823e-01 7.540913032186560283e-01
3.574637527090704370e-01 7.524176588063153925e-01
3.541393624546158025e-01 7.502117575321811671e-01
3.510904505607349568e-01 7.477170656044264119e-01
3.474358838405863237e-01 7.467875355358715161e-01
3.456197685665012842e-01 7.444798475423065609e-01
3.369558164100187603e-01 7.469832973980246038e-01
3.323232895309699564e-01 7.546374333066907525e-01
3.275174878886279450e-01 7.644265611771084989e-01
3.555440763396262582e-01 8.497721686202504010e-01
3.575490434174999899e-01 8.537993537741026540e-01
3.574582019310095782e-01 8.542293424102210819e-01
3.425321684725396998e-01 8.716255797135225025e-01
3.269249761329326986e-01 8.889612937692616956e-01
3.121418602660258612e-01 9.028134717833100620e-01
2.981860063622991941e-01 9.135515174232252678e-01
2.812982864137162364e-01 9.229000887192241320e-01
2.617546289091272071e-01 9.306689995108358149e-01
2.332883998797805891e-01 9.436365971989174595e-01
1.980107390272239365e-01 9.509302344872206936e-01
1.585981088689428775e-01 9.576135972191871515e-01
1.146098342709540308e-01 9.635487481108528929e-01
7.718310143640413901e-02 9.685945406197421503e-01
4.334871353678440564e-02 9.706003301492144297e-01
1.345271347720991550e-02 9.709528031045823182e-01
-3.675033297901057761e-02 9.692028557912421016e-01
-1.076357023859141476e-01 9.650288665641049146e-01
-1.647247134385717848e-01 9.571105844751651714e-01
-2.158468747436331492e-01 9.456775337673178905e-01
-2.580488948669576454e-01 9.364160267651369107e-01
-2.910627189481420074e-01 9.268475541050632538e-01
-3.421199777171652356e-01 9.090398741768010993e-01
-3.874485229754203175e-01 8.906119956758927758e-01
-4.465322362140691781e-01 8.625091536210571785e-01
-4.931953496620515853e-01 8.347305417234953673e-01
-5.300486163688177266e-01 8.070500930733598421e-01
-5.535464463541339697e-01 7.743252836569184394e-01
-5.731469151309040999e-01 7.528427262587324975e-01
-5.966740883788370642e-01 7.130452251227982208e-01
-6.072726155208987286e-01 6.771202269885833180e-01
-6.136782175822527163e-01 6.581128601437969960e-01
-6.157351636863506172e-01 6.480893458622336567e-01
-6.183370869026765249e-01 6.480342985482572260e-01
-5.383658590172573088e-01 5.585108953892248262e-01
-6.219148496509230295e-01 6.499383443798472104e-01
-6.245774326289661449e-01 6.636414847742269085e-01
-6.245432083999344908e-01 6.739283423271923423e-01
-6.237321658255174928e-01 6.822198568483387460e-01
-6.226172142180317337e-01 6.888818899352568970e-01
-6.217821996886621072e-01 6.964153622547332168e-01
-6.205845581531316268e-01 7.023322033779141327e-01
-6.189573163009306489e-01 7.070210799264179391e-01
-6.160280328423940466e-01 7.123184116059456672e-01
-6.140353843835081316e-01 7.168187327917795448e-01
-6.137084478965962875e-01 7.172693166775143681e-01
-6.134909885177763922e-01 7.178663937414250240e-01
-6.133129696010611864e-01 7.142774045484110435e-01
-6.141926941588801148e-01 7.159470772116185433e-01
-6.141046744181204442e-01 7.168131800092604200e-01
-6.138978776457678643e-01 7.175009375993831595e-01
-6.136863979370260624e-01 7.180839292074336910e-01
-6.117412706599159034e-01 7.132851420621824090e-01
-6.135241979615304597e-01 7.133615075507487857e-01
-6.147372821972014734e-01 7.154455832050797826e-01
-6.147283541152234188e-01 7.165265082286258469e-01
-6.144800665961299702e-01 7.173041032502960324e-01
-6.124617661467672836e-01 7.104621627346304757e-01
-6.130270780307193190e-01 7.051717837083630869e-01
-6.149468609087137549e-01 7.050030316673200348e-01
-6.159296359266008825e-01 7.043049190746083488e-01
-6.246466251025005745e-01 7.176945184168483927e-01
-6.222952144099519467e-01 7.128872016849653326e-01
-6.221175629523447714e-01 7.094483728113801790e-01
-6.216040219345586593e-01 7.099649978067431588e-01
-6.250769627394965333e-01 7.145784173559507346e-01
-6.257338045429793327e-01 7.170050786526294129e-01
-6.501551637057971789e-01 7.279433617431405601e-01
-6.498761432056965326e-01 7.276205368764226966e-01
-6.526404344827032578e-01 7.244104003661169244e-01
-6.556114750448694961e-01 7.212909306884950356e-01
-6.539975966724187462e-01 7.238043593624150507e-01
-6.520040094456929225e-01 7.259224492269069628e-01
-6.511901896177507698e-01 7.261506687046916930e-01
-6.483191293855034010e-01 7.298688200450432761e-01
-6.501000426871718085e-01 7.266596261458753148e-01
-6.485801997155906662e-01 7.287533538820762935e-01
-6.471063798910817733e-01 7.302947505805208461e-01
-6.457895181267963025e-01 7.315128070722044518e-01
-6.478521311446302500e-01 7.285912421779829895e-01
-6.455200386719059935e-01 7.320575177713377624e-01
-6.430959098588372447e-01 7.344188080056124335e-01
-6.391311124317677894e-01 7.376633649572658102e-01
-6.398847367960833754e-01 7.362149514766616054e-01
-6.408232838394486430e-01 7.351612970643698342e-01
-6.393814279752781937e-01 7.373789481134715995e-01
-6.429784310688984039e-01 7.324734419363624349e-01
-6.417953159101040805e-01 7.353574728186911269e-01
-6.399108512829978501e-01 7.371473686799124847e-01
-6.382332171339758498e-01 7.386480660606743465e-01
-6.367753747495651373e-01 7.399226157485723210e-01
-6.337175301164812424e-01 7.422968030768483105e-01
-6.326703310389483192e-01 7.420632814435975666e-01
-6.337055357517281662e-01 7.410151855047227842e-01
-6.331308611434518507e-01 7.425381821319658737e-01
-6.339301592265803587e-01 7.420147782402443104e-01
-6.331199868349820514e-01 7.432211737632613557e-01
-6.322228242930355568e-01 7.439644023556387653e-01
-6.295788283181805722e-01 7.458810782355859148e-01
-6.291302215020879718e-01 7.463422157847244831e-01
-6.286522760102202234e-01 7.467363381202447581e-01
-6.282214486950938870e-01 7.470805712148942401e-01
-6.280989025983615415e-01 7.475283223241565578e-01
-6.276396038046504477e-01 7.481993833592762710e-01
-6.139261103276181242e-01 7.462724087172515341e-01
-6.125364597778893971e-01 7.480282848523926997e-01
-6.110619455574042291e-01 7.492961147508147013e-01
-6.096641804923750296e-01 7.503698586758136280e-01
-6.086367018509467597e-01 7.510994123873492301e-01
-6.078322094865797887e-01 7.516863757072625996e-01
-6.051931934669158020e-01 7.531522787283511100e-01
-6.031940339591732592e-01 7.544875247060491841e-01
-6.032640315420282340e-01 7.544332835058149556e-01
-6.027981773030794965e-01 7.541157600048009613e-01
-6.004886850879542770e-01 7.549159745114309983e-01
-6.006035235940033745e-01 7.545086266173413048e-01
-6.003008838424239713e-01 7.540489574315165644e-01
-5.982631360056527292e-01 7.548984738909638725e-01
-5.969334426081974732e-01 7.558175226750477593e-01
-5.975639289567826751e-01 7.554291684928958750e-01
-5.997180939042527914e-01 7.517565553534243383e-01
-5.978044248236183966e-01 7.471616123621671601e-01
-5.977040670965412250e-01 7.440378543589819538e-01
-6.021033233718842137e-01 7.436452675199451967e-01
-6.044577400508013287e-01 7.420538283995402606e-01
-6.056781577196810318e-01 7.399791556109593937e-01
-6.065115484750309705e-01 7.379549945887330376e-01
-6.047311865117780405e-01 7.312112454248103077e-01
-6.053903933378420588e-01 7.260947319139416933e-01
-6.073807959873712692e-01 7.217608948426469384e-01
-6.099092588709226215e-01 7.196667382571415583e-01
-6.119740812876564018e-01 7.151041168428948769e-01
-6.146321415133514376e-01 7.108408408649816712e-01
-6.171927244328468953e-01 7.089291763574918637e-01
-6.189258730636982841e-01 7.067562487499757795e-01
-6.192085827252959973e-01 7.080806223001380184e-01
-6.194351466163857678e-01 7.090022072635180361e-01
-6.182224131078895013e-01 7.112430057504910419e-01
-6.163054110810023412e-01 7.149950774212676663e-01
-6.151783155064581843e-01 7.187909260222969943e-01
-6.109622948710023982e-01 7.250943166356772496e-01
-6.040738028238731294e-01 7.343492989716606800e-01
-5.946475808823905584e-01 7.465138945210181287e-01
-5.808400981753788495e-01 7.628683758710705920e-01
-5.604898808381476583e-01 7.846615554827696126e-01
-5.319276835401113290e-01 8.109674281960368436e-01
-4.944757124281645155e-01 8.353921973479123686e-01
-4.532135827938402195e-01 8.577486425884360832e-01
-4.105149007689836149e-01 8.785738063321775204e-01
-3.668191080413953920e-01 8.982980746420767826e-01
-3.246758153688783510e-01 9.144125814747807723e-01
-2.794844642196864792e-01 9.287039059817204789e-01
-2.331908099870173001e-01 9.414606521849540055e-01
-1.880604587310011899e-01 9.521591667358572098e-01
-1.427188765737465725e-01 9.595424017735150191e-01
-9.523376618694079365e-02 9.650442318348695370e-01
-4.717503933491140611e-02 9.691030327596659166e-01
-2.182004958481899293e-03 9.704826573551895708e-01
4.501680454645034385e-02 9.689124757396109233e-01
9.305396916904856708e-02 9.653458840783155637e-01
1.400089242018565938e-01 9.603569288615990684e-01
1.827734379253871944e-01 9.513015679027739813e-01
2.255798206057982869e-01 9.372255145388512787e-01
2.553850381913860268e-01 8.840239856892256887e-01
2.895519156415108930e-01 8.642325367070026187e-01
3.146443397992109148e-01 8.353308224336467580e-01
3.315899083373658462e-01 8.037914385762374714e-01
2.880070967175035745e-01 6.578106221909041373e-01
2.938301216721062592e-01 6.450117051817292335e-01
2.970616072094113269e-01 6.371586683563299491e-01
2.993882125965415808e-01 6.340797991020881152e-01
3.012986313792552773e-01 6.359937138655257227e-01
3.048576467908210574e-01 6.645775333915240335e-01
3.057465678147928134e-01 6.866031787735935588e-01
3.031207353987038777e-01 6.813958487257976149e-01
3.014812883836515134e-01 6.783352578910369912e-01
2.992730680888009975e-01 6.773734466834879786e-01
2.976489596818007732e-01 6.769079386092397010e-01
2.961650503120080713e-01 6.766111581707048295e-01
2.936219104432622462e-01 6.774318186068252201e-01
2.904242280749376182e-01 6.794927183266200599e-01
3.431613455477275920e-01 8.145447145313163828e-01
3.394682395079537396e-01 8.343188810310935288e-01
3.348440310633343797e-01 8.503015318320007454e-01
3.298990210228071041e-01 8.634506195925946148e-01
3.242385791560252195e-01 8.737057187971724037e-01
3.184294182780231242e-01 8.815504354230839779e-01
3.150443960848768321e-01 8.874557616717779762e-01
3.096515035971036389e-01 8.871319831179761417e-01
3.114962586167233094e-01 8.920518154757579588e-01
3.141262848376734085e-01 8.942720954176370807e-01
3.155326420830418810e-01 8.949917793017823087e-01
3.165417957509683577e-01 8.952912649945182766e-01
3.173546276776608166e-01 8.954578997478398472e-01
3.160568144669945179e-01 8.961982227887620445e-01
3.113071918496818080e-01 8.937436632248815238e-01
3.077208137524900522e-01 8.935229731757371452e-01
3.048171714858908254e-01 8.945529916819366933e-01
3.000789715554406656e-01 8.966028398261907117e-01
3.015510233726167999e-01 9.023110786774904968e-01
3.038563018645883407e-01 9.046455282725752722e-01
3.069615190337832145e-01 9.047156453058489145e-01
3.039236626820752130e-01 9.015695618151962076e-01
3.081447706302488099e-01 9.014672981790310402e-01
3.106982053008418010e-01 9.022316233340446079e-01
3.076318821954304172e-01 8.990980924480385106e-01
3.054146259363356708e-01 8.979076858194748878e-01
3.047184140661159391e-01 8.961335749255099348e-01
3.053948354861233949e-01 8.933968965241986249e-01
3.064409459908805644e-01 8.911720173083504948e-01
3.075949022935383637e-01 8.890254264602567291e-01
3.079701941177706570e-01 8.886580383090982860e-01
3.072532575741948602e-01 8.896456298233684779e-01
3.069831783060530395e-01 8.883620150260239656e-01
3.069184417888851657e-01 8.874394827043105005e-01
3.110400513100525788e-01 8.925115398624690055e-01
3.133327313052299279e-01 8.944801043272525565e-01
3.147421480553438400e-01 8.951436516063447923e-01
3.138068637949923967e-01 8.960146076156367823e-01
3.133360898742304501e-01 8.971473919728019109e-01
3.129766898193333535e-01 8.982133614605894989e-01
3.106651895393082174e-01 8.997771210131905173e-01
2.900931730686997501e-01 9.133206094289820776e-01
2.716729398398617934e-01 9.199683194901838723e-01
2.555803352279242269e-01 9.256202475381132277e-01
2.458393749783962523e-01 9.435161471790259879e-01
2.338837055772823026e-01 9.468146726862577411e-01
2.234756188951598221e-01 9.495569045974830980e-01
2.148349279029837522e-01 9.517039206971567022e-01
2.100065425650245177e-01 9.530545700373305174e-01
2.056546785692419665e-01 9.540842698464259142e-01
2.019130464082193877e-01 9.549200902703129934e-01
1.986572610802269379e-01 9.556166534255010614e-01
2.199601845981822013e-01 9.499405472047243171e-01
2.368596768731339453e-01 9.334263342635491512e-01
2.421209378448650473e-01 9.272231207654827445e-01
2.638930706383169622e-01 9.217327888013904236e-01
2.824530325643871409e-01 9.157286913761694125e-01
2.993762658650334085e-01 9.065926812540568980e-01
3.103679963653269702e-01 9.014006986740431548e-01
3.191408693907107352e-01 8.927235628801856171e-01
3.272289381977556699e-01 8.828218125448286102e-01
3.329553159693403042e-01 8.782172823203969747e-01
3.368860177801115685e-01 8.755341210740210656e-01
3.399450369660242388e-01 8.726199435089682099e-01
3.409285781853245156e-01 8.761728868535120229e-01
3.399774664904882115e-01 8.796317508720119527e-01
3.365653710194351222e-01 8.825824530754173836e-01
3.336690539059017357e-01 8.853323490921234384e-01
3.330006497227822604e-01 8.870280748535216420e-01
3.327328227011969730e-01 8.862123204791466646e-01
3.328009117933587446e-01 8.859450033214977260e-01
3.322419689978164392e-01 8.877442554221529614e-01
3.254960581152309684e-01 8.856977234419490808e-01
3.233825728851975057e-01 8.909476695964607673e-01
3.229681737856083812e-01 8.940764060591389617e-01
3.237986384214187607e-01 8.951945426807436101e-01
3.239607831983668529e-01 8.955348923991945931e-01
3.220111697719196808e-01 8.963520943038311151e-01
3.206480727238746886e-01 8.974430684858134555e-01
3.175033057129006964e-01 8.991204722844187147e-01
3.171388241811447517e-01 9.004073631966182933e-01
3.144657566234648205e-01 9.018346610367483640e-01
3.043819604901813469e-01 9.058849263931837426e-01
2.856693643439939811e-01 9.189462080755672613e-01
2.656090836162181557e-01 9.253782216323047649e-01
2.540901695248834469e-01 9.289346260072408601e-01
2.414653434496486784e-01 9.445003131025629939e-01
2.283162439844836633e-01 9.480180204859333104e-01
2.168909885960789152e-01 9.508785949348450561e-01
2.094657554170483993e-01 9.528612488072925046e-01
2.070588108732872024e-01 9.532015168781684533e-01
2.068805223370794311e-01 9.528635547093761149e-01
2.273717183353481941e-01 9.481323286920024795e-01
2.334481081351138798e-01 9.448859082121898734e-01
2.408469607484859942e-01 9.419325629248378462e-01
2.617532609181618675e-01 9.220120914971857706e-01
2.784446343333505380e-01 9.194699315234500236e-01
2.956780855265050412e-01 9.090831744866854081e-01
2.993690439453481900e-01 9.058322562776501830e-01
3.008977101171969593e-01 9.038137937935238897e-01
3.070493482845045863e-01 9.057913725109179026e-01
3.111740736085221171e-01 9.049588740951286514e-01
3.141384358723244841e-01 9.031522127089363083e-01
3.122284203186862506e-01 8.985016583532312584e-01
3.130627820391204685e-01 8.924376252250507680e-01
3.176748732576591960e-01 8.954641726887216935e-01
3.203955390994502883e-01 8.956112207530250169e-01
3.221862166403807182e-01 8.947397877144608325e-01
3.195299114339885116e-01 8.918646309096980307e-01
3.184165209021426746e-01 8.887008195076432360e-01
3.257982778357512710e-01 8.818977403762019440e-01
3.297116164132045668e-01 8.836125759902018206e-01
3.317242618587034064e-01 8.829515056633955306e-01
3.325637118925356406e-01 8.839295092303958157e-01
3.354999964186637373e-01 8.762733270307812017e-01
3.374665792893081773e-01 8.773184218906200371e-01
3.377887958899409848e-01 8.790875255684958978e-01
3.375425456684223446e-01 8.799289657884198368e-01
3.378092130971675489e-01 8.785129346186586474e-01
3.383965144329231234e-01 8.777690451157620366e-01
3.378070979118185657e-01 8.812668912616187233e-01
3.364645393126735051e-01 8.832249436552752631e-01
3.357467510123535170e-01 8.827784740146801257e-01
3.348252674902333359e-01 8.848908649409806815e-01
3.336662609669887036e-01 8.862797646844265964e-01
3.325769140727793394e-01 8.874417280715355405e-01
3.315891604354913036e-01 8.884520181179499376e-01
3.228037587743995407e-01 8.869975718932137099e-01
3.259161463737926256e-01 8.891185934471905750e-01
3.267897421651159706e-01 8.915488035281465828e-01
3.247847453697125242e-01 8.931800695738111306e-01
3.231818225746841411e-01 8.947252330245868412e-01
3.186337162644880538e-01 8.923880382506683695e-01
3.133124604761277077e-01 8.928417530754411136e-01
3.110902827914120983e-01 8.943117694853774946e-01
3.066672777085276969e-01 8.965076701441430096e-01
3.026570463153636648e-01 8.992677983774767236e-01
3.006644388155730319e-01 9.016712729361739953e-01
2.959711500210051582e-01 9.039873761444242595e-01
2.935737493393893449e-01 9.056991097718176675e-01
2.906450049790026968e-01 9.066247210319583472e-01
2.877800504741129251e-01 9.074198315125679981e-01
2.869181733979385696e-01 9.077067444700207544e-01
2.857228534661188646e-01 9.076774871120156796e-01
2.867166949035622747e-01 9.045081926894744662e-01
2.842704617344226081e-01 9.063524449943425321e-01
2.813373706248501471e-01 9.070909168017199375e-01
2.782285024714755695e-01 9.072091688241874508e-01
2.730568830166129612e-01 9.075902279602798828e-01
2.681839925247559986e-01 9.079654651585066238e-01
2.634264984459872561e-01 9.082798375484313347e-01
2.587765145838774594e-01 9.085273229183364885e-01
2.542296028484914983e-01 9.087098026253630501e-01
2.497814527809240071e-01 9.088294510719420183e-01
2.475050643801663119e-01 9.085119899983242764e-01
2.429344959013548522e-01 9.084030509767688777e-01
2.387063690735421739e-01 9.083855683560544403e-01
2.345839463202902819e-01 9.083495484764375627e-01
2.401591974377438321e-01 9.443611221874094186e-01
2.363716097873965194e-01 9.453344847663502915e-01
2.348584781953473588e-01 9.459013811430034835e-01
2.353970571425181291e-01 9.460255568209344768e-01
2.292818804290112089e-01 9.470507793150814146e-01
2.281391157119900814e-01 9.475770738503288548e-01
2.267019143862980257e-01 9.479965661644393915e-01
2.231381574397605372e-01 9.486936854985013046e-01
2.217742629992333625e-01 9.491290436920221119e-01
2.181249281512830929e-01 9.498123662917633547e-01
2.145223742178596904e-01 9.505608365734723453e-01
2.152122398937484915e-01 9.507466070416269455e-01
2.113493233962680518e-01 9.513455829615804493e-01
2.076589672395307007e-01 9.520769689879656772e-01
2.100572832033072990e-01 9.513989261465146674e-01
2.141953501257602421e-01 9.500017208949103065e-01
2.185517017531469486e-01 9.489205329346691586e-01
2.173520800228840033e-01 9.500939836358774926e-01
2.158744129531708078e-01 9.504695533092673010e-01
2.143907759638958577e-01 9.508190975899540875e-01
2.150614844746255305e-01 9.508651015762910053e-01
2.134613965632501109e-01 9.511015504977751167e-01
2.141329498303499168e-01 9.511075633576907551e-01
2.125324970178497364e-01 9.513238308515469255e-01
2.088581177531072530e-01 9.519053161229951154e-01
2.030626826658001038e-01 9.528961683548187178e-01
1.949688216420049081e-01 9.543172665199304294e-01
1.864063110197911044e-01 9.559098663787546357e-01
1.751315480410579328e-01 9.578371806501666530e-01
1.613064472372236213e-01 9.600778999336784247e-01
1.422973248579213201e-01 9.626819945672371315e-01
1.252304815108150615e-01 9.651087802588906861e-01
1.079315620496679451e-01 9.673886364471868671e-01
9.225686808575592202e-02 9.689718017854147547e-01
8.015978701969607434e-02 9.701560139959612972e-01
7.094089417161236755e-02 9.711110890095608905e-01
6.605813767652100876e-02 9.718743847083167742e-01
6.306556321764060502e-02 9.723851153479763365e-01
6.203014372752533451e-02 9.727217641612024845e-01
6.309148632321846806e-02 9.729391390540838014e-01
6.625958359713068901e-02 9.726640457766535519e-01
7.337889966415425680e-02 9.717816377792183324e-01
7.976718269677006423e-02 9.711767637914914264e-01
8.771399022770855203e-02 9.702064430578868359e-01
9.704106727969821766e-02 9.690254837971479240e-01
1.054584269159321852e-01 9.680564287058048834e-01
1.175878331904103569e-01 9.663298586000055312e-01
1.328734461377766851e-01 9.640463604337313752e-01
1.503579541928646290e-01 9.608523219531039938e-01
1.681451375623439215e-01 9.571456338565892397e-01
1.865065192372317437e-01 9.529897430774939560e-01
2.061532916399899107e-01 9.478600797876680639e-01
2.259180396453724371e-01 9.421825237313965484e-01
2.286731219281406269e-01 8.830548489768224041e-01
2.444257382200918094e-01 8.776200555609081633e-01
2.567054695200026715e-01 8.737384220102465404e-01
2.654603607064372484e-01 8.724094059458175066e-01
2.707876151627872652e-01 8.720618679809271079e-01
2.739183222622352809e-01 8.713012182511735704e-01
2.755355823249602265e-01 8.712875098002222929e-01
2.756818176610248416e-01 8.720864893540479779e-01
2.743352226609525601e-01 8.736565834151363008e-01
2.724819288848760457e-01 8.743108391237649490e-01
2.685712788923340644e-01 8.751812593646908223e-01
2.630303401481496883e-01 8.766667889117357726e-01
2.559104772176079567e-01 8.787465217356249525e-01
2.474286605093178881e-01 8.811100691360593817e-01
2.395588965036778428e-01 8.831251747793104068e-01
2.321534854212144727e-01 8.849867380246566606e-01
2.401608627281447694e-01 9.439033528041472776e-01
2.331611861339703551e-01 9.457224347204460368e-01
2.260578865856192055e-01 9.474334806042022938e-01
2.166468926412336293e-01 9.493895682523327828e-01
2.091181913152648786e-01 9.510809999748689458e-01
2.012631991524768960e-01 9.527444260054944714e-01
1.931760579357948981e-01 9.544283153507265860e-01
1.869645210538125601e-01 9.559024286603088338e-01
1.824092696523391677e-01 9.570791227775923282e-01
1.775358064749958387e-01 9.581504917842941227e-01
1.744391452776612450e-01 9.590017129824950359e-01
1.753780374567784628e-01 9.588083686000268280e-01
1.804120641277884296e-01 9.573053228746124521e-01
1.898453805783427983e-01 9.546028187945694299e-01
2.054693007726048071e-01 9.496632290546160871e-01
2.249050542220846216e-01 9.431016320235042771e-01
2.315656356178928121e-01 8.778026196230745981e-01
2.543642597485903933e-01 8.680196747087361997e-01
2.776829330190344058e-01 8.551616468362164269e-01
2.989357936196664900e-01 8.333403888579266061e-01
3.186745897706781960e-01 8.003595875857574260e-01
2.696780101286786469e-01 6.278149226049981602e-01
2.772673429681613011e-01 5.986187849694770691e-01
2.784542308992843940e-01 5.649970298413344860e-01
2.748609624562257103e-01 5.261852392370025555e-01
1.773137193161397340e-01 3.174636684252581387e-01
1.698254671558500073e-01 2.891513753284785659e-01
1.592266939019754413e-01 2.607535209150079192e-01
1.464851190968577965e-01 2.306603362865726203e-01
6.178093218710928314e-02 9.035414091276963711e-02
5.444871123812274755e-02 7.770191198062427473e-02
4.656957878399729106e-02 6.468794715008360785e-02
3.845658947297540819e-02 5.171033138665077217e-02
5.269371539908203339e-03 6.341542624046342738e-03
3.844463044424582723e-03 4.581652644788670667e-03
2.614240054293829729e-03 3.115529976608354210e-03
1.380297317693195049e-03 1.644974287209016988e-03
0.000000000000000000e+00 0.000000000000000000e+00
0.000000000000000000e+00 0.000000000000000000e+00
0.000000000000000000e+00 0.000000000000000000e+00
0.000000000000000000e+00 0.000000000000000000e+00
0.000000000000000000e+00 0.000000000000000000e+00
0.000000000000000000e+00 0.000000000000000000e+00
0.000000000000000000e+00 0.000000000000000000e+00
0.000000000000000000e+00 0.000000000000000000e+00
0.000000000000000000e+00 0.000000000000000000e+00
0.000000000000000000e+00 0.000000000000000000e+00
0.000000000000000000e+00 0.000000000000000000e+00
0.000000000000000000e+00 0.000000000000000000e+00
0.000000000000000000e+00 0.000000000000000000e+00
0.000000000000000000e+00 0.000000000000000000e+00
0.000000000000000000e+00 0.000000000000000000e+00
0.000000000000000000e+00 0.000000000000000000e+00
0.000000000000000000e+00 0.000000000000000000e+00
0.000000000000000000e+00 0.000000000000000000e+00
0.000000000000000000e+00 0.000000000000000000e+00
0.000000000000000000e+00 0.000000000000000000e+00
0.000000000000000000e+00 0.000000000000000000e+00
0.000000000000000000e+00 0.000000000000000000e+00
0.000000000000000000e+00 0.000000000000000000e+00
0.000000000000000000e+00 0.000000000000000000e+00
0.000000000000000000e+00 0.000000000000000000e+00
0.000000000000000000e+00 0.000000000000000000e+00
0.000000000000000000e+00 0.000000000000000000e+00
0.000000000000000000e+00 0.000000000000000000e+00
0.000000000000000000e+00 0.000000000000000000e+00
0.000000000000000000e+00 0.000000000000000000e+00
0.000000000000000000e+00 0.000000000000000000e+00
0.000000000000000000e+00 0.000000000000000000e+00
0.000000000000000000e+00 0.000000000000000000e+00
0.000000000000000000e+00 0.000000000000000000e+00
0.000000000000000000e+00 0.000000000000000000e+00
0.000000000000000000e+00 0.000000000000000000e+00
0.000000000000000000e+00 0.000000000000000000e+00
0.000000000000000000e+00 0.000000000000000000e+00
0.000000000000000000e+00 0.000000000000000000e+00
0.000000000000000000e+00 0.000000000000000000e+00
0.000000000000000000e+00 0.000000000000000000e+00
0.000000000000000000e+00 0.000000000000000000e+00
0.000000000000000000e+00 0.000000000000000000e+00
0.000000000000000000e+00 0.000000000000000000e+00
0.000000000000000000e+00 0.000000000000000000e+00
0.000000000000000000e+00 0.000000000000000000e+00
0.000000000000000000e+00 0.000000000000000000e+00
0.000000000000000000e+00 0.000000000000000000e+00
0.000000000000000000e+00 0.000000000000000000e+00
0.000000000000000000e+00 0.000000000000000000e+00
0.000000000000000000e+00 0.000000000000000000e+00
0.000000000000000000e+00 0.000000000000000000e+00
0.000000000000000000e+00 0.000000000000000000e+00
0.000000000000000000e+00 0.000000000000000000e+00
0.000000000000000000e+00 0.000000000000000000e+00
0.000000000000000000e+00 0.000000000000000000e+00
0.000000000000000000e+00 0.000000000000000000e+00
0.000000000000000000e+00 0.000000000000000000e+00
0.000000000000000000e+00 0.000000000000000000e+00
0.000000000000000000e+00 0.000000000000000000e+00
0.000000000000000000e+00 0.000000000000000000e+00
0.000000000000000000e+00 0.000000000000000000e+00
0.000000000000000000e+00 0.000000000000000000e+00
0.000000000000000000e+00 0.000000000000000000e+00
0.000000000000000000e+00 0.000000000000000000e+00
0.000000000000000000e+00 0.000000000000000000e+00
0.000000000000000000e+00 0.000000000000000000e+00
0.000000000000000000e+00 0.000000000000000000e+00
0.000000000000000000e+00 0.000000000000000000e+00
0.000000000000000000e+00 0.000000000000000000e+00
0.000000000000000000e+00 0.000000000000000000e+00
0.000000000000000000e+00 0.000000000000000000e+00
0.000000000000000000e+00 0.000000000000000000e+00
0.000000000000000000e+00 0.000000000000000000e+00
0.000000000000000000e+00 0.000000000000000000e+00
0.000000000000000000e+00 0.000000000000000000e+00
0.000000000000000000e+00 0.000000000000000000e+00
0.000000000000000000e+00 0.000000000000000000e+00
0.000000000000000000e+00 0.000000000000000000e+00
0.000000000000000000e+00 0.000000000000000000e+00
0.000000000000000000e+00 0.000000000000000000e+00
0.000000000000000000e+00 0.000000000000000000e+00
0.000000000000000000e+00 0.000000000000000000e+00
0.000000000000000000e+00 0.000000000000000000e+00
0.000000000000000000e+00 0.000000000000000000e+00
0.000000000000000000e+00 0.000000000000000000e+00
0.000000000000000000e+00 0.000000000000000000e+00
0.000000000000000000e+00 0.000000000000000000e+00
0.000000000000000000e+00 0.000000000000000000e+00
0.000000000000000000e+00 0.000000000000000000e+00
0.000000000000000000e+00 0.000000000000000000e+00
0.000000000000000000e+00 0.000000000000000000e+00
0.000000000000000000e+00 0.000000000000000000e+00
0.000000000000000000e+00 0.000000000000000000e+00
0.000000000000000000e+00 0.000000000000000000e+00
0.000000000000000000e+00 0.000000000000000000e+00
0.000000000000000000e+00 0.000000000000000000e+00
0.000000000000000000e+00 0.000000000000000000e+00
0.000000000000000000e+00 0.000000000000000000e+00
0.000000000000000000e+00 0.000000000000000000e+00
0.000000000000000000e+00 0.000000000000000000e+00
0.000000000000000000e+00 0.000000000000000000e+00
0.000000000000000000e+00 0.000000000000000000e+00
0.000000000000000000e+00 0.000000000000000000e+00
0.000000000000000000e+00 0.000000000000000000e+00
0.000000000000000000e+00 0.000000000000000000e+00
0.000000000000000000e+00 0.000000000000000000e+00
0.000000000000000000e+00 0.000000000000000000e+00
0.000000000000000000e+00 0.000000000000000000e+00
0.000000000000000000e+00 0.000000000000000000e+00
0.000000000000000000e+00 0.000000000000000000e+00
0.000000000000000000e+00 0.000000000000000000e+00
0.000000000000000000e+00 0.000000000000000000e+00
0.000000000000000000e+00 0.000000000000000000e+00
0.000000000000000000e+00 0.000000000000000000e+00
0.000000000000000000e+00 0.000000000000000000e+00
0.000000000000000000e+00 0.000000000000000000e+00
0.000000000000000000e+00 0.000000000000000000e+00
0.000000000000000000e+00 0.000000000000000000e+00
0.000000000000000000e+00 0.000000000000000000e+00
0.000000000000000000e+00 0.000000000000000000e+00
0.000000000000000000e+00 0.000000000000000000e+00
0.000000000000000000e+00 0.000000000000000000e+00
0.000000000000000000e+00 0.000000000000000000e+00
0.000000000000000000e+00 0.000000000000000000e+00
0.000000000000000000e+00 0.000000000000000000e+00
0.000000000000000000e+00 0.000000000000000000e+00
0.000000000000000000e+00 0.000000000000000000e+00
0.000000000000000000e+00 0.000000000000000000e+00
0.000000000000000000e+00 0.000000000000000000e+00
0.000000000000000000e+00 0.000000000000000000e+00
0.000000000000000000e+00 0.000000000000000000e+00
0.000000000000000000e+00 0.000000000000000000e+00
0.000000000000000000e+00 0.000000000000000000e+00
0.000000000000000000e+00 0.000000000000000000e+00
0.000000000000000000e+00 0.000000000000000000e+00
0.000000000000000000e+00 0.000000000000000000e+00
0.000000000000000000e+00 0.000000000000000000e+00
0.000000000000000000e+00 0.000000000000000000e+00
0.000000000000000000e+00 0.000000000000000000e+00
0.000000000000000000e+00 0.000000000000000000e+00
0.000000000000000000e+00 0.000000000000000000e+00
0.000000000000000000e+00 0.000000000000000000e+00
0.000000000000000000e+00 0.000000000000000000e+00
0.000000000000000000e+00 0.000000000000000000e+00
0.000000000000000000e+00 0.000000000000000000e+00
0.000000000000000000e+00 0.000000000000000000e+00
0.000000000000000000e+00 0.000000000000000000e+00
0.000000000000000000e+00 0.000000000000000000e+00
0.000000000000000000e+00 0.000000000000000000e+00
0.000000000000000000e+00 0.000000000000000000e+00
0.000000000000000000e+00 0.000000000000000000e+00
0.000000000000000000e+00 0.000000000000000000e+00
0.000000000000000000e+00 0.000000000000000000e+00
0.000000000000000000e+00 0.000000000000000000e+00
0.000000000000000000e+00 0.000000000000000000e+00
0.000000000000000000e+00 0.000000000000000000e+00
0.000000000000000000e+00 0.000000000000000000e+00
0.000000000000000000e+00 0.000000000000000000e+00
0.000000000000000000e+00 0.000000000000000000e+00
0.000000000000000000e+00 0.000000000000000000e+00
0.000000000000000000e+00 0.000000000000000000e+00
0.000000000000000000e+00 0.000000000000000000e+00
0.000000000000000000e+00 0.000000000000000000e+00
0.000000000000000000e+00 0.000000000000000000e+00
0.000000000000000000e+00 0.000000000000000000e+00
0.000000000000000000e+00 0.000000000000000000e+00
0.000000000000000000e+00 0.000000000000000000e+00
0.000000000000000000e+00 0.000000000000000000e+00
0.000000000000000000e+00 0.000000000000000000e+00
0.000000000000000000e+00 0.000000000000000000e+00
0.000000000000000000e+00 0.000000000000000000e+00
0.000000000000000000e+00 0.000000000000000000e+00
0.000000000000000000e+00 0.000000000000000000e+00
0.000000000000000000e+00 0.000000000000000000e+00
0.000000000000000000e+00 0.000000000000000000e+00
0.000000000000000000e+00 0.000000000000000000e+00
0.000000000000000000e+00 0.000000000000000000e+00
0.000000000000000000e+00 0.000000000000000000e+00
0.000000000000000000e+00 0.000000000000000000e+00
0.000000000000000000e+00 0.000000000000000000e+00
0.000000000000000000e+00 0.000000000000000000e+00
0.000000000000000000e+00 0.000000000000000000e+00
0.000000000000000000e+00 0.000000000000000000e+00
0.000000000000000000e+00 0.000000000000000000e+00
0.000000000000000000e+00 0.000000000000000000e+00
0.000000000000000000e+00 0.000000000000000000e+00
0.000000000000000000e+00 0.000000000000000000e+00
0.000000000000000000e+00 0.000000000000000000e+00
0.000000000000000000e+00 0.000000000000000000e+00
0.000000000000000000e+00 0.000000000000000000e+00
0.000000000000000000e+00 0.000000000000000000e+00
0.000000000000000000e+00 0.000000000000000000e+00
0.000000000000000000e+00 0.000000000000000000e+00
0.000000000000000000e+00 0.000000000000000000e+00
0.000000000000000000e+00 0.000000000000000000e+00
0.000000000000000000e+00 0.000000000000000000e+00
0.000000000000000000e+00 0.000000000000000000e+00
0.000000000000000000e+00 0.000000000000000000e+00
0.000000000000000000e+00 0.000000000000000000e+00
0.000000000000000000e+00 0.000000000000000000e+00
0.000000000000000000e+00 0.000000000000000000e+00
0.000000000000000000e+00 0.000000000000000000e+00
0.000000000000000000e+00 0.000000000000000000e+00
0.000000000000000000e+00 0.000000000000000000e+00
0.000000000000000000e+00 0.000000000000000000e+00
0.000000000000000000e+00 0.000000000000000000e+00
0.000000000000000000e+00 0.000000000000000000e+00
0.000000000000000000e+00 0.000000000000000000e+00
0.000000000000000000e+00 0.000000000000000000e+00
0.000000000000000000e+00 0.000000000000000000e+00
0.000000000000000000e+00 0.000000000000000000e+00
0.000000000000000000e+00 0.000000000000000000e+00
0.000000000000000000e+00 0.000000000000000000e+00
0.000000000000000000e+00 0.000000000000000000e+00
0.000000000000000000e+00 0.000000000000000000e+00
0.000000000000000000e+00 0.000000000000000000e+00
0.000000000000000000e+00 0.000000000000000000e+00
0.000000000000000000e+00 0.000000000000000000e+00
0.000000000000000000e+00 0.000000000000000000e+00
0.000000000000000000e+00 0.000000000000000000e+00
0.000000000000000000e+00 0.000000000000000000e+00
0.000000000000000000e+00 0.000000000000000000e+00
0.000000000000000000e+00 0.000000000000000000e+00
0.000000000000000000e+00 0.000000000000000000e+00
0.000000000000000000e+00 0.000000000000000000e+00
0.000000000000000000e+00 0.000000000000000000e+00
0.000000000000000000e+00 0.000000000000000000e+00
0.000000000000000000e+00 0.000000000000000000e+00
0.000000000000000000e+00 0.000000000000000000e+00
0.000000000000000000e+00 0.000000000000000000e+00
0.000000000000000000e+00 0.000000000000000000e+00
0.000000000000000000e+00 0.000000000000000000e+00
0.000000000000000000e+00 0.000000000000000000e+00
0.000000000000000000e+00 0.000000000000000000e+00
0.000000000000000000e+00 0.000000000000000000e+00
0.000000000000000000e+00 0.000000000000000000e+00
0.000000000000000000e+00 0.000000000000000000e+00
0.000000000000000000e+00 0.000000000000000000e+00
0.000000000000000000e+00 0.000000000000000000e+00
0.000000000000000000e+00 0.000000000000000000e+00
0.000000000000000000e+00 0.000000000000000000e+00
0.000000000000000000e+00 0.000000000000000000e+00
0.000000000000000000e+00 0.000000000000000000e+00
0.000000000000000000e+00 0.000000000000000000e+00
0.000000000000000000e+00 0.000000000000000000e+00
0.000000000000000000e+00 0.000000000000000000e+00
0.000000000000000000e+00 0.000000000000000000e+00
0.000000000000000000e+00 0.000000000000000000e+00
0.000000000000000000e+00 0.000000000000000000e+00
0.000000000000000000e+00 0.000000000000000000e+00
0.000000000000000000e+00 0.000000000000000000e+00
0.000000000000000000e+00 0.000000000000000000e+00
0.000000000000000000e+00 0.000000000000000000e+00
0.000000000000000000e+00 0.000000000000000000e+00
0.000000000000000000e+00 0.000000000000000000e+00
0.000000000000000000e+00 0.000000000000000000e+00
0.000000000000000000e+00 0.000000000000000000e+00
0.000000000000000000e+00 0.000000000000000000e+00
0.000000000000000000e+00 0.000000000000000000e+00
0.000000000000000000e+00 0.000000000000000000e+00
0.000000000000000000e+00 0.000000000000000000e+00
0.000000000000000000e+00 0.000000000000000000e+00
0.000000000000000000e+00 0.000000000000000000e+00
0.000000000000000000e+00 0.000000000000000000e+00
0.000000000000000000e+00 0.000000000000000000e+00
0.000000000000000000e+00 0.000000000000000000e+00
0.000000000000000000e+00 0.000000000000000000e+00
0.000000000000000000e+00 0.000000000000000000e+00
0.000000000000000000e+00 0.000000000000000000e+00
0.000000000000000000e+00 0.000000000000000000e+00
0.000000000000000000e+00 0.000000000000000000e+00
0.000000000000000000e+00 0.000000000000000000e+00
0.000000000000000000e+00 0.000000000000000000e+00
0.000000000000000000e+00 0.000000000000000000e+00
0.000000000000000000e+00 0.000000000000000000e+00
0.000000000000000000e+00 0.000000000000000000e+00
0.000000000000000000e+00 0.000000000000000000e+00
0.000000000000000000e+00 0.000000000000000000e+00
0.000000000000000000e+00 0.000000000000000000e+00
0.000000000000000000e+00 0.000000000000000000e+00
0.000000000000000000e+00 0.000000000000000000e+00
0.000000000000000000e+00 0.000000000000000000e+00
0.000000000000000000e+00 0.000000000000000000e+00
0.000000000000000000e+00 0.000000000000000000e+00
0.000000000000000000e+00 0.000000000000000000e+00
0.000000000000000000e+00 0.000000000000000000e+00
0.000000000000000000e+00 0.000000000000000000e+00
0.000000000000000000e+00 0.000000000000000000e+00
0.000000000000000000e+00 0.000000000000000000e+00
0.000000000000000000e+00 0.000000000000000000e+00
0.000000000000000000e+00 0.000000000000000000e+00
0.000000000000000000e+00 0.000000000000000000e+00
0.000000000000000000e+00 0.000000000000000000e+00
0.000000000000000000e+00 0.000000000000000000e+00
0.000000000000000000e+00 0.000000000000000000e+00
0.000000000000000000e+00 0.000000000000000000e+00
0.000000000000000000e+00 0.000000000000000000e+00
0.000000000000000000e+00 0.000000000000000000e+00
0.000000000000000000e+00 0.000000000000000000e+00
0.000000000000000000e+00 0.000000000000000000e+00
0.000000000000000000e+00 0.000000000000000000e+00
0.000000000000000000e+00 0.000000000000000000e+00
0.000000000000000000e+00 0.000000000000000000e+00
0.000000000000000000e+00 0.000000000000000000e+00
0.000000000000000000e+00 0.000000000000000000e+00
0.000000000000000000e+00 0.000000000000000000e+00
0.000000000000000000e+00 0.000000000000000000e+00
0.000000000000000000e+00 0.000000000000000000e+00
0.000000000000000000e+00 0.000000000000000000e+00
0.000000000000000000e+00 0.000000000000000000e+00
0.000000000000000000e+00 0.000000000000000000e+00
0.000000000000000000e+00 0.000000000000000000e+00
0.000000000000000000e+00 0.000000000000000000e+00
0.000000000000000000e+00 0.000000000000000000e+00
0.000000000000000000e+00 0.000000000000000000e+00
0.000000000000000000e+00 0.000000000000000000e+00
0.000000000000000000e+00 0.000000000000000000e+00
0.000000000000000000e+00 0.000000000000000000e+00
0.000000000000000000e+00 0.000000000000000000e+00
0.000000000000000000e+00 0.000000000000000000e+00
0.000000000000000000e+00 0.000000000000000000e+00
0.000000000000000000e+00 0.000000000000000000e+00
0.000000000000000000e+00 0.000000000000000000e+00
0.000000000000000000e+00 0.000000000000000000e+00
0.000000000000000000e+00 0.000000000000000000e+00
0.000000000000000000e+00 0.000000000000000000e+00
0.000000000000000000e+00 0.000000000000000000e+00
0.000000000000000000e+00 0.000000000000000000e+00
0.000000000000000000e+00 0.000000000000000000e+00
0.000000000000000000e+00 0.000000000000000000e+00
0.000000000000000000e+00 0.000000000000000000e+00
0.000000000000000000e+00 0.000000000000000000e+00
0.000000000000000000e+00 0.000000000000000000e+00
0.000000000000000000e+00 0.000000000000000000e+00
0.000000000000000000e+00 0.000000000000000000e+00
0.000000000000000000e+00 0.000000000000000000e+00
0.000000000000000000e+00 0.000000000000000000e+00
0.000000000000000000e+00 0.000000000000000000e+00
0.000000000000000000e+00 0.000000000000000000e+00
0.000000000000000000e+00 0.000000000000000000e+00
0.000000000000000000e+00 0.000000000000000000e+00
0.000000000000000000e+00 0.000000000000000000e+00
0.000000000000000000e+00 0.000000000000000000e+00
0.000000000000000000e+00 0.000000000000000000e+00
0.000000000000000000e+00 0.000000000000000000e+00
0.000000000000000000e+00 0.000000000000000000e+00
0.000000000000000000e+00 0.000000000000000000e+00
0.000000000000000000e+00 0.000000000000000000e+00
0.000000000000000000e+00 0.000000000000000000e+00
0.000000000000000000e+00 0.000000000000000000e+00
0.000000000000000000e+00 0.000000000000000000e+00
0.000000000000000000e+00 0.000000000000000000e+00
0.000000000000000000e+00 0.000000000000000000e+00
0.000000000000000000e+00 0.000000000000000000e+00
0.000000000000000000e+00 0.000000000000000000e+00
0.000000000000000000e+00 0.000000000000000000e+00
0.000000000000000000e+00 0.000000000000000000e+00
0.000000000000000000e+00 0.000000000000000000e+00
0.000000000000000000e+00 0.000000000000000000e+00
0.000000000000000000e+00 0.000000000000000000e+00
0.000000000000000000e+00 0.000000000000000000e+00
0.000000000000000000e+00 0.000000000000000000e+00
0.000000000000000000e+00 0.000000000000000000e+00
0.000000000000000000e+00 0.000000000000000000e+00
0.000000000000000000e+00 0.000000000000000000e+00
0.000000000000000000e+00 0.000000000000000000e+00
0.000000000000000000e+00 0.000000000000000000e+00
0.000000000000000000e+00 0.000000000000000000e+00
0.000000000000000000e+00 0.000000000000000000e+00
0.000000000000000000e+00 0.000000000000000000e+00
0.000000000000000000e+00 0.000000000000000000e+00
0.000000000000000000e+00 0.000000000000000000e+00
0.000000000000000000e+00 0.000000000000000000e+00
0.000000000000000000e+00 0.000000000000000000e+00
0.000000000000000000e+00 0.000000000000000000e+00
0.000000000000000000e+00 0.000000000000000000e+00
0.000000000000000000e+00 0.000000000000000000e+00
0.000000000000000000e+00 0.000000000000000000e+00
0.000000000000000000e+00 0.000000000000000000e+00
0.000000000000000000e+00 0.000000000000000000e+00
0.000000000000000000e+00 0.000000000000000000e+00
0.000000000000000000e+00 0.000000000000000000e+00
0.000000000000000000e+00 0.000000000000000000e+00
0.000000000000000000e+00 0.000000000000000000e+00
0.000000000000000000e+00 0.000000000000000000e+00
0.000000000000000000e+00 0.000000000000000000e+00
0.000000000000000000e+00 0.000000000000000000e+00
0.000000000000000000e+00 0.000000000000000000e+00
0.000000000000000000e+00 0.000000000000000000e+00
0.000000000000000000e+00 0.000000000000000000e+00
0.000000000000000000e+00 0.000000000000000000e+00
0.000000000000000000e+00 0.000000000000000000e+00
0.000000000000000000e+00 0.000000000000000000e+00
0.000000000000000000e+00 0.000000000000000000e+00
0.000000000000000000e+00 0.000000000000000000e+00
0.000000000000000000e+00 0.000000000000000000e+00
0.000000000000000000e+00 0.000000000000000000e+00
0.000000000000000000e+00 0.000000000000000000e+00
0.000000000000000000e+00 0.000000000000000000e+00
0.000000000000000000e+00 0.000000000000000000e+00
0.000000000000000000e+00 0.000000000000000000e+00
0.000000000000000000e+00 0.000000000000000000e+00
0.000000000000000000e+00 0.000000000000000000e+00
0.000000000000000000e+00 0.000000000000000000e+00
0.000000000000000000e+00 0.000000000000000000e+00
0.000000000000000000e+00 0.000000000000000000e+00
0.000000000000000000e+00 0.000000000000000000e+00
0.000000000000000000e+00 0.000000000000000000e+00
0.000000000000000000e+00 0.000000000000000000e+00
0.000000000000000000e+00 0.000000000000000000e+00
0.000000000000000000e+00 0.000000000000000000e+00
0.000000000000000000e+00 0.000000000000000000e+00
0.000000000000000000e+00 0.000000000000000000e+00
0.000000000000000000e+00 0.000000000000000000e+00
0.000000000000000000e+00 0.000000000000000000e+00
0.000000000000000000e+00 0.000000000000000000e+00
0.000000000000000000e+00 0.000000000000000000e+00
0.000000000000000000e+00 0.000000000000000000e+00
0.000000000000000000e+00 0.000000000000000000e+00
0.000000000000000000e+00 0.000000000000000000e+00
0.000000000000000000e+00 0.000000000000000000e+00
0.000000000000000000e+00 0.000000000000000000e+00
0.000000000000000000e+00 0.000000000000000000e+00
0.000000000000000000e+00 0.000000000000000000e+00
0.000000000000000000e+00 0.000000000000000000e+00
0.000000000000000000e+00 0.000000000000000000e+00
0.000000000000000000e+00 0.000000000000000000e+00
0.000000000000000000e+00 0.000000000000000000e+00
0.000000000000000000e+00 0.000000000000000000e+00
0.000000000000000000e+00 0.000000000000000000e+00
0.000000000000000000e+00 0.000000000000000000e+00
0.000000000000000000e+00 0.000000000000000000e+00
0.000000000000000000e+00 0.000000000000000000e+00
0.000000000000000000e+00 0.000000000000000000e+00
0.000000000000000000e+00 0.000000000000000000e+00
0.000000000000000000e+00 0.000000000000000000e+00
0.000000000000000000e+00 0.000000000000000000e+00
0.000000000000000000e+00 0.000000000000000000e+00
0.000000000000000000e+00 0.000000000000000000e+00
0.000000000000000000e+00 0.000000000000000000e+00
0.000000000000000000e+00 0.000000000000000000e+00
0.000000000000000000e+00 0.000000000000000000e+00
0.000000000000000000e+00 0.000000000000000000e+00
0.000000000000000000e+00 0.000000000000000000e+00
0.000000000000000000e+00 0.000000000000000000e+00
0.000000000000000000e+00 0.000000000000000000e+00
0.000000000000000000e+00 0.000000000000000000e+00
0.000000000000000000e+00 0.000000000000000000e+00
0.000000000000000000e+00 0.000000000000000000e+00
0.000000000000000000e+00 0.000000000000000000e+00
0.000000000000000000e+00 0.000000000000000000e+00
0.000000000000000000e+00 0.000000000000000000e+00
0.000000000000000000e+00 0.000000000000000000e+00
0.000000000000000000e+00 0.000000000000000000e+00
0.000000000000000000e+00 0.000000000000000000e+00
0.000000000000000000e+00 0.000000000000000000e+00
0.000000000000000000e+00 0.000000000000000000e+00
0.000000000000000000e+00 0.000000000000000000e+00
0.000000000000000000e+00 0.000000000000000000e+00
0.000000000000000000e+00 0.000000000000000000e+00
0.000000000000000000e+00 0.000000000000000000e+00
0.000000000000000000e+00 0.000000000000000000e+00
0.000000000000000000e+00 0.000000000000000000e+00
0.000000000000000000e+00 0.000000000000000000e+00
0.000000000000000000e+00 0.000000000000000000e+00
0.000000000000000000e+00 0.000000000000000000e+00
0.000000000000000000e+00 0.000000000000000000e+00
0.000000000000000000e+00 0.000000000000000000e+00
0.000000000000000000e+00 0.000000000000000000e+00
0.000000000000000000e+00 0.000000000000000000e+00
0.000000000000000000e+00 0.000000000000000000e+00
0.000000000000000000e+00 0.000000000000000000e+00
0.000000000000000000e+00 0.000000000000000000e+00
0.000000000000000000e+00 0.000000000000000000e+00
0.000000000000000000e+00 0.000000000000000000e+00
0.000000000000000000e+00 0.000000000000000000e+00
0.000000000000000000e+00 0.000000000000000000e+00
0.000000000000000000e+00 0.000000000000000000e+00
0.000000000000000000e+00 0.000000000000000000e+00
0.000000000000000000e+00 0.000000000000000000e+00
0.000000000000000000e+00 0.000000000000000000e+00
0.000000000000000000e+00 0.000000000000000000e+00
0.000000000000000000e+00 0.000000000000000000e+00
0.000000000000000000e+00 0.000000000000000000e+00
0.000000000000000000e+00 0.000000000000000000e+00
0.000000000000000000e+00 0.000000000000000000e+00
0.000000000000000000e+00 0.000000000000000000e+00
0.000000000000000000e+00 0.000000000000000000e+00
0.000000000000000000e+00 0.000000000000000000e+00
0.000000000000000000e+00 0.000000000000000000e+00
0.000000000000000000e+00 0.000000000000000000e+00
0.000000000000000000e+00 0.000000000000000000e+00
0.000000000000000000e+00 0.000000000000000000e+00
0.000000000000000000e+00 0.000000000000000000e+00
0.000000000000000000e+00 0.000000000000000000e+00
0.000000000000000000e+00 0.000000000000000000e+00
0.000000000000000000e+00 0.000000000000000000e+00
0.000000000000000000e+00 0.000000000000000000e+00
0.000000000000000000e+00 0.000000000000000000e+00
0.000000000000000000e+00 0.000000000000000000e+00
0.000000000000000000e+00 0.000000000000000000e+00
0.000000000000000000e+00 0.000000000000000000e+00
0.000000000000000000e+00 0.000000000000000000e+00
0.000000000000000000e+00 0.000000000000000000e+00
0.000000000000000000e+00 0.000000000000000000e+00
0.000000000000000000e+00 0.000000000000000000e+00
0.000000000000000000e+00 0.000000000000000000e+00
0.000000000000000000e+00 0.000000000000000000e+00
0.000000000000000000e+00 0.000000000000000000e+00
0.000000000000000000e+00 0.000000000000000000e+00
8.905993160145513066e-02 4.676637736011597934e-01
1.027825027715033590e-01 5.359162691750536389e-01
1.144515147430215651e-01 6.002123962889999165e-01
1.266542787045834562e-01 6.595583743013884170e-01
1.380642812464552560e-01 7.151668433667752733e-01
1.487025148348066761e-01 7.670325503718016247e-01
1.569361743439592616e-01 8.159757914752968633e-01
1.642263566228912286e-01 8.600550632971605269e-01
1.686890881454434499e-01 9.001034199010297110e-01
1.719604737514199844e-01 9.330537627717963023e-01
1.736549751563868094e-01 9.566666530211046515e-01
1.697726350987114052e-01 9.606621892961024756e-01
1.658321957511758593e-01 9.612860342747326925e-01
1.622423254471458409e-01 9.612692279352953451e-01
1.566122949939998399e-01 9.618303041857831914e-01
1.543925246940493767e-01 9.629885859648129598e-01
1.543384341494583589e-01 9.634521916072773529e-01
1.564037531768731337e-01 9.634393919690166230e-01
1.581747076839211674e-01 9.632258557709963975e-01
1.597694348451193513e-01 9.629763374786673991e-01
1.611956326156428476e-01 9.627309722987190677e-01
1.624668170398534672e-01 9.625026898738276993e-01
1.656505190930039062e-01 9.616807095702416541e-01
1.664390896927898100e-01 9.617155334814293521e-01
1.671214502035115734e-01 9.616154714796617542e-01
1.655454090628621644e-01 9.616993458308709108e-01
1.664038210062781797e-01 9.616978023141102838e-01
1.670878286753846309e-01 9.616101576494026082e-01
1.655643382452852974e-01 9.610892824074369623e-01
1.620948183145160260e-01 9.612300275340401878e-01
1.586579233820458179e-01 9.616962839161039556e-01
1.551017096403101703e-01 9.622810107601715846e-01
1.536173954549860388e-01 9.627671379961484366e-01
1.497328384249294597e-01 9.632988744425120542e-01
1.480952178859976653e-01 9.638056113528454816e-01
1.463384065807779577e-01 9.641689486655417030e-01
1.467089079876618407e-01 9.639531032962623813e-01
1.426295518135216600e-01 9.645561939122365702e-01
1.389501078643869125e-01 9.651084812741591579e-01
1.398148800476258224e-01 9.649609254255615554e-01
1.358945181787120093e-01 9.655247728898133097e-01
1.347361551289127934e-01 9.658767668601150325e-01
1.312060724507575771e-01 9.662106141885831168e-01
1.301489186316167612e-01 9.666466604640082672e-01
1.274571238819960928e-01 9.667387938868461372e-01
1.242532400091339306e-01 9.670412492685093175e-01
1.211073792896001367e-01 9.673672255307037560e-01
1.180350179725653814e-01 9.676670381739798099e-01
1.150341649696088875e-01 9.679554833817167747e-01
1.121064386253327050e-01 9.682344228163320965e-01
1.092495243016155665e-01 9.685052682964437887e-01
1.064609166931424489e-01 9.687689155128247354e-01
1.015473327685278288e-01 9.690733051368179973e-01
9.910786366239852929e-02 9.694291155712636554e-01
9.432688991822008040e-02 9.697347352928180619e-01
8.985910560232740485e-02 9.701214191042084600e-01
8.768305658198649599e-02 9.705076282403485299e-01
8.536019800631003407e-02 9.707806164036389962e-01
8.311493697044797235e-02 9.710251659458646323e-01
8.093696068946615307e-02 9.712560011133520854e-01
7.882156093631703664e-02 9.714781848479594473e-01
