1.999999342768327831e-02 1.621396391142946705e-05 0.000000000000000000e+00
3.999998598698385754e-02 3.346586007961254350e-05 0.000000000000000000e+00
5.999997605708978776e-02 5.339562837321965461e-05 0.000000000000000000e+00
7.999995809474666486e-02 8.020035560422096707e-05 0.000000000000000000e+00
9.999993040433348412e-02 1.134812173793403513e-04 0.000000000000000000e+00
1.199998908777515638e-01 1.532437841267497876e-04 0.000000000000000000e+00
1.399998371866560121e-01 1.995864312167050264e-04 0.000000000000000000e+00
1.599997668155883346e-01 2.526414757965944613e-04 0.000000000000000000e+00
1.799996770717797734e-01 3.125559505821695703e-04 0.000000000000000000e+00
1.999995650822096183e-01 3.794855424287017168e-04 0.000000000000000000e+00
2.199994438907569017e-01 4.491105625121347058e-04 0.000000000000000000e+00
2.399993113281626012e-01 5.219287346928439507e-04 0.000000000000000000e+00
2.599991664359386223e-01 5.980580192396078984e-04 0.000000000000000000e+00
2.799990255899436065e-01 6.731167959616045403e-04 0.000000000000000000e+00
2.999988699113320667e-01 7.520289003950738922e-04 0.000000000000000000e+00
3.199987180506542739e-01 8.299673636158268241e-04 0.000000000000000000e+00
3.399985505265415431e-01 9.118266113798596285e-04 0.000000000000000000e+00
3.599984041508785260e-01 9.883446164180606335e-04 0.000000000000000000e+00
3.799982596990987838e-01 1.064358104187625598e-03 0.000000000000000000e+00
3.999981175171127279e-01 1.139772023508354168e-03 0.000000000000000000e+00
4.199979775818277195e-01 1.214587742573993009e-03 0.000000000000000000e+00
4.399978399061137413e-01 1.288796971144331440e-03 0.000000000000000000e+00
4.599977045220906557e-01 1.362385982507919018e-03 0.000000000000000000e+00
4.799975546279418026e-01 1.439818168880746454e-03 0.000000000000000000e+00
4.999973908256113986e-01 1.520763004324961459e-03 0.000000000000000000e+00
5.199972307219383749e-01 1.600788758237039252e-03 0.000000000000000000e+00
5.399970726539435883e-01 1.680304132876721864e-03 0.000000000000000000e+00
5.599969165225642254e-01 1.759330905549360896e-03 0.000000000000000000e+00
5.799967792476696804e-01 1.833432031962160206e-03 0.000000000000000000e+00
5.999966600091051205e-01 1.902493804046492473e-03 0.000000000000000000e+00
6.199965579755828404e-01 1.966379095642893215e-03 0.000000000000000000e+00
6.399964722306566989e-01 2.024943502012784610e-03 0.000000000000000000e+00
6.599964015750418023e-01 2.078105702898256323e-03 0.000000000000000000e+00
6.799963336543334291e-01 2.130228862053596545e-03 0.000000000000000000e+00
6.999962687941064798e-01 2.181164162887300195e-03 0.000000000000000000e+00
7.199962068812271188e-01 2.230928721955074360e-03 0.000000000000000000e+00
7.399961478297544248e-01 2.279529703638610676e-03 0.000000000000000000e+00
7.599960804407551729e-01 2.331448442346058941e-03 0.000000000000000000e+00
7.799960049055504330e-01 2.386415727910915809e-03 0.000000000000000000e+00
7.999959205690461150e-01 2.444497162648269755e-03 0.000000000000000000e+00
8.199958263111892798e-01 2.505899975184007131e-03 0.000000000000000000e+00
8.399957207166871553e-01 2.570890504748267642e-03 0.000000000000000000e+00
8.599956023237523839e-01 2.639706951706459644e-03 0.000000000000000000e+00
8.799954695126039894e-01 2.712593358519797306e-03 0.000000000000000000e+00
8.999953372687184983e-01 2.785323943089958263e-03 0.000000000000000000e+00
9.199952043282340064e-01 2.858245830796858102e-03 0.000000000000000000e+00
9.399950703187711643e-01 2.931460314036903568e-03 0.000000000000000000e+00
9.599949349153713563e-01 3.005054591377732433e-03 0.000000000000000000e+00
9.799947978081097189e-01 3.079110459923341953e-03 0.000000000000000000e+00
9.999946589023485100e-01 3.153650456939232141e-03 0.000000000000000000e+00
1.019994518082660617e+00 3.228702223671069908e-03 0.000000000000000000e+00
1.039994375193050935e+00 3.304303572682792435e-03 0.000000000000000000e+00
1.059994230077179633e+00 3.380491588776233288e-03 0.000000000000000000e+00
1.079994064869287396e+00 3.461782968387501318e-03 0.000000000000000000e+00
1.099993897914572694e+00 3.543502982544466818e-03 0.000000000000000000e+00
1.119993745849075850e+00 3.621493986859291268e-03 0.000000000000000000e+00
1.139993607327361991e+00 3.695930868611070272e-03 0.000000000000000000e+00
1.159993465589026052e+00 3.771227039477831854e-03 0.000000000000000000e+00
1.179993303816211148e+00 3.851668859606720806e-03 0.000000000000000000e+00
1.199993121443408528e+00 3.937078922488053065e-03 0.000000000000000000e+00
1.219992916843389175e+00 4.027544158414023308e-03 0.000000000000000000e+00
1.239992688250744823e+00 4.123166611429063787e-03 0.000000000000000000e+00
1.259992455889670460e+00 4.219574022881064472e-03 0.000000000000000000e+00
1.279992195433197866e+00 4.321643563208445171e-03 0.000000000000000000e+00
1.299991906417901966e+00 4.429163460447519372e-03 0.000000000000000000e+00
1.319991586833060282e+00 4.542226679616298904e-03 0.000000000000000000e+00
1.339991234494754879e+00 4.660942340212422853e-03 0.000000000000000000e+00
1.359990874471022959e+00 4.780945755411079162e-03 0.000000000000000000e+00
1.379990476112769926e+00 4.907176383360620231e-03 0.000000000000000000e+00
1.399990068290764000e+00 5.034897618561492809e-03 0.000000000000000000e+00
1.419989648409496485e+00 5.164493430219165883e-03 0.000000000000000000e+00
1.439989216352500767e+00 5.295954805371904002e-03 0.000000000000000000e+00
1.459988771857857248e+00 5.429294927484725614e-03 0.000000000000000000e+00
1.479988314701272234e+00 5.564520865855669164e-03 0.000000000000000000e+00
1.499987845312243273e+00 5.701544005633850387e-03 0.000000000000000000e+00
1.519987363949677928e+00 5.840303765302369034e-03 0.000000000000000000e+00
1.539986870808905062e+00 5.980750864697400443e-03 0.000000000000000000e+00
1.559986333755251531e+00 6.127317769945751433e-03 0.000000000000000000e+00
1.579985790203506824e+00 6.274768691751270860e-03 0.000000000000000000e+00
1.599985237359382584e+00 6.423474640975455202e-03 0.000000000000000000e+00
1.619984675453367551e+00 6.573394369048222302e-03 0.000000000000000000e+00
1.639984104876089255e+00 6.724466423277947538e-03 0.000000000000000000e+00
1.659983526041166391e+00 6.876627725391556457e-03 0.000000000000000000e+00
1.679982939355348703e+00 7.029817439503743132e-03 0.000000000000000000e+00
1.699982345211656476e+00 7.183977728420849924e-03 0.000000000000000000e+00
1.719981778225167623e+00 7.334573671520207977e-03 0.000000000000000000e+00
1.739981231963526831e+00 7.482391692179926786e-03 0.000000000000000000e+00
1.759980737166858544e+00 7.623074391578429053e-03 0.000000000000000000e+00
1.779980287317849408e+00 7.757215205640135593e-03 0.000000000000000000e+00
1.799979879363902135e+00 7.884957099568710645e-03 0.000000000000000000e+00
1.819979539056637785e+00 8.001628324678057222e-03 0.000000000000000000e+00
1.839979282711900144e+00 8.102888997181787595e-03 0.000000000000000000e+00
1.859979119258150959e+00 8.183747659368812918e-03 0.000000000000000000e+00
1.879979054431184071e+00 8.234669898883420838e-03 0.000000000000000000e+00
1.899979048411839289e+00 8.250186785083185592e-03 0.000000000000000000e+00
1.916180818752034831e+00 1.997633866212967374e-02 0.000000000000000000e+00
1.932416795864468018e+00 3.165508205363143368e-02 0.000000000000000000e+00
1.948689430586950433e+00 4.328269398337265816e-02 0.000000000000000000e+00
1.964999549273343860e+00 5.485766821383044473e-02 0.000000000000000000e+00
4.976433724947401771e+00 2.176009768025275459e+00 0.000000000000000000e+00
7.996325912099621291e+00 4.285102749126198596e+00 0.000000000000000000e+00
1.102635343985205907e+01 6.379608706628978609e+00 0.000000000000000000e+00
1.406764423236455031e+01 8.457726205792811314e+00 0.000000000000000000e+00
1.711874201054286004e+01 1.052141813361236444e+01 0.000000000000000000e+00
2.018018460949007320e+01 1.256973237666774246e+01 0.000000000000000000e+00
2.325207141628628094e+01 1.460234977086262198e+01 0.000000000000000000e+00
2.633300004886026713e+01 1.662123579685269092e+01 0.000000000000000000e+00
2.942214126828580589e+01 1.862753302094444408e+01 0.000000000000000000e+00
3.251948286343154848e+01 2.062114709290827719e+01 0.000000000000000000e+00
3.562379550361765013e+01 2.260388889579965976e+01 0.000000000000000000e+00
3.873415987452283105e+01 2.457712367786585261e+01 0.000000000000000000e+00
4.185059233577965898e+01 2.654076079795116172e+01 0.000000000000000000e+00
4.497276423521804389e+01 2.849525936671745896e+01 0.000000000000000000e+00
4.809926062832219884e+01 3.044283281304981870e+01 0.000000000000000000e+00
5.123008149750170759e+01 3.238344681641635248e+01 0.000000000000000000e+00
5.436549512190568123e+01 3.431663160552838576e+01 0.000000000000000000e+00
5.750517117535672895e+01 3.624288608101657161e+01 0.000000000000000000e+00
6.064790801880958071e+01 3.816414274209967772e+01 0.000000000000000000e+00
6.379407765062032354e+01 4.007977284021988851e+01 0.000000000000000000e+00
6.694465709611301918e+01 4.198814156313251544e+01 0.000000000000000000e+00
7.009676443614564789e+01 4.389398556038534593e+01 0.000000000000000000e+00
7.325082150152815075e+01 4.579660114248880376e+01 0.000000000000000000e+00
7.640807094429177937e+01 4.769391450119393028e+01 0.000000000000000000e+00
7.956542921735170637e+01 4.959104674763650422e+01 0.000000000000000000e+00
8.272278749041163337e+01 5.148817899407907817e+01 0.000000000000000000e+00
8.640626709873745881e+01 5.148817899407907817e+01 0.000000000000000000e+00
9.008974670706328425e+01 5.148817899407907817e+01 0.000000000000000000e+00
9.377322631538910969e+01 5.148817899407907817e+01 0.000000000000000000e+00
9.745670592371493512e+01 5.148817899407907817e+01 0.000000000000000000e+00
1.011401855320407606e+02 5.148817899407907817e+01 0.000000000000000000e+00
1.048236651403665860e+02 5.148817899407907817e+01 0.000000000000000000e+00
1.085071447486924114e+02 5.148817899407907817e+01 0.000000000000000000e+00
1.121906243570182369e+02 5.148817899407907817e+01 0.000000000000000000e+00
1.158741039653440623e+02 5.148817899407907817e+01 0.000000000000000000e+00
1.195575835736698878e+02 5.148817899407907817e+01 0.000000000000000000e+00
1.232410631819957132e+02 5.148817899407907817e+01 0.000000000000000000e+00
1.269245427903215386e+02 5.148817899407907817e+01 0.000000000000000000e+00
1.306080223986473641e+02 5.148817899407907817e+01 0.000000000000000000e+00
1.342915020069731895e+02 5.148817899407907817e+01 0.000000000000000000e+00
1.379749816152990149e+02 5.148817899407907817e+01 0.000000000000000000e+00
1.416584612236248404e+02 5.148817899407907817e+01 0.000000000000000000e+00
1.453419408319506658e+02 5.148817899407907817e+01 0.000000000000000000e+00
1.490254204402764913e+02 5.148817899407907817e+01 0.000000000000000000e+00
1.527089000486023167e+02 5.148817899407907817e+01 0.000000000000000000e+00
1.563923796569281421e+02 5.148817899407907817e+01 0.000000000000000000e+00
1.600758592652539676e+02 5.148817899407907817e+01 0.000000000000000000e+00
1.637593388735797930e+02 5.148817899407907817e+01 0.000000000000000000e+00
1.674428184819056185e+02 5.148817899407907817e+01 0.000000000000000000e+00
1.711262980902314439e+02 5.148817899407907817e+01 0.000000000000000000e+00
1.748097776985572693e+02 5.148817899407907817e+01 0.000000000000000000e+00
1.784932573068830948e+02 5.148817899407907817e+01 0.000000000000000000e+00
1.821767369152089202e+02 5.148817899407907817e+01 0.000000000000000000e+00
1.858602165235347456e+02 5.148817899407907817e+01 0.000000000000000000e+00
1.895436961318605711e+02 5.148817899407907817e+01 0.000000000000000000e+00
1.932271757401863965e+02 5.148817899407907817e+01 0.000000000000000000e+00
1.969106553485122220e+02 5.148817899407907817e+01 0.000000000000000000e+00
2.005941349568380474e+02 5.148817899407907817e+01 0.000000000000000000e+00
2.042776145651638728e+02 5.148817899407907817e+01 0.000000000000000000e+00
2.079610941734896983e+02 5.148817899407907817e+01 0.000000000000000000e+00
2.116445737818155237e+02 5.148817899407907817e+01 0.000000000000000000e+00
2.153280533901413492e+02 5.148817899407907817e+01 0.000000000000000000e+00
2.190115329984671746e+02 5.148817899407907817e+01 0.000000000000000000e+00
2.226950126067930000e+02 5.148817899407907817e+01 0.000000000000000000e+00
2.263784922151188255e+02 5.148817899407907817e+01 0.000000000000000000e+00
2.300619718234446509e+02 5.148817899407907817e+01 0.000000000000000000e+00
2.337454514317704763e+02 5.148817899407907817e+01 0.000000000000000000e+00
2.374289310400963018e+02 5.148817899407907817e+01 0.000000000000000000e+00
2.411124106484221272e+02 5.148817899407907817e+01 0.000000000000000000e+00
2.447958902567479527e+02 5.148817899407907817e+01 0.000000000000000000e+00
2.484793698650737781e+02 5.148817899407907817e+01 0.000000000000000000e+00
2.521628494733996035e+02 5.148817899407907817e+01 0.000000000000000000e+00
2.558463290817254290e+02 5.148817899407907817e+01 0.000000000000000000e+00
2.595298086900512544e+02 5.148817899407907817e+01 0.000000000000000000e+00
2.632132882983771083e+02 5.148817899407907817e+01 0.000000000000000000e+00
2.668967679067029621e+02 5.148817899407907817e+01 0.000000000000000000e+00
2.705802475150288160e+02 5.148817899407907817e+01 0.000000000000000000e+00
2.733598623381504922e+02 5.148817899407907817e+01 0.000000000000000000e+00
2.766121387876695508e+02 5.148817899407907817e+01 0.000000000000000000e+00
2.801763400538274027e+02 5.148817899407907817e+01 0.000000000000000000e+00
2.838013060105471936e+02 5.148817899407907817e+01 0.000000000000000000e+00
2.876743604712058300e+02 5.148817899407907817e+01 0.000000000000000000e+00
2.915474149318644663e+02 5.148817899407907817e+01 0.000000000000000000e+00
2.953529625590056185e+02 5.148817899407907817e+01 0.000000000000000000e+00
2.988836848368413257e+02 5.148817899407907817e+01 0.000000000000000000e+00
3.024144071146770330e+02 5.148817899407907817e+01 0.000000000000000000e+00
3.059451293925127402e+02 5.148817899407907817e+01 0.000000000000000000e+00
3.096710243743090700e+02 5.148817899407907817e+01 0.000000000000000000e+00
3.133969193561053999e+02 5.148817899407907817e+01 0.000000000000000000e+00
3.171228143379017297e+02 5.148817899407907817e+01 0.000000000000000000e+00
3.208487093196980595e+02 5.148817899407907817e+01 0.000000000000000000e+00
3.245746043014943893e+02 5.148817899407907817e+01 0.000000000000000000e+00
3.283004992832907192e+02 5.148817899407907817e+01 0.000000000000000000e+00
3.320263942650870490e+02 5.148817899407907817e+01 0.000000000000000000e+00
3.357522892468833788e+02 5.148817899407907817e+01 0.000000000000000000e+00
3.394781842286797087e+02 5.148817899407907817e+01 0.000000000000000000e+00
3.432040792104760385e+02 5.148817899407907817e+01 0.000000000000000000e+00
3.469299741922723683e+02 5.148817899407907817e+01 0.000000000000000000e+00
3.506558691740686982e+02 5.148817899407907817e+01 0.000000000000000000e+00
3.538495845183146002e+02 5.340715677282047835e+01 0.000000000000000000e+00
3.570432998625605023e+02 5.532613455156187854e+01 0.000000000000000000e+00
3.602333416919860269e+02 5.725121287253746516e+01 0.000000000000000000e+00
3.634223202464397673e+02 5.917805204449996381e+01 0.000000000000000000e+00
3.666103580949803131e+02 6.110644725597706639e+01 0.000000000000000000e+00
3.697955263713445788e+02 6.303957851551881220e+01 0.000000000000000000e+00
3.729759503363164299e+02 6.498050530919432788e+01 0.000000000000000000e+00
3.761541141488552284e+02 6.692513077340171890e+01 0.000000000000000000e+00
3.793288443378842203e+02 6.887535682241313850e+01 0.000000000000000000e+00
3.824987600013215001e+02 7.083339872749837696e+01 0.000000000000000000e+00
3.856652219991594279e+02 7.279702084787265903e+01 0.000000000000000000e+00
3.888275541807398668e+02 7.476728696916578087e+01 0.000000000000000000e+00
3.919849989751366479e+02 7.674537589176543406e+01 0.000000000000000000e+00
3.951375157775205480e+02 7.873130923054144148e+01 0.000000000000000000e+00
3.982851228193012503e+02 8.072501515818160556e+01 0.000000000000000000e+00
4.014268541884108004e+02 8.272796733427765048e+01 0.000000000000000000e+00
4.045617801519961176e+02 8.474155433716914843e+01 0.000000000000000000e+00
4.076906982560384449e+02 8.676446434840818256e+01 0.000000000000000000e+00
4.108142793300020799e+02 8.879560557681918453e+01 0.000000000000000000e+00
4.139330174166497045e+02 9.083417521317414867e+01 0.000000000000000000e+00
4.170484334028974445e+02 9.287781819765234559e+01 0.000000000000000000e+00
4.201614506554026320e+02 9.492511324257867500e+01 0.000000000000000000e+00
4.232722064134043194e+02 9.697584287601016229e+01 0.000000000000000000e+00
4.263630890512015412e+02 9.901755579257071815e+01 0.000000000000000000e+00
4.295529370594335887e+02 1.011269032481503984e+02 0.000000000000000000e+00
4.324286545689792547e+02 1.030299520963709909e+02 0.000000000000000000e+00
4.356363185162452965e+02 1.051533353298095506e+02 0.000000000000000000e+00
4.386775838139778898e+02 1.071655574706889240e+02 0.000000000000000000e+00
4.415681084283968403e+02 1.090764879356123487e+02 0.000000000000000000e+00
4.446949584484684124e+02 1.111420098372457943e+02 0.000000000000000000e+00
4.478221637089465048e+02 1.132069938645417011e+02 0.000000000000000000e+00
4.509500312011944629e+02 1.152709746602584318e+02 0.000000000000000000e+00
4.540969174794431638e+02 1.173460713894859992e+02 0.000000000000000000e+00
4.571448721447143271e+02 1.193553516081296664e+02 0.000000000000000000e+00
4.601961403619346811e+02 1.213663133810416639e+02 0.000000000000000000e+00
4.633651751062139397e+02 1.234543987745637565e+02 0.000000000000000000e+00
4.665340710172722538e+02 1.255426948565328900e+02 0.000000000000000000e+00
4.697028036270858138e+02 1.276312387197528011e+02 0.000000000000000000e+00
4.728708975832251440e+02 1.297207512241812424e+02 0.000000000000000000e+00
4.760384371774808869e+02 1.318111040029991727e+02 0.000000000000000000e+00
4.792049765569075817e+02 1.339029716325659933e+02 0.000000000000000000e+00
4.823710945302009918e+02 1.359954770209169794e+02 0.000000000000000000e+00
4.855362902979791784e+02 1.380893771075324992e+02 0.000000000000000000e+00
4.887011467895337660e+02 1.401837899629538526e+02 0.000000000000000000e+00
4.918656239443409390e+02 1.422787759194206387e+02 0.000000000000000000e+00
4.950288013548210415e+02 1.443757238183723928e+02 0.000000000000000000e+00
4.981913564209286847e+02 1.464736102011220567e+02 0.000000000000000000e+00
5.013532688764389036e+02 1.485724649947604803e+02 0.000000000000000000e+00
5.045145754028913530e+02 1.506722323311334719e+02 0.000000000000000000e+00
5.076757826559064597e+02 1.527721491210502052e+02 0.000000000000000000e+00
5.108368237263912306e+02 1.548723160600810331e+02 0.000000000000000000e+00
5.139977044653323901e+02 1.569727243002286912e+02 0.000000000000000000e+00
5.171584332259247958e+02 1.590733612329358664e+02 0.000000000000000000e+00
5.203190184919054673e+02 1.611742140591841803e+02 0.000000000000000000e+00
5.234799390228735092e+02 1.632745624155275834e+02 0.000000000000000000e+00
5.266406286660721889e+02 1.653752582051330364e+02 0.000000000000000000e+00
5.298020305881379954e+02 1.674748819114785192e+02 0.000000000000000000e+00
5.329636681890324326e+02 1.695741507131568824e+02 0.000000000000000000e+00
5.361258868800746313e+02 1.716725440916998764e+02 0.000000000000000000e+00
5.392886755359502331e+02 1.737700782962730557e+02 0.000000000000000000e+00
5.424516237176483173e+02 1.758673719383228899e+02 0.000000000000000000e+00
5.456146965084139993e+02 1.779644776441487295e+02 0.000000000000000000e+00
5.487778850812218252e+02 1.800614087049963246e+02 0.000000000000000000e+00
5.519411820949824232e+02 1.821581761751328656e+02 0.000000000000000000e+00
5.551041114306927966e+02 1.842554982387158873e+02 0.000000000000000000e+00
5.582672346658772540e+02 1.863525278570393482e+02 0.000000000000000000e+00
5.614304732069775810e+02 1.884493835395284123e+02 0.000000000000000000e+00
5.645941954999049130e+02 1.905455092691363745e+02 0.000000000000000000e+00
5.677580250630850287e+02 1.926414730847203032e+02 0.000000000000000000e+00
5.709209898820354283e+02 1.947387416357579752e+02 0.000000000000000000e+00
5.740837462322029978e+02 1.968363245520129112e+02 0.000000000000000000e+00
5.772474726172783903e+02 1.989324441052510792e+02 0.000000000000000000e+00
5.804120890461000499e+02 2.010272196730677194e+02 0.000000000000000000e+00
5.835779161658686007e+02 2.031201650781912349e+02 0.000000000000000000e+00
5.867445429316338732e+02 2.052119004217346117e+02 0.000000000000000000e+00
5.899111692503764743e+02 2.073036364420144082e+02 0.000000000000000000e+00
5.930763165845789899e+02 2.093976097402873506e+02 0.000000000000000000e+00
5.962427645844852577e+02 2.114896156879316322e+02 0.000000000000000000e+00
5.994083146694750894e+02 2.135829800806044148e+02 0.000000000000000000e+00
6.025730436084664916e+02 2.156775856672960288e+02 0.000000000000000000e+00
6.057374686451327079e+02 2.177726503461089180e+02 0.000000000000000000e+00
6.089015415432604641e+02 2.198682468045004157e+02 0.000000000000000000e+00
6.120657482080716818e+02 2.219636412789261612e+02 0.000000000000000000e+00
6.152295418866989394e+02 2.240596592607593038e+02 0.000000000000000000e+00
6.183930110509646738e+02 2.261561669921615589e+02 0.000000000000000000e+00
6.215557072584502976e+02 2.282538405893271829e+02 0.000000000000000000e+00
6.247172742319728513e+02 2.303532157566141905e+02 0.000000000000000000e+00
6.278778522789531280e+02 2.324540794433001452e+02 0.000000000000000000e+00
6.310379785851397401e+02 2.345556225787216249e+02 0.000000000000000000e+00
6.341985516302780752e+02 2.366564937902513748e+02 0.000000000000000000e+00
6.374422253895713766e+02 2.388130607540623203e+02 0.000000000000000000e+00
6.405454185048819227e+02 2.408774978190647857e+02 0.000000000000000000e+00
6.436476730082097220e+02 2.429433450793551401e+02 0.000000000000000000e+00
6.467491029082220848e+02 2.450104300997585085e+02 0.000000000000000000e+00
6.498497456837602613e+02 2.470786956254513882e+02 0.000000000000000000e+00
6.529491678998525686e+02 2.491487897857882103e+02 0.000000000000000000e+00
6.560474561852638544e+02 2.512205807035090004e+02 0.000000000000000000e+00
6.591441011206866278e+02 2.532948270847730896e+02 0.000000000000000000e+00
6.622404478429189112e+02 2.553695185996708119e+02 0.000000000000000000e+00
6.653368955865012140e+02 2.574440593386129876e+02 0.000000000000000000e+00
6.684334091332158323e+02 2.595185018568042210e+02 0.000000000000000000e+00
6.715299803657251232e+02 2.615928582650096246e+02 0.000000000000000000e+00
6.746266067120815251e+02 2.636671323976445933e+02 0.000000000000000000e+00
6.777237524668623792e+02 2.657406309097997905e+02 0.000000000000000000e+00
6.808218146221215648e+02 2.678127599570403277e+02 0.000000000000000000e+00
6.839208432865145824e+02 2.698834432364284339e+02 0.000000000000000000e+00
6.870207911365288282e+02 2.719527501816299377e+02 0.000000000000000000e+00
6.901220018633030122e+02 2.740201640091950139e+02 0.000000000000000000e+00
6.932244347939744102e+02 2.760857433025053638e+02 0.000000000000000000e+00
6.963284139138559112e+02 2.781489983835863882e+02 0.000000000000000000e+00
6.994334928430897662e+02 2.802105979444843911e+02 0.000000000000000000e+00
7.025395666931249252e+02 2.822706982198095034e+02 0.000000000000000000e+00
7.056465754736165081e+02 2.843293881780633114e+02 0.000000000000000000e+00
7.087537276248652915e+02 2.863878617424447270e+02 0.000000000000000000e+00
7.118595755938413276e+02 2.884483025447669320e+02 0.000000000000000000e+00
7.149657775166490410e+02 2.905082097079693426e+02 0.000000000000000000e+00
7.180711934182625100e+02 2.925693016477608239e+02 0.000000000000000000e+00
7.211759998330422832e+02 2.946313115975450501e+02 0.000000000000000000e+00
7.242802387218197282e+02 2.966941758266374336e+02 0.000000000000000000e+00
7.273844075650008563e+02 2.987571454578463204e+02 0.000000000000000000e+00
7.304884383993382926e+02 3.008203227371292883e+02 0.000000000000000000e+00
7.335923355991559447e+02 3.028837010541694212e+02 0.000000000000000000e+00
7.366961060085615145e+02 3.049472700866868422e+02 0.000000000000000000e+00
7.397997566554142850e+02 3.070110192401833729e+02 0.000000000000000000e+00
7.429041383313885945e+02 3.090736685841441158e+02 0.000000000000000000e+00
7.460091538305106269e+02 3.111353636771389688e+02 0.000000000000000000e+00
7.491155189294557886e+02 3.131950247605025197e+02 0.000000000000000000e+00
7.522231929846341245e+02 3.152527103227394036e+02 0.000000000000000000e+00
7.553324675825423355e+02 3.173079765782570689e+02 0.000000000000000000e+00
7.584432717449700476e+02 3.193609269842068556e+02 0.000000000000000000e+00
7.615558727010660505e+02 3.214111521412024217e+02 0.000000000000000000e+00
7.646702145104409283e+02 3.234587319322354233e+02 0.000000000000000000e+00
7.677859875353179859e+02 3.255041332042883369e+02 0.000000000000000000e+00
7.709032189672067261e+02 3.275473111471782204e+02 0.000000000000000000e+00
7.740206504650477655e+02 3.295901838212661801e+02 0.000000000000000000e+00
7.771381036820165491e+02 3.316330233514980250e+02 0.000000000000000000e+00
7.802555297252264381e+02 3.336759043493497074e+02 0.000000000000000000e+00
7.833729058635359479e+02 3.357188614997973559e+02 0.000000000000000000e+00
7.864902201306420011e+02 3.377619130572388713e+02 0.000000000000000000e+00
7.896074655484031837e+02 3.398050696620330200e+02 0.000000000000000000e+00
7.927249644977482603e+02 3.418478394011615933e+02 0.000000000000000000e+00
7.958424473581785605e+02 3.438906336935929744e+02 0.000000000000000000e+00
7.989598762378673200e+02 3.459335103629857713e+02 0.000000000000000000e+00
8.020772415627889131e+02 3.479764840136340922e+02 0.000000000000000000e+00
8.051951916260776443e+02 3.500185651357016923e+02 0.000000000000000000e+00
8.083157933568695626e+02 3.520565918146353965e+02 0.000000000000000000e+00
8.114396855062598206e+02 3.540895713386948955e+02 0.000000000000000000e+00
8.145644203604044833e+02 3.561212553686464730e+02 0.000000000000000000e+00
8.168379505321740908e+02 3.575987737158268942e+02 0.000000000000000000e+00
8.194263539297438683e+02 3.592803108419037130e+02 0.000000000000000000e+00
8.223389186609709895e+02 3.611718314326596442e+02 0.000000000000000000e+00
8.254192228306191055e+02 3.631710576457068100e+02 0.000000000000000000e+00
8.284998569513445545e+02 3.651697753953424694e+02 0.000000000000000000e+00
8.315810778432808092e+02 3.671675884605670035e+02 0.000000000000000000e+00
8.346629371897713554e+02 3.691644164944585214e+02 0.000000000000000000e+00
8.377454675587285919e+02 3.711602085059022897e+02 0.000000000000000000e+00
8.409233658566483882e+02 3.732155566728237659e+02 0.000000000000000000e+00
8.440131874567746308e+02 3.752110439675788598e+02 0.000000000000000000e+00
8.471043726616539971e+02 3.772044182659158764e+02 0.000000000000000000e+00
8.501970358018149909e+02 3.791954988181852855e+02 0.000000000000000000e+00
8.532911109459007548e+02 3.811843844526265457e+02 0.000000000000000000e+00
8.564472028623188180e+02 3.832101717487437327e+02 0.000000000000000000e+00
8.596047923334540428e+02 3.852336240179523088e+02 0.000000000000000000e+00
8.627635376123653259e+02 3.872552715186172918e+02 0.000000000000000000e+00
8.659236666976231618e+02 3.892747552443493646e+02 0.000000000000000000e+00
8.690851279137610845e+02 3.912921529078864182e+02 0.000000000000000000e+00
8.722479029252004921e+02 3.933074902446625742e+02 0.000000000000000000e+00
8.754122188687075550e+02 3.953204072731703036e+02 0.000000000000000000e+00
8.785779667843377183e+02 3.973310714640965102e+02 0.000000000000000000e+00
8.817448036647422214e+02 3.993400200764058354e+02 0.000000000000000000e+00
8.849123051718548822e+02 4.013479206109016104e+02 0.000000000000000000e+00
8.880803530572089812e+02 4.033549589638218436e+02 0.000000000000000000e+00
8.912487132745760618e+02 4.053615042254580771e+02 0.000000000000000000e+00
8.944176573267941421e+02 4.073671273076699890e+02 0.000000000000000000e+00
8.975870535019314502e+02 4.093720358439913412e+02 0.000000000000000000e+00
9.007566981317371528e+02 4.113765515647411917e+02 0.000000000000000000e+00
9.039265503487489468e+02 4.133807390001610997e+02 0.000000000000000000e+00
9.070965943786197840e+02 4.153846230294078055e+02 0.000000000000000000e+00
9.102668263289723427e+02 4.173882097470103076e+02 0.000000000000000000e+00
9.134375972837705149e+02 4.193909433554059660e+02 0.000000000000000000e+00
9.166090048302974083e+02 4.213926687431207370e+02 0.000000000000000000e+00
9.197807749435178266e+02 4.233938195877277622e+02 0.000000000000000000e+00
9.229748443008938921e+02 4.254091493154833188e+02 0.000000000000000000e+00
9.260014110034052237e+02 4.273188032022971470e+02 0.000000000000000000e+00
9.290047500344165883e+02 4.292137964277189894e+02 0.000000000000000000e+00
9.317576516336682744e+02 4.309500777295956482e+02 0.000000000000000000e+00
9.346055214718180650e+02 4.327453338937825151e+02 0.000000000000000000e+00
9.374536832522401255e+02 4.345400902725956485e+02 0.000000000000000000e+00
9.404369493911694917e+02 4.364193141643896752e+02 0.000000000000000000e+00
9.434205116288287627e+02 4.382980679175957448e+02 0.000000000000000000e+00
9.464044942833237428e+02 4.401761538604761768e+02 0.000000000000000000e+00
9.493888805679453071e+02 4.420535983457632483e+02 0.000000000000000000e+00
9.519975498052382363e+02 4.436939292243844761e+02 0.000000000000000000e+00
9.546437316749778574e+02 4.453570979303279955e+02 0.000000000000000000e+00
9.574078972357615385e+02 4.470936627700289137e+02 0.000000000000000000e+00
9.595723851662983179e+02 4.484531363268923769e+02 0.000000000000000000e+00
9.617358099166262946e+02 4.498116533526930425e+02 0.000000000000000000e+00
9.635765078837606552e+02 4.509672997160689079e+02 0.000000000000000000e+00
9.654879816834420581e+02 4.521671758986284999e+02 0.000000000000000000e+00
9.673443326488458069e+02 4.533322757179035989e+02 0.000000000000000000e+00
9.696088085277223172e+02 4.547530949755088727e+02 0.000000000000000000e+00
9.719008638522103638e+02 4.561909933896686198e+02 0.000000000000000000e+00
9.737553395045941897e+02 4.573542238612203619e+02 0.000000000000000000e+00
9.754459738480513806e+02 4.584145618871008878e+02 0.000000000000000000e+00
9.772061089797340401e+02 4.595183743875670075e+02 0.000000000000000000e+00
9.789728360541428174e+02 4.606270490159915880e+02 0.000000000000000000e+00
9.811860851666841654e+02 4.620169913102236023e+02 0.000000000000000000e+00
9.837726873248328729e+02 4.636429312320218514e+02 0.000000000000000000e+00
9.868103778842551037e+02 4.655553122551032743e+02 0.000000000000000000e+00
9.898463828456557394e+02 4.674703681254620165e+02 0.000000000000000000e+00
9.928803750206155883e+02 4.693886112264601707e+02 0.000000000000000000e+00
9.959120214250070831e+02 4.713105595064576505e+02 0.000000000000000000e+00
9.989409699796915447e+02 4.732367567355387337e+02 0.000000000000000000e+00
1.001966237069644535e+03 4.751687308934126008e+02 0.000000000000000000e+00
1.004987279041133093e+03 4.771073052455459447e+02 0.000000000000000000e+00
1.008002828741055737e+03 4.790544121043344603e+02 0.000000000000000000e+00
1.011012350899294802e+03 4.810108224629537403e+02 0.000000000000000000e+00
1.014014692211065949e+03 4.829782349158667785e+02 0.000000000000000000e+00
1.017008172168605711e+03 4.849591041331683527e+02 0.000000000000000000e+00
1.019992698451424758e+03 4.869534381020430374e+02 0.000000000000000000e+00
1.022968360202353210e+03 4.889609744669207316e+02 0.000000000000000000e+00
1.025789195369168738e+03 4.908841138809617632e+02 0.000000000000000000e+00
1.027810260079031195e+03 4.922773147180411684e+02 0.000000000000000000e+00
1.029824735918380384e+03 4.936800257455049064e+02 0.000000000000000000e+00
1.031832703245182302e+03 4.950920379084787442e+02 0.000000000000000000e+00
1.033833492995235929e+03 4.965142022836374167e+02 0.000000000000000000e+00
1.035827100612640379e+03 4.979464172820638623e+02 0.000000000000000000e+00
1.038731235538989495e+03 5.000526651037625925e+02 0.000000000000000000e+00
1.042318725023016668e+03 5.000667632896479518e+02 0.000000000000000000e+00
1.045906093159783268e+03 5.000994650963637014e+02 0.000000000000000000e+00
1.049493260005141337e+03 5.001496007165827677e+02 0.000000000000000000e+00
1.053080161004063029e+03 5.002160896689449601e+02 0.000000000000000000e+00
1.056666687224364296e+03 5.003004059066587388e+02 0.000000000000000000e+00
1.060252735674635687e+03 5.004030512628947349e+02 0.000000000000000000e+00
1.063838281389153963e+03 5.005219692428268559e+02 0.000000000000000000e+00
1.067423282593903423e+03 5.006563043417249332e+02 0.000000000000000000e+00
1.071007692416457530e+03 5.008055885700565568e+02 0.000000000000000000e+00
1.074591522405432215e+03 5.009681990462783574e+02 0.000000000000000000e+00
1.078174866737384491e+03 5.011411815757904833e+02 0.000000000000000000e+00
1.081757810666165824e+03 5.013222681850702429e+02 0.000000000000000000e+00
1.085340398220139150e+03 5.015102734375664113e+02 0.000000000000000000e+00
1.088922666657115542e+03 5.017042641649056804e+02 0.000000000000000000e+00
1.092504665522267715e+03 5.019031703913010460e+02 0.000000000000000000e+00
1.096086451517171326e+03 5.021058737301066799e+02 0.000000000000000000e+00
1.099668081369863330e+03 5.023113175305897471e+02 0.000000000000000000e+00
1.103249609607565390e+03 5.025185252509920133e+02 0.000000000000000000e+00
1.106831093886993131e+03 5.027264913854054953e+02 0.000000000000000000e+00
1.110412545433782043e+03 5.029350204597655534e+02 0.000000000000000000e+00
1.113993969237340934e+03 5.031440254744250637e+02 0.000000000000000000e+00
1.117575367835447196e+03 5.033534619524642721e+02 0.000000000000000000e+00
1.121156742967512173e+03 5.035632993187213060e+02 0.000000000000000000e+00
1.124738118978401417e+03 5.037731216852062630e+02 0.000000000000000000e+00
1.128319498739402661e+03 5.039828800326977785e+02 0.000000000000000000e+00
1.131900883135925596e+03 5.041925592190579550e+02 0.000000000000000000e+00
1.135482272220630193e+03 5.044021583144996157e+02 0.000000000000000000e+00
1.139063665836822338e+03 5.046116799667179293e+02 0.000000000000000000e+00
1.142645063769435410e+03 5.048211278244927485e+02 0.000000000000000000e+00
1.146226465791441569e+03 5.050305057450592585e+02 0.000000000000000000e+00
1.149807871679718119e+03 5.052398175227217507e+02 0.000000000000000000e+00
1.153389281220377825e+03 5.054490667973250311e+02 0.000000000000000000e+00
1.156970694210310285e+03 5.056582570274857744e+02 0.000000000000000000e+00
1.160552110457344952e+03 5.058673914874067918e+02 0.000000000000000000e+00
1.164133529779923037e+03 5.060764732721582391e+02 0.000000000000000000e+00
1.167714952006604108e+03 5.062855053057918440e+02 0.000000000000000000e+00
1.171296353856164615e+03 5.064948861760166778e+02 0.000000000000000000e+00
1.174877733737443805e+03 5.067046424698904730e+02 0.000000000000000000e+00
1.178459091826558961e+03 5.069147705127143126e+02 0.000000000000000000e+00
1.182040429022123362e+03 5.071252543565552173e+02 0.000000000000000000e+00
1.185621723402542102e+03 5.073364654302032477e+02 0.000000000000000000e+00
1.189202974431067105e+03 5.075484102993082729e+02 0.000000000000000000e+00
1.192784206016408461e+03 5.077606834464649523e+02 0.000000000000000000e+00
1.196365422030158015e+03 5.079732191369152474e+02 0.000000000000000000e+00
1.199946624391536716e+03 5.081859847443473654e+02 0.000000000000000000e+00
1.203527814153297413e+03 5.083989623185461255e+02 0.000000000000000000e+00
1.207108992116708578e+03 5.086121381877935619e+02 0.000000000000000000e+00
1.210690158977208966e+03 5.088255004949249951e+02 0.000000000000000000e+00
1.214271315370063576e+03 5.090390384230955760e+02 0.000000000000000000e+00
1.217852461887529216e+03 5.092527419029341331e+02 0.000000000000000000e+00
1.221433621297732998e+03 5.094662292223697477e+02 0.000000000000000000e+00
1.225014796552517510e+03 5.096794505894287113e+02 0.000000000000000000e+00
1.228595988086559601e+03 5.098923983608552248e+02 0.000000000000000000e+00
1.232177236889563801e+03 5.101043808314322519e+02 0.000000000000000000e+00
1.235758531295235571e+03 5.103155914768893240e+02 0.000000000000000000e+00
1.239339867433573318e+03 5.105260933084427393e+02 0.000000000000000000e+00
1.242921242310555044e+03 5.107359350282574724e+02 0.000000000000000000e+00
1.246502611912359725e+03 5.109458667603052504e+02 0.000000000000000000e+00
1.250083985430252369e+03 5.111557316744480204e+02 0.000000000000000000e+00
1.253665363775637843e+03 5.113655141905319965e+02 0.000000000000000000e+00
1.257246724131301335e+03 5.115756035994323838e+02 0.000000000000000000e+00
1.260828064772089647e+03 5.117860288153391366e+02 0.000000000000000000e+00
1.264409385755746371e+03 5.119967883201586574e+02 0.000000000000000000e+00
1.267990687873437764e+03 5.122078681597237164e+02 0.000000000000000000e+00
1.271571972066427179e+03 5.124192519005730446e+02 0.000000000000000000e+00
1.275153239288465556e+03 5.126309229689890117e+02 0.000000000000000000e+00
1.278734490465059935e+03 5.128428653361374927e+02 0.000000000000000000e+00
1.282315703787386838e+03 5.130554463720707190e+02 0.000000000000000000e+00
1.285896878196356056e+03 5.132686819446057598e+02 0.000000000000000000e+00
1.289478014631340329e+03 5.134825543151409875e+02 0.000000000000000000e+00
1.293059114808654385e+03 5.136970329315379331e+02 0.000000000000000000e+00
1.296640180575770273e+03 5.139120853168823260e+02 0.000000000000000000e+00
1.300221213757177338e+03 5.141276796361763672e+02 0.000000000000000000e+00
1.303802193895061691e+03 5.143441532117667521e+02 0.000000000000000000e+00
1.307383119896995822e+03 5.145615204713128605e+02 0.000000000000000000e+00
1.310963992855666447e+03 5.147797598140365380e+02 0.000000000000000000e+00
1.314544857204590471e+03 5.149981403796913355e+02 0.000000000000000000e+00
1.318125720656970088e+03 5.152165356458107226e+02 0.000000000000000000e+00
1.321706607654548861e+03 5.154345445158633083e+02 0.000000000000000000e+00
1.325287500972402995e+03 5.156524495479277448e+02 0.000000000000000000e+00
1.328868419787830362e+03 5.158699351662322670e+02 0.000000000000000000e+00
1.332449407871042467e+03 5.160862772674159942e+02 0.000000000000000000e+00
1.336030455531908274e+03 5.163016309473441652e+02 0.000000000000000000e+00
1.339611600083550911e+03 5.165153673670102989e+02 0.000000000000000000e+00
1.343192786750282721e+03 5.167283969773291119e+02 0.000000000000000000e+00
1.346774019802446674e+03 5.169406453764730713e+02 0.000000000000000000e+00
1.350355297230594488e+03 5.171521436967748286e+02 0.000000000000000000e+00
1.353936616646120683e+03 5.173629298462861925e+02 0.000000000000000000e+00
1.357518016847572198e+03 5.175723389050546075e+02 0.000000000000000000e+00
1.361099484240647826e+03 5.177805956436903898e+02 0.000000000000000000e+00
1.364681013309419086e+03 5.179877889987890285e+02 0.000000000000000000e+00
1.368262599576847379e+03 5.181939912437330804e+02 0.000000000000000000e+00
1.371844224431236626e+03 5.183995221642082925e+02 0.000000000000000000e+00
1.375703872466347548e+03 5.186200486515554076e+02 0.000000000000000000e+00
1.379405717254118599e+03 5.188306523478058807e+02 0.000000000000000000e+00
1.383208829471089302e+03 5.190460927509583371e+02 0.000000000000000000e+00
1.386808975104707315e+03 5.192491230011752350e+02 0.000000000000000000e+00
1.390255634094657808e+03 5.194426050610595667e+02 0.000000000000000000e+00
1.393068367247314200e+03 5.195997662259629806e+02 0.000000000000000000e+00
1.395986203920375146e+03 5.197620275844905109e+02 0.000000000000000000e+00
1.398946835062096625e+03 5.199258736408130517e+02 0.000000000000000000e+00
1.401960940085711854e+03 5.200918447490728340e+02 0.000000000000000000e+00
1.404845884667655582e+03 5.202498753308602772e+02 0.000000000000000000e+00
1.407745627590457843e+03 5.204078589538759161e+02 0.000000000000000000e+00
1.410418185413464016e+03 5.205526523349473109e+02 0.000000000000000000e+00
1.412981091036118187e+03 5.206907038290567016e+02 0.000000000000000000e+00
1.415508892760991557e+03 5.208265904562881587e+02 0.000000000000000000e+00
1.418140837107453535e+03 5.209676858864540918e+02 0.000000000000000000e+00
1.420587491002745992e+03 5.210984576826873536e+02 0.000000000000000000e+00
1.422579176916310644e+03 5.212045776110261386e+02 0.000000000000000000e+00
1.424649929925815286e+03 5.213149924471667873e+02 0.000000000000000000e+00
1.426236839050809067e+03 5.213996093693755256e+02 0.000000000000000000e+00
1.427864320158445935e+03 5.214863767965057377e+02 0.000000000000000000e+00
1.429157867215433953e+03 5.215553252043331440e+02 0.000000000000000000e+00
1.429986994612519311e+03 5.215995072489935183e+02 0.000000000000000000e+00
1.430602659487049323e+03 5.216323047025532560e+02 0.000000000000000000e+00
1.431059050704510128e+03 5.216566097413983698e+02 0.000000000000000000e+00
1.431364851511962115e+03 5.216728897491658472e+02 0.000000000000000000e+00
1.431528983497632908e+03 5.216816246999719624e+02 0.000000000000000000e+00
1.431730470087470167e+03 5.216923437939453834e+02 0.000000000000000000e+00
1.432145059830473429e+03 5.217143914744192443e+02 0.000000000000000000e+00
1.432719237944468432e+03 5.217449134515923106e+02 0.000000000000000000e+00
1.432882547991579258e+03 5.217535908555702235e+02 0.000000000000000000e+00
1.433068488384115426e+03 5.217634661586187121e+02 0.000000000000000000e+00
1.433239866883447121e+03 5.217725636404339866e+02 0.000000000000000000e+00
1.433408949997723084e+03 5.217815346444882607e+02 0.000000000000000000e+00
1.433554239339704509e+03 5.217892390229382045e+02 0.000000000000000000e+00
1.433800172660731960e+03 5.218022728085751396e+02 0.000000000000000000e+00
1.434042058392955596e+03 5.218150842583751228e+02 0.000000000000000000e+00
1.434313514763006197e+03 5.218294526275230965e+02 0.000000000000000000e+00
1.434640515981591989e+03 5.218467491921400097e+02 0.000000000000000000e+00
1.435035111652195383e+03 5.218676060294467334e+02 0.000000000000000000e+00
1.435565207914129132e+03 5.218956034527107022e+02 0.000000000000000000e+00
1.436502429148242072e+03 5.219450633261984649e+02 0.000000000000000000e+00
1.437859329193113808e+03 5.220166093412620967e+02 0.000000000000000000e+00
1.439918867509139545e+03 5.221246568494146914e+02 0.000000000000000000e+00
1.441356206348019214e+03 5.221996901209187172e+02 0.000000000000000000e+00
1.443733689846314974e+03 5.223226293952207016e+02 0.000000000000000000e+00
1.445973288552109352e+03 5.224373211067675129e+02 0.000000000000000000e+00
1.448238698273299633e+03 5.225516623582492457e+02 0.000000000000000000e+00
1.450609244005845312e+03 5.226690379947549445e+02 0.000000000000000000e+00
1.453609142901185805e+03 5.228140343021799481e+02 0.000000000000000000e+00
1.456301745505680401e+03 5.229403941880793809e+02 0.000000000000000000e+00
1.459129440794985385e+03 5.230685083867086860e+02 0.000000000000000000e+00
1.462257757429472804e+03 5.232040633958708895e+02 0.000000000000000000e+00
1.465854930527083525e+03 5.233527320030472083e+02 0.000000000000000000e+00
1.469201955603375154e+03 5.234834795105158491e+02 0.000000000000000000e+00
1.472115864325287930e+03 5.235897774826127034e+02 0.000000000000000000e+00
1.475355515490301059e+03 5.236975509575238448e+02 0.000000000000000000e+00
1.478595560342798990e+03 5.237927567696684719e+02 0.000000000000000000e+00
1.481835964051837664e+03 5.238748457172404187e+02 0.000000000000000000e+00
1.485076667498240795e+03 5.239440986257387749e+02 0.000000000000000000e+00
1.488751207646560033e+03 5.240058196430932185e+02 0.000000000000000000e+00
1.492426031917539603e+03 5.240473089551248904e+02 0.000000000000000000e+00
1.496101026959219780e+03 5.240689012968335874e+02 0.000000000000000000e+00
1.499776083605919212e+03 5.240725658764202990e+02 0.000000000000000000e+00
1.502758584928105847e+03 5.262198294021080756e+02 0.000000000000000000e+00
1.505752846323437780e+03 5.283506633895455025e+02 0.000000000000000000e+00
1.508757680533466782e+03 5.304665618171248980e+02 0.000000000000000000e+00
1.511773309382116395e+03 5.325670468641524167e+02 0.000000000000000000e+00
1.514800561870516503e+03 5.346507448166084941e+02 0.000000000000000000e+00
1.517838452134269801e+03 5.367189028209655817e+02 0.000000000000000000e+00
1.520886233000772563e+03 5.387724574404908253e+02 0.000000000000000000e+00
1.523944584822726711e+03 5.408102353770539139e+02 0.000000000000000000e+00
1.527013157500551188e+03 5.428325895761255424e+02 0.000000000000000000e+00
1.530090109603482006e+03 5.448421717570436158e+02 0.000000000000000000e+00
1.533175274002629521e+03 5.468391232877089578e+02 0.000000000000000000e+00
1.536268435031592617e+03 5.488236659641202095e+02 0.000000000000000000e+00
1.539367943842074283e+03 5.507982798300038212e+02 0.000000000000000000e+00
1.542472994680863394e+03 5.527641674346568834e+02 0.000000000000000000e+00
1.545583275030635150e+03 5.547217707988287430e+02 0.000000000000000000e+00
1.548697915807821573e+03 5.566724290504660075e+02 0.000000000000000000e+00
1.551815099526071663e+03 5.586190210601768058e+02 0.000000000000000000e+00
1.554934404894043610e+03 5.605622114283431756e+02 0.000000000000000000e+00
1.558055566264779827e+03 5.625024192737600970e+02 0.000000000000000000e+00
1.561178385229796731e+03 5.644399580468750628e+02 0.000000000000000000e+00
1.564302591154276115e+03 5.663752596065917260e+02 0.000000000000000000e+00
1.567427899234488223e+03 5.683087807958611393e+02 0.000000000000000000e+00
1.570554181652484658e+03 5.702407261958452409e+02 0.000000000000000000e+00
1.573681332237116749e+03 5.721712660184412016e+02 0.000000000000000000e+00
1.576809075151739307e+03 5.741008460363783570e+02 0.000000000000000000e+00
1.579937248178117898e+03 5.760297286929004486e+02 0.000000000000000000e+00
1.583065742336278390e+03 5.779580904556277119e+02 0.000000000000000000e+00
1.586194509693625378e+03 5.798860089210184015e+02 0.000000000000000000e+00
1.589323498737123828e+03 5.818135675715554953e+02 0.000000000000000000e+00
1.592452613606224077e+03 5.837409219555673872e+02 0.000000000000000000e+00
1.595581524836209610e+03 5.856686069143880786e+02 0.000000000000000000e+00
1.598710360609778263e+03 5.875964143445091850e+02 0.000000000000000000e+00
1.601839597049163103e+03 5.895235713417514489e+02 0.000000000000000000e+00
1.604969048543782492e+03 5.914503790977090603e+02 0.000000000000000000e+00
1.608098853969685479e+03 5.933766118929810318e+02 0.000000000000000000e+00
1.611228886968473489e+03 5.953024748715160968e+02 0.000000000000000000e+00
1.614359118027572094e+03 5.972280159129503545e+02 0.000000000000000000e+00
1.617489510748717976e+03 5.991532941258303708e+02 0.000000000000000000e+00
1.620619977633839653e+03 6.010784517471046229e+02 0.000000000000000000e+00
1.623750477638000802e+03 6.030035555130198190e+02 0.000000000000000000e+00
1.626880984950449374e+03 6.049286473945411444e+02 0.000000000000000000e+00
1.630011562949666768e+03 6.068536243233403411e+02 0.000000000000000000e+00
1.633142169844451701e+03 6.087785542586675547e+02 0.000000000000000000e+00
1.636272861224730832e+03 6.107033467843803010e+02 0.000000000000000000e+00
1.639403652776343279e+03 6.126279763710657562e+02 0.000000000000000000e+00
1.642535343777843536e+03 6.145511420573020587e+02 0.000000000000000000e+00
1.645667192573459488e+03 6.164740507673016054e+02 0.000000000000000000e+00
1.648799241802729966e+03 6.183966329920763201e+02 0.000000000000000000e+00
1.651931446090858572e+03 6.203189625899918838e+02 0.000000000000000000e+00
1.655063770544155886e+03 6.222410963795263115e+02 0.000000000000000000e+00
1.658196193620209442e+03 6.241630694433854387e+02 0.000000000000000000e+00
1.661328643005432468e+03 6.260849996280201140e+02 0.000000000000000000e+00
1.664461065065985167e+03 6.280069743469373407e+02 0.000000000000000000e+00
1.667593499845663700e+03 6.299289283361511025e+02 0.000000000000000000e+00
1.670725627243028839e+03 6.318513832126743637e+02 0.000000000000000000e+00
1.673857835005472907e+03 6.337737071496004546e+02 0.000000000000000000e+00
1.676990076670050030e+03 6.356959758457718408e+02 0.000000000000000000e+00
1.680122381334949978e+03 6.376181418822629894e+02 0.000000000000000000e+00
1.683254764621863160e+03 6.395401797927789858e+02 0.000000000000000000e+00
1.686387230378219556e+03 6.414620832947396138e+02 0.000000000000000000e+00
1.689519778892715522e+03 6.433838519046204283e+02 0.000000000000000000e+00
1.692652345740948704e+03 6.453055906295631985e+02 0.000000000000000000e+00
1.695784879884518887e+03 6.472273826643477150e+02 0.000000000000000000e+00
1.698917361330383073e+03 6.491492605941108422e+02 0.000000000000000000e+00
1.702049781324248215e+03 6.510712386812979275e+02 0.000000000000000000e+00
1.705182266622180578e+03 6.529931103325355934e+02 0.000000000000000000e+00
1.708314785779811245e+03 6.549149267942899542e+02 0.000000000000000000e+00
1.711447283296097567e+03 6.568367785305208599e+02 0.000000000000000000e+00
1.714579731856638318e+03 6.587587100592593288e+02 0.000000000000000000e+00
1.717712120558122933e+03 6.606807391455129164e+02 0.000000000000000000e+00
1.720844446872144090e+03 6.626028699027937137e+02 0.000000000000000000e+00
1.723976775529000179e+03 6.645249968421584299e+02 0.000000000000000000e+00
1.727109154773067303e+03 6.664470413413653205e+02 0.000000000000000000e+00
1.730241542899858132e+03 6.683690713642143919e+02 0.000000000000000000e+00
1.733373898167157222e+03 6.702911549381043415e+02 0.000000000000000000e+00
1.736506200698489920e+03 6.722133244513889849e+02 0.000000000000000000e+00
1.739638445263577069e+03 6.741355884213151057e+02 0.000000000000000000e+00
1.742770631156300624e+03 6.760579479920036192e+02 0.000000000000000000e+00
1.745902759273386891e+03 6.779804016959328692e+02 0.000000000000000000e+00
1.749034830716440865e+03 6.799029477321043942e+02 0.000000000000000000e+00
1.752166913296454140e+03 6.818254756246382158e+02 0.000000000000000000e+00
1.755298989060890335e+03 6.837480146207122971e+02 0.000000000000000000e+00
1.758431036764365444e+03 6.856705993311346674e+02 0.000000000000000000e+00
1.761563105360726922e+03 6.875931500049221086e+02 0.000000000000000000e+00
1.764695235959184402e+03 6.895155996661095514e+02 0.000000000000000000e+00
1.767827385445254322e+03 6.914380185545169297e+02 0.000000000000000000e+00
1.770959511316254520e+03 6.933604759178426775e+02 0.000000000000000000e+00
1.774091592937888208e+03 6.952830053717178771e+02 0.000000000000000000e+00
1.777223623888054135e+03 6.972056173743841327e+02 0.000000000000000000e+00
1.780355604016295501e+03 6.991283121660489996e+02 0.000000000000000000e+00
1.783487237652580689e+03 7.010515712629155587e+02 0.000000000000000000e+00
1.786617938229421497e+03 7.029763488302625092e+02 0.000000000000000000e+00
1.789749532493862944e+03 7.048996720346437996e+02 0.000000000000000000e+00
1.792881230801061292e+03 7.068228258242000948e+02 0.000000000000000000e+00
1.796013039182030070e+03 7.087458003561393980e+02 0.000000000000000000e+00
1.799144592878792537e+03 7.106691896120847787e+02 0.000000000000000000e+00
1.802276269851274037e+03 7.125923781430466306e+02 0.000000000000000000e+00
1.805407942301528465e+03 7.145155740378819473e+02 0.000000000000000000e+00
1.808539591862862153e+03 7.164388072038274231e+02 0.000000000000000000e+00
1.811670498408143885e+03 7.183632497179874008e+02 0.000000000000000000e+00
1.814801378132016907e+03 7.202877358676475978e+02 0.000000000000000000e+00
1.817931936250836088e+03 7.222127451274404848e+02 0.000000000000000000e+00
1.821062305469808962e+03 7.241380615529926672e+02 0.000000000000000000e+00
1.824192513917348833e+03 7.260636393521333503e+02 0.000000000000000000e+00
1.827322577026741783e+03 7.279894533921720949e+02 0.000000000000000000e+00
1.830452506236286126e+03 7.299154850452957817e+02 0.000000000000000000e+00
1.833582311222891349e+03 7.318417185543529513e+02 0.000000000000000000e+00
1.836712000609982624e+03 7.337681398805226536e+02 0.000000000000000000e+00
1.839841582247091310e+03 7.356947362477634442e+02 0.000000000000000000e+00
1.842971063346083838e+03 7.376214959205411787e+02 0.000000000000000000e+00
1.846100450562849119e+03 7.395484080703650989e+02 0.000000000000000000e+00
1.849229750055560316e+03 7.414754626805178077e+02 0.000000000000000000e+00
1.852358967531244161e+03 7.434026504698803137e+02 0.000000000000000000e+00
1.855488108285409453e+03 7.453299628281178002e+02 0.000000000000000000e+00
1.858617177236842963e+03 7.472573917587840242e+02 0.000000000000000000e+00
1.861745883697969248e+03 7.491854090475293333e+02 0.000000000000000000e+00
1.864874674138866112e+03 7.511132900507412842e+02 0.000000000000000000e+00
1.868003432988736677e+03 7.530412223226196602e+02 0.000000000000000000e+00
1.871131853106748622e+03 7.549697041998516625e+02 0.000000000000000000e+00
1.874260379940839357e+03 7.568980129494993889e+02 0.000000000000000000e+00
1.877388892568116034e+03 7.588263447483775508e+02 0.000000000000000000e+00
1.880419607693813077e+03 7.606944556773842123e+02 0.000000000000000000e+00
1.883615432265592290e+03 7.626635343360403567e+02 0.000000000000000000e+00
1.886811474444108626e+03 7.646322597741619802e+02 0.000000000000000000e+00
1.890007719903657744e+03 7.666006551663216442e+02 0.000000000000000000e+00
1.893204159367656302e+03 7.685687355027295098e+02 0.000000000000000000e+00
1.896400784673860016e+03 7.705365139733153228e+02 0.000000000000000000e+00
1.899597588052808533e+03 7.725040031381918197e+02 0.000000000000000000e+00
1.902794561993823891e+03 7.744712151445685322e+02 0.000000000000000000e+00
1.905991699210697561e+03 7.764381617818834229e+02 0.000000000000000000e+00
1.909188992632643021e+03 7.784048544959460969e+02 0.000000000000000000e+00
1.912386435403145015e+03 7.803713043902805566e+02 0.000000000000000000e+00
1.915584020881023207e+03 7.823375222238955757e+02 0.000000000000000000e+00
1.918781742641662959e+03 7.843035184088091682e+02 0.000000000000000000e+00
1.921980323438262303e+03 7.862681166744068832e+02 0.000000000000000000e+00
1.925179030908295999e+03 7.882325086868914923e+02 0.000000000000000000e+00
1.928377859175038793e+03 7.901967039871226461e+02 0.000000000000000000e+00
1.931576734841336247e+03 7.921608220918029701e+02 0.000000000000000000e+00
1.934775304943831316e+03 7.941254377684655310e+02 0.000000000000000000e+00
1.937972644115080129e+03 7.960920561049917978e+02 0.000000000000000000e+00
1.941169344244608283e+03 7.980597130210820751e+02 0.000000000000000000e+00
1.944365288541921018e+03 8.000285973513657609e+02 0.000000000000000000e+00
1.947463713744069310e+03 8.019392530706414846e+02 0.000000000000000000e+00
1.950561238175341487e+03 8.038513687597618400e+02 0.000000000000000000e+00
1.953657490328594122e+03 8.057655439383665907e+02 0.000000000000000000e+00
1.956752329730481961e+03 8.076820024136359280e+02 0.000000000000000000e+00
1.959844957993838079e+03 8.096020270060826078e+02 0.000000000000000000e+00
1.962732802380941621e+03 8.114004665387828936e+02 0.000000000000000000e+00
1.965617581596845412e+03 8.132038186487146731e+02 0.000000000000000000e+00
1.968498681592452840e+03 8.150130430052322481e+02 0.000000000000000000e+00
1.971375610399813013e+03 8.168288928322515403e+02 0.000000000000000000e+00
1.974248013874164599e+03 8.186518926231013893e+02 0.000000000000000000e+00
1.977114961483822299e+03 8.204834606290415877e+02 0.000000000000000000e+00
1.979975731722614682e+03 8.223246623012504415e+02 0.000000000000000000e+00
1.982830093206499896e+03 8.241757837116982728e+02 0.000000000000000000e+00
1.985677330217593180e+03 8.260378447632122061e+02 0.000000000000000000e+00
1.988516496024736625e+03 8.279121893090342610e+02 0.000000000000000000e+00
1.991347155896810591e+03 8.297993550795841884e+02 0.000000000000000000e+00
1.994169696336382458e+03 8.316986432156726323e+02 0.000000000000000000e+00
1.996983166621351302e+03 8.336113415485266387e+02 0.000000000000000000e+00
1.999786697425621696e+03 8.355385792054885314e+02 0.000000000000000000e+00
2.002580775569640309e+03 8.374794958142128962e+02 0.000000000000000000e+00
2.005365993848887229e+03 8.394331050622084831e+02 0.000000000000000000e+00
2.008141522006821106e+03 8.414004569375530309e+02 0.000000000000000000e+00
2.010906933480971020e+03 8.433820041450516101e+02 0.000000000000000000e+00
2.013663231908532225e+03 8.453762079799514595e+02 0.000000000000000000e+00
2.017065282150824714e+03 8.453853789026596814e+02 0.000000000000000000e+00
2.020467240428315336e+03 8.454120216337111060e+02 0.000000000000000000e+00
2.023869024420106143e+03 8.454555604681137311e+02 0.000000000000000000e+00
2.027270576599525157e+03 8.455144903212911913e+02 0.000000000000000000e+00
2.030671803349752281e+03 8.455898995411822625e+02 0.000000000000000000e+00
2.034072595295721840e+03 8.456828731779511372e+02 0.000000000000000000e+00
2.037473003726200204e+03 8.457889508044170270e+02 0.000000000000000000e+00
2.040873161532990252e+03 8.459027789460611757e+02 0.000000000000000000e+00
2.044273109141008490e+03 8.460227215141389934e+02 0.000000000000000000e+00
2.047672894024253765e+03 8.461471912074870261e+02 0.000000000000000000e+00
2.051072548055532934e+03 8.462751850530903539e+02 0.000000000000000000e+00
2.054472118616640273e+03 8.464053770534469550e+02 0.000000000000000000e+00
2.057871657670254081e+03 8.465363891897515032e+02 0.000000000000000000e+00
2.061271192742755829e+03 8.466675045883015400e+02 0.000000000000000000e+00
2.064670724187054475e+03 8.467987140244329112e+02 0.000000000000000000e+00
2.068070251391335205e+03 8.469300332700128138e+02 0.000000000000000000e+00
2.071469773995032483e+03 8.470614715591646018e+02 0.000000000000000000e+00
2.074869291742416863e+03 8.471930353920540711e+02 0.000000000000000000e+00
2.078268804422683388e+03 8.473247300905522934e+02 0.000000000000000000e+00
2.081668341290554054e+03 8.474557989308389097e+02 0.000000000000000000e+00
2.085067931120912363e+03 8.475854867954544716e+02 0.000000000000000000e+00
2.088467545336084640e+03 8.477145338601395679e+02 0.000000000000000000e+00
2.091867214501323360e+03 8.478421250974139411e+02 0.000000000000000000e+00
2.095266938613586717e+03 8.479682437613764705e+02 0.000000000000000000e+00
2.098666691590266055e+03 8.480935819218312872e+02 0.000000000000000000e+00
2.102066475977256232e+03 8.482180651692274296e+02 0.000000000000000000e+00
2.105466293202393445e+03 8.483416483095282956e+02 0.000000000000000000e+00
2.108866144812016046e+03 8.484642818671434270e+02 0.000000000000000000e+00
2.112266032472022744e+03 8.485859118644259524e+02 0.000000000000000000e+00
2.115665958994910397e+03 8.487064506377366797e+02 0.000000000000000000e+00
2.119065925410453474e+03 8.488258588873861754e+02 0.000000000000000000e+00
2.122465933508478884e+03 8.489440743274341230e+02 0.000000000000000000e+00
2.125865983961990423e+03 8.490610652265779663e+02 0.000000000000000000e+00
2.129266077010439858e+03 8.491768115819830882e+02 0.000000000000000000e+00
2.132666187719669779e+03 8.492920379760349761e+02 0.000000000000000000e+00
2.136066317169879312e+03 8.494067100246051041e+02 0.000000000000000000e+00
2.139466465726222395e+03 8.495208141511834583e+02 0.000000000000000000e+00
2.142866633842270403e+03 8.496343339270680417e+02 0.000000000000000000e+00
2.146266822022549604e+03 8.497472511338829690e+02 0.000000000000000000e+00
2.149667030802055251e+03 8.498595463371528922e+02 0.000000000000000000e+00
2.153067260735920172e+03 8.499711991640438100e+02 0.000000000000000000e+00
2.156467512394394362e+03 8.500821884245589217e+02 0.000000000000000000e+00
2.159867786360295668e+03 8.501924921584833328e+02 0.000000000000000000e+00
2.163268058946513520e+03 8.503028384149764634e+02 0.000000000000000000e+00
2.166668355596149013e+03 8.504124406566589869e+02 0.000000000000000000e+00
2.170068651857145142e+03 8.505220549548170084e+02 0.000000000000000000e+00
2.173468948766127596e+03 8.506316491502317376e+02 0.000000000000000000e+00
2.176869222244007688e+03 8.507419679270968800e+02 0.000000000000000000e+00
2.180269497141511692e+03 8.508522429392737649e+02 0.000000000000000000e+00
2.183669772637285405e+03 8.509624995025510543e+02 0.000000000000000000e+00
2.187070048615705218e+03 8.510727411801850621e+02 0.000000000000000000e+00
2.190470325040385887e+03 8.511829690925521845e+02 0.000000000000000000e+00
2.193870601904452542e+03 8.512931834500512878e+02 0.000000000000000000e+00
2.197270879212599539e+03 8.514033841061611838e+02 0.000000000000000000e+00
2.200671156974805854e+03 8.515135707512305316e+02 0.000000000000000000e+00
2.204071459424517343e+03 8.516229929034329871e+02 0.000000000000000000e+00
2.207471810274193103e+03 8.517309005306651670e+02 0.000000000000000000e+00
2.210872209226436098e+03 8.518372815557188460e+02 0.000000000000000000e+00
2.214272657202704522e+03 8.519420838343080504e+02 0.000000000000000000e+00
2.217673153831779018e+03 8.520452954255097211e+02 0.000000000000000000e+00
2.221073695110383596e+03 8.521470253100693526e+02 0.000000000000000000e+00
2.224474278146053166e+03 8.522473496561723323e+02 0.000000000000000000e+00
2.227874922036708540e+03 8.523455895963845705e+02 0.000000000000000000e+00
2.231275599305811284e+03 8.524426672370350389e+02 0.000000000000000000e+00
2.234676310278012352e+03 8.525385569677496278e+02 0.000000000000000000e+00
2.238077073884323909e+03 8.526325614936588408e+02 0.000000000000000000e+00
2.241477862478778661e+03 8.527256576414418987e+02 0.000000000000000000e+00
2.244878676777680084e+03 8.528178100222703506e+02 0.000000000000000000e+00
2.248279575657494206e+03 8.529067862336171402e+02 0.000000000000000000e+00
2.251680505719970370e+03 8.529945624664538855e+02 0.000000000000000000e+00
2.255081450051755382e+03 8.530817840750462437e+02 0.000000000000000000e+00
2.258482410170712683e+03 8.531683879211898329e+02 0.000000000000000000e+00
2.261883384944933823e+03 8.532544143242189421e+02 0.000000000000000000e+00
2.265284373403390873e+03 8.533398980205960243e+02 0.000000000000000000e+00
2.268685374677379059e+03 8.534248703174638422e+02 0.000000000000000000e+00
2.272086368956513070e+03 8.535101221221582364e+02 0.000000000000000000e+00
2.275487359148322412e+03 8.535955368288605314e+02 0.000000000000000000e+00
2.278888345322950045e+03 8.536811113396436212e+02 0.000000000000000000e+00
2.282289308349460043e+03 8.537676009298631925e+02 0.000000000000000000e+00
2.285690251894526227e+03 8.538548532087849026e+02 0.000000000000000000e+00
2.289091177080388661e+03 8.539428181851849331e+02 0.000000000000000000e+00
2.292492064927788761e+03 8.540322150884373968e+02 0.000000000000000000e+00
2.295892919874005202e+03 8.541228549896899267e+02 0.000000000000000000e+00
2.299293723006570417e+03 8.542154185378095690e+02 0.000000000000000000e+00
2.302694479516894717e+03 8.543096794225477879e+02 0.000000000000000000e+00
2.306095191751498987e+03 8.544055243719113832e+02 0.000000000000000000e+00
2.309495839941435406e+03 8.545036153765342988e+02 0.000000000000000000e+00
2.312896429409962366e+03 8.546037214375324993e+02 0.000000000000000000e+00
2.316296961425770405e+03 8.547057604808865108e+02 0.000000000000000000e+00
2.319697437011180227e+03 8.548096630791974349e+02 0.000000000000000000e+00
2.323097831231906639e+03 8.549161952365759589e+02 0.000000000000000000e+00
2.326498163995179311e+03 8.550246712980782604e+02 0.000000000000000000e+00
2.329898479792606395e+03 8.551336778789552682e+02 0.000000000000000000e+00
2.333298751305926544e+03 8.552440571913703025e+02 0.000000000000000000e+00
2.336699001889737701e+03 8.553550793702261217e+02 0.000000000000000000e+00
2.340099229689091771e+03 8.554667971817165153e+02 0.000000000000000000e+00
2.343499433647665228e+03 8.555792382640919413e+02 0.000000000000000000e+00
2.346899587929930931e+03 8.556931716380303214e+02 0.000000000000000000e+00
2.350299716767509835e+03 8.558078618502129302e+02 0.000000000000000000e+00
2.353699818303733991e+03 8.559233586045950233e+02 0.000000000000000000e+00
2.357099891369791749e+03 8.560396904677053271e+02 0.000000000000000000e+00
2.360499960146251851e+03 8.561561476368594867e+02 0.000000000000000000e+00
2.363900023247686931e+03 8.562727703754839013e+02 0.000000000000000000e+00
2.367300080192021142e+03 8.563895724824403715e+02 0.000000000000000000e+00
2.370700130654891836e+03 8.565065631095758363e+02 0.000000000000000000e+00
2.374100174367421005e+03 8.566237497547011799e+02 0.000000000000000000e+00
2.377500211080044664e+03 8.567411393186121131e+02 0.000000000000000000e+00
2.380900240547891372e+03 8.568587385306843771e+02 0.000000000000000000e+00
2.384300262523926904e+03 8.569765541467146477e+02 0.000000000000000000e+00
2.387700302150585685e+03 8.570938592789717632e+02 0.000000000000000000e+00
2.391100384786478571e+03 8.572099111036241084e+02 0.000000000000000000e+00
2.394500536171419299e+03 8.573239309106368182e+02 0.000000000000000000e+00
2.397900706183856528e+03 8.574373938712315066e+02 0.000000000000000000e+00
2.401300896778554488e+03 8.575502383510864775e+02 0.000000000000000000e+00
2.404701083614277650e+03 8.576631960382118223e+02 0.000000000000000000e+00
2.408101292354866018e+03 8.577754924198658273e+02 0.000000000000000000e+00
2.411501596889570465e+03 8.578848497615193764e+02 0.000000000000000000e+00
2.414901995315971817e+03 8.579912475934172562e+02 0.000000000000000000e+00
2.418302464802856775e+03 8.580953495898838810e+02 0.000000000000000000e+00
2.421702982633805277e+03 8.581978602639999281e+02 0.000000000000000000e+00
2.425103544324686027e+03 8.582989055183116989e+02 0.000000000000000000e+00
2.428504168514164576e+03 8.583978250757309070e+02 0.000000000000000000e+00
2.431904870657278479e+03 8.584940274183502424e+02 0.000000000000000000e+00
2.435305726121548105e+03 8.585846478799008992e+02 0.000000000000000000e+00
2.438706630311475237e+03 8.586734208929221950e+02 0.000000000000000000e+00
2.442107587449690982e+03 8.587601417146778431e+02 0.000000000000000000e+00
2.445508574141114423e+03 8.588456956840024077e+02 0.000000000000000000e+00
2.448909552505953343e+03 8.589315800178563904e+02 0.000000000000000000e+00
2.452310527944075602e+03 8.590175801701434466e+02 0.000000000000000000e+00
2.455711538532981194e+03 8.591021788170459104e+02 0.000000000000000000e+00
2.459413567578565107e+03 8.591938755648554888e+02 0.000000000000000000e+00
2.463115588049257440e+03 8.592859178512237577e+02 0.000000000000000000e+00
2.466817582349108761e+03 8.593790067967104278e+02 0.000000000000000000e+00
2.470519533069274530e+03 8.594738129851685926e+02 0.000000000000000000e+00
2.474221423222782050e+03 8.595709553511533159e+02 0.000000000000000000e+00
2.477923280402343607e+03 8.596693462553827203e+02 0.000000000000000000e+00
2.481625103531427158e+03 8.597690100345965902e+02 0.000000000000000000e+00
2.485326848567682191e+03 8.598715333707961008e+02 0.000000000000000000e+00
2.489028501327962658e+03 8.599773359710185332e+02 0.000000000000000000e+00
2.492730069033545078e+03 8.600860735859201895e+02 0.000000000000000000e+00
2.496431577610885597e+03 8.601968056940883116e+02 0.000000000000000000e+00
2.500133025100225950e+03 8.603095613217147957e+02 0.000000000000000000e+00
2.503834461440472751e+03 8.604226823498472640e+02 0.000000000000000000e+00
2.507535906478773995e+03 8.605355184094147489e+02 0.000000000000000000e+00
2.511237356493127663e+03 8.606481911174898869e+02 0.000000000000000000e+00
2.514938810483937232e+03 8.607607331177632659e+02 0.000000000000000000e+00
2.518640268210644990e+03 8.608731521788763530e+02 0.000000000000000000e+00
2.522341729517770091e+03 8.609854532909013187e+02 0.000000000000000000e+00
2.526043194281776778e+03 8.610976404056729052e+02 0.000000000000000000e+00
2.529744637183852774e+03 8.612105465196657406e+02 0.000000000000000000e+00
2.533446062457543576e+03 8.613240290786195601e+02 0.000000000000000000e+00
2.537147470148303910e+03 8.614380836913459234e+02 0.000000000000000000e+00
2.540848860083022828e+03 8.615527130901375585e+02 0.000000000000000000e+00
2.544550231908096976e+03 8.616679257650106365e+02 0.000000000000000000e+00
2.548251610452723526e+03 8.617829223618419974e+02 0.000000000000000000e+00
2.551952994669156851e+03 8.618977362557849347e+02 0.000000000000000000e+00
2.555654358708685777e+03 8.620131987812476382e+02 0.000000000000000000e+00
2.559355728796576386e+03 8.621284672521024959e+02 0.000000000000000000e+00
2.563057104127643015e+03 8.622435672367948882e+02 0.000000000000000000e+00
2.566758510272267813e+03 8.623576720151223753e+02 0.000000000000000000e+00
2.570459944843652011e+03 8.624708509074504263e+02 0.000000000000000000e+00
2.574161380144944815e+03 8.625840059261198576e+02 0.000000000000000000e+00
2.577862819537722316e+03 8.626970270281271951e+02 0.000000000000000000e+00
2.581564288251188373e+03 8.628090837599063434e+02 0.000000000000000000e+00
2.585265781487526965e+03 8.629203274979111029e+02 0.000000000000000000e+00
2.588967322513808540e+03 8.630299695457794087e+02 0.000000000000000000e+00
2.592668881869685720e+03 8.631389910245051169e+02 0.000000000000000000e+00
2.596370436635099850e+03 8.632481682498977307e+02 0.000000000000000000e+00
2.600072015170131181e+03 8.633565365889102168e+02 0.000000000000000000e+00
2.603773612699229488e+03 8.634642541848593282e+02 0.000000000000000000e+00
2.607475228203189545e+03 8.635713523115863381e+02 0.000000000000000000e+00
2.611176836871319210e+03 8.636786864437775648e+02 0.000000000000000000e+00
2.614878442660365636e+03 8.637861198203607955e+02 0.000000000000000000e+00
2.618580045900043388e+03 8.638936409992674044e+02 0.000000000000000000e+00
2.622281670776244937e+03 8.640004147029095520e+02 0.000000000000000000e+00
2.625983288743099820e+03 8.641074276710982076e+02 0.000000000000000000e+00
2.629684879464174628e+03 8.642153789636296324e+02 0.000000000000000000e+00
2.633386447678472905e+03 8.643240992598039156e+02 0.000000000000000000e+00
2.637088018939128233e+03 8.644327157879855577e+02 0.000000000000000000e+00
2.640789565055867115e+03 8.645421858458101951e+02 0.000000000000000000e+00
2.644491065742558931e+03 8.646531814057394740e+02 0.000000000000000000e+00
2.648192526409556649e+03 8.647655036144655014e+02 0.000000000000000000e+00
2.651893922192536138e+03 8.648799440166200156e+02 0.000000000000000000e+00
2.655595304169053634e+03 8.649948300985271317e+02 0.000000000000000000e+00
2.659296668431459693e+03 8.651102854790336778e+02 0.000000000000000000e+00
2.662998013742984767e+03 8.652263468109100586e+02 0.000000000000000000e+00
2.666699313128603990e+03 8.653438636434063937e+02 0.000000000000000000e+00
2.670400565909430497e+03 8.654628392725508093e+02 0.000000000000000000e+00
2.674101743792452453e+03 8.655841225200884992e+02 0.000000000000000000e+00
2.677802790172546793e+03 8.657093544660738189e+02 0.000000000000000000e+00
2.681503672785991512e+03 8.658393361163449526e+02 0.000000000000000000e+00
2.685204321486341541e+03 8.659758152154840900e+02 0.000000000000000000e+00
2.688904612430765610e+03 8.661216722499991647e+02 0.000000000000000000e+00
2.692604463262130139e+03 8.662782965570453371e+02 0.000000000000000000e+00
2.696303812308846318e+03 8.664463560062482657e+02 0.000000000000000000e+00
2.700036281153352775e+03 8.666277575757305840e+02 0.000000000000000000e+00
2.703792711368471373e+03 8.668224670213242007e+02 0.000000000000000000e+00
2.707548443907174260e+03 8.670301996066089032e+02 0.000000000000000000e+00
2.711303492321131671e+03 8.672499520539148534e+02 0.000000000000000000e+00
2.715057862127094722e+03 8.674810085174318601e+02 0.000000000000000000e+00
2.718811640624897336e+03 8.677214803841767434e+02 0.000000000000000000e+00
2.722564807637907506e+03 8.679713145325905543e+02 0.000000000000000000e+00
2.726317251174855301e+03 8.682317895434429147e+02 0.000000000000000000e+00
2.730069153905121766e+03 8.684999417984762431e+02 0.000000000000000000e+00
2.733820566541683547e+03 8.687748653505858556e+02 0.000000000000000000e+00
2.737571428194830332e+03 8.690572066125606625e+02 0.000000000000000000e+00
2.741321421253589506e+03 8.693508591087486366e+02 0.000000000000000000e+00
2.745071043699236725e+03 8.696492066315480542e+02 0.000000000000000000e+00
2.748820211577415648e+03 8.699532131289967083e+02 0.000000000000000000e+00
2.752567731182514308e+03 8.702769051719357094e+02 0.000000000000000000e+00
2.756314890721519987e+03 8.706047391520216934e+02 0.000000000000000000e+00
2.760062050260525666e+03 8.709325731321076773e+02 0.000000000000000000e+00
2.763809209799531345e+03 8.712604071121936613e+02 0.000000000000000000e+00
2.767570682879224933e+03 8.712604071121936613e+02 0.000000000000000000e+00
2.771332155958918520e+03 8.712604071121936613e+02 0.000000000000000000e+00
2.775093629038612107e+03 8.712604071121936613e+02 0.000000000000000000e+00
2.778855102118305695e+03 8.712604071121936613e+02 0.000000000000000000e+00
2.782616575197999282e+03 8.712604071121936613e+02 0.000000000000000000e+00
2.786378048277692869e+03 8.712604071121936613e+02 0.000000000000000000e+00
2.790139521357386457e+03 8.712604071121936613e+02 0.000000000000000000e+00
2.793900994437080044e+03 8.712604071121936613e+02 0.000000000000000000e+00
2.797662467516773631e+03 8.712604071121936613e+02 0.000000000000000000e+00
2.801423940596467219e+03 8.712604071121936613e+02 0.000000000000000000e+00
2.805185413676160806e+03 8.712604071121936613e+02 0.000000000000000000e+00
2.808946886755854393e+03 8.712604071121936613e+02 0.000000000000000000e+00
2.812708359835547981e+03 8.712604071121936613e+02 0.000000000000000000e+00
2.816469832915241568e+03 8.712604071121936613e+02 0.000000000000000000e+00
2.820231305994935155e+03 8.712604071121936613e+02 0.000000000000000000e+00
2.823992779074628743e+03 8.712604071121936613e+02 0.000000000000000000e+00
2.827754252154322330e+03 8.712604071121936613e+02 0.000000000000000000e+00
2.831515725234015918e+03 8.712604071121936613e+02 0.000000000000000000e+00
2.835277198313709505e+03 8.712604071121936613e+02 0.000000000000000000e+00
2.839038671393403092e+03 8.712604071121936613e+02 0.000000000000000000e+00
2.842800144473096680e+03 8.712604071121936613e+02 0.000000000000000000e+00
2.846561617552790267e+03 8.712604071121936613e+02 0.000000000000000000e+00
2.850323090632483854e+03 8.712604071121936613e+02 0.000000000000000000e+00
2.854084563712177442e+03 8.712604071121936613e+02 0.000000000000000000e+00
2.857846036791871029e+03 8.712604071121936613e+02 0.000000000000000000e+00
2.861607509871564616e+03 8.712604071121936613e+02 0.000000000000000000e+00
2.865368982951258204e+03 8.712604071121936613e+02 0.000000000000000000e+00
2.869130456030951791e+03 8.712604071121936613e+02 0.000000000000000000e+00
2.872891929110645378e+03 8.712604071121936613e+02 0.000000000000000000e+00
2.876653402190338966e+03 8.712604071121936613e+02 0.000000000000000000e+00
2.880414875270032553e+03 8.712604071121936613e+02 0.000000000000000000e+00
2.884176348349726140e+03 8.712604071121936613e+02 0.000000000000000000e+00
2.887937821429419728e+03 8.712604071121936613e+02 0.000000000000000000e+00
2.891699294509113315e+03 8.712604071121936613e+02 0.000000000000000000e+00
2.895460767588806902e+03 8.712604071121936613e+02 0.000000000000000000e+00
2.899222240668500490e+03 8.712604071121936613e+02 0.000000000000000000e+00
2.902983713748194077e+03 8.712604071121936613e+02 0.000000000000000000e+00
2.906745186827887665e+03 8.712604071121936613e+02 0.000000000000000000e+00
2.910506659907581252e+03 8.712604071121936613e+02 0.000000000000000000e+00
2.914268132987274839e+03 8.712604071121936613e+02 0.000000000000000000e+00
2.918029606066968427e+03 8.712604071121936613e+02 0.000000000000000000e+00
2.921791079146662014e+03 8.712604071121936613e+02 0.000000000000000000e+00
2.925552552226355601e+03 8.712604071121936613e+02 0.000000000000000000e+00
2.929314025306049189e+03 8.712604071121936613e+02 0.000000000000000000e+00
2.933075498385742776e+03 8.712604071121936613e+02 0.000000000000000000e+00
2.936836971465436363e+03 8.712604071121936613e+02 0.000000000000000000e+00
2.940598444545129951e+03 8.712604071121936613e+02 0.000000000000000000e+00
2.944359917624823538e+03 8.712604071121936613e+02 0.000000000000000000e+00
2.948121390704517125e+03 8.712604071121936613e+02 0.000000000000000000e+00
2.951882863784210713e+03 8.712604071121936613e+02 0.000000000000000000e+00
2.955644336863904300e+03 8.712604071121936613e+02 0.000000000000000000e+00
2.959405809943597887e+03 8.712604071121936613e+02 0.000000000000000000e+00
2.963167283023291475e+03 8.712604071121936613e+02 0.000000000000000000e+00
2.966928756102985062e+03 8.712604071121936613e+02 0.000000000000000000e+00
2.970690229182678650e+03 8.712604071121936613e+02 0.000000000000000000e+00
2.974451702262372237e+03 8.712604071121936613e+02 0.000000000000000000e+00
2.978213175342065824e+03 8.712604071121936613e+02 0.000000000000000000e+00
2.981974648421759412e+03 8.712604071121936613e+02 0.000000000000000000e+00
2.985736121501452999e+03 8.712604071121936613e+02 0.000000000000000000e+00
2.989497594581146586e+03 8.712604071121936613e+02 0.000000000000000000e+00
2.993259067660840174e+03 8.712604071121936613e+02 0.000000000000000000e+00
2.997020540740533761e+03 8.712604071121936613e+02 0.000000000000000000e+00
3.000782013820227348e+03 8.712604071121936613e+02 0.000000000000000000e+00
3.004543486899920936e+03 8.712604071121936613e+02 0.000000000000000000e+00
3.008304959979614523e+03 8.712604071121936613e+02 0.000000000000000000e+00
3.012066433059308110e+03 8.712604071121936613e+02 0.000000000000000000e+00
3.015827906139001698e+03 8.712604071121936613e+02 0.000000000000000000e+00
3.019589379218695285e+03 8.712604071121936613e+02 0.000000000000000000e+00
3.023350852298388872e+03 8.712604071121936613e+02 0.000000000000000000e+00
3.027112325378082460e+03 8.712604071121936613e+02 0.000000000000000000e+00
3.030873798457776047e+03 8.712604071121936613e+02 0.000000000000000000e+00
3.034635271537469634e+03 8.712604071121936613e+02 0.000000000000000000e+00
3.038396744617163222e+03 8.712604071121936613e+02 0.000000000000000000e+00
3.042158217696856809e+03 8.712604071121936613e+02 0.000000000000000000e+00
3.045919690776550397e+03 8.712604071121936613e+02 0.000000000000000000e+00
3.049681163856243984e+03 8.712604071121936613e+02 0.000000000000000000e+00
3.053442636935937571e+03 8.712604071121936613e+02 0.000000000000000000e+00
3.057204110015631159e+03 8.712604071121936613e+02 0.000000000000000000e+00
3.060965583095324746e+03 8.712604071121936613e+02 0.000000000000000000e+00
3.064727056175018333e+03 8.712604071121936613e+02 0.000000000000000000e+00
3.068488529254711921e+03 8.712604071121936613e+02 0.000000000000000000e+00
3.072250002334405508e+03 8.712604071121936613e+02 0.000000000000000000e+00
3.076011475414099095e+03 8.712604071121936613e+02 0.000000000000000000e+00
3.079772948493792683e+03 8.712604071121936613e+02 0.000000000000000000e+00
3.083534421573486270e+03 8.712604071121936613e+02 0.000000000000000000e+00
3.087295894653179857e+03 8.712604071121936613e+02 0.000000000000000000e+00
3.091057367732873445e+03 8.712604071121936613e+02 0.000000000000000000e+00
3.094818840812567032e+03 8.712604071121936613e+02 0.000000000000000000e+00
3.098580313892260619e+03 8.712604071121936613e+02 0.000000000000000000e+00
3.102341786971954207e+03 8.712604071121936613e+02 0.000000000000000000e+00
3.106103260051647794e+03 8.712604071121936613e+02 0.000000000000000000e+00
3.109864733131341382e+03 8.712604071121936613e+02 0.000000000000000000e+00
3.113626206211034969e+03 8.712604071121936613e+02 0.000000000000000000e+00
3.117387679290728556e+03 8.712604071121936613e+02 0.000000000000000000e+00
3.121149152370422144e+03 8.712604071121936613e+02 0.000000000000000000e+00
3.124910625450115731e+03 8.712604071121936613e+02 0.000000000000000000e+00
3.128672098529809318e+03 8.712604071121936613e+02 0.000000000000000000e+00
3.132433571609502906e+03 8.712604071121936613e+02 0.000000000000000000e+00
3.136195044689196493e+03 8.712604071121936613e+02 0.000000000000000000e+00
3.139956517768890080e+03 8.712604071121936613e+02 0.000000000000000000e+00
3.143717990848583668e+03 8.712604071121936613e+02 0.000000000000000000e+00
3.147479463928277255e+03 8.712604071121936613e+02 0.000000000000000000e+00
3.151240937007970842e+03 8.712604071121936613e+02 0.000000000000000000e+00
3.155002410087664430e+03 8.712604071121936613e+02 0.000000000000000000e+00
3.158763883167358017e+03 8.712604071121936613e+02 0.000000000000000000e+00
3.162525356247051604e+03 8.712604071121936613e+02 0.000000000000000000e+00
3.166286829326745192e+03 8.712604071121936613e+02 0.000000000000000000e+00
3.170048302406438779e+03 8.712604071121936613e+02 0.000000000000000000e+00
3.173809775486132366e+03 8.712604071121936613e+02 0.000000000000000000e+00
3.177571248565825954e+03 8.712604071121936613e+02 0.000000000000000000e+00
3.181332721645519541e+03 8.712604071121936613e+02 0.000000000000000000e+00
3.185094194725213129e+03 8.712604071121936613e+02 0.000000000000000000e+00
3.188855667804906716e+03 8.712604071121936613e+02 0.000000000000000000e+00
3.192617140884600303e+03 8.712604071121936613e+02 0.000000000000000000e+00
3.196378613964293891e+03 8.712604071121936613e+02 0.000000000000000000e+00
3.200140087043987478e+03 8.712604071121936613e+02 0.000000000000000000e+00
3.203901560123681065e+03 8.712604071121936613e+02 0.000000000000000000e+00
3.207663033203374653e+03 8.712604071121936613e+02 0.000000000000000000e+00
3.211424506283068240e+03 8.712604071121936613e+02 0.000000000000000000e+00
3.215185979362761827e+03 8.712604071121936613e+02 0.000000000000000000e+00
3.218947452442455415e+03 8.712604071121936613e+02 0.000000000000000000e+00
3.222708925522149002e+03 8.712604071121936613e+02 0.000000000000000000e+00
3.226470398601842589e+03 8.712604071121936613e+02 0.000000000000000000e+00
3.230231871681536177e+03 8.712604071121936613e+02 0.000000000000000000e+00
3.233993344761229764e+03 8.712604071121936613e+02 0.000000000000000000e+00
3.237754817840923351e+03 8.712604071121936613e+02 0.000000000000000000e+00
3.241516290920616939e+03 8.712604071121936613e+02 0.000000000000000000e+00
3.245277764000310526e+03 8.712604071121936613e+02 0.000000000000000000e+00
3.249039237080004114e+03 8.712604071121936613e+02 0.000000000000000000e+00
3.252800710159697701e+03 8.712604071121936613e+02 0.000000000000000000e+00
3.256562183239391288e+03 8.712604071121936613e+02 0.000000000000000000e+00
3.260323656319084876e+03 8.712604071121936613e+02 0.000000000000000000e+00
3.264085129398778463e+03 8.712604071121936613e+02 0.000000000000000000e+00
3.267846602478472050e+03 8.712604071121936613e+02 0.000000000000000000e+00
3.271608075558165638e+03 8.712604071121936613e+02 0.000000000000000000e+00
3.275369548637859225e+03 8.712604071121936613e+02 0.000000000000000000e+00
3.279131021717552812e+03 8.712604071121936613e+02 0.000000000000000000e+00
3.282677232151598673e+03 8.712604071121936613e+02 0.000000000000000000e+00
3.285819559594363909e+03 8.712604071121936613e+02 0.000000000000000000e+00
3.289279231508167413e+03 8.712604071121936613e+02 0.000000000000000000e+00
3.292902649045681756e+03 8.712604071121936613e+02 0.000000000000000000e+00
3.295414596250996055e+03 8.712604071121936613e+02 0.000000000000000000e+00
3.298567755522002699e+03 8.712604071121936613e+02 0.000000000000000000e+00
3.301028789363815577e+03 8.712604071121936613e+02 0.000000000000000000e+00
3.303670569871901080e+03 8.712604071121936613e+02 0.000000000000000000e+00
3.306250582057671636e+03 8.712604071121936613e+02 0.000000000000000000e+00
3.308694082730979517e+03 8.712604071121936613e+02 0.000000000000000000e+00
3.311246097031879799e+03 8.712604071121936613e+02 0.000000000000000000e+00
3.313645879101558421e+03 8.712604071121936613e+02 0.000000000000000000e+00
3.315823280907798562e+03 8.712604071121936613e+02 0.000000000000000000e+00
3.318112138393642908e+03 8.712604071121936613e+02 0.000000000000000000e+00
3.320408283697803654e+03 8.712604071121936613e+02 0.000000000000000000e+00
3.322710920882755545e+03 8.712604071121936613e+02 0.000000000000000000e+00
3.324905095541262654e+03 8.712604071121936613e+02 0.000000000000000000e+00
3.327345831103319597e+03 8.712604071121936613e+02 0.000000000000000000e+00
3.330294563024932813e+03 8.712604071121936613e+02 0.000000000000000000e+00
3.333942123223667750e+03 8.712604071121936613e+02 0.000000000000000000e+00
3.337346092816007058e+03 8.712604071121936613e+02 0.000000000000000000e+00
3.340750062408346366e+03 8.712604071121936613e+02 0.000000000000000000e+00
3.344154032000685675e+03 8.712604071121936613e+02 0.000000000000000000e+00
3.347558001593024983e+03 8.712604071121936613e+02 0.000000000000000000e+00
3.350961971185364291e+03 8.712604071121936613e+02 0.000000000000000000e+00
3.354832711835060309e+03 8.712604071121936613e+02 0.000000000000000000e+00
3.358703452484756326e+03 8.712604071121936613e+02 0.000000000000000000e+00
3.362574193134452344e+03 8.712604071121936613e+02 0.000000000000000000e+00
3.366444933784148361e+03 8.712604071121936613e+02 0.000000000000000000e+00
3.370315674433844379e+03 8.712604071121936613e+02 0.000000000000000000e+00
3.374186415083540396e+03 8.712604071121936613e+02 0.000000000000000000e+00
3.378057155733236414e+03 8.712604071121936613e+02 0.000000000000000000e+00
3.381927896382932431e+03 8.712604071121936613e+02 0.000000000000000000e+00
3.385798637032628449e+03 8.712604071121936613e+02 0.000000000000000000e+00
3.389669377682324466e+03 8.712604071121936613e+02 0.000000000000000000e+00
3.393540118332020484e+03 8.712604071121936613e+02 0.000000000000000000e+00
3.397046160442813743e+03 8.712604071121936613e+02 0.000000000000000000e+00
3.400903159709298507e+03 8.712604071121936613e+02 0.000000000000000000e+00
3.404760158975783270e+03 8.712604071121936613e+02 0.000000000000000000e+00
3.408617158242268033e+03 8.712604071121936613e+02 0.000000000000000000e+00
3.412474157508752796e+03 8.712604071121936613e+02 0.000000000000000000e+00
3.416331156775237559e+03 8.712604071121936613e+02 0.000000000000000000e+00
3.419947503696028889e+03 8.712604071121936613e+02 0.000000000000000000e+00
3.423053175399844349e+03 8.712604071121936613e+02 0.000000000000000000e+00
3.426019588616644342e+03 8.712604071121936613e+02 0.000000000000000000e+00
3.429183821572243687e+03 8.712604071121936613e+02 0.000000000000000000e+00
3.432713138237395469e+03 8.712604071121936613e+02 0.000000000000000000e+00
3.436242454902547252e+03 8.712604071121936613e+02 0.000000000000000000e+00
3.440109140762629067e+03 8.712604071121936613e+02 0.000000000000000000e+00
3.443856759883125505e+03 8.712604071121936613e+02 0.000000000000000000e+00
3.447374960935975651e+03 8.712604071121936613e+02 0.000000000000000000e+00
3.450652020786722915e+03 8.712604071121936613e+02 0.000000000000000000e+00
3.453836449733702466e+03 8.712604071121936613e+02 0.000000000000000000e+00
3.456677739549279977e+03 8.712604071121936613e+02 0.000000000000000000e+00
3.460315581259621467e+03 8.712604071121936613e+02 0.000000000000000000e+00
3.463953422969962958e+03 8.712604071121936613e+02 0.000000000000000000e+00
3.466668822877260027e+03 8.712604071121936613e+02 0.000000000000000000e+00
3.469459341662246061e+03 8.712604071121936613e+02 0.000000000000000000e+00
3.472495160006426886e+03 8.712604071121936613e+02 0.000000000000000000e+00
3.475572982308000064e+03 8.712604071121936613e+02 0.000000000000000000e+00
3.478710299056306212e+03 8.712604071121936613e+02 0.000000000000000000e+00
3.482097898243157033e+03 8.712604071121936613e+02 0.000000000000000000e+00
3.485485497430007854e+03 8.712604071121936613e+02 0.000000000000000000e+00
3.489261901040575140e+03 8.712604071121936613e+02 0.000000000000000000e+00
3.493038304651142425e+03 8.712604071121936613e+02 0.000000000000000000e+00
3.496897817708809725e+03 8.712604071121936613e+02 0.000000000000000000e+00
3.500328162365064145e+03 8.712604071121936613e+02 0.000000000000000000e+00
3.503695436568989408e+03 8.712604071121936613e+02 0.000000000000000000e+00
3.507345885799822554e+03 8.712604071121936613e+02 0.000000000000000000e+00
3.510996335030655700e+03 8.712604071121936613e+02 0.000000000000000000e+00
3.514646784261488847e+03 8.712604071121936613e+02 0.000000000000000000e+00
3.518297233492321993e+03 8.712604071121936613e+02 0.000000000000000000e+00
3.522101999042088664e+03 8.712604071121936613e+02 0.000000000000000000e+00
3.525632193284754976e+03 8.712604071121936613e+02 0.000000000000000000e+00
3.529072228465419812e+03 8.712604071121936613e+02 0.000000000000000000e+00
3.532792317719853600e+03 8.712604071121936613e+02 0.000000000000000000e+00
3.536431006852436894e+03 8.712604071121936613e+02 0.000000000000000000e+00
3.540069695985020189e+03 8.712604071121936613e+02 0.000000000000000000e+00
3.543708385117603484e+03 8.712604071121936613e+02 0.000000000000000000e+00
3.547347074250186779e+03 8.712604071121936613e+02 0.000000000000000000e+00
3.551212511945172992e+03 8.712604071121936613e+02 0.000000000000000000e+00
3.555083509748780216e+03 8.712604071121936613e+02 0.000000000000000000e+00
3.558963599731298928e+03 8.712604071121936613e+02 0.000000000000000000e+00
3.562760093511021751e+03 8.712604071121936613e+02 0.000000000000000000e+00
3.566556587290744574e+03 8.712604071121936613e+02 0.000000000000000000e+00
3.570396398307957043e+03 8.712604071121936613e+02 0.000000000000000000e+00
3.574236209325169511e+03 8.712604071121936613e+02 0.000000000000000000e+00
3.578076020342381980e+03 8.712604071121936613e+02 0.000000000000000000e+00
3.581915831359594449e+03 8.712604071121936613e+02 0.000000000000000000e+00
3.585755642376806918e+03 8.712604071121936613e+02 0.000000000000000000e+00
3.589595453394019387e+03 8.712604071121936613e+02 0.000000000000000000e+00
3.593435264411231856e+03 8.712604071121936613e+02 0.000000000000000000e+00
3.597275075428444325e+03 8.712604071121936613e+02 0.000000000000000000e+00
3.601114886445656794e+03 8.712604071121936613e+02 0.000000000000000000e+00
3.604954697462869262e+03 8.712604071121936613e+02 0.000000000000000000e+00
3.608794508480081731e+03 8.712604071121936613e+02 0.000000000000000000e+00
3.612634319497294200e+03 8.712604071121936613e+02 0.000000000000000000e+00
3.616529287170180851e+03 8.712604071121936613e+02 0.000000000000000000e+00
3.619904253715193136e+03 8.712604071121936613e+02 0.000000000000000000e+00
3.623629072135487149e+03 8.712604071121936613e+02 0.000000000000000000e+00
3.627353890555781163e+03 8.712604071121936613e+02 0.000000000000000000e+00
3.631166509963333738e+03 8.712604071121936613e+02 0.000000000000000000e+00
3.634438070949109715e+03 8.712604071121936613e+02 0.000000000000000000e+00
3.637761642780581496e+03 8.712604071121936613e+02 0.000000000000000000e+00
3.641087491253067583e+03 8.712604071121936613e+02 0.000000000000000000e+00
3.644269674097470215e+03 8.712604071121936613e+02 0.000000000000000000e+00
3.647683299340408666e+03 8.712604071121936613e+02 0.000000000000000000e+00
3.651065691365518433e+03 8.712604071121936613e+02 0.000000000000000000e+00
3.654548573421940091e+03 8.712604071121936613e+02 0.000000000000000000e+00
3.658000605235429703e+03 8.712604071121936613e+02 0.000000000000000000e+00
3.661274057246276698e+03 8.712604071121936613e+02 0.000000000000000000e+00
3.664772288120815119e+03 8.712604071121936613e+02 0.000000000000000000e+00
3.668244648322646299e+03 8.712604071121936613e+02 0.000000000000000000e+00
3.671866366539962655e+03 8.712604071121936613e+02 0.000000000000000000e+00
3.675488084757279012e+03 8.712604071121936613e+02 0.000000000000000000e+00
3.679109802974595368e+03 8.712604071121936613e+02 0.000000000000000000e+00
3.682731521191911725e+03 8.712604071121936613e+02 0.000000000000000000e+00
3.686353239409228081e+03 8.712604071121936613e+02 0.000000000000000000e+00
3.689974957626544438e+03 8.712604071121936613e+02 0.000000000000000000e+00
3.693596675843860794e+03 8.712604071121936613e+02 0.000000000000000000e+00
3.697218394061177150e+03 8.712604071121936613e+02 0.000000000000000000e+00
3.700840112278493507e+03 8.712604071121936613e+02 0.000000000000000000e+00
3.704461830495809863e+03 8.712604071121936613e+02 0.000000000000000000e+00
3.708083548713126220e+03 8.712604071121936613e+02 0.000000000000000000e+00
3.711705266930442576e+03 8.712604071121936613e+02 0.000000000000000000e+00
3.715326985147758933e+03 8.712604071121936613e+02 0.000000000000000000e+00
3.718948703365075289e+03 8.712604071121936613e+02 0.000000000000000000e+00
3.722570421582391646e+03 8.712604071121936613e+02 0.000000000000000000e+00
3.726192139799708002e+03 8.712604071121936613e+02 0.000000000000000000e+00
3.729813858017024359e+03 8.712604071121936613e+02 0.000000000000000000e+00
3.733435576234340715e+03 8.712604071121936613e+02 0.000000000000000000e+00
3.737057294451657071e+03 8.712604071121936613e+02 0.000000000000000000e+00
3.740679012668973428e+03 8.712604071121936613e+02 0.000000000000000000e+00
3.744300730886289784e+03 8.712604071121936613e+02 0.000000000000000000e+00
3.747922449103606141e+03 8.712604071121936613e+02 0.000000000000000000e+00
3.751544167320922497e+03 8.712604071121936613e+02 0.000000000000000000e+00
3.755165885538238854e+03 8.712604071121936613e+02 0.000000000000000000e+00
3.758787603755555210e+03 8.712604071121936613e+02 0.000000000000000000e+00
3.762409321972871567e+03 8.712604071121936613e+02 0.000000000000000000e+00
3.766031040190187923e+03 8.712604071121936613e+02 0.000000000000000000e+00
3.768943166370582730e+03 8.712604071121936613e+02 0.000000000000000000e+00
3.771839467903298555e+03 8.712604071121936613e+02 0.000000000000000000e+00
3.774878467357106274e+03 8.712604071121936613e+02 0.000000000000000000e+00
3.777917466810913993e+03 8.712604071121936613e+02 0.000000000000000000e+00
3.780956466264721712e+03 8.712604071121936613e+02 0.000000000000000000e+00
3.783995465718529431e+03 8.712604071121936613e+02 0.000000000000000000e+00
3.787034465172337150e+03 8.712604071121936613e+02 0.000000000000000000e+00
3.790073464626144869e+03 8.712604071121936613e+02 0.000000000000000000e+00
3.793112464079952588e+03 8.712604071121936613e+02 0.000000000000000000e+00
3.796974587353265633e+03 8.712604071121936613e+02 0.000000000000000000e+00
3.800402604443128439e+03 8.712604071121936613e+02 0.000000000000000000e+00
3.803853450790292300e+03 8.712604071121936613e+02 0.000000000000000000e+00
3.807439701913915542e+03 8.712604071121936613e+02 0.000000000000000000e+00
3.811218156285941859e+03 8.712604071121936613e+02 0.000000000000000000e+00
3.814724335966208400e+03 8.712604071121936613e+02 0.000000000000000000e+00
3.818230515646474942e+03 8.712604071121936613e+02 0.000000000000000000e+00
3.821736695326741483e+03 8.712604071121936613e+02 0.000000000000000000e+00
3.825242875007008024e+03 8.712604071121936613e+02 0.000000000000000000e+00
3.828749054687274565e+03 8.712604071121936613e+02 0.000000000000000000e+00
3.832255234367541107e+03 8.712604071121936613e+02 0.000000000000000000e+00
3.835761414047807648e+03 8.712604071121936613e+02 0.000000000000000000e+00
3.839267593728074189e+03 8.712604071121936613e+02 0.000000000000000000e+00
3.842773773408340730e+03 8.712604071121936613e+02 0.000000000000000000e+00
3.846279953088607272e+03 8.712604071121936613e+02 0.000000000000000000e+00
3.849786132768873813e+03 8.712604071121936613e+02 0.000000000000000000e+00
3.853292312449140354e+03 8.712604071121936613e+02 0.000000000000000000e+00
3.856798492129406895e+03 8.712604071121936613e+02 0.000000000000000000e+00
3.860304671809673437e+03 8.712604071121936613e+02 0.000000000000000000e+00
3.863810851489939978e+03 8.712604071121936613e+02 0.000000000000000000e+00
3.867317031170206519e+03 8.712604071121936613e+02 0.000000000000000000e+00
3.870823210850473060e+03 8.712604071121936613e+02 0.000000000000000000e+00
3.874329390530739602e+03 8.712604071121936613e+02 0.000000000000000000e+00
3.877835570211006143e+03 8.712604071121936613e+02 0.000000000000000000e+00
3.881341749891272684e+03 8.712604071121936613e+02 0.000000000000000000e+00
3.884847929571539225e+03 8.712604071121936613e+02 0.000000000000000000e+00
3.888354109251805767e+03 8.712604071121936613e+02 0.000000000000000000e+00
3.891860288932072308e+03 8.712604071121936613e+02 0.000000000000000000e+00
3.895366468612338849e+03 8.712604071121936613e+02 0.000000000000000000e+00
3.898872648292605390e+03 8.712604071121936613e+02 0.000000000000000000e+00
3.902378827972871932e+03 8.712604071121936613e+02 0.000000000000000000e+00
3.905473924011296731e+03 8.712604071121936613e+02 0.000000000000000000e+00
3.908569020049721530e+03 8.712604071121936613e+02 0.000000000000000000e+00
3.912463831022305840e+03 8.712604071121936613e+02 0.000000000000000000e+00
3.916358641994890149e+03 8.712604071121936613e+02 0.000000000000000000e+00
3.920253452967474459e+03 8.712604071121936613e+02 0.000000000000000000e+00
3.924148263940058769e+03 8.712604071121936613e+02 0.000000000000000000e+00
3.928043074912643078e+03 8.712604071121936613e+02 0.000000000000000000e+00
3.931937885885227388e+03 8.712604071121936613e+02 0.000000000000000000e+00
3.935832696857811698e+03 8.712604071121936613e+02 0.000000000000000000e+00
3.939727507830396007e+03 8.712604071121936613e+02 0.000000000000000000e+00
3.943622318802980317e+03 8.712604071121936613e+02 0.000000000000000000e+00
3.947517129775564626e+03 8.712604071121936613e+02 0.000000000000000000e+00
3.951411940748148936e+03 8.712604071121936613e+02 0.000000000000000000e+00
3.955306751720733246e+03 8.712604071121936613e+02 0.000000000000000000e+00
3.959201562693317555e+03 8.712604071121936613e+02 0.000000000000000000e+00
3.963096373665901865e+03 8.712604071121936613e+02 0.000000000000000000e+00
3.966991184638486175e+03 8.712604071121936613e+02 0.000000000000000000e+00
3.970885995611070484e+03 8.712604071121936613e+02 0.000000000000000000e+00
3.974780806583654794e+03 8.712604071121936613e+02 0.000000000000000000e+00
3.978675617556239104e+03 8.712604071121936613e+02 0.000000000000000000e+00
3.982570428528823413e+03 8.712604071121936613e+02 0.000000000000000000e+00
3.986465239501407723e+03 8.712604071121936613e+02 0.000000000000000000e+00
3.990360050473992032e+03 8.712604071121936613e+02 0.000000000000000000e+00
3.994254861446576342e+03 8.712604071121936613e+02 0.000000000000000000e+00
3.998149672419160652e+03 8.712604071121936613e+02 0.000000000000000000e+00
4.002044483391744961e+03 8.712604071121936613e+02 0.000000000000000000e+00
4.005939294364329271e+03 8.712604071121936613e+02 0.000000000000000000e+00
4.009834105336913581e+03 8.712604071121936613e+02 0.000000000000000000e+00
4.013728916309497890e+03 8.712604071121936613e+02 0.000000000000000000e+00
4.017623727282082200e+03 8.712604071121936613e+02 0.000000000000000000e+00
4.021518538254666510e+03 8.712604071121936613e+02 0.000000000000000000e+00
4.025413349227250819e+03 8.712604071121936613e+02 0.000000000000000000e+00
4.029308160199835129e+03 8.712604071121936613e+02 0.000000000000000000e+00
4.033202971172419439e+03 8.712604071121936613e+02 0.000000000000000000e+00
4.037097782145003748e+03 8.712604071121936613e+02 0.000000000000000000e+00
4.040992593117588058e+03 8.712604071121936613e+02 0.000000000000000000e+00
4.044887404090172367e+03 8.712604071121936613e+02 0.000000000000000000e+00
4.048782215062756677e+03 8.712604071121936613e+02 0.000000000000000000e+00
4.052677026035340987e+03 8.712604071121936613e+02 0.000000000000000000e+00
4.056571837007925296e+03 8.712604071121936613e+02 0.000000000000000000e+00
4.060466647980509606e+03 8.712604071121936613e+02 0.000000000000000000e+00
4.064361458953093916e+03 8.712604071121936613e+02 0.000000000000000000e+00
4.068256269925678225e+03 8.712604071121936613e+02 0.000000000000000000e+00
4.072151080898262535e+03 8.712604071121936613e+02 0.000000000000000000e+00
4.075965408195542750e+03 8.712604071121936613e+02 0.000000000000000000e+00
4.079779735492822965e+03 8.712604071121936613e+02 0.000000000000000000e+00
4.083594062790103180e+03 8.712604071121936613e+02 0.000000000000000000e+00
4.087408390087383395e+03 8.712604071121936613e+02 0.000000000000000000e+00
4.091222717384663611e+03 8.712604071121936613e+02 0.000000000000000000e+00
4.095037044681943826e+03 8.712604071121936613e+02 0.000000000000000000e+00
4.098851371979223586e+03 8.712604071121936613e+02 0.000000000000000000e+00
4.102665699276503801e+03 8.712604071121936613e+02 0.000000000000000000e+00
4.106480026573784016e+03 8.712604071121936613e+02 0.000000000000000000e+00
4.110294353871064231e+03 8.712604071121936613e+02 0.000000000000000000e+00
4.114108681168344447e+03 8.712604071121936613e+02 0.000000000000000000e+00
4.117923008465624662e+03 8.712604071121936613e+02 0.000000000000000000e+00
4.121737335762904877e+03 8.712604071121936613e+02 0.000000000000000000e+00
4.125551663060185092e+03 8.712604071121936613e+02 0.000000000000000000e+00
4.129365990357465307e+03 8.712604071121936613e+02 0.000000000000000000e+00
4.133180317654745522e+03 8.712604071121936613e+02 0.000000000000000000e+00
4.136994644952025737e+03 8.712604071121936613e+02 0.000000000000000000e+00
4.140808972249305953e+03 8.712604071121936613e+02 0.000000000000000000e+00
4.144623299546586168e+03 8.712604071121936613e+02 0.000000000000000000e+00
4.148437626843866383e+03 8.712604071121936613e+02 0.000000000000000000e+00
4.152251954141146598e+03 8.712604071121936613e+02 0.000000000000000000e+00
4.156066281438426813e+03 8.712604071121936613e+02 0.000000000000000000e+00
4.159880608735707028e+03 8.712604071121936613e+02 0.000000000000000000e+00
4.163694936032987243e+03 8.712604071121936613e+02 0.000000000000000000e+00
4.167509263330267459e+03 8.712604071121936613e+02 0.000000000000000000e+00
4.171323590627547674e+03 8.712604071121936613e+02 0.000000000000000000e+00
4.175137917924827889e+03 8.712604071121936613e+02 0.000000000000000000e+00
4.178952245222108104e+03 8.712604071121936613e+02 0.000000000000000000e+00
4.182766572519388319e+03 8.712604071121936613e+02 0.000000000000000000e+00
4.186580899816668534e+03 8.712604071121936613e+02 0.000000000000000000e+00
4.190395227113948749e+03 8.712604071121936613e+02 0.000000000000000000e+00
4.194209554411228964e+03 8.712604071121936613e+02 0.000000000000000000e+00
4.198023881708509180e+03 8.712604071121936613e+02 0.000000000000000000e+00
4.201838209005789395e+03 8.712604071121936613e+02 0.000000000000000000e+00
4.205652536303069610e+03 8.712604071121936613e+02 0.000000000000000000e+00
4.209466863600349825e+03 8.712604071121936613e+02 0.000000000000000000e+00
4.213281190897630040e+03 8.712604071121936613e+02 0.000000000000000000e+00
4.216986850275708093e+03 8.712604071121936613e+02 0.000000000000000000e+00
4.220510256541132549e+03 8.712604071121936613e+02 0.000000000000000000e+00
4.223858951882775727e+03 8.712604071121936613e+02 0.000000000000000000e+00
4.227566543060937875e+03 8.712604071121936613e+02 0.000000000000000000e+00
4.231274134239100022e+03 8.712604071121936613e+02 0.000000000000000000e+00
4.235174105247788248e+03 8.712604071121936613e+02 0.000000000000000000e+00
4.239074076256476474e+03 8.712604071121936613e+02 0.000000000000000000e+00
4.242974047265164700e+03 8.712604071121936613e+02 0.000000000000000000e+00
4.246874018273852926e+03 8.712604071121936613e+02 0.000000000000000000e+00
4.250773989282541152e+03 8.712604071121936613e+02 0.000000000000000000e+00
4.254516929334424276e+03 8.712604071121936613e+02 0.000000000000000000e+00
4.258259869386307400e+03 8.712604071121936613e+02 0.000000000000000000e+00
4.262002809438190525e+03 8.712604071121936613e+02 0.000000000000000000e+00
4.265745749490073649e+03 8.712604071121936613e+02 0.000000000000000000e+00
4.269488689541956774e+03 8.712604071121936613e+02 0.000000000000000000e+00
4.273231629593839898e+03 8.712604071121936613e+02 0.000000000000000000e+00
4.276974569645723022e+03 8.712604071121936613e+02 0.000000000000000000e+00
4.280717509697606147e+03 8.712604071121936613e+02 0.000000000000000000e+00
4.284460449749489271e+03 8.712604071121936613e+02 0.000000000000000000e+00
4.288203389801372396e+03 8.712604071121936613e+02 0.000000000000000000e+00
4.291944502098871453e+03 8.712604071121936613e+02 0.000000000000000000e+00
4.295685614396370511e+03 8.712604071121936613e+02 0.000000000000000000e+00
4.299477543819983111e+03 8.712604071121936613e+02 0.000000000000000000e+00
4.303203792959150633e+03 8.712604071121936613e+02 0.000000000000000000e+00
4.306933553968696287e+03 8.712604071121936613e+02 0.000000000000000000e+00
4.310554101220962366e+03 8.712604071121936613e+02 0.000000000000000000e+00
4.313488618152993695e+03 8.712604071121936613e+02 0.000000000000000000e+00
4.316129707565524768e+03 8.712604071121936613e+02 0.000000000000000000e+00
4.318894089156363407e+03 8.712604071121936613e+02 0.000000000000000000e+00
4.321474264889575352e+03 8.712604071121936613e+02 0.000000000000000000e+00
4.324668465181216561e+03 8.712604071121936613e+02 0.000000000000000000e+00
4.327180759696007954e+03 8.712604071121936613e+02 0.000000000000000000e+00
4.328681206937984825e+03 8.712604071121936613e+02 0.000000000000000000e+00
4.329963046281565767e+03 8.712604071121936613e+02 0.000000000000000000e+00
4.331285867521589353e+03 8.712604071121936613e+02 0.000000000000000000e+00
4.332781261661776625e+03 8.712604071121936613e+02 0.000000000000000000e+00
4.334641849978646860e+03 8.712604071121936613e+02 0.000000000000000000e+00
4.336388306446791830e+03 8.712604071121936613e+02 0.000000000000000000e+00
4.338425954244013155e+03 8.712604071121936613e+02 0.000000000000000000e+00
4.340619565687055911e+03 8.712604071121936613e+02 0.000000000000000000e+00
4.343374772171515360e+03 8.712604071121936613e+02 0.000000000000000000e+00
4.346218066336264201e+03 8.712604071121936613e+02 0.000000000000000000e+00
4.349301213303384429e+03 8.712604071121936613e+02 0.000000000000000000e+00
4.352777557947390960e+03 8.712604071121936613e+02 0.000000000000000000e+00
4.356124097320641340e+03 8.712604071121936613e+02 0.000000000000000000e+00
4.359254625471602594e+03 8.712604071121936613e+02 0.000000000000000000e+00
4.362871100242233297e+03 8.712604071121936613e+02 0.000000000000000000e+00
4.366487575012863999e+03 8.712604071121936613e+02 0.000000000000000000e+00
4.370104049783494702e+03 8.712604071121936613e+02 0.000000000000000000e+00
4.373720524554125404e+03 8.712604071121936613e+02 0.000000000000000000e+00
4.377336999324756107e+03 8.712604071121936613e+02 0.000000000000000000e+00
4.380953474095386809e+03 8.712604071121936613e+02 0.000000000000000000e+00
4.384569948866017512e+03 8.712604071121936613e+02 0.000000000000000000e+00
4.388186423636648215e+03 8.712604071121936613e+02 0.000000000000000000e+00
4.391802898407278917e+03 8.712604071121936613e+02 0.000000000000000000e+00
4.395419373177909620e+03 8.712604071121936613e+02 0.000000000000000000e+00
4.398880579332050729e+03 8.712604071121936613e+02 0.000000000000000000e+00
4.402341785486191839e+03 8.712604071121936613e+02 0.000000000000000000e+00
4.405802991640332948e+03 8.712604071121936613e+02 0.000000000000000000e+00
4.409264197794474057e+03 8.712604071121936613e+02 0.000000000000000000e+00
4.412725403948615167e+03 8.712604071121936613e+02 0.000000000000000000e+00
4.416173439168373079e+03 8.715620711053605874e+02 0.000000000000000000e+00
4.419621845853724153e+03 8.718594586872957279e+02 0.000000000000000000e+00
4.423070403693282969e+03 8.721550883013092061e+02 0.000000000000000000e+00
4.426518931151298602e+03 8.724510721062293896e+02 0.000000000000000000e+00
4.429967399119798756e+03 8.727477482119275010e+02 0.000000000000000000e+00
4.433415830329105120e+03 8.730448512851930900e+02 0.000000000000000000e+00
4.436865278963470701e+03 8.733298989309263334e+02 0.000000000000000000e+00
4.440314737618319668e+03 8.736148252897479551e+02 0.000000000000000000e+00
4.443764191920315170e+03 8.738998043414487711e+02 0.000000000000000000e+00
4.447213587343041581e+03 8.741854951868367607e+02 0.000000000000000000e+00
4.450662995771243004e+03 8.744710289622755681e+02 0.000000000000000000e+00
4.454112380874619703e+03 8.747568443748481286e+02 0.000000000000000000e+00
4.457561725454951556e+03 8.750431484223187226e+02 0.000000000000000000e+00
4.461011059657900660e+03 8.753295774673309779e+02 0.000000000000000000e+00
4.464460381536135174e+03 8.756161548945524373e+02 0.000000000000000000e+00
4.467909683493353441e+03 8.759029719954908160e+02 0.000000000000000000e+00
4.471358968125967294e+03 8.761899973683698590e+02 0.000000000000000000e+00
4.474808235956890712e+03 8.764772245816042187e+02 0.000000000000000000e+00
4.478257485310075936e+03 8.767646736049321134e+02 0.000000000000000000e+00
4.481706714088618355e+03 8.770523694073606293e+02 0.000000000000000000e+00
4.485155920871042326e+03 8.773403288030139038e+02 0.000000000000000000e+00
4.488603956090800239e+03 8.776419927961808298e+02 0.000000000000000000e+00
4.492051991310558151e+03 8.779436567893477559e+02 0.000000000000000000e+00
4.495500026530316063e+03 8.782453207825146819e+02 0.000000000000000000e+00
4.498948061750073975e+03 8.785469847756816080e+02 0.000000000000000000e+00
4.502396096969831888e+03 8.788486487688485340e+02 0.000000000000000000e+00
4.505844132189589800e+03 8.791503127620154601e+02 0.000000000000000000e+00
4.509292167409347712e+03 8.794519767551823861e+02 0.000000000000000000e+00
4.512740202629105625e+03 8.797536407483493122e+02 0.000000000000000000e+00
4.516188237848863537e+03 8.800553047415162382e+02 0.000000000000000000e+00
4.519636273068621449e+03 8.803569687346831643e+02 0.000000000000000000e+00
4.523084308288379361e+03 8.806586327278500903e+02 0.000000000000000000e+00
4.526532343508137274e+03 8.809602967210170164e+02 0.000000000000000000e+00
4.529980378727895186e+03 8.812619607141839424e+02 0.000000000000000000e+00
4.533428413947653098e+03 8.815636247073508684e+02 0.000000000000000000e+00
4.536876449167411010e+03 8.818652887005177945e+02 0.000000000000000000e+00
4.540324484387168923e+03 8.821669526936847205e+02 0.000000000000000000e+00
4.543772519606926835e+03 8.824686166868516466e+02 0.000000000000000000e+00
4.547220554826684747e+03 8.827702806800185726e+02 0.000000000000000000e+00
4.550668590046442660e+03 8.830719446731854987e+02 0.000000000000000000e+00
4.554116625266200572e+03 8.833736086663524247e+02 0.000000000000000000e+00
4.557564660485958484e+03 8.836752726595193508e+02 0.000000000000000000e+00
4.561012695705716396e+03 8.839769366526862768e+02 0.000000000000000000e+00
4.564460730925474309e+03 8.842786006458532029e+02 0.000000000000000000e+00
4.567908766145232221e+03 8.845802646390201289e+02 0.000000000000000000e+00
4.571356801364990133e+03 8.848819286321870550e+02 0.000000000000000000e+00
4.574804836584748045e+03 8.851835926253539810e+02 0.000000000000000000e+00
4.578252871804505958e+03 8.854852566185209071e+02 0.000000000000000000e+00
4.581700907024263870e+03 8.857869206116878331e+02 0.000000000000000000e+00
4.585148942244021782e+03 8.860885846048547592e+02 0.000000000000000000e+00
4.588596977463779695e+03 8.863902485980216852e+02 0.000000000000000000e+00
4.592045012683537607e+03 8.866919125911886113e+02 0.000000000000000000e+00
4.595493047903295519e+03 8.869935765843555373e+02 0.000000000000000000e+00
4.598941083123053431e+03 8.872952405775224634e+02 0.000000000000000000e+00
4.602389118342811344e+03 8.875969045706893894e+02 0.000000000000000000e+00
4.605837153562569256e+03 8.878985685638563154e+02 0.000000000000000000e+00
4.609285188782327168e+03 8.882002325570232415e+02 0.000000000000000000e+00
4.612733288651152179e+03 8.885011566937632779e+02 0.000000000000000000e+00
4.616181323870910092e+03 8.888028206869302039e+02 0.000000000000000000e+00
4.619629359090668004e+03 8.891044846800971300e+02 0.000000000000000000e+00
4.623077394310425916e+03 8.894061486732640560e+02 0.000000000000000000e+00
4.626525494291280665e+03 8.897070715263200782e+02 0.000000000000000000e+00
4.629973594385213801e+03 8.900079930836743642e+02 0.000000000000000000e+00
4.633421629604971713e+03 8.903096570768412903e+02 0.000000000000000000e+00
4.636869664824729625e+03 8.906113210700082163e+02 0.000000000000000000e+00
4.640317700044487538e+03 8.909129850631751424e+02 0.000000000000000000e+00
4.643765800109709744e+03 8.912139069495151489e+02 0.000000000000000000e+00
4.647213900276196000e+03 8.915148276755259076e+02 0.000000000000000000e+00
4.650662000542905844e+03 8.918157472531133863e+02 0.000000000000000000e+00
4.654110035762663756e+03 8.921174112462803123e+02 0.000000000000000000e+00
4.657558070982421668e+03 8.924190752394472383e+02 0.000000000000000000e+00
4.661006106202179581e+03 8.927207392326141644e+02 0.000000000000000000e+00
4.664454141421937493e+03 8.930224032257810904e+02 0.000000000000000000e+00
4.667902176641695405e+03 8.933240672189480165e+02 0.000000000000000000e+00
4.671350211861453317e+03 8.936257312121149425e+02 0.000000000000000000e+00
4.674798247081211230e+03 8.939273952052818686e+02 0.000000000000000000e+00
4.678246282300969142e+03 8.942290591984487946e+02 0.000000000000000000e+00
4.681694317520727054e+03 8.945307231916157207e+02 0.000000000000000000e+00
4.685142352740484966e+03 8.948323871847826467e+02 0.000000000000000000e+00
4.688590387960242879e+03 8.951340511779495728e+02 0.000000000000000000e+00
4.692038423180000791e+03 8.954357151711164988e+02 0.000000000000000000e+00
4.695486458399758703e+03 8.957373791642834249e+02 0.000000000000000000e+00
4.698934493619516616e+03 8.960390431574503509e+02 0.000000000000000000e+00
4.702382528839274528e+03 8.963407071506172770e+02 0.000000000000000000e+00
4.705830564059032440e+03 8.966423711437842030e+02 0.000000000000000000e+00
4.709278599278790352e+03 8.969440351369511291e+02 0.000000000000000000e+00
4.712726634498548265e+03 8.972456991301180551e+02 0.000000000000000000e+00
4.716174733887942239e+03 8.975466287603037472e+02 0.000000000000000000e+00
4.719622833443065247e+03 8.978475564915321456e+02 0.000000000000000000e+00
4.723070868662823159e+03 8.981492204846990717e+02 0.000000000000000000e+00
4.726518903882581071e+03 8.984508844778659977e+02 0.000000000000000000e+00
4.729966939102338984e+03 8.987525484710329238e+02 0.000000000000000000e+00
4.733414974322096896e+03 8.990542124641998498e+02 0.000000000000000000e+00
4.736863009541854808e+03 8.993558764573667759e+02 0.000000000000000000e+00
4.740311044761612720e+03 8.996575404505337019e+02 0.000000000000000000e+00
4.743759079981370633e+03 8.999592044437006280e+02 0.000000000000000000e+00
4.747207115201128545e+03 9.002608684368675540e+02 0.000000000000000000e+00
4.750655150420886457e+03 9.005625324300344801e+02 0.000000000000000000e+00
4.754103185640644369e+03 9.008641964232014061e+02 0.000000000000000000e+00
4.757549640765996628e+03 9.011649814846512072e+02 0.000000000000000000e+00
4.760996031659885375e+03 9.014665016179454824e+02 0.000000000000000000e+00
4.764442422553774122e+03 9.017680217512397576e+02 0.000000000000000000e+00
4.767888877969480745e+03 9.020688034857402045e+02 0.000000000000000000e+00
4.771335268863369492e+03 9.023703236190344796e+02 0.000000000000000000e+00
4.774781659757258240e+03 9.026718437523287548e+02 0.000000000000000000e+00
4.778228050651146987e+03 9.029733638856230300e+02 0.000000000000000000e+00
4.781674441545035734e+03 9.032748840189173052e+02 0.000000000000000000e+00
4.785120832438924481e+03 9.035764041522115804e+02 0.000000000000000000e+00
4.788567223332813228e+03 9.038779242855058556e+02 0.000000000000000000e+00
4.792013614226701975e+03 9.041794444188001307e+02 0.000000000000000000e+00
4.795460005120590722e+03 9.044809645520944059e+02 0.000000000000000000e+00
4.798906396014479469e+03 9.047824846853886811e+02 0.000000000000000000e+00
4.802352786908368216e+03 9.050840048186829563e+02 0.000000000000000000e+00
4.806234098764103692e+03 9.054235756056685887e+02 0.000000000000000000e+00
4.810115410619839167e+03 9.057631463926542210e+02 0.000000000000000000e+00
4.813996722475574643e+03 9.061027171796398534e+02 0.000000000000000000e+00
4.817878034331310118e+03 9.064422879666254858e+02 0.000000000000000000e+00
4.821477015629429843e+03 9.067571580304527288e+02 0.000000000000000000e+00
4.825280721294576324e+03 9.070899391555423108e+02 0.000000000000000000e+00
4.829090964539160268e+03 9.074232922447196188e+02 0.000000000000000000e+00
4.832923665983366845e+03 9.077586101717671454e+02 0.000000000000000000e+00
4.836423026822853899e+03 9.080647645748088053e+02 0.000000000000000000e+00
4.839896502502936528e+03 9.083686543198490426e+02 0.000000000000000000e+00
4.843485961449964634e+03 9.086826912859056620e+02 0.000000000000000000e+00
4.846531041748541611e+03 9.089491012915572128e+02 0.000000000000000000e+00
4.849922885348330055e+03 9.089491012915572128e+02 0.000000000000000000e+00
4.853531828565162868e+03 9.089491012915572128e+02 0.000000000000000000e+00
4.856938214586431968e+03 9.089491012915572128e+02 0.000000000000000000e+00
4.859785926773854953e+03 9.089491012915572128e+02 0.000000000000000000e+00
4.862633638961277939e+03 9.089491012915572128e+02 0.000000000000000000e+00
4.865481351148700924e+03 9.089491012915572128e+02 0.000000000000000000e+00
4.868329063336123909e+03 9.089491012915572128e+02 0.000000000000000000e+00
4.871176775523546894e+03 9.089491012915572128e+02 0.000000000000000000e+00
4.874024487710969879e+03 9.089491012915572128e+02 0.000000000000000000e+00
4.876872199898392864e+03 9.089491012915572128e+02 0.000000000000000000e+00
4.879719912085815849e+03 9.089491012915572128e+02 0.000000000000000000e+00
4.882567624273238835e+03 9.089491012915572128e+02 0.000000000000000000e+00
4.885415336460661820e+03 9.089491012915572128e+02 0.000000000000000000e+00
4.888263048648084805e+03 9.089491012915572128e+02 0.000000000000000000e+00
4.891110760835507790e+03 9.089491012915572128e+02 0.000000000000000000e+00
4.893958473022930775e+03 9.089491012915572128e+02 0.000000000000000000e+00
4.896806185210353760e+03 9.089491012915572128e+02 0.000000000000000000e+00
4.899653897397776745e+03 9.089491012915572128e+02 0.000000000000000000e+00
4.902501609585199731e+03 9.089491012915572128e+02 0.000000000000000000e+00
4.905349321772622716e+03 9.089491012915572128e+02 0.000000000000000000e+00
4.908197033960045701e+03 9.089491012915572128e+02 0.000000000000000000e+00
4.911044746147468686e+03 9.089491012915572128e+02 0.000000000000000000e+00
4.913892458334891671e+03 9.089491012915572128e+02 0.000000000000000000e+00
4.916740170522314656e+03 9.089491012915572128e+02 0.000000000000000000e+00
4.919587882709737642e+03 9.089491012915572128e+02 0.000000000000000000e+00
4.923176734190811658e+03 9.089491012915572128e+02 0.000000000000000000e+00
4.926765585671885674e+03 9.089491012915572128e+02 0.000000000000000000e+00
4.930354437152959690e+03 9.089491012915572128e+02 0.000000000000000000e+00
4.933943288634033706e+03 9.089491012915572128e+02 0.000000000000000000e+00
4.937532140115107723e+03 9.089491012915572128e+02 0.000000000000000000e+00
4.941120991596181739e+03 9.089491012915572128e+02 0.000000000000000000e+00
4.944709843077255755e+03 9.089491012915572128e+02 0.000000000000000000e+00
4.948298694558329771e+03 9.089491012915572128e+02 0.000000000000000000e+00
4.951887546039403787e+03 9.089491012915572128e+02 0.000000000000000000e+00
4.955476397520477803e+03 9.089491012915572128e+02 0.000000000000000000e+00
4.959065249001551820e+03 9.089491012915572128e+02 0.000000000000000000e+00
4.962654100482625836e+03 9.089491012915572128e+02 0.000000000000000000e+00
4.966242951963699852e+03 9.089491012915572128e+02 0.000000000000000000e+00
4.969831803444773868e+03 9.089491012915572128e+02 0.000000000000000000e+00
4.973420654925847884e+03 9.089491012915572128e+02 0.000000000000000000e+00
4.977009506406921901e+03 9.089491012915572128e+02 0.000000000000000000e+00
4.980598357887995917e+03 9.089491012915572128e+02 0.000000000000000000e+00
4.984187209369069933e+03 9.089491012915572128e+02 0.000000000000000000e+00
4.987776060850143949e+03 9.089491012915572128e+02 0.000000000000000000e+00
4.991364912331217965e+03 9.089491012915572128e+02 0.000000000000000000e+00
4.994953763812291982e+03 9.089491012915572128e+02 0.000000000000000000e+00
4.998542615293365998e+03 9.089491012915572128e+02 0.000000000000000000e+00
5.002131466774440014e+03 9.089491012915572128e+02 0.000000000000000000e+00
5.005720318255514030e+03 9.089491012915572128e+02 0.000000000000000000e+00
5.009309169736588046e+03 9.089491012915572128e+02 0.000000000000000000e+00
5.012898021217662063e+03 9.089491012915572128e+02 0.000000000000000000e+00
5.016486872698736079e+03 9.089491012915572128e+02 0.000000000000000000e+00
5.020075724179810095e+03 9.089491012915572128e+02 0.000000000000000000e+00
5.023664575660884111e+03 9.089491012915572128e+02 0.000000000000000000e+00
5.027252753174765530e+03 9.090186504258790592e+02 0.000000000000000000e+00
5.030840959845973885e+03 9.090866786398980821e+02 0.000000000000000000e+00
5.034429188677790080e+03 9.091535277515794178e+02 0.000000000000000000e+00
5.038017451346313464e+03 9.092185352503092872e+02 0.000000000000000000e+00
5.041605784703740028e+03 9.092795161422664023e+02 0.000000000000000000e+00
5.045194163032811048e+03 9.093377906706953127e+02 0.000000000000000000e+00
5.048782616116563077e+03 9.093912642054574462e+02 0.000000000000000000e+00
5.052371138267021706e+03 9.094398824003297932e+02 0.000000000000000000e+00
5.055959681610062944e+03 9.094869103528842516e+02 0.000000000000000000e+00
5.059548243535278743e+03 9.095324983128929262e+02 0.000000000000000000e+00
5.063136855106224175e+03 9.095739946511260996e+02 0.000000000000000000e+00
5.066725511134457520e+03 9.096114494803795196e+02 0.000000000000000000e+00
5.070314205995091470e+03 9.096449778335364726e+02 0.000000000000000000e+00
5.073902934486646700e+03 9.096746892304123548e+02 0.000000000000000000e+00
5.077491692053936276e+03 9.097006522122788965e+02 0.000000000000000000e+00
5.081080470234926906e+03 9.097235895367625744e+02 0.000000000000000000e+00
5.084669262178568715e+03 9.097442617031089185e+02 0.000000000000000000e+00
5.088258062858143603e+03 9.097633571343239964e+02 0.000000000000000000e+00
5.091846832737292061e+03 9.097875585335922324e+02 0.000000000000000000e+00
5.095435561865174350e+03 9.098171929712748351e+02 0.000000000000000000e+00
5.098599365606394713e+03 9.098479020383606439e+02 0.000000000000000000e+00
5.101763122145742273e+03 9.098831400788352539e+02 0.000000000000000000e+00
5.104926834518356372e+03 9.099221424265924725e+02 0.000000000000000000e+00
5.108090498336861856e+03 9.099649022586930869e+02 0.000000000000000000e+00
5.111254119050121517e+03 9.100107404785444487e+02 0.000000000000000000e+00
5.114417701710839538e+03 9.100591337484227097e+02 0.000000000000000000e+00
5.117581260880159789e+03 9.101090390785001318e+02 0.000000000000000000e+00
5.120744809861732392e+03 9.101595860957378363e+02 0.000000000000000000e+00
5.123908348908315929e+03 9.102107511277711183e+02 0.000000000000000000e+00
5.127071890364721185e+03 9.102617669426809925e+02 0.000000000000000000e+00
5.130235461825238417e+03 9.103108869382651847e+02 0.000000000000000000e+00
5.133399063254059001e+03 9.103580373287963994e+02 0.000000000000000000e+00
5.136562720535288463e+03 9.104012781276486521e+02 0.000000000000000000e+00
5.139726444512080889e+03 9.104393275485629147e+02 0.000000000000000000e+00
5.142890232489288792e+03 9.104716198857410063e+02 0.000000000000000000e+00
5.146054077345080259e+03 9.104977520162829023e+02 0.000000000000000000e+00
5.149217966091046947e+03 9.105178806751946468e+02 0.000000000000000000e+00
5.152381891129898577e+03 9.105311286293814419e+02 0.000000000000000000e+00
5.155545838505256143e+03 9.105369737752134824e+02 0.000000000000000000e+00
5.158106739901787478e+03 9.123950322234352370e+02 0.000000000000000000e+00
5.160672734952492647e+03 9.142460499325671890e+02 0.000000000000000000e+00
5.163242696803335093e+03 9.160915561625696455e+02 0.000000000000000000e+00
5.165815731104298720e+03 9.179327763139443732e+02 0.000000000000000000e+00
5.168391566704432989e+03 9.197700754514952450e+02 0.000000000000000000e+00
5.170969693386989093e+03 9.216041583199757952e+02 0.000000000000000000e+00
5.173549753917912312e+03 9.234355197852614765e+02 0.000000000000000000e+00
5.176130954927198218e+03 9.252652734597826338e+02 0.000000000000000000e+00
5.178713337821094683e+03 9.270933587283288944e+02 0.000000000000000000e+00
5.181296103677112114e+03 9.289209028981797474e+02 0.000000000000000000e+00
5.183878858744901663e+03 9.307484623143329827e+02 0.000000000000000000e+00
5.186461177912981839e+03 9.325766375996730631e+02 0.000000000000000000e+00
5.189043086667470561e+03 9.344053924611177990e+02 0.000000000000000000e+00
5.191625006340253094e+03 9.362341319075836736e+02 0.000000000000000000e+00
5.194207300523146841e+03 9.380623424842832492e+02 0.000000000000000000e+00
5.196790338544481529e+03 9.398895019573734544e+02 0.000000000000000000e+00
5.199374535161960011e+03 9.417150224316432059e+02 0.000000000000000000e+00
5.201959959878468908e+03 9.435388031736807761e+02 0.000000000000000000e+00
5.204547455913046178e+03 9.453596440318589202e+02 0.000000000000000000e+00
5.207137825755922677e+03 9.471763942174588919e+02 0.000000000000000000e+00
5.209731102512792859e+03 9.489889925794906276e+02 0.000000000000000000e+00
5.212327347848066893e+03 9.507973363849745283e+02 0.000000000000000000e+00
5.214926348277303077e+03 9.526017182538129191e+02 0.000000000000000000e+00
5.217527662354549648e+03 9.544027630148569870e+02 0.000000000000000000e+00
5.220130769934331511e+03 9.562012145954799962e+02 0.000000000000000000e+00
5.222735163231485785e+03 9.579978037843321772e+02 0.000000000000000000e+00
5.225340110243587333e+03 9.597935900254823309e+02 0.000000000000000000e+00
5.227945538583987400e+03 9.615886778569838498e+02 0.000000000000000000e+00
5.230551429238975288e+03 9.633830944903240834e+02 0.000000000000000000e+00
5.233157766906889265e+03 9.651768617886590391e+02 0.000000000000000000e+00
5.235764538136711963e+03 9.669699989599680521e+02 0.000000000000000000e+00
5.238371730359446701e+03 9.687625239593685365e+02 0.000000000000000000e+00
5.240979318352744485e+03 9.705544731821350979e+02 0.000000000000000000e+00
5.243587590418923355e+03 9.723454265563342460e+02 0.000000000000000000e+00
5.246196859049930936e+03 9.741349277077730449e+02 0.000000000000000000e+00
5.248807420758430453e+03 9.759225419631092109e+02 0.000000000000000000e+00
5.251419558871395566e+03 9.777078519189874442e+02 0.000000000000000000e+00
5.254033567876447705e+03 9.794904214355194654e+02 0.000000000000000000e+00
5.256649473077508446e+03 9.812702071357731484e+02 0.000000000000000000e+00
5.259267595327169147e+03 9.830467298757326944e+02 0.000000000000000000e+00
5.261888073841126243e+03 9.848197751424000899e+02 0.000000000000000000e+00
5.264511222652230572e+03 9.865888674165800012e+02 0.000000000000000000e+00
5.267137129026308685e+03 9.883538639815445777e+02 0.000000000000000000e+00
5.269840423154625569e+03 9.901648044676056770e+02 0.000000000000000000e+00
5.272546565802262194e+03 9.919714855570323380e+02 0.000000000000000000e+00
5.275255241472144007e+03 9.937743667798646356e+02 0.000000000000000000e+00
5.277965461687017523e+03 9.955749252974194405e+02 0.000000000000000000e+00
5.280677451673996984e+03 9.973728170902625152e+02 0.000000000000000000e+00
5.283390970380001818e+03 9.991684007893452417e+02 0.000000000000000000e+00
5.286207417139606150e+03 1.001029114765873260e+03 0.000000000000000000e+00
5.288815240738132161e+03 1.002749998870500349e+03 0.000000000000000000e+00
5.291538768501598497e+03 1.004544897236356860e+03 0.000000000000000000e+00
5.294270801325575121e+03 1.006343316396206319e+03 0.000000000000000000e+00
5.296946695025277222e+03 1.008103218723345663e+03 0.000000000000000000e+00
5.299444263801496163e+03 1.009745098372350981e+03 0.000000000000000000e+00
5.301940818238950669e+03 1.011386428235292328e+03 0.000000000000000000e+00
5.304213496156366091e+03 1.012880677389475863e+03 0.000000000000000000e+00
5.306527692093462974e+03 1.014402346969592486e+03 0.000000000000000000e+00
5.308631983043261243e+03 1.015786119991397641e+03 0.000000000000000000e+00
5.310452612547220269e+03 1.016983946987393438e+03 0.000000000000000000e+00
5.312158432281228670e+03 1.018106735682817884e+03 0.000000000000000000e+00
5.313913564767872231e+03 1.019262487849447666e+03 0.000000000000000000e+00
5.315726388647130079e+03 1.020456284564978546e+03 0.000000000000000000e+00
5.317954204481029592e+03 1.021922952308809840e+03 0.000000000000000000e+00
5.320352159770538492e+03 1.023500701524525653e+03 0.000000000000000000e+00
5.322616763044323307e+03 1.024989693088941522e+03 0.000000000000000000e+00
5.324851846796683276e+03 1.026457892165757130e+03 0.000000000000000000e+00
5.327238600618325108e+03 1.028024182379368312e+03 0.000000000000000000e+00
5.330033725921404766e+03 1.029856577671109562e+03 0.000000000000000000e+00
5.332537892010589530e+03 1.031496448129166311e+03 0.000000000000000000e+00
5.334964811727438246e+03 1.033083912052569076e+03 0.000000000000000000e+00
5.337911940497147043e+03 1.035009575158047937e+03 0.000000000000000000e+00
5.341057635562758151e+03 1.037063447428307882e+03 0.000000000000000000e+00
5.344126254337428691e+03 1.039065684175278193e+03 0.000000000000000000e+00
5.346729577330474058e+03 1.040763299425919286e+03 0.000000000000000000e+00
5.349755200808244808e+03 1.042735491807270137e+03 0.000000000000000000e+00
5.352812725327596127e+03 1.044727769361425771e+03 0.000000000000000000e+00
5.355816794619652683e+03 1.046684589225436639e+03 0.000000000000000000e+00
5.358750133011194521e+03 1.048594766758886863e+03 0.000000000000000000e+00
5.361606452311580142e+03 1.050455239952815646e+03 0.000000000000000000e+00
5.364549772732236306e+03 1.052373396352466216e+03 0.000000000000000000e+00
5.367625070753118962e+03 1.054379095876316796e+03 0.000000000000000000e+00
5.370875711890323146e+03 1.056501195793960278e+03 0.000000000000000000e+00
5.373889440063637267e+03 1.058469419200715947e+03 0.000000000000000000e+00
5.376923867208812226e+03 1.060452054387255657e+03 0.000000000000000000e+00
5.379957896409006025e+03 1.062435298495945744e+03 0.000000000000000000e+00
5.382955242304526109e+03 1.064394675886553159e+03 0.000000000000000000e+00
5.385952431584812985e+03 1.066354292837478170e+03 0.000000000000000000e+00
5.388949452077747083e+03 1.068314167920525279e+03 0.000000000000000000e+00
5.392176822542519403e+03 1.070424274648904429e+03 0.000000000000000000e+00
5.395195634851217619e+03 1.072397912254434459e+03 0.000000000000000000e+00
5.398363422957963849e+03 1.074468880593411313e+03 0.000000000000000000e+00
5.401315568182912102e+03 1.076398090495918950e+03 0.000000000000000000e+00
5.404267942168916306e+03 1.078326950294836934e+03 0.000000000000000000e+00
5.407220667671403135e+03 1.080255271944376091e+03 0.000000000000000000e+00
5.410173756405813947e+03 1.082183037283781914e+03 0.000000000000000000e+00
5.413127210641785496e+03 1.084110242605780286e+03 0.000000000000000000e+00
5.416144059890624703e+03 1.086078067663642287e+03 0.000000000000000000e+00
5.419292974616815627e+03 1.088131299038326915e+03 0.000000000000000000e+00
5.422442361166195951e+03 1.090183806625010448e+03 0.000000000000000000e+00
5.425592077292399154e+03 1.092235808417200587e+03 0.000000000000000000e+00
5.428742241058972468e+03 1.094287122940763311e+03 0.000000000000000000e+00
5.431892707388078634e+03 1.096337972749983919e+03 0.000000000000000000e+00
5.435043441879661259e+03 1.098388410555518931e+03 0.000000000000000000e+00
5.438194275451858630e+03 1.100438696104199607e+03 0.000000000000000000e+00
5.441345298916478896e+03 1.102488689800830571e+03 0.000000000000000000e+00
5.444496378492983240e+03 1.104538597245900064e+03 0.000000000000000000e+00
5.447647139324422824e+03 1.106588994576633240e+03 0.000000000000000000e+00
5.450797675189374786e+03 1.108639737562594064e+03 0.000000000000000000e+00
5.453947664763320972e+03 1.110691319565547474e+03 0.000000000000000000e+00
5.457097582719330603e+03 1.112743011526154532e+03 0.000000000000000000e+00
5.460246666518238271e+03 1.114795983581071141e+03 0.000000000000000000e+00
5.463394808087736237e+03 1.116850400210971202e+03 0.000000000000000000e+00
5.466542543378589471e+03 1.118905439278612675e+03 0.000000000000000000e+00
5.469690530929847228e+03 1.120960091903252533e+03 0.000000000000000000e+00
5.472838531824313577e+03 1.123014724084264799e+03 0.000000000000000000e+00
5.475986508190233508e+03 1.125069393846153844e+03 0.000000000000000000e+00
5.479134449117280383e+03 1.127124117903208571e+03 0.000000000000000000e+00
5.482282705984823224e+03 1.129178357842160040e+03 0.000000000000000000e+00
5.485544437136964007e+03 1.131306233650965623e+03 0.000000000000000000e+00
5.488805958445121178e+03 1.133434431086115637e+03 0.000000000000000000e+00
5.492067759868857138e+03 1.135562199174666603e+03 0.000000000000000000e+00
5.495329723556073077e+03 1.137689718497687636e+03 0.000000000000000000e+00
5.498591826972353374e+03 1.139817023569377170e+03 0.000000000000000000e+00
5.501854058077066838e+03 1.141944132825147562e+03 0.000000000000000000e+00
5.505116044949672869e+03 1.144071616599348999e+03 0.000000000000000000e+00
5.508377916599988566e+03 1.146199277028884353e+03 0.000000000000000000e+00
5.511640062661412230e+03 1.148326516705198173e+03 0.000000000000000000e+00
5.514901993773340109e+03 1.150454085972596658e+03 0.000000000000000000e+00
5.518163821243783786e+03 1.152581814131832516e+03 0.000000000000000000e+00
5.521425202030191031e+03 1.154710226904909632e+03 0.000000000000000000e+00
5.524686644069273825e+03 1.156838545817161503e+03 0.000000000000000000e+00
5.527780013789168152e+03 1.158856504612652543e+03 0.000000000000000000e+00
5.530873206866502187e+03 1.160874734161190190e+03 0.000000000000000000e+00
5.533966670045755563e+03 1.162892549683694824e+03 0.000000000000000000e+00
5.537060286444528174e+03 1.164910130289644940e+03 0.000000000000000000e+00
5.540154181204214183e+03 1.166927284012157543e+03 0.000000000000000000e+00
5.543248363665485158e+03 1.168943996391407836e+03 0.000000000000000000e+00
5.546342834897173816e+03 1.170960265649346184e+03 0.000000000000000000e+00
5.549437442473829833e+03 1.172976325636241654e+03 0.000000000000000000e+00
5.552532148455968127e+03 1.174992234564833325e+03 0.000000000000000000e+00
5.555626929226851644e+03 1.177008028677442553e+03 0.000000000000000000e+00
5.558721774169050150e+03 1.179023724266564614e+03 0.000000000000000000e+00
5.561816336000470983e+03 1.181039854469644297e+03 0.000000000000000000e+00
5.564910052543047641e+03 1.183057281513788439e+03 0.000000000000000000e+00
5.568002511260016036e+03 1.185076636115660676e+03 0.000000000000000000e+00
5.571092681994100531e+03 1.187099490227668866e+03 0.000000000000000000e+00
5.574179982395625302e+03 1.189126722369038589e+03 0.000000000000000000e+00
5.577262923207655149e+03 1.191160578281777134e+03 0.000000000000000000e+00
5.580341360172465102e+03 1.193201244785140489e+03 0.000000000000000000e+00
5.583414115034322094e+03 1.195250457190723182e+03 0.000000000000000000e+00
5.586481346510964613e+03 1.197307927723428975e+03 0.000000000000000000e+00
5.589542676245875555e+03 1.199374169282009689e+03 0.000000000000000000e+00
5.592596449897939237e+03 1.201451561976283756e+03 0.000000000000000000e+00
5.595642272031940593e+03 1.203540595593123044e+03 0.000000000000000000e+00
5.598679915434057875e+03 1.205641504083712334e+03 0.000000000000000000e+00
5.601709839267993630e+03 1.207753530476730475e+03 0.000000000000000000e+00
5.604731199544075935e+03 1.209877789407833689e+03 0.000000000000000000e+00
5.607743684715209383e+03 1.212014615797122360e+03 0.000000000000000000e+00
5.610748657209373050e+03 1.214161994253188823e+03 0.000000000000000000e+00
5.613747667062521941e+03 1.216317692243393822e+03 0.000000000000000000e+00
5.616741752152739537e+03 1.218480225109455432e+03 0.000000000000000000e+00
5.619731377890067961e+03 1.220648918696608916e+03 0.000000000000000000e+00
5.623424762111707423e+03 1.220651548450011660e+03 0.000000000000000000e+00
5.627118140777636654e+03 1.220658473355608749e+03 0.000000000000000000e+00
5.630811512530650361e+03 1.220668424149583643e+03 0.000000000000000000e+00
5.634504879947209702e+03 1.220679871881045074e+03 0.000000000000000000e+00
5.638105594517567624e+03 1.220690960208592969e+03 0.000000000000000000e+00
5.641706311417085089e+03 1.220701264466401426e+03 0.000000000000000000e+00
5.645307032453912143e+03 1.220710004211581236e+03 0.000000000000000000e+00
5.648907756980120212e+03 1.220717163440788227e+03 0.000000000000000000e+00
5.652508485596757964e+03 1.220721832222420744e+03 0.000000000000000000e+00
5.656109216666970497e+03 1.220723864021043710e+03 0.000000000000000000e+00
5.659023247973096659e+03 1.222838973927198595e+03 0.000000000000000000e+00
5.661939516150396230e+03 1.224950998616038305e+03 0.000000000000000000e+00
5.664857557382702907e+03 1.227060572917824402e+03 0.000000000000000000e+00
5.667777897761058739e+03 1.229166963300147017e+03 0.000000000000000000e+00
5.670700113525653251e+03 1.231270751168101242e+03 0.000000000000000000e+00
5.673624250871477670e+03 1.233371867335987417e+03 0.000000000000000000e+00
5.676549674986162245e+03 1.235471191540921154e+03 0.000000000000000000e+00
5.679476323317176139e+03 1.237568808740214536e+03 0.000000000000000000e+00
5.682403661312048825e+03 1.239665463368896098e+03 0.000000000000000000e+00
5.685331673841985321e+03 1.241761175895158203e+03 0.000000000000000000e+00
5.688259849640330685e+03 1.243856660293139385e+03 0.000000000000000000e+00
5.691187764104942289e+03 1.245952509824025128e+03 0.000000000000000000e+00
5.694115505145002317e+03 1.248048601608882564e+03 0.000000000000000000e+00
5.697043555208153521e+03 1.250144261694839997e+03 0.000000000000000000e+00
5.699971821810850997e+03 1.252239619199354365e+03 0.000000000000000000e+00
5.702900289267833614e+03 1.254334695981142886e+03 0.000000000000000000e+00
5.705828945518732326e+03 1.256429508844448492e+03 0.000000000000000000e+00
5.708758248907060988e+03 1.258523416680844775e+03 0.000000000000000000e+00
5.711688106894616794e+03 1.260616548435167260e+03 0.000000000000000000e+00
5.714618489404590036e+03 1.262708945795479394e+03 0.000000000000000000e+00
5.717549367357224583e+03 1.264800649119317768e+03 0.000000000000000000e+00
5.720480244367290652e+03 1.266892353763875462e+03 0.000000000000000000e+00
5.723412116472846719e+03 1.268982663388035917e+03 0.000000000000000000e+00
5.726344339829322053e+03 1.271072480259423855e+03 0.000000000000000000e+00
5.729276487932866985e+03 1.273162402714223617e+03 0.000000000000000000e+00
5.732209560977662477e+03 1.275251026874308081e+03 0.000000000000000000e+00
5.735143851626232390e+03 1.277337940087144943e+03 0.000000000000000000e+00
5.738078780908621411e+03 1.279423955062060713e+03 0.000000000000000000e+00
5.740855238503130749e+03 1.281395960209336863e+03 0.000000000000000000e+00
5.743631898308573909e+03 1.283367680625580306e+03 0.000000000000000000e+00
5.746408788776609981e+03 1.285339076172781461e+03 0.000000000000000000e+00
5.749185469994564301e+03 1.287310766434677362e+03 0.000000000000000000e+00
5.751961959636832944e+03 1.289282726459974356e+03 0.000000000000000000e+00
5.754738266538826792e+03 1.291254943755542627e+03 0.000000000000000000e+00
5.757514397185883354e+03 1.293227409143190698e+03 0.000000000000000000e+00
5.760290356141214943e+03 1.295200116154712987e+03 0.000000000000000000e+00
5.763066589731717613e+03 1.297172436647421819e+03 0.000000000000000000e+00
5.765843051870093404e+03 1.299144435397208099e+03 0.000000000000000000e+00
5.768619295865447384e+03 1.301116741243991328e+03 0.000000000000000000e+00
5.771394924716071728e+03 1.303089912690819801e+03 0.000000000000000000e+00
5.774170005633426626e+03 1.305063854680121722e+03 0.000000000000000000e+00
5.776945462184033204e+03 1.307037268476235113e+03 0.000000000000000000e+00
5.779721608185480363e+03 1.309009712253290900e+03 0.000000000000000000e+00
5.782497950086866695e+03 1.310981880278992548e+03 0.000000000000000000e+00
5.785274961370480014e+03 1.312953105635383508e+03 0.000000000000000000e+00
5.788053059710958223e+03 1.314922798678887602e+03 0.000000000000000000e+00
5.790831806610935928e+03 1.316891576660493683e+03 0.000000000000000000e+00
5.793610798860397153e+03 1.318860008308387705e+03 0.000000000000000000e+00
5.796390488579324483e+03 1.320827454912869371e+03 0.000000000000000000e+00
5.799171307630646879e+03 1.322793304978056312e+03 0.000000000000000000e+00
5.801953288701471138e+03 1.324757510261770904e+03 0.000000000000000000e+00
5.804736466835974170e+03 1.326720018999743161e+03 0.000000000000000000e+00
5.807520877565653791e+03 1.328680778537126116e+03 0.000000000000000000e+00
5.810306135758487471e+03 1.330640334066894866e+03 0.000000000000000000e+00
5.813092277924903101e+03 1.332598632538403763e+03 0.000000000000000000e+00
5.815879361243473795e+03 1.334555591314243884e+03 0.000000000000000000e+00
5.818666611008923610e+03 1.336512313016478629e+03 0.000000000000000000e+00
5.821454418203409659e+03 1.338468240449019504e+03 0.000000000000000000e+00
5.824242840363322102e+03 1.340423291070641426e+03 0.000000000000000000e+00
5.827031501655065767e+03 1.342378000582288223e+03 0.000000000000000000e+00
5.829820792679578517e+03 1.344331811385709443e+03 0.000000000000000000e+00
5.832610770724360009e+03 1.346284641021041807e+03 0.000000000000000000e+00
5.835401848597491153e+03 1.348235898405681610e+03 0.000000000000000000e+00
5.838194478002315918e+03 1.350184934598855989e+03 0.000000000000000000e+00
5.840989119271149320e+03 1.352131084966511480e+03 0.000000000000000000e+00
5.843785463006013742e+03 1.354074788336750998e+03 0.000000000000000000e+00
5.846583156160285398e+03 1.356016548901171291e+03 0.000000000000000000e+00
5.849383324947023539e+03 1.357954737705383423e+03 0.000000000000000000e+00
5.852184742286562141e+03 1.359891121439235349e+03 0.000000000000000000e+00
5.854987252217423702e+03 1.361825923538266807e+03 0.000000000000000000e+00
5.857790793735101033e+03 1.363759230558285026e+03 0.000000000000000000e+00
5.860595283733565338e+03 1.365691161437873689e+03 0.000000000000000000e+00
5.863401015361750979e+03 1.367621288663109226e+03 0.000000000000000000e+00
5.866207589002489840e+03 1.369550191323718309e+03 0.000000000000000000e+00
5.869015276625193110e+03 1.371477472125343866e+03 0.000000000000000000e+00
5.871823698567722204e+03 1.373403682723309657e+03 0.000000000000000000e+00
5.874632117641041987e+03 1.375329897504585915e+03 0.000000000000000000e+00
5.877440035810914196e+03 1.377256842399048082e+03 0.000000000000000000e+00
5.880626108826638301e+03 1.379444323204867487e+03 0.000000000000000000e+00
5.883812221586043961e+03 1.381631746122756113e+03 0.000000000000000000e+00
5.886997814035088595e+03 1.383819926710810932e+03 0.000000000000000000e+00
5.890182979993435765e+03 1.386008728062039381e+03 0.000000000000000000e+00
5.893368237474249327e+03 1.388197396222878751e+03 0.000000000000000000e+00
5.896553021735338007e+03 1.390386752920100889e+03 0.000000000000000000e+00
5.899737426288766983e+03 1.392576661862831770e+03 0.000000000000000000e+00
5.902921476190201247e+03 1.394767086424995341e+03 0.000000000000000000e+00
5.906105683406083699e+03 1.396957282293787785e+03 0.000000000000000000e+00
5.909289966621310668e+03 1.399147367667140770e+03 0.000000000000000000e+00
5.912473827217726466e+03 1.401338067381830570e+03 0.000000000000000000e+00
5.915657360839260946e+03 1.403529242230606542e+03 0.000000000000000000e+00
5.918840098872586168e+03 1.405721572531582751e+03 0.000000000000000000e+00
5.922022652202006611e+03 1.407914170954173414e+03 0.000000000000000000e+00
5.925204962900937971e+03 1.410107121512854292e+03 0.000000000000000000e+00
5.928387042165255480e+03 1.412300407881058618e+03 0.000000000000000000e+00
5.931568902783808880e+03 1.414494011432626849e+03 0.000000000000000000e+00
5.934751048617886227e+03 1.416687201216483800e+03 0.000000000000000000e+00
5.937933385773120790e+03 1.418880113382477248e+03 0.000000000000000000e+00
5.941115899647047627e+03 1.421072769073554127e+03 0.000000000000000000e+00
5.944298579428608718e+03 1.423265183939721510e+03 0.000000000000000000e+00
5.947481415559065681e+03 1.425457371820357594e+03 0.000000000000000000e+00
5.950664796505193408e+03 1.427648768472992742e+03 0.000000000000000000e+00
5.953547457082039728e+03 1.429631339006806229e+03 0.000000000000000000e+00
5.956454651577503682e+03 1.431628239126439667e+03 0.000000000000000000e+00
5.959300064110826497e+03 1.433580303871608976e+03 0.000000000000000000e+00
5.962113297662421246e+03 1.435507330629996204e+03 0.000000000000000000e+00
5.965005662402799317e+03 1.437484901269155671e+03 0.000000000000000000e+00
5.968146557948197369e+03 1.439628494567821917e+03 0.000000000000000000e+00
5.970630889226903491e+03 1.441320834203304457e+03 0.000000000000000000e+00
5.972751572526923155e+03 1.442762148198290561e+03 0.000000000000000000e+00
5.974698894040358937e+03 1.444082461373519209e+03 0.000000000000000000e+00
5.977314215438112114e+03 1.445851264980219185e+03 0.000000000000000000e+00
5.979266426415030764e+03 1.447168547138514441e+03 0.000000000000000000e+00
5.981408701667463902e+03 1.448610865423712994e+03 0.000000000000000000e+00
5.983479888973827656e+03 1.450002225184277222e+03 0.000000000000000000e+00
5.985739215810154747e+03 1.451516503951051163e+03 0.000000000000000000e+00
5.987840164690935126e+03 1.452921956955417045e+03 0.000000000000000000e+00
5.989956748103518294e+03 1.454335578142975692e+03 0.000000000000000000e+00
5.992146473577221514e+03 1.455796287225209880e+03 0.000000000000000000e+00
5.994546777949242824e+03 1.457396140954919701e+03 0.000000000000000000e+00
5.996735495253090448e+03 1.458854263257280763e+03 0.000000000000000000e+00
5.998964839276874045e+03 1.460339230828750715e+03 0.000000000000000000e+00
6.001152778940319877e+03 1.461797772976384749e+03 0.000000000000000000e+00
6.003572332644615017e+03 1.463412365691764990e+03 0.000000000000000000e+00
6.006093667810148872e+03 1.465097778767987847e+03 0.000000000000000000e+00
6.008613558615250440e+03 1.466785350569370621e+03 0.000000000000000000e+00
6.011131820985504419e+03 1.468475351424110158e+03 0.000000000000000000e+00
6.013819330248469669e+03 1.470284128067371057e+03 0.000000000000000000e+00
6.016171359075156943e+03 1.471872589742778473e+03 0.000000000000000000e+00
6.018761619593931755e+03 1.473629568656051788e+03 0.000000000000000000e+00
6.021537508211471504e+03 1.475523040313339834e+03 0.000000000000000000e+00
6.024307382656773370e+03 1.477425298994802915e+03 0.000000000000000000e+00
6.027427369500028362e+03 1.479582211403287602e+03 0.000000000000000000e+00
6.030540594995301944e+03 1.481748871518657552e+03 0.000000000000000000e+00
6.033645548627117023e+03 1.483927369162501918e+03 0.000000000000000000e+00
6.036741106321228472e+03 1.486119197532239696e+03 0.000000000000000000e+00
6.039825379899774816e+03 1.488326876297966237e+03 0.000000000000000000e+00
6.042852001166235823e+03 1.490514740690741746e+03 0.000000000000000000e+00
6.046586585062867016e+03 1.490523107935905955e+03 0.000000000000000000e+00
6.050321077975454500e+03 1.490550486350819256e+03 0.000000000000000000e+00
6.053953666079993127e+03 1.490595321504334152e+03 0.000000000000000000e+00
6.057586014886888734e+03 1.490656547914240718e+03 0.000000000000000000e+00
6.061218028275537108e+03 1.490735194420223024e+03 0.000000000000000000e+00
6.064849585089506036e+03 1.490832670751408614e+03 0.000000000000000000e+00
6.068480629315466103e+03 1.490947667957233534e+03 0.000000000000000000e+00
6.072111109741394102e+03 1.491079267368998444e+03 0.000000000000000000e+00
6.075740887451181152e+03 1.491229001485870413e+03 0.000000000000000000e+00
6.079369855006548278e+03 1.491397230527107013e+03 0.000000000000000000e+00
6.082998026597733769e+03 1.491581831266918698e+03 0.000000000000000000e+00
6.086625324797671965e+03 1.491782864341179902e+03 0.000000000000000000e+00
6.090251641467588342e+03 1.492000887132909384e+03 0.000000000000000000e+00
6.093876938553688888e+03 1.492235253439649114e+03 0.000000000000000000e+00
6.097501293360507589e+03 1.492483766542952708e+03 0.000000000000000000e+00
6.101124754366683192e+03 1.492744988412148359e+03 0.000000000000000000e+00
6.104747452331615023e+03 1.493016587350109603e+03 0.000000000000000000e+00
6.108369459128291055e+03 1.493297253153257998e+03 0.000000000000000000e+00
6.111990977072277019e+03 1.493584157858014805e+03 0.000000000000000000e+00
6.115612094617632465e+03 1.493876072658844805e+03 0.000000000000000000e+00
6.119232838634853579e+03 1.494172584530416088e+03 0.000000000000000000e+00
6.122853191654441616e+03 1.494473832836275733e+03 0.000000000000000000e+00
6.126473106876624115e+03 1.494780297046972237e+03 0.000000000000000000e+00
6.130092497330409060e+03 1.495092897864748238e+03 0.000000000000000000e+00
6.133711532812799305e+03 1.495409581785124601e+03 0.000000000000000000e+00
6.137330298740709623e+03 1.495729331198291902e+03 0.000000000000000000e+00
6.140948831225536196e+03 1.496051711694720552e+03 0.000000000000000000e+00
6.144567171777893236e+03 1.496376239313564838e+03 0.000000000000000000e+00
6.148185324966645567e+03 1.496702849219940845e+03 0.000000000000000000e+00
6.151803283364196432e+03 1.497031609865119435e+03 0.000000000000000000e+00
6.155421064978954746e+03 1.497362310207035762e+03 0.000000000000000000e+00
6.159038669461056998e+03 1.497694942645766787e+03 0.000000000000000000e+00
6.162656136779067310e+03 1.498029063479227034e+03 0.000000000000000000e+00
6.166273512545838457e+03 1.498364174043367257e+03 0.000000000000000000e+00
6.169890825045943529e+03 1.498699966843774519e+03 0.000000000000000000e+00
6.173508087052151495e+03 1.499036303143730265e+03 0.000000000000000000e+00
6.177125302686617033e+03 1.499373137794561444e+03 0.000000000000000000e+00
6.180742472836562229e+03 1.499710460539964743e+03 0.000000000000000000e+00
6.184359602302402891e+03 1.500048219263861711e+03 0.000000000000000000e+00
6.187976756478468815e+03 1.500385713256097006e+03 0.000000000000000000e+00
6.191593928062918167e+03 1.500723020618714372e+03 0.000000000000000000e+00
6.195211116511062755e+03 1.501060147091766112e+03 0.000000000000000000e+00
6.198828270607063132e+03 1.501397641942116252e+03 0.000000000000000000e+00
6.202445391531664427e+03 1.501735492123461427e+03 0.000000000000000000e+00
6.206062591092738330e+03 1.502072499339392380e+03 0.000000000000000000e+00
6.209679795647610263e+03 1.502409452951087587e+03 0.000000000000000000e+00
6.213297014520264383e+03 1.502746252825702641e+03 0.000000000000000000e+00
6.216914300154299781e+03 1.503082334913924115e+03 0.000000000000000000e+00
6.220531591938056408e+03 1.503418350805500268e+03 0.000000000000000000e+00
6.224148849023222283e+03 1.503754740026558011e+03 0.000000000000000000e+00
6.227766086111227196e+03 1.504091344211597971e+03 0.000000000000000000e+00
6.231383307550452628e+03 1.504428116520189178e+03 0.000000000000000000e+00
6.235000566406667531e+03 1.504764486696273707e+03 0.000000000000000000e+00
6.238617800595205154e+03 1.505101122038291805e+03 0.000000000000000000e+00
6.242235019012438897e+03 1.505437926804065228e+03 0.000000000000000000e+00
6.245852326495051784e+03 1.505773773650788826e+03 0.000000000000000000e+00
6.249469583476225125e+03 1.506110163990095771e+03 0.000000000000000000e+00
6.253086797844372995e+03 1.506447012239447076e+03 0.000000000000000000e+00
6.256704139675905935e+03 1.506782488918319132e+03 0.000000000000000000e+00
6.260321425999894018e+03 1.507118563580432237e+03 0.000000000000000000e+00
6.263938673404181827e+03 1.507455056885561589e+03 0.000000000000000000e+00
6.267555880632613480e+03 1.507791981795301353e+03 0.000000000000000000e+00
6.271173050410428004e+03 1.508129308531104243e+03 0.000000000000000000e+00
6.274790196120119617e+03 1.508466893250964404e+03 0.000000000000000000e+00
6.278407324467345461e+03 1.508804663954137823e+03 0.000000000000000000e+00
6.282024438050886602e+03 1.509142592721761275e+03 0.000000000000000000e+00
6.285641538033980396e+03 1.509480667033901909e+03 0.000000000000000000e+00
6.289258624817392956e+03 1.509818882541359244e+03 0.000000000000000000e+00
6.292875749841030483e+03 1.510156688834371380e+03 0.000000000000000000e+00
6.296492949467309700e+03 1.510493695350436383e+03 0.000000000000000000e+00
6.300110255952413354e+03 1.510829552940864232e+03 0.000000000000000000e+00
6.303727600728580001e+03 1.511164997867143256e+03 0.000000000000000000e+00
6.307345045781802582e+03 1.511499359669892328e+03 0.000000000000000000e+00
6.310962532356046722e+03 1.511833271953865051e+03 0.000000000000000000e+00
6.314579968508221100e+03 1.512167730042668154e+03 0.000000000000000000e+00
6.318197485374293137e+03 1.512501313992987207e+03 0.000000000000000000e+00
6.321815014480708669e+03 1.512834765177509325e+03 0.000000000000000000e+00
6.325432566088788008e+03 1.513167972156889391e+03 0.000000000000000000e+00
6.329050143009877502e+03 1.513500904204349354e+03 0.000000000000000000e+00
6.332667797411052561e+03 1.513832993291619459e+03 0.000000000000000000e+00
6.336285515889272574e+03 1.514164383606158026e+03 0.000000000000000000e+00
6.339903175510883557e+03 1.514496415819041886e+03 0.000000000000000000e+00
6.343520784912515410e+03 1.514828994750198490e+03 0.000000000000000000e+00
6.347138577230317424e+03 1.515159577982495875e+03 0.000000000000000000e+00
6.350756315581693343e+03 1.515490751274302056e+03 0.000000000000000000e+00
6.354374279597497662e+03 1.515819450085629342e+03 0.000000000000000000e+00
6.357992552118873391e+03 1.516144735328581191e+03 0.000000000000000000e+00
6.361610818704447411e+03 1.516470086590981737e+03 0.000000000000000000e+00
6.365229124793983829e+03 1.516794998226122061e+03 0.000000000000000000e+00
6.368847433292773530e+03 1.517119883030027495e+03 0.000000000000000000e+00
6.372465813018561676e+03 1.517443973585631284e+03 0.000000000000000000e+00
6.376084189650516237e+03 1.517768098681157426e+03 0.000000000000000000e+00
6.379702636016064389e+03 1.518091444359762136e+03 0.000000000000000000e+00
6.383321078990832575e+03 1.518414827981135204e+03 0.000000000000000000e+00
6.386939593053562021e+03 1.518737415188033538e+03 0.000000000000000000e+00
6.390558173341994916e+03 1.519059258666123014e+03 0.000000000000000000e+00
6.394176819915101987e+03 1.519380356014544077e+03 0.000000000000000000e+00
6.397795533157640421e+03 1.519700701135466488e+03 0.000000000000000000e+00
6.401414312393589171e+03 1.520020299899056454e+03 0.000000000000000000e+00
6.405033206600222911e+03 1.520338594180213931e+03 0.000000000000000000e+00
6.408652196401979381e+03 1.520655799701929709e+03 0.000000000000000000e+00
6.412271272858903103e+03 1.520972015019654464e+03 0.000000000000000000e+00
6.415890429333986503e+03 1.521287313191367730e+03 0.000000000000000000e+00
6.419509660264296144e+03 1.521601755557011984e+03 0.000000000000000000e+00
6.423128960492439546e+03 1.521915399282891485e+03 0.000000000000000000e+00
6.426748376710194862e+03 1.522227701653797567e+03 0.000000000000000000e+00
6.430367833837487524e+03 1.522539529542085575e+03 0.000000000000000000e+00
6.433987484915893219e+03 1.522849097949418592e+03 0.000000000000000000e+00
6.437607219928665472e+03 1.523157683376055502e+03 0.000000000000000000e+00
6.441227045101922158e+03 1.523465209380289025e+03 0.000000000000000000e+00
6.444846968486573132e+03 1.523771577161692448e+03 0.000000000000000000e+00
6.448466939964529956e+03 1.524077376159405048e+03 0.000000000000000000e+00
6.452087019271288227e+03 1.524381896012627749e+03 0.000000000000000000e+00
6.455707306141274785e+03 1.524683938240189036e+03 0.000000000000000000e+00
6.459327739111560732e+03 1.524984224163751833e+03 0.000000000000000000e+00
6.462948162106322343e+03 1.525284630334165740e+03 0.000000000000000000e+00
6.466568600820352913e+03 1.525584846999544197e+03 0.000000000000000000e+00
6.470189066912346789e+03 1.525884733319586530e+03 0.000000000000000000e+00
6.473809512779077522e+03 1.526184863715076062e+03 0.000000000000000000e+00
6.477429926877786784e+03 1.526485377079325417e+03 0.000000000000000000e+00
6.481050307756033362e+03 1.526786290396825279e+03 0.000000000000000000e+00
6.484670654191810172e+03 1.527087617815392605e+03 0.000000000000000000e+00
6.488290964966854517e+03 1.527389373379253357e+03 0.000000000000000000e+00
6.491911215103111317e+03 1.527691855575684713e+03 0.000000000000000000e+00
6.495531395998065818e+03 1.527995165344785619e+03 0.000000000000000000e+00
6.499151502108262321e+03 1.528299366395312063e+03 0.000000000000000000e+00
6.502771551981315497e+03 1.528604235949107533e+03 0.000000000000000000e+00
6.506391550289790757e+03 1.528909717167608733e+03 0.000000000000000000e+00
6.510011522685540513e+03 1.529215505300531049e+03 0.000000000000000000e+00
6.513631453598847656e+03 1.529521784113231888e+03 0.000000000000000000e+00
6.517251361714095765e+03 1.529828332258526416e+03 0.000000000000000000e+00
6.520871251509200192e+03 1.530135096662458182e+03 0.000000000000000000e+00
6.524491125109442692e+03 1.530442052109534188e+03 0.000000000000000000e+00
6.528035804635262139e+03 1.530742810676840463e+03 0.000000000000000000e+00
6.531667471483721783e+03 1.531050503145911080e+03 0.000000000000000000e+00
6.535299167990234309e+03 1.531357845362841772e+03 0.000000000000000000e+00
6.539009528504814625e+03 1.531670881536180786e+03 0.000000000000000000e+00
6.542329145593584144e+03 1.531950187447036342e+03 0.000000000000000000e+00
6.545093992595829150e+03 1.532181728105881120e+03 0.000000000000000000e+00
6.547386020020261640e+03 1.532372806104366873e+03 0.000000000000000000e+00
6.549672756338300132e+03 1.532562196175646022e+03 0.000000000000000000e+00
6.551901140345280510e+03 1.532745592099262012e+03 0.000000000000000000e+00
6.554205133236546317e+03 1.532933949214821268e+03 0.000000000000000000e+00
6.556762255616846232e+03 1.533141505441906475e+03 0.000000000000000000e+00
6.559611886069746106e+03 1.533371020188787725e+03 0.000000000000000000e+00
6.563097137811564608e+03 1.533649417849449719e+03 0.000000000000000000e+00
6.566495209515697752e+03 1.533918530703618217e+03 0.000000000000000000e+00
6.569782994789566146e+03 1.534176626723797654e+03 0.000000000000000000e+00
6.573130021872840189e+03 1.534437656332296228e+03 0.000000000000000000e+00
6.576676467552566464e+03 1.534712270228004172e+03 0.000000000000000000e+00
6.580249447532308295e+03 1.534986991135176822e+03 0.000000000000000000e+00
6.583744835081171004e+03 1.535254622146514066e+03 0.000000000000000000e+00
6.587523703595915322e+03 1.535543417653394272e+03 0.000000000000000000e+00
6.591399965913679807e+03 1.535839728485045271e+03 0.000000000000000000e+00
6.595276205445547930e+03 1.536136337245294044e+03 0.000000000000000000e+00
6.599152389394350394e+03 1.536433671501856224e+03 0.000000000000000000e+00
6.603028483845439041e+03 1.536732170197530422e+03 0.000000000000000000e+00
6.606904423840103846e+03 1.537032667822870280e+03 0.000000000000000000e+00
6.610780143746154863e+03 1.537335990876581718e+03 0.000000000000000000e+00
6.614655547706232937e+03 1.537643324264427065e+03 0.000000000000000000e+00
6.618530567115791200e+03 1.537955468847315387e+03 0.000000000000000000e+00
6.622188619420136092e+03 1.538255951863853170e+03 0.000000000000000000e+00
6.625846099157573917e+03 1.538563325699403322e+03 0.000000000000000000e+00
6.629502819649509547e+03 1.538879603976256476e+03 0.000000000000000000e+00
6.633158933312577574e+03 1.539202821530356687e+03 0.000000000000000000e+00
6.636814497522440433e+03 1.539532195196754856e+03 0.000000000000000000e+00
6.640469432371359289e+03 1.539868480722321465e+03 0.000000000000000000e+00
6.644123182160557917e+03 1.540217406477294162e+03 0.000000000000000000e+00
6.647776507492595556e+03 1.540570748695039811e+03 0.000000000000000000e+00
6.651429311184696417e+03 1.540929443400215405e+03 0.000000000000000000e+00
6.655081401120618466e+03 1.541295333827102922e+03 0.000000000000000000e+00
6.658731667263316922e+03 1.541678992258547396e+03 0.000000000000000000e+00
6.662381933406015378e+03 1.542062650689991870e+03 0.000000000000000000e+00
6.666032199548713834e+03 1.542446309121436343e+03 0.000000000000000000e+00
6.669702572377807883e+03 1.542446309121436343e+03 0.000000000000000000e+00
6.673372945206901932e+03 1.542446309121436343e+03 0.000000000000000000e+00
6.677043318035995981e+03 1.542446309121436343e+03 0.000000000000000000e+00
6.680713690865090030e+03 1.542446309121436343e+03 0.000000000000000000e+00
6.684384063694184078e+03 1.542446309121436343e+03 0.000000000000000000e+00
6.688054436523278127e+03 1.542446309121436343e+03 0.000000000000000000e+00
6.691724809352372176e+03 1.542446309121436343e+03 0.000000000000000000e+00
6.695395182181466225e+03 1.542446309121436343e+03 0.000000000000000000e+00
6.699065555010560274e+03 1.542446309121436343e+03 0.000000000000000000e+00
6.702735927839654323e+03 1.542446309121436343e+03 0.000000000000000000e+00
6.706406300668748372e+03 1.542446309121436343e+03 0.000000000000000000e+00
6.710076673497842421e+03 1.542446309121436343e+03 0.000000000000000000e+00
6.713747046326936470e+03 1.542446309121436343e+03 0.000000000000000000e+00
6.717417419156030519e+03 1.542446309121436343e+03 0.000000000000000000e+00
6.721087791985124568e+03 1.542446309121436343e+03 0.000000000000000000e+00
6.724758164814218617e+03 1.542446309121436343e+03 0.000000000000000000e+00
6.728428537643312666e+03 1.542446309121436343e+03 0.000000000000000000e+00
6.732098910472406715e+03 1.542446309121436343e+03 0.000000000000000000e+00
6.735769283301500764e+03 1.542446309121436343e+03 0.000000000000000000e+00
6.739439656130594813e+03 1.542446309121436343e+03 0.000000000000000000e+00
6.743110028959688862e+03 1.542446309121436343e+03 0.000000000000000000e+00
6.746780401788782910e+03 1.542446309121436343e+03 0.000000000000000000e+00
6.750450774617876959e+03 1.542446309121436343e+03 0.000000000000000000e+00
6.754121147446971008e+03 1.542446309121436343e+03 0.000000000000000000e+00
6.757791520276065057e+03 1.542446309121436343e+03 0.000000000000000000e+00
6.761461893105159106e+03 1.542446309121436343e+03 0.000000000000000000e+00
6.765132265934253155e+03 1.542446309121436343e+03 0.000000000000000000e+00
6.768802638763347204e+03 1.542446309121436343e+03 0.000000000000000000e+00
6.772473011592441253e+03 1.542446309121436343e+03 0.000000000000000000e+00
6.776143384421535302e+03 1.542446309121436343e+03 0.000000000000000000e+00
6.779813757250629351e+03 1.542446309121436343e+03 0.000000000000000000e+00
6.783484130079723400e+03 1.542446309121436343e+03 0.000000000000000000e+00
6.787154502908817449e+03 1.542446309121436343e+03 0.000000000000000000e+00
6.790824875737911498e+03 1.542446309121436343e+03 0.000000000000000000e+00
6.794495248567005547e+03 1.542446309121436343e+03 0.000000000000000000e+00
6.798165621396099596e+03 1.542446309121436343e+03 0.000000000000000000e+00
6.801835994225193645e+03 1.542446309121436343e+03 0.000000000000000000e+00
6.805506367054287693e+03 1.542446309121436343e+03 0.000000000000000000e+00
6.809176739883381742e+03 1.542446309121436343e+03 0.000000000000000000e+00
6.812847112712475791e+03 1.542446309121436343e+03 0.000000000000000000e+00
6.816517485541569840e+03 1.542446309121436343e+03 0.000000000000000000e+00
6.820187858370663889e+03 1.542446309121436343e+03 0.000000000000000000e+00
6.823858231199757938e+03 1.542446309121436343e+03 0.000000000000000000e+00
6.827528604028851987e+03 1.542446309121436343e+03 0.000000000000000000e+00
6.831198976857946036e+03 1.542446309121436343e+03 0.000000000000000000e+00
6.834869349687040085e+03 1.542446309121436343e+03 0.000000000000000000e+00
6.838539722516134134e+03 1.542446309121436343e+03 0.000000000000000000e+00
6.842210095345228183e+03 1.542446309121436343e+03 0.000000000000000000e+00
6.845880468174322232e+03 1.542446309121436343e+03 0.000000000000000000e+00
6.849550841003416281e+03 1.542446309121436343e+03 0.000000000000000000e+00
6.853221213832510330e+03 1.542446309121436343e+03 0.000000000000000000e+00
6.856891586661604379e+03 1.542446309121436343e+03 0.000000000000000000e+00
6.860561959490698428e+03 1.542446309121436343e+03 0.000000000000000000e+00
6.864232332319792476e+03 1.542446309121436343e+03 0.000000000000000000e+00
6.867902705148886525e+03 1.542446309121436343e+03 0.000000000000000000e+00
6.871573077977980574e+03 1.542446309121436343e+03 0.000000000000000000e+00
6.875243450807074623e+03 1.542446309121436343e+03 0.000000000000000000e+00
6.878913823636168672e+03 1.542446309121436343e+03 0.000000000000000000e+00
6.882584196465262721e+03 1.542446309121436343e+03 0.000000000000000000e+00
6.886254569294356770e+03 1.542446309121436343e+03 0.000000000000000000e+00
6.889924942123450819e+03 1.542446309121436343e+03 0.000000000000000000e+00
6.893595314952544868e+03 1.542446309121436343e+03 0.000000000000000000e+00
6.897265687781638917e+03 1.542446309121436343e+03 0.000000000000000000e+00
6.900936060610732966e+03 1.542446309121436343e+03 0.000000000000000000e+00
6.904606433439827015e+03 1.542446309121436343e+03 0.000000000000000000e+00
6.908276806268921064e+03 1.542446309121436343e+03 0.000000000000000000e+00
6.911947179098015113e+03 1.542446309121436343e+03 0.000000000000000000e+00
6.915617551927109162e+03 1.542446309121436343e+03 0.000000000000000000e+00
6.919287924756203211e+03 1.542446309121436343e+03 0.000000000000000000e+00
6.922958297585297260e+03 1.542446309121436343e+03 0.000000000000000000e+00
6.926628670414391308e+03 1.542446309121436343e+03 0.000000000000000000e+00
6.930299043243485357e+03 1.542446309121436343e+03 0.000000000000000000e+00
6.933969416072579406e+03 1.542446309121436343e+03 0.000000000000000000e+00
6.937639788901673455e+03 1.542446309121436343e+03 0.000000000000000000e+00
6.941310161730767504e+03 1.542446309121436343e+03 0.000000000000000000e+00
6.944980534559861553e+03 1.542446309121436343e+03 0.000000000000000000e+00
6.948650907388955602e+03 1.542446309121436343e+03 0.000000000000000000e+00
6.952321280218049651e+03 1.542446309121436343e+03 0.000000000000000000e+00
6.955991653047143700e+03 1.542446309121436343e+03 0.000000000000000000e+00
6.959662025876237749e+03 1.542446309121436343e+03 0.000000000000000000e+00
6.963332398705331798e+03 1.542446309121436343e+03 0.000000000000000000e+00
6.967002771534425847e+03 1.542446309121436343e+03 0.000000000000000000e+00
6.970673144363519896e+03 1.542446309121436343e+03 0.000000000000000000e+00
6.974343517192613945e+03 1.542446309121436343e+03 0.000000000000000000e+00
6.978013890021707994e+03 1.542446309121436343e+03 0.000000000000000000e+00
6.981684262850802043e+03 1.542446309121436343e+03 0.000000000000000000e+00
6.985354635679896091e+03 1.542446309121436343e+03 0.000000000000000000e+00
6.989025008508990140e+03 1.542446309121436343e+03 0.000000000000000000e+00
6.992695381338084189e+03 1.542446309121436343e+03 0.000000000000000000e+00
6.996365754167178238e+03 1.542446309121436343e+03 0.000000000000000000e+00
7.000036126996272287e+03 1.542446309121436343e+03 0.000000000000000000e+00
7.003706499825366336e+03 1.542446309121436343e+03 0.000000000000000000e+00
7.007376872654460385e+03 1.542446309121436343e+03 0.000000000000000000e+00
7.011047245483554434e+03 1.542446309121436343e+03 0.000000000000000000e+00
7.014717618312648483e+03 1.542446309121436343e+03 0.000000000000000000e+00
7.018387991141742532e+03 1.542446309121436343e+03 0.000000000000000000e+00
7.022058363970836581e+03 1.542446309121436343e+03 0.000000000000000000e+00
7.025728736799930630e+03 1.542446309121436343e+03 0.000000000000000000e+00
7.029399109629024679e+03 1.542446309121436343e+03 0.000000000000000000e+00
7.033069482458118728e+03 1.542446309121436343e+03 0.000000000000000000e+00
7.036739855287212777e+03 1.542446309121436343e+03 0.000000000000000000e+00
7.040410228116306826e+03 1.542446309121436343e+03 0.000000000000000000e+00
7.044080600945400874e+03 1.542446309121436343e+03 0.000000000000000000e+00
7.047750973774494923e+03 1.542446309121436343e+03 0.000000000000000000e+00
7.051421346603588972e+03 1.542446309121436343e+03 0.000000000000000000e+00
7.055091719432683021e+03 1.542446309121436343e+03 0.000000000000000000e+00
7.058762092261777070e+03 1.542446309121436343e+03 0.000000000000000000e+00
7.062432465090871119e+03 1.542446309121436343e+03 0.000000000000000000e+00
7.066102837919965168e+03 1.542446309121436343e+03 0.000000000000000000e+00
7.069773210749059217e+03 1.542446309121436343e+03 0.000000000000000000e+00
7.073443583578153266e+03 1.542446309121436343e+03 0.000000000000000000e+00
7.077113956407247315e+03 1.542446309121436343e+03 0.000000000000000000e+00
7.080784329236341364e+03 1.542446309121436343e+03 0.000000000000000000e+00
7.084454702065435413e+03 1.542446309121436343e+03 0.000000000000000000e+00
7.088125074894529462e+03 1.542446309121436343e+03 0.000000000000000000e+00
7.091795447723623511e+03 1.542446309121436343e+03 0.000000000000000000e+00
7.095307181424162991e+03 1.542446309121436343e+03 0.000000000000000000e+00
7.098272111718938504e+03 1.542446309121436343e+03 0.000000000000000000e+00
7.101116220907276329e+03 1.542446309121436343e+03 0.000000000000000000e+00
7.103756291898225754e+03 1.542446309121436343e+03 0.000000000000000000e+00
7.106214810514714372e+03 1.542446309121436343e+03 0.000000000000000000e+00
7.108650826057128143e+03 1.542446309121436343e+03 0.000000000000000000e+00
7.111106833832841403e+03 1.542446309121436343e+03 0.000000000000000000e+00
7.113724397286695421e+03 1.542446309121436343e+03 0.000000000000000000e+00
7.116355026850613285e+03 1.542446309121436343e+03 0.000000000000000000e+00
7.119171352135032066e+03 1.542446309121436343e+03 0.000000000000000000e+00
7.122325086336341883e+03 1.542446309121436343e+03 0.000000000000000000e+00
7.125539958745657714e+03 1.542446309121436343e+03 0.000000000000000000e+00
7.128080218305606650e+03 1.542446309121436343e+03 0.000000000000000000e+00
7.130572976659742380e+03 1.542446309121436343e+03 0.000000000000000000e+00
7.133244967203346278e+03 1.542446309121436343e+03 0.000000000000000000e+00
7.136304128441791363e+03 1.542446309121436343e+03 0.000000000000000000e+00
7.139325593547793687e+03 1.542446309121436343e+03 0.000000000000000000e+00
7.142063551243201800e+03 1.542446309121436343e+03 0.000000000000000000e+00
7.145202325119416855e+03 1.542446309121436343e+03 0.000000000000000000e+00
7.148269214403419937e+03 1.542446309121436343e+03 0.000000000000000000e+00
7.151494817239127769e+03 1.542446309121436343e+03 0.000000000000000000e+00
7.155268400744768769e+03 1.542446309121436343e+03 0.000000000000000000e+00
7.159041984250409769e+03 1.542446309121436343e+03 0.000000000000000000e+00
7.162815567756050768e+03 1.542446309121436343e+03 0.000000000000000000e+00
7.166589151261691768e+03 1.542446309121436343e+03 0.000000000000000000e+00
7.170362734767332768e+03 1.542446309121436343e+03 0.000000000000000000e+00
7.174136318272973767e+03 1.542446309121436343e+03 0.000000000000000000e+00
7.177909901778614767e+03 1.542446309121436343e+03 0.000000000000000000e+00
7.181683485284255767e+03 1.542446309121436343e+03 0.000000000000000000e+00
7.185457068789896766e+03 1.542446309121436343e+03 0.000000000000000000e+00
7.188717734418650252e+03 1.542446309121436343e+03 0.000000000000000000e+00
7.192272792244262746e+03 1.542446309121436343e+03 0.000000000000000000e+00
7.195561337215209278e+03 1.542446309121436343e+03 0.000000000000000000e+00
7.199043212499494075e+03 1.542446309121436343e+03 0.000000000000000000e+00
7.202553318950029279e+03 1.542446309121436343e+03 0.000000000000000000e+00
7.205796538920117200e+03 1.542446309121436343e+03 0.000000000000000000e+00
7.209286525457631797e+03 1.542446309121436343e+03 0.000000000000000000e+00
7.212776511995146393e+03 1.542446309121436343e+03 0.000000000000000000e+00
7.216266498532660989e+03 1.542446309121436343e+03 0.000000000000000000e+00
7.219756485070175586e+03 1.542446309121436343e+03 0.000000000000000000e+00
7.223246471607690182e+03 1.542446309121436343e+03 0.000000000000000000e+00
7.226736458145204779e+03 1.542446309121436343e+03 0.000000000000000000e+00
7.230226444682719375e+03 1.542446309121436343e+03 0.000000000000000000e+00
7.233716431220233972e+03 1.542446309121436343e+03 0.000000000000000000e+00
7.237206417757748568e+03 1.542446309121436343e+03 0.000000000000000000e+00
7.240696404295263164e+03 1.542446309121436343e+03 0.000000000000000000e+00
7.244251180707454296e+03 1.542446309121436343e+03 0.000000000000000000e+00
7.247854644103161263e+03 1.542446309121436343e+03 0.000000000000000000e+00
7.251646913609372859e+03 1.542446309121436343e+03 0.000000000000000000e+00
7.255140901219122497e+03 1.542446309121436343e+03 0.000000000000000000e+00
7.258634888828872135e+03 1.542446309121436343e+03 0.000000000000000000e+00
7.262128876438621774e+03 1.542446309121436343e+03 0.000000000000000000e+00
7.265622864048371412e+03 1.542446309121436343e+03 0.000000000000000000e+00
7.269116851658121050e+03 1.542446309121436343e+03 0.000000000000000000e+00
7.272610839267870688e+03 1.542446309121436343e+03 0.000000000000000000e+00
7.276104826877620326e+03 1.542446309121436343e+03 0.000000000000000000e+00
7.279598814487369964e+03 1.542446309121436343e+03 0.000000000000000000e+00
7.283092802097119602e+03 1.542446309121436343e+03 0.000000000000000000e+00
7.286586789706869240e+03 1.542446309121436343e+03 0.000000000000000000e+00
7.290080777316618878e+03 1.542446309121436343e+03 0.000000000000000000e+00
7.293574764926368516e+03 1.542446309121436343e+03 0.000000000000000000e+00
7.297068752536118154e+03 1.542446309121436343e+03 0.000000000000000000e+00
7.300562740145867792e+03 1.542446309121436343e+03 0.000000000000000000e+00
7.304056727755617430e+03 1.542446309121436343e+03 0.000000000000000000e+00
7.307550715365367068e+03 1.542446309121436343e+03 0.000000000000000000e+00
7.311044702975116707e+03 1.542446309121436343e+03 0.000000000000000000e+00
7.314538690584866345e+03 1.542446309121436343e+03 0.000000000000000000e+00
7.318032678194615983e+03 1.542446309121436343e+03 0.000000000000000000e+00
7.321526665804365621e+03 1.542446309121436343e+03 0.000000000000000000e+00
7.325020653414115259e+03 1.542446309121436343e+03 0.000000000000000000e+00
7.328514641023864897e+03 1.542446309121436343e+03 0.000000000000000000e+00
7.332008628633614535e+03 1.542446309121436343e+03 0.000000000000000000e+00
7.335502616243364173e+03 1.542446309121436343e+03 0.000000000000000000e+00
7.338996603853113811e+03 1.542446309121436343e+03 0.000000000000000000e+00
7.342490591462863449e+03 1.542446309121436343e+03 0.000000000000000000e+00
7.345984579072613087e+03 1.542446309121436343e+03 0.000000000000000000e+00
7.349478566682362725e+03 1.542446309121436343e+03 0.000000000000000000e+00
7.352972554292112363e+03 1.542446309121436343e+03 0.000000000000000000e+00
7.356101937130014448e+03 1.542446309121436343e+03 0.000000000000000000e+00
7.359342732277161304e+03 1.542446309121436343e+03 0.000000000000000000e+00
7.362262931324437886e+03 1.542446309121436343e+03 0.000000000000000000e+00
7.365367731281105989e+03 1.542446309121436343e+03 0.000000000000000000e+00
7.368413138980862641e+03 1.542446309121436343e+03 0.000000000000000000e+00
7.371454174943749422e+03 1.542446309121436343e+03 0.000000000000000000e+00
7.374577444056236345e+03 1.542446309121436343e+03 0.000000000000000000e+00
7.378117145570551656e+03 1.542446309121436343e+03 0.000000000000000000e+00
7.381672086719998333e+03 1.542446309121436343e+03 0.000000000000000000e+00
7.385263326798209164e+03 1.542446309121436343e+03 0.000000000000000000e+00
7.388854566876419995e+03 1.542446309121436343e+03 0.000000000000000000e+00
7.392445806954630825e+03 1.542446309121436343e+03 0.000000000000000000e+00
7.396037047032841656e+03 1.542446309121436343e+03 0.000000000000000000e+00
7.399819470192747758e+03 1.542446309121436343e+03 0.000000000000000000e+00
7.402973841658703350e+03 1.542446309121436343e+03 0.000000000000000000e+00
7.406128213124658942e+03 1.542446309121436343e+03 0.000000000000000000e+00
7.409282584590614533e+03 1.542446309121436343e+03 0.000000000000000000e+00
7.412675534078096462e+03 1.542446309121436343e+03 0.000000000000000000e+00
7.416249195223603238e+03 1.542446309121436343e+03 0.000000000000000000e+00
7.419822856369110013e+03 1.542446309121436343e+03 0.000000000000000000e+00
7.423179064715767709e+03 1.542446309121436343e+03 0.000000000000000000e+00
7.426541971447482865e+03 1.542446309121436343e+03 0.000000000000000000e+00
7.429988013612643044e+03 1.542446309121436343e+03 0.000000000000000000e+00
7.433434055777803223e+03 1.542446309121436343e+03 0.000000000000000000e+00
7.436880097942963403e+03 1.542446309121436343e+03 0.000000000000000000e+00
7.440326140108123582e+03 1.542446309121436343e+03 0.000000000000000000e+00
7.443772182273283761e+03 1.542446309121436343e+03 0.000000000000000000e+00
7.447218224438443940e+03 1.542446309121436343e+03 0.000000000000000000e+00
7.450664266603604119e+03 1.542446309121436343e+03 0.000000000000000000e+00
7.454110308768764298e+03 1.542446309121436343e+03 0.000000000000000000e+00
7.457556350933924477e+03 1.542446309121436343e+03 0.000000000000000000e+00
7.461002393099084657e+03 1.542446309121436343e+03 0.000000000000000000e+00
7.464448435264244836e+03 1.542446309121436343e+03 0.000000000000000000e+00
7.467894477429405015e+03 1.542446309121436343e+03 0.000000000000000000e+00
7.471340519594565194e+03 1.542446309121436343e+03 0.000000000000000000e+00
7.474786561759725373e+03 1.542446309121436343e+03 0.000000000000000000e+00
7.478232603924885552e+03 1.542446309121436343e+03 0.000000000000000000e+00
7.481678646090045731e+03 1.542446309121436343e+03 0.000000000000000000e+00
7.485124688255205911e+03 1.542446309121436343e+03 0.000000000000000000e+00
7.488570730420366090e+03 1.542446309121436343e+03 0.000000000000000000e+00
7.492016772585526269e+03 1.542446309121436343e+03 0.000000000000000000e+00
7.495462814750686448e+03 1.542446309121436343e+03 0.000000000000000000e+00
7.498908856915846627e+03 1.542446309121436343e+03 0.000000000000000000e+00
7.502354899081006806e+03 1.542446309121436343e+03 0.000000000000000000e+00
7.505800941246166985e+03 1.542446309121436343e+03 0.000000000000000000e+00
7.509246983411327165e+03 1.542446309121436343e+03 0.000000000000000000e+00
7.512693025576487344e+03 1.542446309121436343e+03 0.000000000000000000e+00
7.516139067741647523e+03 1.542446309121436343e+03 0.000000000000000000e+00
7.519585109906807702e+03 1.542446309121436343e+03 0.000000000000000000e+00
7.523031152071967881e+03 1.542446309121436343e+03 0.000000000000000000e+00
7.526477194237128060e+03 1.542446309121436343e+03 0.000000000000000000e+00
7.529923236402288239e+03 1.542446309121436343e+03 0.000000000000000000e+00
7.533369278567448418e+03 1.542446309121436343e+03 0.000000000000000000e+00
7.536815320732608598e+03 1.542446309121436343e+03 0.000000000000000000e+00
7.540261362897768777e+03 1.542446309121436343e+03 0.000000000000000000e+00
7.543707405062928956e+03 1.542446309121436343e+03 0.000000000000000000e+00
7.547153447228089135e+03 1.542446309121436343e+03 0.000000000000000000e+00
7.550599489393249314e+03 1.542446309121436343e+03 0.000000000000000000e+00
7.554045531558409493e+03 1.542446309121436343e+03 0.000000000000000000e+00
7.557491573723569672e+03 1.542446309121436343e+03 0.000000000000000000e+00
7.560937615888729852e+03 1.542446309121436343e+03 0.000000000000000000e+00
7.564383658053890031e+03 1.542446309121436343e+03 0.000000000000000000e+00
7.567829700219050210e+03 1.542446309121436343e+03 0.000000000000000000e+00
7.571275742384210389e+03 1.542446309121436343e+03 0.000000000000000000e+00
7.574721784549370568e+03 1.542446309121436343e+03 0.000000000000000000e+00
7.578167826714530747e+03 1.542446309121436343e+03 0.000000000000000000e+00
7.581613868879690926e+03 1.542446309121436343e+03 0.000000000000000000e+00
7.585059911044851106e+03 1.542446309121436343e+03 0.000000000000000000e+00
7.588505953210011285e+03 1.542446309121436343e+03 0.000000000000000000e+00
7.591951995375171464e+03 1.542446309121436343e+03 0.000000000000000000e+00
7.595398037540331643e+03 1.542446309121436343e+03 0.000000000000000000e+00
7.598844079705491822e+03 1.542446309121436343e+03 0.000000000000000000e+00
7.602290121870652001e+03 1.542446309121436343e+03 0.000000000000000000e+00
7.605736164035812180e+03 1.542446309121436343e+03 0.000000000000000000e+00
7.609182206200972360e+03 1.542446309121436343e+03 0.000000000000000000e+00
7.612628248366132539e+03 1.542446309121436343e+03 0.000000000000000000e+00
7.616074290531292718e+03 1.542446309121436343e+03 0.000000000000000000e+00
7.619520332696452897e+03 1.542446309121436343e+03 0.000000000000000000e+00
7.622966374861613076e+03 1.542446309121436343e+03 0.000000000000000000e+00
7.626412417026773255e+03 1.542446309121436343e+03 0.000000000000000000e+00
7.629858459191933434e+03 1.542446309121436343e+03 0.000000000000000000e+00
7.633304501357093613e+03 1.542446309121436343e+03 0.000000000000000000e+00
7.636750543522253793e+03 1.542446309121436343e+03 0.000000000000000000e+00
7.640196585687413972e+03 1.542446309121436343e+03 0.000000000000000000e+00
7.643642627852574151e+03 1.542446309121436343e+03 0.000000000000000000e+00
7.647088670017734330e+03 1.542446309121436343e+03 0.000000000000000000e+00
7.650534712182894509e+03 1.542446309121436343e+03 0.000000000000000000e+00
7.653980754348054688e+03 1.542446309121436343e+03 0.000000000000000000e+00
7.657426796513214867e+03 1.542446309121436343e+03 0.000000000000000000e+00
7.660872838678375047e+03 1.542446309121436343e+03 0.000000000000000000e+00
7.664318880843535226e+03 1.542446309121436343e+03 0.000000000000000000e+00
7.667764923008695405e+03 1.542446309121436343e+03 0.000000000000000000e+00
7.671349839678232456e+03 1.542446309121436343e+03 0.000000000000000000e+00
7.674825348194346589e+03 1.542446309121436343e+03 0.000000000000000000e+00
7.678680828220654803e+03 1.542446309121436343e+03 0.000000000000000000e+00
7.682566427879419280e+03 1.542446309121436343e+03 0.000000000000000000e+00
7.686363697238794884e+03 1.542446309121436343e+03 0.000000000000000000e+00
7.690160966598170489e+03 1.542446309121436343e+03 0.000000000000000000e+00
7.693401512292570260e+03 1.542446309121436343e+03 0.000000000000000000e+00
7.697008545778383450e+03 1.542446309121436343e+03 0.000000000000000000e+00
7.700280106496352346e+03 1.542446309121436343e+03 0.000000000000000000e+00
7.703667808920797142e+03 1.542446309121436343e+03 0.000000000000000000e+00
7.707304035758173086e+03 1.542446309121436343e+03 0.000000000000000000e+00
7.710940262595549029e+03 1.542446309121436343e+03 0.000000000000000000e+00
7.714576489432924973e+03 1.542446309121436343e+03 0.000000000000000000e+00
7.718212716270300916e+03 1.542446309121436343e+03 0.000000000000000000e+00
7.721848943107676860e+03 1.542446309121436343e+03 0.000000000000000000e+00
7.725485169945052803e+03 1.542446309121436343e+03 0.000000000000000000e+00
7.729121396782428747e+03 1.542446309121436343e+03 0.000000000000000000e+00
7.732757623619804690e+03 1.542446309121436343e+03 0.000000000000000000e+00
7.736393850457180633e+03 1.542446309121436343e+03 0.000000000000000000e+00
7.740030077294556577e+03 1.542446309121436343e+03 0.000000000000000000e+00
7.743666304131932520e+03 1.542446309121436343e+03 0.000000000000000000e+00
7.747302530969308464e+03 1.542446309121436343e+03 0.000000000000000000e+00
7.750938757806684407e+03 1.542446309121436343e+03 0.000000000000000000e+00
7.754574984644060351e+03 1.542446309121436343e+03 0.000000000000000000e+00
7.758211211481436294e+03 1.542446309121436343e+03 0.000000000000000000e+00
7.761847438318812237e+03 1.542446309121436343e+03 0.000000000000000000e+00
7.765483665156188181e+03 1.542446309121436343e+03 0.000000000000000000e+00
7.769119891993564124e+03 1.542446309121436343e+03 0.000000000000000000e+00
7.772756118830940068e+03 1.542446309121436343e+03 0.000000000000000000e+00
7.776392345668316011e+03 1.542446309121436343e+03 0.000000000000000000e+00
7.780028572505691955e+03 1.542446309121436343e+03 0.000000000000000000e+00
7.783664799343067898e+03 1.542446309121436343e+03 0.000000000000000000e+00
7.787301026180443841e+03 1.542446309121436343e+03 0.000000000000000000e+00
7.790937253017819785e+03 1.542446309121436343e+03 0.000000000000000000e+00
7.794573479855195728e+03 1.542446309121436343e+03 0.000000000000000000e+00
7.798189787061492098e+03 1.542826398324839829e+03 0.000000000000000000e+00
7.801806647700969734e+03 1.543201184567189102e+03 0.000000000000000000e+00
7.805423954877524011e+03 1.543571636187918557e+03 0.000000000000000000e+00
7.809042602956205883e+03 1.543928751989172497e+03 0.000000000000000000e+00
7.812661470719745921e+03 1.544283634678051385e+03 0.000000000000000000e+00
7.816280842863312500e+03 1.544633335835079833e+03 0.000000000000000000e+00
7.819900654264346485e+03 1.544978460499218272e+03 0.000000000000000000e+00
7.823520768157793100e+03 1.545320397644510422e+03 0.000000000000000000e+00
7.827141423765881882e+03 1.545656550259357573e+03 0.000000000000000000e+00
7.830893834707068891e+03 1.546002938112801985e+03 0.000000000000000000e+00
7.834646419027348202e+03 1.546347442591362324e+03 0.000000000000000000e+00
7.838377018009685344e+03 1.546688781461624558e+03 0.000000000000000000e+00
7.841626257175456885e+03 1.546985181208939139e+03 0.000000000000000000e+00
7.844527180549292098e+03 1.547249552152581373e+03 0.000000000000000000e+00
7.847397131082709166e+03 1.547510600110047790e+03 0.000000000000000000e+00
7.850011291366085970e+03 1.547748210770453170e+03 0.000000000000000000e+00
7.852552264891051891e+03 1.547979262885500475e+03 0.000000000000000000e+00
7.855341712726763944e+03 1.548232423246662620e+03 0.000000000000000000e+00
7.858445031710999501e+03 1.548514022940124732e+03 0.000000000000000000e+00
7.862049581445785407e+03 1.548840929194492446e+03 0.000000000000000000e+00
7.865344701251273364e+03 1.549139572668409755e+03 0.000000000000000000e+00
7.868659831031411159e+03 1.549439809999822273e+03 0.000000000000000000e+00
7.871607537315059744e+03 1.549706565811153496e+03 0.000000000000000000e+00
7.875260557689466623e+03 1.550036885528802713e+03 0.000000000000000000e+00
7.878913602504589107e+03 1.550366934843917761e+03 0.000000000000000000e+00
7.882566655722614087e+03 1.550696891140987418e+03 0.000000000000000000e+00
7.886219708587145760e+03 1.551026851351675532e+03 0.000000000000000000e+00
7.889872757491717493e+03 1.551356855400905033e+03 0.000000000000000000e+00
7.893525817347740485e+03 1.551686738198300418e+03 0.000000000000000000e+00
7.897178896767256447e+03 1.552016404281501991e+03 0.000000000000000000e+00
7.900831999581191667e+03 1.552345811024781824e+03 0.000000000000000000e+00
7.904485127921049752e+03 1.552674934564239948e+03 0.000000000000000000e+00
7.908138283147975017e+03 1.553003759532408822e+03 0.000000000000000000e+00
7.911791466278919870e+03 1.553332274347113525e+03 0.000000000000000000e+00
7.915444729856543745e+03 1.553659893339403880e+03 0.000000000000000000e+00
7.919098062767289775e+03 1.553986738279650126e+03 0.000000000000000000e+00
7.922751462514943341e+03 1.554312835282929200e+03 0.000000000000000000e+00
7.926404928530070720e+03 1.554638189010449423e+03 0.000000000000000000e+00
7.930058460961282435e+03 1.554962796074121115e+03 0.000000000000000000e+00
7.933712008336717190e+03 1.555287234892937931e+03 0.000000000000000000e+00
7.937365585430794454e+03 1.555611338872137821e+03 0.000000000000000000e+00
7.941019195209832105e+03 1.555935074187208102e+03 0.000000000000000000e+00
7.944672837726740909e+03 1.556258439816703003e+03 0.000000000000000000e+00
7.948326512202455888e+03 1.556581444146720969e+03 0.000000000000000000e+00
7.951980217081530100e+03 1.556904104383391086e+03 0.000000000000000000e+00
7.955633950734782957e+03 1.557226438624187949e+03 0.000000000000000000e+00
7.959287711674031925e+03 1.557548463422175018e+03 0.000000000000000000e+00
7.962941498547770607e+03 1.557870193826387094e+03 0.000000000000000000e+00
7.966595310111944855e+03 1.558191643706167497e+03 0.000000000000000000e+00
7.970249145207809306e+03 1.558512825996981519e+03 0.000000000000000000e+00
7.973903002747401842e+03 1.558833752861027051e+03 0.000000000000000000e+00
7.977556934129747788e+03 1.559153837888490898e+03 0.000000000000000000e+00
7.981210920964880643e+03 1.559473289262533626e+03 0.000000000000000000e+00
7.984864957137274359e+03 1.559792175798064136e+03 0.000000000000000000e+00
7.988519038643185013e+03 1.560110542441826965e+03 0.000000000000000000e+00
7.992173109494744494e+03 1.560429031348207900e+03 0.000000000000000000e+00
7.995827238333563400e+03 1.560746854256469987e+03 0.000000000000000000e+00
7.999481356030752067e+03 1.561064805238214603e+03 0.000000000000000000e+00
8.003135476914336323e+03 1.561382719597521827e+03 0.000000000000000000e+00
8.006789656116091464e+03 1.561699962931827713e+03 0.000000000000000000e+00
8.010443821808831672e+03 1.562017361831793323e+03 0.000000000000000000e+00
8.014098041113271393e+03 1.562334142902501753e+03 0.000000000000000000e+00
8.017752349308027078e+03 1.562649896903968056e+03 0.000000000000000000e+00
8.021406722116462333e+03 1.562964902219268197e+03 0.000000000000000000e+00
8.025061398258160807e+03 1.563276368543294666e+03 0.000000000000000000e+00
8.028716087612406227e+03 1.563587679795361964e+03 0.000000000000000000e+00
8.032370820836726125e+03 1.563898475597702145e+03 0.000000000000000000e+00
8.036025608770933104e+03 1.564208627379373183e+03 0.000000000000000000e+00
8.039680402792940185e+03 1.564518707414850269e+03 0.000000000000000000e+00
8.043335264857601032e+03 1.564827984410443378e+03 0.000000000000000000e+00
8.046990191425980811e+03 1.565136498188823907e+03 0.000000000000000000e+00
8.050645128447957177e+03 1.565444888099634227e+03 0.000000000000000000e+00
8.054300136889280111e+03 1.565752430398450542e+03 0.000000000000000000e+00
8.057955214356133183e+03 1.566059151253630034e+03 0.000000000000000000e+00
8.061610360668573776e+03 1.566365050593863089e+03 0.000000000000000000e+00
8.065265523393517469e+03 1.566670753760160551e+03 0.000000000000000000e+00
8.068920710938990851e+03 1.566976160012745140e+03 0.000000000000000000e+00
8.072575927557134492e+03 1.567281218115648471e+03 0.000000000000000000e+00
8.076231175551433807e+03 1.567585900034825272e+03 0.000000000000000000e+00
8.079886402947880015e+03 1.567890828964196089e+03 0.000000000000000000e+00
8.083541672904135339e+03 1.568195247292485419e+03 0.000000000000000000e+00
8.087196927512690309e+03 1.568499849850482633e+03 0.000000000000000000e+00
8.090852174054462921e+03 1.568804549195020172e+03 0.000000000000000000e+00
8.094507415642896376e+03 1.569109307955165605e+03 0.000000000000000000e+00
8.098162653566423614e+03 1.569414110668593594e+03 0.000000000000000000e+00
8.101817888377189774e+03 1.569718950708387410e+03 0.000000000000000000e+00
8.105473120294362161e+03 1.570023825442311590e+03 0.000000000000000000e+00
8.109128349378924213e+03 1.570328734135316608e+03 0.000000000000000000e+00
8.112783575614417714e+03 1.570633676980877681e+03 0.000000000000000000e+00
8.116438798945219787e+03 1.570938654641796120e+03 0.000000000000000000e+00
8.120094019294946520e+03 1.571243668029441324e+03 0.000000000000000000e+00
8.123749236575351460e+03 1.571548718197010203e+03 0.000000000000000000e+00
8.127404450690615704e+03 1.571853806288012265e+03 0.000000000000000000e+00
8.131059637883069627e+03 1.572159216765601741e+03 0.000000000000000000e+00
8.134714814090834807e+03 1.572464758680706836e+03 0.000000000000000000e+00
8.138370036354508557e+03 1.572769749131119625e+03 0.000000000000000000e+00
8.142025351148117807e+03 1.573073628599532867e+03 0.000000000000000000e+00
8.145680747781901118e+03 1.573376522015481669e+03 0.000000000000000000e+00
8.149336222263604213e+03 1.573678474470873880e+03 0.000000000000000000e+00
8.152991881198919145e+03 1.573978185532322641e+03 0.000000000000000000e+00
8.156647564277717720e+03 1.574277601963215375e+03 0.000000000000000000e+00
8.160303344766437476e+03 1.574575826693911495e+03 0.000000000000000000e+00
8.163959438496707662e+03 1.574870186350085078e+03 0.000000000000000000e+00
8.167615668103995631e+03 1.575162853448501210e+03 0.000000000000000000e+00
8.171272103854487796e+03 1.575452933737771673e+03 0.000000000000000000e+00
8.174929004568053642e+03 1.575737092395605941e+03 0.000000000000000000e+00
8.178586003257615630e+03 1.576019987351807686e+03 0.000000000000000000e+00
8.182243144591827331e+03 1.576301032247335343e+03 0.000000000000000000e+00
8.185900426288753806e+03 1.576580244641447280e+03 0.000000000000000000e+00
8.189557895677845408e+03 1.576856987553839645e+03 0.000000000000000000e+00
8.193215530446728735e+03 1.577131536036195257e+03 0.000000000000000000e+00
8.196873244154545318e+03 1.577405030832038392e+03 0.000000000000000000e+00
8.200531063758566233e+03 1.577677105667597516e+03 0.000000000000000000e+00
8.204188991928029282e+03 1.577947716973260412e+03 0.000000000000000000e+00
8.207847033674168415e+03 1.578216788627658616e+03 0.000000000000000000e+00
8.211505190176256292e+03 1.578484295595656477e+03 0.000000000000000000e+00
8.215163352364745151e+03 1.578751724790789467e+03 0.000000000000000000e+00
8.218821536799518071e+03 1.579018849504900572e+03 0.000000000000000000e+00
8.222479802536774514e+03 1.579284858465880461e+03 0.000000000000000000e+00
8.226138089116040646e+03 1.579550580643463036e+03 0.000000000000000000e+00
8.229796460303436106e+03 1.579815135414610040e+03 0.000000000000000000e+00
8.233454856042151732e+03 1.580079350460819114e+03 0.000000000000000000e+00
8.237113339822799389e+03 1.580342343613657022e+03 0.000000000000000000e+00
8.240771851016599612e+03 1.580604955145276108e+03 0.000000000000000000e+00
8.244430508677824037e+03 1.580865518169645384e+03 0.000000000000000000e+00
8.248089354072928472e+03 1.581123431617197866e+03 0.000000000000000000e+00
8.251748328936473627e+03 1.581379501763150529e+03 0.000000000000000000e+00
8.255407506850911886e+03 1.581632653816653146e+03 0.000000000000000000e+00
8.259066898222239615e+03 1.581882701338437755e+03 0.000000000000000000e+00
8.262726567765035725e+03 1.582128644033461796e+03 0.000000000000000000e+00
8.266386515435533511e+03 1.582370412561027933e+03 0.000000000000000000e+00
8.270046742369613639e+03 1.582607915745718401e+03 0.000000000000000000e+00
8.273706985878090563e+03 1.582845163359719436e+03 0.000000000000000000e+00
8.277367332122415974e+03 1.583080820617953577e+03 0.000000000000000000e+00
8.281027767899249739e+03 1.583315083067722298e+03 0.000000000000000000e+00
8.284688288165627455e+03 1.583548021581362264e+03 0.000000000000000000e+00
8.288348940440690058e+03 1.583778876281951170e+03 0.000000000000000000e+00
8.292009712200340800e+03 1.584007828450418174e+03 0.000000000000000000e+00
8.295670647411850950e+03 1.584234151999416326e+03 0.000000000000000000e+00
8.299331729928073401e+03 1.584458080070695587e+03 0.000000000000000000e+00
8.302992900040253517e+03 1.584680571377004526e+03 0.000000000000000000e+00
8.306654157678565753e+03 1.584901617701560781e+03 0.000000000000000000e+00
8.310315486074096043e+03 1.585121488917921852e+03 0.000000000000000000e+00
8.313976890006309986e+03 1.585340098654377243e+03 0.000000000000000000e+00
8.317638317437704245e+03 1.585558314456587823e+03 0.000000000000000000e+00
8.321299772818480051e+03 1.585776060791327382e+03 0.000000000000000000e+00
8.324961206431131359e+03 1.585994172853917007e+03 0.000000000000000000e+00
8.328622623000572275e+03 1.586212570831765333e+03 0.000000000000000000e+00
8.332284023763120786e+03 1.586431233649168007e+03 0.000000000000000000e+00
8.335945368514310758e+03 1.586650832339143562e+03 0.000000000000000000e+00
8.339606659183353258e+03 1.586871330884467852e+03 0.000000000000000000e+00
8.343267871184756586e+03 1.587093131814326171e+03 0.000000000000000000e+00
8.346928953316153638e+03 1.587317066177170773e+03 0.000000000000000000e+00
8.350589910754446464e+03 1.587543029905910089e+03 0.000000000000000000e+00
8.354250710684327714e+03 1.587771531208057013e+03 0.000000000000000000e+00
8.357911319095053841e+03 1.588003080414535361e+03 0.000000000000000000e+00
8.361571704103665979e+03 1.588238134792143910e+03 0.000000000000000000e+00
8.365231835464015603e+03 1.588477106331638424e+03 0.000000000000000000e+00
8.368891714946859793e+03 1.588719904895795025e+03 0.000000000000000000e+00
8.372551342765975278e+03 1.588966467661156003e+03 0.000000000000000000e+00
8.376318831505139315e+03 1.589224249648744262e+03 0.000000000000000000e+00
8.380086081207917232e+03 1.589485501691378431e+03 0.000000000000000000e+00
8.383853086284441815e+03 1.589750257628587178e+03 0.000000000000000000e+00
8.387619904396136917e+03 1.590017660445070760e+03 0.000000000000000000e+00
8.391386577335480979e+03 1.590287100458559507e+03 0.000000000000000000e+00
8.395153148991135822e+03 1.590557952661202080e+03 0.000000000000000000e+00
8.398919694477592202e+03 1.590829168537048872e+03 0.000000000000000000e+00
8.402686282087439395e+03 1.591099798783330016e+03 0.000000000000000000e+00
8.406452908145816764e+03 1.591369893376396249e+03 0.000000000000000000e+00
8.410219630932655491e+03 1.591638635632030855e+03 0.000000000000000000e+00
8.413986500125203747e+03 1.591905317913206090e+03 0.000000000000000000e+00
8.417753564765836927e+03 1.592169224991835790e+03 0.000000000000000000e+00
8.421520886996700938e+03 1.592429429068853096e+03 0.000000000000000000e+00
8.425288479844422909e+03 1.592685684969554131e+03 0.000000000000000000e+00
8.429056409507435092e+03 1.592936939835081375e+03 0.000000000000000000e+00
8.432824674516674349e+03 1.593183114108727523e+03 0.000000000000000000e+00
8.436593274638955336e+03 1.593424103882779946e+03 0.000000000000000000e+00
8.440362151126171739e+03 1.593660732234762918e+03 0.000000000000000000e+00
8.444131236453322344e+03 1.593894010501034245e+03 0.000000000000000000e+00
8.447900417999560887e+03 1.594125728917120568e+03 0.000000000000000000e+00
8.451669700170665237e+03 1.594355804703435979e+03 0.000000000000000000e+00
8.455439076279351866e+03 1.594584336329506414e+03 0.000000000000000000e+00
8.459208540229205028e+03 1.594811414473779450e+03 0.000000000000000000e+00
8.462978023883397327e+03 1.595038165292155099e+03 0.000000000000000000e+00
8.466747491882868417e+03 1.595265176203392230e+03 0.000000000000000000e+00
8.470516922380307733e+03 1.595492808973057436e+03 0.000000000000000000e+00
8.474286302491849710e+03 1.595721274566882130e+03 0.000000000000000000e+00
8.478055593642457097e+03 1.595951203196702181e+03 0.000000000000000000e+00
8.481824798146028115e+03 1.596182547881351411e+03 0.000000000000000000e+00
8.485593879827803903e+03 1.596415885038612032e+03 0.000000000000000000e+00
8.489362842763677691e+03 1.596651132442147400e+03 0.000000000000000000e+00
8.493131693998257106e+03 1.596888162660614171e+03 0.000000000000000000e+00
8.496900439872566494e+03 1.597126862236913212e+03 0.000000000000000000e+00
8.500669126854814749e+03 1.597366489828575595e+03 0.000000000000000000e+00
8.504437762182360530e+03 1.597606928429530626e+03 0.000000000000000000e+00
8.508206388381675424e+03 1.597847510063692425e+03 0.000000000000000000e+00
8.511975009656398470e+03 1.598088168827429627e+03 0.000000000000000000e+00
8.515743625718452677e+03 1.598328909205610671e+03 0.000000000000000000e+00
8.519512236657608810e+03 1.598569729765621105e+03 0.000000000000000000e+00
8.523280882731809470e+03 1.598809999864188967e+03 0.000000000000000000e+00
8.527049526118400536e+03 1.599050312114309691e+03 0.000000000000000000e+00
8.530818162555135132e+03 1.599290733329197110e+03 0.000000000000000000e+00
8.534586832874343600e+03 1.599530622841207105e+03 0.000000000000000000e+00
8.538355539569869507e+03 1.599769940195276376e+03 0.000000000000000000e+00
8.542124280510744939e+03 1.600008717651144707e+03 0.000000000000000000e+00
8.545893053818728731e+03 1.600246983691282367e+03 0.000000000000000000e+00
8.549661857625176708e+03 1.600484766830620629e+03 0.000000000000000000e+00
8.553430690182378385e+03 1.600722093838427327e+03 0.000000000000000000e+00
8.557199549844346620e+03 1.600958990020839565e+03 0.000000000000000000e+00
8.560968435060369302e+03 1.601195479304528135e+03 0.000000000000000000e+00
8.564737344369625134e+03 1.601431584305464639e+03 0.000000000000000000e+00
8.568506329111545710e+03 1.601666482087551231e+03 0.000000000000000000e+00
8.572275326701990707e+03 1.601901173621421322e+03 0.000000000000000000e+00
8.576044394610777090e+03 1.602134733146633380e+03 0.000000000000000000e+00
8.579813470655590208e+03 1.602368161339601329e+03 0.000000000000000000e+00
8.583582560221817403e+03 1.602601371104856071e+03 0.000000000000000000e+00
8.587351662397604741e+03 1.602834376987452515e+03 0.000000000000000000e+00
8.591120828446533778e+03 1.603066347348598129e+03 0.000000000000000000e+00
8.594889996911502749e+03 1.603298278449442705e+03 0.000000000000000000e+00
8.598659132630597014e+03 1.603530741100010800e+03 0.000000000000000000e+00
8.602428192949928416e+03 1.603764423067845428e+03 0.000000000000000000e+00
8.606197179359380243e+03 1.603999294092496484e+03 0.000000000000000000e+00
8.609966096509573617e+03 1.604235273896370927e+03 0.000000000000000000e+00
8.613734907502512215e+03 1.604472943104220803e+03 0.000000000000000000e+00
8.617503614862735049e+03 1.604712249990568807e+03 0.000000000000000000e+00
8.621272224817710594e+03 1.604953085951583944e+03 0.000000000000000000e+00
8.625040742882907580e+03 1.605195355522817181e+03 0.000000000000000000e+00
8.628809213449310846e+03 1.605438362812840523e+03 0.000000000000000000e+00
8.632577642543192269e+03 1.605682012391619310e+03 0.000000000000000000e+00
8.636345990692945634e+03 1.605926910687049030e+03 0.000000000000000000e+00
8.640114254793312284e+03 1.606173098872682658e+03 0.000000000000000000e+00
8.643882397752957331e+03 1.606421134330887980e+03 0.000000000000000000e+00
8.647650416689964914e+03 1.606671046801980765e+03 0.000000000000000000e+00
8.651418309142616636e+03 1.606922859069573860e+03 0.000000000000000000e+00
8.655186071095953594e+03 1.607176616465224470e+03 0.000000000000000000e+00
8.658953736676970948e+03 1.607431800756418625e+03 0.000000000000000000e+00
8.662721344995648906e+03 1.607687829094478275e+03 0.000000000000000000e+00
8.666488975349597240e+03 1.607943532963951839e+03 0.000000000000000000e+00
8.670256808555388488e+03 1.608196230186315006e+03 0.000000000000000000e+00
8.674024943193593572e+03 1.608444392031117559e+03 0.000000000000000000e+00
8.677793531224071558e+03 1.608685570822469572e+03 0.000000000000000000e+00
8.681562702572866328e+03 1.608917455052795049e+03 0.000000000000000000e+00
8.685332532558459206e+03 1.609138373210894770e+03 0.000000000000000000e+00
8.689103172555052879e+03 1.609345005659823528e+03 0.000000000000000000e+00
8.692874742309357316e+03 1.609533909183545802e+03 0.000000000000000000e+00
8.696647223691292311e+03 1.609703635951635533e+03 0.000000000000000000e+00
8.700420468975644326e+03 1.609855435085260979e+03 0.000000000000000000e+00
8.704194353832190245e+03 1.609990401904865621e+03 0.000000000000000000e+00
8.707968853525037048e+03 1.610106913799357017e+03 0.000000000000000000e+00
8.711743891645985059e+03 1.610204433737022100e+03 0.000000000000000000e+00
8.715519333984726472e+03 1.610284796039747334e+03 0.000000000000000000e+00
8.719295103812231901e+03 1.610347924183623491e+03 0.000000000000000000e+00
8.723071144732906760e+03 1.610391945976506349e+03 0.000000000000000000e+00
8.726847358085029555e+03 1.610417158515272604e+03 0.000000000000000000e+00
8.730623646018349973e+03 1.610425667187982299e+03 0.000000000000000000e+00
8.733684199933031778e+03 1.612637777648195424e+03 0.000000000000000000e+00
8.736755950541315542e+03 1.614834313819844056e+03 0.000000000000000000e+00
8.739838066110571162e+03 1.617016282328004536e+03 0.000000000000000000e+00
8.742929630182970868e+03 1.619184842804243999e+03 0.000000000000000000e+00
8.746031249455967554e+03 1.621338997125140168e+03 0.000000000000000000e+00
8.749142964033459066e+03 1.623478542717335813e+03 0.000000000000000000e+00
8.752263483340639141e+03 1.625605226099123001e+03 0.000000000000000000e+00
8.755391928665538217e+03 1.627720232671682879e+03 0.000000000000000000e+00
8.758528400875497027e+03 1.629823317317865985e+03 0.000000000000000000e+00
8.761672166498006845e+03 1.631915483817832410e+03 0.000000000000000000e+00
8.764822236885633174e+03 1.633998145457622741e+03 0.000000000000000000e+00
8.767977658745554436e+03 1.636072690188109846e+03 0.000000000000000000e+00
8.771138071524168481e+03 1.638139623670741685e+03 0.000000000000000000e+00
8.774302641342384959e+03 1.640200186899204709e+03 0.000000000000000000e+00
8.777469851781619582e+03 1.642256689023311765e+03 0.000000000000000000e+00
8.780673254617382554e+03 1.644332135517095821e+03 0.000000000000000000e+00
8.783878397320115255e+03 1.646404894097310944e+03 0.000000000000000000e+00
8.786906097703938940e+03 1.648360352372204261e+03 0.000000000000000000e+00
8.789934458387771883e+03 1.650314787903928618e+03 0.000000000000000000e+00
8.792962895590027983e+03 1.652269104866715679e+03 0.000000000000000000e+00
8.795991319333510546e+03 1.654223442685253076e+03 0.000000000000000000e+00
8.799019672076157804e+03 1.656177890521638346e+03 0.000000000000000000e+00
8.802047918053385729e+03 1.658132503777618240e+03 0.000000000000000000e+00
8.805076034087676817e+03 1.660087318337088618e+03 0.000000000000000000e+00
8.808103693388156898e+03 1.662042840221206461e+03 0.000000000000000000e+00
8.811130930013530815e+03 1.663999016361805616e+03 0.000000000000000000e+00
8.814157746281847722e+03 1.665955842863287216e+03 0.000000000000000000e+00
8.817184136033461982e+03 1.667913328942516955e+03 0.000000000000000000e+00
8.820210088998737774e+03 1.669871490154212324e+03 0.000000000000000000e+00
8.823235909362983875e+03 1.671829856259506414e+03 0.000000000000000000e+00
8.826261523098597536e+03 1.673788541584391623e+03 0.000000000000000000e+00
8.829287339538748711e+03 1.675746913752689125e+03 0.000000000000000000e+00
8.832312897284251449e+03 1.677705685563717225e+03 0.000000000000000000e+00
8.835338651328493143e+03 1.679664154134517048e+03 0.000000000000000000e+00
8.838364574895271289e+03 1.681622360775060542e+03 0.000000000000000000e+00
8.841390677183304433e+03 1.683580291218515413e+03 0.000000000000000000e+00
8.844417081565905391e+03 1.685537754677183329e+03 0.000000000000000000e+00
8.847443313101510284e+03 1.687495485346084934e+03 0.000000000000000000e+00
8.850469901189748271e+03 1.689452664751042221e+03 0.000000000000000000e+00
8.853496985573989150e+03 1.691409076468889907e+03 0.000000000000000000e+00
8.856524448878855765e+03 1.693364901772115218e+03 0.000000000000000000e+00
8.859552565699310435e+03 1.695319715113775828e+03 0.000000000000000000e+00
8.862581626563174723e+03 1.697273065303079420e+03 0.000000000000000000e+00
8.865611831160966176e+03 1.699224640762694207e+03 0.000000000000000000e+00
8.868643406799792501e+03 1.701174085767080442e+03 0.000000000000000000e+00
8.871676630597674375e+03 1.703120965339888926e+03 0.000000000000000000e+00
8.874711547550234172e+03 1.705065204463586952e+03 0.000000000000000000e+00
8.877748467329267442e+03 1.707006313665760445e+03 0.000000000000000000e+00
8.880786091151987421e+03 1.708946320931389209e+03 0.000000000000000000e+00
8.883823474536216963e+03 1.710886704619286093e+03 0.000000000000000000e+00
8.886860214094618641e+03 1.712828095752852505e+03 0.000000000000000000e+00
8.889898155284365203e+03 1.714767606002037155e+03 0.000000000000000000e+00
8.892935990139521891e+03 1.716707282797756079e+03 0.000000000000000000e+00
8.895973727439804861e+03 1.718647112371074854e+03 0.000000000000000000e+00
8.899010298811655957e+03 1.720588766558283851e+03 0.000000000000000000e+00
8.902046546807687264e+03 1.722530926383234373e+03 0.000000000000000000e+00
8.905082503973062558e+03 1.724473540799185230e+03 0.000000000000000000e+00
8.908118195131402899e+03 1.726416570873637966e+03 0.000000000000000000e+00
8.911153938158207893e+03 1.728359519909063238e+03 0.000000000000000000e+00
8.914189910793798845e+03 1.730302110147634949e+03 0.000000000000000000e+00
8.917225955671530755e+03 1.732244587478120138e+03 0.000000000000000000e+00
8.920261449714651462e+03 1.734187925480947570e+03 0.000000000000000000e+00
8.923296670912703121e+03 1.736131689601912058e+03 0.000000000000000000e+00
8.926332348316929711e+03 1.738074741164922898e+03 0.000000000000000000e+00
8.929368469666394958e+03 1.740017098966764252e+03 0.000000000000000000e+00
8.932404846203462512e+03 1.741959057824256433e+03 0.000000000000000000e+00
8.935441438998142985e+03 1.743900678507691282e+03 0.000000000000000000e+00
8.938478124873641718e+03 1.745842153609925617e+03 0.000000000000000000e+00
8.941514852565438559e+03 1.747783563305206371e+03 0.000000000000000000e+00
8.944551592604988400e+03 1.749724953686156596e+03 0.000000000000000000e+00
8.947588036625416862e+03 1.751666807025072785e+03 0.000000000000000000e+00
8.950624617535322614e+03 1.753608446295547765e+03 0.000000000000000000e+00
8.953661222478593118e+03 1.755550047979096234e+03 0.000000000000000000e+00
8.956697910803244667e+03 1.757491519250575266e+03 0.000000000000000000e+00
8.959734709064465278e+03 1.759432818557663722e+03 0.000000000000000000e+00
8.962771561733514318e+03 1.761374032751291679e+03 0.000000000000000000e+00
8.965808508976597295e+03 1.763315098984520318e+03 0.000000000000000000e+00
8.968845490080308082e+03 1.765256112239176900e+03 0.000000000000000000e+00
8.971882483292916731e+03 1.767197106547674139e+03 0.000000000000000000e+00
8.974919170734492582e+03 1.769138579200387085e+03 0.000000000000000000e+00
8.977955681259874837e+03 1.771080328542681173e+03 0.000000000000000000e+00
8.980992339373611685e+03 1.773021847066756436e+03 0.000000000000000000e+00
8.984028722472767186e+03 1.774963795663967403e+03 0.000000000000000000e+00
8.987064952009723129e+03 1.776905984346347850e+03 0.000000000000000000e+00
8.990101050414199563e+03 1.778848378013292631e+03 0.000000000000000000e+00
8.993136733942337742e+03 1.780791420008733439e+03 0.000000000000000000e+00
8.996171858340949257e+03 1.782735335275406442e+03 0.000000000000000000e+00
8.999206309614193742e+03 1.784680301123268919e+03 0.000000000000000000e+00
9.002240281376271014e+03 1.786626014880728462e+03 0.000000000000000000e+00
9.005273537438592030e+03 1.788572844184865517e+03 0.000000000000000000e+00
9.008306502670173359e+03 1.790520126543197421e+03 0.000000000000000000e+00
9.011339100201241308e+03 1.792467981489956401e+03 0.000000000000000000e+00
9.014371252507240570e+03 1.794416529429389811e+03 0.000000000000000000e+00
9.017402844212985656e+03 1.796365949447937055e+03 0.000000000000000000e+00
9.020434137561383977e+03 1.798315833371405915e+03 0.000000000000000000e+00
9.023465076171378314e+03 1.800266268661666118e+03 0.000000000000000000e+00
9.026495932207721125e+03 1.802216832263810602e+03 0.000000000000000000e+00
9.029526334965097703e+03 1.804168100007390649e+03 0.000000000000000000e+00
9.032556305997281015e+03 1.806120038075870980e+03 0.000000000000000000e+00
9.035585855111125056e+03 1.808072630927915270e+03 0.000000000000000000e+00
9.038614682946363246e+03 1.810026342427481950e+03 0.000000000000000000e+00
9.041642854996132883e+03 1.811981070213145131e+03 0.000000000000000000e+00
9.044670365387673883e+03 1.813936822627986885e+03 0.000000000000000000e+00
9.047697125146620238e+03 1.815893736535308790e+03 0.000000000000000000e+00
9.050723081986501711e+03 1.817851891759550426e+03 0.000000000000000000e+00
9.053747893203066269e+03 1.819811816192582910e+03 0.000000000000000000e+00
9.056771595837210043e+03 1.821773450475349136e+03 0.000000000000000000e+00
9.059794205544832948e+03 1.823736768390114548e+03 0.000000000000000000e+00
9.062816054233768227e+03 1.825701257428065446e+03 0.000000000000000000e+00
9.065837194459900275e+03 1.827666835819556809e+03 0.000000000000000000e+00
9.068857498495957771e+03 1.829633698857193849e+03 0.000000000000000000e+00
9.071877315646101124e+03 1.831601309351867485e+03 0.000000000000000000e+00
9.074896586641772956e+03 1.833569757810359988e+03 0.000000000000000000e+00
9.077915334425986657e+03 1.835539008554768770e+03 0.000000000000000000e+00
9.080933261472004233e+03 1.837509516870906737e+03 0.000000000000000000e+00
9.083949202390360369e+03 1.839483063692250880e+03 0.000000000000000000e+00
9.086964924512700236e+03 1.841456944833524858e+03 0.000000000000000000e+00
9.089980123641651517e+03 1.843431624780204174e+03 0.000000000000000000e+00
9.092994692178912373e+03 1.845407267261326069e+03 0.000000000000000000e+00
9.096008568976645620e+03 1.847383964842427304e+03 0.000000000000000000e+00
9.099021724516138420e+03 1.849361761690911635e+03 0.000000000000000000e+00
9.102034141765760069e+03 1.851340682859940443e+03 0.000000000000000000e+00
9.105045459149903763e+03 1.853321277288641340e+03 0.000000000000000000e+00
9.108055381645814123e+03 1.855303990895713241e+03 0.000000000000000000e+00
9.111063869302519379e+03 1.857288880993050498e+03 0.000000000000000000e+00
9.114070412304181446e+03 1.859276715457538330e+03 0.000000000000000000e+00
9.117074944259167751e+03 1.861267588233613424e+03 0.000000000000000000e+00
9.120077423432812793e+03 1.863261555507888716e+03 0.000000000000000000e+00
9.123077833232297053e+03 1.865258635304543532e+03 0.000000000000000000e+00
9.126075670513670048e+03 1.867259574662310797e+03 0.000000000000000000e+00
9.129070885321178139e+03 1.869264437484533801e+03 0.000000000000000000e+00
9.132063240266947105e+03 1.871273566290156623e+03 0.000000000000000000e+00
9.135052704369534695e+03 1.873286993979048475e+03 0.000000000000000000e+00
9.138043242539886705e+03 1.875298826012474365e+03 0.000000000000000000e+00
9.141029745419729807e+03 1.877316643454102859e+03 0.000000000000000000e+00
9.144014676252125355e+03 1.879336785678024171e+03 0.000000000000000000e+00
9.146996443229942088e+03 1.881361594895964345e+03 0.000000000000000000e+00
9.149976599126026485e+03 1.883388774590534922e+03 0.000000000000000000e+00
9.152954895468503310e+03 1.885418685321440080e+03 0.000000000000000000e+00
9.155930773846868760e+03 1.887452139170492046e+03 0.000000000000000000e+00
9.158904235452097055e+03 1.889489125366145572e+03 0.000000000000000000e+00
9.161875320481673043e+03 1.891529576401109352e+03 0.000000000000000000e+00
9.164844087679090080e+03 1.893573398312771587e+03 0.000000000000000000e+00
9.167978096834831376e+03 1.895736007911161778e+03 0.000000000000000000e+00
9.169758713859509953e+03 1.896966203169091159e+03 0.000000000000000000e+00
9.171428216442816847e+03 1.898121090786248033e+03 0.000000000000000000e+00
9.172983482511674083e+03 1.899197762750967058e+03 0.000000000000000000e+00
9.174693536428601874e+03 1.900381955485054959e+03 0.000000000000000000e+00
9.176589608271870020e+03 1.901694821538405449e+03 0.000000000000000000e+00
9.178424131719573779e+03 1.902964432804607441e+03 0.000000000000000000e+00
9.180300933999977133e+03 1.904261733335891904e+03 0.000000000000000000e+00
9.182039187881047837e+03 1.905461348361686305e+03 0.000000000000000000e+00
9.183730517191170293e+03 1.906626341115636933e+03 0.000000000000000000e+00
9.185357111499344683e+03 1.907744289143857713e+03 0.000000000000000000e+00
9.187166781571637330e+03 1.908985004931804042e+03 0.000000000000000000e+00
9.189201757899490985e+03 1.910376411084151641e+03 0.000000000000000000e+00
9.191086398572793769e+03 1.911661648638699944e+03 0.000000000000000000e+00
9.193775954785376598e+03 1.913490221381811125e+03 0.000000000000000000e+00
9.196235380863363389e+03 1.915156460034114389e+03 0.000000000000000000e+00
9.198705121130193220e+03 1.916822444901444442e+03 0.000000000000000000e+00
9.201098984569611275e+03 1.918429600627682703e+03 0.000000000000000000e+00
9.203489703253899279e+03 1.920025640615497650e+03 0.000000000000000000e+00
9.206275163338796119e+03 1.921876227662819929e+03 0.000000000000000000e+00
9.209140062106613186e+03 1.923769303606458607e+03 0.000000000000000000e+00
9.212124850492737096e+03 1.925730927269469021e+03 0.000000000000000000e+00
9.215344969397654495e+03 1.927835518126664965e+03 0.000000000000000000e+00
9.218570080107403555e+03 1.929932451446505183e+03 0.000000000000000000e+00
9.221798837770502359e+03 1.932023765002856180e+03 0.000000000000000000e+00
9.225031430775828994e+03 1.934109145279905306e+03 0.000000000000000000e+00
9.228268404330026897e+03 1.936187719466076032e+03 0.000000000000000000e+00
9.231309196463691478e+03 1.938129931567127642e+03 0.000000000000000000e+00
9.234504892279388514e+03 1.940164325430425606e+03 0.000000000000000000e+00
9.237704263328312663e+03 1.942192934566949361e+03 0.000000000000000000e+00
9.240909084862254531e+03 1.944212921961232951e+03 0.000000000000000000e+00
9.244116033116890321e+03 1.946229531251495018e+03 0.000000000000000000e+00
9.247325849434626434e+03 1.948241572340508355e+03 0.000000000000000000e+00
9.250538511520086104e+03 1.950249066415752850e+03 0.000000000000000000e+00
9.254326813268558908e+03 1.950249066415752850e+03 0.000000000000000000e+00
9.258115115017031712e+03 1.950249066415752850e+03 0.000000000000000000e+00
9.261903416765504517e+03 1.950249066415752850e+03 0.000000000000000000e+00
9.265691718513977321e+03 1.950249066415752850e+03 0.000000000000000000e+00
9.269480020262450125e+03 1.950249066415752850e+03 0.000000000000000000e+00
9.273268322010922930e+03 1.950249066415752850e+03 0.000000000000000000e+00
9.277056623759395734e+03 1.950249066415752850e+03 0.000000000000000000e+00
9.279647726304261596e+03 1.950249066415752850e+03 0.000000000000000000e+00
9.281635450285266415e+03 1.950249066415752850e+03 0.000000000000000000e+00
9.283436962526131538e+03 1.950249066415752850e+03 0.000000000000000000e+00
9.285071304249531750e+03 1.950249066415752850e+03 0.000000000000000000e+00
9.286846173850561172e+03 1.950249066415752850e+03 0.000000000000000000e+00
9.288392569900966919e+03 1.950249066415752850e+03 0.000000000000000000e+00
9.290250806153251688e+03 1.950249066415752850e+03 0.000000000000000000e+00
9.292038518219151229e+03 1.950249066415752850e+03 0.000000000000000000e+00
9.293807687178972628e+03 1.950249066415752850e+03 0.000000000000000000e+00
9.295761686069181451e+03 1.950249066415752850e+03 0.000000000000000000e+00
9.297811876560475866e+03 1.950249066415752850e+03 0.000000000000000000e+00
9.299736844319049851e+03 1.950249066415752850e+03 0.000000000000000000e+00
9.301855077516207530e+03 1.950249066415752850e+03 0.000000000000000000e+00
9.304166111821499726e+03 1.950249066415752850e+03 0.000000000000000000e+00
9.306649281252168294e+03 1.950249066415752850e+03 0.000000000000000000e+00
9.309481156944171744e+03 1.950249066415752850e+03 0.000000000000000000e+00
9.312088510908937678e+03 1.950249066415752850e+03 0.000000000000000000e+00
9.314807863860265570e+03 1.950249066415752850e+03 0.000000000000000000e+00
9.317870755382988136e+03 1.950249066415752850e+03 0.000000000000000000e+00
9.321033996182488409e+03 1.950249066415752850e+03 0.000000000000000000e+00
9.324420353399358646e+03 1.950249066415752850e+03 0.000000000000000000e+00
9.327584335010647919e+03 1.950249066415752850e+03 0.000000000000000000e+00
9.330755041573851486e+03 1.950249066415752850e+03 0.000000000000000000e+00
9.334097492432460058e+03 1.950249066415752850e+03 0.000000000000000000e+00
9.337545035017965347e+03 1.950249066415752850e+03 0.000000000000000000e+00
9.341320398295560153e+03 1.950249066415752850e+03 0.000000000000000000e+00
9.345095761573154959e+03 1.950249066415752850e+03 0.000000000000000000e+00
9.348871124850749766e+03 1.950249066415752850e+03 0.000000000000000000e+00
9.352646488128344572e+03 1.950249066415752850e+03 0.000000000000000000e+00
9.356421851405939378e+03 1.950249066415752850e+03 0.000000000000000000e+00
9.360197214683534185e+03 1.950249066415752850e+03 0.000000000000000000e+00
9.363972577961128991e+03 1.950249066415752850e+03 0.000000000000000000e+00
9.367747941238723797e+03 1.950249066415752850e+03 0.000000000000000000e+00
9.371589153608876586e+03 1.950249066415752850e+03 0.000000000000000000e+00
9.375365232330565050e+03 1.950249066415752850e+03 0.000000000000000000e+00
9.378785953238235379e+03 1.950249066415752850e+03 0.000000000000000000e+00
9.382449808627863604e+03 1.950249066415752850e+03 0.000000000000000000e+00
9.386113664017491828e+03 1.950249066415752850e+03 0.000000000000000000e+00
9.389777519407120053e+03 1.950249066415752850e+03 0.000000000000000000e+00
9.393162037665177195e+03 1.950249066415752850e+03 0.000000000000000000e+00
9.396292195219039058e+03 1.950249066415752850e+03 0.000000000000000000e+00
9.400129669712288887e+03 1.950249066415752850e+03 0.000000000000000000e+00
9.403698473361504512e+03 1.950249066415752850e+03 0.000000000000000000e+00
9.406800753072766383e+03 1.950249066415752850e+03 0.000000000000000000e+00
9.409799801637096607e+03 1.950249066415752850e+03 0.000000000000000000e+00
9.413204766259459575e+03 1.950249066415752850e+03 0.000000000000000000e+00
9.417035851190068570e+03 1.950249066415752850e+03 0.000000000000000000e+00
9.420866936120677565e+03 1.950249066415752850e+03 0.000000000000000000e+00
9.424635725093203291e+03 1.950249066415752850e+03 0.000000000000000000e+00
9.428404514065729018e+03 1.950249066415752850e+03 0.000000000000000000e+00
9.432173303038254744e+03 1.950249066415752850e+03 0.000000000000000000e+00
9.435957019466553902e+03 1.950249066415752850e+03 0.000000000000000000e+00
9.439517779693196644e+03 1.950249066415752850e+03 0.000000000000000000e+00
9.443113174956444709e+03 1.950249066415752850e+03 0.000000000000000000e+00
9.446936328971025432e+03 1.950249066415752850e+03 0.000000000000000000e+00
9.450787949505694996e+03 1.950249066415752850e+03 0.000000000000000000e+00
9.454639570040364561e+03 1.950249066415752850e+03 0.000000000000000000e+00
9.458491190575034125e+03 1.950249066415752850e+03 0.000000000000000000e+00
9.462342811109703689e+03 1.950249066415752850e+03 0.000000000000000000e+00
9.466194431644373253e+03 1.950249066415752850e+03 0.000000000000000000e+00
9.470046052179042817e+03 1.950249066415752850e+03 0.000000000000000000e+00
9.473897672713712382e+03 1.950249066415752850e+03 0.000000000000000000e+00
9.477749293248381946e+03 1.950249066415752850e+03 0.000000000000000000e+00
9.481600913783051510e+03 1.950249066415752850e+03 0.000000000000000000e+00
9.485452534317721074e+03 1.950249066415752850e+03 0.000000000000000000e+00
9.489047902766113111e+03 1.950249066415752850e+03 0.000000000000000000e+00
9.492643271214505148e+03 1.950249066415752850e+03 0.000000000000000000e+00
9.496421437675842753e+03 1.950249066415752850e+03 0.000000000000000000e+00
9.500199604137180359e+03 1.950249066415752850e+03 0.000000000000000000e+00
9.503977770598517964e+03 1.950249066415752850e+03 0.000000000000000000e+00
9.507755937059855569e+03 1.950249066415752850e+03 0.000000000000000000e+00
9.511534103521193174e+03 1.950249066415752850e+03 0.000000000000000000e+00
9.515312269982530779e+03 1.950249066415752850e+03 0.000000000000000000e+00
9.519090436443868384e+03 1.950249066415752850e+03 0.000000000000000000e+00
9.522868602905205989e+03 1.950249066415752850e+03 0.000000000000000000e+00
9.526646769366543595e+03 1.950249066415752850e+03 0.000000000000000000e+00
9.530424935827881200e+03 1.950249066415752850e+03 0.000000000000000000e+00
9.534203102289218805e+03 1.950249066415752850e+03 0.000000000000000000e+00
9.537981268750556410e+03 1.950249066415752850e+03 0.000000000000000000e+00
9.541019276347233244e+03 1.950249066415752850e+03 0.000000000000000000e+00
9.543707676867408736e+03 1.950249066415752850e+03 0.000000000000000000e+00
9.546436373631895549e+03 1.950249066415752850e+03 0.000000000000000000e+00
9.549119110456318595e+03 1.950249066415752850e+03 0.000000000000000000e+00
9.551908174598805999e+03 1.950249066415752850e+03 0.000000000000000000e+00
9.555140705240068201e+03 1.950249066415752850e+03 0.000000000000000000e+00
9.558298196243704297e+03 1.950249066415752850e+03 0.000000000000000000e+00
9.561247444056081804e+03 1.950249066415752850e+03 0.000000000000000000e+00
9.564564103901639101e+03 1.950249066415752850e+03 0.000000000000000000e+00
9.567360582671457450e+03 1.950249066415752850e+03 0.000000000000000000e+00
9.569166006873141669e+03 1.950249066415752850e+03 0.000000000000000000e+00
9.570634530664072372e+03 1.950249066415752850e+03 0.000000000000000000e+00
9.572228978397231913e+03 1.950249066415752850e+03 0.000000000000000000e+00
9.573534150693105403e+03 1.950249066415752850e+03 0.000000000000000000e+00
9.574825168318773649e+03 1.950249066415752850e+03 0.000000000000000000e+00
9.576086475085727216e+03 1.950249066415752850e+03 0.000000000000000000e+00
9.577643105758181264e+03 1.950249066415752850e+03 0.000000000000000000e+00
9.580029660720392712e+03 1.950249066415752850e+03 0.000000000000000000e+00
9.583865981564653339e+03 1.950249066415752850e+03 0.000000000000000000e+00
9.587702302408913965e+03 1.950249066415752850e+03 0.000000000000000000e+00
9.591538623253174592e+03 1.950249066415752850e+03 0.000000000000000000e+00
9.595374944097435218e+03 1.950249066415752850e+03 0.000000000000000000e+00
9.599211264941695845e+03 1.950249066415752850e+03 0.000000000000000000e+00
9.603047585785956471e+03 1.950249066415752850e+03 0.000000000000000000e+00
9.606883906630217098e+03 1.950249066415752850e+03 0.000000000000000000e+00
9.610720227474477724e+03 1.950249066415752850e+03 0.000000000000000000e+00
9.614556548318738351e+03 1.950249066415752850e+03 0.000000000000000000e+00
9.618392869162998977e+03 1.950249066415752850e+03 0.000000000000000000e+00
9.622229190007259604e+03 1.950249066415752850e+03 0.000000000000000000e+00
9.626065510851520230e+03 1.950249066415752850e+03 0.000000000000000000e+00
9.629901831695780857e+03 1.950249066415752850e+03 0.000000000000000000e+00
9.633738152540041483e+03 1.950249066415752850e+03 0.000000000000000000e+00
9.637574473384302109e+03 1.950249066415752850e+03 0.000000000000000000e+00
9.641410794228562736e+03 1.950249066415752850e+03 0.000000000000000000e+00
9.645247115072823362e+03 1.950249066415752850e+03 0.000000000000000000e+00
9.649083435917083989e+03 1.950249066415752850e+03 0.000000000000000000e+00
9.652919756761344615e+03 1.950249066415752850e+03 0.000000000000000000e+00
9.656756077605605242e+03 1.950249066415752850e+03 0.000000000000000000e+00
9.660592398449865868e+03 1.950249066415752850e+03 0.000000000000000000e+00
9.664428719294126495e+03 1.950249066415752850e+03 0.000000000000000000e+00
9.668265040138387121e+03 1.950249066415752850e+03 0.000000000000000000e+00
9.672101360982647748e+03 1.950249066415752850e+03 0.000000000000000000e+00
9.675937681826908374e+03 1.950249066415752850e+03 0.000000000000000000e+00
9.679774002671169001e+03 1.950249066415752850e+03 0.000000000000000000e+00
9.683610323515429627e+03 1.950249066415752850e+03 0.000000000000000000e+00
9.687446644359690254e+03 1.950249066415752850e+03 0.000000000000000000e+00
9.691282965203950880e+03 1.950249066415752850e+03 0.000000000000000000e+00
9.695119286048211507e+03 1.950249066415752850e+03 0.000000000000000000e+00
9.698955606892472133e+03 1.950249066415752850e+03 0.000000000000000000e+00
9.702791927736732760e+03 1.950249066415752850e+03 0.000000000000000000e+00
9.706628248580993386e+03 1.950249066415752850e+03 0.000000000000000000e+00
9.710464569425254012e+03 1.950249066415752850e+03 0.000000000000000000e+00
9.714300890269514639e+03 1.950249066415752850e+03 0.000000000000000000e+00
9.718137211113775265e+03 1.950249066415752850e+03 0.000000000000000000e+00
9.721973531958035892e+03 1.950249066415752850e+03 0.000000000000000000e+00
9.725809852802296518e+03 1.950249066415752850e+03 0.000000000000000000e+00
9.729646173646557145e+03 1.950249066415752850e+03 0.000000000000000000e+00
9.733482494490817771e+03 1.950249066415752850e+03 0.000000000000000000e+00
9.737318815335078398e+03 1.950249066415752850e+03 0.000000000000000000e+00
9.741155136179339024e+03 1.950249066415752850e+03 0.000000000000000000e+00
9.744991457023599651e+03 1.950249066415752850e+03 0.000000000000000000e+00
9.748827777867860277e+03 1.950249066415752850e+03 0.000000000000000000e+00
9.752664098712120904e+03 1.950249066415752850e+03 0.000000000000000000e+00
9.756500419556381530e+03 1.950249066415752850e+03 0.000000000000000000e+00
9.760336740400642157e+03 1.950249066415752850e+03 0.000000000000000000e+00
9.764173061244902783e+03 1.950249066415752850e+03 0.000000000000000000e+00
9.768009382089163410e+03 1.950249066415752850e+03 0.000000000000000000e+00
9.771845702933424036e+03 1.950249066415752850e+03 0.000000000000000000e+00
9.775682023777684662e+03 1.950249066415752850e+03 0.000000000000000000e+00
9.779518344621945289e+03 1.950249066415752850e+03 0.000000000000000000e+00
9.783354665466205915e+03 1.950249066415752850e+03 0.000000000000000000e+00
9.787190986310466542e+03 1.950249066415752850e+03 0.000000000000000000e+00
9.791027307154727168e+03 1.950249066415752850e+03 0.000000000000000000e+00
9.794863627998987795e+03 1.950249066415752850e+03 0.000000000000000000e+00
9.798699948843248421e+03 1.950249066415752850e+03 0.000000000000000000e+00
9.802536269687509048e+03 1.950249066415752850e+03 0.000000000000000000e+00
9.806372590531769674e+03 1.950249066415752850e+03 0.000000000000000000e+00
9.810208911376030301e+03 1.950249066415752850e+03 0.000000000000000000e+00
9.814045232220290927e+03 1.950249066415752850e+03 0.000000000000000000e+00
9.817881553064551554e+03 1.950249066415752850e+03 0.000000000000000000e+00
9.821717873908812180e+03 1.950249066415752850e+03 0.000000000000000000e+00
9.825554194753072807e+03 1.950249066415752850e+03 0.000000000000000000e+00
9.829390515597333433e+03 1.950249066415752850e+03 0.000000000000000000e+00
9.833226836441594060e+03 1.950249066415752850e+03 0.000000000000000000e+00
9.837063157285854686e+03 1.950249066415752850e+03 0.000000000000000000e+00
9.840899478130115313e+03 1.950249066415752850e+03 0.000000000000000000e+00
9.844735798974375939e+03 1.950249066415752850e+03 0.000000000000000000e+00
9.848572119818636565e+03 1.950249066415752850e+03 0.000000000000000000e+00
9.852408440662897192e+03 1.950249066415752850e+03 0.000000000000000000e+00
9.856244761507157818e+03 1.950249066415752850e+03 0.000000000000000000e+00
9.860081082351418445e+03 1.950249066415752850e+03 0.000000000000000000e+00
9.863917403195679071e+03 1.950249066415752850e+03 0.000000000000000000e+00
9.867753724039939698e+03 1.950249066415752850e+03 0.000000000000000000e+00
9.871590044884200324e+03 1.950249066415752850e+03 0.000000000000000000e+00
9.875426365728460951e+03 1.950249066415752850e+03 0.000000000000000000e+00
9.879262686572721577e+03 1.950249066415752850e+03 0.000000000000000000e+00
9.883099007416982204e+03 1.950249066415752850e+03 0.000000000000000000e+00
9.886935328261242830e+03 1.950249066415752850e+03 0.000000000000000000e+00
9.890771649105503457e+03 1.950249066415752850e+03 0.000000000000000000e+00
9.894607969949764083e+03 1.950249066415752850e+03 0.000000000000000000e+00
9.898444290794024710e+03 1.950249066415752850e+03 0.000000000000000000e+00
9.902280611638285336e+03 1.950249066415752850e+03 0.000000000000000000e+00
9.906116932482545963e+03 1.950249066415752850e+03 0.000000000000000000e+00
9.909953253326806589e+03 1.950249066415752850e+03 0.000000000000000000e+00
9.913789574171067216e+03 1.950249066415752850e+03 0.000000000000000000e+00
9.917625895015327842e+03 1.950249066415752850e+03 0.000000000000000000e+00
9.921462215859588468e+03 1.950249066415752850e+03 0.000000000000000000e+00
9.925298536703849095e+03 1.950249066415752850e+03 0.000000000000000000e+00
9.929134857548109721e+03 1.950249066415752850e+03 0.000000000000000000e+00
9.932971178392370348e+03 1.950249066415752850e+03 0.000000000000000000e+00
9.936807499236630974e+03 1.950249066415752850e+03 0.000000000000000000e+00
9.940643820080891601e+03 1.950249066415752850e+03 0.000000000000000000e+00
9.944480140925152227e+03 1.950249066415752850e+03 0.000000000000000000e+00
9.948316461769412854e+03 1.950249066415752850e+03 0.000000000000000000e+00
9.952152782613673480e+03 1.950249066415752850e+03 0.000000000000000000e+00
9.955989103457934107e+03 1.950249066415752850e+03 0.000000000000000000e+00
9.959825424302194733e+03 1.950249066415752850e+03 0.000000000000000000e+00
9.963661745146455360e+03 1.950249066415752850e+03 0.000000000000000000e+00
9.967498065990715986e+03 1.950249066415752850e+03 0.000000000000000000e+00
9.971334386834976613e+03 1.950249066415752850e+03 0.000000000000000000e+00
9.975170707679237239e+03 1.950249066415752850e+03 0.000000000000000000e+00
9.979007028523497866e+03 1.950249066415752850e+03 0.000000000000000000e+00
9.982843349367758492e+03 1.950249066415752850e+03 0.000000000000000000e+00
9.986679670212019118e+03 1.950249066415752850e+03 0.000000000000000000e+00
9.990515991056279745e+03 1.950249066415752850e+03 0.000000000000000000e+00
9.994352311900540371e+03 1.950249066415752850e+03 0.000000000000000000e+00
9.998188632744800998e+03 1.950249066415752850e+03 0.000000000000000000e+00
1.000202495358906162e+04 1.950249066415752850e+03 0.000000000000000000e+00
1.000586127443332225e+04 1.950249066415752850e+03 0.000000000000000000e+00
1.000969759527758288e+04 1.950249066415752850e+03 0.000000000000000000e+00
1.001353391612184350e+04 1.950249066415752850e+03 0.000000000000000000e+00
1.001737023696610413e+04 1.950249066415752850e+03 0.000000000000000000e+00
1.002120655781036476e+04 1.950249066415752850e+03 0.000000000000000000e+00
1.002504287865462538e+04 1.950249066415752850e+03 0.000000000000000000e+00
1.002887919949888601e+04 1.950249066415752850e+03 0.000000000000000000e+00
1.003271552034314664e+04 1.950249066415752850e+03 0.000000000000000000e+00
1.003655184118740726e+04 1.950249066415752850e+03 0.000000000000000000e+00
1.004038816203166789e+04 1.950249066415752850e+03 0.000000000000000000e+00
1.004422448287592852e+04 1.950249066415752850e+03 0.000000000000000000e+00
1.004806080372018914e+04 1.950249066415752850e+03 0.000000000000000000e+00
1.005189712456444977e+04 1.950249066415752850e+03 0.000000000000000000e+00
1.005573344540871039e+04 1.950249066415752850e+03 0.000000000000000000e+00
1.005956976625297102e+04 1.950249066415752850e+03 0.000000000000000000e+00
1.006340608709723165e+04 1.950249066415752850e+03 0.000000000000000000e+00
1.006724240794149227e+04 1.950249066415752850e+03 0.000000000000000000e+00
1.007107872878575290e+04 1.950249066415752850e+03 0.000000000000000000e+00
1.007491504963001353e+04 1.950249066415752850e+03 0.000000000000000000e+00
1.007875137047427415e+04 1.950249066415752850e+03 0.000000000000000000e+00
1.008258769131853478e+04 1.950249066415752850e+03 0.000000000000000000e+00
1.008642401216279541e+04 1.950249066415752850e+03 0.000000000000000000e+00
1.009026033300705603e+04 1.950249066415752850e+03 0.000000000000000000e+00
1.009409665385131666e+04 1.950249066415752850e+03 0.000000000000000000e+00
1.009793297469557729e+04 1.950249066415752850e+03 0.000000000000000000e+00
1.010176929553983791e+04 1.950249066415752850e+03 0.000000000000000000e+00
1.010560561638409854e+04 1.950249066415752850e+03 0.000000000000000000e+00
1.010944193722835917e+04 1.950249066415752850e+03 0.000000000000000000e+00
1.011327825807261979e+04 1.950249066415752850e+03 0.000000000000000000e+00
1.011711457891688042e+04 1.950249066415752850e+03 0.000000000000000000e+00
1.012095089976114105e+04 1.950249066415752850e+03 0.000000000000000000e+00
1.012478722060540167e+04 1.950249066415752850e+03 0.000000000000000000e+00
1.012862354144966230e+04 1.950249066415752850e+03 0.000000000000000000e+00
1.013245986229392292e+04 1.950249066415752850e+03 0.000000000000000000e+00
1.013629618313818355e+04 1.950249066415752850e+03 0.000000000000000000e+00
1.014013250398244418e+04 1.950249066415752850e+03 0.000000000000000000e+00
1.014396882482670480e+04 1.950249066415752850e+03 0.000000000000000000e+00
1.014780514567096543e+04 1.950249066415752850e+03 0.000000000000000000e+00
1.015164146651522606e+04 1.950249066415752850e+03 0.000000000000000000e+00
1.015547778735948668e+04 1.950249066415752850e+03 0.000000000000000000e+00
1.015931410820374731e+04 1.950249066415752850e+03 0.000000000000000000e+00
1.016315042904800794e+04 1.950249066415752850e+03 0.000000000000000000e+00
1.016698674989226856e+04 1.950249066415752850e+03 0.000000000000000000e+00
1.017082307073652919e+04 1.950249066415752850e+03 0.000000000000000000e+00
1.017465939158078982e+04 1.950249066415752850e+03 0.000000000000000000e+00
1.017849571242505044e+04 1.950249066415752850e+03 0.000000000000000000e+00
1.018233203326931107e+04 1.950249066415752850e+03 0.000000000000000000e+00
1.018616835411357170e+04 1.950249066415752850e+03 0.000000000000000000e+00
1.019000467495783232e+04 1.950249066415752850e+03 0.000000000000000000e+00
1.019384099580209295e+04 1.950249066415752850e+03 0.000000000000000000e+00
1.019767731664635357e+04 1.950249066415752850e+03 0.000000000000000000e+00
1.020151363749061420e+04 1.950249066415752850e+03 0.000000000000000000e+00
1.020534995833487483e+04 1.950249066415752850e+03 0.000000000000000000e+00
1.020918627917913545e+04 1.950249066415752850e+03 0.000000000000000000e+00
1.021302260002339608e+04 1.950249066415752850e+03 0.000000000000000000e+00
1.021685892086765671e+04 1.950249066415752850e+03 0.000000000000000000e+00
1.022069524171191733e+04 1.950249066415752850e+03 0.000000000000000000e+00
1.022453156255617796e+04 1.950249066415752850e+03 0.000000000000000000e+00
1.022836788340043859e+04 1.950249066415752850e+03 0.000000000000000000e+00
1.023220420424469921e+04 1.950249066415752850e+03 0.000000000000000000e+00
1.023604052508895984e+04 1.950249066415752850e+03 0.000000000000000000e+00
1.023987684593322047e+04 1.950249066415752850e+03 0.000000000000000000e+00
1.024371316677748109e+04 1.950249066415752850e+03 0.000000000000000000e+00
1.024754948762174172e+04 1.950249066415752850e+03 0.000000000000000000e+00
1.025138580846600235e+04 1.950249066415752850e+03 0.000000000000000000e+00
1.025522212931026297e+04 1.950249066415752850e+03 0.000000000000000000e+00
1.025905845015452360e+04 1.950249066415752850e+03 0.000000000000000000e+00
1.026289477099878422e+04 1.950249066415752850e+03 0.000000000000000000e+00
1.026673109184304485e+04 1.950249066415752850e+03 0.000000000000000000e+00
1.027056741268730548e+04 1.950249066415752850e+03 0.000000000000000000e+00
1.027440373353156610e+04 1.950249066415752850e+03 0.000000000000000000e+00
1.027824005437582673e+04 1.950249066415752850e+03 0.000000000000000000e+00
1.028207637522008736e+04 1.950249066415752850e+03 0.000000000000000000e+00
1.028591269606434798e+04 1.950249066415752850e+03 0.000000000000000000e+00
1.028974901690860861e+04 1.950249066415752850e+03 0.000000000000000000e+00
1.029358533775286924e+04 1.950249066415752850e+03 0.000000000000000000e+00
1.029742165859712986e+04 1.950249066415752850e+03 0.000000000000000000e+00
1.030125797944139049e+04 1.950249066415752850e+03 0.000000000000000000e+00
1.030509430028565112e+04 1.950249066415752850e+03 0.000000000000000000e+00
1.030893062112991174e+04 1.950249066415752850e+03 0.000000000000000000e+00
1.031276694197417237e+04 1.950249066415752850e+03 0.000000000000000000e+00
1.031660326281843300e+04 1.950249066415752850e+03 0.000000000000000000e+00
1.032043958366269362e+04 1.950249066415752850e+03 0.000000000000000000e+00
1.032427590450695425e+04 1.950249066415752850e+03 0.000000000000000000e+00
1.032810732706737690e+04 1.950249066415752850e+03 0.000000000000000000e+00
1.033193874962779955e+04 1.950249066415752850e+03 0.000000000000000000e+00
1.033555805453762150e+04 1.950249066415752850e+03 0.000000000000000000e+00
1.033917735944744345e+04 1.950249066415752850e+03 0.000000000000000000e+00
1.034293909199207337e+04 1.950249066415752850e+03 0.000000000000000000e+00
1.034670082453670329e+04 1.950249066415752850e+03 0.000000000000000000e+00
1.035046255708133322e+04 1.950249066415752850e+03 0.000000000000000000e+00
1.035422428962596314e+04 1.950249066415752850e+03 0.000000000000000000e+00
1.035798602217059306e+04 1.950249066415752850e+03 0.000000000000000000e+00
1.036174775471522298e+04 1.950249066415752850e+03 0.000000000000000000e+00
1.036547513924891973e+04 1.950249066415752850e+03 0.000000000000000000e+00
1.036924723494102000e+04 1.950249066415752850e+03 0.000000000000000000e+00
1.037301933063312026e+04 1.950249066415752850e+03 0.000000000000000000e+00
1.037679142632522053e+04 1.950249066415752850e+03 0.000000000000000000e+00
1.038056352201732079e+04 1.950249066415752850e+03 0.000000000000000000e+00
1.038433561770942106e+04 1.950249066415752850e+03 0.000000000000000000e+00
1.038810771340152132e+04 1.950249066415752850e+03 0.000000000000000000e+00
1.039187980909362159e+04 1.950249066415752850e+03 0.000000000000000000e+00
1.039565190478572185e+04 1.950249066415752850e+03 0.000000000000000000e+00
1.039942400047782212e+04 1.950249066415752850e+03 0.000000000000000000e+00
1.040319609616992238e+04 1.950249066415752850e+03 0.000000000000000000e+00
1.040696819186202265e+04 1.950249066415752850e+03 0.000000000000000000e+00
1.041074028755412292e+04 1.950249066415752850e+03 0.000000000000000000e+00
1.041451238324622318e+04 1.950249066415752850e+03 0.000000000000000000e+00
1.041828447893832345e+04 1.950249066415752850e+03 0.000000000000000000e+00
1.042205657463042371e+04 1.950249066415752850e+03 0.000000000000000000e+00
1.042582867032252398e+04 1.950249066415752850e+03 0.000000000000000000e+00
1.042960076601462424e+04 1.950249066415752850e+03 0.000000000000000000e+00
1.043337286170672451e+04 1.950249066415752850e+03 0.000000000000000000e+00
1.043714495739882477e+04 1.950249066415752850e+03 0.000000000000000000e+00
1.044091705309092504e+04 1.950249066415752850e+03 0.000000000000000000e+00
1.044468914878302530e+04 1.950249066415752850e+03 0.000000000000000000e+00
1.044846124447512557e+04 1.950249066415752850e+03 0.000000000000000000e+00
1.045223334016722583e+04 1.950249066415752850e+03 0.000000000000000000e+00
1.045600543585932610e+04 1.950249066415752850e+03 0.000000000000000000e+00
1.045977753155142636e+04 1.950249066415752850e+03 0.000000000000000000e+00
1.046354962724352663e+04 1.950249066415752850e+03 0.000000000000000000e+00
1.046732172293562689e+04 1.950249066415752850e+03 0.000000000000000000e+00
1.047109381862772716e+04 1.950249066415752850e+03 0.000000000000000000e+00
1.047486591431982743e+04 1.950249066415752850e+03 0.000000000000000000e+00
1.047863801001192769e+04 1.950249066415752850e+03 0.000000000000000000e+00
1.048241010570402796e+04 1.950249066415752850e+03 0.000000000000000000e+00
1.048618220139612822e+04 1.950249066415752850e+03 0.000000000000000000e+00
1.048995429708822849e+04 1.950249066415752850e+03 0.000000000000000000e+00
1.049372639278032875e+04 1.950249066415752850e+03 0.000000000000000000e+00
1.049749848847242902e+04 1.950249066415752850e+03 0.000000000000000000e+00
1.050127058416452928e+04 1.950249066415752850e+03 0.000000000000000000e+00
1.050504267985662955e+04 1.950249066415752850e+03 0.000000000000000000e+00
1.050881477554872981e+04 1.950249066415752850e+03 0.000000000000000000e+00
1.051258687124083008e+04 1.950249066415752850e+03 0.000000000000000000e+00
1.051635896693293034e+04 1.950249066415752850e+03 0.000000000000000000e+00
1.052013106262503061e+04 1.950249066415752850e+03 0.000000000000000000e+00
1.052390315831713087e+04 1.950249066415752850e+03 0.000000000000000000e+00
1.052767525400923114e+04 1.950249066415752850e+03 0.000000000000000000e+00
1.053144734970133140e+04 1.950249066415752850e+03 0.000000000000000000e+00
1.053521944539343167e+04 1.950249066415752850e+03 0.000000000000000000e+00
1.053899154108553194e+04 1.950249066415752850e+03 0.000000000000000000e+00
1.054276363677763220e+04 1.950249066415752850e+03 0.000000000000000000e+00
1.054653573246973247e+04 1.950249066415752850e+03 0.000000000000000000e+00
1.055030782816183273e+04 1.950249066415752850e+03 0.000000000000000000e+00
1.055407992385393300e+04 1.950249066415752850e+03 0.000000000000000000e+00
1.055785201954603326e+04 1.950249066415752850e+03 0.000000000000000000e+00
1.056162411523813353e+04 1.950249066415752850e+03 0.000000000000000000e+00
1.056539621093023379e+04 1.950249066415752850e+03 0.000000000000000000e+00
1.056916830662233406e+04 1.950249066415752850e+03 0.000000000000000000e+00
1.057294040231443432e+04 1.950249066415752850e+03 0.000000000000000000e+00
1.057671249800653459e+04 1.950249066415752850e+03 0.000000000000000000e+00
1.058048459369863485e+04 1.950249066415752850e+03 0.000000000000000000e+00
1.058425668939073512e+04 1.950249066415752850e+03 0.000000000000000000e+00
1.058802878508283538e+04 1.950249066415752850e+03 0.000000000000000000e+00
1.059180088077493565e+04 1.950249066415752850e+03 0.000000000000000000e+00
1.059557297646703591e+04 1.950249066415752850e+03 0.000000000000000000e+00
1.059934507215913618e+04 1.950249066415752850e+03 0.000000000000000000e+00
1.060311716785123645e+04 1.950249066415752850e+03 0.000000000000000000e+00
1.060688926354333671e+04 1.950249066415752850e+03 0.000000000000000000e+00
1.061066135923543698e+04 1.950249066415752850e+03 0.000000000000000000e+00
1.061443345492753724e+04 1.950249066415752850e+03 0.000000000000000000e+00
1.061820555061963751e+04 1.950249066415752850e+03 0.000000000000000000e+00
1.062197764631173777e+04 1.950249066415752850e+03 0.000000000000000000e+00
1.062574974200383804e+04 1.950249066415752850e+03 0.000000000000000000e+00
1.062961874265681217e+04 1.950249066415752850e+03 0.000000000000000000e+00
1.063231117783305672e+04 1.950249066415752850e+03 0.000000000000000000e+00
1.063484516036083369e+04 1.950249066415752850e+03 0.000000000000000000e+00
1.063728007520876054e+04 1.950249066415752850e+03 0.000000000000000000e+00
1.063975676158346869e+04 1.950249066415752850e+03 0.000000000000000000e+00
1.064261841602744971e+04 1.950249066415752850e+03 0.000000000000000000e+00
1.064578599564708020e+04 1.950249066415752850e+03 0.000000000000000000e+00
1.064912771684244763e+04 1.950249066415752850e+03 0.000000000000000000e+00
1.065290579817909384e+04 1.950249066415752850e+03 0.000000000000000000e+00
1.065668387951574005e+04 1.950249066415752850e+03 0.000000000000000000e+00
1.066046196085238626e+04 1.950249066415752850e+03 0.000000000000000000e+00
1.066424004218903247e+04 1.950249066415752850e+03 0.000000000000000000e+00
1.066801812352567867e+04 1.950249066415752850e+03 0.000000000000000000e+00
1.067129047696729867e+04 1.950249066415752850e+03 0.000000000000000000e+00
1.067506927506543070e+04 1.950249066415752850e+03 0.000000000000000000e+00
1.067884807316356273e+04 1.950249066415752850e+03 0.000000000000000000e+00
1.068262687126169476e+04 1.950249066415752850e+03 0.000000000000000000e+00
1.068640566935982679e+04 1.950249066415752850e+03 0.000000000000000000e+00
1.069018446745795882e+04 1.950249066415752850e+03 0.000000000000000000e+00
1.069396326555609085e+04 1.950249066415752850e+03 0.000000000000000000e+00
1.069774206365422287e+04 1.950249066415752850e+03 0.000000000000000000e+00
1.070152086175235490e+04 1.950249066415752850e+03 0.000000000000000000e+00
1.070529965985048693e+04 1.950249066415752850e+03 0.000000000000000000e+00
1.070907845794861896e+04 1.950249066415752850e+03 0.000000000000000000e+00
1.071285725604675099e+04 1.950249066415752850e+03 0.000000000000000000e+00
1.071663605414488302e+04 1.950249066415752850e+03 0.000000000000000000e+00
1.072041485224301505e+04 1.950249066415752850e+03 0.000000000000000000e+00
1.072419365034114708e+04 1.950249066415752850e+03 0.000000000000000000e+00
1.072772739624451060e+04 1.950249066415752850e+03 0.000000000000000000e+00
1.073126114214787412e+04 1.950249066415752850e+03 0.000000000000000000e+00
1.073479488805123765e+04 1.950249066415752850e+03 0.000000000000000000e+00
1.073832863395460117e+04 1.950249066415752850e+03 0.000000000000000000e+00
1.074186237985796470e+04 1.950249066415752850e+03 0.000000000000000000e+00
1.074528252053847791e+04 1.950249066415752850e+03 0.000000000000000000e+00
1.074894111700119720e+04 1.950249066415752850e+03 0.000000000000000000e+00
1.075164224148237736e+04 1.950249066415752850e+03 0.000000000000000000e+00
1.075434336596355752e+04 1.950249066415752850e+03 0.000000000000000000e+00
1.075704449044473768e+04 1.950249066415752850e+03 0.000000000000000000e+00
1.075974561492591783e+04 1.950249066415752850e+03 0.000000000000000000e+00
1.076244673940709799e+04 1.950249066415752850e+03 0.000000000000000000e+00
1.076514786388827815e+04 1.950249066415752850e+03 0.000000000000000000e+00
1.076784898836945831e+04 1.950249066415752850e+03 0.000000000000000000e+00
1.077055011285063847e+04 1.950249066415752850e+03 0.000000000000000000e+00
1.077325123733181863e+04 1.950249066415752850e+03 0.000000000000000000e+00
1.077595236181299879e+04 1.950249066415752850e+03 0.000000000000000000e+00
1.077865348629417895e+04 1.950249066415752850e+03 0.000000000000000000e+00
1.078135461077535911e+04 1.950249066415752850e+03 0.000000000000000000e+00
1.078405573525653926e+04 1.950249066415752850e+03 0.000000000000000000e+00
1.078675685973771942e+04 1.950249066415752850e+03 0.000000000000000000e+00
1.078945798421889958e+04 1.950249066415752850e+03 0.000000000000000000e+00
1.079215880963461314e+04 1.950289260154795329e+03 0.000000000000000000e+00
1.079485962235352599e+04 1.950330298188157258e+03 0.000000000000000000e+00
1.079756043813344331e+04 1.950371134272376366e+03 0.000000000000000000e+00
1.080026125888120805e+04 1.950411640460453100e+03 0.000000000000000000e+00
1.080296211046057761e+04 1.950450035890410618e+03 0.000000000000000000e+00
1.080566298206941428e+04 1.950486995536012728e+03 0.000000000000000000e+00
1.080836385720378894e+04 1.950523696644246456e+03 0.000000000000000000e+00
1.081106471458766100e+04 1.950561681572966336e+03 0.000000000000000000e+00
1.081376553967799373e+04 1.950601897170169650e+03 0.000000000000000000e+00
1.081646633945838585e+04 1.950643778061578132e+03 0.000000000000000000e+00
1.081916711759351347e+04 1.950687032282726022e+03 0.000000000000000000e+00
1.082186787734243626e+04 1.950731419684363800e+03 0.000000000000000000e+00
1.082456862040604574e+04 1.950776810952147116e+03 0.000000000000000000e+00
1.082726934856227672e+04 1.950823080693522115e+03 0.000000000000000000e+00
1.082997004193389512e+04 1.950871338079757379e+03 0.000000000000000000e+00
1.083267073694775718e+04 1.950919503471147891e+03 0.000000000000000000e+00
1.083537142798697278e+04 1.950967891212603263e+03 0.000000000000000000e+00
1.083807210335677155e+04 1.951017145753373370e+03 0.000000000000000000e+00
1.084077274788330033e+04 1.951068063374648091e+03 0.000000000000000000e+00
1.084347337749964754e+04 1.951119765774357575e+03 0.000000000000000000e+00
1.084617399320649383e+04 1.951172189688345270e+03 0.000000000000000000e+00
1.084887457228229323e+04 1.951226467844005356e+03 0.000000000000000000e+00
1.085157514377240295e+04 1.951281122117683708e+03 0.000000000000000000e+00
1.085427571980506946e+04 1.951335551471995359e+03 0.000000000000000000e+00
1.085697628688211807e+04 1.951390423369979771e+03 0.000000000000000000e+00
1.085967684651870877e+04 1.951445660242107579e+03 0.000000000000000000e+00
1.086237743629344732e+04 1.951499403440805963e+03 0.000000000000000000e+00
1.086507806240114951e+04 1.951551288787726662e+03 0.000000000000000000e+00
1.086777870817539588e+04 1.951602140187593477e+03 0.000000000000000000e+00
1.087047937116358480e+04 1.951652069007462160e+03 0.000000000000000000e+00
1.087318002684313615e+04 1.951702391600146711e+03 0.000000000000000000e+00
1.087588067666776624e+04 1.951753027432863973e+03 0.000000000000000000e+00
1.087858133363148772e+04 1.951803281060846075e+03 0.000000000000000000e+00
1.088128197281633038e+04 1.951854481218260162e+03 0.000000000000000000e+00
1.088398261827733586e+04 1.951905349251258485e+03 0.000000000000000000e+00
1.088668325690929487e+04 1.951956578563168932e+03 0.000000000000000000e+00
1.088938389161414125e+04 1.952008014482611316e+03 0.000000000000000000e+00
1.089208452281594327e+04 1.952059634001053382e+03 0.000000000000000000e+00
1.089478515085300933e+04 1.952111418827417083e+03 0.000000000000000000e+00
1.089748576435399991e+04 1.952163956253098604e+03 0.000000000000000000e+00
1.090018636535002224e+04 1.952217132592884354e+03 0.000000000000000000e+00
1.090288696720922235e+04 1.952270265077421755e+03 0.000000000000000000e+00
1.090558755730679877e+04 1.952323992051082087e+03 0.000000000000000000e+00
1.090828813742627608e+04 1.952378218254231797e+03 0.000000000000000000e+00
1.091098870869391067e+04 1.952432883519782763e+03 0.000000000000000000e+00
1.091368927209448884e+04 1.952487936060898846e+03 0.000000000000000000e+00
1.091638984084586627e+04 1.952542725493342459e+03 0.000000000000000000e+00
1.091909041365525809e+04 1.952597314539862737e+03 0.000000000000000000e+00
1.092179097771444503e+04 1.952652334763935414e+03 0.000000000000000000e+00
1.092528485853523125e+04 1.952723972279165764e+03 0.000000000000000000e+00
1.092876710902703780e+04 1.952795768045936029e+03 0.000000000000000000e+00
1.093202261490592173e+04 1.952863215324038038e+03 0.000000000000000000e+00
1.093527811480684613e+04 1.952930950528012772e+03 0.000000000000000000e+00
1.093888976199536773e+04 1.953005568462634528e+03 0.000000000000000000e+00
1.094209931239678554e+04 1.953070785474700642e+03 0.000000000000000000e+00
1.094542223638096038e+04 1.953137351008574797e+03 0.000000000000000000e+00
1.094861549711365842e+04 1.953201225760419902e+03 0.000000000000000000e+00
1.095188167102366424e+04 1.953265704584634932e+03 0.000000000000000000e+00
1.095465358779211056e+04 1.953319192933722434e+03 0.000000000000000000e+00
1.095757489190612250e+04 1.953374419043656644e+03 0.000000000000000000e+00
1.096057896512812658e+04 1.953430164056252579e+03 0.000000000000000000e+00
1.096312659521884962e+04 1.953476080552283292e+03 0.000000000000000000e+00
1.096592784675865732e+04 1.953524623385212180e+03 0.000000000000000000e+00
1.096908915789959974e+04 1.953576049477016568e+03 0.000000000000000000e+00
1.097280520933052139e+04 1.953632192644393399e+03 0.000000000000000000e+00
1.097652133870607577e+04 1.953682914992906262e+03 0.000000000000000000e+00
1.097966622361761802e+04 1.953720676452020143e+03 0.000000000000000000e+00
1.098321464469554485e+04 1.953756922578250396e+03 0.000000000000000000e+00
1.098676312810542731e+04 1.953786442363757487e+03 0.000000000000000000e+00
1.099031165884164147e+04 1.953809584146029692e+03 0.000000000000000000e+00
1.099386022408592726e+04 1.953826632166257241e+03 0.000000000000000000e+00
1.099740881584029921e+04 1.953836755838672843e+03 0.000000000000000000e+00
1.100095742129703467e+04 1.953839045023603830e+03 0.000000000000000000e+00
1.100383242338917626e+04 1.955919181773465652e+03 0.000000000000000000e+00
1.100671166990109305e+04 1.957993439580865470e+03 0.000000000000000000e+00
1.100959367634249429e+04 1.960063860987164162e+03 0.000000000000000000e+00
1.101247910444811168e+04 1.962129511145165907e+03 0.000000000000000000e+00
1.101536767765066179e+04 1.964190760955705855e+03 0.000000000000000000e+00
1.101825911406268642e+04 1.966247992445636783e+03 0.000000000000000000e+00
1.102115352689566680e+04 1.968301034159829896e+03 0.000000000000000000e+00
1.102405056149413213e+04 1.970350374654533880e+03 0.000000000000000000e+00
1.102694995592595478e+04 1.972396375108263555e+03 0.000000000000000000e+00
1.102985153197750333e+04 1.974439280476856993e+03 0.000000000000000000e+00
1.103275503080389535e+04 1.976479452159115226e+03 0.000000000000000000e+00
1.103566840738416431e+04 1.978505493330830177e+03 0.000000000000000000e+00
1.103858300250999127e+04 1.980529781151386715e+03 0.000000000000000000e+00
1.104149845885773539e+04 1.982552828410434131e+03 0.000000000000000000e+00
1.104441463359694171e+04 1.984574839987639734e+03 0.000000000000000000e+00
1.104733145157095532e+04 1.986595923566913370e+03 0.000000000000000000e+00
1.105024885653188721e+04 1.988616159746638232e+03 0.000000000000000000e+00
1.105317582959023093e+04 1.990622508331423660e+03 0.000000000000000000e+00
1.105610169529819723e+04 1.992630471425428823e+03 0.000000000000000000e+00
1.105903027818943519e+04 1.994634469473603076e+03 0.000000000000000000e+00
1.106195821657107263e+04 1.996639409064033998e+03 0.000000000000000000e+00
1.106489670229484364e+04 1.998628858128257662e+03 0.000000000000000000e+00
1.106796179894422130e+04 2.000678661662042714e+03 0.000000000000000000e+00
1.107103287352390907e+04 2.002719497991379512e+03 0.000000000000000000e+00
1.107409438715206306e+04 2.004774649154133840e+03 0.000000000000000000e+00
1.107716346160853936e+04 2.006818492097646867e+03 0.000000000000000000e+00
1.108023951147172011e+04 2.008851821691284840e+03 0.000000000000000000e+00
1.108329833017595047e+04 2.010910981746208336e+03 0.000000000000000000e+00
1.108599587954195886e+04 2.012688046709435639e+03 0.000000000000000000e+00
1.108826900587171804e+04 2.014178793259699660e+03 0.000000000000000000e+00
1.109048498115530128e+04 2.015651553494671134e+03 0.000000000000000000e+00
1.109240538239524722e+04 2.016922268894919398e+03 0.000000000000000000e+00
1.109423160117619591e+04 2.018148744390226966e+03 0.000000000000000000e+00
1.109585225610940324e+04 2.019256393686644287e+03 0.000000000000000000e+00
1.109741476799925476e+04 2.020345448190240404e+03 0.000000000000000000e+00
1.109997895277439420e+04 2.020499466711744844e+03 0.000000000000000000e+00
1.110303511373280162e+04 2.020705283530499401e+03 0.000000000000000000e+00
1.110673319105935661e+04 2.020954620447102798e+03 0.000000000000000000e+00
1.111042999662639886e+04 2.021222152521144835e+03 0.000000000000000000e+00
1.111412474103837121e+04 2.021516785413659363e+03 0.000000000000000000e+00
1.111722244022205814e+04 2.023552026082116527e+03 0.000000000000000000e+00
1.112034630771170669e+04 2.025546868611809714e+03 0.000000000000000000e+00
1.112343805271065867e+04 2.027591142975149523e+03 0.000000000000000000e+00
1.112653032134279238e+04 2.029634625179102841e+03 0.000000000000000000e+00
1.112963463735252662e+04 2.031659758982795438e+03 0.000000000000000000e+00
1.113273114446576437e+04 2.033696812862500565e+03 0.000000000000000000e+00
1.113582042465634731e+04 2.035744810107428293e+03 0.000000000000000000e+00
1.113890318078104065e+04 2.037802614638188970e+03 0.000000000000000000e+00
1.114198065927427888e+04 2.039868303611585134e+03 0.000000000000000000e+00
1.114475802958716304e+04 2.041752633541753767e+03 0.000000000000000000e+00
1.114768387455148877e+04 2.043757817439058044e+03 0.000000000000000000e+00
1.115060014331879393e+04 2.045776903295112106e+03 0.000000000000000000e+00
1.115350533114085374e+04 2.047811900822343432e+03 0.000000000000000000e+00
1.115640057310293014e+04 2.049861023853864936e+03 0.000000000000000000e+00
1.115949869916856733e+04 2.052073452975298551e+03 0.000000000000000000e+00
1.116258654003779338e+04 2.054300214413416143e+03 0.000000000000000000e+00
1.116639353565191050e+04 2.054303697233679486e+03 0.000000000000000000e+00
1.117020047426700876e+04 2.054324818711476837e+03 0.000000000000000000e+00
1.117400727193611237e+04 2.054363796172394359e+03 0.000000000000000000e+00
1.117781377648761736e+04 2.054425040235934830e+03 0.000000000000000000e+00
1.118161975184217954e+04 2.054513240782461253e+03 0.000000000000000000e+00
1.118542530001974592e+04 2.054618268417707441e+03 0.000000000000000000e+00
1.118923024483638437e+04 2.054743259130483239e+03 0.000000000000000000e+00
1.119303476752935421e+04 2.054880499119660726e+03 0.000000000000000000e+00
1.119683865991867242e+04 2.055034221032315145e+03 0.000000000000000000e+00
1.120064203668619120e+04 2.055200211695455437e+03 0.000000000000000000e+00
1.120444505549966925e+04 2.055374210661769212e+03 0.000000000000000000e+00
1.120824783582745476e+04 2.055553346126047472e+03 0.000000000000000000e+00
1.121205045311520007e+04 2.055735909810530302e+03 0.000000000000000000e+00
1.121585296576367182e+04 2.055920640138732779e+03 0.000000000000000000e+00
1.121965543490080563e+04 2.056106263944015609e+03 0.000000000000000000e+00
1.122345778043017890e+04 2.056294402752362657e+03 0.000000000000000000e+00
1.122725895649776066e+04 2.056504850463670209e+03 0.000000000000000000e+00
1.123106011731214676e+04 2.056715573502562165e+03 0.000000000000000000e+00
1.123486129796180285e+04 2.056925938434606906e+03 0.000000000000000000e+00
1.123866251014668705e+04 2.057135732765897501e+03 0.000000000000000000e+00
1.124246378986687159e+04 2.057344299841099200e+03 0.000000000000000000e+00
1.124626512821459437e+04 2.057551795629190110e+03 0.000000000000000000e+00
1.125006651383991448e+04 2.057758423467467765e+03 0.000000000000000000e+00
1.125386776255416225e+04 2.057967554881594879e+03 0.000000000000000000e+00
1.125766906281764204e+04 2.058175747203301853e+03 0.000000000000000000e+00
1.126147040862730501e+04 2.058383106242914437e+03 0.000000000000000000e+00
1.126527179452371638e+04 2.058589729093820097e+03 0.000000000000000000e+00
1.126907321970560770e+04 2.058795627909836639e+03 0.000000000000000000e+00
1.127287468171013097e+04 2.059000845755354476e+03 0.000000000000000000e+00
1.127667613275261101e+04 2.059206266561437133e+03 0.000000000000000000e+00
1.128047757303504295e+04 2.059411886392799715e+03 0.000000000000000000e+00
1.128427896079502898e+04 2.059618474955353577e+03 0.000000000000000000e+00
1.128808030127510574e+04 2.059825931674871754e+03 0.000000000000000000e+00
1.129188159966296007e+04 2.060034158240033776e+03 0.000000000000000000e+00
1.129568283790365240e+04 2.060243479938495966e+03 0.000000000000000000e+00
1.129948404916099571e+04 2.060453291075000834e+03 0.000000000000000000e+00
1.130328523121491889e+04 2.060663630631153865e+03 0.000000000000000000e+00
1.130708638306262765e+04 2.060874515354665618e+03 0.000000000000000000e+00
1.131088755189659059e+04 2.061085093681321268e+03 0.000000000000000000e+00
1.131468874202340157e+04 2.061295287296306469e+03 0.000000000000000000e+00
1.131848995060161360e+04 2.061505146965798758e+03 0.000000000000000000e+00
1.132229121815177132e+04 2.061713935730030698e+03 0.000000000000000000e+00
1.132609253737448125e+04 2.061921781593593550e+03 0.000000000000000000e+00
1.132989390150066356e+04 2.062128804578109794e+03 0.000000000000000000e+00
1.133369526211340963e+04 2.062335892066412271e+03 0.000000000000000000e+00
1.133749666285897911e+04 2.062542241545541401e+03 0.000000000000000000e+00
1.134129809958708938e+04 2.062747927077649820e+03 0.000000000000000000e+00
1.134509956800921282e+04 2.062953026008780853e+03 0.000000000000000000e+00
1.134890110781863405e+04 2.063156797482072761e+03 0.000000000000000000e+00
1.135270265982021374e+04 2.063360341372248513e+03 0.000000000000000000e+00
1.135650418733498191e+04 2.063564342084040618e+03 0.000000000000000000e+00
1.136030565513309557e+04 2.063769452580731922e+03 0.000000000000000000e+00
1.136410705934083671e+04 2.063975738269330577e+03 0.000000000000000000e+00
1.136790841261007881e+04 2.064182960513222497e+03 0.000000000000000000e+00
1.137170976428174436e+04 2.064390212061537113e+03 0.000000000000000000e+00
1.137551115794729049e+04 2.064596691928575183e+03 0.000000000000000000e+00
1.137931258874251034e+04 2.064802487081817162e+03 0.000000000000000000e+00
1.138311409789533900e+04 2.065006829678719896e+03 0.000000000000000000e+00
1.138691562981655807e+04 2.065210748260254149e+03 0.000000000000000000e+00
1.139071713943006034e+04 2.065415082286782763e+03 0.000000000000000000e+00
1.139451862906617862e+04 2.065619787641948278e+03 0.000000000000000000e+00
1.139832010114011973e+04 2.065824818876142672e+03 0.000000000000000000e+00
1.140212147057884977e+04 2.066031744288403388e+03 0.000000000000000000e+00
1.140592270491760974e+04 2.066241136833115888e+03 0.000000000000000000e+00
1.140972390699926291e+04 2.066451114142315419e+03 0.000000000000000000e+00
1.141352503768512543e+04 2.066662379958157089e+03 0.000000000000000000e+00
1.141732619171262559e+04 2.066873225387730145e+03 0.000000000000000000e+00
1.142112736735703038e+04 2.067083680742439810e+03 0.000000000000000000e+00
1.142492856166835918e+04 2.067293798669974876e+03 0.000000000000000000e+00
1.142872981570222692e+04 2.067502833370327153e+03 0.000000000000000000e+00
1.143253116932658668e+04 2.067710049099730895e+03 0.000000000000000000e+00
1.143633260994866214e+04 2.067915662651783350e+03 0.000000000000000000e+00
1.144013412720511042e+04 2.068119854436317837e+03 0.000000000000000000e+00
1.144393562322697289e+04 2.068324441170288537e+03 0.000000000000000000e+00
1.144773714427452251e+04 2.068528562362181674e+03 0.000000000000000000e+00
1.145153868758572935e+04 2.068732268496013603e+03 0.000000000000000000e+00
1.145534029583265510e+04 2.068934759169513200e+03 0.000000000000000000e+00
1.145914196059501955e+04 2.069136186006219305e+03 0.000000000000000000e+00
1.146294371821020468e+04 2.069335852656744464e+03 0.000000000000000000e+00
1.146674555698323456e+04 2.069533967976293297e+03 0.000000000000000000e+00
1.147054750650327151e+04 2.069729946503285191e+03 0.000000000000000000e+00
1.147434955757654643e+04 2.069923944885123547e+03 0.000000000000000000e+00
1.147815170106330334e+04 2.070116123557366336e+03 0.000000000000000000e+00
1.148195392691769848e+04 2.070306665647527097e+03 0.000000000000000000e+00
1.148512053893202028e+04 2.070463542683863579e+03 0.000000000000000000e+00
1.148830765765136130e+04 2.070619933130497429e+03 0.000000000000000000e+00
1.149131775807349914e+04 2.070754374238037599e+03 0.000000000000000000e+00
1.149409612373677373e+04 2.070877680956252334e+03 0.000000000000000000e+00
1.149707306680657530e+04 2.071009061465902050e+03 0.000000000000000000e+00
1.150011818615811353e+04 2.071142825749319400e+03 0.000000000000000000e+00
1.150301479056851531e+04 2.071269039762931243e+03 0.000000000000000000e+00
1.150643047977238894e+04 2.071417591229374921e+03 0.000000000000000000e+00
1.150988899333851805e+04 2.071564236650829571e+03 0.000000000000000000e+00
1.151279462815638544e+04 2.071684837615160632e+03 0.000000000000000000e+00
1.151548377894081386e+04 2.071793750707150139e+03 0.000000000000000000e+00
1.151882329147758173e+04 2.071926153722958588e+03 0.000000000000000000e+00
1.152170547557526334e+04 2.072040516912525618e+03 0.000000000000000000e+00
1.152504087875847472e+04 2.072172773392763247e+03 0.000000000000000000e+00
1.152771340538292316e+04 2.072272890484152413e+03 0.000000000000000000e+00
1.153111226772411101e+04 2.072392718987084208e+03 0.000000000000000000e+00
1.153379575146865864e+04 2.072482079208552022e+03 0.000000000000000000e+00
1.153659610366554625e+04 2.072570459756525452e+03 0.000000000000000000e+00
1.153938660401301968e+04 2.072653041636482158e+03 0.000000000000000000e+00
1.154217727685191858e+04 2.072729573083522155e+03 0.000000000000000000e+00
1.154496817900680799e+04 2.072797227484604718e+03 0.000000000000000000e+00
1.154775931276942174e+04 2.072854536082154482e+03 0.000000000000000000e+00
1.155138572652238690e+04 2.072914061118264271e+03 0.000000000000000000e+00
1.155501237460241464e+04 2.072956998762051626e+03 0.000000000000000000e+00
1.155863916218840131e+04 2.072985838730052365e+03 0.000000000000000000e+00
1.156226602831498712e+04 2.073002026300771377e+03 0.000000000000000000e+00
1.156589292708513494e+04 2.073007051111377677e+03 0.000000000000000000e+00
1.156883521121066042e+04 2.075127754782875400e+03 0.000000000000000000e+00
1.157179293513801713e+04 2.077226871051012040e+03 0.000000000000000000e+00
1.157476306710686185e+04 2.079308393576775416e+03 0.000000000000000000e+00
1.157774438873063082e+04 2.081373857523025890e+03 0.000000000000000000e+00
1.158073487112415933e+04 2.083426035632160620e+03 0.000000000000000000e+00
1.158373259662776036e+04 2.085467618778318410e+03 0.000000000000000000e+00
1.158674164184092479e+04 2.087492480957022508e+03 0.000000000000000000e+00
1.158976085093020265e+04 2.089502156655446015e+03 0.000000000000000000e+00
1.159279353193097631e+04 2.091491444438840517e+03 0.000000000000000000e+00
1.159583729396547278e+04 2.093463735648315833e+03 0.000000000000000000e+00
1.159889038256415006e+04 2.095421558404911593e+03 0.000000000000000000e+00
1.160195118430386719e+04 2.097367300589211482e+03 0.000000000000000000e+00
1.160501782117321818e+04 2.099303833121641674e+03 0.000000000000000000e+00
1.160809334869304985e+04 2.101226214564636848e+03 0.000000000000000000e+00
1.161117545014652205e+04 2.103138038449862506e+03 0.000000000000000000e+00
1.161426125547391530e+04 2.105043878269744255e+03 0.000000000000000000e+00
1.161734883756854288e+04 2.106946838265791484e+03 0.000000000000000000e+00
1.162043682840301517e+04 2.108849134915590639e+03 0.000000000000000000e+00
1.162352578569708385e+04 2.110749861822077037e+03 0.000000000000000000e+00
1.162661404592452709e+04 2.112651721097945483e+03 0.000000000000000000e+00
1.162970072944724780e+04 2.114556138270779684e+03 0.000000000000000000e+00
1.163278594562155376e+04 2.116462931677371216e+03 0.000000000000000000e+00
1.163586987579867127e+04 2.118371804276652256e+03 0.000000000000000000e+00
1.163895271218285052e+04 2.120282442852102577e+03 0.000000000000000000e+00
1.164203438743228071e+04 2.122194953661134605e+03 0.000000000000000000e+00
1.164511507583413004e+04 2.124109053686819152e+03 0.000000000000000000e+00
1.164819488308549262e+04 2.126024571170966738e+03 0.000000000000000000e+00
1.165127353173866322e+04 2.127941950217465546e+03 0.000000000000000000e+00
1.165435127585669215e+04 2.129860780872201758e+03 0.000000000000000000e+00
1.165742890991494824e+04 2.131779788048081173e+03 0.000000000000000000e+00
1.166050643150485303e+04 2.133698975584848995e+03 0.000000000000000000e+00
1.166358440074377540e+04 2.135617445105551724e+03 0.000000000000000000e+00
1.166666228450618291e+04 2.137536051756933375e+03 0.000000000000000000e+00
1.166974004005606730e+04 2.139454864075211844e+03 0.000000000000000000e+00
1.167281767276331084e+04 2.141373873417794584e+03 0.000000000000000000e+00
1.167589519582099820e+04 2.143293058600891072e+03 0.000000000000000000e+00
1.167897305357713412e+04 2.145211706971648709e+03 0.000000000000000000e+00
1.168205117713928666e+04 2.147129928875845508e+03 0.000000000000000000e+00
1.168512921137912053e+04 2.149048294105936748e+03 0.000000000000000000e+00
1.168820710109234460e+04 2.150966891210815447e+03 0.000000000000000000e+00
1.169128484967052100e+04 2.152885714711595938e+03 0.000000000000000000e+00
1.169436319510227804e+04 2.154803580541208248e+03 0.000000000000000000e+00
1.169744233716390409e+04 2.156720167116853645e+03 0.000000000000000000e+00
1.170052179868971507e+04 2.158636240353622725e+03 0.000000000000000000e+00
1.170360150583625727e+04 2.160551918778922300e+03 0.000000000000000000e+00
1.170668075934955959e+04 2.162468326287368200e+03 0.000000000000000000e+00
1.170976029278894930e+04 2.164384283941726608e+03 0.000000000000000000e+00
1.171284025816291432e+04 2.166299547169796824e+03 0.000000000000000000e+00
1.171592007602481863e+04 2.168215047593998861e+03 0.000000000000000000e+00
1.171899980791926464e+04 2.170130686233186680e+03 0.000000000000000000e+00
1.172207931769800780e+04 2.172046681916960097e+03 0.000000000000000000e+00
1.172516102565153960e+04 2.173959140028071943e+03 0.000000000000000000e+00
1.172824273496585010e+04 2.175871595946443449e+03 0.000000000000000000e+00
1.173132526780309126e+04 2.177782724211355344e+03 0.000000000000000000e+00
1.173440864252543179e+04 2.179692493898842258e+03 0.000000000000000000e+00
1.173749145234164098e+04 2.181603175341338556e+03 0.000000000000000000e+00
1.174057369430150356e+04 2.183514772693942632e+03 0.000000000000000000e+00
1.174365578770224965e+04 2.185426609561118767e+03 0.000000000000000000e+00
1.174673697601125423e+04 2.187339904766275140e+03 0.000000000000000000e+00
1.174981884362192068e+04 2.189252105584167111e+03 0.000000000000000000e+00
1.175290021548034383e+04 2.191165105167997353e+03 0.000000000000000000e+00
1.175598117051026748e+04 2.193078775996850254e+03 0.000000000000000000e+00
1.175906177377134190e+04 2.194993013047341719e+03 0.000000000000000000e+00
1.176214306005987601e+04 2.196906150456339674e+03 0.000000000000000000e+00
1.176522355299036280e+04 2.198820565051675658e+03 0.000000000000000000e+00
1.176830338289243991e+04 2.200736046117071965e+03 0.000000000000000000e+00
1.177138220749492029e+04 2.202653142620843937e+03 0.000000000000000000e+00
1.177446133041222311e+04 2.204569759952957156e+03 0.000000000000000000e+00
1.177754072835012994e+04 2.206485935382721436e+03 0.000000000000000000e+00
1.178061962669467721e+04 2.208402913452903704e+03 0.000000000000000000e+00
1.178369969107210818e+04 2.210318017462742318e+03 0.000000000000000000e+00
1.178677920754900333e+04 2.212234002380780566e+03 0.000000000000000000e+00
1.178985821423317429e+04 2.214150806433480284e+03 0.000000000000000000e+00
1.179293677890625622e+04 2.216068320316420341e+03 0.000000000000000000e+00
1.179601496315847544e+04 2.217986444829324228e+03 0.000000000000000000e+00
1.179909238731563710e+04 2.219905788595963713e+03 0.000000000000000000e+00
1.180216968455132701e+04 2.221825335850091506e+03 0.000000000000000000e+00
1.180524727070886183e+04 2.223744419845275388e+03 0.000000000000000000e+00
1.180832457627306212e+04 2.225663953747595770e+03 0.000000000000000000e+00
1.181140206824474080e+04 2.227583188777985924e+03 0.000000000000000000e+00
1.181447928505428717e+04 2.229502864960228180e+03 0.000000000000000000e+00
1.181755627279005057e+04 2.231422908296087371e+03 0.000000000000000000e+00
1.182063261987346414e+04 2.233343977935635394e+03 0.000000000000000000e+00
1.182370884094566827e+04 2.235265249351271905e+03 0.000000000000000000e+00
1.182678494008732196e+04 2.237186715980785721e+03 0.000000000000000000e+00
1.182986093070508468e+04 2.239108356336590532e+03 0.000000000000000000e+00
1.183293684614474478e+04 2.241030117025561594e+03 0.000000000000000000e+00
1.183601260742746126e+04 2.242952124431727498e+03 0.000000000000000000e+00
1.183908652393472948e+04 2.244877080858236241e+03 0.000000000000000000e+00
1.184216000459199495e+04 2.246802733108002030e+03 0.000000000000000000e+00
1.184523309800020252e+04 2.248729003297265535e+03 0.000000000000000000e+00
1.184830584033502601e+04 2.250655833461396469e+03 0.000000000000000000e+00
1.185137833201063404e+04 2.252583063297440731e+03 0.000000000000000000e+00
1.185445062538711318e+04 2.254510609236311211e+03 0.000000000000000000e+00
1.185752232533915048e+04 2.256439100704343673e+03 0.000000000000000000e+00
1.186059354709991385e+04 2.258368353625511645e+03 0.000000000000000000e+00
1.186366478654464117e+04 2.260297578394886841e+03 0.000000000000000000e+00
1.186673599290921447e+04 2.262226855825383154e+03 0.000000000000000000e+00
1.186980673844964258e+04 2.264156866644927504e+03 0.000000000000000000e+00
1.187287755272421600e+04 2.266086768100621612e+03 0.000000000000000000e+00
1.187594837691001158e+04 2.268016653785719882e+03 0.000000000000000000e+00
1.187901877559122477e+04 2.269947216365906570e+03 0.000000000000000000e+00
1.188208885091500997e+04 2.271878293123547792e+03 0.000000000000000000e+00
1.188515907368340595e+04 2.273809135450110261e+03 0.000000000000000000e+00
1.188823009288383946e+04 2.275738710794113558e+03 0.000000000000000000e+00
1.189130138822815570e+04 2.277667846570982420e+03 0.000000000000000000e+00
1.189437306214915407e+04 2.279596379500615058e+03 0.000000000000000000e+00
1.189744547666120889e+04 2.281523732349404781e+03 0.000000000000000000e+00
1.190051846119263791e+04 2.283450176225361247e+03 0.000000000000000000e+00
1.190359190022982693e+04 2.285375894902193977e+03 0.000000000000000000e+00
1.190666572768665537e+04 2.287300993523891520e+03 0.000000000000000000e+00
1.190974014467651432e+04 2.289225150510752883e+03 0.000000000000000000e+00
1.191281532851238808e+04 2.291148081688200818e+03 0.000000000000000000e+00
1.191589138939968871e+04 2.293069609558215234e+03 0.000000000000000000e+00
1.191896811881840404e+04 2.294990066801070043e+03 0.000000000000000000e+00
1.192204577119053829e+04 2.296909044605506097e+03 0.000000000000000000e+00
1.192512440162382882e+04 2.298826452906528630e+03 0.000000000000000000e+00
1.192820368205495106e+04 2.300742817163169548e+03 0.000000000000000000e+00
1.193128352005039051e+04 2.302658285215491105e+03 0.000000000000000000e+00
1.193436322367307366e+04 2.304573969305849914e+03 0.000000000000000000e+00
1.193744283855312642e+04 2.306489796053804184e+03 0.000000000000000000e+00
1.194052196794247720e+04 2.308406402988272475e+03 0.000000000000000000e+00
1.194360030352481044e+04 2.310324284626997269e+03 0.000000000000000000e+00
1.194667796346725481e+04 2.312243250290133346e+03 0.000000000000000000e+00
1.194975414472537705e+04 2.314164585452148458e+03 0.000000000000000000e+00
1.195282805440393895e+04 2.316089552783213094e+03 0.000000000000000000e+00
1.195589893322796524e+04 2.318019351525507318e+03 0.000000000000000000e+00
1.195896557982805643e+04 2.319955868648532032e+03 0.000000000000000000e+00
1.196202630840111851e+04 2.321901725924815310e+03 0.000000000000000000e+00
1.196507927994032798e+04 2.323859731215512056e+03 0.000000000000000000e+00
1.196812319754247619e+04 2.325831782322595700e+03 0.000000000000000000e+00
1.197115754296275190e+04 2.327818530371057477e+03 0.000000000000000000e+00
1.197418212045173459e+04 2.329820117479017881e+03 0.000000000000000000e+00
1.197719676833971607e+04 2.331836628835074862e+03 0.000000000000000000e+00
1.198020200625078360e+04 2.333867137400804950e+03 0.000000000000000000e+00
1.198319728714698067e+04 2.335912305435588223e+03 0.000000000000000000e+00
1.198618240461899768e+04 2.337972279614038598e+03 0.000000000000000000e+00
1.198915764049796053e+04 2.340046500287485287e+03 0.000000000000000000e+00
1.199212302251056099e+04 2.342134784141985619e+03 0.000000000000000000e+00
1.199507807558492641e+04 2.344237658666370407e+03 0.000000000000000000e+00
1.199802263580417821e+04 2.346355200886212515e+03 0.000000000000000000e+00
1.200095734060374343e+04 2.348486380765300510e+03 0.000000000000000000e+00
1.200458420376507820e+04 2.348503219606589482e+03 0.000000000000000000e+00
1.200821093854988067e+04 2.348538072702954196e+03 0.000000000000000000e+00
1.201183746074568080e+04 2.348590576997831249e+03 0.000000000000000000e+00
1.201546370962223955e+04 2.348659417559087615e+03 0.000000000000000000e+00
1.201908960021949497e+04 2.348745075683959385e+03 0.000000000000000000e+00
1.202271506827477424e+04 2.348847062534892302e+03 0.000000000000000000e+00
1.202634007539285631e+04 2.348964294490735028e+03 0.000000000000000000e+00
1.202996462460578368e+04 2.349094919682358977e+03 0.000000000000000000e+00
1.203358875105546758e+04 2.349236790801065126e+03 0.000000000000000000e+00
1.203721256528067715e+04 2.349386425017697093e+03 0.000000000000000000e+00
1.204083615456417465e+04 2.349541410959455334e+03 0.000000000000000000e+00
1.204445960583481428e+04 2.349699590689246179e+03 0.000000000000000000e+00
1.204808297976022368e+04 2.349859532348231824e+03 0.000000000000000000e+00
1.205170633296547567e+04 2.350019942720753079e+03 0.000000000000000000e+00
1.205532988133564322e+04 2.350175882281714166e+03 0.000000000000000000e+00
1.205895360123297905e+04 2.350327783707891740e+03 0.000000000000000000e+00
1.206257732683988434e+04 2.350479548866867390e+03 0.000000000000000000e+00
1.206620105763647916e+04 2.350631190059896198e+03 0.000000000000000000e+00
1.206982482166743102e+04 2.350782034965682215e+03 0.000000000000000000e+00
1.207344861210978888e+04 2.350932244044950039e+03 0.000000000000000000e+00
1.207707242769749791e+04 2.351081845261152921e+03 0.000000000000000000e+00
1.208069629692348462e+04 2.351230141486879347e+03 0.000000000000000000e+00
1.208432024100942908e+04 2.351376596939391675e+03 0.000000000000000000e+00
1.208794426057472447e+04 2.351521172621891310e+03 0.000000000000000000e+00
1.209156845525522112e+04 2.351661289913738074e+03 0.000000000000000000e+00
1.209519280566248381e+04 2.351797319553861144e+03 0.000000000000000000e+00
1.209881729280660693e+04 2.351929655791149798e+03 0.000000000000000000e+00
1.210244190534240624e+04 2.352058511923891729e+03 0.000000000000000000e+00
1.210606662889533254e+04 2.352184206404579527e+03 0.000000000000000000e+00
1.210969142116985131e+04 2.352307903228308078e+03 0.000000000000000000e+00
1.211331627841517366e+04 2.352429681258576238e+03 0.000000000000000000e+00
1.211694113410876162e+04 2.352551505469125459e+03 0.000000000000000000e+00
1.212056596723465009e+04 2.352673999334616838e+03 0.000000000000000000e+00
1.212419078628819625e+04 2.352796908921983231e+03 0.000000000000000000e+00
1.212781559429740810e+04 2.352920143795162858e+03 0.000000000000000000e+00
1.213144039307625462e+04 2.353043649869895489e+03 0.000000000000000000e+00
1.213506521092402727e+04 2.353166595012508878e+03 0.000000000000000000e+00
1.213869007608382526e+04 2.353288137231082601e+03 0.000000000000000000e+00
1.214231498364570325e+04 2.353408408197897188e+03 0.000000000000000000e+00
1.214593993022203722e+04 2.353527497476792632e+03 0.000000000000000000e+00
1.214956494108010884e+04 2.353644613728797140e+03 0.000000000000000000e+00
1.215318995705261295e+04 2.353761571570367323e+03 0.000000000000000000e+00
1.215681495525594801e+04 2.353879078861363723e+03 0.000000000000000000e+00
1.216043991735905911e+04 2.353997694579637482e+03 0.000000000000000000e+00
1.216406490265564389e+04 2.354115599359718999e+03 0.000000000000000000e+00
1.216768983771916464e+04 2.354235038561317197e+03 0.000000000000000000e+00
1.217131474554064334e+04 2.354355301703609712e+03 0.000000000000000000e+00
1.217493967707065349e+04 2.354474848097765971e+03 0.000000000000000000e+00
1.217856463012690620e+04 2.354593739971234299e+03 0.000000000000000000e+00
1.218218958428614860e+04 2.354712598210373471e+03 0.000000000000000000e+00
1.218581451924509020e+04 2.354832040585831237e+03 0.000000000000000000e+00
1.218943943247700918e+04 2.354952140538701315e+03 0.000000000000000000e+00
1.219306432280053014e+04 2.355072929942457449e+03 0.000000000000000000e+00
1.219668920702172545e+04 2.355193902338281532e+03 0.000000000000000000e+00
1.220031410408556076e+04 2.355314489295353269e+03 0.000000000000000000e+00
1.220393899904802856e+04 2.355435139403905850e+03 0.000000000000000000e+00
1.220756389092408062e+04 2.355555882207190280e+03 0.000000000000000000e+00
1.221118875411572662e+04 2.355677483109580407e+03 0.000000000000000000e+00
1.221481359779567720e+04 2.355799664260118789e+03 0.000000000000000000e+00
1.221843842714752100e+04 2.355922269756054447e+03 0.000000000000000000e+00
1.222206327159742614e+04 2.356044428061592953e+03 0.000000000000000000e+00
1.222568812655868169e+04 2.356166274060634805e+03 0.000000000000000000e+00
1.222931299035926168e+04 2.356287856809692585e+03 0.000000000000000000e+00
1.223293788846637290e+04 2.356408412401336136e+03 0.000000000000000000e+00
1.223656307559924608e+04 2.356519939031636568e+03 0.000000000000000000e+00
1.224018848271532624e+04 2.356624069624111598e+03 0.000000000000000000e+00
1.224381406885788965e+04 2.356721768449413048e+03 0.000000000000000000e+00
1.224743979299903185e+04 2.356814204318838165e+03 0.000000000000000000e+00
1.225106563174871917e+04 2.356902029707424845e+03 0.000000000000000000e+00
1.225469156518522141e+04 2.356985854833009853e+03 0.000000000000000000e+00
1.225831757360308984e+04 2.357066371236084706e+03 0.000000000000000000e+00
1.226194362285556781e+04 2.357145027171778565e+03 0.000000000000000000e+00
1.226556970776350499e+04 2.357222021834234511e+03 0.000000000000000000e+00
1.226919582263438497e+04 2.357297592204137345e+03 0.000000000000000000e+00
1.227282196307262893e+04 2.357371925640393783e+03 0.000000000000000000e+00
1.227644792644759582e+04 2.357454445583558027e+03 0.000000000000000000e+00
1.228007370883976000e+04 2.357544567624650426e+03 0.000000000000000000e+00
1.228369942805842584e+04 2.357637196372981634e+03 0.000000000000000000e+00
1.228732492038994496e+04 2.357738316557491544e+03 0.000000000000000000e+00
1.229095019948480694e+04 2.357846812741651320e+03 0.000000000000000000e+00
1.229457525711731978e+04 2.357962472149301902e+03 0.000000000000000000e+00
1.229820016546437000e+04 2.358082719449103479e+03 0.000000000000000000e+00
1.230182493027481905e+04 2.358207218471382930e+03 0.000000000000000000e+00
1.230544954784643960e+04 2.358335932872742887e+03 0.000000000000000000e+00
1.230907406890286256e+04 2.358467337017136742e+03 0.000000000000000000e+00
1.231269852471182639e+04 2.358600528707900139e+03 0.000000000000000000e+00
1.231632292471801338e+04 2.358735230351410337e+03 0.000000000000000000e+00
1.231994733006906063e+04 2.358869788104496820e+03 0.000000000000000000e+00
1.232357176587041067e+04 2.359003523139194840e+03 0.000000000000000000e+00
1.232719626142708876e+04 2.359135628768297011e+03 0.000000000000000000e+00
1.233082080817649330e+04 2.359266322299115018e+03 0.000000000000000000e+00
1.233444537177234815e+04 2.359396547785192979e+03 0.000000000000000000e+00
1.233806993487339787e+04 2.359526787042438627e+03 0.000000000000000000e+00
1.234169449580365290e+04 2.359657086698959120e+03 0.000000000000000000e+00
1.234531907259723630e+04 2.359786944332669918e+03 0.000000000000000000e+00
1.234894372582688993e+04 2.359914650645682286e+03 0.000000000000000000e+00
1.235256842989492361e+04 2.360040905771522830e+03 0.000000000000000000e+00
1.235619315327144977e+04 2.360166605339079524e+03 0.000000000000000000e+00
1.235981787134734986e+04 2.360292457664693757e+03 0.000000000000000000e+00
1.236344258893809274e+04 2.360418323962731392e+03 0.000000000000000000e+00
1.236706733434144007e+04 2.360543386741111590e+03 0.000000000000000000e+00
1.237069210136530637e+04 2.360667821303496112e+03 0.000000000000000000e+00
1.237431691415258683e+04 2.360790915555133779e+03 0.000000000000000000e+00
1.237794173688496085e+04 2.360913716599431609e+03 0.000000000000000000e+00
1.238156659795284395e+04 2.361035380793678542e+03 0.000000000000000000e+00
1.238519159488121113e+04 2.361152927409753829e+03 0.000000000000000000e+00
1.238881684992838746e+04 2.361262224164212967e+03 0.000000000000000000e+00
1.239244233546286341e+04 2.361363587751965497e+03 0.000000000000000000e+00
1.239606794502137564e+04 2.361460413713565231e+03 0.000000000000000000e+00
1.239969371126623628e+04 2.361551183065482746e+03 0.000000000000000000e+00
1.240331960067784712e+04 2.361636891363738414e+03 0.000000000000000000e+00
1.240694559094691249e+04 2.361718220978686531e+03 0.000000000000000000e+00
1.241057164411728627e+04 2.361796696090945261e+03 0.000000000000000000e+00
1.241419771667617169e+04 2.361874270154340138e+03 0.000000000000000000e+00
1.241782379005020630e+04 2.361951806105623746e+03 0.000000000000000000e+00
1.242144968775208145e+04 2.362037162963336414e+03 0.000000000000000000e+00
1.242507552614389351e+04 2.362125003125438070e+03 0.000000000000000000e+00
1.242870129204434852e+04 2.362215786233528888e+03 0.000000000000000000e+00
1.243232680680098019e+04 2.362316099179177854e+03 0.000000000000000000e+00
1.243595214112881877e+04 2.362422733831183905e+03 0.000000000000000000e+00
1.243957725033130555e+04 2.362536765439352166e+03 0.000000000000000000e+00
1.244320230515514049e+04 2.362652512844546891e+03 0.000000000000000000e+00
1.244682733455949528e+04 2.362769053632181112e+03 0.000000000000000000e+00
1.245045229991628003e+04 2.362887569874624205e+03 0.000000000000000000e+00
1.245407721323910846e+04 2.363007667083558772e+03 0.000000000000000000e+00
1.245770208374797039e+04 2.363129049667181334e+03 0.000000000000000000e+00
1.246132695777996923e+04 2.363250326992992541e+03 0.000000000000000000e+00
1.246495179602430653e+04 2.363372669299671998e+03 0.000000000000000000e+00
1.246857659090494417e+04 2.363496289730534954e+03 0.000000000000000000e+00
1.247220135297400520e+04 2.363620868542212520e+03 0.000000000000000000e+00
1.247582608903211440e+04 2.363746201884386664e+03 0.000000000000000000e+00
1.247945084521996978e+04 2.363870951698914723e+03 0.000000000000000000e+00
1.248307560115759406e+04 2.363995708783970713e+03 0.000000000000000000e+00
1.248670023267666875e+04 2.364124029820992746e+03 0.000000000000000000e+00
1.249032482214270385e+04 2.364253533258500283e+03 0.000000000000000000e+00
1.249394938245420599e+04 2.364383850125796471e+03 0.000000000000000000e+00
1.249757393666469397e+04 2.364514336572780849e+03 0.000000000000000000e+00
1.250119841455387359e+04 2.364646926046197677e+03 0.000000000000000000e+00
1.250482287176438876e+04 2.364780079591987942e+03 0.000000000000000000e+00
1.250844733370061476e+04 2.364913104441050564e+03 0.000000000000000000e+00
1.251207180313554454e+04 2.365045924819276479e+03 0.000000000000000000e+00
1.251569626188859183e+04 2.365179036370545418e+03 0.000000000000000000e+00
1.251932070909382128e+04 2.365312461983256981e+03 0.000000000000000000e+00
1.252294518179516126e+04 2.365445193196089349e+03 0.000000000000000000e+00
1.252656968186637278e+04 2.365577174904696676e+03 0.000000000000000000e+00
1.253019418908457919e+04 2.365708960195176587e+03 0.000000000000000000e+00
1.253381871870687610e+04 2.365840127853948616e+03 0.000000000000000000e+00
1.253744327010120651e+04 2.365970692502589827e+03 0.000000000000000000e+00
1.254106784113994036e+04 2.366100710665890801e+03 0.000000000000000000e+00
1.254469242968784965e+04 2.366230239797662762e+03 0.000000000000000000e+00
1.254831712299355240e+04 2.366356803525516625e+03 0.000000000000000000e+00
1.255194178680665573e+04 2.366484209096814538e+03 0.000000000000000000e+00
1.255556645083674084e+04 2.366611608494870325e+03 0.000000000000000000e+00
1.255919114750743574e+04 2.366738075815062984e+03 0.000000000000000000e+00
1.256281587114154536e+04 2.366863767954601826e+03 0.000000000000000000e+00
1.256644064073982190e+04 2.366988127501972031e+03 0.000000000000000000e+00
1.257006547766734548e+04 2.367110508817841037e+03 0.000000000000000000e+00
1.257369034785207623e+04 2.367231901080651369e+03 0.000000000000000000e+00
1.257731528031639209e+04 2.367351419141065890e+03 0.000000000000000000e+00
1.258094027138649471e+04 2.367469146280195218e+03 0.000000000000000000e+00
1.258456529520241020e+04 2.367585860767995200e+03 0.000000000000000000e+00
1.258819038210012150e+04 2.367700599260499530e+03 0.000000000000000000e+00
1.259181550271591186e+04 2.367814267455678873e+03 0.000000000000000000e+00
1.259544065981320273e+04 2.367926766156047506e+03 0.000000000000000000e+00
1.259906585184312098e+04 2.368038133493436817e+03 0.000000000000000000e+00
1.260269105448219307e+04 2.368149154947579063e+03 0.000000000000000000e+00
1.260631627029009542e+04 2.368259745560896135e+03 0.000000000000000000e+00
1.260994146388544505e+04 2.368371061929200550e+03 0.000000000000000000e+00
1.261356669117094680e+04 2.368481275658278719e+03 0.000000000000000000e+00
1.261719195331614355e+04 2.368590336724757890e+03 0.000000000000000000e+00
1.262081724980951731e+04 2.368698249989708074e+03 0.000000000000000000e+00
1.262444260335520266e+04 2.368804229263183515e+03 0.000000000000000000e+00
1.262806800988496616e+04 2.368908380266874701e+03 0.000000000000000000e+00
1.263169346720535214e+04 2.369010748014109140e+03 0.000000000000000000e+00
1.263531897325015416e+04 2.369111375330123792e+03 0.000000000000000000e+00
1.263894452606412051e+04 2.369210303237008702e+03 0.000000000000000000e+00
1.264257012379784101e+04 2.369307570964735532e+03 0.000000000000000000e+00
1.264619574324530186e+04 2.369404025927331077e+03 0.000000000000000000e+00
1.264982140724020064e+04 2.369498791605288716e+03 0.000000000000000000e+00
1.265344711206007014e+04 2.369591982252845810e+03 0.000000000000000000e+00
1.265707285606837104e+04 2.369683635533659071e+03 0.000000000000000000e+00
1.266069863375106070e+04 2.369773946847022216e+03 0.000000000000000000e+00
1.266432444738590675e+04 2.369862803039713981e+03 0.000000000000000000e+00
1.266795027560846574e+04 2.369951061966266479e+03 0.000000000000000000e+00
1.267157609936502195e+04 2.370039504173421392e+03 0.000000000000000000e+00
1.267520197850113072e+04 2.370125646079271064e+03 0.000000000000000000e+00
1.267882786851907440e+04 2.370211328722774397e+03 0.000000000000000000e+00
1.268245377164014099e+04 2.370296455065673854e+03 0.000000000000000000e+00
1.268607970620077140e+04 2.370380231551866927e+03 0.000000000000000000e+00
1.268970565299075861e+04 2.370463477055060139e+03 0.000000000000000000e+00
1.269333163120148492e+04 2.370545342511489707e+03 0.000000000000000000e+00
1.269695764005869751e+04 2.370625839126549181e+03 0.000000000000000000e+00
1.270058364368901130e+04 2.370706570846290560e+03 0.000000000000000000e+00
1.270420967933567772e+04 2.370785851529416959e+03 0.000000000000000000e+00
1.270783574531244449e+04 2.370863732655212971e+03 0.000000000000000000e+00
1.271146179128554104e+04 2.370942539625790687e+03 0.000000000000000000e+00
1.271508780176142318e+04 2.371022963293994053e+03 0.000000000000000000e+00
1.271871377478981594e+04 2.371105057964833577e+03 0.000000000000000000e+00
1.272233975984417157e+04 2.371186619740237347e+03 0.000000000000000000e+00
1.272596575760891392e+04 2.371267614478983432e+03 0.000000000000000000e+00
1.272959176799518173e+04 2.371348042187514693e+03 0.000000000000000000e+00
1.273321777305919022e+04 2.371428709488197001e+03 0.000000000000000000e+00
1.273684379142068974e+04 2.371508776832903550e+03 0.000000000000000000e+00
1.274046980440341395e+04 2.371589087397184358e+03 0.000000000000000000e+00
1.274409583059205579e+04 2.371668799484752981e+03 0.000000000000000000e+00
1.274772188688573260e+04 2.371747130147375174e+03 0.000000000000000000e+00
1.275134798973936813e+04 2.371823274959908758e+03 0.000000000000000000e+00
1.275497415550457481e+04 2.371896362447666888e+03 0.000000000000000000e+00
1.275860038517037174e+04 2.371966207622957427e+03 0.000000000000000000e+00
1.276222669436262731e+04 2.372031794052842997e+03 0.000000000000000000e+00
1.276585309414186850e+04 2.372092164399339708e+03 0.000000000000000000e+00
1.276947960585858527e+04 2.372145387572223626e+03 0.000000000000000000e+00
1.277310620616454798e+04 2.372192186700486218e+03 0.000000000000000000e+00
1.277673288453735040e+04 2.372232484564698098e+03 0.000000000000000000e+00
1.278035962338400350e+04 2.372266912399354624e+03 0.000000000000000000e+00
1.278398640239182714e+04 2.372296811664070447e+03 0.000000000000000000e+00
1.278761320821145637e+04 2.372323259429956124e+03 0.000000000000000000e+00
1.279124002694021510e+04 2.372347873375971176e+03 0.000000000000000000e+00
1.279486685312406007e+04 2.372371363156720236e+03 0.000000000000000000e+00
1.279849368182924991e+04 2.372394460360619178e+03 0.000000000000000000e+00
1.280212050803715647e+04 2.372417946425948685e+03 0.000000000000000000e+00
1.280574732639327522e+04 2.372442615218751598e+03 0.000000000000000000e+00
1.280937412563828912e+04 2.372469949702214763e+03 0.000000000000000000e+00
1.281300090610025109e+04 2.372499672056550480e+03 0.000000000000000000e+00
1.281662766093190476e+04 2.372532372648283399e+03 0.000000000000000000e+00
1.282025438252699496e+04 2.372568572224533000e+03 0.000000000000000000e+00
1.282388107125504939e+04 2.372607927115234361e+03 0.000000000000000000e+00
1.282750770760820888e+04 2.372651844077272472e+03 0.000000000000000000e+00
1.283113426966699808e+04 2.372701518732417753e+03 0.000000000000000000e+00
1.283476073497870493e+04 2.372757815096432751e+03 0.000000000000000000e+00
1.283838708883958861e+04 2.372820883418708036e+03 0.000000000000000000e+00
1.284201331376963572e+04 2.372890974033804014e+03 0.000000000000000000e+00
1.284563938433630574e+04 2.372968641164262863e+03 0.000000000000000000e+00
1.284926528226823393e+04 2.373053988248941550e+03 0.000000000000000000e+00
1.285289102022134284e+04 2.373145880756819224e+03 0.000000000000000000e+00
1.285651658457534177e+04 2.373244384830993567e+03 0.000000000000000000e+00
1.286014200608249303e+04 2.373348013172180345e+03 0.000000000000000000e+00
1.286376732619674476e+04 2.373455129962731007e+03 0.000000000000000000e+00
1.286739258475089991e+04 2.373564310332490550e+03 0.000000000000000000e+00
1.287101780464308467e+04 2.373674766979786000e+03 0.000000000000000000e+00
1.287464300578501570e+04 2.373785837309598719e+03 0.000000000000000000e+00
1.287826820815908104e+04 2.373896867416729947e+03 0.000000000000000000e+00
1.288189343177261617e+04 2.374007201860528312e+03 0.000000000000000000e+00
1.288551867896727526e+04 2.374116758764609585e+03 0.000000000000000000e+00
1.288914397359729628e+04 2.374224734609867937e+03 0.000000000000000000e+00
1.289276933514857956e+04 2.374330439671690783e+03 0.000000000000000000e+00
1.289639478117364342e+04 2.374433206674978919e+03 0.000000000000000000e+00
1.290009906161132676e+04 2.374534641885590190e+03 0.000000000000000000e+00
1.290381860043499182e+04 2.374633191182319024e+03 0.000000000000000000e+00
1.290750321587542385e+04 2.374727738489062176e+03 0.000000000000000000e+00
1.291139659141535412e+04 2.374824760936175153e+03 0.000000000000000000e+00
1.291522384840817722e+04 2.374917292302364331e+03 0.000000000000000000e+00
1.291905117373432950e+04 2.375006952720758818e+03 0.000000000000000000e+00
1.292287858566294199e+04 2.375092836779537265e+03 0.000000000000000000e+00
1.292670606444458826e+04 2.375175687964702774e+03 0.000000000000000000e+00
1.293053361023854632e+04 2.375255383246806105e+03 0.000000000000000000e+00
1.293436122226134103e+04 2.375331831567870722e+03 0.000000000000000000e+00
1.293818888354252158e+04 2.375405772486124988e+03 0.000000000000000000e+00
1.294201658002060685e+04 2.375477868356236286e+03 0.000000000000000000e+00
1.294584431290043904e+04 2.375548004962195591e+03 0.000000000000000000e+00
1.294967206859884755e+04 2.375616884974861932e+03 0.000000000000000000e+00
1.295349981750650295e+04 2.375686141330367718e+03 0.000000000000000000e+00
1.295732752873666141e+04 2.375757449684415405e+03 0.000000000000000000e+00
1.296115516645263051e+04 2.375832600586810258e+03 0.000000000000000000e+00
1.296498267281098197e+04 2.375914167857334178e+03 0.000000000000000000e+00
1.296880999920955219e+04 2.376003782485885495e+03 0.000000000000000000e+00
1.297263710124782301e+04 2.376102515112254423e+03 0.000000000000000000e+00
1.297646392130176355e+04 2.376211631644435784e+03 0.000000000000000000e+00
1.298029040985885331e+04 2.376331812613395869e+03 0.000000000000000000e+00
1.298411651474261271e+04 2.376463644177542847e+03 0.000000000000000000e+00
1.298794214202451803e+04 2.376608675356193544e+03 0.000000000000000000e+00
1.299176736695436557e+04 2.376763956967838567e+03 0.000000000000000000e+00
1.299559214142765632e+04 2.376929964110158380e+03 0.000000000000000000e+00
1.299941650391375697e+04 2.377105205993694199e+03 0.000000000000000000e+00
1.300324044448894165e+04 2.377289424940303434e+03 0.000000000000000000e+00
1.300706385443918225e+04 2.377484346707281020e+03 0.000000000000000000e+00
1.301088683289015171e+04 2.377687555728409279e+03 0.000000000000000000e+00
1.301470945700171433e+04 2.377897324755047975e+03 0.000000000000000000e+00
1.301853170599769146e+04 2.378113821303737495e+03 0.000000000000000000e+00
1.302235319820667246e+04 2.378343289034673035e+03 0.000000000000000000e+00
1.302617442458174810e+04 2.378577141837246927e+03 0.000000000000000000e+00
1.302999534985011996e+04 2.378815863927474766e+03 0.000000000000000000e+00
1.303381590081432478e+04 2.379060503402533868e+03 0.000000000000000000e+00
1.303763507859539823e+04 2.379325718823263287e+03 0.000000000000000000e+00
1.304145412825745734e+04 2.379592772790785148e+03 0.000000000000000000e+00
1.304527317791951646e+04 2.379859826758307008e+03 0.000000000000000000e+00
1.304909222758157557e+04 2.380126880725828869e+03 0.000000000000000000e+00
1.305292060297367607e+04 2.380126880725828869e+03 0.000000000000000000e+00
1.305674897836577657e+04 2.380126880725828869e+03 0.000000000000000000e+00
1.306057735375787706e+04 2.380126880725828869e+03 0.000000000000000000e+00
1.306440572914997756e+04 2.380126880725828869e+03 0.000000000000000000e+00
1.306823410454207806e+04 2.380126880725828869e+03 0.000000000000000000e+00
1.307206247993417855e+04 2.380126880725828869e+03 0.000000000000000000e+00
1.307589085532627905e+04 2.380126880725828869e+03 0.000000000000000000e+00
1.307971923071837955e+04 2.380126880725828869e+03 0.000000000000000000e+00
1.308354760611048005e+04 2.380126880725828869e+03 0.000000000000000000e+00
1.308737598150258054e+04 2.380126880725828869e+03 0.000000000000000000e+00
1.309120435689468104e+04 2.380126880725828869e+03 0.000000000000000000e+00
1.309398955504345759e+04 2.380126880725828869e+03 0.000000000000000000e+00
1.309705723403402953e+04 2.380126880725828869e+03 0.000000000000000000e+00
1.310041639575370937e+04 2.380126880725828869e+03 0.000000000000000000e+00
1.310316240022187230e+04 2.380126880725828869e+03 0.000000000000000000e+00
1.310572465851886227e+04 2.380126880725828869e+03 0.000000000000000000e+00
1.310827308657098183e+04 2.380126880725828869e+03 0.000000000000000000e+00
1.311124470636674778e+04 2.380126880725828869e+03 0.000000000000000000e+00
1.311451542431253802e+04 2.380126880725828869e+03 0.000000000000000000e+00
1.311814237821912866e+04 2.380126880725828869e+03 0.000000000000000000e+00
1.312176933212571930e+04 2.380126880725828869e+03 0.000000000000000000e+00
1.312539628603230994e+04 2.380126880725828869e+03 0.000000000000000000e+00
1.312850456208897594e+04 2.380126880725828869e+03 0.000000000000000000e+00
1.313194518892700944e+04 2.380126880725828869e+03 0.000000000000000000e+00
1.313538581576504293e+04 2.380126880725828869e+03 0.000000000000000000e+00
1.313902843912227763e+04 2.380126880725828869e+03 0.000000000000000000e+00
1.314267106247951233e+04 2.380126880725828869e+03 0.000000000000000000e+00
1.314631368583674703e+04 2.380126880725828869e+03 0.000000000000000000e+00
1.314995630919398172e+04 2.380126880725828869e+03 0.000000000000000000e+00
1.315359893255121642e+04 2.380126880725828869e+03 0.000000000000000000e+00
1.315724155590845112e+04 2.380126880725828869e+03 0.000000000000000000e+00
1.316088417926568582e+04 2.380126880725828869e+03 0.000000000000000000e+00
1.316452680262292051e+04 2.380126880725828869e+03 0.000000000000000000e+00
1.316816942598015521e+04 2.380126880725828869e+03 0.000000000000000000e+00
1.317181204933738991e+04 2.380126880725828869e+03 0.000000000000000000e+00
1.317545467269462461e+04 2.380126880725828869e+03 0.000000000000000000e+00
1.317909729605185930e+04 2.380126880725828869e+03 0.000000000000000000e+00
1.318273991940909400e+04 2.380126880725828869e+03 0.000000000000000000e+00
1.318638254276632870e+04 2.380126880725828869e+03 0.000000000000000000e+00
1.319002516612356339e+04 2.380126880725828869e+03 0.000000000000000000e+00
1.319366778948079809e+04 2.380126880725828869e+03 0.000000000000000000e+00
1.319731041283803279e+04 2.380126880725828869e+03 0.000000000000000000e+00
1.320095303619526749e+04 2.380126880725828869e+03 0.000000000000000000e+00
1.320459565955250218e+04 2.380126880725828869e+03 0.000000000000000000e+00
1.320827208241689368e+04 2.380126880725828869e+03 0.000000000000000000e+00
1.321194850528128518e+04 2.380126880725828869e+03 0.000000000000000000e+00
1.321562492814567668e+04 2.380126880725828869e+03 0.000000000000000000e+00
1.321930135101006817e+04 2.380126880725828869e+03 0.000000000000000000e+00
1.322297777387445967e+04 2.380126880725828869e+03 0.000000000000000000e+00
1.322665419673885117e+04 2.380126880725828869e+03 0.000000000000000000e+00
1.323033061960324267e+04 2.380126880725828869e+03 0.000000000000000000e+00
1.323400704246763416e+04 2.380126880725828869e+03 0.000000000000000000e+00
1.323768346533202566e+04 2.380126880725828869e+03 0.000000000000000000e+00
1.324135988819641716e+04 2.380126880725828869e+03 0.000000000000000000e+00
1.324503631106080866e+04 2.380126880725828869e+03 0.000000000000000000e+00
1.324858328492842156e+04 2.380126880725828869e+03 0.000000000000000000e+00
1.325212878073828142e+04 2.380126880725828869e+03 0.000000000000000000e+00
1.325572263277059574e+04 2.380126880725828869e+03 0.000000000000000000e+00
1.325951649342424571e+04 2.380126880725828869e+03 0.000000000000000000e+00
1.326331035407789568e+04 2.380126880725828869e+03 0.000000000000000000e+00
1.326701589301056447e+04 2.380126880725828869e+03 0.000000000000000000e+00
1.327061632095434288e+04 2.380126880725828869e+03 0.000000000000000000e+00
1.327384370045289324e+04 2.380126880725828869e+03 0.000000000000000000e+00
1.327731900189800217e+04 2.380126880725828869e+03 0.000000000000000000e+00
1.328088519393787828e+04 2.380126880725828869e+03 0.000000000000000000e+00
1.328468725728042227e+04 2.380126880725828869e+03 0.000000000000000000e+00
1.328848932062296626e+04 2.380126880725828869e+03 0.000000000000000000e+00
1.329221315755909563e+04 2.380126880725828869e+03 0.000000000000000000e+00
1.329564315012335828e+04 2.380126880725828869e+03 0.000000000000000000e+00
1.329907314268762093e+04 2.380126880725828869e+03 0.000000000000000000e+00
1.330292861524318505e+04 2.380126880725828869e+03 0.000000000000000000e+00
1.330645464696822091e+04 2.380126880725828869e+03 0.000000000000000000e+00
1.331007689361035591e+04 2.380126880725828869e+03 0.000000000000000000e+00
1.331373653365865539e+04 2.380126880725828869e+03 0.000000000000000000e+00
1.331755842169832431e+04 2.380126880725828869e+03 0.000000000000000000e+00
1.332143021968489302e+04 2.380126880725828869e+03 0.000000000000000000e+00
1.332530201767146173e+04 2.380126880725828869e+03 0.000000000000000000e+00
1.332917381565803043e+04 2.380126880725828869e+03 0.000000000000000000e+00
1.333304561364459914e+04 2.380126880725828869e+03 0.000000000000000000e+00
1.333691741163116785e+04 2.380126880725828869e+03 0.000000000000000000e+00
1.334078920961773656e+04 2.380126880725828869e+03 0.000000000000000000e+00
1.334466100760430527e+04 2.380126880725828869e+03 0.000000000000000000e+00
1.334853280559087398e+04 2.380126880725828869e+03 0.000000000000000000e+00
1.335240460357744269e+04 2.380126880725828869e+03 0.000000000000000000e+00
1.335627640156401139e+04 2.380126880725828869e+03 0.000000000000000000e+00
1.336014819955058010e+04 2.380126880725828869e+03 0.000000000000000000e+00
1.336401999753714881e+04 2.380126880725828869e+03 0.000000000000000000e+00
1.336775601120468673e+04 2.380126880725828869e+03 0.000000000000000000e+00
1.337149202487222465e+04 2.380126880725828869e+03 0.000000000000000000e+00
1.337522803853976257e+04 2.380126880725828869e+03 0.000000000000000000e+00
1.337896405220730048e+04 2.380126880725828869e+03 0.000000000000000000e+00
1.338270006587483840e+04 2.380126880725828869e+03 0.000000000000000000e+00
1.338643607954237632e+04 2.380126880725828869e+03 0.000000000000000000e+00
1.339017209320991424e+04 2.380126880725828869e+03 0.000000000000000000e+00
1.339390810687745216e+04 2.380126880725828869e+03 0.000000000000000000e+00
1.339764412054499007e+04 2.380126880725828869e+03 0.000000000000000000e+00
1.340138013421252799e+04 2.380126880725828869e+03 0.000000000000000000e+00
1.340511614788006591e+04 2.380126880725828869e+03 0.000000000000000000e+00
1.340885216154760383e+04 2.380126880725828869e+03 0.000000000000000000e+00
1.341258817521514175e+04 2.380126880725828869e+03 0.000000000000000000e+00
1.341632418888267966e+04 2.380126880725828869e+03 0.000000000000000000e+00
1.342006020255021758e+04 2.380126880725828869e+03 0.000000000000000000e+00
1.342283952965894969e+04 2.380126880725828869e+03 0.000000000000000000e+00
1.342544634348384170e+04 2.380126880725828869e+03 0.000000000000000000e+00
1.342826545119864022e+04 2.380126880725828869e+03 0.000000000000000000e+00
1.343124360276117841e+04 2.380126880725828869e+03 0.000000000000000000e+00
1.343377461079293971e+04 2.380126880725828869e+03 0.000000000000000000e+00
1.343624012208356726e+04 2.380126880725828869e+03 0.000000000000000000e+00
1.343887316464114883e+04 2.380126880725828869e+03 0.000000000000000000e+00
1.344168463148939190e+04 2.380126880725828869e+03 0.000000000000000000e+00
1.344472227513901635e+04 2.380126880725828869e+03 0.000000000000000000e+00
1.344786038739410833e+04 2.380126880725828869e+03 0.000000000000000000e+00
1.345107316862288462e+04 2.380126880725828869e+03 0.000000000000000000e+00
1.345363254001762107e+04 2.380126880725828869e+03 0.000000000000000000e+00
1.345631680223168769e+04 2.380126880725828869e+03 0.000000000000000000e+00
1.345934792905244103e+04 2.380126880725828869e+03 0.000000000000000000e+00
1.346240522455703831e+04 2.380126880725828869e+03 0.000000000000000000e+00
1.346497961499040503e+04 2.380126880725828869e+03 0.000000000000000000e+00
1.346770204375124740e+04 2.380126880725828869e+03 0.000000000000000000e+00
1.347042996891425173e+04 2.380126880725828869e+03 0.000000000000000000e+00
1.347322324189080973e+04 2.380126880725828869e+03 0.000000000000000000e+00
1.347632056089338948e+04 2.380126880725828869e+03 0.000000000000000000e+00
1.347920677139111103e+04 2.380126880725828869e+03 0.000000000000000000e+00
1.348174155926878120e+04 2.380126880725828869e+03 0.000000000000000000e+00
1.348437272387858866e+04 2.380126880725828869e+03 0.000000000000000000e+00
1.348739007167648560e+04 2.380126880725828869e+03 0.000000000000000000e+00
1.349083149180163673e+04 2.380126880725828869e+03 0.000000000000000000e+00
1.349437845034854217e+04 2.380126880725828869e+03 0.000000000000000000e+00
1.349792540889544762e+04 2.380126880725828869e+03 0.000000000000000000e+00
1.350147236744235306e+04 2.380126880725828869e+03 0.000000000000000000e+00
1.350501932598925850e+04 2.380126880725828869e+03 0.000000000000000000e+00
1.350856628453616395e+04 2.380126880725828869e+03 0.000000000000000000e+00
1.351211324308306939e+04 2.380126880725828869e+03 0.000000000000000000e+00
1.351566020162997484e+04 2.380126880725828869e+03 0.000000000000000000e+00
1.351920716017688028e+04 2.380126880725828869e+03 0.000000000000000000e+00
1.352307288948541282e+04 2.380126880725828869e+03 0.000000000000000000e+00
1.352685951560469948e+04 2.380126880725828869e+03 0.000000000000000000e+00
1.353064614172398615e+04 2.380126880725828869e+03 0.000000000000000000e+00
1.353443276784327281e+04 2.380126880725828869e+03 0.000000000000000000e+00
1.353821939396255948e+04 2.380126880725828869e+03 0.000000000000000000e+00
1.354200602008184615e+04 2.380126880725828869e+03 0.000000000000000000e+00
1.354579264620113281e+04 2.380126880725828869e+03 0.000000000000000000e+00
1.354957927232041948e+04 2.380126880725828869e+03 0.000000000000000000e+00
1.355336589843970614e+04 2.380126880725828869e+03 0.000000000000000000e+00
1.355593545229974370e+04 2.380126880725828869e+03 0.000000000000000000e+00
1.355878690895303407e+04 2.380126880725828869e+03 0.000000000000000000e+00
1.356252912997007115e+04 2.380126880725828869e+03 0.000000000000000000e+00
1.356608882328204345e+04 2.380126880725828869e+03 0.000000000000000000e+00
1.356953262105353133e+04 2.380126880725828869e+03 0.000000000000000000e+00
1.357255094819407896e+04 2.380126880725828869e+03 0.000000000000000000e+00
1.357580562971590734e+04 2.380126880725828869e+03 0.000000000000000000e+00
1.357923328825319004e+04 2.380126880725828869e+03 0.000000000000000000e+00
1.358296084933380007e+04 2.380126880725828869e+03 0.000000000000000000e+00
1.358621706698089110e+04 2.380126880725828869e+03 0.000000000000000000e+00
1.358933975662599914e+04 2.380126880725828869e+03 0.000000000000000000e+00
1.359240686621225905e+04 2.380126880725828869e+03 0.000000000000000000e+00
1.359547397579851895e+04 2.380126880725828869e+03 0.000000000000000000e+00
1.359895484386173484e+04 2.380126880725828869e+03 0.000000000000000000e+00
1.360273960262571927e+04 2.380126880725828869e+03 0.000000000000000000e+00
1.360652436138970370e+04 2.380126880725828869e+03 0.000000000000000000e+00
1.361030912015368813e+04 2.380126880725828869e+03 0.000000000000000000e+00
1.361409387891767255e+04 2.380126880725828869e+03 0.000000000000000000e+00
1.361787863768165698e+04 2.380126880725828869e+03 0.000000000000000000e+00
1.362166339644564141e+04 2.380126880725828869e+03 0.000000000000000000e+00
1.362536597225036712e+04 2.380126880725828869e+03 0.000000000000000000e+00
1.362906854805509283e+04 2.380126880725828869e+03 0.000000000000000000e+00
1.363277112385981854e+04 2.380126880725828869e+03 0.000000000000000000e+00
1.363647369966454426e+04 2.380126880725828869e+03 0.000000000000000000e+00
1.364017627546926997e+04 2.380126880725828869e+03 0.000000000000000000e+00
1.364387885127399568e+04 2.380126880725828869e+03 0.000000000000000000e+00
1.364758142707872139e+04 2.380126880725828869e+03 0.000000000000000000e+00
1.365128400288344710e+04 2.380126880725828869e+03 0.000000000000000000e+00
1.365498657868817281e+04 2.380126880725828869e+03 0.000000000000000000e+00
1.365840550046870158e+04 2.380126880725828869e+03 0.000000000000000000e+00
1.366175885879646557e+04 2.380126880725828869e+03 0.000000000000000000e+00
1.366551827435268024e+04 2.380126880725828869e+03 0.000000000000000000e+00
1.366927768990889490e+04 2.380126880725828869e+03 0.000000000000000000e+00
1.367286365573542389e+04 2.380126880725828869e+03 0.000000000000000000e+00
1.367644962156195288e+04 2.380126880725828869e+03 0.000000000000000000e+00
1.368003558738848187e+04 2.380126880725828869e+03 0.000000000000000000e+00
1.368362155321501086e+04 2.380126880725828869e+03 0.000000000000000000e+00
1.368720751904153985e+04 2.380126880725828869e+03 0.000000000000000000e+00
1.369079348486806884e+04 2.380126880725828869e+03 0.000000000000000000e+00
1.369437945069459784e+04 2.380126880725828869e+03 0.000000000000000000e+00
1.369796541652112683e+04 2.380126880725828869e+03 0.000000000000000000e+00
1.370155138234765582e+04 2.380126880725828869e+03 0.000000000000000000e+00
1.370513734817418481e+04 2.380126880725828869e+03 0.000000000000000000e+00
1.370866663862765199e+04 2.380126880725828869e+03 0.000000000000000000e+00
1.371240530690652486e+04 2.380126880725828869e+03 0.000000000000000000e+00
1.371614397518539772e+04 2.380126880725828869e+03 0.000000000000000000e+00
1.371988264346427059e+04 2.380126880725828869e+03 0.000000000000000000e+00
1.372358058740488377e+04 2.380126880725828869e+03 0.000000000000000000e+00
1.372727853134549696e+04 2.380126880725828869e+03 0.000000000000000000e+00
1.373097647528611014e+04 2.380126880725828869e+03 0.000000000000000000e+00
1.373467441922672333e+04 2.380126880725828869e+03 0.000000000000000000e+00
1.373837236316733652e+04 2.380126880725828869e+03 0.000000000000000000e+00
1.374207030710794970e+04 2.380126880725828869e+03 0.000000000000000000e+00
1.374577856840626555e+04 2.380126880725828869e+03 0.000000000000000000e+00
1.374899998117839823e+04 2.380126880725828869e+03 0.000000000000000000e+00
1.375207667873752507e+04 2.380126880725828869e+03 0.000000000000000000e+00
1.375518330469795910e+04 2.380126880725828869e+03 0.000000000000000000e+00
1.375858635283930380e+04 2.380126880725828869e+03 0.000000000000000000e+00
1.376206901515061509e+04 2.380126880725828869e+03 0.000000000000000000e+00
1.376555167746192637e+04 2.380126880725828869e+03 0.000000000000000000e+00
1.376908967623356511e+04 2.380126880725828869e+03 0.000000000000000000e+00
1.377168785365457188e+04 2.380126880725828869e+03 0.000000000000000000e+00
1.377446653499327294e+04 2.380126880725828869e+03 0.000000000000000000e+00
1.377764173656047024e+04 2.380126880725828869e+03 0.000000000000000000e+00
1.378105595396491117e+04 2.380126880725828869e+03 0.000000000000000000e+00
1.378454944769882059e+04 2.380126880725828869e+03 0.000000000000000000e+00
1.378815985183092380e+04 2.380126880725828869e+03 0.000000000000000000e+00
1.379177025596302701e+04 2.380126880725828869e+03 0.000000000000000000e+00
1.379538066009513022e+04 2.380126880725828869e+03 0.000000000000000000e+00
1.379899106422723344e+04 2.380126880725828869e+03 0.000000000000000000e+00
1.380260146835933665e+04 2.380126880725828869e+03 0.000000000000000000e+00
1.380614648801922885e+04 2.380126880725828869e+03 0.000000000000000000e+00
1.380969150767912106e+04 2.380126880725828869e+03 0.000000000000000000e+00
1.381323652733901326e+04 2.380126880725828869e+03 0.000000000000000000e+00
1.381678154699890547e+04 2.380126880725828869e+03 0.000000000000000000e+00
1.382032656665879767e+04 2.380126880725828869e+03 0.000000000000000000e+00
1.382387158631868988e+04 2.380126880725828869e+03 0.000000000000000000e+00
1.382741660597858208e+04 2.380126880725828869e+03 0.000000000000000000e+00
1.383096162563847429e+04 2.380126880725828869e+03 0.000000000000000000e+00
1.383450664529836649e+04 2.380126880725828869e+03 0.000000000000000000e+00
1.383824385505013379e+04 2.380126880725828869e+03 0.000000000000000000e+00
1.384195824363013162e+04 2.380126880725828869e+03 0.000000000000000000e+00
1.384567263221012945e+04 2.380126880725828869e+03 0.000000000000000000e+00
1.384938702079012728e+04 2.380126880725828869e+03 0.000000000000000000e+00
1.385323157828289550e+04 2.380126880725828869e+03 0.000000000000000000e+00
1.385657189054999799e+04 2.380126880725828869e+03 0.000000000000000000e+00
1.386000596887302891e+04 2.380126880725828869e+03 0.000000000000000000e+00
1.386325938103293083e+04 2.380126880725828869e+03 0.000000000000000000e+00
1.386697004961037237e+04 2.380126880725828869e+03 0.000000000000000000e+00
1.387068071818781391e+04 2.380126880725828869e+03 0.000000000000000000e+00
1.387439138676525545e+04 2.380126880725828869e+03 0.000000000000000000e+00
1.387810205534269699e+04 2.380126880725828869e+03 0.000000000000000000e+00
1.388181272392013852e+04 2.380126880725828869e+03 0.000000000000000000e+00
1.388552339249758006e+04 2.380126880725828869e+03 0.000000000000000000e+00
1.388923406107502160e+04 2.380126880725828869e+03 0.000000000000000000e+00
1.389278592574244612e+04 2.380126880725828869e+03 0.000000000000000000e+00
1.389601578119189980e+04 2.380126880725828869e+03 0.000000000000000000e+00
1.389930960723232238e+04 2.380126880725828869e+03 0.000000000000000000e+00
1.390304682717691867e+04 2.380126880725828869e+03 0.000000000000000000e+00
1.390692310172618454e+04 2.380126880725828869e+03 0.000000000000000000e+00
1.391045459228185064e+04 2.380126880725828869e+03 0.000000000000000000e+00
1.391391525961586740e+04 2.380126880725828869e+03 0.000000000000000000e+00
1.391700759610054229e+04 2.380126880725828869e+03 0.000000000000000000e+00
1.392035461921558453e+04 2.380126880725828869e+03 0.000000000000000000e+00
1.392359109881349286e+04 2.380126880725828869e+03 0.000000000000000000e+00
1.392667680989275141e+04 2.380126880725828869e+03 0.000000000000000000e+00
1.393021291433007536e+04 2.380126880725828869e+03 0.000000000000000000e+00
1.393341973912347385e+04 2.380126880725828869e+03 0.000000000000000000e+00
1.393646178086529108e+04 2.380126880725828869e+03 0.000000000000000000e+00
1.393989365649771389e+04 2.380126880725828869e+03 0.000000000000000000e+00
1.394322499268203319e+04 2.380126880725828869e+03 0.000000000000000000e+00
1.394686486631933076e+04 2.380126880725828869e+03 0.000000000000000000e+00
1.395024997363620241e+04 2.380126880725828869e+03 0.000000000000000000e+00
1.395362736585516541e+04 2.380126880725828869e+03 0.000000000000000000e+00
1.395689267475838096e+04 2.380126880725828869e+03 0.000000000000000000e+00
1.395969160966134041e+04 2.380126880725828869e+03 0.000000000000000000e+00
1.396270015495270673e+04 2.380126880725828869e+03 0.000000000000000000e+00
1.396598635758438104e+04 2.380126880725828869e+03 0.000000000000000000e+00
1.396972238961636322e+04 2.380126880725828869e+03 0.000000000000000000e+00
1.397345842164834539e+04 2.380126880725828869e+03 0.000000000000000000e+00
1.397719445368032757e+04 2.380126880725828869e+03 0.000000000000000000e+00
1.398093048571230975e+04 2.380126880725828869e+03 0.000000000000000000e+00
1.398470609653770043e+04 2.380126880725828869e+03 0.000000000000000000e+00
1.398760149676598667e+04 2.380126880725828869e+03 0.000000000000000000e+00
1.399067082529472464e+04 2.380126880725828869e+03 0.000000000000000000e+00
1.399370215485298650e+04 2.380126880725828869e+03 0.000000000000000000e+00
1.399698990861860875e+04 2.380126880725828869e+03 0.000000000000000000e+00
1.399986140222684844e+04 2.380126880725828869e+03 0.000000000000000000e+00
1.400264847191116314e+04 2.380126880725828869e+03 0.000000000000000000e+00
1.400532388537647057e+04 2.380126880725828869e+03 0.000000000000000000e+00
1.400832603970728451e+04 2.380126880725828869e+03 0.000000000000000000e+00
1.401210135882665963e+04 2.380126880725828869e+03 0.000000000000000000e+00
1.401587667794603476e+04 2.380126880725828869e+03 0.000000000000000000e+00
1.401965199706540989e+04 2.380126880725828869e+03 0.000000000000000000e+00
1.402279246266956943e+04 2.380126880725828869e+03 0.000000000000000000e+00
1.402596826354917357e+04 2.380126880725828869e+03 0.000000000000000000e+00
1.402907214068299982e+04 2.380126880725828869e+03 0.000000000000000000e+00
1.403176556662655094e+04 2.380126880725828869e+03 0.000000000000000000e+00
1.403415339890531686e+04 2.380126880725828869e+03 0.000000000000000000e+00
1.403681678840464338e+04 2.380126880725828869e+03 0.000000000000000000e+00
1.403927592536912562e+04 2.380126880725828869e+03 0.000000000000000000e+00
1.404211966869148273e+04 2.380126880725828869e+03 0.000000000000000000e+00
1.404507137948925629e+04 2.380126880725828869e+03 0.000000000000000000e+00
1.404830200077883819e+04 2.380126880725828869e+03 0.000000000000000000e+00
1.405153262206842010e+04 2.380126880725828869e+03 0.000000000000000000e+00
1.405476324335800200e+04 2.380126880725828869e+03 0.000000000000000000e+00
1.405799386464758391e+04 2.380126880725828869e+03 0.000000000000000000e+00
1.406122448593716581e+04 2.380126880725828869e+03 0.000000000000000000e+00
1.406467822583604175e+04 2.380126880725828869e+03 0.000000000000000000e+00
1.406813458011307011e+04 2.380126880725828869e+03 0.000000000000000000e+00
1.407171611752993522e+04 2.380126880725828869e+03 0.000000000000000000e+00
1.407529765494680032e+04 2.380126880725828869e+03 0.000000000000000000e+00
1.407887919236366542e+04 2.380126880725828869e+03 0.000000000000000000e+00
1.408265982453172001e+04 2.380126880725828869e+03 0.000000000000000000e+00
1.408644045669977459e+04 2.380126880725828869e+03 0.000000000000000000e+00
1.409022438932457590e+04 2.380126880725828869e+03 0.000000000000000000e+00
1.409400832194937720e+04 2.380126880725828869e+03 0.000000000000000000e+00
1.409779225457417851e+04 2.380126880725828869e+03 0.000000000000000000e+00
1.410157618719897982e+04 2.380126880725828869e+03 0.000000000000000000e+00
1.410535317954090351e+04 2.380126880725828869e+03 0.000000000000000000e+00
1.410857646323829249e+04 2.380126880725828869e+03 0.000000000000000000e+00
1.411222725189732409e+04 2.380126880725828869e+03 0.000000000000000000e+00
1.411583378046188773e+04 2.380126880725828869e+03 0.000000000000000000e+00
1.411944030902645136e+04 2.380126880725828869e+03 0.000000000000000000e+00
1.412304683759101499e+04 2.380126880725828869e+03 0.000000000000000000e+00
1.412665336615557862e+04 2.380126880725828869e+03 0.000000000000000000e+00
1.413025674649177927e+04 2.380126880725828869e+03 0.000000000000000000e+00
1.413390522367689846e+04 2.380126880725828869e+03 0.000000000000000000e+00
1.413755370086201765e+04 2.380126880725828869e+03 0.000000000000000000e+00
1.414133339746283673e+04 2.380126880725828869e+03 0.000000000000000000e+00
1.414459090046890196e+04 2.380126880725828869e+03 0.000000000000000000e+00
1.414806590696081003e+04 2.380126880725828869e+03 0.000000000000000000e+00
1.415154091345271809e+04 2.380126880725828869e+03 0.000000000000000000e+00
1.415501591994462615e+04 2.380126880725828869e+03 0.000000000000000000e+00
1.415849092643653421e+04 2.380126880725828869e+03 0.000000000000000000e+00
1.416196593292844227e+04 2.380126880725828869e+03 0.000000000000000000e+00
1.416544093942035033e+04 2.380126880725828869e+03 0.000000000000000000e+00
1.416925347916782266e+04 2.380126880725828869e+03 0.000000000000000000e+00
1.417306601891529499e+04 2.380126880725828869e+03 0.000000000000000000e+00
1.417687855866276732e+04 2.380126880725828869e+03 0.000000000000000000e+00
1.417972010544709337e+04 2.380126880725828869e+03 0.000000000000000000e+00
1.418286570875462530e+04 2.380126880725828869e+03 0.000000000000000000e+00
1.418589187049645079e+04 2.380126880725828869e+03 0.000000000000000000e+00
1.418875158784798623e+04 2.380126880725828869e+03 0.000000000000000000e+00
1.419176169416980883e+04 2.380126880725828869e+03 0.000000000000000000e+00
1.419456021756688460e+04 2.380126880725828869e+03 0.000000000000000000e+00
1.419736775297883651e+04 2.380126880725828869e+03 0.000000000000000000e+00
1.419987955773226349e+04 2.380126880725828869e+03 0.000000000000000000e+00
1.420246399254244898e+04 2.380126880725828869e+03 0.000000000000000000e+00
1.420557536930483911e+04 2.380126880725828869e+03 0.000000000000000000e+00
1.420866137047365555e+04 2.380126880725828869e+03 0.000000000000000000e+00
1.421122146190464628e+04 2.380126880725828869e+03 0.000000000000000000e+00
1.421398078416193857e+04 2.380126880725828869e+03 0.000000000000000000e+00
1.421665620339543784e+04 2.380126880725828869e+03 0.000000000000000000e+00
1.421931824431113819e+04 2.380126880725828869e+03 0.000000000000000000e+00
1.422205091462550809e+04 2.380126880725828869e+03 0.000000000000000000e+00
1.422429244379412921e+04 2.380126880725828869e+03 0.000000000000000000e+00
1.422698796162200415e+04 2.380126880725828869e+03 0.000000000000000000e+00
1.422985058211842443e+04 2.380126880725828869e+03 0.000000000000000000e+00
1.423234794274784508e+04 2.380126880725828869e+03 0.000000000000000000e+00
1.423458220473791880e+04 2.380126880725828869e+03 0.000000000000000000e+00
1.423694019749130530e+04 2.380126880725828869e+03 0.000000000000000000e+00
1.423943937923970407e+04 2.380126880725828869e+03 0.000000000000000000e+00
1.424236538473006840e+04 2.380126880725828869e+03 0.000000000000000000e+00
1.424532941228878371e+04 2.380126880725828869e+03 0.000000000000000000e+00
1.424838454109115810e+04 2.380126880725828869e+03 0.000000000000000000e+00
1.425117268248741493e+04 2.380126880725828869e+03 0.000000000000000000e+00
1.425427680959907048e+04 2.380126880725828869e+03 0.000000000000000000e+00
1.425698220119162761e+04 2.380126880725828869e+03 0.000000000000000000e+00
1.425963368885863201e+04 2.380126880725828869e+03 0.000000000000000000e+00
1.426241507666168582e+04 2.380126880725828869e+03 0.000000000000000000e+00
1.426518946987297568e+04 2.380126880725828869e+03 0.000000000000000000e+00
1.426805942438227430e+04 2.380126880725828869e+03 0.000000000000000000e+00
1.427154624544492071e+04 2.380126880725828869e+03 0.000000000000000000e+00
1.427459431366480749e+04 2.380126880725828869e+03 0.000000000000000000e+00
1.427783617835791483e+04 2.380126880725828869e+03 0.000000000000000000e+00
1.428051051710751562e+04 2.380126880725828869e+03 0.000000000000000000e+00
1.428336214754479442e+04 2.380126880725828869e+03 0.000000000000000000e+00
1.428619105643792318e+04 2.380126880725828869e+03 0.000000000000000000e+00
1.428876915356313839e+04 2.380126880725828869e+03 0.000000000000000000e+00
1.429169786413288421e+04 2.380126880725828869e+03 0.000000000000000000e+00
1.429462657470263002e+04 2.380126880725828869e+03 0.000000000000000000e+00
1.429764632444593735e+04 2.380126880725828869e+03 0.000000000000000000e+00
1.430025179992402809e+04 2.380126880725828869e+03 0.000000000000000000e+00
1.430224517357526565e+04 2.380126880725828869e+03 0.000000000000000000e+00
1.430431476508596825e+04 2.380126880725828869e+03 0.000000000000000000e+00
1.430684441582871295e+04 2.380126880725828869e+03 0.000000000000000000e+00
1.430996118779337849e+04 2.380126880725828869e+03 0.000000000000000000e+00
1.431268003564508035e+04 2.380126880725828869e+03 0.000000000000000000e+00
1.431518845777026036e+04 2.380126880725828869e+03 0.000000000000000000e+00
1.431807537018320181e+04 2.380126880725828869e+03 0.000000000000000000e+00
1.432152348360246287e+04 2.380126880725828869e+03 0.000000000000000000e+00
1.432539047008385751e+04 2.380126880725828869e+03 0.000000000000000000e+00
1.432925745656525214e+04 2.380126880725828869e+03 0.000000000000000000e+00
1.433312444304664677e+04 2.380126880725828869e+03 0.000000000000000000e+00
1.433676610597896797e+04 2.380126880725828869e+03 0.000000000000000000e+00
1.434057535201874998e+04 2.380126880725828869e+03 0.000000000000000000e+00
1.434438459805853199e+04 2.380126880725828869e+03 0.000000000000000000e+00
1.434819384409831400e+04 2.380126880725828869e+03 0.000000000000000000e+00
1.435200309013809601e+04 2.380126880725828869e+03 0.000000000000000000e+00
1.435581233617787802e+04 2.380126880725828869e+03 0.000000000000000000e+00
1.435962158221766003e+04 2.380126880725828869e+03 0.000000000000000000e+00
1.436343082825744204e+04 2.380126880725828869e+03 0.000000000000000000e+00
1.436724007429722406e+04 2.380126880725828869e+03 0.000000000000000000e+00
1.437104932033700607e+04 2.380126880725828869e+03 0.000000000000000000e+00
1.437485856637678808e+04 2.380126880725828869e+03 0.000000000000000000e+00
1.437866781241657009e+04 2.380126880725828869e+03 0.000000000000000000e+00
1.438247705845635210e+04 2.380126880725828869e+03 0.000000000000000000e+00
1.438628630449613411e+04 2.380126880725828869e+03 0.000000000000000000e+00
1.439009555053591612e+04 2.380126880725828869e+03 0.000000000000000000e+00
1.439390479657569813e+04 2.380126880725828869e+03 0.000000000000000000e+00
1.439771404261548014e+04 2.380126880725828869e+03 0.000000000000000000e+00
1.440152328865526215e+04 2.380126880725828869e+03 0.000000000000000000e+00
1.440533253469504416e+04 2.380126880725828869e+03 0.000000000000000000e+00
1.440914178073482617e+04 2.380126880725828869e+03 0.000000000000000000e+00
1.441295102677460818e+04 2.380126880725828869e+03 0.000000000000000000e+00
1.441676027281439019e+04 2.380126880725828869e+03 0.000000000000000000e+00
1.442056951885417220e+04 2.380126880725828869e+03 0.000000000000000000e+00
1.442437876489395421e+04 2.380126880725828869e+03 0.000000000000000000e+00
1.442818801093373622e+04 2.380126880725828869e+03 0.000000000000000000e+00
1.443199725697351823e+04 2.380126880725828869e+03 0.000000000000000000e+00
1.443580650301330024e+04 2.380126880725828869e+03 0.000000000000000000e+00
1.443961574905308225e+04 2.380126880725828869e+03 0.000000000000000000e+00
1.444342499509286426e+04 2.380126880725828869e+03 0.000000000000000000e+00
1.444723424113264628e+04 2.380126880725828869e+03 0.000000000000000000e+00
1.445104348717242829e+04 2.380126880725828869e+03 0.000000000000000000e+00
1.445485273321221030e+04 2.380126880725828869e+03 0.000000000000000000e+00
1.445866197925199231e+04 2.380126880725828869e+03 0.000000000000000000e+00
1.446229207424263950e+04 2.380126880725828869e+03 0.000000000000000000e+00
1.446585430288453244e+04 2.380126880725828869e+03 0.000000000000000000e+00
1.446941653152642539e+04 2.380126880725828869e+03 0.000000000000000000e+00
1.447297876016831833e+04 2.380126880725828869e+03 0.000000000000000000e+00
1.447654098881021127e+04 2.380126880725828869e+03 0.000000000000000000e+00
1.448010321745210422e+04 2.380126880725828869e+03 0.000000000000000000e+00
1.448366544609399716e+04 2.380126880725828869e+03 0.000000000000000000e+00
1.448722767473589010e+04 2.380126880725828869e+03 0.000000000000000000e+00
1.449078990337778305e+04 2.380126880725828869e+03 0.000000000000000000e+00
1.449435213201967599e+04 2.380126880725828869e+03 0.000000000000000000e+00
1.449791436066156894e+04 2.380126880725828869e+03 0.000000000000000000e+00
1.450147658930346188e+04 2.380126880725828869e+03 0.000000000000000000e+00
1.450503881794535482e+04 2.380126880725828869e+03 0.000000000000000000e+00
1.450877464875549413e+04 2.380126880725828869e+03 0.000000000000000000e+00
1.451251047956563343e+04 2.380126880725828869e+03 0.000000000000000000e+00
1.451634242006668865e+04 2.380126880725828869e+03 0.000000000000000000e+00
1.451964311153041854e+04 2.380126880725828869e+03 0.000000000000000000e+00
1.452268874430769392e+04 2.380126880725828869e+03 0.000000000000000000e+00
1.452574204921874116e+04 2.380126880725828869e+03 0.000000000000000000e+00
1.452881236088795231e+04 2.380126880725828869e+03 0.000000000000000000e+00
1.453216866927639057e+04 2.380126880725828869e+03 0.000000000000000000e+00
1.453577816409279330e+04 2.380126880725828869e+03 0.000000000000000000e+00
1.453937186715220014e+04 2.380126880725828869e+03 0.000000000000000000e+00
1.454272906662040259e+04 2.380126880725828869e+03 0.000000000000000000e+00
1.454618883413870208e+04 2.380126880725828869e+03 0.000000000000000000e+00
1.454912162038839051e+04 2.380126880725828869e+03 0.000000000000000000e+00
1.455213184715033640e+04 2.380126880725828869e+03 0.000000000000000000e+00
1.455484046469009809e+04 2.380126880725828869e+03 0.000000000000000000e+00
1.455716996365354680e+04 2.380126880725828869e+03 0.000000000000000000e+00
1.455920987117901132e+04 2.380126880725828869e+03 0.000000000000000000e+00
1.456106965879187555e+04 2.380126880725828869e+03 0.000000000000000000e+00
1.456309184731763162e+04 2.380126880725828869e+03 0.000000000000000000e+00
1.456499078288942474e+04 2.380126880725828869e+03 0.000000000000000000e+00
1.456675251640407259e+04 2.380126880725828869e+03 0.000000000000000000e+00
1.456882370790476489e+04 2.380126880725828869e+03 0.000000000000000000e+00
1.457075342625752273e+04 2.380126880725828869e+03 0.000000000000000000e+00
1.457232892349929170e+04 2.380126880725828869e+03 0.000000000000000000e+00
1.457414543236716054e+04 2.380126880725828869e+03 0.000000000000000000e+00
1.457614633725674139e+04 2.380126880725828869e+03 0.000000000000000000e+00
1.457887363503875349e+04 2.380126880725828869e+03 0.000000000000000000e+00
1.458143668019043253e+04 2.380126880725828869e+03 0.000000000000000000e+00
1.458384947070345152e+04 2.380126880725828869e+03 0.000000000000000000e+00
1.458671992636337745e+04 2.380126880725828869e+03 0.000000000000000000e+00
1.459024583004731903e+04 2.380126880725828869e+03 0.000000000000000000e+00
1.459377173373126061e+04 2.380126880725828869e+03 0.000000000000000000e+00
1.459729763741520219e+04 2.380126880725828869e+03 0.000000000000000000e+00
1.460082354109914377e+04 2.380126880725828869e+03 0.000000000000000000e+00
1.460434944478308535e+04 2.380126880725828869e+03 0.000000000000000000e+00
1.460787534846702692e+04 2.380126880725828869e+03 0.000000000000000000e+00
1.461122896603312802e+04 2.380126880725828869e+03 0.000000000000000000e+00
1.461458258359922911e+04 2.380126880725828869e+03 0.000000000000000000e+00
1.461793620116533020e+04 2.380126880725828869e+03 0.000000000000000000e+00
1.462128981873143130e+04 2.380126880725828869e+03 0.000000000000000000e+00
1.462464343629753239e+04 2.380126880725828869e+03 0.000000000000000000e+00
1.462799705386363348e+04 2.380126880725828869e+03 0.000000000000000000e+00
1.463135067142973458e+04 2.380126880725828869e+03 0.000000000000000000e+00
1.463470428899583567e+04 2.380126880725828869e+03 0.000000000000000000e+00
1.463805790656193676e+04 2.380126880725828869e+03 0.000000000000000000e+00
1.464141152412803785e+04 2.380126880725828869e+03 0.000000000000000000e+00
1.464476514169413895e+04 2.380126880725828869e+03 0.000000000000000000e+00
1.464811875926024004e+04 2.380126880725828869e+03 0.000000000000000000e+00
1.465147237682634113e+04 2.380126880725828869e+03 0.000000000000000000e+00
1.465482599439244223e+04 2.380126880725828869e+03 0.000000000000000000e+00
1.465817961195854332e+04 2.380126880725828869e+03 0.000000000000000000e+00
1.466153322952464441e+04 2.380126880725828869e+03 0.000000000000000000e+00
1.466488684709074550e+04 2.380126880725828869e+03 0.000000000000000000e+00
1.466824046465684660e+04 2.380126880725828869e+03 0.000000000000000000e+00
1.467159408222294769e+04 2.380126880725828869e+03 0.000000000000000000e+00
1.467494769978904878e+04 2.380126880725828869e+03 0.000000000000000000e+00
1.467841024624374040e+04 2.380126880725828869e+03 0.000000000000000000e+00
1.468216523787535698e+04 2.380126880725828869e+03 0.000000000000000000e+00
1.468602094804300577e+04 2.380126880725828869e+03 0.000000000000000000e+00
1.468987665821065457e+04 2.380126880725828869e+03 0.000000000000000000e+00
1.469373236837830336e+04 2.380126880725828869e+03 0.000000000000000000e+00
1.469758807854595216e+04 2.380126880725828869e+03 0.000000000000000000e+00
1.470144378871360095e+04 2.380126880725828869e+03 0.000000000000000000e+00
1.470529949888124975e+04 2.380126880725828869e+03 0.000000000000000000e+00
1.470915520904889854e+04 2.380126880725828869e+03 0.000000000000000000e+00
1.471301091921654734e+04 2.380126880725828869e+03 0.000000000000000000e+00
1.471686662938419613e+04 2.380126880725828869e+03 0.000000000000000000e+00
1.472072233955184493e+04 2.380126880725828869e+03 0.000000000000000000e+00
1.472457804971949372e+04 2.380126880725828869e+03 0.000000000000000000e+00
1.472843375988714251e+04 2.380126880725828869e+03 0.000000000000000000e+00
1.473228947005479131e+04 2.380126880725828869e+03 0.000000000000000000e+00
1.473614518022244010e+04 2.380126880725828869e+03 0.000000000000000000e+00
1.474000089039008890e+04 2.380126880725828869e+03 0.000000000000000000e+00
1.474385660055773769e+04 2.380126880725828869e+03 0.000000000000000000e+00
1.474771231072538649e+04 2.380126880725828869e+03 0.000000000000000000e+00
1.475156802089303528e+04 2.380126880725828869e+03 0.000000000000000000e+00
1.475542373106068408e+04 2.380126880725828869e+03 0.000000000000000000e+00
1.475927944122833287e+04 2.380126880725828869e+03 0.000000000000000000e+00
1.476313515139598167e+04 2.380126880725828869e+03 0.000000000000000000e+00
1.476699086156363046e+04 2.380126880725828869e+03 0.000000000000000000e+00
1.477084657173127925e+04 2.380126880725828869e+03 0.000000000000000000e+00
1.477470228189892805e+04 2.380126880725828869e+03 0.000000000000000000e+00
1.477855799206657684e+04 2.380126880725828869e+03 0.000000000000000000e+00
1.478241370223422564e+04 2.380126880725828869e+03 0.000000000000000000e+00
1.478626941240187443e+04 2.380126880725828869e+03 0.000000000000000000e+00
1.479012512256952323e+04 2.380126880725828869e+03 0.000000000000000000e+00
1.479398015005237357e+04 2.380199434177740386e+03 0.000000000000000000e+00
1.479783516803500061e+04 2.380272490666445719e+03 0.000000000000000000e+00
1.480169019377199766e+04 2.380345136822628774e+03 0.000000000000000000e+00
1.480554521005860988e+04 2.380418282751257721e+03 0.000000000000000000e+00
1.480940021911159056e+04 2.380491808925866735e+03 0.000000000000000000e+00
1.481325522237340010e+04 2.380565638109443626e+03 0.000000000000000000e+00
1.481711023653840311e+04 2.380638895768038765e+03 0.000000000000000000e+00
1.482096526042626101e+04 2.380711639984030626e+03 0.000000000000000000e+00
1.482482030893593947e+04 2.380783067464376018e+03 0.000000000000000000e+00
1.482867537875870948e+04 2.380853335227111074e+03 0.000000000000000000e+00
1.483253046732854818e+04 2.380922566835639373e+03 0.000000000000000000e+00
1.483638558765525886e+04 2.380990006909025851e+03 0.000000000000000000e+00
1.484024073523680636e+04 2.381055870566696285e+03 0.000000000000000000e+00
1.484409590644647324e+04 2.381120336379948185e+03 0.000000000000000000e+00
1.484795111435213948e+04 2.381182569016150410e+03 0.000000000000000000e+00
1.485180633731126545e+04 2.381243862020168763e+03 0.000000000000000000e+00
1.485566156106658491e+04 2.381305104924538227e+03 0.000000000000000000e+00
1.485951677192906391e+04 2.381367154120624491e+03 0.000000000000000000e+00
1.486337197139785349e+04 2.381429907230181925e+03 0.000000000000000000e+00
1.486722716043747823e+04 2.381493297810471631e+03 0.000000000000000000e+00
1.487108234003703001e+04 2.381557259925207291e+03 0.000000000000000000e+00
1.487493751114048428e+04 2.381621732089769921e+03 0.000000000000000000e+00
1.487879266038201786e+04 2.381687498512996171e+03 0.000000000000000000e+00
1.488264780441485345e+04 2.381753569558185063e+03 0.000000000000000000e+00
1.488650294377107093e+04 2.381819912915537316e+03 0.000000000000000000e+00
1.489035809373179654e+04 2.381885637167064942e+03 0.000000000000000000e+00
1.489421323797940204e+04 2.381951695679566910e+03 0.000000000000000000e+00
1.489806837755457491e+04 2.382018026312384336e+03 0.000000000000000000e+00
1.490192352669181128e+04 2.382083798849068899e+03 0.000000000000000000e+00
1.490577869881983497e+04 2.382148209719461192e+03 0.000000000000000000e+00
1.490963389361227746e+04 2.382211249462835895e+03 0.000000000000000000e+00
1.491348911145023885e+04 2.382272863736979161e+03 0.000000000000000000e+00
1.491734433898980205e+04 2.382333867959058807e+03 0.000000000000000000e+00
1.492119959074682083e+04 2.382393322033129607e+03 0.000000000000000000e+00
1.492505485278637025e+04 2.382452105562467750e+03 0.000000000000000000e+00
1.492891012556030910e+04 2.382510180819176185e+03 0.000000000000000000e+00
1.493276539595635040e+04 2.382568413716488976e+03 0.000000000000000000e+00
1.493662069063553827e+04 2.382625016132898963e+03 0.000000000000000000e+00
1.494047600663257072e+04 2.382680147430160105e+03 0.000000000000000000e+00
1.494433131765535654e+04 2.382735625484347565e+03 0.000000000000000000e+00
1.494818665089578462e+04 2.382789537469755487e+03 0.000000000000000000e+00
1.495204199071950643e+04 2.382842976599054509e+03 0.000000000000000000e+00
1.495589734970270911e+04 2.382895015118931497e+03 0.000000000000000000e+00
1.495975271456306109e+04 2.382946616383208493e+03 0.000000000000000000e+00
1.496360809346011592e+04 2.382997158020155439e+03 0.000000000000000000e+00
1.496746348881823178e+04 2.383046427986078015e+03 0.000000000000000000e+00
1.497131889995233723e+04 2.383094447606338235e+03 0.000000000000000000e+00
1.497517432609369098e+04 2.383141246810187113e+03 0.000000000000000000e+00
1.497902976651977406e+04 2.383186854022787429e+03 0.000000000000000000e+00
1.498288522052785993e+04 2.383231298240026717e+03 0.000000000000000000e+00
1.498674068745212571e+04 2.383274607509370071e+03 0.000000000000000000e+00
1.499059616666245711e+04 2.383316808879263590e+03 0.000000000000000000e+00
1.499445166667978810e+04 2.383357064478672783e+03 0.000000000000000000e+00
1.499830717674964399e+04 2.383396345493905301e+03 0.000000000000000000e+00
1.500216270565483865e+04 2.383433732097503707e+03 0.000000000000000000e+00
1.500601825135941363e+04 2.383469344129844558e+03 0.000000000000000000e+00
1.500987380501425650e+04 2.383504084762239472e+03 0.000000000000000000e+00
1.501372936689282324e+04 2.383537900401442130e+03 0.000000000000000000e+00
1.501758493650285163e+04 2.383570822721207151e+03 0.000000000000000000e+00
1.502144051341237900e+04 2.383602878791438798e+03 0.000000000000000000e+00
1.502529609722416171e+04 2.383634093647419377e+03 0.000000000000000000e+00
