1.711089055393846536e-01 -9.704068251601950523e-01
1.703868847246494123e-01 -9.663120416402015689e-01
1.701589483700794436e-01 -9.650193503364989933e-01
1.700926653993370397e-01 -9.646434409295772117e-01
1.700713380158455634e-01 -9.645224873273221533e-01
1.700651538378029071e-01 -9.644874151108200344e-01
1.700637037025617138e-01 -9.644791909851906375e-01
1.700636621336526766e-01 -9.644789552361920926e-01
1.700639930688740975e-01 -9.644808320630968712e-01
1.700643896610248840e-01 -9.644830812489511018e-01
1.700652863441249329e-01 -9.644881665915144842e-01
1.700670345892875412e-01 -9.644980813825214661e-01
1.700685183228139719e-01 -9.645064960534952547e-01
1.700698445961692507e-01 -9.645140177234632350e-01
1.700713059408756889e-01 -9.645223054211289337e-01
1.700728749283014762e-01 -9.645312035909920922e-01
1.700745094237111621e-01 -9.645404732750932908e-01
1.700757992028541499e-01 -9.645477879760979700e-01
1.700773138969081666e-01 -9.645563782329484859e-01
1.700793700371333872e-01 -9.645680391836264356e-01
1.700818111462935600e-01 -9.645818834016262056e-01
1.700845133540870857e-01 -9.645972083835581135e-01
1.700873958387844054e-01 -9.646135557666174476e-01
1.700889861325519670e-01 -9.646225747707491971e-01
1.700903347439127744e-01 -9.646302231258413462e-01
1.700915850583857303e-01 -9.646373140115805933e-01
1.700927884365994180e-01 -9.646441387085652464e-01
1.700919980313818636e-01 -9.646396560978249823e-01
1.700901696029098742e-01 -9.646292865646731718e-01
1.700887651535090694e-01 -9.646213215363199645e-01
1.700877966604106284e-01 -9.646158289390185381e-01
1.700871464725348392e-01 -9.646121415403388077e-01
1.700859142681709901e-01 -9.646051533621318175e-01
1.700842216393420037e-01 -9.645955539870268991e-01
1.700824143496165175e-01 -9.645853043376640956e-01
1.700805711355487249e-01 -9.645748509512312996e-01
1.700789856653566745e-01 -9.645658593029551309e-01
1.700775887233456352e-01 -9.645579368511246754e-01
1.700759222708166929e-01 -9.645484859291938440e-01
1.700745057076105682e-01 -9.645404522000367020e-01
1.700733921866945664e-01 -9.645341371091096239e-01
1.700724952036573590e-01 -9.645290500655181454e-01
1.700717424202426165e-01 -9.645247808186243610e-01
1.700707031797030755e-01 -9.645188869926464292e-01
1.700688319840138185e-01 -9.645082749145530432e-01
1.700671949883258427e-01 -9.644989910506687192e-01
1.700661756899603250e-01 -9.644932103223795572e-01
1.700657332102726293e-01 -9.644907008953711447e-01
1.700657292981293534e-01 -9.644906787085039124e-01
1.700660352793062491e-01 -9.644924140139893298e-01
1.700665528321538000e-01 -9.644953492020442720e-01
1.700672129978704761e-01 -9.644990931878711926e-01
1.700679692876338467e-01 -9.645033823202566747e-01
1.700687909684148458e-01 -9.645080423035311545e-01
1.700696988966505230e-01 -9.645131914204277956e-01
1.700708792292457416e-01 -9.645198854192156279e-01
1.700713847768635933e-01 -9.645227525222297427e-01
1.700708333236784497e-01 -9.645196250758065748e-01
1.700690851519105484e-01 -9.645097107010414117e-01
1.700674603091635317e-01 -9.645004957599105921e-01
1.700663415684880442e-01 -9.644941510662565776e-01
1.700656526084529663e-01 -9.644902437797354677e-01
1.700652794882620000e-01 -9.644881277099799366e-01
1.700651232767722565e-01 -9.644872417905984152e-01
1.700651140240835302e-01 -9.644871893159933096e-01
1.700652024703139253e-01 -9.644876909194913805e-01
1.700660980426538238e-01 -9.644927699626204554e-01
1.700676789371547426e-01 -9.645017356608615033e-01
1.700690301291013506e-01 -9.645093986511832362e-01
1.700703465923222857e-01 -9.645168646851139949e-01
1.700718101764836510e-01 -9.645251650833591706e-01
1.700733807313758450e-01 -9.645340721427659858e-01
1.700750469894518058e-01 -9.645435219618987421e-01
1.700762432284948500e-01 -9.645503061706350856e-01
1.700778964300355411e-01 -9.645596819424770985e-01
1.700800577892084831e-01 -9.645719396194607498e-01
1.700825729042697576e-01 -9.645862035457819506e-01
1.700853815905439270e-01 -9.646021323971857298e-01
1.700880297340357228e-01 -9.646171507652261390e-01
1.700895147955815701e-01 -9.646255729677719604e-01
1.700908023517924139e-01 -9.646328750619022063e-01
1.700920120331861352e-01 -9.646397355059981304e-01
1.700928616520918646e-01 -9.646445539342514142e-01
1.700916545340412367e-01 -9.646377080275965188e-01
1.700899045927585784e-01 -9.646277836174148579e-01
1.700886003891770581e-01 -9.646203871113536721e-01
1.700877653718668725e-01 -9.646156514928634351e-01
1.700873494407695863e-01 -9.646132926303931931e-01
1.700859083363012447e-01 -9.646051197208209693e-01
1.700840986727857329e-01 -9.645948566090256637e-01
1.700822074130351469e-01 -9.645841307419860122e-01
1.700803704596426935e-01 -9.645737128616073131e-01
1.700787861443483484e-01 -9.645647277630811089e-01
1.700774476181993178e-01 -9.645571366040674999e-01
1.700756830336932757e-01 -9.645471291480389731e-01
1.700742918817632898e-01 -9.645392395333897140e-01
1.700756971304643317e-01 -9.645472090947999622e-01
1.700767085788245647e-01 -9.645529453034967782e-01
1.700767078385541087e-01 -9.645529411052145008e-01
1.730389253088772672e-01 -9.968666541129884706e-01
8.383939832029151107e-02 -7.389274373133779550e-01
-7.005798889800119583e-03 -7.879512425432021183e-02
4.359088399542468233e-03 1.166008719246474333e-02
0.000000000000000000e+00 0.000000000000000000e+00
0.000000000000000000e+00 0.000000000000000000e+00
0.000000000000000000e+00 0.000000000000000000e+00
0.000000000000000000e+00 0.000000000000000000e+00
0.000000000000000000e+00 0.000000000000000000e+00
0.000000000000000000e+00 0.000000000000000000e+00
0.000000000000000000e+00 0.000000000000000000e+00
0.000000000000000000e+00 0.000000000000000000e+00
0.000000000000000000e+00 0.000000000000000000e+00
0.000000000000000000e+00 0.000000000000000000e+00
0.000000000000000000e+00 0.000000000000000000e+00
0.000000000000000000e+00 0.000000000000000000e+00
0.000000000000000000e+00 0.000000000000000000e+00
0.000000000000000000e+00 0.000000000000000000e+00
4.133808889214896087e-02 -8.579143901097283087e-02
1.921408219266048656e-01 -4.931746147796877699e-01
2.116044014387344907e-01 -9.576660103506763333e-01
1.580385429959051125e-01 -8.962811156915414523e-01
1.497741771289867740e-01 -8.965204056889211071e-01
4.933934164871904560e-02 -7.234370307869302241e-01
-8.893222739867916171e-03 -3.033136525442743370e-01
5.478597509214836944e-03 1.815721410423044510e-02
-3.113721263831089638e-03 -1.388592686837621971e-02
-4.797388047463205761e-03 -2.097218750524913050e-02
-5.318347851425929071e-03 -2.341874479528099906e-02
-5.392145178938831732e-03 -2.402324866537536643e-02
-5.416522358385458466e-03 -2.419389835830019000e-02
-5.317820691010567355e-03 -2.398172970248745733e-02
-5.220725713482348568e-03 -2.392102374859740241e-02
-5.166293646114300704e-03 -2.376705155024359806e-02
-5.027112845542188596e-03 -2.314623884592015290e-02
-4.888738176879185021e-03 -2.254806566166812909e-02
-4.724611936071896300e-03 -2.196472982273769622e-02
-4.651956225660386704e-03 -2.167077362379218192e-02
-4.553483860601755320e-03 -2.127131744180119077e-02
-4.465888238056808963e-03 -2.098691067385949696e-02
-4.370780919208310487e-03 -2.056155875192383284e-02
-4.263860413404837665e-03 -1.997498314887497656e-02
-4.147543046602576028e-03 -1.948624676923567042e-02
-4.012165247188429276e-03 -1.895619146310196027e-02
-3.937162229492920454e-03 -1.859782974449318560e-02
-3.859192837633652982e-03 -1.831698868910392949e-02
-3.736884561441462110e-03 -1.786081154907885951e-02
-3.681410344777867258e-03 -1.753257268628301974e-02
-3.594653871569179846e-03 -1.700363625417883329e-02
-3.455878510751885565e-03 -1.644059823474831178e-02
-3.282145312906661287e-03 -1.573198856773647472e-02
-3.205524732740085148e-03 -1.541720042842769853e-02
-3.112847178414564122e-03 -1.505014411726065572e-02
-3.035747850583153488e-03 -1.467756069180044774e-02
-2.988623316472322020e-03 -1.437254297059480795e-02
-2.841925555362382737e-03 -1.363776574531625450e-02
-2.646375965606151317e-03 -1.282406389758577320e-02
-2.421648606348712762e-03 -1.186991205685549583e-02
-2.354679222969508021e-03 -1.160323943407100787e-02
-2.280066823422255591e-03 -1.123732973877911677e-02
-2.705878087914535997e-03 -1.284368053038509663e-02
-2.771937413900974617e-03 -1.318546062091578014e-02
-2.789124117955300072e-03 -1.316559317324633195e-02
-2.669101260054166248e-03 -1.239362344933207620e-02
-2.536103771494817305e-03 -1.158113497275764688e-02
-2.586734012261521914e-03 -1.166737530154596594e-02
-2.498992538636166279e-03 -1.127703655604125887e-02
-3.759155071997017424e-03 -1.766461674887104261e-02
-3.849832370922765673e-03 -1.800470861613754497e-02
-3.954042797986260030e-03 -1.857490852060816530e-02
-4.076893653903852777e-03 -1.915518344086998906e-02
-4.265260868255365059e-03 -1.989428875944904834e-02
-4.546793396742460427e-03 -2.119188624637308865e-02
-4.837309598246627290e-03 -2.249219253809132957e-02
-5.009879112423427407e-03 -2.326791764691679351e-02
-5.063180189025098116e-03 -2.357038068675243805e-02
-5.036951846203762025e-03 -2.352819888753860528e-02
-4.963846926582714258e-03 -2.313893566987731271e-02
-4.515408512476454771e-03 -2.171142604358313605e-02
-4.498222408404024646e-03 -2.158763337026409213e-02
-4.609053948535004122e-03 -2.180107100414093932e-02
-4.604021790318064272e-03 -2.176070701125260021e-02
-4.675193473569374050e-03 -2.195553552919612961e-02
-4.661933683984093371e-03 -2.177994571131885299e-02
-4.609320901109161331e-03 -2.158045037767239438e-02
-4.450189677941454938e-03 -2.103365322890554667e-02
-4.329811055877963097e-03 -2.045979349955955734e-02
-4.240568995524721801e-03 -1.999713904804023556e-02
-4.139852593759714428e-03 -1.958210941530261553e-02
-4.120014098696625493e-03 -1.945414812550763303e-02
-4.055123381789879113e-03 -1.915114075908438268e-02
-3.975717181700295574e-03 -1.887003350879509073e-02
-3.862342930950385736e-03 -1.839519957700901098e-02
-3.820034286885231646e-03 -1.804566478020469544e-02
-3.714073499091641306e-03 -1.753174718076646807e-02
-3.527818451950116927e-03 -1.678829521354396545e-02
-3.422185700257337256e-03 -1.632176153147920847e-02
-3.345969020891608608e-03 -1.602953755639455538e-02
-3.228167198949470715e-03 -1.556304748703739652e-02
0.000000000000000000e+00 0.000000000000000000e+00
0.000000000000000000e+00 0.000000000000000000e+00
0.000000000000000000e+00 0.000000000000000000e+00
0.000000000000000000e+00 0.000000000000000000e+00
0.000000000000000000e+00 0.000000000000000000e+00
0.000000000000000000e+00 0.000000000000000000e+00
0.000000000000000000e+00 0.000000000000000000e+00
0.000000000000000000e+00 0.000000000000000000e+00
0.000000000000000000e+00 0.000000000000000000e+00
0.000000000000000000e+00 0.000000000000000000e+00
0.000000000000000000e+00 0.000000000000000000e+00
0.000000000000000000e+00 0.000000000000000000e+00
0.000000000000000000e+00 0.000000000000000000e+00
0.000000000000000000e+00 0.000000000000000000e+00
7.886675644433353144e-03 -1.226267870818503920e-02
1.148769799901802474e-01 -2.946710540788837207e-01
2.036469224212706375e-01 -6.908885200560985762e-01
1.677409983574038033e-01 -9.024924004752218343e-01
1.488248492776163001e-01 -8.956061604714841140e-01
1.103961277906281013e-01 -8.449139346195077005e-01
-1.209174032995399134e-02 -3.950592944625881953e-01
2.479712109543064091e-03 6.386977472568377071e-03
3.361014479247040332e-03 8.556910103860766378e-03
0.000000000000000000e+00 0.000000000000000000e+00
0.000000000000000000e+00 0.000000000000000000e+00
0.000000000000000000e+00 0.000000000000000000e+00
0.000000000000000000e+00 0.000000000000000000e+00
0.000000000000000000e+00 0.000000000000000000e+00
0.000000000000000000e+00 0.000000000000000000e+00
0.000000000000000000e+00 0.000000000000000000e+00
0.000000000000000000e+00 0.000000000000000000e+00
0.000000000000000000e+00 0.000000000000000000e+00
0.000000000000000000e+00 0.000000000000000000e+00
0.000000000000000000e+00 0.000000000000000000e+00
0.000000000000000000e+00 0.000000000000000000e+00
0.000000000000000000e+00 0.000000000000000000e+00
2.825751798637405818e-03 -4.894345684819127219e-03
1.325973287032834735e-01 -3.495792991109706316e-01
2.452472934705867136e-01 -8.410160582509338401e-01
1.620644780577224497e-01 -8.710316435766072285e-01
1.472504550599376683e-01 -8.862899110893304178e-01
1.090662610195551746e-01 -8.331916145756694814e-01
-1.173073093805279341e-02 -3.783023986495060442e-01
4.770399829432229316e-03 1.554448199469308546e-02
2.731751442862922694e-03 6.974445834905917095e-03
0.000000000000000000e+00 0.000000000000000000e+00
0.000000000000000000e+00 0.000000000000000000e+00
0.000000000000000000e+00 0.000000000000000000e+00
0.000000000000000000e+00 0.000000000000000000e+00
0.000000000000000000e+00 0.000000000000000000e+00
0.000000000000000000e+00 0.000000000000000000e+00
0.000000000000000000e+00 0.000000000000000000e+00
0.000000000000000000e+00 0.000000000000000000e+00
0.000000000000000000e+00 0.000000000000000000e+00
0.000000000000000000e+00 0.000000000000000000e+00
0.000000000000000000e+00 0.000000000000000000e+00
0.000000000000000000e+00 0.000000000000000000e+00
0.000000000000000000e+00 0.000000000000000000e+00
8.200380824399935639e-03 -1.350125329273775023e-02
1.610484016481407710e-01 -4.188363644485410542e-01
2.109326188929615542e-01 -9.456654719744335136e-01
1.545001487690340070e-01 -8.287898977836057890e-01
1.466484962208052245e-01 -8.784880456425219197e-01
4.873927857143785236e-02 -7.137624084043688866e-01
-9.020110443563782512e-03 -2.907400162747432182e-01
9.650276366809436290e-03 3.354168669635089473e-02
0.000000000000000000e+00 0.000000000000000000e+00
0.000000000000000000e+00 0.000000000000000000e+00
0.000000000000000000e+00 0.000000000000000000e+00
0.000000000000000000e+00 0.000000000000000000e+00
0.000000000000000000e+00 0.000000000000000000e+00
0.000000000000000000e+00 0.000000000000000000e+00
0.000000000000000000e+00 0.000000000000000000e+00
0.000000000000000000e+00 0.000000000000000000e+00
0.000000000000000000e+00 0.000000000000000000e+00
0.000000000000000000e+00 0.000000000000000000e+00
0.000000000000000000e+00 0.000000000000000000e+00
0.000000000000000000e+00 0.000000000000000000e+00
0.000000000000000000e+00 0.000000000000000000e+00
0.000000000000000000e+00 0.000000000000000000e+00
3.355196666349050810e-02 -7.034335146923068049e-02
1.947544079484205826e-01 -4.951690108380389921e-01
2.107597787146233970e-01 -9.432302415726319111e-01
1.514508719033571260e-01 -8.589205763907559188e-01
1.497334545467586542e-01 -8.996887533050756947e-01
4.505363546575601175e-02 -6.996482380062553075e-01
-1.916335634247243527e-02 -1.382829224555670589e-01
1.199785864881920336e-02 4.217654878808824170e-02
0.000000000000000000e+00 0.000000000000000000e+00
0.000000000000000000e+00 0.000000000000000000e+00
0.000000000000000000e+00 0.000000000000000000e+00
0.000000000000000000e+00 0.000000000000000000e+00
0.000000000000000000e+00 0.000000000000000000e+00
0.000000000000000000e+00 0.000000000000000000e+00
0.000000000000000000e+00 0.000000000000000000e+00
0.000000000000000000e+00 0.000000000000000000e+00
0.000000000000000000e+00 0.000000000000000000e+00
0.000000000000000000e+00 0.000000000000000000e+00
0.000000000000000000e+00 0.000000000000000000e+00
0.000000000000000000e+00 0.000000000000000000e+00
0.000000000000000000e+00 0.000000000000000000e+00
0.000000000000000000e+00 0.000000000000000000e+00
5.732965004629868994e-02 -1.156832705988246890e-01
2.222385283033422587e-01 -7.552047493173604797e-01
2.019359670556739594e-01 -9.104981015215560802e-01
1.564246022850876716e-01 -8.871280030803445626e-01
1.118886038106112202e-01 -8.521258147307365638e-01
3.997537632058641849e-02 -6.587220783517421241e-01
-1.024053176917599783e-02 -6.986915910764160409e-02
-2.644760614970221788e-03 -5.863745417444339580e-03
-1.924124235887614926e-04 -3.332680936631994919e-04
0.000000000000000000e+00 0.000000000000000000e+00
0.000000000000000000e+00 0.000000000000000000e+00
0.000000000000000000e+00 0.000000000000000000e+00
0.000000000000000000e+00 0.000000000000000000e+00
0.000000000000000000e+00 0.000000000000000000e+00
0.000000000000000000e+00 0.000000000000000000e+00
0.000000000000000000e+00 0.000000000000000000e+00
0.000000000000000000e+00 0.000000000000000000e+00
0.000000000000000000e+00 0.000000000000000000e+00
0.000000000000000000e+00 0.000000000000000000e+00
0.000000000000000000e+00 0.000000000000000000e+00
0.000000000000000000e+00 0.000000000000000000e+00
0.000000000000000000e+00 0.000000000000000000e+00
6.574031620481217419e-02 -1.314700803451447908e-01
2.278561543982190185e-01 -7.745688669416862515e-01
1.974337976132837513e-01 -8.934250879139535861e-01
1.530737757971757096e-01 -8.681245217387560942e-01
-1.320097172673908486e-03 1.060465208783426157e-02
3.393909970194375347e-02 -3.915706604886772801e-01
-6.351871279433823556e-03 -5.397008476577593028e-02
5.000738337129138206e-03 1.257815370187610055e-02
0.000000000000000000e+00 0.000000000000000000e+00
0.000000000000000000e+00 0.000000000000000000e+00
0.000000000000000000e+00 0.000000000000000000e+00
0.000000000000000000e+00 0.000000000000000000e+00
0.000000000000000000e+00 0.000000000000000000e+00
0.000000000000000000e+00 0.000000000000000000e+00
0.000000000000000000e+00 0.000000000000000000e+00
0.000000000000000000e+00 0.000000000000000000e+00
0.000000000000000000e+00 0.000000000000000000e+00
0.000000000000000000e+00 0.000000000000000000e+00
0.000000000000000000e+00 0.000000000000000000e+00
0.000000000000000000e+00 0.000000000000000000e+00
0.000000000000000000e+00 0.000000000000000000e+00
0.000000000000000000e+00 0.000000000000000000e+00
6.113047856031580962e-02 -1.223043117604198649e-01
9.675840284525963342e-02 -3.015670025884398253e-01
-1.372181507171639503e-02 2.309069960740607608e-02
1.316473814361079353e-01 -7.466094009388730690e-01
1.294902242034627615e-01 -7.591061311175355542e-01
4.706543251459882615e-02 -6.148024460507848232e-01
-4.747513018551807740e-03 -2.505184698092684514e-01
8.370903512481091269e-03 3.090443220659452872e-02
0.000000000000000000e+00 0.000000000000000000e+00
0.000000000000000000e+00 0.000000000000000000e+00
0.000000000000000000e+00 0.000000000000000000e+00
0.000000000000000000e+00 0.000000000000000000e+00
0.000000000000000000e+00 0.000000000000000000e+00
0.000000000000000000e+00 0.000000000000000000e+00
0.000000000000000000e+00 0.000000000000000000e+00
0.000000000000000000e+00 0.000000000000000000e+00
0.000000000000000000e+00 0.000000000000000000e+00
0.000000000000000000e+00 0.000000000000000000e+00
0.000000000000000000e+00 0.000000000000000000e+00
0.000000000000000000e+00 0.000000000000000000e+00
0.000000000000000000e+00 0.000000000000000000e+00
0.000000000000000000e+00 0.000000000000000000e+00
5.964337405784530220e-03 -9.864888041327844401e-03
1.272650710713570943e-01 -3.398645786165064298e-01
1.763464033083081972e-01 -8.139518881109739645e-01
1.337414959372931755e-01 -7.297434641686989520e-01
1.446381424593800591e-01 -8.558607614022462062e-01
1.084247663616685342e-01 -8.026418705832035760e-01
-8.603568726568033842e-03 -3.233030275678520082e-01
5.269554026965850638e-03 1.778820394111758213e-02
1.503434987511428423e-03 4.037050581308526849e-03
0.000000000000000000e+00 0.000000000000000000e+00
0.000000000000000000e+00 0.000000000000000000e+00
0.000000000000000000e+00 0.000000000000000000e+00
0.000000000000000000e+00 0.000000000000000000e+00
0.000000000000000000e+00 0.000000000000000000e+00
0.000000000000000000e+00 0.000000000000000000e+00
0.000000000000000000e+00 0.000000000000000000e+00
0.000000000000000000e+00 0.000000000000000000e+00
0.000000000000000000e+00 0.000000000000000000e+00
0.000000000000000000e+00 0.000000000000000000e+00
0.000000000000000000e+00 0.000000000000000000e+00
0.000000000000000000e+00 0.000000000000000000e+00
0.000000000000000000e+00 0.000000000000000000e+00
3.080340104001678676e-04 -5.335305564722908232e-04
6.473806430284026470e-02 -1.327218731216744108e-01
1.946648303269631897e-01 -6.841093570386846956e-01
1.973705757803722316e-01 -9.293950583564236645e-01
1.627603623098072827e-01 -9.230598837219945452e-01
1.577541452640658926e-01 -9.224651959746058560e-01
1.318835618461680903e-01 -9.000574140076327279e-01
5.882845698242084032e-02 -6.616978972311077234e-01
-1.631924518634420701e-02 -1.747189458764785430e-01
-3.662197578080491310e-03 -1.846638566112784874e-02
4.084513706973974165e-04 1.122210917936389231e-03
0.000000000000000000e+00 0.000000000000000000e+00
0.000000000000000000e+00 0.000000000000000000e+00
0.000000000000000000e+00 0.000000000000000000e+00
0.000000000000000000e+00 0.000000000000000000e+00
0.000000000000000000e+00 0.000000000000000000e+00
0.000000000000000000e+00 0.000000000000000000e+00
0.000000000000000000e+00 0.000000000000000000e+00
0.000000000000000000e+00 0.000000000000000000e+00
0.000000000000000000e+00 0.000000000000000000e+00
0.000000000000000000e+00 0.000000000000000000e+00
0.000000000000000000e+00 0.000000000000000000e+00
0.000000000000000000e+00 0.000000000000000000e+00
0.000000000000000000e+00 0.000000000000000000e+00
0.000000000000000000e+00 0.000000000000000000e+00
0.000000000000000000e+00 0.000000000000000000e+00
7.749734729553728720e-04 -1.342293429676811320e-03
8.127615203151720980e-02 -1.628336155580026312e-01
2.352154283767054488e-01 -8.199446860709151963e-01
1.775290386727305936e-01 -9.650068182303597197e-01
1.615466229052767155e-01 -9.161764255033261195e-01
1.159788722642209752e-01 -8.660384735731410100e-01
4.727376763166484669e-02 -6.906214775925705318e-01
-2.997919835370621566e-03 -3.010300896645233815e-01
-1.140121415032092911e-03 -7.196555931306250313e-03
4.825305158090401232e-04 1.325741696383129836e-03
0.000000000000000000e+00 0.000000000000000000e+00
0.000000000000000000e+00 0.000000000000000000e+00
0.000000000000000000e+00 0.000000000000000000e+00
0.000000000000000000e+00 0.000000000000000000e+00
0.000000000000000000e+00 0.000000000000000000e+00
0.000000000000000000e+00 0.000000000000000000e+00
0.000000000000000000e+00 0.000000000000000000e+00
0.000000000000000000e+00 0.000000000000000000e+00
0.000000000000000000e+00 0.000000000000000000e+00
0.000000000000000000e+00 0.000000000000000000e+00
0.000000000000000000e+00 0.000000000000000000e+00
0.000000000000000000e+00 0.000000000000000000e+00
0.000000000000000000e+00 0.000000000000000000e+00
0.000000000000000000e+00 0.000000000000000000e+00
0.000000000000000000e+00 0.000000000000000000e+00
0.000000000000000000e+00 0.000000000000000000e+00
0.000000000000000000e+00 0.000000000000000000e+00
0.000000000000000000e+00 0.000000000000000000e+00
0.000000000000000000e+00 0.000000000000000000e+00
0.000000000000000000e+00 0.000000000000000000e+00
0.000000000000000000e+00 0.000000000000000000e+00
0.000000000000000000e+00 0.000000000000000000e+00
0.000000000000000000e+00 0.000000000000000000e+00
0.000000000000000000e+00 0.000000000000000000e+00
0.000000000000000000e+00 0.000000000000000000e+00
0.000000000000000000e+00 0.000000000000000000e+00
0.000000000000000000e+00 0.000000000000000000e+00
0.000000000000000000e+00 0.000000000000000000e+00
0.000000000000000000e+00 0.000000000000000000e+00
0.000000000000000000e+00 0.000000000000000000e+00
0.000000000000000000e+00 0.000000000000000000e+00
0.000000000000000000e+00 0.000000000000000000e+00
0.000000000000000000e+00 0.000000000000000000e+00
0.000000000000000000e+00 0.000000000000000000e+00
0.000000000000000000e+00 0.000000000000000000e+00
0.000000000000000000e+00 0.000000000000000000e+00
0.000000000000000000e+00 0.000000000000000000e+00
0.000000000000000000e+00 0.000000000000000000e+00
0.000000000000000000e+00 0.000000000000000000e+00
0.000000000000000000e+00 0.000000000000000000e+00
0.000000000000000000e+00 0.000000000000000000e+00
0.000000000000000000e+00 0.000000000000000000e+00
0.000000000000000000e+00 0.000000000000000000e+00
0.000000000000000000e+00 0.000000000000000000e+00
0.000000000000000000e+00 0.000000000000000000e+00
0.000000000000000000e+00 0.000000000000000000e+00
0.000000000000000000e+00 0.000000000000000000e+00
0.000000000000000000e+00 0.000000000000000000e+00
0.000000000000000000e+00 0.000000000000000000e+00
0.000000000000000000e+00 0.000000000000000000e+00
0.000000000000000000e+00 0.000000000000000000e+00
0.000000000000000000e+00 0.000000000000000000e+00
0.000000000000000000e+00 0.000000000000000000e+00
0.000000000000000000e+00 0.000000000000000000e+00
0.000000000000000000e+00 0.000000000000000000e+00
0.000000000000000000e+00 0.000000000000000000e+00
0.000000000000000000e+00 0.000000000000000000e+00
0.000000000000000000e+00 0.000000000000000000e+00
0.000000000000000000e+00 0.000000000000000000e+00
0.000000000000000000e+00 0.000000000000000000e+00
0.000000000000000000e+00 0.000000000000000000e+00
0.000000000000000000e+00 0.000000000000000000e+00
0.000000000000000000e+00 0.000000000000000000e+00
0.000000000000000000e+00 0.000000000000000000e+00
0.000000000000000000e+00 0.000000000000000000e+00
0.000000000000000000e+00 0.000000000000000000e+00
0.000000000000000000e+00 0.000000000000000000e+00
0.000000000000000000e+00 0.000000000000000000e+00
0.000000000000000000e+00 0.000000000000000000e+00
0.000000000000000000e+00 0.000000000000000000e+00
0.000000000000000000e+00 0.000000000000000000e+00
0.000000000000000000e+00 0.000000000000000000e+00
0.000000000000000000e+00 0.000000000000000000e+00
0.000000000000000000e+00 0.000000000000000000e+00
0.000000000000000000e+00 0.000000000000000000e+00
0.000000000000000000e+00 0.000000000000000000e+00
0.000000000000000000e+00 0.000000000000000000e+00
0.000000000000000000e+00 0.000000000000000000e+00
0.000000000000000000e+00 0.000000000000000000e+00
0.000000000000000000e+00 0.000000000000000000e+00
0.000000000000000000e+00 0.000000000000000000e+00
0.000000000000000000e+00 0.000000000000000000e+00
0.000000000000000000e+00 0.000000000000000000e+00
0.000000000000000000e+00 0.000000000000000000e+00
0.000000000000000000e+00 0.000000000000000000e+00
0.000000000000000000e+00 0.000000000000000000e+00
0.000000000000000000e+00 0.000000000000000000e+00
0.000000000000000000e+00 0.000000000000000000e+00
0.000000000000000000e+00 0.000000000000000000e+00
0.000000000000000000e+00 0.000000000000000000e+00
0.000000000000000000e+00 0.000000000000000000e+00
0.000000000000000000e+00 0.000000000000000000e+00
0.000000000000000000e+00 0.000000000000000000e+00
0.000000000000000000e+00 0.000000000000000000e+00
0.000000000000000000e+00 0.000000000000000000e+00
0.000000000000000000e+00 0.000000000000000000e+00
0.000000000000000000e+00 0.000000000000000000e+00
0.000000000000000000e+00 0.000000000000000000e+00
2.061204730975215111e-04 -2.456448143211893589e-04
2.725370207569546908e-04 -3.247969736020234091e-04
3.059445994198544609e-04 -3.646105754934078863e-04
2.300929521884855487e-04 -2.742141024012353327e-04
2.772824055403380248e-04 -3.304523029658623721e-04
3.874740859777998144e-04 -4.617736340012005094e-04
5.026661743164857754e-03 -8.305098828390207466e-03
6.152090791716168135e-03 -1.017807418891435167e-02
3.032342213141841786e-03 -4.812609613674917117e-03
3.469661427931011559e-03 -5.927904762502277797e-03
6.938566406836825691e-03 -1.150626372103513879e-02
8.650146257846451706e-03 -1.426365722034862900e-02
3.084056756147635775e-03 -4.955142991483964428e-03
6.254293484106152046e-03 -1.070604261151299023e-02
2.466383235139831681e-02 -5.745566060624021643e-02
2.843682947030721705e-02 -6.552981846483313388e-02
3.208128915303350148e-02 -7.400670069109216431e-02
3.524269382033040632e-02 -8.154272241756864437e-02
3.876180337067125503e-02 -9.013984340474455459e-02
4.131090934392591535e-02 -9.719005954969806016e-02
4.267600857472731574e-02 -1.011213033497901925e-01
4.248150205014885467e-02 -1.011221296254471852e-01
4.203227654183063627e-02 -1.004422060853981391e-01
4.238413850626768231e-02 -1.012543706727917631e-01
4.323579089415000715e-02 -1.031321961775206603e-01
4.415725894357405007e-02 -1.054928063472092559e-01
4.419064134198504024e-02 -1.056587094099274982e-01
4.467336392808730905e-02 -1.066153550253369914e-01
4.502109569374627279e-02 -1.073982785062732315e-01
4.550425022873535313e-02 -1.084970250073073045e-01
4.586441159366431986e-02 -1.092770050854397490e-01
4.649469055988715571e-02 -1.106228876232638048e-01
4.682112550686283459e-02 -1.114523021771674227e-01
4.727631311348011456e-02 -1.125665925722601352e-01
4.803239009983549523e-02 -1.143566209175343740e-01
4.881179860615930677e-02 -1.162151399456433642e-01
4.972381070124685942e-02 -1.185367394214685705e-01
5.189375017144949587e-02 -1.235564141692785806e-01
5.517412359060626381e-02 -1.308961074234256117e-01
6.055094196444747723e-02 -1.423958406346064465e-01
6.580320468759760788e-02 -1.515506986379983323e-01
9.739272401574852744e-02 -3.121745094789803998e-01
1.046735080915441318e-01 -3.262244706882543310e-01
1.112627031874531269e-01 -3.412012078235270307e-01
1.171846524060776995e-01 -3.568856662439288119e-01
1.240041405967033106e-01 -3.724941580395461083e-01
2.463622128862998084e-02 -7.164675515181409549e-02
-7.199532909721377896e-03 -1.177868568300089597e-03
1.300638530068862764e-01 -3.748553846520639166e-01
1.359108221494318425e-01 -5.312784180188596661e-01
1.383766539389566508e-01 -5.332251014212718854e-01
1.506338546389796029e-01 -5.817777120550533532e-01
1.559181844464007372e-01 -6.084573536104109781e-01
1.585352334280968889e-01 -6.165073980577699952e-01
1.603757921538529752e-01 -6.221647311702926952e-01
1.619550044466633032e-01 -6.277067463920760204e-01
1.636758639006132277e-01 -6.349328557681381824e-01
1.630282143799223205e-01 -6.285916729128022684e-01
1.617779681719551943e-01 -6.203768110590335283e-01
1.598242807064250981e-01 -6.101873662123254993e-01
1.638106680317399921e-01 -9.206235042188595230e-01
1.469048406585954925e-01 -8.461024030498348614e-01
1.195682376973194183e-01 -8.144881364824285708e-01
-4.417859566845329031e-03 -3.677484803746042807e-01
2.636945376070445966e-03 7.876257094922173643e-03
2.507615155794754198e-03 6.717311099584068537e-03
0.000000000000000000e+00 0.000000000000000000e+00
0.000000000000000000e+00 0.000000000000000000e+00
0.000000000000000000e+00 0.000000000000000000e+00
0.000000000000000000e+00 0.000000000000000000e+00
0.000000000000000000e+00 0.000000000000000000e+00
0.000000000000000000e+00 0.000000000000000000e+00
0.000000000000000000e+00 0.000000000000000000e+00
0.000000000000000000e+00 0.000000000000000000e+00
0.000000000000000000e+00 0.000000000000000000e+00
0.000000000000000000e+00 0.000000000000000000e+00
0.000000000000000000e+00 0.000000000000000000e+00
0.000000000000000000e+00 0.000000000000000000e+00
0.000000000000000000e+00 0.000000000000000000e+00
6.938310526563468443e-04 -1.201750635069790069e-03
7.610225133469818160e-02 -1.516427524425183471e-01
2.153402526363688840e-01 -7.437525004099143633e-01
1.656902401968537997e-01 -8.975539480749444854e-01
1.513929380353380427e-01 -8.585920170983214472e-01
1.085540521050930296e-01 -8.107767544270678695e-01
1.410090041335552947e-03 -4.135823629735774221e-02
-4.169166892792938294e-04 -1.700518972093860090e-02
5.721331880791016150e-03 2.140919950302397345e-02
0.000000000000000000e+00 0.000000000000000000e+00
0.000000000000000000e+00 0.000000000000000000e+00
0.000000000000000000e+00 0.000000000000000000e+00
0.000000000000000000e+00 0.000000000000000000e+00
0.000000000000000000e+00 0.000000000000000000e+00
0.000000000000000000e+00 0.000000000000000000e+00
0.000000000000000000e+00 0.000000000000000000e+00
0.000000000000000000e+00 0.000000000000000000e+00
0.000000000000000000e+00 0.000000000000000000e+00
0.000000000000000000e+00 0.000000000000000000e+00
0.000000000000000000e+00 0.000000000000000000e+00
0.000000000000000000e+00 0.000000000000000000e+00
0.000000000000000000e+00 0.000000000000000000e+00
0.000000000000000000e+00 0.000000000000000000e+00
9.659427554340576857e-03 -1.538090471451067712e-02
1.483912157462817238e-01 -3.878618336943365774e-01
1.320778919808987539e-01 -5.563791087946725611e-01
-6.460084963706387573e-02 3.240022506904409183e-01
1.085395655767080331e-01 -6.474048150284993364e-01
8.223212792969916696e-02 -6.062483406082437298e-01
-6.273959219143965954e-03 -2.701894548153764286e-01
1.287352202791781702e-03 2.318344286717761906e-03
2.403182785351527535e-03 6.337080438803486745e-03
0.000000000000000000e+00 0.000000000000000000e+00
0.000000000000000000e+00 0.000000000000000000e+00
0.000000000000000000e+00 0.000000000000000000e+00
0.000000000000000000e+00 0.000000000000000000e+00
0.000000000000000000e+00 0.000000000000000000e+00
0.000000000000000000e+00 0.000000000000000000e+00
0.000000000000000000e+00 0.000000000000000000e+00
0.000000000000000000e+00 0.000000000000000000e+00
0.000000000000000000e+00 0.000000000000000000e+00
0.000000000000000000e+00 0.000000000000000000e+00
0.000000000000000000e+00 0.000000000000000000e+00
0.000000000000000000e+00 0.000000000000000000e+00
0.000000000000000000e+00 0.000000000000000000e+00
0.000000000000000000e+00 0.000000000000000000e+00
3.328190741792651230e-02 -7.110684984215044635e-02
1.387368760950276614e-01 -5.019848439599771117e-01
1.403760090054609055e-01 -6.702364691838545996e-01
1.131633031359141062e-01 -6.417809837225971759e-01
1.408089306800418272e-01 -8.228676486844825888e-01
4.904075125560636295e-02 -6.510966527049817376e-01
-1.902252370274620102e-02 -1.498326103033746359e-01
6.773023506985215506e-03 2.476366273163587567e-02
0.000000000000000000e+00 0.000000000000000000e+00
0.000000000000000000e+00 0.000000000000000000e+00
0.000000000000000000e+00 0.000000000000000000e+00
0.000000000000000000e+00 0.000000000000000000e+00
0.000000000000000000e+00 0.000000000000000000e+00
0.000000000000000000e+00 0.000000000000000000e+00
0.000000000000000000e+00 0.000000000000000000e+00
0.000000000000000000e+00 0.000000000000000000e+00
0.000000000000000000e+00 0.000000000000000000e+00
0.000000000000000000e+00 0.000000000000000000e+00
0.000000000000000000e+00 0.000000000000000000e+00
0.000000000000000000e+00 0.000000000000000000e+00
0.000000000000000000e+00 0.000000000000000000e+00
0.000000000000000000e+00 0.000000000000000000e+00
1.947683295117874766e-03 -3.361259125805519769e-03
1.111377051046460313e-01 -3.002049050347195824e-01
2.186418966372211670e-01 -7.632666885922800848e-01
1.582003493764960189e-01 -8.591930784983199398e-01
1.473460348601740577e-01 -8.356408886952600978e-01
1.079425801306146265e-01 -7.957722796837687351e-01
-1.009672795927421193e-02 -4.420267443113087280e-01
-6.934835365716810439e-03 -5.887984480679030880e-02
4.842250485671898731e-03 1.206929630587545016e-02
0.000000000000000000e+00 0.000000000000000000e+00
0.000000000000000000e+00 0.000000000000000000e+00
0.000000000000000000e+00 0.000000000000000000e+00
0.000000000000000000e+00 0.000000000000000000e+00
0.000000000000000000e+00 0.000000000000000000e+00
0.000000000000000000e+00 0.000000000000000000e+00
0.000000000000000000e+00 0.000000000000000000e+00
0.000000000000000000e+00 0.000000000000000000e+00
0.000000000000000000e+00 0.000000000000000000e+00
0.000000000000000000e+00 0.000000000000000000e+00
0.000000000000000000e+00 0.000000000000000000e+00
0.000000000000000000e+00 0.000000000000000000e+00
0.000000000000000000e+00 0.000000000000000000e+00
0.000000000000000000e+00 0.000000000000000000e+00
8.046184650818450843e-03 -1.308268503467528016e-02
1.377791531268899583e-01 -3.643740628933891945e-01
1.895722057189960230e-01 -8.669477782682730727e-01
1.457431791357894912e-01 -7.906114865019544524e-01
1.344383140432584556e-01 -7.983862736937645810e-01
1.040777362885721979e-01 -7.639925193119118108e-01
-8.728489311352949365e-03 -3.547183670841841940e-01
4.513291433378455956e-04 -7.161973799690427023e-03
2.707247831502206364e-03 7.070584993562894702e-03
0.000000000000000000e+00 0.000000000000000000e+00
0.000000000000000000e+00 0.000000000000000000e+00
0.000000000000000000e+00 0.000000000000000000e+00
0.000000000000000000e+00 0.000000000000000000e+00
0.000000000000000000e+00 0.000000000000000000e+00
0.000000000000000000e+00 0.000000000000000000e+00
0.000000000000000000e+00 0.000000000000000000e+00
0.000000000000000000e+00 0.000000000000000000e+00
0.000000000000000000e+00 0.000000000000000000e+00
0.000000000000000000e+00 0.000000000000000000e+00
0.000000000000000000e+00 0.000000000000000000e+00
0.000000000000000000e+00 0.000000000000000000e+00
0.000000000000000000e+00 0.000000000000000000e+00
0.000000000000000000e+00 0.000000000000000000e+00
5.596934206719635790e-02 -1.137128596840214223e-01
1.971113825961799404e-01 -6.821567922472369094e-01
1.843478105479909590e-01 -8.441228038827272018e-01
1.452527582657654470e-01 -8.237693272019606106e-01
1.051528973262637889e-01 -7.845441402894048899e-01
4.071809150296100410e-02 -6.236059632675599040e-01
-1.503702567389809605e-02 -1.124994251755363217e-01
8.845776134144908362e-03 3.166550055481162640e-02
0.000000000000000000e+00 0.000000000000000000e+00
0.000000000000000000e+00 0.000000000000000000e+00
0.000000000000000000e+00 0.000000000000000000e+00
0.000000000000000000e+00 0.000000000000000000e+00
0.000000000000000000e+00 0.000000000000000000e+00
0.000000000000000000e+00 0.000000000000000000e+00
0.000000000000000000e+00 0.000000000000000000e+00
0.000000000000000000e+00 0.000000000000000000e+00
0.000000000000000000e+00 0.000000000000000000e+00
0.000000000000000000e+00 0.000000000000000000e+00
0.000000000000000000e+00 0.000000000000000000e+00
0.000000000000000000e+00 0.000000000000000000e+00
0.000000000000000000e+00 0.000000000000000000e+00
0.000000000000000000e+00 0.000000000000000000e+00
1.688247713804415457e-03 -2.924130816071249250e-03
8.325106463944623170e-02 -1.686942883324949460e-01
2.235613591898162333e-01 -7.927302918041614355e-01
1.730388752619364812e-01 -9.463623342552363038e-01
1.605467540949562510e-01 -9.105058876973587401e-01
1.197930017633358907e-01 -8.658697947222773195e-01
7.036705894336764237e-03 -1.266599321456677862e-01
1.666675491009052485e-03 1.757678729859052033e-05
4.352388008739487869e-03 1.067148603629643894e-02
0.000000000000000000e+00 0.000000000000000000e+00
0.000000000000000000e+00 0.000000000000000000e+00
0.000000000000000000e+00 0.000000000000000000e+00
0.000000000000000000e+00 0.000000000000000000e+00
0.000000000000000000e+00 0.000000000000000000e+00
0.000000000000000000e+00 0.000000000000000000e+00
0.000000000000000000e+00 0.000000000000000000e+00
0.000000000000000000e+00 0.000000000000000000e+00
0.000000000000000000e+00 0.000000000000000000e+00
0.000000000000000000e+00 0.000000000000000000e+00
0.000000000000000000e+00 0.000000000000000000e+00
0.000000000000000000e+00 0.000000000000000000e+00
0.000000000000000000e+00 0.000000000000000000e+00
0.000000000000000000e+00 0.000000000000000000e+00
0.000000000000000000e+00 0.000000000000000000e+00
0.000000000000000000e+00 0.000000000000000000e+00
0.000000000000000000e+00 0.000000000000000000e+00
0.000000000000000000e+00 0.000000000000000000e+00
0.000000000000000000e+00 0.000000000000000000e+00
0.000000000000000000e+00 0.000000000000000000e+00
0.000000000000000000e+00 0.000000000000000000e+00
0.000000000000000000e+00 0.000000000000000000e+00
0.000000000000000000e+00 0.000000000000000000e+00
0.000000000000000000e+00 0.000000000000000000e+00
0.000000000000000000e+00 0.000000000000000000e+00
0.000000000000000000e+00 0.000000000000000000e+00
0.000000000000000000e+00 0.000000000000000000e+00
0.000000000000000000e+00 0.000000000000000000e+00
0.000000000000000000e+00 0.000000000000000000e+00
0.000000000000000000e+00 0.000000000000000000e+00
0.000000000000000000e+00 0.000000000000000000e+00
0.000000000000000000e+00 0.000000000000000000e+00
0.000000000000000000e+00 0.000000000000000000e+00
0.000000000000000000e+00 0.000000000000000000e+00
0.000000000000000000e+00 0.000000000000000000e+00
0.000000000000000000e+00 0.000000000000000000e+00
0.000000000000000000e+00 0.000000000000000000e+00
0.000000000000000000e+00 0.000000000000000000e+00
0.000000000000000000e+00 0.000000000000000000e+00
0.000000000000000000e+00 0.000000000000000000e+00
0.000000000000000000e+00 0.000000000000000000e+00
0.000000000000000000e+00 0.000000000000000000e+00
0.000000000000000000e+00 0.000000000000000000e+00
0.000000000000000000e+00 0.000000000000000000e+00
0.000000000000000000e+00 0.000000000000000000e+00
0.000000000000000000e+00 0.000000000000000000e+00
0.000000000000000000e+00 0.000000000000000000e+00
0.000000000000000000e+00 0.000000000000000000e+00
0.000000000000000000e+00 0.000000000000000000e+00
0.000000000000000000e+00 0.000000000000000000e+00
0.000000000000000000e+00 0.000000000000000000e+00
0.000000000000000000e+00 0.000000000000000000e+00
0.000000000000000000e+00 0.000000000000000000e+00
0.000000000000000000e+00 0.000000000000000000e+00
0.000000000000000000e+00 0.000000000000000000e+00
0.000000000000000000e+00 0.000000000000000000e+00
0.000000000000000000e+00 0.000000000000000000e+00
0.000000000000000000e+00 0.000000000000000000e+00
0.000000000000000000e+00 0.000000000000000000e+00
0.000000000000000000e+00 0.000000000000000000e+00
0.000000000000000000e+00 0.000000000000000000e+00
0.000000000000000000e+00 0.000000000000000000e+00
0.000000000000000000e+00 0.000000000000000000e+00
0.000000000000000000e+00 0.000000000000000000e+00
0.000000000000000000e+00 0.000000000000000000e+00
0.000000000000000000e+00 0.000000000000000000e+00
0.000000000000000000e+00 0.000000000000000000e+00
0.000000000000000000e+00 0.000000000000000000e+00
0.000000000000000000e+00 0.000000000000000000e+00
0.000000000000000000e+00 0.000000000000000000e+00
0.000000000000000000e+00 0.000000000000000000e+00
0.000000000000000000e+00 0.000000000000000000e+00
0.000000000000000000e+00 0.000000000000000000e+00
0.000000000000000000e+00 0.000000000000000000e+00
0.000000000000000000e+00 0.000000000000000000e+00
0.000000000000000000e+00 0.000000000000000000e+00
0.000000000000000000e+00 0.000000000000000000e+00
0.000000000000000000e+00 0.000000000000000000e+00
0.000000000000000000e+00 0.000000000000000000e+00
0.000000000000000000e+00 0.000000000000000000e+00
0.000000000000000000e+00 0.000000000000000000e+00
0.000000000000000000e+00 0.000000000000000000e+00
0.000000000000000000e+00 0.000000000000000000e+00
0.000000000000000000e+00 0.000000000000000000e+00
0.000000000000000000e+00 0.000000000000000000e+00
0.000000000000000000e+00 0.000000000000000000e+00
0.000000000000000000e+00 0.000000000000000000e+00
0.000000000000000000e+00 0.000000000000000000e+00
0.000000000000000000e+00 0.000000000000000000e+00
0.000000000000000000e+00 0.000000000000000000e+00
0.000000000000000000e+00 0.000000000000000000e+00
0.000000000000000000e+00 0.000000000000000000e+00
0.000000000000000000e+00 0.000000000000000000e+00
0.000000000000000000e+00 0.000000000000000000e+00
0.000000000000000000e+00 0.000000000000000000e+00
0.000000000000000000e+00 0.000000000000000000e+00
0.000000000000000000e+00 0.000000000000000000e+00
0.000000000000000000e+00 0.000000000000000000e+00
0.000000000000000000e+00 0.000000000000000000e+00
0.000000000000000000e+00 0.000000000000000000e+00
0.000000000000000000e+00 0.000000000000000000e+00
0.000000000000000000e+00 0.000000000000000000e+00
0.000000000000000000e+00 0.000000000000000000e+00
0.000000000000000000e+00 0.000000000000000000e+00
0.000000000000000000e+00 0.000000000000000000e+00
0.000000000000000000e+00 0.000000000000000000e+00
0.000000000000000000e+00 0.000000000000000000e+00
0.000000000000000000e+00 0.000000000000000000e+00
0.000000000000000000e+00 0.000000000000000000e+00
0.000000000000000000e+00 0.000000000000000000e+00
0.000000000000000000e+00 0.000000000000000000e+00
0.000000000000000000e+00 0.000000000000000000e+00
0.000000000000000000e+00 0.000000000000000000e+00
0.000000000000000000e+00 0.000000000000000000e+00
0.000000000000000000e+00 0.000000000000000000e+00
0.000000000000000000e+00 0.000000000000000000e+00
0.000000000000000000e+00 0.000000000000000000e+00
0.000000000000000000e+00 0.000000000000000000e+00
0.000000000000000000e+00 0.000000000000000000e+00
0.000000000000000000e+00 0.000000000000000000e+00
0.000000000000000000e+00 0.000000000000000000e+00
0.000000000000000000e+00 0.000000000000000000e+00
0.000000000000000000e+00 0.000000000000000000e+00
0.000000000000000000e+00 0.000000000000000000e+00
0.000000000000000000e+00 0.000000000000000000e+00
0.000000000000000000e+00 0.000000000000000000e+00
0.000000000000000000e+00 0.000000000000000000e+00
0.000000000000000000e+00 0.000000000000000000e+00
0.000000000000000000e+00 0.000000000000000000e+00
0.000000000000000000e+00 0.000000000000000000e+00
0.000000000000000000e+00 0.000000000000000000e+00
0.000000000000000000e+00 0.000000000000000000e+00
0.000000000000000000e+00 0.000000000000000000e+00
0.000000000000000000e+00 0.000000000000000000e+00
0.000000000000000000e+00 0.000000000000000000e+00
0.000000000000000000e+00 0.000000000000000000e+00
0.000000000000000000e+00 0.000000000000000000e+00
0.000000000000000000e+00 0.000000000000000000e+00
0.000000000000000000e+00 0.000000000000000000e+00
0.000000000000000000e+00 0.000000000000000000e+00
0.000000000000000000e+00 0.000000000000000000e+00
0.000000000000000000e+00 0.000000000000000000e+00
0.000000000000000000e+00 0.000000000000000000e+00
0.000000000000000000e+00 0.000000000000000000e+00
0.000000000000000000e+00 0.000000000000000000e+00
0.000000000000000000e+00 0.000000000000000000e+00
0.000000000000000000e+00 0.000000000000000000e+00
0.000000000000000000e+00 0.000000000000000000e+00
0.000000000000000000e+00 0.000000000000000000e+00
0.000000000000000000e+00 0.000000000000000000e+00
0.000000000000000000e+00 0.000000000000000000e+00
0.000000000000000000e+00 0.000000000000000000e+00
0.000000000000000000e+00 0.000000000000000000e+00
0.000000000000000000e+00 0.000000000000000000e+00
0.000000000000000000e+00 0.000000000000000000e+00
0.000000000000000000e+00 0.000000000000000000e+00
0.000000000000000000e+00 0.000000000000000000e+00
0.000000000000000000e+00 0.000000000000000000e+00
0.000000000000000000e+00 0.000000000000000000e+00
0.000000000000000000e+00 0.000000000000000000e+00
0.000000000000000000e+00 0.000000000000000000e+00
0.000000000000000000e+00 0.000000000000000000e+00
0.000000000000000000e+00 0.000000000000000000e+00
0.000000000000000000e+00 0.000000000000000000e+00
0.000000000000000000e+00 0.000000000000000000e+00
0.000000000000000000e+00 0.000000000000000000e+00
0.000000000000000000e+00 0.000000000000000000e+00
0.000000000000000000e+00 0.000000000000000000e+00
0.000000000000000000e+00 0.000000000000000000e+00
0.000000000000000000e+00 0.000000000000000000e+00
0.000000000000000000e+00 0.000000000000000000e+00
0.000000000000000000e+00 0.000000000000000000e+00
0.000000000000000000e+00 0.000000000000000000e+00
0.000000000000000000e+00 0.000000000000000000e+00
0.000000000000000000e+00 0.000000000000000000e+00
0.000000000000000000e+00 0.000000000000000000e+00
0.000000000000000000e+00 0.000000000000000000e+00
0.000000000000000000e+00 0.000000000000000000e+00
0.000000000000000000e+00 0.000000000000000000e+00
0.000000000000000000e+00 0.000000000000000000e+00
0.000000000000000000e+00 0.000000000000000000e+00
0.000000000000000000e+00 0.000000000000000000e+00
0.000000000000000000e+00 0.000000000000000000e+00
0.000000000000000000e+00 0.000000000000000000e+00
0.000000000000000000e+00 0.000000000000000000e+00
1.581900761341736741e-04 -1.885235915456529943e-04
1.714546233704824054e-04 -2.043316633686595159e-04
-9.102655365356611145e-04 1.084812223381069821e-03
7.268871466643972695e-04 -8.632455586387159131e-04
5.811753538449303171e-04 -6.917048891593484882e-04
5.608831301243076810e-04 -6.684344853511291640e-04
7.686442332078507848e-04 -9.160345263522775509e-04
1.132183390165464537e-03 -1.349283622705184024e-03
1.584690247510276958e-03 -1.888560295619379518e-03
8.794262527750482811e-03 -1.410923862384076168e-02
1.006048304504867860e-02 -1.607755809725706225e-02
1.158692903688561884e-02 -1.849787365049745252e-02
1.360603786679847119e-02 -2.166628950966937792e-02
1.596447755056259327e-02 -2.534024222402498500e-02
1.890082829139932974e-02 -2.987480228475391381e-02
4.067917542281969390e-02 -8.585500943100171645e-02
4.586227045535718611e-02 -9.643628646101926050e-02
5.134975018473357522e-02 -1.081149079771109300e-01
5.761992346930489700e-02 -1.214947756468907902e-01
8.192285670726830171e-02 -2.352288097569769088e-01
7.520316239504740152e-02 -2.055548288067628182e-01
-6.623294987455748128e-02 1.761453562414955210e-01
9.145430508355723020e-02 -2.563396829639674190e-01
9.014452355465266131e-02 -3.346178294973356504e-01
3.251342642670111693e-02 -1.046514593056642323e-01
-8.999583806812150311e-02 3.005681081839997049e-01
7.644798773661698466e-02 -4.008786951933659970e-01
7.800708206931422639e-02 -4.057552609055178339e-01
7.876352028317126774e-02 -3.799434064906813679e-01
6.876325976188540912e-02 -3.863036522604116341e-01
9.161775112351089323e-02 -5.162377548495186153e-01
4.524725828221724117e-02 -2.566099532834850150e-01
3.137322954579244844e-02 -1.770960992394605138e-01
2.146009169882575479e-02 -1.196432472229135568e-01
1.676720880159929955e-02 -9.196811911953353680e-02
9.246775996810838172e-02 -5.200518993475715668e-01
9.088720127779242874e-02 -5.096182629296173161e-01
8.699214956248692288e-02 -4.866340281783498867e-01
8.341966023932861907e-02 -4.662501398856626622e-01
8.053140687484572346e-02 -4.505380072506048883e-01
7.924956727542262214e-02 -4.430688485560077550e-01
8.087328986133027198e-02 -4.501249622598306743e-01
1.259024218074724921e-01 -7.029665739211594655e-01
1.306057700696261759e-01 -7.280057929043239895e-01
1.349420499460242118e-01 -7.530402561924007809e-01
1.393571054025593559e-01 -7.796004314858767659e-01
1.441721019446364216e-01 -8.078800476230449945e-01
1.482734903977600271e-01 -8.298194960697936606e-01
1.481739776694860899e-01 -8.271400144211328298e-01
1.447763731708792689e-01 -8.064240555952106870e-01
1.422420246344361650e-01 -7.925269630082374395e-01
1.411527328232016210e-01 -7.885040001192569203e-01
1.400220479185877998e-01 -7.850235584298109748e-01
1.370826370555029983e-01 -7.692293577326190235e-01
1.339158410576650748e-01 -7.512889586724749158e-01
1.304613424182267112e-01 -7.311194854757567807e-01
1.273145024483061105e-01 -7.124557157570576837e-01
1.253610388466818160e-01 -7.017134092606569507e-01
1.243606942878878185e-01 -6.980675877764140891e-01
1.234137996700558348e-01 -6.942465195553459978e-01
1.205166791543067079e-01 -6.790432912543511446e-01
1.168207595501369600e-01 -6.581598712921820082e-01
1.130784939626657271e-01 -6.365584765471461459e-01
1.100124477678845053e-01 -6.188435882211907879e-01
1.079338384745459622e-01 -6.076747641148663170e-01
1.062383515192953237e-01 -5.990103750684209194e-01
1.045745806820196355e-01 -5.903344432462710456e-01
1.020367192945871443e-01 -5.765551022381043555e-01
9.766393031570599903e-02 -5.524298867152308556e-01
9.339636283720137433e-02 -5.283865487684791251e-01
8.973234037192445722e-02 -5.076061911817961736e-01
8.669107939369288807e-02 -4.902158524553373309e-01
5.792617932512873768e-02 -3.240487366740515407e-01
4.864191994879188408e-02 -2.714908198871794354e-01
4.031949346207721468e-02 -2.245995823195061636e-01
3.506523958722186640e-02 -1.943693350763181782e-01
9.872237335028744010e-02 -5.540528481790797377e-01
1.016770933047284609e-01 -5.693500548402004036e-01
1.009008136911712927e-01 -5.640960990653636209e-01
9.911550952245920532e-02 -5.541158288613978744e-01
9.793381341568443976e-02 -5.482182890172510037e-01
9.781090949265658363e-02 -5.479659523470888915e-01
9.971392359046390985e-02 -5.570168355459678144e-01
1.320259835555063765e-01 -7.376361863593489110e-01
1.373476385173525993e-01 -7.652890556718090487e-01
1.428223792081068089e-01 -7.960429429365525333e-01
1.475472837197646103e-01 -8.242751448726584051e-01
1.498884344366582522e-01 -8.399623545874641550e-01
1.486106531736787750e-01 -8.321149696441541010e-01
1.454776506050573515e-01 -8.133889758363714861e-01
1.420267506452294604e-01 -7.925135476300132487e-01
1.390205323120008718e-01 -7.749226789332055443e-01
1.372420340623300428e-01 -7.662145194704371720e-01
1.367202156550839098e-01 -7.658298139716799291e-01
1.347436950975559045e-01 -7.566116202082958653e-01
1.315297746710217819e-01 -7.387846578449066559e-01
1.281296416402538663e-01 -7.193530015118868581e-01
1.246041824417777333e-01 -6.987308803647288569e-01
1.220376696765018976e-01 -6.836493558344898247e-01
1.205839785854334323e-01 -6.765692460016596854e-01
1.195386631731215898e-01 -6.724649763973715721e-01
1.180658025939601286e-01 -6.652004701055787006e-01
1.143964998351326146e-01 -6.453263998996059403e-01
1.105629929865157846e-01 -6.233107419624394074e-01
1.068869097244715405e-01 -6.021860318487879393e-01
1.042436747597607072e-01 -5.872894418911041026e-01
1.021282560764043279e-01 -5.760496928715772569e-01
1.002521183545305727e-01 -5.660303186081598881e-01
9.815751271922518173e-02 -5.547212712504312471e-01
9.467913541151201651e-02 -5.356192749293731126e-01
9.004397343203195125e-02 -5.100534040505597666e-01
8.570383774975154356e-02 -4.855914245051442535e-01
7.810581060733742809e-02 -4.383653676549036371e-01
7.170127371767898161e-02 -4.015684036676984703e-01
6.420901089651469273e-02 -3.590020799184769906e-01
5.703751046895577659e-02 -3.187578787794943525e-01
5.125332574714470263e-02 -2.858112198497778089e-01
4.908756859888585566e-02 -2.723279812732210536e-01
1.088361654375038096e-01 -6.095275015731747015e-01
1.112848270058819922e-01 -6.217797720354315549e-01
1.119334463808469571e-01 -6.252412011900645439e-01
1.125692414340464520e-01 -6.295306216837055491e-01
1.140787889551758971e-01 -6.393240117011615986e-01
1.172716482425205375e-01 -6.564423146818986199e-01
1.222853331280358002e-01 -6.825223920506000574e-01
1.428352612097111562e-01 -7.960970468800354638e-01
1.466806604675778836e-01 -8.165795408921008303e-01
1.496425609907766907e-01 -8.346136843682310236e-01
1.485166932596668210e-01 -8.309764184453056757e-01
1.457853577167171899e-01 -8.166458129636735563e-01
1.427826642547846969e-01 -7.994186655829504939e-01
1.394456837801639759e-01 -7.796199441145221787e-01
1.361650094119559173e-01 -7.600008968782676622e-01
1.338363297674524943e-01 -7.472692402916332188e-01
1.329033579223993233e-01 -7.439778176776750129e-01
1.321789213433326449e-01 -7.421628660649787212e-01
1.291712610440024500e-01 -7.263638412211681494e-01
1.258134770765340638e-01 -7.072845603006314708e-01
1.222157248230537341e-01 -6.865495217305399578e-01
1.191068577648959903e-01 -6.682602152225785019e-01
1.172069005266317548e-01 -6.577935049478685903e-01
1.158340484566286605e-01 -6.517993873208343114e-01
1.146055046779924508e-01 -6.457902299148110536e-01
1.121239544166249547e-01 -6.326599047849142954e-01
1.080650061457102962e-01 -6.100387710029975263e-01
1.041257839061157930e-01 -5.874563685368932031e-01
1.008501745042920256e-01 -5.688673671023525280e-01
9.830834934500176647e-02 -5.549545312402659469e-01
9.610989316710404073e-02 -5.428314227896743338e-01
9.392289792524982639e-02 -5.309410891991799275e-01
1.854242084607175822e-02 -1.019266407686892639e-01
1.092732425863049590e-02 -5.837472927021713359e-02
8.466016164904871522e-02 -4.761599434789199892e-01
8.621900014429745296e-02 -4.839717224109326144e-01
8.243612878033845792e-02 -4.617702579810429864e-01
7.676643981295142027e-02 -4.294387703437311798e-01
7.126686835943721321e-02 -3.985516502498192004e-01
6.640046941620961207e-02 -3.713170867393595920e-01
6.381476035384589518e-02 -3.558644104350200399e-01
1.138502957660061932e-01 -6.376476755990954093e-01
1.187306227363248146e-01 -6.631648217584817928e-01
1.216293469109874514e-01 -6.787057546363552962e-01
1.241912135076168600e-01 -6.938676920787389957e-01
1.271729408948313322e-01 -7.122466119758927849e-01
1.313697960257773356e-01 -7.359931661184213603e-01
1.367777085075111421e-01 -7.647477114524595665e-01
1.473496267257005665e-01 -8.218076976172116188e-01
1.480041430187861162e-01 -8.236307802359816854e-01
1.476744499444695990e-01 -8.241525665940940826e-01
1.491002894645876709e-01 -8.381925388380564446e-01
1.471884563857318029e-01 -8.284664453732484279e-01
1.444459469678303076e-01 -8.115499197446784940e-01
1.491830822395495137e-01 -8.440362742951474928e-01
1.507032638369428246e-01 -8.515647617258396140e-01
1.548354842738274284e-01 -8.774763400219689480e-01
1.571552474908928798e-01 -8.912716979526211780e-01
1.604240594347258186e-01 -9.096303426203101727e-01
1.636245465307951674e-01 -9.279609159832890031e-01
1.655486750525399231e-01 -9.388731910872678554e-01
1.668049826081193232e-01 -9.459980652870735307e-01
1.681164171240252247e-01 -9.534355800147504834e-01
1.681377605497893502e-01 -9.535566245972548760e-01
1.681588752512991336e-01 -9.536763720200538419e-01
1.682146973857278072e-01 -9.539929550761714339e-01
1.682869352621360060e-01 -9.544026364313333843e-01
1.681412998521352731e-01 -9.535766969783037172e-01
1.673958733231720175e-01 -9.486950351207221743e-01
1.637730182631255416e-01 -9.254537959637805233e-01
1.618556511290230038e-01 -9.130915619179800213e-01
1.601299661159963639e-01 -9.009442863643843946e-01
1.590019355385937083e-01 -8.926384602010751790e-01
1.581069426068707484e-01 -8.880916976330357482e-01
1.567183575787588212e-01 -8.818064943779362341e-01
1.531838065070288690e-01 -8.600449345032177284e-01
1.497085347304843994e-01 -8.384613138612475591e-01
1.459999272876995602e-01 -8.152770512607017128e-01
1.421437394231133411e-01 -7.916664480748700772e-01
1.389200771147319768e-01 -7.731947230808888794e-01
1.369387632346976136e-01 -7.637449810047225451e-01
1.361035286193787719e-01 -7.615931532971726980e-01
1.335298896049080808e-01 -7.489815890709594637e-01
1.300085531690553520e-01 -7.291462217618035480e-01
1.263046842401907566e-01 -7.079591541008480871e-01
1.224142318342144320e-01 -6.852229827154361352e-01
1.210042828166323775e-01 -6.789064302664391537e-01
1.191348695812572411e-01 -6.686236089442596509e-01
1.176857737094875872e-01 -6.618917428083903598e-01
1.159422993315631922e-01 -6.529617993457659253e-01
1.121809111207943133e-01 -6.324734009881324281e-01
1.080826327531940745e-01 -6.091190903996486217e-01
1.047410557677728171e-01 -5.907755643537710988e-01
1.044742223465028319e-01 -5.910642840739115389e-01
1.049980875577362360e-01 -5.951186427785439825e-01
1.042921944614744328e-01 -5.914461931144567863e-01
1.003450837167506049e-01 -5.689799970486623115e-01
9.652226555462917190e-02 -5.474049698282805743e-01
9.263158944871413558e-02 -5.241916472027503549e-01
8.975224476888371550e-02 -5.076208450901822378e-01
8.762889185824626614e-02 -4.962311828780033296e-01
4.440613415080989224e-02 -2.503739008129112209e-01
4.189066423663959093e-02 -2.363166142611222709e-01
8.439340463976871543e-02 -4.785755766351381668e-01
8.304501990537477285e-02 -4.692952246510128100e-01
8.425086780043938850e-02 -4.753315739421988262e-01
7.518746817330447529e-02 -4.261677253644668428e-01
6.361869172094475333e-02 -3.607995297448568506e-01
1.064461292130992331e-01 -6.036546779391441797e-01
1.054807737284609997e-01 -5.974908827770195607e-01
1.023140381744910982e-01 -5.789414554770042631e-01
1.018746502548052990e-01 -5.754545560537208670e-01
9.929090093976905562e-02 -5.598835572929862225e-01
1.344937582902132056e-01 -7.550350958234701704e-01
1.401720420463584138e-01 -7.839182846054182363e-01
1.448671146387056630e-01 -8.092085411267671002e-01
1.507431732606331343e-01 -8.460189111690357144e-01
1.556388404940837744e-01 -8.756373560968875314e-01
1.552095683996694842e-01 -8.709329127040117413e-01
1.522761181847467338e-01 -8.519428388839531685e-01
1.495593145597909346e-01 -8.348361292100111575e-01
1.480972785204319464e-01 -8.272842255304463377e-01
1.469682241477974771e-01 -8.222646049854360761e-01
1.453790504090185509e-01 -8.165244146980538131e-01
1.438744558258215345e-01 -8.091086430178240363e-01
1.406566996825298621e-01 -7.890064187193011058e-01
1.378716057055547617e-01 -7.721857660983837413e-01
1.360370869524514803e-01 -7.616201044884292060e-01
1.356040771986163351e-01 -7.608826495475210505e-01
1.352104494811487423e-01 -7.603933940015283888e-01
1.316074195769404431e-01 -7.401256475975237503e-01
1.279897612702736720e-01 -7.189601088805336326e-01
1.241373822605139621e-01 -6.962011812783882592e-01
1.207839161944508077e-01 -6.768619201184689071e-01
1.185446878587847058e-01 -6.643194614196705761e-01
1.168763470342104177e-01 -6.563997595594135426e-01
1.154657323533338775e-01 -6.498373689511351969e-01
1.134342515665623108e-01 -6.392251372322850234e-01
1.093171147231641188e-01 -6.166211184949332846e-01
1.052183589379183104e-01 -5.931925304699436907e-01
1.013178231750087449e-01 -5.709439643695339850e-01
9.831486610854461849e-02 -5.541077044796047790e-01
9.573163005858491281e-02 -5.400967253757396058e-01
9.330439825060612979e-02 -5.269736957673449851e-01
2.767560481850266443e-02 -1.524169054487830022e-01
1.816141130547658036e-02 -9.868698722694493886e-02
1.110553642464705976e-02 -5.840737288850110509e-02
8.912056865638878778e-02 -4.995657784128890722e-01
8.633276505422667058e-02 -4.852226474116888566e-01
8.170563989627012413e-02 -4.579757732625847066e-01
7.562298922749290109e-02 -4.236161331334816760e-01
7.748112134901280479e-02 -4.342522646955522814e-01
7.310728077985520490e-02 -4.110010908258290296e-01
1.154299253449354579e-01 -6.504526362393874273e-01
1.189401293948465499e-01 -6.694475093552023637e-01
1.198755318710141710e-01 -6.761464700541933714e-01
1.220414572981619317e-01 -6.879380632946613394e-01
1.252148255507554708e-01 -7.059017773775158044e-01
1.308795748115343938e-01 -7.356313231533500030e-01
1.507325044349747678e-01 -8.456202959926366614e-01
1.570200846372616366e-01 -8.814886416329292818e-01
1.588243654482835998e-01 -8.924988411636304297e-01
1.573060999983809105e-01 -8.849256821894908587e-01
1.548046707530011667e-01 -8.691693558855110302e-01
1.520720838473340886e-01 -8.517202702669162129e-01
1.494394278933741660e-01 -8.349965597407771334e-01
1.479387787196455584e-01 -8.268673317211814311e-01
1.476297742868293295e-01 -8.272519919858865034e-01
1.456476608719643184e-01 -8.181061585256699242e-01
1.433214189966368068e-01 -8.052626531176276803e-01
1.406827722449424112e-01 -7.895774428099624487e-01
1.379024085133837840e-01 -7.728072065043591898e-01
1.359887174703217627e-01 -7.615903994555257572e-01
1.354838558633026935e-01 -7.602685994713367368e-01
1.353193099856823678e-01 -7.611118406162571404e-01
1.327389417514364123e-01 -7.476105502272517578e-01
1.299175164529386972e-01 -7.314398122378340528e-01
1.268306933644839096e-01 -7.133752777535979916e-01
1.245166853739234913e-01 -6.995217956044743612e-01
1.234489820221889717e-01 -6.942159482590812836e-01
1.229957440236677385e-01 -6.928194753109739867e-01
1.220195618386333974e-01 -6.880901114591428946e-01
1.186350957252570171e-01 -6.698458163799525522e-01
1.152677486854941785e-01 -6.504261594120601675e-01
1.123296910747884347e-01 -6.334064965674423009e-01
1.104854219996398712e-01 -6.231775315410117422e-01
1.092669950341379481e-01 -6.167276929195597557e-01
1.081775903788468052e-01 -6.111007779761015168e-01
1.059261967349212075e-01 -5.989014937003922512e-01
1.018405768386778099e-01 -5.764039506783082967e-01
1.007542425922173940e-01 -5.714057042625932947e-01
1.005852155863491693e-01 -5.704471044771886046e-01
1.026623656724270084e-01 -5.822272079969792458e-01
1.045585041599954024e-01 -5.929807437290033345e-01
1.036428858810934800e-01 -5.877880144301572685e-01
1.032591948487448230e-01 -5.856119944540479905e-01
1.029877598292388008e-01 -5.840726099627160384e-01
1.006422317803827016e-01 -5.707704593818350158e-01
9.854189038297669900e-02 -5.588588313997361334e-01
9.467831857349985614e-02 -5.364217912161245438e-01
9.284500693409469818e-02 -5.262141177089494359e-01
9.107157489863479394e-02 -5.163016325231368775e-01
2.334643001650990590e-02 -1.308613821822160461e-01
2.319450861580925338e-02 -1.289508412281845096e-01
8.779896063489824043e-02 -4.955886939654363110e-01
8.727354032657927418e-02 -4.919265151289289317e-01
8.207084872437736545e-02 -4.624674353237608893e-01
7.551243853797928729e-02 -4.257129895051167123e-01
6.971554129132548350e-02 -3.924804013742355102e-01
6.560828294443418751e-02 -3.688405504301616178e-01
1.130423381675069033e-01 -6.363574233065552033e-01
1.167890289486602229e-01 -6.561973811776627974e-01
1.182056620188528251e-01 -6.641864120199643118e-01
1.197400754359327912e-01 -6.737722185873795677e-01
1.226083749726790684e-01 -6.900154612406750321e-01
1.271497315474278411e-01 -7.144135511395033333e-01
1.469505284980929805e-01 -8.239856543136627742e-01
1.524187085153121679e-01 -8.531197914623469547e-01
1.565660257734549921e-01 -8.772845940444260471e-01
1.565707156907152897e-01 -8.795026939122794207e-01
1.547565789328981256e-01 -8.697246625912434803e-01
1.527808975290108062e-01 -8.574745931150237199e-01
1.505570107087254583e-01 -8.434583498475478613e-01
1.490968372984387003e-01 -8.348776558250066149e-01
1.490190437874190921e-01 -8.360202997204154718e-01
1.479513860230964040e-01 -8.319722793884061218e-01
1.461223901798965608e-01 -8.223559075635414883e-01
1.440054558258896666e-01 -8.096912142267738144e-01
1.417409080451821346e-01 -7.957044298991384768e-01
1.403628027071185946e-01 -7.875827543906903649e-01
1.428095439510826958e-01 -8.049018322900021172e-01
1.434738272058157793e-01 -8.101993096015374096e-01
1.393233528879235794e-01 -7.843435663934029689e-01
1.353898541319414062e-01 -7.598507476299005692e-01
1.313498721683302173e-01 -7.351004438634648475e-01
1.279468706282683721e-01 -7.147043212347883312e-01
1.256189054454846521e-01 -7.022879486454232101e-01
1.242210818552422352e-01 -6.964074728856226582e-01
1.228345898754299031e-01 -6.901972971393564027e-01
1.196265901249379954e-01 -6.729348536502385292e-01
1.155517898992787645e-01 -6.497755241009499638e-01
1.115063177738528366e-01 -6.266079643320106030e-01
1.077342426451550483e-01 -6.049576221517001251e-01
1.049777011187732478e-01 -5.897128461433187585e-01
1.025939361608381173e-01 -5.775108727802487074e-01
1.004297329057149690e-01 -5.661118531818706279e-01
9.798674689264008641e-02 -5.531510373364878497e-01
9.431705991630370822e-02 -5.331113926735013830e-01
8.949680482561904460e-02 -5.063644064369743347e-01
8.485402002434305757e-02 -4.802756178646601093e-01
8.220422401609667196e-02 -4.597230847086749561e-01
7.759157326403633148e-02 -4.325851032574140609e-01
7.147260709058780859e-02 -3.975813437905778014e-01
6.539418512723897681e-02 -3.634423793656743618e-01
6.011076420665001363e-02 -3.341002005965733046e-01
5.691968512531123126e-02 -3.156771908861477627e-01
5.719160472866645362e-02 -3.150671805614386756e-01
1.154437983327993023e-01 -6.432351349463631962e-01
1.185386833521585442e-01 -6.592314748172081185e-01
1.207276315873255235e-01 -6.717651198588150407e-01
1.231426870791755696e-01 -6.867294492687945340e-01
1.263781977665399681e-01 -7.067519023930179944e-01
1.308322426597443022e-01 -7.310552121004121329e-01
1.360367655649677987e-01 -7.581187452422963879e-01
1.445984317834219657e-01 -8.039196570386490936e-01
1.435202423166123120e-01 -7.965608829852819373e-01
1.407825412735540793e-01 -7.825764359018462235e-01
1.394998330754540772e-01 -7.783386401023097978e-01
1.374241388058935476e-01 -7.696588837371499681e-01
1.339852321168512606e-01 -7.505358722348609568e-01
1.302842133550728421e-01 -7.293020022316981654e-01
1.263233735153168058e-01 -7.061931718581836437e-01
1.226923384255604876e-01 -6.851252099627089809e-01
1.200645079203825211e-01 -6.710462329784401270e-01
1.186270820511055313e-01 -6.653684156870376398e-01
1.173827934750555219e-01 -6.601809434212566607e-01
1.151871790225916237e-01 -6.488212113379054902e-01
1.109921733476761374e-01 -6.255633851221755748e-01
1.069466920598017290e-01 -6.026229324558344258e-01
1.032855207715692447e-01 -5.816533446149912967e-01
1.005858808909662616e-01 -5.667265758851285362e-01
9.827689375348849787e-02 -5.543179277947718475e-01
9.609529001310884722e-02 -5.426989434596450890e-01
9.350435945455193298e-02 -5.286475130207615170e-01
1.050851170483222546e-02 -5.560896896384112664e-02
8.482659313597468165e-02 -4.807971766845224870e-01
8.629398462570284090e-02 -4.841621970741813996e-01
8.453599499492778224e-02 -4.729881139360995190e-01
7.962452077009858631e-02 -4.445747818139504925e-01
7.386690930330577776e-02 -4.122069021957454060e-01
6.866264888326364946e-02 -3.832248053702785873e-01
6.468345841413600250e-02 -3.608722973070266349e-01
6.364332630248825673e-02 -3.533771363481550409e-01
1.163018018080907434e-01 -6.496916503892029571e-01
1.204783189997993553e-01 -6.713617254951981250e-01
1.232947683535800393e-01 -6.870063914918311809e-01
1.260208420635912097e-01 -7.035998392438176374e-01
1.294930921505313970e-01 -7.249435965854683639e-01
1.341315813613202512e-01 -7.506211755252527595e-01
1.394990706533056901e-01 -7.787752352483202634e-01
1.471620169209308937e-01 -8.195496942375699589e-01
1.459529904667408173e-01 -8.112515951539903680e-01
1.436462967643868938e-01 -7.996979442424563267e-01
1.427539101452975634e-01 -7.975614973466783608e-01
1.403074794009524784e-01 -7.864057576998189081e-01
1.371815537610052704e-01 -7.688813074942377757e-01
1.337598865386951386e-01 -7.489129820794189207e-01
1.300270544542208029e-01 -7.269426781781250790e-01
1.269207989572343487e-01 -7.089347842259585697e-01
1.249574055939224465e-01 -6.990136605544512438e-01
1.238393049100343091e-01 -6.950152644267524327e-01
1.229820980358946464e-01 -6.919668527052004192e-01
1.203296603194712461e-01 -6.787007145696895005e-01
1.177214819397213730e-01 -6.649894363415946863e-01
1.144112461181606699e-01 -6.448088873994290982e-01
1.122610780425035704e-01 -6.323583284792667625e-01
1.101272108242171144e-01 -6.203302612139497407e-01
1.083174129402568325e-01 -6.104271104018932359e-01
1.061600861929097306e-01 -5.987916644060551352e-01
1.022404968953226356e-01 -5.773809027225339507e-01
9.774336517247270151e-02 -5.520473527617211218e-01
9.373656060055590711e-02 -5.298051868551206800e-01
9.047250902425618690e-02 -5.114815922378772584e-01
8.765780153462518487e-02 -4.956144082352033631e-01
5.252827491309750019e-02 -2.934814033035519909e-01
4.265651773103847078e-02 -2.377886341463387732e-01
3.468264454672308206e-02 -1.925150785133268871e-01
3.034424039624467398e-02 -1.674022430246763504e-01
9.859790483877148293e-02 -5.530848183168559640e-01
9.919682861715135858e-02 -5.550408737728440567e-01
9.694725762832268057e-02 -5.420732177909943772e-01
9.460199085790271800e-02 -5.293472897781541509e-01
9.260088569406613179e-02 -5.188661003311104691e-01
9.310092922441567942e-02 -5.211805306872669963e-01
9.543024810358631538e-02 -5.322706466524008695e-01
1.320124946604505078e-01 -7.370669337847486347e-01
1.381644224283815614e-01 -7.710274389152276253e-01
1.465247177605777107e-01 -8.246067586710769115e-01
1.559200325409597077e-01 -8.814708918012390537e-01
1.637371091258272848e-01 -9.267435492848807854e-01
1.657828053893073972e-01 -9.386355153590695277e-01
1.646190567656718451e-01 -9.303663838786667695e-01
1.666811579902016671e-01 -9.444650673214449732e-01
1.687168893332677555e-01 -9.568410271382123966e-01
1.692040184241818124e-01 -9.596036734953203862e-01
1.694109831683718315e-01 -9.607774288863473178e-01
1.694775006175815446e-01 -9.611546680867375514e-01
1.693674856311643273e-01 -9.605307420943838270e-01
1.693102947633552957e-01 -9.602063965655303068e-01
1.691812949156675239e-01 -9.594748020746055595e-01
1.690169100058097063e-01 -9.585425289239091207e-01
1.684855009043553786e-01 -9.555287581480520487e-01
1.676724887652090157e-01 -9.509179371841827155e-01
1.660376237278311795e-01 -9.405708560339147706e-01
1.638352676934162200e-01 -9.244553463141340632e-01
1.623402251620660319e-01 -9.152481540179990827e-01
1.620307519524654682e-01 -9.142231178812680881e-01
1.591321861335955046e-01 -8.960350054253396479e-01
1.564887484115515259e-01 -8.785841706940227258e-01
1.537475789993064945e-01 -8.606582151823485294e-01
1.515896554396120588e-01 -8.472616140433811838e-01
1.507917865777366195e-01 -8.439524316343902655e-01
1.494269072927583986e-01 -8.386208910716470566e-01
1.472845363499763471e-01 -8.276696130622369640e-01
1.448809040786727120e-01 -8.134331793474800509e-01
1.421196389943683025e-01 -7.964597511573552335e-01
1.396085992974003820e-01 -7.813250543879632914e-01
1.392015498500971393e-01 -7.807218198611231008e-01
1.399115778387268194e-01 -7.870915930189679166e-01
1.384715006008898075e-01 -7.800554208334884443e-01
1.362803570771533579e-01 -7.680522285103074109e-01
1.132099201282371209e-01 -6.367248171682949875e-01
1.192138818416279972e-01 -6.701837299318529340e-01
5.732954848674322312e-02 -3.251320260597582168e-01
-1.102588174677918559e-01 6.253088269576344560e-01
1.194687833400039922e-01 -6.775411389680106033e-01
1.265761253823801114e-01 -7.178488786787430298e-01
1.300106133609546244e-01 -7.490470168658714956e-01
1.566272622237971368e-01 -8.961899592176019169e-01
1.531893938565702662e-01 -8.751383457486556772e-01
1.247481089544117266e-01 -8.229099934367796187e-01
1.205628105561795255e-01 -7.963035772362687670e-01
1.179722946380287324e-01 -7.726481980760868673e-01
1.145863353035582871e-01 -7.470990093281424382e-01
6.116984420534875289e-02 -6.282910136744616070e-01
5.736379098442005026e-02 -5.903941093645048710e-01
5.271057847427398912e-02 -5.460524425787185443e-01
4.268593311380665389e-03 -3.801240318208662927e-01
4.491828951990553022e-03 -3.491394395681065577e-01
4.546531027368837588e-03 -3.179714765632429829e-01
4.280645806022284963e-03 -2.812824640980894353e-01
-1.346795545726738215e-02 -1.454636765324797409e-01
-1.132243265430379897e-02 -1.217588474761039374e-01
4.029437807914475200e-03 4.092132600808396498e-02
-3.379655415808532643e-03 -1.677339094579743603e-02
-2.589979451927537993e-03 -1.279035407267687698e-02
-1.660712823274895474e-03 -8.014619264354911829e-03
-1.333920310203189248e-03 -6.819085841783653970e-03
-1.478368720199298560e-04 -4.061784676375602260e-04
-7.803010625496936508e-05 -2.143859549731732541e-04
0.000000000000000000e+00 0.000000000000000000e+00
0.000000000000000000e+00 0.000000000000000000e+00
0.000000000000000000e+00 0.000000000000000000e+00
0.000000000000000000e+00 0.000000000000000000e+00
0.000000000000000000e+00 0.000000000000000000e+00
0.000000000000000000e+00 0.000000000000000000e+00
0.000000000000000000e+00 0.000000000000000000e+00
0.000000000000000000e+00 0.000000000000000000e+00
0.000000000000000000e+00 0.000000000000000000e+00
0.000000000000000000e+00 0.000000000000000000e+00
0.000000000000000000e+00 0.000000000000000000e+00
0.000000000000000000e+00 0.000000000000000000e+00
0.000000000000000000e+00 0.000000000000000000e+00
0.000000000000000000e+00 0.000000000000000000e+00
0.000000000000000000e+00 0.000000000000000000e+00
0.000000000000000000e+00 0.000000000000000000e+00
0.000000000000000000e+00 0.000000000000000000e+00
0.000000000000000000e+00 0.000000000000000000e+00
0.000000000000000000e+00 0.000000000000000000e+00
0.000000000000000000e+00 0.000000000000000000e+00
0.000000000000000000e+00 0.000000000000000000e+00
0.000000000000000000e+00 0.000000000000000000e+00
0.000000000000000000e+00 0.000000000000000000e+00
0.000000000000000000e+00 0.000000000000000000e+00
0.000000000000000000e+00 0.000000000000000000e+00
0.000000000000000000e+00 0.000000000000000000e+00
0.000000000000000000e+00 0.000000000000000000e+00
0.000000000000000000e+00 0.000000000000000000e+00
0.000000000000000000e+00 0.000000000000000000e+00
0.000000000000000000e+00 0.000000000000000000e+00
0.000000000000000000e+00 0.000000000000000000e+00
0.000000000000000000e+00 0.000000000000000000e+00
0.000000000000000000e+00 0.000000000000000000e+00
0.000000000000000000e+00 0.000000000000000000e+00
0.000000000000000000e+00 0.000000000000000000e+00
0.000000000000000000e+00 0.000000000000000000e+00
0.000000000000000000e+00 0.000000000000000000e+00
0.000000000000000000e+00 0.000000000000000000e+00
0.000000000000000000e+00 0.000000000000000000e+00
0.000000000000000000e+00 0.000000000000000000e+00
0.000000000000000000e+00 0.000000000000000000e+00
0.000000000000000000e+00 0.000000000000000000e+00
0.000000000000000000e+00 0.000000000000000000e+00
0.000000000000000000e+00 0.000000000000000000e+00
0.000000000000000000e+00 0.000000000000000000e+00
0.000000000000000000e+00 0.000000000000000000e+00
0.000000000000000000e+00 0.000000000000000000e+00
0.000000000000000000e+00 0.000000000000000000e+00
0.000000000000000000e+00 0.000000000000000000e+00
0.000000000000000000e+00 0.000000000000000000e+00
0.000000000000000000e+00 0.000000000000000000e+00
0.000000000000000000e+00 0.000000000000000000e+00
0.000000000000000000e+00 0.000000000000000000e+00
0.000000000000000000e+00 0.000000000000000000e+00
0.000000000000000000e+00 0.000000000000000000e+00
0.000000000000000000e+00 0.000000000000000000e+00
0.000000000000000000e+00 0.000000000000000000e+00
0.000000000000000000e+00 0.000000000000000000e+00
0.000000000000000000e+00 0.000000000000000000e+00
0.000000000000000000e+00 0.000000000000000000e+00
0.000000000000000000e+00 0.000000000000000000e+00
0.000000000000000000e+00 0.000000000000000000e+00
0.000000000000000000e+00 0.000000000000000000e+00
0.000000000000000000e+00 0.000000000000000000e+00
0.000000000000000000e+00 0.000000000000000000e+00
0.000000000000000000e+00 0.000000000000000000e+00
0.000000000000000000e+00 0.000000000000000000e+00
0.000000000000000000e+00 0.000000000000000000e+00
0.000000000000000000e+00 0.000000000000000000e+00
0.000000000000000000e+00 0.000000000000000000e+00
0.000000000000000000e+00 0.000000000000000000e+00
0.000000000000000000e+00 0.000000000000000000e+00
0.000000000000000000e+00 0.000000000000000000e+00
3.502923330603352654e-04 -4.174621463828618955e-04
6.771508164796076175e-04 -8.069969182676746096e-04
1.330132800551096913e-03 -1.585190543684166691e-03
1.008953208487763445e-02 -1.625904457352500554e-02
1.318188581474131343e-02 -2.114593084651291213e-02
-3.326999357061500781e-03 5.490710301771411887e-03
1.729065190030253801e-02 -3.773324721243184049e-02
2.990338437560034757e-02 -6.567226117855642920e-02
3.527600206620215562e-02 -7.712730881754573109e-02
4.104934526584032295e-02 -8.945737175579099310e-02
8.647835630169631305e-02 -2.577327189536657293e-01
9.694125398586816988e-02 -2.833179877020402526e-01
1.041041380458543886e-01 -2.996951997855804573e-01
1.105381048196932559e-01 -4.310333289539813872e-01
1.164630513901554754e-01 -4.553894969945644355e-01
1.218205804988312380e-01 -4.772041357154287455e-01
1.132266906669000539e-01 -5.738312536441971812e-01
1.133181700848226864e-01 -5.737019041696191923e-01
1.114328121748986988e-01 -5.649225253743943576e-01
1.012271816835614846e-01 -5.733630318638671675e-01
1.007776955563680910e-01 -5.708768781186928098e-01
1.000955822035246301e-01 -5.673200304310697106e-01
9.853553480658966413e-02 -5.588227871349193965e-01
4.298943988969762542e-02 -2.438052288819902436e-01
9.922127776453382175e-02 -5.627118287052387258e-01
9.722761425317548445e-02 -5.514052010788368374e-01
9.804293769406377534e-02 -5.560291300862547637e-01
9.610853322437870605e-02 -5.450585771855427364e-01
9.618409002984258660e-02 -5.454870811227188199e-01
1.287280534394358855e-01 -7.300530691458488874e-01
1.323602831364469323e-01 -7.506524673911836310e-01
1.375939226449988673e-01 -7.803339119864671769e-01
1.446697019114580873e-01 -8.204626502999650128e-01
1.603307396316238087e-01 -9.092808087986877785e-01
1.656429918480429309e-01 -9.394080882148889700e-01
1.671192629916162242e-01 -9.477804379122625189e-01
1.672275559719660909e-01 -9.483945979229129186e-01
1.667045001642321056e-01 -9.454282010298659111e-01
1.665791352016598725e-01 -9.447172209968128787e-01
1.667346735706386474e-01 -9.455993229210553075e-01
1.669931270419003355e-01 -9.470650853938384905e-01
1.665943299598126037e-01 -9.448033947524778764e-01
1.664807391082728794e-01 -9.441591890212654992e-01
1.666251470516343924e-01 -9.449781671650598902e-01
1.669084673008168207e-01 -9.465849561433776760e-01
1.665804872390859448e-01 -9.447248887820866026e-01
1.664379101205516187e-01 -9.439162937618492677e-01
1.665616880707589398e-01 -9.446182734005295067e-01
1.668533141586484581e-01 -9.462721671309035631e-01
1.635148406220547634e-01 -9.273387428575448066e-01
1.608153376725387773e-01 -9.120291008579501923e-01
1.593448028596168853e-01 -9.036892835083112363e-01
1.573724691121852759e-01 -8.925036229842837621e-01
1.554927167950284628e-01 -8.818430178426082122e-01
1.533614088116189711e-01 -8.697557696242920189e-01
1.508630229909873055e-01 -8.555867195413531245e-01
1.481590657460792881e-01 -8.402518159772830453e-01
1.462958120266704409e-01 -8.296847790330643679e-01
1.459635620646383969e-01 -8.278004958638234267e-01
1.452046203647339162e-01 -8.234963235990051533e-01
1.430272408050345390e-01 -8.111477904876747136e-01
1.404896742273509525e-01 -7.967565352895883413e-01
1.376902468492617881e-01 -7.808801936948912559e-01
1.355907978879189457e-01 -7.689736269692126758e-01
1.349485290301404294e-01 -7.653311392727865092e-01
1.351133264287521785e-01 -7.662657517634534621e-01
1.332229310658387678e-01 -7.555447869098728120e-01
1.304225139927025767e-01 -7.396628324756485684e-01
1.274076697516586809e-01 -7.225648011424371520e-01
1.250198885522424419e-01 -7.090230210369624642e-01
1.239455407378727281e-01 -7.029300918093815964e-01
1.235451267353834953e-01 -7.006592311567441111e-01
1.179814244721008182e-01 -6.688151230152483695e-01
1.101976599950818397e-01 -6.241553669720178998e-01
1.025626220636374764e-01 -5.807183647974765162e-01
9.502595861991114390e-02 -5.378700255997883595e-01
8.905072677380028445e-02 -5.035117878473350794e-01
9.919747118053791335e-02 -3.198082627824823110e-01
9.440810328002682827e-02 -2.879581485193298818e-01
9.771332065104892939e-02 -2.654344574580889127e-01
1.041026587220126309e-01 -2.540510091677294913e-01
9.285563668482907373e-02 -5.168147990759637267e-01
9.596794775452277548e-02 -4.897303588932436225e-01
1.022872654762321115e-01 -4.915343108575437880e-01
1.076093242556608598e-01 -5.039195428351297412e-01
1.130228434888057576e-01 -5.338545655227433517e-01
1.144378823436416892e-01 -5.707101439766676387e-01
1.086401720145215993e-01 -7.505606478673308990e-01
1.140154387387768836e-01 -7.868881856770775229e-01
1.192111448520535022e-01 -8.347832606001326372e-01
1.225979799409523674e-01 -8.947844341268722523e-01
1.212000162604843223e-01 -8.828771383636573322e-01
1.272665629971543588e-02 -1.063679822676170394e-01
-6.388560212195269761e-02 5.058348419680959163e-01
7.539589074759761589e-02 -5.691354263102132993e-01
7.151066549482795742e-02 -5.339205629314565105e-01
6.970581369971390329e-02 -5.172738823605175229e-01
9.946161322474096622e-02 -7.316481649355084382e-01
1.046950539598805463e-01 -7.310768946211942954e-01
9.632465529637856960e-02 -7.822032667367082581e-01
9.629675968336923186e-02 -7.916449659918878279e-01
9.332219457479903890e-02 -7.589258047396666429e-01
9.405900149669585431e-02 -7.630622332055196910e-01
9.539244195713983410e-02 -7.698209379205928071e-01
9.259936949349573121e-02 -7.478729276762432487e-01
9.122436207325293478e-02 -7.380927690188013868e-01
9.866942974345435657e-02 -7.325824603572990146e-01
1.023896276092085139e-01 -8.024054746713569219e-01
1.030374805356021883e-01 -8.191361510852968042e-01
9.151708005938910540e-02 -8.018559340573274685e-01
9.000478885814450214e-02 -7.957939039700061556e-01
8.937510010896132506e-02 -7.927843637833582591e-01
-1.109588587108889524e-02 9.232651873320282809e-02
4.885694215272989166e-02 -4.070856227521608139e-01
6.105782220130510918e-02 -5.105776857095599697e-01
6.061837751691681597e-02 -5.061234838509731659e-01
2.946502051582650106e-02 -3.851182946101099347e-01
-1.204627233933462313e-02 -1.228982321235000397e-01
5.432812321221912322e-03 2.116601715357546362e-02
0.000000000000000000e+00 0.000000000000000000e+00
0.000000000000000000e+00 0.000000000000000000e+00
0.000000000000000000e+00 0.000000000000000000e+00
0.000000000000000000e+00 0.000000000000000000e+00
0.000000000000000000e+00 0.000000000000000000e+00
0.000000000000000000e+00 0.000000000000000000e+00
0.000000000000000000e+00 0.000000000000000000e+00
0.000000000000000000e+00 0.000000000000000000e+00
0.000000000000000000e+00 0.000000000000000000e+00
0.000000000000000000e+00 0.000000000000000000e+00
0.000000000000000000e+00 0.000000000000000000e+00
0.000000000000000000e+00 0.000000000000000000e+00
0.000000000000000000e+00 0.000000000000000000e+00
0.000000000000000000e+00 0.000000000000000000e+00
0.000000000000000000e+00 0.000000000000000000e+00
4.522623913981614618e-02 -9.728715986609046129e-02
1.686038028955303691e-01 -6.832636664499088797e-01
1.612382164292736897e-01 -9.429319966497100580e-01
1.178970656962646940e-01 -9.546367512426232604e-01
1.161926168380670865e-01 -9.511910884054851634e-01
4.105807765810377125e-02 -8.076197553661048634e-01
-1.243560603035794021e-02 -3.499951654877988538e-01
4.876575590602691933e-03 1.488960759482702012e-02
1.420782618177628869e-03 3.903568161396654777e-03
0.000000000000000000e+00 0.000000000000000000e+00
0.000000000000000000e+00 0.000000000000000000e+00
0.000000000000000000e+00 0.000000000000000000e+00
0.000000000000000000e+00 0.000000000000000000e+00
0.000000000000000000e+00 0.000000000000000000e+00
0.000000000000000000e+00 0.000000000000000000e+00
0.000000000000000000e+00 0.000000000000000000e+00
0.000000000000000000e+00 0.000000000000000000e+00
0.000000000000000000e+00 0.000000000000000000e+00
0.000000000000000000e+00 0.000000000000000000e+00
0.000000000000000000e+00 0.000000000000000000e+00
0.000000000000000000e+00 0.000000000000000000e+00
0.000000000000000000e+00 0.000000000000000000e+00
0.000000000000000000e+00 0.000000000000000000e+00
5.026051959802079090e-03 -8.577971444243010640e-03
1.179008946001043751e-01 -3.457994150488422624e-01
1.970726191486260881e-01 -8.061499120570982946e-01
1.272349672209297233e-01 -9.539182114157533920e-01
1.164842522768331778e-01 -9.496881548829126940e-01
9.347128781254288032e-02 -9.235393316311923950e-01
3.002427004185672516e-02 -6.847912456951995575e-01
-1.307430680006680529e-02 -1.003760290190491011e-01
6.109587153379766010e-03 1.489358925800341425e-02
0.000000000000000000e+00 0.000000000000000000e+00
0.000000000000000000e+00 0.000000000000000000e+00
0.000000000000000000e+00 0.000000000000000000e+00
0.000000000000000000e+00 0.000000000000000000e+00
0.000000000000000000e+00 0.000000000000000000e+00
0.000000000000000000e+00 0.000000000000000000e+00
0.000000000000000000e+00 0.000000000000000000e+00
0.000000000000000000e+00 0.000000000000000000e+00
0.000000000000000000e+00 0.000000000000000000e+00
0.000000000000000000e+00 0.000000000000000000e+00
0.000000000000000000e+00 0.000000000000000000e+00
0.000000000000000000e+00 0.000000000000000000e+00
0.000000000000000000e+00 0.000000000000000000e+00
0.000000000000000000e+00 0.000000000000000000e+00
0.000000000000000000e+00 0.000000000000000000e+00
0.000000000000000000e+00 0.000000000000000000e+00
3.991619174904466360e-05 -6.913687215400698375e-05
3.790275849437807487e-02 -8.689839761745130065e-02
1.554237055768764031e-01 -4.761467339946592325e-01
1.546090094428373973e-01 -9.669270213981524531e-01
1.205951696315094024e-01 -9.492696412630963199e-01
1.160252746353337000e-01 -9.586634260428830157e-01
4.526102798761573454e-02 -8.296314079822060261e-01
-1.360509547153867030e-02 -3.766728448356629899e-01
1.174528600100727344e-03 1.237056708967518423e-03
2.750900954802661114e-03 7.259981495985585488e-03
0.000000000000000000e+00 0.000000000000000000e+00
0.000000000000000000e+00 0.000000000000000000e+00
0.000000000000000000e+00 0.000000000000000000e+00
0.000000000000000000e+00 0.000000000000000000e+00
0.000000000000000000e+00 0.000000000000000000e+00
0.000000000000000000e+00 0.000000000000000000e+00
0.000000000000000000e+00 0.000000000000000000e+00
0.000000000000000000e+00 0.000000000000000000e+00
0.000000000000000000e+00 0.000000000000000000e+00
0.000000000000000000e+00 0.000000000000000000e+00
0.000000000000000000e+00 0.000000000000000000e+00
0.000000000000000000e+00 0.000000000000000000e+00
0.000000000000000000e+00 0.000000000000000000e+00
3.924268723535304765e-04 -6.797032811716612923e-04
7.107766750525439103e-02 -1.473456633181718656e-01
2.070038146319357342e-01 -7.915369439986696953e-01
1.271483467072869744e-01 -9.180648538944181647e-01
1.124128057329507463e-01 -9.187426535026792518e-01
8.222795997053596040e-02 -8.877096912222477432e-01
2.194078998996002589e-02 -6.704088606700038255e-01
-1.224078554674943448e-02 -8.513183530113581365e-02
1.960844997665638252e-03 4.009583132948546860e-03
0.000000000000000000e+00 0.000000000000000000e+00
0.000000000000000000e+00 0.000000000000000000e+00
0.000000000000000000e+00 0.000000000000000000e+00
0.000000000000000000e+00 0.000000000000000000e+00
0.000000000000000000e+00 0.000000000000000000e+00
0.000000000000000000e+00 0.000000000000000000e+00
0.000000000000000000e+00 0.000000000000000000e+00
0.000000000000000000e+00 0.000000000000000000e+00
0.000000000000000000e+00 0.000000000000000000e+00
0.000000000000000000e+00 0.000000000000000000e+00
0.000000000000000000e+00 0.000000000000000000e+00
0.000000000000000000e+00 0.000000000000000000e+00
0.000000000000000000e+00 0.000000000000000000e+00
0.000000000000000000e+00 0.000000000000000000e+00
5.877300347067108272e-02 -1.214153570998299375e-01
1.987914631391056175e-01 -7.478861954244718779e-01
1.319397971646205092e-01 -9.335621544423231555e-01
1.121663265939519954e-01 -8.924589301848641076e-01
5.180788127448067437e-02 -6.250307735467663939e-01
1.622097530969895951e-02 1.520462047696904961e-01
-1.236282268818933439e-02 -8.518087537555182887e-02
5.794835512090147980e-03 1.357839033742448340e-02
0.000000000000000000e+00 0.000000000000000000e+00
0.000000000000000000e+00 0.000000000000000000e+00
0.000000000000000000e+00 0.000000000000000000e+00
0.000000000000000000e+00 0.000000000000000000e+00
0.000000000000000000e+00 0.000000000000000000e+00
0.000000000000000000e+00 0.000000000000000000e+00
0.000000000000000000e+00 0.000000000000000000e+00
0.000000000000000000e+00 0.000000000000000000e+00
0.000000000000000000e+00 0.000000000000000000e+00
0.000000000000000000e+00 0.000000000000000000e+00
0.000000000000000000e+00 0.000000000000000000e+00
0.000000000000000000e+00 0.000000000000000000e+00
0.000000000000000000e+00 0.000000000000000000e+00
1.047565791487362280e-03 -1.814437175127216455e-03
1.033673973749667380e-01 -2.865432875948442648e-01
1.754053250168191580e-01 -6.264491655116269930e-01
-3.091832460320721038e-02 1.950146766373803131e-01
9.020745804656188360e-02 -7.316244239000702088e-01
6.878262629213902080e-02 -6.884121598522330299e-01
-1.523395517505184843e-02 -3.697979633350925721e-01
-9.067058866485738430e-04 -1.797267140235602259e-02
5.352903854839881174e-03 1.334631936038285262e-02
0.000000000000000000e+00 0.000000000000000000e+00
0.000000000000000000e+00 0.000000000000000000e+00
0.000000000000000000e+00 0.000000000000000000e+00
0.000000000000000000e+00 0.000000000000000000e+00
0.000000000000000000e+00 0.000000000000000000e+00
0.000000000000000000e+00 0.000000000000000000e+00
0.000000000000000000e+00 0.000000000000000000e+00
0.000000000000000000e+00 0.000000000000000000e+00
0.000000000000000000e+00 0.000000000000000000e+00
0.000000000000000000e+00 0.000000000000000000e+00
0.000000000000000000e+00 0.000000000000000000e+00
0.000000000000000000e+00 0.000000000000000000e+00
0.000000000000000000e+00 0.000000000000000000e+00
3.224157584140401153e-04 -5.584404747339703420e-04
-1.792267756093525108e-02 2.839287926609434728e-02
1.503394041254714486e-01 -5.740125748745391610e-01
9.731507705310638023e-02 -6.948794908862242492e-01
8.442562532694444788e-02 -6.930174288667769744e-01
8.359445896668013520e-02 -8.550647719926547374e-01
-2.108639479261127311e-02 -4.368755545755866332e-01
6.039422126208610422e-03 1.802861435551588939e-02
-7.518819511979970074e-03 -2.993139727036159270e-02
-9.190084063569609052e-03 -3.643744096644348923e-02
-9.882059494147556536e-03 -3.946881957533949353e-02
-1.005913115792477636e-02 -4.035209576632075440e-02
-9.798831694808317685e-03 -3.978101782714477119e-02
-9.352950761099114788e-03 -3.868833167336087342e-02
-8.936062733172166900e-03 -3.788969792317278124e-02
-8.643936964364542716e-03 -3.705575309234882680e-02
-8.524814472127127674e-03 -3.635360266092228787e-02
-8.550510264980047334e-03 -3.640251045944715991e-02
2.753994736412297088e-03 6.997551122723904247e-03
0.000000000000000000e+00 0.000000000000000000e+00
0.000000000000000000e+00 0.000000000000000000e+00
0.000000000000000000e+00 0.000000000000000000e+00
0.000000000000000000e+00 0.000000000000000000e+00
0.000000000000000000e+00 0.000000000000000000e+00
0.000000000000000000e+00 0.000000000000000000e+00
0.000000000000000000e+00 0.000000000000000000e+00
0.000000000000000000e+00 0.000000000000000000e+00
0.000000000000000000e+00 0.000000000000000000e+00
0.000000000000000000e+00 0.000000000000000000e+00
0.000000000000000000e+00 0.000000000000000000e+00
0.000000000000000000e+00 0.000000000000000000e+00
0.000000000000000000e+00 0.000000000000000000e+00
1.716616129477133504e-02 -3.910578943550746533e-02
1.410835504129570039e-01 -3.944081009986111774e-01
1.594010815904563227e-01 -8.830139444227382839e-01
1.013723715171086226e-01 -8.123073498805188919e-01
9.974840206159742151e-02 -8.269896410518013941e-01
2.982712415637954473e-02 -7.092858522067841953e-01
-1.274486845529005513e-02 -2.614147213467974407e-01
2.249494305738467849e-03 7.381442435378136532e-03
0.000000000000000000e+00 0.000000000000000000e+00
0.000000000000000000e+00 0.000000000000000000e+00
0.000000000000000000e+00 0.000000000000000000e+00
0.000000000000000000e+00 0.000000000000000000e+00
0.000000000000000000e+00 0.000000000000000000e+00
0.000000000000000000e+00 0.000000000000000000e+00
0.000000000000000000e+00 0.000000000000000000e+00
0.000000000000000000e+00 0.000000000000000000e+00
0.000000000000000000e+00 0.000000000000000000e+00
0.000000000000000000e+00 0.000000000000000000e+00
0.000000000000000000e+00 0.000000000000000000e+00
0.000000000000000000e+00 0.000000000000000000e+00
0.000000000000000000e+00 0.000000000000000000e+00
0.000000000000000000e+00 0.000000000000000000e+00
6.361330566437091785e-03 -1.068163444805170920e-02
1.417474554133204001e-01 -4.008601945702053304e-01
1.798522167058217436e-01 -9.979804962996681184e-01
1.261719702893317197e-01 -9.184063322622667558e-01
1.109401695927363651e-01 -9.115485428502549947e-01
1.101406091215676591e-02 -1.139373446082710822e-01
-2.261474557318414805e-04 -1.694739183252961801e-01
3.993641232286417563e-03 1.179231410485321804e-02
2.835773292767764658e-03 7.460475327638136506e-03
0.000000000000000000e+00 0.000000000000000000e+00
0.000000000000000000e+00 0.000000000000000000e+00
0.000000000000000000e+00 0.000000000000000000e+00
0.000000000000000000e+00 0.000000000000000000e+00
0.000000000000000000e+00 0.000000000000000000e+00
0.000000000000000000e+00 0.000000000000000000e+00
0.000000000000000000e+00 0.000000000000000000e+00
0.000000000000000000e+00 0.000000000000000000e+00
0.000000000000000000e+00 0.000000000000000000e+00
0.000000000000000000e+00 0.000000000000000000e+00
0.000000000000000000e+00 0.000000000000000000e+00
0.000000000000000000e+00 0.000000000000000000e+00
0.000000000000000000e+00 0.000000000000000000e+00
0.000000000000000000e+00 0.000000000000000000e+00
5.775057505291113225e-02 -1.228491814334080612e-01
1.899543434461583580e-01 -7.240118868408925712e-01
1.247858856268155292e-02 -7.448568124568537285e-02
6.070601313785581321e-02 -4.884955599809009952e-01
8.662052653587083706e-02 -8.538403734466268880e-01
3.170044769559316605e-02 -7.161225629531540182e-01
-1.786639605840927708e-02 -1.281401115972696514e-01
1.200621717132211233e-02 4.272556573498941662e-02
0.000000000000000000e+00 0.000000000000000000e+00
0.000000000000000000e+00 0.000000000000000000e+00
0.000000000000000000e+00 0.000000000000000000e+00
0.000000000000000000e+00 0.000000000000000000e+00
0.000000000000000000e+00 0.000000000000000000e+00
0.000000000000000000e+00 0.000000000000000000e+00
0.000000000000000000e+00 0.000000000000000000e+00
0.000000000000000000e+00 0.000000000000000000e+00
0.000000000000000000e+00 0.000000000000000000e+00
0.000000000000000000e+00 0.000000000000000000e+00
0.000000000000000000e+00 0.000000000000000000e+00
0.000000000000000000e+00 0.000000000000000000e+00
0.000000000000000000e+00 0.000000000000000000e+00
0.000000000000000000e+00 0.000000000000000000e+00
-8.699744435529295494e-03 1.836879215749605970e-02
1.265278013031346238e-01 -3.563229036236211789e-01
1.431205067977109890e-01 -7.922486077045201025e-01
1.011543254306501716e-01 -8.141180245667085646e-01
1.078463715092722597e-01 -9.096428743730280431e-01
2.960897019045762024e-02 -7.873548403163613818e-01
-2.431353257847737592e-02 -1.628665583165780917e-01
1.461397020322783777e-02 4.621575797093881166e-02
0.000000000000000000e+00 0.000000000000000000e+00
0.000000000000000000e+00 0.000000000000000000e+00
0.000000000000000000e+00 0.000000000000000000e+00
0.000000000000000000e+00 0.000000000000000000e+00
0.000000000000000000e+00 0.000000000000000000e+00
0.000000000000000000e+00 0.000000000000000000e+00
0.000000000000000000e+00 0.000000000000000000e+00
0.000000000000000000e+00 0.000000000000000000e+00
0.000000000000000000e+00 0.000000000000000000e+00
0.000000000000000000e+00 0.000000000000000000e+00
0.000000000000000000e+00 0.000000000000000000e+00
0.000000000000000000e+00 0.000000000000000000e+00
0.000000000000000000e+00 0.000000000000000000e+00
0.000000000000000000e+00 0.000000000000000000e+00
5.761375921502315256e-02 -1.231520608003330852e-01
1.772023138071152915e-01 -7.053911511004948842e-01
1.206283700811071197e-01 -8.985009117215370100e-01
1.106245177111457034e-01 -8.966013571690005790e-01
9.061700656175471214e-02 -9.235340285222666257e-01
3.316598634891004121e-02 -7.338074282949264004e-01
-9.651416088779396496e-03 -3.320377369029799408e-01
4.530996995561418703e-03 1.425043874185350640e-02
3.813861279315877923e-04 1.047849774585269626e-03
0.000000000000000000e+00 0.000000000000000000e+00
0.000000000000000000e+00 0.000000000000000000e+00
0.000000000000000000e+00 0.000000000000000000e+00
0.000000000000000000e+00 0.000000000000000000e+00
0.000000000000000000e+00 0.000000000000000000e+00
0.000000000000000000e+00 0.000000000000000000e+00
0.000000000000000000e+00 0.000000000000000000e+00
0.000000000000000000e+00 0.000000000000000000e+00
0.000000000000000000e+00 0.000000000000000000e+00
0.000000000000000000e+00 0.000000000000000000e+00
0.000000000000000000e+00 0.000000000000000000e+00
0.000000000000000000e+00 0.000000000000000000e+00
0.000000000000000000e+00 0.000000000000000000e+00
0.000000000000000000e+00 0.000000000000000000e+00
0.000000000000000000e+00 0.000000000000000000e+00
2.715232990934010344e-03 -4.702921494684911621e-03
9.813011147993233596e-02 -2.967477309584151124e-01
1.943173685238770709e-01 -8.157455383780836122e-01
1.290127227138835042e-01 -9.788946127092525984e-01
1.175409799884439971e-01 -9.506437006124415223e-01
9.129050998846044429e-02 -9.135517003008053472e-01
-2.189539266202732842e-02 -4.924177223471587483e-01
2.035396057714744522e-03 3.395739534485437729e-03
6.234271084541179175e-03 1.522534624947189004e-02
0.000000000000000000e+00 0.000000000000000000e+00
0.000000000000000000e+00 0.000000000000000000e+00
0.000000000000000000e+00 0.000000000000000000e+00
0.000000000000000000e+00 0.000000000000000000e+00
0.000000000000000000e+00 0.000000000000000000e+00
0.000000000000000000e+00 0.000000000000000000e+00
0.000000000000000000e+00 0.000000000000000000e+00
0.000000000000000000e+00 0.000000000000000000e+00
0.000000000000000000e+00 0.000000000000000000e+00
0.000000000000000000e+00 0.000000000000000000e+00
0.000000000000000000e+00 0.000000000000000000e+00
0.000000000000000000e+00 0.000000000000000000e+00
0.000000000000000000e+00 0.000000000000000000e+00
0.000000000000000000e+00 0.000000000000000000e+00
0.000000000000000000e+00 0.000000000000000000e+00
0.000000000000000000e+00 0.000000000000000000e+00
0.000000000000000000e+00 0.000000000000000000e+00
0.000000000000000000e+00 0.000000000000000000e+00
0.000000000000000000e+00 0.000000000000000000e+00
0.000000000000000000e+00 0.000000000000000000e+00
0.000000000000000000e+00 0.000000000000000000e+00
0.000000000000000000e+00 0.000000000000000000e+00
0.000000000000000000e+00 0.000000000000000000e+00
0.000000000000000000e+00 0.000000000000000000e+00
0.000000000000000000e+00 0.000000000000000000e+00
0.000000000000000000e+00 0.000000000000000000e+00
0.000000000000000000e+00 0.000000000000000000e+00
0.000000000000000000e+00 0.000000000000000000e+00
0.000000000000000000e+00 0.000000000000000000e+00
0.000000000000000000e+00 0.000000000000000000e+00
0.000000000000000000e+00 0.000000000000000000e+00
0.000000000000000000e+00 0.000000000000000000e+00
0.000000000000000000e+00 0.000000000000000000e+00
0.000000000000000000e+00 0.000000000000000000e+00
0.000000000000000000e+00 0.000000000000000000e+00
0.000000000000000000e+00 0.000000000000000000e+00
0.000000000000000000e+00 0.000000000000000000e+00
0.000000000000000000e+00 0.000000000000000000e+00
0.000000000000000000e+00 0.000000000000000000e+00
0.000000000000000000e+00 0.000000000000000000e+00
0.000000000000000000e+00 0.000000000000000000e+00
0.000000000000000000e+00 0.000000000000000000e+00
0.000000000000000000e+00 0.000000000000000000e+00
0.000000000000000000e+00 0.000000000000000000e+00
0.000000000000000000e+00 0.000000000000000000e+00
0.000000000000000000e+00 0.000000000000000000e+00
0.000000000000000000e+00 0.000000000000000000e+00
0.000000000000000000e+00 0.000000000000000000e+00
0.000000000000000000e+00 0.000000000000000000e+00
0.000000000000000000e+00 0.000000000000000000e+00
0.000000000000000000e+00 0.000000000000000000e+00
0.000000000000000000e+00 0.000000000000000000e+00
0.000000000000000000e+00 0.000000000000000000e+00
0.000000000000000000e+00 0.000000000000000000e+00
0.000000000000000000e+00 0.000000000000000000e+00
0.000000000000000000e+00 0.000000000000000000e+00
0.000000000000000000e+00 0.000000000000000000e+00
0.000000000000000000e+00 0.000000000000000000e+00
0.000000000000000000e+00 0.000000000000000000e+00
0.000000000000000000e+00 0.000000000000000000e+00
0.000000000000000000e+00 0.000000000000000000e+00
0.000000000000000000e+00 0.000000000000000000e+00
0.000000000000000000e+00 0.000000000000000000e+00
0.000000000000000000e+00 0.000000000000000000e+00
0.000000000000000000e+00 0.000000000000000000e+00
0.000000000000000000e+00 0.000000000000000000e+00
0.000000000000000000e+00 0.000000000000000000e+00
0.000000000000000000e+00 0.000000000000000000e+00
0.000000000000000000e+00 0.000000000000000000e+00
0.000000000000000000e+00 0.000000000000000000e+00
-1.959841635440882511e-04 2.335648309952382672e-04
2.543484431053482557e-04 -3.031206708415426737e-04
5.433807905377974331e-04 -6.475760092701016895e-04
5.097399191985462971e-03 -8.410027079981730047e-03
8.954662353966434674e-03 -1.471561398673703475e-02
1.275287925677333171e-02 -2.070187779768187936e-02
3.425604942609752901e-02 -7.541922577804505146e-02
4.171586427172442602e-02 -9.145545555331828502e-02
4.971856209740903310e-02 -1.088523694957582721e-01
7.687058940182674160e-02 -2.341927782011278270e-01
8.657464269517550770e-02 -2.623067854732989979e-01
9.540791260493623749e-02 -2.872526841746605442e-01
1.028029201743574650e-01 -4.413422122688163696e-01
1.103619610284989894e-01 -4.756416591713667485e-01
1.178357380879802851e-01 -5.106018538040080212e-01
1.053066407739894350e-01 -6.389098285595490312e-01
1.073523558315038623e-01 -6.507135473620718757e-01
1.084896663826858676e-01 -6.543846264320664075e-01
1.076897295896733775e-01 -6.523242434204573614e-01
-3.869132572963043110e-02 2.897824476914678815e-01
8.321496679676800012e-02 -6.155459806843870396e-01
8.696971903238337465e-02 -6.381716371466352733e-01
5.753400409835478235e-02 -4.322418882604145418e-01
-6.019696182348700797e-02 4.604828170423213018e-01
5.321223637219109348e-02 -4.002794105767563670e-01
4.498937180939427405e-02 -3.365902947965036529e-01
3.885525686974887483e-02 -2.858548919305756719e-01
3.378863716951838181e-02 -2.460866752806401270e-01
2.292456748316196863e-02 -2.117385657745683436e-01
6.260393707129253971e-02 -5.405855782288039313e-01
5.991888914635602054e-02 -5.194023070174917933e-01
2.736994287344446733e-02 -4.387788173968622529e-01
2.570724077638856034e-02 -4.116030562962892381e-01
2.398434431598180094e-02 -3.863819110588604389e-01
-5.956749273971675973e-03 -2.883965245635681240e-01
-4.690210287631416293e-03 -3.518724344028010265e-01
-4.004901248884177103e-03 -3.317049846230814558e-01
-2.880526125973066620e-03 -3.069561978079465847e-01
-1.926112082136586384e-02 -1.755244430985045678e-01
-1.622570015002176499e-02 -1.504872105310987307e-01
-1.321415027661444058e-02 -1.240074947204751477e-01
-1.038858979449886095e-02 -4.526042744565788450e-02
4.373357139207655411e-03 1.925073931077503006e-02
-3.070888751236739832e-03 -1.447036061925810642e-02
-6.883096955096535720e-04 -1.891115346004460396e-03
-3.488984830050891506e-04 -9.585907037384550381e-04
-2.178245170643022973e-04 -5.984679420377788262e-04
-8.685934406688493076e-05 -2.386440864924062419e-04
0.000000000000000000e+00 0.000000000000000000e+00
0.000000000000000000e+00 0.000000000000000000e+00
0.000000000000000000e+00 0.000000000000000000e+00
0.000000000000000000e+00 0.000000000000000000e+00
0.000000000000000000e+00 0.000000000000000000e+00
0.000000000000000000e+00 0.000000000000000000e+00
0.000000000000000000e+00 0.000000000000000000e+00
0.000000000000000000e+00 0.000000000000000000e+00
0.000000000000000000e+00 0.000000000000000000e+00
0.000000000000000000e+00 0.000000000000000000e+00
0.000000000000000000e+00 0.000000000000000000e+00
0.000000000000000000e+00 0.000000000000000000e+00
0.000000000000000000e+00 0.000000000000000000e+00
0.000000000000000000e+00 0.000000000000000000e+00
0.000000000000000000e+00 0.000000000000000000e+00
0.000000000000000000e+00 0.000000000000000000e+00
0.000000000000000000e+00 0.000000000000000000e+00
0.000000000000000000e+00 0.000000000000000000e+00
0.000000000000000000e+00 0.000000000000000000e+00
0.000000000000000000e+00 0.000000000000000000e+00
0.000000000000000000e+00 0.000000000000000000e+00
0.000000000000000000e+00 0.000000000000000000e+00
0.000000000000000000e+00 0.000000000000000000e+00
0.000000000000000000e+00 0.000000000000000000e+00
0.000000000000000000e+00 0.000000000000000000e+00
0.000000000000000000e+00 0.000000000000000000e+00
0.000000000000000000e+00 0.000000000000000000e+00
0.000000000000000000e+00 0.000000000000000000e+00
0.000000000000000000e+00 0.000000000000000000e+00
0.000000000000000000e+00 0.000000000000000000e+00
0.000000000000000000e+00 0.000000000000000000e+00
0.000000000000000000e+00 0.000000000000000000e+00
0.000000000000000000e+00 0.000000000000000000e+00
0.000000000000000000e+00 0.000000000000000000e+00
0.000000000000000000e+00 0.000000000000000000e+00
0.000000000000000000e+00 0.000000000000000000e+00
0.000000000000000000e+00 0.000000000000000000e+00
0.000000000000000000e+00 0.000000000000000000e+00
0.000000000000000000e+00 0.000000000000000000e+00
0.000000000000000000e+00 0.000000000000000000e+00
0.000000000000000000e+00 0.000000000000000000e+00
0.000000000000000000e+00 0.000000000000000000e+00
0.000000000000000000e+00 0.000000000000000000e+00
0.000000000000000000e+00 0.000000000000000000e+00
0.000000000000000000e+00 0.000000000000000000e+00
0.000000000000000000e+00 0.000000000000000000e+00
0.000000000000000000e+00 0.000000000000000000e+00
0.000000000000000000e+00 0.000000000000000000e+00
0.000000000000000000e+00 0.000000000000000000e+00
0.000000000000000000e+00 0.000000000000000000e+00
0.000000000000000000e+00 0.000000000000000000e+00
0.000000000000000000e+00 0.000000000000000000e+00
0.000000000000000000e+00 0.000000000000000000e+00
0.000000000000000000e+00 0.000000000000000000e+00
0.000000000000000000e+00 0.000000000000000000e+00
0.000000000000000000e+00 0.000000000000000000e+00
0.000000000000000000e+00 0.000000000000000000e+00
0.000000000000000000e+00 0.000000000000000000e+00
0.000000000000000000e+00 0.000000000000000000e+00
0.000000000000000000e+00 0.000000000000000000e+00
0.000000000000000000e+00 0.000000000000000000e+00
0.000000000000000000e+00 0.000000000000000000e+00
0.000000000000000000e+00 0.000000000000000000e+00
0.000000000000000000e+00 0.000000000000000000e+00
0.000000000000000000e+00 0.000000000000000000e+00
0.000000000000000000e+00 0.000000000000000000e+00
0.000000000000000000e+00 0.000000000000000000e+00
0.000000000000000000e+00 0.000000000000000000e+00
0.000000000000000000e+00 0.000000000000000000e+00
0.000000000000000000e+00 0.000000000000000000e+00
0.000000000000000000e+00 0.000000000000000000e+00
0.000000000000000000e+00 0.000000000000000000e+00
0.000000000000000000e+00 0.000000000000000000e+00
0.000000000000000000e+00 0.000000000000000000e+00
0.000000000000000000e+00 0.000000000000000000e+00
0.000000000000000000e+00 0.000000000000000000e+00
0.000000000000000000e+00 0.000000000000000000e+00
0.000000000000000000e+00 0.000000000000000000e+00
0.000000000000000000e+00 0.000000000000000000e+00
0.000000000000000000e+00 0.000000000000000000e+00
0.000000000000000000e+00 0.000000000000000000e+00
0.000000000000000000e+00 0.000000000000000000e+00
0.000000000000000000e+00 0.000000000000000000e+00
0.000000000000000000e+00 0.000000000000000000e+00
0.000000000000000000e+00 0.000000000000000000e+00
0.000000000000000000e+00 0.000000000000000000e+00
0.000000000000000000e+00 0.000000000000000000e+00
0.000000000000000000e+00 0.000000000000000000e+00
0.000000000000000000e+00 0.000000000000000000e+00
0.000000000000000000e+00 0.000000000000000000e+00
0.000000000000000000e+00 0.000000000000000000e+00
0.000000000000000000e+00 0.000000000000000000e+00
0.000000000000000000e+00 0.000000000000000000e+00
0.000000000000000000e+00 0.000000000000000000e+00
0.000000000000000000e+00 0.000000000000000000e+00
0.000000000000000000e+00 0.000000000000000000e+00
0.000000000000000000e+00 0.000000000000000000e+00
0.000000000000000000e+00 0.000000000000000000e+00
0.000000000000000000e+00 0.000000000000000000e+00
0.000000000000000000e+00 0.000000000000000000e+00
0.000000000000000000e+00 0.000000000000000000e+00
0.000000000000000000e+00 0.000000000000000000e+00
0.000000000000000000e+00 0.000000000000000000e+00
0.000000000000000000e+00 0.000000000000000000e+00
0.000000000000000000e+00 0.000000000000000000e+00
0.000000000000000000e+00 0.000000000000000000e+00
0.000000000000000000e+00 0.000000000000000000e+00
0.000000000000000000e+00 0.000000000000000000e+00
0.000000000000000000e+00 0.000000000000000000e+00
0.000000000000000000e+00 0.000000000000000000e+00
0.000000000000000000e+00 0.000000000000000000e+00
0.000000000000000000e+00 0.000000000000000000e+00
0.000000000000000000e+00 0.000000000000000000e+00
0.000000000000000000e+00 0.000000000000000000e+00
0.000000000000000000e+00 0.000000000000000000e+00
0.000000000000000000e+00 0.000000000000000000e+00
0.000000000000000000e+00 0.000000000000000000e+00
0.000000000000000000e+00 0.000000000000000000e+00
0.000000000000000000e+00 0.000000000000000000e+00
0.000000000000000000e+00 0.000000000000000000e+00
0.000000000000000000e+00 0.000000000000000000e+00
0.000000000000000000e+00 0.000000000000000000e+00
0.000000000000000000e+00 0.000000000000000000e+00
0.000000000000000000e+00 0.000000000000000000e+00
0.000000000000000000e+00 0.000000000000000000e+00
0.000000000000000000e+00 0.000000000000000000e+00
0.000000000000000000e+00 0.000000000000000000e+00
0.000000000000000000e+00 0.000000000000000000e+00
0.000000000000000000e+00 0.000000000000000000e+00
0.000000000000000000e+00 0.000000000000000000e+00
0.000000000000000000e+00 0.000000000000000000e+00
0.000000000000000000e+00 0.000000000000000000e+00
0.000000000000000000e+00 0.000000000000000000e+00
0.000000000000000000e+00 0.000000000000000000e+00
0.000000000000000000e+00 0.000000000000000000e+00
0.000000000000000000e+00 0.000000000000000000e+00
0.000000000000000000e+00 0.000000000000000000e+00
0.000000000000000000e+00 0.000000000000000000e+00
0.000000000000000000e+00 0.000000000000000000e+00
0.000000000000000000e+00 0.000000000000000000e+00
0.000000000000000000e+00 0.000000000000000000e+00
0.000000000000000000e+00 0.000000000000000000e+00
0.000000000000000000e+00 0.000000000000000000e+00
0.000000000000000000e+00 0.000000000000000000e+00
0.000000000000000000e+00 0.000000000000000000e+00
0.000000000000000000e+00 0.000000000000000000e+00
0.000000000000000000e+00 0.000000000000000000e+00
0.000000000000000000e+00 0.000000000000000000e+00
0.000000000000000000e+00 0.000000000000000000e+00
0.000000000000000000e+00 0.000000000000000000e+00
0.000000000000000000e+00 0.000000000000000000e+00
0.000000000000000000e+00 0.000000000000000000e+00
0.000000000000000000e+00 0.000000000000000000e+00
0.000000000000000000e+00 0.000000000000000000e+00
0.000000000000000000e+00 0.000000000000000000e+00
0.000000000000000000e+00 0.000000000000000000e+00
0.000000000000000000e+00 0.000000000000000000e+00
0.000000000000000000e+00 0.000000000000000000e+00
0.000000000000000000e+00 0.000000000000000000e+00
0.000000000000000000e+00 0.000000000000000000e+00
0.000000000000000000e+00 0.000000000000000000e+00
0.000000000000000000e+00 0.000000000000000000e+00
0.000000000000000000e+00 0.000000000000000000e+00
0.000000000000000000e+00 0.000000000000000000e+00
0.000000000000000000e+00 0.000000000000000000e+00
0.000000000000000000e+00 0.000000000000000000e+00
0.000000000000000000e+00 0.000000000000000000e+00
0.000000000000000000e+00 0.000000000000000000e+00
0.000000000000000000e+00 0.000000000000000000e+00
0.000000000000000000e+00 0.000000000000000000e+00
0.000000000000000000e+00 0.000000000000000000e+00
0.000000000000000000e+00 0.000000000000000000e+00
0.000000000000000000e+00 0.000000000000000000e+00
0.000000000000000000e+00 0.000000000000000000e+00
0.000000000000000000e+00 0.000000000000000000e+00
0.000000000000000000e+00 0.000000000000000000e+00
0.000000000000000000e+00 0.000000000000000000e+00
0.000000000000000000e+00 0.000000000000000000e+00
0.000000000000000000e+00 0.000000000000000000e+00
0.000000000000000000e+00 0.000000000000000000e+00
0.000000000000000000e+00 0.000000000000000000e+00
0.000000000000000000e+00 0.000000000000000000e+00
0.000000000000000000e+00 0.000000000000000000e+00
0.000000000000000000e+00 0.000000000000000000e+00
0.000000000000000000e+00 0.000000000000000000e+00
0.000000000000000000e+00 0.000000000000000000e+00
0.000000000000000000e+00 0.000000000000000000e+00
0.000000000000000000e+00 0.000000000000000000e+00
0.000000000000000000e+00 0.000000000000000000e+00
0.000000000000000000e+00 0.000000000000000000e+00
0.000000000000000000e+00 0.000000000000000000e+00
0.000000000000000000e+00 0.000000000000000000e+00
0.000000000000000000e+00 0.000000000000000000e+00
0.000000000000000000e+00 0.000000000000000000e+00
0.000000000000000000e+00 0.000000000000000000e+00
0.000000000000000000e+00 0.000000000000000000e+00
0.000000000000000000e+00 0.000000000000000000e+00
0.000000000000000000e+00 0.000000000000000000e+00
0.000000000000000000e+00 0.000000000000000000e+00
0.000000000000000000e+00 0.000000000000000000e+00
0.000000000000000000e+00 0.000000000000000000e+00
0.000000000000000000e+00 0.000000000000000000e+00
0.000000000000000000e+00 0.000000000000000000e+00
0.000000000000000000e+00 0.000000000000000000e+00
0.000000000000000000e+00 0.000000000000000000e+00
0.000000000000000000e+00 0.000000000000000000e+00
0.000000000000000000e+00 0.000000000000000000e+00
0.000000000000000000e+00 0.000000000000000000e+00
0.000000000000000000e+00 0.000000000000000000e+00
0.000000000000000000e+00 0.000000000000000000e+00
0.000000000000000000e+00 0.000000000000000000e+00
0.000000000000000000e+00 0.000000000000000000e+00
0.000000000000000000e+00 0.000000000000000000e+00
0.000000000000000000e+00 0.000000000000000000e+00
0.000000000000000000e+00 0.000000000000000000e+00
0.000000000000000000e+00 0.000000000000000000e+00
0.000000000000000000e+00 0.000000000000000000e+00
0.000000000000000000e+00 0.000000000000000000e+00
0.000000000000000000e+00 0.000000000000000000e+00
0.000000000000000000e+00 0.000000000000000000e+00
0.000000000000000000e+00 0.000000000000000000e+00
0.000000000000000000e+00 0.000000000000000000e+00
0.000000000000000000e+00 0.000000000000000000e+00
0.000000000000000000e+00 0.000000000000000000e+00
0.000000000000000000e+00 0.000000000000000000e+00
0.000000000000000000e+00 0.000000000000000000e+00
0.000000000000000000e+00 0.000000000000000000e+00
0.000000000000000000e+00 0.000000000000000000e+00
0.000000000000000000e+00 0.000000000000000000e+00
0.000000000000000000e+00 0.000000000000000000e+00
0.000000000000000000e+00 0.000000000000000000e+00
0.000000000000000000e+00 0.000000000000000000e+00
0.000000000000000000e+00 0.000000000000000000e+00
0.000000000000000000e+00 0.000000000000000000e+00
0.000000000000000000e+00 0.000000000000000000e+00
0.000000000000000000e+00 0.000000000000000000e+00
0.000000000000000000e+00 0.000000000000000000e+00
0.000000000000000000e+00 0.000000000000000000e+00
0.000000000000000000e+00 0.000000000000000000e+00
0.000000000000000000e+00 0.000000000000000000e+00
0.000000000000000000e+00 0.000000000000000000e+00
0.000000000000000000e+00 0.000000000000000000e+00
0.000000000000000000e+00 0.000000000000000000e+00
0.000000000000000000e+00 0.000000000000000000e+00
0.000000000000000000e+00 0.000000000000000000e+00
0.000000000000000000e+00 0.000000000000000000e+00
0.000000000000000000e+00 0.000000000000000000e+00
0.000000000000000000e+00 0.000000000000000000e+00
0.000000000000000000e+00 0.000000000000000000e+00
0.000000000000000000e+00 0.000000000000000000e+00
0.000000000000000000e+00 0.000000000000000000e+00
0.000000000000000000e+00 0.000000000000000000e+00
0.000000000000000000e+00 0.000000000000000000e+00
0.000000000000000000e+00 0.000000000000000000e+00
0.000000000000000000e+00 0.000000000000000000e+00
0.000000000000000000e+00 0.000000000000000000e+00
0.000000000000000000e+00 0.000000000000000000e+00
0.000000000000000000e+00 0.000000000000000000e+00
0.000000000000000000e+00 0.000000000000000000e+00
0.000000000000000000e+00 0.000000000000000000e+00
0.000000000000000000e+00 0.000000000000000000e+00
0.000000000000000000e+00 0.000000000000000000e+00
0.000000000000000000e+00 0.000000000000000000e+00
0.000000000000000000e+00 0.000000000000000000e+00
0.000000000000000000e+00 0.000000000000000000e+00
0.000000000000000000e+00 0.000000000000000000e+00
0.000000000000000000e+00 0.000000000000000000e+00
0.000000000000000000e+00 0.000000000000000000e+00
0.000000000000000000e+00 0.000000000000000000e+00
0.000000000000000000e+00 0.000000000000000000e+00
0.000000000000000000e+00 0.000000000000000000e+00
0.000000000000000000e+00 0.000000000000000000e+00
0.000000000000000000e+00 0.000000000000000000e+00
0.000000000000000000e+00 0.000000000000000000e+00
0.000000000000000000e+00 0.000000000000000000e+00
0.000000000000000000e+00 0.000000000000000000e+00
0.000000000000000000e+00 0.000000000000000000e+00
0.000000000000000000e+00 0.000000000000000000e+00
0.000000000000000000e+00 0.000000000000000000e+00
0.000000000000000000e+00 0.000000000000000000e+00
0.000000000000000000e+00 0.000000000000000000e+00
0.000000000000000000e+00 0.000000000000000000e+00
0.000000000000000000e+00 0.000000000000000000e+00
0.000000000000000000e+00 0.000000000000000000e+00
0.000000000000000000e+00 0.000000000000000000e+00
0.000000000000000000e+00 0.000000000000000000e+00
0.000000000000000000e+00 0.000000000000000000e+00
0.000000000000000000e+00 0.000000000000000000e+00
0.000000000000000000e+00 0.000000000000000000e+00
0.000000000000000000e+00 0.000000000000000000e+00
0.000000000000000000e+00 0.000000000000000000e+00
0.000000000000000000e+00 0.000000000000000000e+00
0.000000000000000000e+00 0.000000000000000000e+00
0.000000000000000000e+00 0.000000000000000000e+00
0.000000000000000000e+00 0.000000000000000000e+00
0.000000000000000000e+00 0.000000000000000000e+00
0.000000000000000000e+00 0.000000000000000000e+00
0.000000000000000000e+00 0.000000000000000000e+00
0.000000000000000000e+00 0.000000000000000000e+00
0.000000000000000000e+00 0.000000000000000000e+00
0.000000000000000000e+00 0.000000000000000000e+00
0.000000000000000000e+00 0.000000000000000000e+00
0.000000000000000000e+00 0.000000000000000000e+00
0.000000000000000000e+00 0.000000000000000000e+00
0.000000000000000000e+00 0.000000000000000000e+00
0.000000000000000000e+00 0.000000000000000000e+00
0.000000000000000000e+00 0.000000000000000000e+00
0.000000000000000000e+00 0.000000000000000000e+00
0.000000000000000000e+00 0.000000000000000000e+00
0.000000000000000000e+00 0.000000000000000000e+00
0.000000000000000000e+00 0.000000000000000000e+00
0.000000000000000000e+00 0.000000000000000000e+00
0.000000000000000000e+00 0.000000000000000000e+00
0.000000000000000000e+00 0.000000000000000000e+00
0.000000000000000000e+00 0.000000000000000000e+00
0.000000000000000000e+00 0.000000000000000000e+00
0.000000000000000000e+00 0.000000000000000000e+00
0.000000000000000000e+00 0.000000000000000000e+00
0.000000000000000000e+00 0.000000000000000000e+00
0.000000000000000000e+00 0.000000000000000000e+00
0.000000000000000000e+00 0.000000000000000000e+00
0.000000000000000000e+00 0.000000000000000000e+00
0.000000000000000000e+00 0.000000000000000000e+00
0.000000000000000000e+00 0.000000000000000000e+00
0.000000000000000000e+00 0.000000000000000000e+00
0.000000000000000000e+00 0.000000000000000000e+00
0.000000000000000000e+00 0.000000000000000000e+00
0.000000000000000000e+00 0.000000000000000000e+00
0.000000000000000000e+00 0.000000000000000000e+00
0.000000000000000000e+00 0.000000000000000000e+00
0.000000000000000000e+00 0.000000000000000000e+00
0.000000000000000000e+00 0.000000000000000000e+00
0.000000000000000000e+00 0.000000000000000000e+00
0.000000000000000000e+00 0.000000000000000000e+00
0.000000000000000000e+00 0.000000000000000000e+00
0.000000000000000000e+00 0.000000000000000000e+00
0.000000000000000000e+00 0.000000000000000000e+00
0.000000000000000000e+00 0.000000000000000000e+00
0.000000000000000000e+00 0.000000000000000000e+00
0.000000000000000000e+00 0.000000000000000000e+00
0.000000000000000000e+00 0.000000000000000000e+00
0.000000000000000000e+00 0.000000000000000000e+00
0.000000000000000000e+00 0.000000000000000000e+00
0.000000000000000000e+00 0.000000000000000000e+00
0.000000000000000000e+00 0.000000000000000000e+00
0.000000000000000000e+00 0.000000000000000000e+00
0.000000000000000000e+00 0.000000000000000000e+00
0.000000000000000000e+00 0.000000000000000000e+00
0.000000000000000000e+00 0.000000000000000000e+00
0.000000000000000000e+00 0.000000000000000000e+00
0.000000000000000000e+00 0.000000000000000000e+00
0.000000000000000000e+00 0.000000000000000000e+00
0.000000000000000000e+00 0.000000000000000000e+00
0.000000000000000000e+00 0.000000000000000000e+00
0.000000000000000000e+00 0.000000000000000000e+00
0.000000000000000000e+00 0.000000000000000000e+00
0.000000000000000000e+00 0.000000000000000000e+00
0.000000000000000000e+00 0.000000000000000000e+00
0.000000000000000000e+00 0.000000000000000000e+00
0.000000000000000000e+00 0.000000000000000000e+00
0.000000000000000000e+00 0.000000000000000000e+00
0.000000000000000000e+00 0.000000000000000000e+00
0.000000000000000000e+00 0.000000000000000000e+00
0.000000000000000000e+00 0.000000000000000000e+00
0.000000000000000000e+00 0.000000000000000000e+00
0.000000000000000000e+00 0.000000000000000000e+00
0.000000000000000000e+00 0.000000000000000000e+00
0.000000000000000000e+00 0.000000000000000000e+00
0.000000000000000000e+00 0.000000000000000000e+00
0.000000000000000000e+00 0.000000000000000000e+00
0.000000000000000000e+00 0.000000000000000000e+00
0.000000000000000000e+00 0.000000000000000000e+00
0.000000000000000000e+00 0.000000000000000000e+00
0.000000000000000000e+00 0.000000000000000000e+00
0.000000000000000000e+00 0.000000000000000000e+00
0.000000000000000000e+00 0.000000000000000000e+00
0.000000000000000000e+00 0.000000000000000000e+00
0.000000000000000000e+00 0.000000000000000000e+00
0.000000000000000000e+00 0.000000000000000000e+00
0.000000000000000000e+00 0.000000000000000000e+00
0.000000000000000000e+00 0.000000000000000000e+00
0.000000000000000000e+00 0.000000000000000000e+00
0.000000000000000000e+00 0.000000000000000000e+00
0.000000000000000000e+00 0.000000000000000000e+00
0.000000000000000000e+00 0.000000000000000000e+00
0.000000000000000000e+00 0.000000000000000000e+00
0.000000000000000000e+00 0.000000000000000000e+00
0.000000000000000000e+00 0.000000000000000000e+00
0.000000000000000000e+00 0.000000000000000000e+00
0.000000000000000000e+00 0.000000000000000000e+00
0.000000000000000000e+00 0.000000000000000000e+00
1.858288940762006043e-04 -2.214622521231208714e-04
1.825073079780804765e-04 -2.175037399575752422e-04
2.792383068034590067e-04 -3.327832553229463945e-04
3.892350700414825247e-04 -4.638722930855955539e-04
5.505177303888160283e-03 -9.214645610121989863e-03
8.319341251987100519e-03 -1.378510162370074829e-02
1.297334855020432394e-02 -2.115502328006083413e-02
1.781038322874421015e-02 -2.864191163292336556e-02
4.447232596238847452e-02 -9.662287881525843947e-02
5.224141421586330630e-02 -1.132377079219999139e-01
6.236796961397989003e-02 -1.350772147889094943e-01
9.362277324836099091e-02 -2.757190618444745889e-01
2.480020024923130367e-02 -5.789099811107437793e-02
-9.450046123631339334e-02 2.352673454841883727e-01
8.204067506355300354e-02 -3.018990004763290047e-01
8.322747146624992487e-02 -3.201687595857433122e-01
8.305448829752795636e-02 -3.321547655454250014e-01
1.170112558998963187e-01 -6.337593608226206321e-01
1.200693931585614799e-01 -6.467229695106726517e-01
1.237137067941257440e-01 -6.658858027767418086e-01
1.133145963655821375e-01 -6.971405524131140119e-01
1.109434475538187137e-01 -6.820203699418242449e-01
1.087731017179366932e-01 -6.682447471776430392e-01
1.073706831725712851e-01 -6.628171784699607993e-01
1.070639667425009600e-01 -6.601967798941429377e-01
1.059031969016645536e-01 -6.542263464781576943e-01
1.028475155282514986e-01 -6.345893517812566387e-01
9.872484028788763855e-02 -6.086212572322100556e-01
9.466395407381353322e-02 -5.828791593676396765e-01
8.027666697586938183e-02 -5.493118449684863958e-01
7.792192753728441335e-02 -5.299170021842729561e-01
5.144436740540010711e-02 -3.652540001420610527e-01
9.375829999695743308e-03 -6.905646865264186696e-02
4.569232229044658394e-02 -5.335941553043104246e-01
4.395014543943617097e-02 -5.216031102906095729e-01
6.162699842967249604e-03 -1.499672665586061493e-01
1.126820343994488702e-02 2.719243430500413727e-01
-4.263293107453339226e-03 -2.410990703024887549e-01
-2.029089753064815781e-03 -2.281260926513546949e-01
-1.391483376067621444e-02 -1.299613991947967118e-01
-1.352685187484566759e-02 -1.350736103629023854e-01
-1.118094363404585276e-02 -1.155303815918640453e-01
-8.738589747387589049e-03 -3.948686789724808327e-02
-6.570033013627787563e-03 -3.024021471231917030e-02
-4.808831642849066904e-03 -2.239378649937598387e-02
-1.025019023465662633e-03 -2.816216621483336440e-03
-5.594644736827794921e-04 -1.537116008430501786e-03
-2.445703576484366346e-04 -6.719515351070209268e-04
-8.322030257060757238e-05 -2.286459021529257995e-04
0.000000000000000000e+00 0.000000000000000000e+00
0.000000000000000000e+00 0.000000000000000000e+00
0.000000000000000000e+00 0.000000000000000000e+00
0.000000000000000000e+00 0.000000000000000000e+00
0.000000000000000000e+00 0.000000000000000000e+00
0.000000000000000000e+00 0.000000000000000000e+00
0.000000000000000000e+00 0.000000000000000000e+00
0.000000000000000000e+00 0.000000000000000000e+00
0.000000000000000000e+00 0.000000000000000000e+00
0.000000000000000000e+00 0.000000000000000000e+00
0.000000000000000000e+00 0.000000000000000000e+00
0.000000000000000000e+00 0.000000000000000000e+00
0.000000000000000000e+00 0.000000000000000000e+00
0.000000000000000000e+00 0.000000000000000000e+00
0.000000000000000000e+00 0.000000000000000000e+00
0.000000000000000000e+00 0.000000000000000000e+00
0.000000000000000000e+00 0.000000000000000000e+00
0.000000000000000000e+00 0.000000000000000000e+00
0.000000000000000000e+00 0.000000000000000000e+00
0.000000000000000000e+00 0.000000000000000000e+00
0.000000000000000000e+00 0.000000000000000000e+00
0.000000000000000000e+00 0.000000000000000000e+00
0.000000000000000000e+00 0.000000000000000000e+00
0.000000000000000000e+00 0.000000000000000000e+00
0.000000000000000000e+00 0.000000000000000000e+00
0.000000000000000000e+00 0.000000000000000000e+00
0.000000000000000000e+00 0.000000000000000000e+00
0.000000000000000000e+00 0.000000000000000000e+00
0.000000000000000000e+00 0.000000000000000000e+00
0.000000000000000000e+00 0.000000000000000000e+00
0.000000000000000000e+00 0.000000000000000000e+00
0.000000000000000000e+00 0.000000000000000000e+00
0.000000000000000000e+00 0.000000000000000000e+00
0.000000000000000000e+00 0.000000000000000000e+00
0.000000000000000000e+00 0.000000000000000000e+00
0.000000000000000000e+00 0.000000000000000000e+00
0.000000000000000000e+00 0.000000000000000000e+00
0.000000000000000000e+00 0.000000000000000000e+00
0.000000000000000000e+00 0.000000000000000000e+00
0.000000000000000000e+00 0.000000000000000000e+00
0.000000000000000000e+00 0.000000000000000000e+00
0.000000000000000000e+00 0.000000000000000000e+00
0.000000000000000000e+00 0.000000000000000000e+00
0.000000000000000000e+00 0.000000000000000000e+00
0.000000000000000000e+00 0.000000000000000000e+00
0.000000000000000000e+00 0.000000000000000000e+00
0.000000000000000000e+00 0.000000000000000000e+00
0.000000000000000000e+00 0.000000000000000000e+00
0.000000000000000000e+00 0.000000000000000000e+00
0.000000000000000000e+00 0.000000000000000000e+00
0.000000000000000000e+00 0.000000000000000000e+00
0.000000000000000000e+00 0.000000000000000000e+00
0.000000000000000000e+00 0.000000000000000000e+00
0.000000000000000000e+00 0.000000000000000000e+00
0.000000000000000000e+00 0.000000000000000000e+00
0.000000000000000000e+00 0.000000000000000000e+00
0.000000000000000000e+00 0.000000000000000000e+00
0.000000000000000000e+00 0.000000000000000000e+00
0.000000000000000000e+00 0.000000000000000000e+00
0.000000000000000000e+00 0.000000000000000000e+00
0.000000000000000000e+00 0.000000000000000000e+00
0.000000000000000000e+00 0.000000000000000000e+00
0.000000000000000000e+00 0.000000000000000000e+00
0.000000000000000000e+00 0.000000000000000000e+00
0.000000000000000000e+00 0.000000000000000000e+00
0.000000000000000000e+00 0.000000000000000000e+00
0.000000000000000000e+00 0.000000000000000000e+00
0.000000000000000000e+00 0.000000000000000000e+00
0.000000000000000000e+00 0.000000000000000000e+00
0.000000000000000000e+00 0.000000000000000000e+00
0.000000000000000000e+00 0.000000000000000000e+00
0.000000000000000000e+00 0.000000000000000000e+00
0.000000000000000000e+00 0.000000000000000000e+00
0.000000000000000000e+00 0.000000000000000000e+00
0.000000000000000000e+00 0.000000000000000000e+00
1.056871885451370427e-04 -1.259530866398486616e-04
2.724680272141923737e-04 -3.247147502995706100e-04
4.544840499524192162e-04 -5.416329993075617291e-04
7.635362799338291442e-04 -9.099471046871589327e-04
5.896279976053147090e-03 -9.645636707476307539e-03
7.446430524005251059e-03 -1.217093970875612191e-02
9.422772056333298535e-03 -1.530255781604182748e-02
1.150380954660404006e-02 -1.858484698727903145e-02
1.376872992276926069e-02 -2.206772074354615767e-02
3.154678803069441151e-02 -6.825298510571325972e-02
3.575408938636991107e-02 -7.734741411022238999e-02
4.037758750398377783e-02 -8.725544766441997724e-02
4.491160477315241095e-02 -9.663856759208136471e-02
4.863423492739240434e-02 -1.042847135120885671e-01
6.596130302678458734e-02 -1.908428737092683070e-01
-3.822401107749723304e-02 1.065569929796607723e-01
9.505264354024239859e-02 -2.734182846500046171e-01
1.045856983887328007e-01 -3.011048295746749925e-01
6.982453390253300085e-02 -2.508528573306539888e-01
-9.370440757573011981e-02 3.236283434260467384e-01
1.030338982244250190e-01 -3.856949740176037755e-01
1.095573473617487414e-01 -4.122357109245778362e-01
1.174733186367135918e-01 -4.482993857975202667e-01
1.259783515806169596e-01 -6.406737777353619379e-01
1.337750140999397486e-01 -6.767494180053881259e-01
1.427766084042490502e-01 -7.218819404362394332e-01
1.553700569077814675e-01 -7.904841648581184543e-01
1.422723674859342480e-01 -8.392647194892846052e-01
1.416332737958478638e-01 -8.376291913644433595e-01
1.415538586430170609e-01 -8.378455065817120850e-01
1.385806339287078970e-01 -8.301969314180726034e-01
1.359244739790299583e-01 -8.148384152211625153e-01
1.324780722254513543e-01 -7.955785268162458568e-01
1.288012296919424093e-01 -7.743372974919309204e-01
1.252360010286084069e-01 -7.569618549661263351e-01
1.237211365314977440e-01 -7.472398112276008586e-01
1.230371972628169080e-01 -7.408582936724721346e-01
9.593971139656581881e-02 -5.779813437569113477e-01
-5.932341412269707959e-02 4.516578313139297252e-01
7.425990166276572046e-02 -5.148666714919316600e-01
6.266798326673744812e-02 -4.472801415329112351e-01
1.013819354715637250e-02 -9.642750649014027176e-02
6.471962099284195302e-02 -4.214181592607859628e-01
4.001681635154987621e-02 -3.956747593753947023e-01
3.667636670946454458e-02 -3.725035095284071618e-01
3.467800467521787999e-02 -3.521011639757466449e-01
3.316378965948712371e-02 -3.337176387195539551e-01
-1.921008047902055243e-03 -1.188170546501410990e-01
-1.478717175753430741e-03 -8.671492627267007869e-02
-1.358073390375524664e-03 -6.097048659770348822e-02
-1.137241909823744112e-03 -4.655698653931517050e-02
-1.147185213952997204e-02 -1.106292481949082973e-01
-1.045386375634985501e-02 -9.963495003934466632e-02
-8.954140061976990569e-03 -8.607719553182591188e-02
-7.541446523446815667e-03 -7.329970726259171787e-02
-6.417424632940260665e-03 -6.247536504709075289e-02
-5.511657723838123656e-03 -2.438118056697952812e-02
-4.825854279795985073e-03 -2.160000436927797529e-02
-5.663895609780002921e-03 -2.616419384617914290e-02
-4.321872720984873406e-03 -2.011623876790644139e-02
-9.923099696819404590e-04 -2.726349234800832730e-03
1.527769306755191779e-03 4.197511672445732901e-03
-5.823780970227766807e-04 -1.600070671155032469e-03
-2.616515296332469877e-04 -7.188816694331083296e-04
0.000000000000000000e+00 0.000000000000000000e+00
0.000000000000000000e+00 0.000000000000000000e+00
0.000000000000000000e+00 0.000000000000000000e+00
0.000000000000000000e+00 0.000000000000000000e+00
0.000000000000000000e+00 0.000000000000000000e+00
0.000000000000000000e+00 0.000000000000000000e+00
0.000000000000000000e+00 0.000000000000000000e+00
0.000000000000000000e+00 0.000000000000000000e+00
0.000000000000000000e+00 0.000000000000000000e+00
0.000000000000000000e+00 0.000000000000000000e+00
0.000000000000000000e+00 0.000000000000000000e+00
0.000000000000000000e+00 0.000000000000000000e+00
0.000000000000000000e+00 0.000000000000000000e+00
0.000000000000000000e+00 0.000000000000000000e+00
0.000000000000000000e+00 0.000000000000000000e+00
0.000000000000000000e+00 0.000000000000000000e+00
0.000000000000000000e+00 0.000000000000000000e+00
0.000000000000000000e+00 0.000000000000000000e+00
0.000000000000000000e+00 0.000000000000000000e+00
0.000000000000000000e+00 0.000000000000000000e+00
0.000000000000000000e+00 0.000000000000000000e+00
0.000000000000000000e+00 0.000000000000000000e+00
0.000000000000000000e+00 0.000000000000000000e+00
0.000000000000000000e+00 0.000000000000000000e+00
0.000000000000000000e+00 0.000000000000000000e+00
0.000000000000000000e+00 0.000000000000000000e+00
0.000000000000000000e+00 0.000000000000000000e+00
0.000000000000000000e+00 0.000000000000000000e+00
0.000000000000000000e+00 0.000000000000000000e+00
0.000000000000000000e+00 0.000000000000000000e+00
0.000000000000000000e+00 0.000000000000000000e+00
0.000000000000000000e+00 0.000000000000000000e+00
0.000000000000000000e+00 0.000000000000000000e+00
0.000000000000000000e+00 0.000000000000000000e+00
0.000000000000000000e+00 0.000000000000000000e+00
0.000000000000000000e+00 0.000000000000000000e+00
0.000000000000000000e+00 0.000000000000000000e+00
0.000000000000000000e+00 0.000000000000000000e+00
0.000000000000000000e+00 0.000000000000000000e+00
0.000000000000000000e+00 0.000000000000000000e+00
0.000000000000000000e+00 0.000000000000000000e+00
0.000000000000000000e+00 0.000000000000000000e+00
0.000000000000000000e+00 0.000000000000000000e+00
0.000000000000000000e+00 0.000000000000000000e+00
0.000000000000000000e+00 0.000000000000000000e+00
0.000000000000000000e+00 0.000000000000000000e+00
0.000000000000000000e+00 0.000000000000000000e+00
0.000000000000000000e+00 0.000000000000000000e+00
0.000000000000000000e+00 0.000000000000000000e+00
0.000000000000000000e+00 0.000000000000000000e+00
0.000000000000000000e+00 0.000000000000000000e+00
0.000000000000000000e+00 0.000000000000000000e+00
0.000000000000000000e+00 0.000000000000000000e+00
0.000000000000000000e+00 0.000000000000000000e+00
0.000000000000000000e+00 0.000000000000000000e+00
0.000000000000000000e+00 0.000000000000000000e+00
0.000000000000000000e+00 0.000000000000000000e+00
0.000000000000000000e+00 0.000000000000000000e+00
0.000000000000000000e+00 0.000000000000000000e+00
0.000000000000000000e+00 0.000000000000000000e+00
2.549249707479081788e-03 -4.415430014533868602e-03
7.257540506887469323e-02 -1.873516382817099202e-01
-6.446220900735481762e-02 2.605131888829431142e-01
7.664368468778823273e-02 -4.346249297551356694e-01
7.289440958579115892e-02 -4.566895392261670628e-01
4.624094860248434413e-02 -3.766198406373731378e-01
-6.058562442000247142e-03 -1.285006662272828448e-01
2.652322707950884040e-03 8.595147454571102144e-03
1.194853411529586294e-03 3.260558639089773929e-03
0.000000000000000000e+00 0.000000000000000000e+00
0.000000000000000000e+00 0.000000000000000000e+00
0.000000000000000000e+00 0.000000000000000000e+00
0.000000000000000000e+00 0.000000000000000000e+00
0.000000000000000000e+00 0.000000000000000000e+00
0.000000000000000000e+00 0.000000000000000000e+00
0.000000000000000000e+00 0.000000000000000000e+00
0.000000000000000000e+00 0.000000000000000000e+00
0.000000000000000000e+00 0.000000000000000000e+00
0.000000000000000000e+00 0.000000000000000000e+00
0.000000000000000000e+00 0.000000000000000000e+00
0.000000000000000000e+00 0.000000000000000000e+00
0.000000000000000000e+00 0.000000000000000000e+00
-1.194686911488253723e-03 2.069258429835198285e-03
7.606867397046312984e-02 -1.532043421735326261e-01
2.098681429579016822e-01 -7.474909621532210835e-01
1.516961794892944249e-01 -8.628527226429978381e-01
1.514198416908509870e-01 -9.046446293212202505e-01
1.124724883341324810e-01 -8.674970991159871581e-01
-1.281246130872828147e-02 -4.880974991033744659e-01
-7.686949383081322952e-03 -6.321720240274748825e-02
5.935932894743292144e-03 1.466387980394616083e-02
0.000000000000000000e+00 0.000000000000000000e+00
0.000000000000000000e+00 0.000000000000000000e+00
0.000000000000000000e+00 0.000000000000000000e+00
0.000000000000000000e+00 0.000000000000000000e+00
0.000000000000000000e+00 0.000000000000000000e+00
0.000000000000000000e+00 0.000000000000000000e+00
0.000000000000000000e+00 0.000000000000000000e+00
0.000000000000000000e+00 0.000000000000000000e+00
0.000000000000000000e+00 0.000000000000000000e+00
0.000000000000000000e+00 0.000000000000000000e+00
0.000000000000000000e+00 0.000000000000000000e+00
0.000000000000000000e+00 0.000000000000000000e+00
0.000000000000000000e+00 0.000000000000000000e+00
0.000000000000000000e+00 0.000000000000000000e+00
3.482812814185003852e-02 -7.337528368852834493e-02
1.836647453826056320e-01 -4.812839820407586178e-01
2.073791154981127483e-01 -9.738432993307688523e-01
1.526319596179525062e-01 -9.073452947898468235e-01
1.449177919238959777e-01 -9.027352636353818127e-01
4.761260730166484711e-02 -7.395489290179484421e-01
-9.464936123667966675e-03 -3.121408033779021762e-01
6.611323689427665677e-03 2.268719225850951426e-02
1.074060130948777808e-03 2.950955956918242893e-03
0.000000000000000000e+00 0.000000000000000000e+00
0.000000000000000000e+00 0.000000000000000000e+00
0.000000000000000000e+00 0.000000000000000000e+00
0.000000000000000000e+00 0.000000000000000000e+00
0.000000000000000000e+00 0.000000000000000000e+00
0.000000000000000000e+00 0.000000000000000000e+00
0.000000000000000000e+00 0.000000000000000000e+00
0.000000000000000000e+00 0.000000000000000000e+00
0.000000000000000000e+00 0.000000000000000000e+00
0.000000000000000000e+00 0.000000000000000000e+00
0.000000000000000000e+00 0.000000000000000000e+00
0.000000000000000000e+00 0.000000000000000000e+00
0.000000000000000000e+00 0.000000000000000000e+00
3.903319281599877785e-04 -6.760747313894239921e-04
7.083201770408942277e-02 -1.446573754956796964e-01
2.151406714305073575e-01 -7.647331389084606190e-01
1.858154944149014165e-01 -8.872885601135863665e-01
1.489115403608349264e-01 -8.865803701288021976e-01
1.100219844893187554e-01 -8.475083042692583835e-01
4.185582934018930445e-02 -6.623063451878914432e-01
-1.322617462382576214e-02 -1.022223964735496371e-01
9.933814798555755388e-03 3.624023160673859462e-02
0.000000000000000000e+00 0.000000000000000000e+00
0.000000000000000000e+00 0.000000000000000000e+00
0.000000000000000000e+00 0.000000000000000000e+00
0.000000000000000000e+00 0.000000000000000000e+00
0.000000000000000000e+00 0.000000000000000000e+00
0.000000000000000000e+00 0.000000000000000000e+00
0.000000000000000000e+00 0.000000000000000000e+00
0.000000000000000000e+00 0.000000000000000000e+00
0.000000000000000000e+00 0.000000000000000000e+00
0.000000000000000000e+00 0.000000000000000000e+00
0.000000000000000000e+00 0.000000000000000000e+00
0.000000000000000000e+00 0.000000000000000000e+00
0.000000000000000000e+00 0.000000000000000000e+00
0.000000000000000000e+00 0.000000000000000000e+00
1.258138250698388749e-02 -2.014384394814113660e-02
1.680908178875419046e-01 -4.412859803582315221e-01
2.138427860833835292e-01 -9.918191513648823010e-01
1.606445157398885548e-01 -9.029343677533221424e-01
1.456543343485507402e-01 -9.097566256908373727e-01
1.095126965272880809e-01 -8.611752986157359402e-01
-1.127379393041566535e-02 -3.649010757738394561e-01
4.076177565960249424e-03 1.283815925025298676e-02
2.108185220572238693e-03 5.522169257405207775e-03
0.000000000000000000e+00 0.000000000000000000e+00
0.000000000000000000e+00 0.000000000000000000e+00
0.000000000000000000e+00 0.000000000000000000e+00
0.000000000000000000e+00 0.000000000000000000e+00
0.000000000000000000e+00 0.000000000000000000e+00
0.000000000000000000e+00 0.000000000000000000e+00
0.000000000000000000e+00 0.000000000000000000e+00
0.000000000000000000e+00 0.000000000000000000e+00
0.000000000000000000e+00 0.000000000000000000e+00
0.000000000000000000e+00 0.000000000000000000e+00
0.000000000000000000e+00 0.000000000000000000e+00
0.000000000000000000e+00 0.000000000000000000e+00
0.000000000000000000e+00 0.000000000000000000e+00
6.304793397907776332e-04 -1.092022249640109150e-03
8.050771208357733466e-02 -1.619291701999119593e-01
2.307013819541981758e-01 -8.042286193179959408e-01
1.695823990570188844e-01 -9.508567048821543466e-01
1.537679882740951021e-01 -9.127131917498159108e-01
1.112055600203791239e-01 -8.677862013194257429e-01
1.385306241173076686e-02 -3.902088352863521403e-01
4.661093609213438210e-03 2.754171867648551320e-02
2.715684326109771458e-03 6.279267335629791155e-03
0.000000000000000000e+00 0.000000000000000000e+00
0.000000000000000000e+00 0.000000000000000000e+00
0.000000000000000000e+00 0.000000000000000000e+00
0.000000000000000000e+00 0.000000000000000000e+00
0.000000000000000000e+00 0.000000000000000000e+00
0.000000000000000000e+00 0.000000000000000000e+00
0.000000000000000000e+00 0.000000000000000000e+00
0.000000000000000000e+00 0.000000000000000000e+00
0.000000000000000000e+00 0.000000000000000000e+00
0.000000000000000000e+00 0.000000000000000000e+00
0.000000000000000000e+00 0.000000000000000000e+00
0.000000000000000000e+00 0.000000000000000000e+00
0.000000000000000000e+00 0.000000000000000000e+00
0.000000000000000000e+00 0.000000000000000000e+00
5.566236019137996149e-02 -1.136880123151218641e-01
2.214128305685066356e-01 -7.713531051928914639e-01
2.052451049580173714e-01 -9.589636207756042641e-01
7.415018274892604122e-02 -4.376386285004815746e-01
5.201767397856700559e-02 -3.013817293989946577e-01
1.440147864289571533e-01 -9.362997896949625254e-01
7.788958641404344907e-02 -7.573425529735637873e-01
8.045502037066385934e-03 -3.650413380482884773e-01
-4.780011422771772260e-03 -6.828046322013350822e-02
4.155934328698399787e-04 1.141833572483516189e-03
0.000000000000000000e+00 0.000000000000000000e+00
0.000000000000000000e+00 0.000000000000000000e+00
0.000000000000000000e+00 0.000000000000000000e+00
0.000000000000000000e+00 0.000000000000000000e+00
0.000000000000000000e+00 0.000000000000000000e+00
0.000000000000000000e+00 0.000000000000000000e+00
0.000000000000000000e+00 0.000000000000000000e+00
0.000000000000000000e+00 0.000000000000000000e+00
0.000000000000000000e+00 0.000000000000000000e+00
0.000000000000000000e+00 0.000000000000000000e+00
0.000000000000000000e+00 0.000000000000000000e+00
0.000000000000000000e+00 0.000000000000000000e+00
0.000000000000000000e+00 0.000000000000000000e+00
0.000000000000000000e+00 0.000000000000000000e+00
0.000000000000000000e+00 0.000000000000000000e+00
0.000000000000000000e+00 0.000000000000000000e+00
-3.971639500864014571e-02 7.229972140558729721e-02
1.513838700480257815e-01 -5.133487171914579150e-01
1.737806614257282889e-01 -7.958361787395549225e-01
1.318143244342221410e-01 -7.797805408891604895e-01
1.121063028323478900e-01 -8.759622662751304079e-01
4.036196095764663094e-02 -6.871435837626623799e-01
-1.586856355767119614e-02 -1.153870986807515597e-01
1.131825250527337956e-02 4.010528029302916353e-02
0.000000000000000000e+00 0.000000000000000000e+00
0.000000000000000000e+00 0.000000000000000000e+00
0.000000000000000000e+00 0.000000000000000000e+00
0.000000000000000000e+00 0.000000000000000000e+00
0.000000000000000000e+00 0.000000000000000000e+00
0.000000000000000000e+00 0.000000000000000000e+00
0.000000000000000000e+00 0.000000000000000000e+00
0.000000000000000000e+00 0.000000000000000000e+00
0.000000000000000000e+00 0.000000000000000000e+00
0.000000000000000000e+00 0.000000000000000000e+00
0.000000000000000000e+00 0.000000000000000000e+00
0.000000000000000000e+00 0.000000000000000000e+00
0.000000000000000000e+00 0.000000000000000000e+00
0.000000000000000000e+00 0.000000000000000000e+00
0.000000000000000000e+00 0.000000000000000000e+00
0.000000000000000000e+00 0.000000000000000000e+00
0.000000000000000000e+00 0.000000000000000000e+00
0.000000000000000000e+00 0.000000000000000000e+00
0.000000000000000000e+00 0.000000000000000000e+00
0.000000000000000000e+00 0.000000000000000000e+00
0.000000000000000000e+00 0.000000000000000000e+00
0.000000000000000000e+00 0.000000000000000000e+00
0.000000000000000000e+00 0.000000000000000000e+00
0.000000000000000000e+00 0.000000000000000000e+00
0.000000000000000000e+00 0.000000000000000000e+00
0.000000000000000000e+00 0.000000000000000000e+00
0.000000000000000000e+00 0.000000000000000000e+00
0.000000000000000000e+00 0.000000000000000000e+00
0.000000000000000000e+00 0.000000000000000000e+00
0.000000000000000000e+00 0.000000000000000000e+00
0.000000000000000000e+00 0.000000000000000000e+00
0.000000000000000000e+00 0.000000000000000000e+00
0.000000000000000000e+00 0.000000000000000000e+00
0.000000000000000000e+00 0.000000000000000000e+00
0.000000000000000000e+00 0.000000000000000000e+00
0.000000000000000000e+00 0.000000000000000000e+00
0.000000000000000000e+00 0.000000000000000000e+00
0.000000000000000000e+00 0.000000000000000000e+00
0.000000000000000000e+00 0.000000000000000000e+00
0.000000000000000000e+00 0.000000000000000000e+00
0.000000000000000000e+00 0.000000000000000000e+00
0.000000000000000000e+00 0.000000000000000000e+00
0.000000000000000000e+00 0.000000000000000000e+00
0.000000000000000000e+00 0.000000000000000000e+00
0.000000000000000000e+00 0.000000000000000000e+00
0.000000000000000000e+00 0.000000000000000000e+00
0.000000000000000000e+00 0.000000000000000000e+00
0.000000000000000000e+00 0.000000000000000000e+00
0.000000000000000000e+00 0.000000000000000000e+00
0.000000000000000000e+00 0.000000000000000000e+00
0.000000000000000000e+00 0.000000000000000000e+00
0.000000000000000000e+00 0.000000000000000000e+00
0.000000000000000000e+00 0.000000000000000000e+00
0.000000000000000000e+00 0.000000000000000000e+00
0.000000000000000000e+00 0.000000000000000000e+00
0.000000000000000000e+00 0.000000000000000000e+00
0.000000000000000000e+00 0.000000000000000000e+00
0.000000000000000000e+00 0.000000000000000000e+00
0.000000000000000000e+00 0.000000000000000000e+00
0.000000000000000000e+00 0.000000000000000000e+00
0.000000000000000000e+00 0.000000000000000000e+00
0.000000000000000000e+00 0.000000000000000000e+00
0.000000000000000000e+00 0.000000000000000000e+00
0.000000000000000000e+00 0.000000000000000000e+00
0.000000000000000000e+00 0.000000000000000000e+00
0.000000000000000000e+00 0.000000000000000000e+00
0.000000000000000000e+00 0.000000000000000000e+00
0.000000000000000000e+00 0.000000000000000000e+00
0.000000000000000000e+00 0.000000000000000000e+00
0.000000000000000000e+00 0.000000000000000000e+00
0.000000000000000000e+00 0.000000000000000000e+00
0.000000000000000000e+00 0.000000000000000000e+00
0.000000000000000000e+00 0.000000000000000000e+00
0.000000000000000000e+00 0.000000000000000000e+00
0.000000000000000000e+00 0.000000000000000000e+00
0.000000000000000000e+00 0.000000000000000000e+00
0.000000000000000000e+00 0.000000000000000000e+00
0.000000000000000000e+00 0.000000000000000000e+00
0.000000000000000000e+00 0.000000000000000000e+00
0.000000000000000000e+00 0.000000000000000000e+00
0.000000000000000000e+00 0.000000000000000000e+00
0.000000000000000000e+00 0.000000000000000000e+00
0.000000000000000000e+00 0.000000000000000000e+00
0.000000000000000000e+00 0.000000000000000000e+00
0.000000000000000000e+00 0.000000000000000000e+00
0.000000000000000000e+00 0.000000000000000000e+00
0.000000000000000000e+00 0.000000000000000000e+00
0.000000000000000000e+00 0.000000000000000000e+00
0.000000000000000000e+00 0.000000000000000000e+00
0.000000000000000000e+00 0.000000000000000000e+00
0.000000000000000000e+00 0.000000000000000000e+00
0.000000000000000000e+00 0.000000000000000000e+00
0.000000000000000000e+00 0.000000000000000000e+00
0.000000000000000000e+00 0.000000000000000000e+00
0.000000000000000000e+00 0.000000000000000000e+00
0.000000000000000000e+00 0.000000000000000000e+00
0.000000000000000000e+00 0.000000000000000000e+00
0.000000000000000000e+00 0.000000000000000000e+00
0.000000000000000000e+00 0.000000000000000000e+00
0.000000000000000000e+00 0.000000000000000000e+00
0.000000000000000000e+00 0.000000000000000000e+00
0.000000000000000000e+00 0.000000000000000000e+00
0.000000000000000000e+00 0.000000000000000000e+00
0.000000000000000000e+00 0.000000000000000000e+00
0.000000000000000000e+00 0.000000000000000000e+00
0.000000000000000000e+00 0.000000000000000000e+00
0.000000000000000000e+00 0.000000000000000000e+00
0.000000000000000000e+00 0.000000000000000000e+00
0.000000000000000000e+00 0.000000000000000000e+00
0.000000000000000000e+00 0.000000000000000000e+00
0.000000000000000000e+00 0.000000000000000000e+00
0.000000000000000000e+00 0.000000000000000000e+00
0.000000000000000000e+00 0.000000000000000000e+00
0.000000000000000000e+00 0.000000000000000000e+00
0.000000000000000000e+00 0.000000000000000000e+00
0.000000000000000000e+00 0.000000000000000000e+00
0.000000000000000000e+00 0.000000000000000000e+00
0.000000000000000000e+00 0.000000000000000000e+00
0.000000000000000000e+00 0.000000000000000000e+00
0.000000000000000000e+00 0.000000000000000000e+00
0.000000000000000000e+00 0.000000000000000000e+00
0.000000000000000000e+00 0.000000000000000000e+00
0.000000000000000000e+00 0.000000000000000000e+00
0.000000000000000000e+00 0.000000000000000000e+00
0.000000000000000000e+00 0.000000000000000000e+00
0.000000000000000000e+00 0.000000000000000000e+00
0.000000000000000000e+00 0.000000000000000000e+00
0.000000000000000000e+00 0.000000000000000000e+00
0.000000000000000000e+00 0.000000000000000000e+00
0.000000000000000000e+00 0.000000000000000000e+00
0.000000000000000000e+00 0.000000000000000000e+00
0.000000000000000000e+00 0.000000000000000000e+00
0.000000000000000000e+00 0.000000000000000000e+00
0.000000000000000000e+00 0.000000000000000000e+00
0.000000000000000000e+00 0.000000000000000000e+00
0.000000000000000000e+00 0.000000000000000000e+00
0.000000000000000000e+00 0.000000000000000000e+00
0.000000000000000000e+00 0.000000000000000000e+00
0.000000000000000000e+00 0.000000000000000000e+00
0.000000000000000000e+00 0.000000000000000000e+00
0.000000000000000000e+00 0.000000000000000000e+00
0.000000000000000000e+00 0.000000000000000000e+00
0.000000000000000000e+00 0.000000000000000000e+00
0.000000000000000000e+00 0.000000000000000000e+00
0.000000000000000000e+00 0.000000000000000000e+00
0.000000000000000000e+00 0.000000000000000000e+00
0.000000000000000000e+00 0.000000000000000000e+00
0.000000000000000000e+00 0.000000000000000000e+00
0.000000000000000000e+00 0.000000000000000000e+00
0.000000000000000000e+00 0.000000000000000000e+00
0.000000000000000000e+00 0.000000000000000000e+00
0.000000000000000000e+00 0.000000000000000000e+00
0.000000000000000000e+00 0.000000000000000000e+00
0.000000000000000000e+00 0.000000000000000000e+00
0.000000000000000000e+00 0.000000000000000000e+00
0.000000000000000000e+00 0.000000000000000000e+00
0.000000000000000000e+00 0.000000000000000000e+00
0.000000000000000000e+00 0.000000000000000000e+00
0.000000000000000000e+00 0.000000000000000000e+00
0.000000000000000000e+00 0.000000000000000000e+00
0.000000000000000000e+00 0.000000000000000000e+00
0.000000000000000000e+00 0.000000000000000000e+00
0.000000000000000000e+00 0.000000000000000000e+00
0.000000000000000000e+00 0.000000000000000000e+00
0.000000000000000000e+00 0.000000000000000000e+00
0.000000000000000000e+00 0.000000000000000000e+00
0.000000000000000000e+00 0.000000000000000000e+00
0.000000000000000000e+00 0.000000000000000000e+00
0.000000000000000000e+00 0.000000000000000000e+00
0.000000000000000000e+00 0.000000000000000000e+00
0.000000000000000000e+00 0.000000000000000000e+00
0.000000000000000000e+00 0.000000000000000000e+00
0.000000000000000000e+00 0.000000000000000000e+00
0.000000000000000000e+00 0.000000000000000000e+00
0.000000000000000000e+00 0.000000000000000000e+00
0.000000000000000000e+00 0.000000000000000000e+00
0.000000000000000000e+00 0.000000000000000000e+00
0.000000000000000000e+00 0.000000000000000000e+00
0.000000000000000000e+00 0.000000000000000000e+00
0.000000000000000000e+00 0.000000000000000000e+00
0.000000000000000000e+00 0.000000000000000000e+00
0.000000000000000000e+00 0.000000000000000000e+00
0.000000000000000000e+00 0.000000000000000000e+00
0.000000000000000000e+00 0.000000000000000000e+00
0.000000000000000000e+00 0.000000000000000000e+00
0.000000000000000000e+00 0.000000000000000000e+00
0.000000000000000000e+00 0.000000000000000000e+00
0.000000000000000000e+00 0.000000000000000000e+00
0.000000000000000000e+00 0.000000000000000000e+00
0.000000000000000000e+00 0.000000000000000000e+00
0.000000000000000000e+00 0.000000000000000000e+00
0.000000000000000000e+00 0.000000000000000000e+00
0.000000000000000000e+00 0.000000000000000000e+00
0.000000000000000000e+00 0.000000000000000000e+00
0.000000000000000000e+00 0.000000000000000000e+00
0.000000000000000000e+00 0.000000000000000000e+00
0.000000000000000000e+00 0.000000000000000000e+00
0.000000000000000000e+00 0.000000000000000000e+00
0.000000000000000000e+00 0.000000000000000000e+00
0.000000000000000000e+00 0.000000000000000000e+00
0.000000000000000000e+00 0.000000000000000000e+00
0.000000000000000000e+00 0.000000000000000000e+00
0.000000000000000000e+00 0.000000000000000000e+00
0.000000000000000000e+00 0.000000000000000000e+00
0.000000000000000000e+00 0.000000000000000000e+00
0.000000000000000000e+00 0.000000000000000000e+00
0.000000000000000000e+00 0.000000000000000000e+00
0.000000000000000000e+00 0.000000000000000000e+00
0.000000000000000000e+00 0.000000000000000000e+00
0.000000000000000000e+00 0.000000000000000000e+00
0.000000000000000000e+00 0.000000000000000000e+00
0.000000000000000000e+00 0.000000000000000000e+00
0.000000000000000000e+00 0.000000000000000000e+00
0.000000000000000000e+00 0.000000000000000000e+00
0.000000000000000000e+00 0.000000000000000000e+00
0.000000000000000000e+00 0.000000000000000000e+00
0.000000000000000000e+00 0.000000000000000000e+00
0.000000000000000000e+00 0.000000000000000000e+00
0.000000000000000000e+00 0.000000000000000000e+00
0.000000000000000000e+00 0.000000000000000000e+00
0.000000000000000000e+00 0.000000000000000000e+00
0.000000000000000000e+00 0.000000000000000000e+00
0.000000000000000000e+00 0.000000000000000000e+00
0.000000000000000000e+00 0.000000000000000000e+00
0.000000000000000000e+00 0.000000000000000000e+00
0.000000000000000000e+00 0.000000000000000000e+00
0.000000000000000000e+00 0.000000000000000000e+00
0.000000000000000000e+00 0.000000000000000000e+00
0.000000000000000000e+00 0.000000000000000000e+00
0.000000000000000000e+00 0.000000000000000000e+00
0.000000000000000000e+00 0.000000000000000000e+00
0.000000000000000000e+00 0.000000000000000000e+00
0.000000000000000000e+00 0.000000000000000000e+00
0.000000000000000000e+00 0.000000000000000000e+00
0.000000000000000000e+00 0.000000000000000000e+00
0.000000000000000000e+00 0.000000000000000000e+00
0.000000000000000000e+00 0.000000000000000000e+00
0.000000000000000000e+00 0.000000000000000000e+00
0.000000000000000000e+00 0.000000000000000000e+00
0.000000000000000000e+00 0.000000000000000000e+00
0.000000000000000000e+00 0.000000000000000000e+00
0.000000000000000000e+00 0.000000000000000000e+00
0.000000000000000000e+00 0.000000000000000000e+00
0.000000000000000000e+00 0.000000000000000000e+00
0.000000000000000000e+00 0.000000000000000000e+00
0.000000000000000000e+00 0.000000000000000000e+00
0.000000000000000000e+00 0.000000000000000000e+00
0.000000000000000000e+00 0.000000000000000000e+00
0.000000000000000000e+00 0.000000000000000000e+00
0.000000000000000000e+00 0.000000000000000000e+00
0.000000000000000000e+00 0.000000000000000000e+00
0.000000000000000000e+00 0.000000000000000000e+00
0.000000000000000000e+00 0.000000000000000000e+00
0.000000000000000000e+00 0.000000000000000000e+00
0.000000000000000000e+00 0.000000000000000000e+00
0.000000000000000000e+00 0.000000000000000000e+00
0.000000000000000000e+00 0.000000000000000000e+00
0.000000000000000000e+00 0.000000000000000000e+00
0.000000000000000000e+00 0.000000000000000000e+00
0.000000000000000000e+00 0.000000000000000000e+00
0.000000000000000000e+00 0.000000000000000000e+00
0.000000000000000000e+00 0.000000000000000000e+00
0.000000000000000000e+00 0.000000000000000000e+00
0.000000000000000000e+00 0.000000000000000000e+00
0.000000000000000000e+00 0.000000000000000000e+00
0.000000000000000000e+00 0.000000000000000000e+00
0.000000000000000000e+00 0.000000000000000000e+00
0.000000000000000000e+00 0.000000000000000000e+00
0.000000000000000000e+00 0.000000000000000000e+00
0.000000000000000000e+00 0.000000000000000000e+00
0.000000000000000000e+00 0.000000000000000000e+00
0.000000000000000000e+00 0.000000000000000000e+00
0.000000000000000000e+00 0.000000000000000000e+00
0.000000000000000000e+00 0.000000000000000000e+00
0.000000000000000000e+00 0.000000000000000000e+00
0.000000000000000000e+00 0.000000000000000000e+00
0.000000000000000000e+00 0.000000000000000000e+00
0.000000000000000000e+00 0.000000000000000000e+00
0.000000000000000000e+00 0.000000000000000000e+00
0.000000000000000000e+00 0.000000000000000000e+00
0.000000000000000000e+00 0.000000000000000000e+00
0.000000000000000000e+00 0.000000000000000000e+00
0.000000000000000000e+00 0.000000000000000000e+00
0.000000000000000000e+00 0.000000000000000000e+00
0.000000000000000000e+00 0.000000000000000000e+00
0.000000000000000000e+00 0.000000000000000000e+00
0.000000000000000000e+00 0.000000000000000000e+00
0.000000000000000000e+00 0.000000000000000000e+00
0.000000000000000000e+00 0.000000000000000000e+00
0.000000000000000000e+00 0.000000000000000000e+00
0.000000000000000000e+00 0.000000000000000000e+00
0.000000000000000000e+00 0.000000000000000000e+00
0.000000000000000000e+00 0.000000000000000000e+00
0.000000000000000000e+00 0.000000000000000000e+00
0.000000000000000000e+00 0.000000000000000000e+00
0.000000000000000000e+00 0.000000000000000000e+00
0.000000000000000000e+00 0.000000000000000000e+00
0.000000000000000000e+00 0.000000000000000000e+00
0.000000000000000000e+00 0.000000000000000000e+00
0.000000000000000000e+00 0.000000000000000000e+00
0.000000000000000000e+00 0.000000000000000000e+00
0.000000000000000000e+00 0.000000000000000000e+00
0.000000000000000000e+00 0.000000000000000000e+00
0.000000000000000000e+00 0.000000000000000000e+00
0.000000000000000000e+00 0.000000000000000000e+00
0.000000000000000000e+00 0.000000000000000000e+00
0.000000000000000000e+00 0.000000000000000000e+00
0.000000000000000000e+00 0.000000000000000000e+00
0.000000000000000000e+00 0.000000000000000000e+00
0.000000000000000000e+00 0.000000000000000000e+00
0.000000000000000000e+00 0.000000000000000000e+00
0.000000000000000000e+00 0.000000000000000000e+00
0.000000000000000000e+00 0.000000000000000000e+00
0.000000000000000000e+00 0.000000000000000000e+00
0.000000000000000000e+00 0.000000000000000000e+00
0.000000000000000000e+00 0.000000000000000000e+00
0.000000000000000000e+00 0.000000000000000000e+00
0.000000000000000000e+00 0.000000000000000000e+00
0.000000000000000000e+00 0.000000000000000000e+00
0.000000000000000000e+00 0.000000000000000000e+00
0.000000000000000000e+00 0.000000000000000000e+00
0.000000000000000000e+00 0.000000000000000000e+00
0.000000000000000000e+00 0.000000000000000000e+00
0.000000000000000000e+00 0.000000000000000000e+00
0.000000000000000000e+00 0.000000000000000000e+00
0.000000000000000000e+00 0.000000000000000000e+00
0.000000000000000000e+00 0.000000000000000000e+00
0.000000000000000000e+00 0.000000000000000000e+00
0.000000000000000000e+00 0.000000000000000000e+00
0.000000000000000000e+00 0.000000000000000000e+00
0.000000000000000000e+00 0.000000000000000000e+00
0.000000000000000000e+00 0.000000000000000000e+00
0.000000000000000000e+00 0.000000000000000000e+00
0.000000000000000000e+00 0.000000000000000000e+00
0.000000000000000000e+00 0.000000000000000000e+00
0.000000000000000000e+00 0.000000000000000000e+00
0.000000000000000000e+00 0.000000000000000000e+00
0.000000000000000000e+00 0.000000000000000000e+00
0.000000000000000000e+00 0.000000000000000000e+00
0.000000000000000000e+00 0.000000000000000000e+00
0.000000000000000000e+00 0.000000000000000000e+00
0.000000000000000000e+00 0.000000000000000000e+00
0.000000000000000000e+00 0.000000000000000000e+00
0.000000000000000000e+00 0.000000000000000000e+00
0.000000000000000000e+00 0.000000000000000000e+00
0.000000000000000000e+00 0.000000000000000000e+00
0.000000000000000000e+00 0.000000000000000000e+00
0.000000000000000000e+00 0.000000000000000000e+00
0.000000000000000000e+00 0.000000000000000000e+00
0.000000000000000000e+00 0.000000000000000000e+00
0.000000000000000000e+00 0.000000000000000000e+00
0.000000000000000000e+00 0.000000000000000000e+00
0.000000000000000000e+00 0.000000000000000000e+00
0.000000000000000000e+00 0.000000000000000000e+00
0.000000000000000000e+00 0.000000000000000000e+00
0.000000000000000000e+00 0.000000000000000000e+00
0.000000000000000000e+00 0.000000000000000000e+00
0.000000000000000000e+00 0.000000000000000000e+00
0.000000000000000000e+00 0.000000000000000000e+00
0.000000000000000000e+00 0.000000000000000000e+00
0.000000000000000000e+00 0.000000000000000000e+00
0.000000000000000000e+00 0.000000000000000000e+00
0.000000000000000000e+00 0.000000000000000000e+00
0.000000000000000000e+00 0.000000000000000000e+00
0.000000000000000000e+00 0.000000000000000000e+00
0.000000000000000000e+00 0.000000000000000000e+00
0.000000000000000000e+00 0.000000000000000000e+00
0.000000000000000000e+00 0.000000000000000000e+00
0.000000000000000000e+00 0.000000000000000000e+00
0.000000000000000000e+00 0.000000000000000000e+00
0.000000000000000000e+00 0.000000000000000000e+00
0.000000000000000000e+00 0.000000000000000000e+00
0.000000000000000000e+00 0.000000000000000000e+00
0.000000000000000000e+00 0.000000000000000000e+00
0.000000000000000000e+00 0.000000000000000000e+00
0.000000000000000000e+00 0.000000000000000000e+00
0.000000000000000000e+00 0.000000000000000000e+00
0.000000000000000000e+00 0.000000000000000000e+00
0.000000000000000000e+00 0.000000000000000000e+00
0.000000000000000000e+00 0.000000000000000000e+00
0.000000000000000000e+00 0.000000000000000000e+00
0.000000000000000000e+00 0.000000000000000000e+00
0.000000000000000000e+00 0.000000000000000000e+00
0.000000000000000000e+00 0.000000000000000000e+00
0.000000000000000000e+00 0.000000000000000000e+00
0.000000000000000000e+00 0.000000000000000000e+00
0.000000000000000000e+00 0.000000000000000000e+00
0.000000000000000000e+00 0.000000000000000000e+00
0.000000000000000000e+00 0.000000000000000000e+00
0.000000000000000000e+00 0.000000000000000000e+00
0.000000000000000000e+00 0.000000000000000000e+00
0.000000000000000000e+00 0.000000000000000000e+00
0.000000000000000000e+00 0.000000000000000000e+00
0.000000000000000000e+00 0.000000000000000000e+00
0.000000000000000000e+00 0.000000000000000000e+00
0.000000000000000000e+00 0.000000000000000000e+00
0.000000000000000000e+00 0.000000000000000000e+00
0.000000000000000000e+00 0.000000000000000000e+00
0.000000000000000000e+00 0.000000000000000000e+00
0.000000000000000000e+00 0.000000000000000000e+00
0.000000000000000000e+00 0.000000000000000000e+00
0.000000000000000000e+00 0.000000000000000000e+00
0.000000000000000000e+00 0.000000000000000000e+00
0.000000000000000000e+00 0.000000000000000000e+00
0.000000000000000000e+00 0.000000000000000000e+00
0.000000000000000000e+00 0.000000000000000000e+00
0.000000000000000000e+00 0.000000000000000000e+00
0.000000000000000000e+00 0.000000000000000000e+00
0.000000000000000000e+00 0.000000000000000000e+00
0.000000000000000000e+00 0.000000000000000000e+00
0.000000000000000000e+00 0.000000000000000000e+00
0.000000000000000000e+00 0.000000000000000000e+00
0.000000000000000000e+00 0.000000000000000000e+00
0.000000000000000000e+00 0.000000000000000000e+00
0.000000000000000000e+00 0.000000000000000000e+00
0.000000000000000000e+00 0.000000000000000000e+00
0.000000000000000000e+00 0.000000000000000000e+00
0.000000000000000000e+00 0.000000000000000000e+00
0.000000000000000000e+00 0.000000000000000000e+00
0.000000000000000000e+00 0.000000000000000000e+00
0.000000000000000000e+00 0.000000000000000000e+00
0.000000000000000000e+00 0.000000000000000000e+00
0.000000000000000000e+00 0.000000000000000000e+00
0.000000000000000000e+00 0.000000000000000000e+00
0.000000000000000000e+00 0.000000000000000000e+00
0.000000000000000000e+00 0.000000000000000000e+00
0.000000000000000000e+00 0.000000000000000000e+00
0.000000000000000000e+00 0.000000000000000000e+00
0.000000000000000000e+00 0.000000000000000000e+00
0.000000000000000000e+00 0.000000000000000000e+00
0.000000000000000000e+00 0.000000000000000000e+00
0.000000000000000000e+00 0.000000000000000000e+00
0.000000000000000000e+00 0.000000000000000000e+00
0.000000000000000000e+00 0.000000000000000000e+00
0.000000000000000000e+00 0.000000000000000000e+00
0.000000000000000000e+00 0.000000000000000000e+00
0.000000000000000000e+00 0.000000000000000000e+00
0.000000000000000000e+00 0.000000000000000000e+00
0.000000000000000000e+00 0.000000000000000000e+00
0.000000000000000000e+00 0.000000000000000000e+00
0.000000000000000000e+00 0.000000000000000000e+00
0.000000000000000000e+00 0.000000000000000000e+00
0.000000000000000000e+00 0.000000000000000000e+00
0.000000000000000000e+00 0.000000000000000000e+00
0.000000000000000000e+00 0.000000000000000000e+00
0.000000000000000000e+00 0.000000000000000000e+00
0.000000000000000000e+00 0.000000000000000000e+00
0.000000000000000000e+00 0.000000000000000000e+00
0.000000000000000000e+00 0.000000000000000000e+00
0.000000000000000000e+00 0.000000000000000000e+00
0.000000000000000000e+00 0.000000000000000000e+00
0.000000000000000000e+00 0.000000000000000000e+00
0.000000000000000000e+00 0.000000000000000000e+00
0.000000000000000000e+00 0.000000000000000000e+00
0.000000000000000000e+00 0.000000000000000000e+00
0.000000000000000000e+00 0.000000000000000000e+00
0.000000000000000000e+00 0.000000000000000000e+00
0.000000000000000000e+00 0.000000000000000000e+00
0.000000000000000000e+00 0.000000000000000000e+00
0.000000000000000000e+00 0.000000000000000000e+00
0.000000000000000000e+00 0.000000000000000000e+00
0.000000000000000000e+00 0.000000000000000000e+00
0.000000000000000000e+00 0.000000000000000000e+00
0.000000000000000000e+00 0.000000000000000000e+00
0.000000000000000000e+00 0.000000000000000000e+00
0.000000000000000000e+00 0.000000000000000000e+00
0.000000000000000000e+00 0.000000000000000000e+00
0.000000000000000000e+00 0.000000000000000000e+00
0.000000000000000000e+00 0.000000000000000000e+00
0.000000000000000000e+00 0.000000000000000000e+00
0.000000000000000000e+00 0.000000000000000000e+00
0.000000000000000000e+00 0.000000000000000000e+00
0.000000000000000000e+00 0.000000000000000000e+00
0.000000000000000000e+00 0.000000000000000000e+00
0.000000000000000000e+00 0.000000000000000000e+00
0.000000000000000000e+00 0.000000000000000000e+00
0.000000000000000000e+00 0.000000000000000000e+00
0.000000000000000000e+00 0.000000000000000000e+00
0.000000000000000000e+00 0.000000000000000000e+00
0.000000000000000000e+00 0.000000000000000000e+00
0.000000000000000000e+00 0.000000000000000000e+00
0.000000000000000000e+00 0.000000000000000000e+00
0.000000000000000000e+00 0.000000000000000000e+00
0.000000000000000000e+00 0.000000000000000000e+00
0.000000000000000000e+00 0.000000000000000000e+00
0.000000000000000000e+00 0.000000000000000000e+00
0.000000000000000000e+00 0.000000000000000000e+00
0.000000000000000000e+00 0.000000000000000000e+00
0.000000000000000000e+00 0.000000000000000000e+00
0.000000000000000000e+00 0.000000000000000000e+00
0.000000000000000000e+00 0.000000000000000000e+00
0.000000000000000000e+00 0.000000000000000000e+00
0.000000000000000000e+00 0.000000000000000000e+00
0.000000000000000000e+00 0.000000000000000000e+00
0.000000000000000000e+00 0.000000000000000000e+00
0.000000000000000000e+00 0.000000000000000000e+00
0.000000000000000000e+00 0.000000000000000000e+00
0.000000000000000000e+00 0.000000000000000000e+00
0.000000000000000000e+00 0.000000000000000000e+00
0.000000000000000000e+00 0.000000000000000000e+00
0.000000000000000000e+00 0.000000000000000000e+00
0.000000000000000000e+00 0.000000000000000000e+00
0.000000000000000000e+00 0.000000000000000000e+00
0.000000000000000000e+00 0.000000000000000000e+00
0.000000000000000000e+00 0.000000000000000000e+00
0.000000000000000000e+00 0.000000000000000000e+00
0.000000000000000000e+00 0.000000000000000000e+00
0.000000000000000000e+00 0.000000000000000000e+00
0.000000000000000000e+00 0.000000000000000000e+00
0.000000000000000000e+00 0.000000000000000000e+00
0.000000000000000000e+00 0.000000000000000000e+00
0.000000000000000000e+00 0.000000000000000000e+00
0.000000000000000000e+00 0.000000000000000000e+00
6.488672249087870658e-02 -1.330227643792631365e-01
2.282552149573297551e-01 -8.041297146369197346e-01
1.861549940631041788e-01 -8.790930005247487022e-01
1.481214246715880090e-01 -8.707853978371127290e-01
1.098678870931280860e-01 -8.383996820144192785e-01
3.727616124515881202e-02 -6.228314181988330311e-01
-2.341568828223951153e-04 -2.656058650087265473e-03
4.945918843084153374e-03 2.037372037220831766e-02
0.000000000000000000e+00 0.000000000000000000e+00
0.000000000000000000e+00 0.000000000000000000e+00
0.000000000000000000e+00 0.000000000000000000e+00
0.000000000000000000e+00 0.000000000000000000e+00
0.000000000000000000e+00 0.000000000000000000e+00
0.000000000000000000e+00 0.000000000000000000e+00
0.000000000000000000e+00 0.000000000000000000e+00
0.000000000000000000e+00 0.000000000000000000e+00
0.000000000000000000e+00 0.000000000000000000e+00
0.000000000000000000e+00 0.000000000000000000e+00
0.000000000000000000e+00 0.000000000000000000e+00
0.000000000000000000e+00 0.000000000000000000e+00
0.000000000000000000e+00 0.000000000000000000e+00
0.000000000000000000e+00 0.000000000000000000e+00
1.166935005542832056e-03 -2.021190718730855179e-03
3.426798773320843816e-02 -7.501543019741202523e-02
1.044057108349771557e-01 -3.108688897430401665e-01
1.088711021910173937e-01 -3.306065065384641288e-01
8.326316181960823071e-02 -2.364237075818299005e-01
-9.135770811370430566e-02 2.471955098217137048e-01
1.185564701252936060e-01 -4.542711925647522908e-01
1.274285822489419628e-01 -4.897109835668646549e-01
1.437055407536157459e-01 -8.364242015610094949e-01
1.519628438934824133e-01 -8.944859913549616515e-01
1.276800961071190010e-01 -8.980899272686746482e-01
-5.715560965279493227e-03 -4.786057544313002121e-01
-6.137472944483022760e-03 -5.670539767855718727e-02
5.166176131988458979e-03 1.310925087512936765e-02
0.000000000000000000e+00 0.000000000000000000e+00
0.000000000000000000e+00 0.000000000000000000e+00
0.000000000000000000e+00 0.000000000000000000e+00
0.000000000000000000e+00 0.000000000000000000e+00
0.000000000000000000e+00 0.000000000000000000e+00
0.000000000000000000e+00 0.000000000000000000e+00
0.000000000000000000e+00 0.000000000000000000e+00
0.000000000000000000e+00 0.000000000000000000e+00
0.000000000000000000e+00 0.000000000000000000e+00
0.000000000000000000e+00 0.000000000000000000e+00
0.000000000000000000e+00 0.000000000000000000e+00
0.000000000000000000e+00 0.000000000000000000e+00
0.000000000000000000e+00 0.000000000000000000e+00
0.000000000000000000e+00 0.000000000000000000e+00
0.000000000000000000e+00 0.000000000000000000e+00
0.000000000000000000e+00 0.000000000000000000e+00
0.000000000000000000e+00 0.000000000000000000e+00
0.000000000000000000e+00 0.000000000000000000e+00
0.000000000000000000e+00 0.000000000000000000e+00
0.000000000000000000e+00 0.000000000000000000e+00
0.000000000000000000e+00 0.000000000000000000e+00
0.000000000000000000e+00 0.000000000000000000e+00
0.000000000000000000e+00 0.000000000000000000e+00
0.000000000000000000e+00 0.000000000000000000e+00
0.000000000000000000e+00 0.000000000000000000e+00
0.000000000000000000e+00 0.000000000000000000e+00
0.000000000000000000e+00 0.000000000000000000e+00
0.000000000000000000e+00 0.000000000000000000e+00
0.000000000000000000e+00 0.000000000000000000e+00
0.000000000000000000e+00 0.000000000000000000e+00
0.000000000000000000e+00 0.000000000000000000e+00
0.000000000000000000e+00 0.000000000000000000e+00
0.000000000000000000e+00 0.000000000000000000e+00
0.000000000000000000e+00 0.000000000000000000e+00
0.000000000000000000e+00 0.000000000000000000e+00
0.000000000000000000e+00 0.000000000000000000e+00
0.000000000000000000e+00 0.000000000000000000e+00
0.000000000000000000e+00 0.000000000000000000e+00
0.000000000000000000e+00 0.000000000000000000e+00
0.000000000000000000e+00 0.000000000000000000e+00
0.000000000000000000e+00 0.000000000000000000e+00
0.000000000000000000e+00 0.000000000000000000e+00
2.755191727328728211e-04 -3.283509639329857169e-04
4.045557518623456761e-04 -4.821307706866020406e-04
7.260541820620137511e-04 -8.652776798904550414e-04
1.022989939762745243e-03 -1.219151935899985681e-03
1.303375526499293228e-03 -1.553302466204901835e-03
8.239527017785117091e-03 -1.335452158348235385e-02
9.778864943992229830e-03 -1.577450065225412257e-02
1.162510278177561127e-02 -1.867631550689641609e-02
1.394390474752078835e-02 -2.222501189673622285e-02
1.592961281940758617e-02 -2.531344808009449929e-02
-1.424680042160509502e-02 3.041618302289499781e-02
3.336403001707482358e-02 -7.105349942610034164e-02
4.191703539640503906e-02 -8.895811685649523959e-02
3.922325562111941832e-02 -8.017361118580916546e-02
-4.552530381028944972e-02 9.065062375378160620e-02
4.558914791848857340e-02 -1.200754285053035747e-01
4.584098518621765317e-02 -1.202556660964409219e-01
4.314914262668293615e-02 -1.136133275908744050e-01
4.576563199224248368e-02 -1.203330609250067573e-01
5.076018175781527725e-02 -1.334028117077017128e-01
1.010162334612248608e-01 -3.811964840893553585e-01
1.079510745790051296e-01 -4.070297344423935981e-01
1.161572657273897552e-01 -4.400195808307409973e-01
1.229475876370907939e-01 -4.665906188392084930e-01
1.316681495941595670e-01 -4.996745356538648819e-01
1.259440788368009212e-01 -6.278186591711288900e-01
1.353544606184255428e-01 -6.754054435613292551e-01
1.456946971386309519e-01 -7.318450739255606408e-01
1.463781449744800400e-01 -7.404324080731534696e-01
1.465384530676688835e-01 -7.467380397269360870e-01
1.342361523788601629e-01 -7.827965713083645527e-01
1.327941047306290534e-01 -7.759388094888748366e-01
1.172799334959115786e-01 -6.845079674327392283e-01
-8.638446019417111987e-02 4.993556623395971616e-01
7.398314459711269331e-02 -4.332329206248458631e-01
7.564250449487980310e-02 -4.463564935790198529e-01
1.314080649106783190e-02 -7.782248087509313628e-02
9.565697213546366096e-02 -5.633663478960162507e-01
1.053873088884696163e-01 -6.196694439335319604e-01
1.045942710992789071e-01 -6.157943147089033342e-01
1.023846673312609618e-01 -6.036573430974667698e-01
1.014791148083049044e-01 -5.980760233705466611e-01
9.996116807191877951e-02 -5.891600091459231470e-01
9.762258526071962428e-02 -5.750566052356529401e-01
9.319980149687025206e-02 -5.483605889474426620e-01
7.627952984828378913e-02 -5.047944911731557793e-01
7.229259280515124009e-02 -4.785839044309491697e-01
6.962310941145025134e-02 -4.579621570435146727e-01
6.691104953845830594e-02 -4.367539797550866743e-01
3.173667115951718520e-02 -2.138063647366221232e-01
9.502975273319783783e-03 -1.349078114415398211e-01
6.360670709407139495e-03 -9.828273965037401250e-02
2.978393331568736369e-02 -3.398494589579414971e-01
4.412535638018608153e-02 -4.668750763105241619e-01
4.330224832130490781e-02 -4.724475757232823314e-01
3.556849573752928623e-02 -4.044575906887890038e-01
3.631388261786917381e-03 1.272447854293547731e-01
4.610609761771295237e-03 -3.010815744220787238e-01
3.387203108243404780e-03 -3.113871900991759811e-01
3.734700545163671670e-03 -3.205518132532282349e-01
3.210566808179163983e-03 -3.286381801119986346e-01
2.510313335570560182e-03 -3.241192699299572100e-01
3.392162577345024001e-03 -3.259829150456970970e-01
4.278075806568526485e-03 -3.203625185362479755e-01
-1.690178741941891771e-02 -1.747722055419159704e-01
-1.530906106078695414e-02 -1.619103933691596053e-01
-1.423215812071914645e-02 -1.511273485979686970e-01
-1.257938382590453874e-02 -1.387390137563677961e-01
-1.170454709215019290e-02 -1.260767677683077570e-01
-9.883294173679120498e-03 -1.116591113247897005e-01
-8.588671428013887332e-03 -9.973921902548550655e-02
-7.364198567873503180e-03 -8.825433521487786870e-02
-7.045562330419951821e-03 -8.578371837610551665e-02
-6.994550116719636113e-03 -8.485663529159193086e-02
-6.820052051730149736e-03 -8.502857074471069365e-02
-6.222723867217207216e-03 -6.151911347357733040e-02
7.678182294889903704e-03 6.481140060394659230e-02
7.692109039534070214e-02 -4.240306941409031638e-01
8.809235800173206843e-02 -4.791661517162820738e-01
9.583835096404702547e-02 -5.324867861476887398e-01
1.024418311788450886e-01 -5.702650700346731938e-01
6.093984584716618386e-02 -5.242088474622175198e-01
2.143118495749074016e-03 -2.035386413120391924e-01
8.154246828054862286e-04 3.535323142047428011e-03
0.000000000000000000e+00 0.000000000000000000e+00
0.000000000000000000e+00 0.000000000000000000e+00
0.000000000000000000e+00 0.000000000000000000e+00
0.000000000000000000e+00 0.000000000000000000e+00
0.000000000000000000e+00 0.000000000000000000e+00
0.000000000000000000e+00 0.000000000000000000e+00
0.000000000000000000e+00 0.000000000000000000e+00
0.000000000000000000e+00 0.000000000000000000e+00
0.000000000000000000e+00 0.000000000000000000e+00
4.792587187591446887e-04 -8.301004508612021705e-04
6.965143697814503432e-02 -1.425007561249219401e-01
5.934382263121637524e-03 -2.121896331741084801e-02
6.569205101142533421e-02 -3.591244506915610146e-01
1.339928296485949077e-01 -8.126609196372374111e-01
1.029143765243086261e-01 -7.825637667802692876e-01
3.814309305616944007e-02 -5.847225084144136442e-01
-1.252043324824267390e-02 -9.907479596182422465e-02
7.532450612468030715e-03 2.761379883003847388e-02
0.000000000000000000e+00 0.000000000000000000e+00
0.000000000000000000e+00 0.000000000000000000e+00
0.000000000000000000e+00 0.000000000000000000e+00
0.000000000000000000e+00 0.000000000000000000e+00
0.000000000000000000e+00 0.000000000000000000e+00
0.000000000000000000e+00 0.000000000000000000e+00
0.000000000000000000e+00 0.000000000000000000e+00
0.000000000000000000e+00 0.000000000000000000e+00
0.000000000000000000e+00 0.000000000000000000e+00
0.000000000000000000e+00 0.000000000000000000e+00
0.000000000000000000e+00 0.000000000000000000e+00
0.000000000000000000e+00 0.000000000000000000e+00
0.000000000000000000e+00 0.000000000000000000e+00
0.000000000000000000e+00 0.000000000000000000e+00
7.323076413887691025e-03 -1.161621033747254478e-02
1.146532163437876395e-01 -3.030320057257368527e-01
1.810199136606712167e-01 -6.422310657104721709e-01
1.414389817917015291e-01 -8.165545298776113459e-01
1.284272136039396606e-01 -8.158264006286575221e-01
9.874945086920643156e-02 -7.796479337924573372e-01
-1.132580484538920663e-02 -3.947682464937347646e-01
-2.102777447186426896e-03 -2.501804041133015577e-02
3.556885061370904100e-03 9.089893005744866319e-03
0.000000000000000000e+00 0.000000000000000000e+00
0.000000000000000000e+00 0.000000000000000000e+00
0.000000000000000000e+00 0.000000000000000000e+00
0.000000000000000000e+00 0.000000000000000000e+00
0.000000000000000000e+00 0.000000000000000000e+00
0.000000000000000000e+00 0.000000000000000000e+00
0.000000000000000000e+00 0.000000000000000000e+00
0.000000000000000000e+00 0.000000000000000000e+00
0.000000000000000000e+00 0.000000000000000000e+00
0.000000000000000000e+00 0.000000000000000000e+00
0.000000000000000000e+00 0.000000000000000000e+00
0.000000000000000000e+00 0.000000000000000000e+00
2.174387659594118917e-04 -1.824527883201854366e-04
1.355631568131789597e-03 -1.615491492558422800e-03
3.339084095513836919e-02 -7.520394130639485031e-02
1.650449613330149390e-01 -4.619072908039004721e-01
1.653828966786719257e-01 -8.334615958423501336e-01
1.309926124172871575e-01 -7.578792856773998166e-01
1.228075921821147609e-01 -7.825334719410101947e-01
4.475080095807214969e-02 -6.743968034430454228e-01
-8.649993627374497757e-03 -3.091326613830541747e-01
4.974843344370862182e-03 1.663893050301035875e-02
1.394588780305651247e-03 3.764048781131626702e-03
0.000000000000000000e+00 0.000000000000000000e+00
0.000000000000000000e+00 0.000000000000000000e+00
0.000000000000000000e+00 0.000000000000000000e+00
0.000000000000000000e+00 0.000000000000000000e+00
0.000000000000000000e+00 0.000000000000000000e+00
0.000000000000000000e+00 0.000000000000000000e+00
0.000000000000000000e+00 0.000000000000000000e+00
0.000000000000000000e+00 0.000000000000000000e+00
0.000000000000000000e+00 0.000000000000000000e+00
0.000000000000000000e+00 0.000000000000000000e+00
0.000000000000000000e+00 0.000000000000000000e+00
0.000000000000000000e+00 0.000000000000000000e+00
0.000000000000000000e+00 0.000000000000000000e+00
0.000000000000000000e+00 0.000000000000000000e+00
4.995483812388107348e-02 -1.036078475140964489e-01
1.810111989095438689e-01 -6.518598601977716456e-01
1.733292426685653642e-01 -8.470310382761309098e-01
1.390406407824578972e-01 -8.582572494090119353e-01
1.056248112534375755e-01 -8.396546997091862696e-01
4.205787314617146638e-02 -6.856738378879355666e-01
-1.848481002464179290e-02 -1.364424318615485299e-01
9.188076429039749790e-03 3.258505692568592488e-02
0.000000000000000000e+00 0.000000000000000000e+00
0.000000000000000000e+00 0.000000000000000000e+00
0.000000000000000000e+00 0.000000000000000000e+00
0.000000000000000000e+00 0.000000000000000000e+00
0.000000000000000000e+00 0.000000000000000000e+00
0.000000000000000000e+00 0.000000000000000000e+00
0.000000000000000000e+00 0.000000000000000000e+00
0.000000000000000000e+00 0.000000000000000000e+00
0.000000000000000000e+00 0.000000000000000000e+00
0.000000000000000000e+00 0.000000000000000000e+00
0.000000000000000000e+00 0.000000000000000000e+00
0.000000000000000000e+00 0.000000000000000000e+00
0.000000000000000000e+00 0.000000000000000000e+00
0.000000000000000000e+00 0.000000000000000000e+00
2.967249107091425933e-03 -5.139426212195735699e-03
1.244994305583021488e-01 -3.414994338390192619e-01
2.237232967946661821e-01 -8.103223792312324036e-01
1.525489968927178364e-01 -8.930931586670090017e-01
1.434439923359762115e-01 -8.870298124397020256e-01
1.045605886662314687e-01 -8.422881258933063719e-01
-1.381707348396978702e-02 -4.706269519222490150e-01
-5.594867776098385106e-03 -4.788993269125806085e-02
3.808722724773230643e-03 9.144338918478144354e-03
0.000000000000000000e+00 0.000000000000000000e+00
0.000000000000000000e+00 0.000000000000000000e+00
0.000000000000000000e+00 0.000000000000000000e+00
0.000000000000000000e+00 0.000000000000000000e+00
0.000000000000000000e+00 0.000000000000000000e+00
0.000000000000000000e+00 0.000000000000000000e+00
0.000000000000000000e+00 0.000000000000000000e+00
0.000000000000000000e+00 0.000000000000000000e+00
0.000000000000000000e+00 0.000000000000000000e+00
0.000000000000000000e+00 0.000000000000000000e+00
0.000000000000000000e+00 0.000000000000000000e+00
0.000000000000000000e+00 0.000000000000000000e+00
0.000000000000000000e+00 0.000000000000000000e+00
0.000000000000000000e+00 0.000000000000000000e+00
3.463698293601413097e-02 -7.333716778743228082e-02
1.829032078035161824e-01 -4.785105636151374409e-01
2.051145674631011939e-01 -9.743938393425839450e-01
1.476694318774540160e-01 -9.080499354864877137e-01
1.356507486395546747e-01 -8.770675776804530699e-01
6.345278499357082580e-04 1.473358047492763501e-02
-3.741371849929343331e-03 -2.320191514310983028e-01
8.730405776846913296e-03 3.213062507081664715e-02
0.000000000000000000e+00 0.000000000000000000e+00
0.000000000000000000e+00 0.000000000000000000e+00
0.000000000000000000e+00 0.000000000000000000e+00
0.000000000000000000e+00 0.000000000000000000e+00
0.000000000000000000e+00 0.000000000000000000e+00
0.000000000000000000e+00 0.000000000000000000e+00
0.000000000000000000e+00 0.000000000000000000e+00
0.000000000000000000e+00 0.000000000000000000e+00
0.000000000000000000e+00 0.000000000000000000e+00
0.000000000000000000e+00 0.000000000000000000e+00
0.000000000000000000e+00 0.000000000000000000e+00
0.000000000000000000e+00 0.000000000000000000e+00
0.000000000000000000e+00 0.000000000000000000e+00
0.000000000000000000e+00 0.000000000000000000e+00
0.000000000000000000e+00 0.000000000000000000e+00
0.000000000000000000e+00 0.000000000000000000e+00
0.000000000000000000e+00 0.000000000000000000e+00
0.000000000000000000e+00 0.000000000000000000e+00
0.000000000000000000e+00 0.000000000000000000e+00
0.000000000000000000e+00 0.000000000000000000e+00
0.000000000000000000e+00 0.000000000000000000e+00
0.000000000000000000e+00 0.000000000000000000e+00
0.000000000000000000e+00 0.000000000000000000e+00
0.000000000000000000e+00 0.000000000000000000e+00
0.000000000000000000e+00 0.000000000000000000e+00
0.000000000000000000e+00 0.000000000000000000e+00
0.000000000000000000e+00 0.000000000000000000e+00
0.000000000000000000e+00 0.000000000000000000e+00
0.000000000000000000e+00 0.000000000000000000e+00
0.000000000000000000e+00 0.000000000000000000e+00
0.000000000000000000e+00 0.000000000000000000e+00
0.000000000000000000e+00 0.000000000000000000e+00
0.000000000000000000e+00 0.000000000000000000e+00
0.000000000000000000e+00 0.000000000000000000e+00
0.000000000000000000e+00 0.000000000000000000e+00
0.000000000000000000e+00 0.000000000000000000e+00
0.000000000000000000e+00 0.000000000000000000e+00
0.000000000000000000e+00 0.000000000000000000e+00
0.000000000000000000e+00 0.000000000000000000e+00
0.000000000000000000e+00 0.000000000000000000e+00
0.000000000000000000e+00 0.000000000000000000e+00
0.000000000000000000e+00 0.000000000000000000e+00
0.000000000000000000e+00 0.000000000000000000e+00
0.000000000000000000e+00 0.000000000000000000e+00
0.000000000000000000e+00 0.000000000000000000e+00
0.000000000000000000e+00 0.000000000000000000e+00
0.000000000000000000e+00 0.000000000000000000e+00
0.000000000000000000e+00 0.000000000000000000e+00
0.000000000000000000e+00 0.000000000000000000e+00
0.000000000000000000e+00 0.000000000000000000e+00
0.000000000000000000e+00 0.000000000000000000e+00
0.000000000000000000e+00 0.000000000000000000e+00
0.000000000000000000e+00 0.000000000000000000e+00
0.000000000000000000e+00 0.000000000000000000e+00
0.000000000000000000e+00 0.000000000000000000e+00
0.000000000000000000e+00 0.000000000000000000e+00
0.000000000000000000e+00 0.000000000000000000e+00
0.000000000000000000e+00 0.000000000000000000e+00
0.000000000000000000e+00 0.000000000000000000e+00
0.000000000000000000e+00 0.000000000000000000e+00
0.000000000000000000e+00 0.000000000000000000e+00
0.000000000000000000e+00 0.000000000000000000e+00
0.000000000000000000e+00 0.000000000000000000e+00
0.000000000000000000e+00 0.000000000000000000e+00
0.000000000000000000e+00 0.000000000000000000e+00
0.000000000000000000e+00 0.000000000000000000e+00
0.000000000000000000e+00 0.000000000000000000e+00
0.000000000000000000e+00 0.000000000000000000e+00
0.000000000000000000e+00 0.000000000000000000e+00
0.000000000000000000e+00 0.000000000000000000e+00
0.000000000000000000e+00 0.000000000000000000e+00
0.000000000000000000e+00 0.000000000000000000e+00
0.000000000000000000e+00 0.000000000000000000e+00
0.000000000000000000e+00 0.000000000000000000e+00
0.000000000000000000e+00 0.000000000000000000e+00
0.000000000000000000e+00 0.000000000000000000e+00
0.000000000000000000e+00 0.000000000000000000e+00
0.000000000000000000e+00 0.000000000000000000e+00
0.000000000000000000e+00 0.000000000000000000e+00
0.000000000000000000e+00 0.000000000000000000e+00
0.000000000000000000e+00 0.000000000000000000e+00
0.000000000000000000e+00 0.000000000000000000e+00
0.000000000000000000e+00 0.000000000000000000e+00
0.000000000000000000e+00 0.000000000000000000e+00
0.000000000000000000e+00 0.000000000000000000e+00
0.000000000000000000e+00 0.000000000000000000e+00
0.000000000000000000e+00 0.000000000000000000e+00
0.000000000000000000e+00 0.000000000000000000e+00
0.000000000000000000e+00 0.000000000000000000e+00
0.000000000000000000e+00 0.000000000000000000e+00
0.000000000000000000e+00 0.000000000000000000e+00
0.000000000000000000e+00 0.000000000000000000e+00
0.000000000000000000e+00 0.000000000000000000e+00
0.000000000000000000e+00 0.000000000000000000e+00
0.000000000000000000e+00 0.000000000000000000e+00
0.000000000000000000e+00 0.000000000000000000e+00
0.000000000000000000e+00 0.000000000000000000e+00
0.000000000000000000e+00 0.000000000000000000e+00
0.000000000000000000e+00 0.000000000000000000e+00
0.000000000000000000e+00 0.000000000000000000e+00
0.000000000000000000e+00 0.000000000000000000e+00
0.000000000000000000e+00 0.000000000000000000e+00
0.000000000000000000e+00 0.000000000000000000e+00
0.000000000000000000e+00 0.000000000000000000e+00
0.000000000000000000e+00 0.000000000000000000e+00
0.000000000000000000e+00 0.000000000000000000e+00
0.000000000000000000e+00 0.000000000000000000e+00
0.000000000000000000e+00 0.000000000000000000e+00
0.000000000000000000e+00 0.000000000000000000e+00
0.000000000000000000e+00 0.000000000000000000e+00
0.000000000000000000e+00 0.000000000000000000e+00
0.000000000000000000e+00 0.000000000000000000e+00
0.000000000000000000e+00 0.000000000000000000e+00
0.000000000000000000e+00 0.000000000000000000e+00
0.000000000000000000e+00 0.000000000000000000e+00
0.000000000000000000e+00 0.000000000000000000e+00
3.769594389507240425e-05 -4.492427656318229346e-05
3.850273187230533869e-05 -4.588576903351146490e-05
6.213637392014799410e-05 -7.405124685011352399e-05
8.584027076387721223e-05 -1.023004510721103611e-04
1.029875523327360073e-04 -1.227357854850223045e-04
1.632315909853228634e-04 -1.945318349816270919e-04
3.482238886549067036e-04 -4.149970703316110433e-04
4.673669781819648822e-04 -5.569862753082562099e-04
-1.132173198812370203e-03 1.349271477123520357e-03
7.595511517118371230e-04 -9.051978138116513689e-04
9.013221682067972060e-04 -1.072891298591910824e-03
5.157320411190263222e-03 -8.452293024983436806e-03
7.444592811894078753e-03 -1.215461402550578260e-02
8.866338274104214670e-03 -1.433790583090227555e-02
1.003289549610881376e-02 -1.614645985035948264e-02
1.119265644959301087e-02 -1.795317215737320116e-02
1.259462035873988930e-02 -2.020893990820520070e-02
1.407039420874798760e-02 -2.251531064986316694e-02
1.489210119864749216e-02 -2.378381839726114236e-02
1.643657961593355046e-02 -2.618519461440738799e-02
3.494393677949521326e-02 -7.480318016131348724e-02
3.851723987194491383e-02 -8.250139049124971535e-02
4.131870721409951208e-02 -8.853636738553269381e-02
4.275999210710387105e-02 -9.164932451698441784e-02
4.519646899138315271e-02 -9.666988744894558505e-02
4.829644010877905125e-02 -1.031516921874612996e-01
4.975390581599836021e-02 -1.054429572398687259e-01
-2.783585341763112828e-02 5.771176156957662923e-02
5.891338030677697318e-02 -1.716694758272717947e-01
6.658817358855212420e-02 -1.938637276778396035e-01
3.806715172882032400e-02 -1.022424292231072229e-01
-5.327729202731799896e-02 1.390332867275736184e-01
5.817200796345517455e-02 -1.785721301499616498e-01
6.321413950596774245e-02 -1.914167065842836413e-01
4.387728310634049500e-02 -1.179080021031796432e-01
3.750527864176445014e-02 -1.009143956039133955e-01
3.113716848032085233e-02 -1.123108594893084677e-01
2.747450560137746148e-02 -9.780054952936728663e-02
8.751269073686507305e-02 -3.385271809920444852e-01
8.935282154454875225e-02 -3.427972769538555342e-01
9.180670530430219689e-02 -3.517120263588477957e-01
8.749333909027920408e-02 -3.327775804517850711e-01
8.779783076588387747e-02 -3.315124449642095628e-01
9.161506188431865760e-02 -3.420014987622492786e-01
1.159751991970903590e-01 -5.920795567651992997e-01
1.265971515639975342e-01 -6.481470594722829048e-01
1.341653369435119869e-01 -6.904958142827785084e-01
1.566332600949503773e-01 -8.086924089881761812e-01
1.564731918211973716e-01 -8.043667946375853139e-01
1.372553954994047143e-01 -6.874401731657435732e-01
-9.417765561522808970e-02 4.520105227900761413e-01
1.118587502679823376e-01 -5.705703927806670128e-01
1.119950126743663177e-01 -5.761527675507378543e-01
1.014420159027773494e-01 -6.034627321485235285e-01
1.296857599582714737e-01 -7.740065078194905412e-01
1.334868986064160767e-01 -7.941402201572440589e-01
1.315603726615857116e-01 -7.810822692081313967e-01
1.307891006441619930e-01 -7.771829812662036652e-01
1.314430757254764770e-01 -7.810716275562541444e-01
1.302794017162419715e-01 -7.746706399506964047e-01
1.276091519584737211e-01 -7.600986816840490379e-01
1.249620191737746966e-01 -7.434941786290373278e-01
1.222699384023357011e-01 -7.276376187786104399e-01
1.198417725807165712e-01 -7.207449727172197118e-01
1.195684892199792571e-01 -7.183511726999006752e-01
1.193106237628720201e-01 -7.158166729260453387e-01
1.166660858095106279e-01 -7.000495981772949516e-01
1.133636853778762776e-01 -6.805094628237005061e-01
1.081097009231035133e-01 -6.486403597741485783e-01
-5.131571365098411969e-02 3.040896917134960353e-01
1.141348833576884825e-01 -6.823200371617147431e-01
1.165765920000743777e-01 -6.981388317428781631e-01
7.351135923342770606e-02 -4.393608373909969611e-01
-8.359704245093058095e-02 5.019868660895669965e-01
8.559649533030368185e-02 -5.219493400024015628e-01
8.292995584916415530e-02 -5.033228630648290958e-01
8.161273649073844116e-02 -4.946623692714279263e-01
8.617754261820642636e-02 -5.190615597998076147e-01
8.570799895060984830e-02 -5.151411209816967318e-01
8.751831577342575330e-02 -5.282489648555039885e-01
1.235648892941380306e-01 -7.495732882210122128e-01
1.281442486256136881e-01 -7.777394276134322881e-01
1.329935032390308358e-01 -8.059138913983855401e-01
1.381485863328847652e-01 -8.338564892325617262e-01
1.419264738443378193e-01 -8.567628346428681763e-01
1.414421425359730367e-01 -8.550857747730002956e-01
1.377108065283109417e-01 -8.351447013536515973e-01
1.128745810875001199e-01 -7.935692398084588373e-01
1.128734926502512337e-01 -7.887260392022132915e-01
1.124241837483512391e-01 -7.806836538841936957e-01
1.098354295806976688e-01 -7.646617259274210987e-01
9.367001100767724520e-02 -6.678820412180379584e-01
-5.353490963639939010e-02 4.047694181505588906e-01
6.330639093825386754e-02 -4.402755164627881190e-01
6.412629220321712509e-02 -4.393475200931687419e-01
6.304176825835557108e-02 -4.263642346387808146e-01
8.225892059858926075e-02 -5.509318962062552671e-01
8.825841256633189247e-02 -5.973163096089275648e-01
8.666517118752631310e-02 -5.899803051691425715e-01
8.621987926300361815e-02 -5.846721396820587779e-01
8.537448395219890407e-02 -5.786701477755689105e-01
4.762152002595342742e-02 -5.067331365532959930e-01
4.550740408204084764e-02 -4.873386897109722726e-01
4.305985392603395995e-02 -4.670012716690503662e-01
4.189423751812031138e-02 -4.526272627119881653e-01
4.191047298865919341e-02 -4.442215298036494842e-01
4.181305970527046667e-02 -4.372933463555780387e-01
4.107468182643645577e-02 -4.292557486235136777e-01
3.987096939503076420e-02 -4.165925494917847027e-01
3.777775093468707657e-02 -3.952454405096461620e-01
3.435245187550107354e-02 -3.671727888343236934e-01
2.515421853958905302e-02 -3.094104600024235596e-01
5.275033549807166960e-02 -5.956340471647754153e-01
5.374072692559762887e-02 -6.087522066269592802e-01
2.837190513491878729e-02 -4.155559519780336331e-01
-2.194009367658721760e-02 3.859017907820547766e-01
3.916579084573985209e-02 -5.006538545094506576e-01
4.116364072094672033e-02 -5.064621401890714303e-01
4.312570002513532730e-02 -5.078422544963043794e-01
5.363678182802628785e-02 -6.184891335531521595e-01
5.089446259713331644e-02 -5.969895938235132427e-01
4.815833057955247465e-02 -5.738902121462921002e-01
4.627657636197769764e-02 -5.527685442718801578e-01
4.573342108219358160e-02 -5.376453672489078794e-01
4.567829772846085379e-02 -5.245545088559212532e-01
1.195508909228103905e-03 -3.857772016154933370e-01
1.050687150638942094e-03 -3.686263108401349742e-01
7.469595918582830341e-04 -3.493155567296856168e-01
7.632218939233569033e-04 -3.310146292505732335e-01
1.266472810756889833e-03 -3.153134013938112545e-01
1.905080689351724109e-03 -3.031634073050879508e-01
2.077493576797670091e-03 -2.895512846978908206e-01
2.065571135072586349e-03 -2.717570121224964219e-01
-2.438982178718249530e-04 -2.307629575488738538e-01
9.420099342683507793e-03 8.292663758654053585e-02
-1.045720003683475730e-02 -1.073437883419904593e-01
-1.007795201502435616e-02 -1.029644477068106800e-01
-4.990088287080802869e-03 -4.044946633410632930e-02
9.078139433684890777e-03 7.192231214373329129e-02
-6.507046990168798353e-03 -7.654872255678671356e-02
-6.268908019805710143e-03 -7.279364991300876775e-02
-5.852325678610091966e-03 -6.796529799096705238e-02
-5.352731681220913341e-03 -6.325790378914587786e-02
-3.148455890889493777e-03 -2.576355995448481595e-02
-2.369460338288650880e-03 -1.825430638493575827e-02
-1.769526437125320314e-03 -7.203925548182594715e-03
-5.336047209498507096e-03 -2.406944019312088484e-02
-5.215122301016637818e-03 -2.359698599088406665e-02
-4.883173233306128090e-03 -2.207686220527640963e-02
-4.466806995682011915e-03 -2.011218257806650367e-02
-4.215539828553599780e-03 -1.890658695327828917e-02
-4.017792578040683960e-03 -1.798515752317442901e-02
-3.913116378093025975e-03 -1.752602118669228937e-02
-4.520778232153675226e-03 -2.084473527341008589e-02
-5.049703825793760634e-03 -2.331317928277353013e-02
-4.580368159356958645e-03 -2.123581880949962364e-02
-3.528991029456583425e-03 -1.609909027540597920e-02
5.207532216012444003e-03 2.208181687401131188e-02
-1.219691917604657800e-03 -3.290058429622707420e-03
-7.128360753098817067e-04 -1.958501020686554978e-03
-4.272304957229705537e-04 -1.173806139901266464e-03
-2.848351785961411239e-04 -7.825782214592225160e-04
-2.050790061522295160e-04 -5.634499386074462608e-04
-1.236550004276116080e-04 -3.397393214775146198e-04
-2.092270324190931340e-05 -5.748465471109587830e-05
0.000000000000000000e+00 0.000000000000000000e+00
0.000000000000000000e+00 0.000000000000000000e+00
0.000000000000000000e+00 0.000000000000000000e+00
0.000000000000000000e+00 0.000000000000000000e+00
0.000000000000000000e+00 0.000000000000000000e+00
0.000000000000000000e+00 0.000000000000000000e+00
0.000000000000000000e+00 0.000000000000000000e+00
0.000000000000000000e+00 0.000000000000000000e+00
0.000000000000000000e+00 0.000000000000000000e+00
0.000000000000000000e+00 0.000000000000000000e+00
0.000000000000000000e+00 0.000000000000000000e+00
0.000000000000000000e+00 0.000000000000000000e+00
0.000000000000000000e+00 0.000000000000000000e+00
0.000000000000000000e+00 0.000000000000000000e+00
0.000000000000000000e+00 0.000000000000000000e+00
0.000000000000000000e+00 0.000000000000000000e+00
0.000000000000000000e+00 0.000000000000000000e+00
0.000000000000000000e+00 0.000000000000000000e+00
0.000000000000000000e+00 0.000000000000000000e+00
0.000000000000000000e+00 0.000000000000000000e+00
0.000000000000000000e+00 0.000000000000000000e+00
0.000000000000000000e+00 0.000000000000000000e+00
0.000000000000000000e+00 0.000000000000000000e+00
0.000000000000000000e+00 0.000000000000000000e+00
0.000000000000000000e+00 0.000000000000000000e+00
0.000000000000000000e+00 0.000000000000000000e+00
0.000000000000000000e+00 0.000000000000000000e+00
0.000000000000000000e+00 0.000000000000000000e+00
0.000000000000000000e+00 0.000000000000000000e+00
0.000000000000000000e+00 0.000000000000000000e+00
0.000000000000000000e+00 0.000000000000000000e+00
0.000000000000000000e+00 0.000000000000000000e+00
0.000000000000000000e+00 0.000000000000000000e+00
0.000000000000000000e+00 0.000000000000000000e+00
0.000000000000000000e+00 0.000000000000000000e+00
0.000000000000000000e+00 0.000000000000000000e+00
0.000000000000000000e+00 0.000000000000000000e+00
0.000000000000000000e+00 0.000000000000000000e+00
0.000000000000000000e+00 0.000000000000000000e+00
0.000000000000000000e+00 0.000000000000000000e+00
0.000000000000000000e+00 0.000000000000000000e+00
0.000000000000000000e+00 0.000000000000000000e+00
0.000000000000000000e+00 0.000000000000000000e+00
0.000000000000000000e+00 0.000000000000000000e+00
0.000000000000000000e+00 0.000000000000000000e+00
0.000000000000000000e+00 0.000000000000000000e+00
0.000000000000000000e+00 0.000000000000000000e+00
0.000000000000000000e+00 0.000000000000000000e+00
0.000000000000000000e+00 0.000000000000000000e+00
0.000000000000000000e+00 0.000000000000000000e+00
0.000000000000000000e+00 0.000000000000000000e+00
0.000000000000000000e+00 0.000000000000000000e+00
0.000000000000000000e+00 0.000000000000000000e+00
0.000000000000000000e+00 0.000000000000000000e+00
0.000000000000000000e+00 0.000000000000000000e+00
0.000000000000000000e+00 0.000000000000000000e+00
0.000000000000000000e+00 0.000000000000000000e+00
0.000000000000000000e+00 0.000000000000000000e+00
0.000000000000000000e+00 0.000000000000000000e+00
0.000000000000000000e+00 0.000000000000000000e+00
0.000000000000000000e+00 0.000000000000000000e+00
0.000000000000000000e+00 0.000000000000000000e+00
0.000000000000000000e+00 0.000000000000000000e+00
0.000000000000000000e+00 0.000000000000000000e+00
0.000000000000000000e+00 0.000000000000000000e+00
0.000000000000000000e+00 0.000000000000000000e+00
0.000000000000000000e+00 0.000000000000000000e+00
0.000000000000000000e+00 0.000000000000000000e+00
0.000000000000000000e+00 0.000000000000000000e+00
0.000000000000000000e+00 0.000000000000000000e+00
0.000000000000000000e+00 0.000000000000000000e+00
0.000000000000000000e+00 0.000000000000000000e+00
0.000000000000000000e+00 0.000000000000000000e+00
0.000000000000000000e+00 0.000000000000000000e+00
0.000000000000000000e+00 0.000000000000000000e+00
0.000000000000000000e+00 0.000000000000000000e+00
0.000000000000000000e+00 0.000000000000000000e+00
0.000000000000000000e+00 0.000000000000000000e+00
0.000000000000000000e+00 0.000000000000000000e+00
0.000000000000000000e+00 0.000000000000000000e+00
0.000000000000000000e+00 0.000000000000000000e+00
0.000000000000000000e+00 0.000000000000000000e+00
0.000000000000000000e+00 0.000000000000000000e+00
0.000000000000000000e+00 0.000000000000000000e+00
0.000000000000000000e+00 0.000000000000000000e+00
0.000000000000000000e+00 0.000000000000000000e+00
0.000000000000000000e+00 0.000000000000000000e+00
0.000000000000000000e+00 0.000000000000000000e+00
0.000000000000000000e+00 0.000000000000000000e+00
0.000000000000000000e+00 0.000000000000000000e+00
0.000000000000000000e+00 0.000000000000000000e+00
0.000000000000000000e+00 0.000000000000000000e+00
0.000000000000000000e+00 0.000000000000000000e+00
0.000000000000000000e+00 0.000000000000000000e+00
0.000000000000000000e+00 0.000000000000000000e+00
0.000000000000000000e+00 0.000000000000000000e+00
0.000000000000000000e+00 0.000000000000000000e+00
0.000000000000000000e+00 0.000000000000000000e+00
0.000000000000000000e+00 0.000000000000000000e+00
0.000000000000000000e+00 0.000000000000000000e+00
0.000000000000000000e+00 0.000000000000000000e+00
0.000000000000000000e+00 0.000000000000000000e+00
0.000000000000000000e+00 0.000000000000000000e+00
0.000000000000000000e+00 0.000000000000000000e+00
0.000000000000000000e+00 0.000000000000000000e+00
0.000000000000000000e+00 0.000000000000000000e+00
0.000000000000000000e+00 0.000000000000000000e+00
0.000000000000000000e+00 0.000000000000000000e+00
0.000000000000000000e+00 0.000000000000000000e+00
0.000000000000000000e+00 0.000000000000000000e+00
0.000000000000000000e+00 0.000000000000000000e+00
0.000000000000000000e+00 0.000000000000000000e+00
0.000000000000000000e+00 0.000000000000000000e+00
0.000000000000000000e+00 0.000000000000000000e+00
0.000000000000000000e+00 0.000000000000000000e+00
0.000000000000000000e+00 0.000000000000000000e+00
0.000000000000000000e+00 0.000000000000000000e+00
0.000000000000000000e+00 0.000000000000000000e+00
0.000000000000000000e+00 0.000000000000000000e+00
0.000000000000000000e+00 0.000000000000000000e+00
0.000000000000000000e+00 0.000000000000000000e+00
0.000000000000000000e+00 0.000000000000000000e+00
0.000000000000000000e+00 0.000000000000000000e+00
0.000000000000000000e+00 0.000000000000000000e+00
0.000000000000000000e+00 0.000000000000000000e+00
0.000000000000000000e+00 0.000000000000000000e+00
0.000000000000000000e+00 0.000000000000000000e+00
0.000000000000000000e+00 0.000000000000000000e+00
0.000000000000000000e+00 0.000000000000000000e+00
0.000000000000000000e+00 0.000000000000000000e+00
0.000000000000000000e+00 0.000000000000000000e+00
0.000000000000000000e+00 0.000000000000000000e+00
0.000000000000000000e+00 0.000000000000000000e+00
0.000000000000000000e+00 0.000000000000000000e+00
0.000000000000000000e+00 0.000000000000000000e+00
0.000000000000000000e+00 0.000000000000000000e+00
0.000000000000000000e+00 0.000000000000000000e+00
0.000000000000000000e+00 0.000000000000000000e+00
0.000000000000000000e+00 0.000000000000000000e+00
0.000000000000000000e+00 0.000000000000000000e+00
0.000000000000000000e+00 0.000000000000000000e+00
0.000000000000000000e+00 0.000000000000000000e+00
0.000000000000000000e+00 0.000000000000000000e+00
0.000000000000000000e+00 0.000000000000000000e+00
0.000000000000000000e+00 0.000000000000000000e+00
0.000000000000000000e+00 0.000000000000000000e+00
0.000000000000000000e+00 0.000000000000000000e+00
0.000000000000000000e+00 0.000000000000000000e+00
0.000000000000000000e+00 0.000000000000000000e+00
0.000000000000000000e+00 0.000000000000000000e+00
0.000000000000000000e+00 0.000000000000000000e+00
0.000000000000000000e+00 0.000000000000000000e+00
0.000000000000000000e+00 0.000000000000000000e+00
0.000000000000000000e+00 0.000000000000000000e+00
0.000000000000000000e+00 0.000000000000000000e+00
0.000000000000000000e+00 0.000000000000000000e+00
0.000000000000000000e+00 0.000000000000000000e+00
0.000000000000000000e+00 0.000000000000000000e+00
0.000000000000000000e+00 0.000000000000000000e+00
0.000000000000000000e+00 0.000000000000000000e+00
0.000000000000000000e+00 0.000000000000000000e+00
0.000000000000000000e+00 0.000000000000000000e+00
0.000000000000000000e+00 0.000000000000000000e+00
0.000000000000000000e+00 0.000000000000000000e+00
0.000000000000000000e+00 0.000000000000000000e+00
0.000000000000000000e+00 0.000000000000000000e+00
0.000000000000000000e+00 0.000000000000000000e+00
0.000000000000000000e+00 0.000000000000000000e+00
0.000000000000000000e+00 0.000000000000000000e+00
0.000000000000000000e+00 0.000000000000000000e+00
0.000000000000000000e+00 0.000000000000000000e+00
0.000000000000000000e+00 0.000000000000000000e+00
0.000000000000000000e+00 0.000000000000000000e+00
0.000000000000000000e+00 0.000000000000000000e+00
0.000000000000000000e+00 0.000000000000000000e+00
0.000000000000000000e+00 0.000000000000000000e+00
0.000000000000000000e+00 0.000000000000000000e+00
0.000000000000000000e+00 0.000000000000000000e+00
0.000000000000000000e+00 0.000000000000000000e+00
0.000000000000000000e+00 0.000000000000000000e+00
0.000000000000000000e+00 0.000000000000000000e+00
0.000000000000000000e+00 0.000000000000000000e+00
0.000000000000000000e+00 0.000000000000000000e+00
0.000000000000000000e+00 0.000000000000000000e+00
0.000000000000000000e+00 0.000000000000000000e+00
0.000000000000000000e+00 0.000000000000000000e+00
0.000000000000000000e+00 0.000000000000000000e+00
0.000000000000000000e+00 0.000000000000000000e+00
0.000000000000000000e+00 0.000000000000000000e+00
0.000000000000000000e+00 0.000000000000000000e+00
0.000000000000000000e+00 0.000000000000000000e+00
0.000000000000000000e+00 0.000000000000000000e+00
0.000000000000000000e+00 0.000000000000000000e+00
0.000000000000000000e+00 0.000000000000000000e+00
0.000000000000000000e+00 0.000000000000000000e+00
0.000000000000000000e+00 0.000000000000000000e+00
0.000000000000000000e+00 0.000000000000000000e+00
0.000000000000000000e+00 0.000000000000000000e+00
0.000000000000000000e+00 0.000000000000000000e+00
0.000000000000000000e+00 0.000000000000000000e+00
0.000000000000000000e+00 0.000000000000000000e+00
0.000000000000000000e+00 0.000000000000000000e+00
0.000000000000000000e+00 0.000000000000000000e+00
0.000000000000000000e+00 0.000000000000000000e+00
0.000000000000000000e+00 0.000000000000000000e+00
0.000000000000000000e+00 0.000000000000000000e+00
0.000000000000000000e+00 0.000000000000000000e+00
0.000000000000000000e+00 0.000000000000000000e+00
0.000000000000000000e+00 0.000000000000000000e+00
0.000000000000000000e+00 0.000000000000000000e+00
0.000000000000000000e+00 0.000000000000000000e+00
0.000000000000000000e+00 0.000000000000000000e+00
0.000000000000000000e+00 0.000000000000000000e+00
0.000000000000000000e+00 0.000000000000000000e+00
0.000000000000000000e+00 0.000000000000000000e+00
0.000000000000000000e+00 0.000000000000000000e+00
0.000000000000000000e+00 0.000000000000000000e+00
0.000000000000000000e+00 0.000000000000000000e+00
0.000000000000000000e+00 0.000000000000000000e+00
0.000000000000000000e+00 0.000000000000000000e+00
0.000000000000000000e+00 0.000000000000000000e+00
0.000000000000000000e+00 0.000000000000000000e+00
0.000000000000000000e+00 0.000000000000000000e+00
0.000000000000000000e+00 0.000000000000000000e+00
0.000000000000000000e+00 0.000000000000000000e+00
0.000000000000000000e+00 0.000000000000000000e+00
0.000000000000000000e+00 0.000000000000000000e+00
0.000000000000000000e+00 0.000000000000000000e+00
0.000000000000000000e+00 0.000000000000000000e+00
0.000000000000000000e+00 0.000000000000000000e+00
0.000000000000000000e+00 0.000000000000000000e+00
0.000000000000000000e+00 0.000000000000000000e+00
0.000000000000000000e+00 0.000000000000000000e+00
0.000000000000000000e+00 0.000000000000000000e+00
0.000000000000000000e+00 0.000000000000000000e+00
0.000000000000000000e+00 0.000000000000000000e+00
0.000000000000000000e+00 0.000000000000000000e+00
0.000000000000000000e+00 0.000000000000000000e+00
0.000000000000000000e+00 0.000000000000000000e+00
0.000000000000000000e+00 0.000000000000000000e+00
0.000000000000000000e+00 0.000000000000000000e+00
0.000000000000000000e+00 0.000000000000000000e+00
0.000000000000000000e+00 0.000000000000000000e+00
0.000000000000000000e+00 0.000000000000000000e+00
0.000000000000000000e+00 0.000000000000000000e+00
0.000000000000000000e+00 0.000000000000000000e+00
0.000000000000000000e+00 0.000000000000000000e+00
0.000000000000000000e+00 0.000000000000000000e+00
0.000000000000000000e+00 0.000000000000000000e+00
0.000000000000000000e+00 0.000000000000000000e+00
0.000000000000000000e+00 0.000000000000000000e+00
0.000000000000000000e+00 0.000000000000000000e+00
0.000000000000000000e+00 0.000000000000000000e+00
0.000000000000000000e+00 0.000000000000000000e+00
0.000000000000000000e+00 0.000000000000000000e+00
0.000000000000000000e+00 0.000000000000000000e+00
0.000000000000000000e+00 0.000000000000000000e+00
0.000000000000000000e+00 0.000000000000000000e+00
0.000000000000000000e+00 0.000000000000000000e+00
0.000000000000000000e+00 0.000000000000000000e+00
0.000000000000000000e+00 0.000000000000000000e+00
0.000000000000000000e+00 0.000000000000000000e+00
0.000000000000000000e+00 0.000000000000000000e+00
0.000000000000000000e+00 0.000000000000000000e+00
0.000000000000000000e+00 0.000000000000000000e+00
0.000000000000000000e+00 0.000000000000000000e+00
0.000000000000000000e+00 0.000000000000000000e+00
0.000000000000000000e+00 0.000000000000000000e+00
0.000000000000000000e+00 0.000000000000000000e+00
0.000000000000000000e+00 0.000000000000000000e+00
0.000000000000000000e+00 0.000000000000000000e+00
0.000000000000000000e+00 0.000000000000000000e+00
0.000000000000000000e+00 0.000000000000000000e+00
0.000000000000000000e+00 0.000000000000000000e+00
0.000000000000000000e+00 0.000000000000000000e+00
0.000000000000000000e+00 0.000000000000000000e+00
0.000000000000000000e+00 0.000000000000000000e+00
0.000000000000000000e+00 0.000000000000000000e+00
0.000000000000000000e+00 0.000000000000000000e+00
0.000000000000000000e+00 0.000000000000000000e+00
0.000000000000000000e+00 0.000000000000000000e+00
0.000000000000000000e+00 0.000000000000000000e+00
0.000000000000000000e+00 0.000000000000000000e+00
0.000000000000000000e+00 0.000000000000000000e+00
0.000000000000000000e+00 0.000000000000000000e+00
0.000000000000000000e+00 0.000000000000000000e+00
0.000000000000000000e+00 0.000000000000000000e+00
0.000000000000000000e+00 0.000000000000000000e+00
0.000000000000000000e+00 0.000000000000000000e+00
0.000000000000000000e+00 0.000000000000000000e+00
0.000000000000000000e+00 0.000000000000000000e+00
0.000000000000000000e+00 0.000000000000000000e+00
0.000000000000000000e+00 0.000000000000000000e+00
0.000000000000000000e+00 0.000000000000000000e+00
0.000000000000000000e+00 0.000000000000000000e+00
0.000000000000000000e+00 0.000000000000000000e+00
0.000000000000000000e+00 0.000000000000000000e+00
0.000000000000000000e+00 0.000000000000000000e+00
0.000000000000000000e+00 0.000000000000000000e+00
0.000000000000000000e+00 0.000000000000000000e+00
0.000000000000000000e+00 0.000000000000000000e+00
0.000000000000000000e+00 0.000000000000000000e+00
0.000000000000000000e+00 0.000000000000000000e+00
0.000000000000000000e+00 0.000000000000000000e+00
0.000000000000000000e+00 0.000000000000000000e+00
0.000000000000000000e+00 0.000000000000000000e+00
0.000000000000000000e+00 0.000000000000000000e+00
0.000000000000000000e+00 0.000000000000000000e+00
0.000000000000000000e+00 0.000000000000000000e+00
0.000000000000000000e+00 0.000000000000000000e+00
0.000000000000000000e+00 0.000000000000000000e+00
0.000000000000000000e+00 0.000000000000000000e+00
0.000000000000000000e+00 0.000000000000000000e+00
0.000000000000000000e+00 0.000000000000000000e+00
0.000000000000000000e+00 0.000000000000000000e+00
0.000000000000000000e+00 0.000000000000000000e+00
0.000000000000000000e+00 0.000000000000000000e+00
0.000000000000000000e+00 0.000000000000000000e+00
0.000000000000000000e+00 0.000000000000000000e+00
0.000000000000000000e+00 0.000000000000000000e+00
0.000000000000000000e+00 0.000000000000000000e+00
0.000000000000000000e+00 0.000000000000000000e+00
0.000000000000000000e+00 0.000000000000000000e+00
0.000000000000000000e+00 0.000000000000000000e+00
0.000000000000000000e+00 0.000000000000000000e+00
0.000000000000000000e+00 0.000000000000000000e+00
0.000000000000000000e+00 0.000000000000000000e+00
0.000000000000000000e+00 0.000000000000000000e+00
0.000000000000000000e+00 0.000000000000000000e+00
0.000000000000000000e+00 0.000000000000000000e+00
0.000000000000000000e+00 0.000000000000000000e+00
0.000000000000000000e+00 0.000000000000000000e+00
0.000000000000000000e+00 0.000000000000000000e+00
0.000000000000000000e+00 0.000000000000000000e+00
0.000000000000000000e+00 0.000000000000000000e+00
0.000000000000000000e+00 0.000000000000000000e+00
0.000000000000000000e+00 0.000000000000000000e+00
0.000000000000000000e+00 0.000000000000000000e+00
0.000000000000000000e+00 0.000000000000000000e+00
0.000000000000000000e+00 0.000000000000000000e+00
0.000000000000000000e+00 0.000000000000000000e+00
0.000000000000000000e+00 0.000000000000000000e+00
0.000000000000000000e+00 0.000000000000000000e+00
0.000000000000000000e+00 0.000000000000000000e+00
0.000000000000000000e+00 0.000000000000000000e+00
0.000000000000000000e+00 0.000000000000000000e+00
0.000000000000000000e+00 0.000000000000000000e+00
0.000000000000000000e+00 0.000000000000000000e+00
0.000000000000000000e+00 0.000000000000000000e+00
0.000000000000000000e+00 0.000000000000000000e+00
0.000000000000000000e+00 0.000000000000000000e+00
0.000000000000000000e+00 0.000000000000000000e+00
0.000000000000000000e+00 0.000000000000000000e+00
0.000000000000000000e+00 0.000000000000000000e+00
0.000000000000000000e+00 0.000000000000000000e+00
0.000000000000000000e+00 0.000000000000000000e+00
0.000000000000000000e+00 0.000000000000000000e+00
0.000000000000000000e+00 0.000000000000000000e+00
0.000000000000000000e+00 0.000000000000000000e+00
0.000000000000000000e+00 0.000000000000000000e+00
0.000000000000000000e+00 0.000000000000000000e+00
0.000000000000000000e+00 0.000000000000000000e+00
0.000000000000000000e+00 0.000000000000000000e+00
0.000000000000000000e+00 0.000000000000000000e+00
0.000000000000000000e+00 0.000000000000000000e+00
0.000000000000000000e+00 0.000000000000000000e+00
0.000000000000000000e+00 0.000000000000000000e+00
0.000000000000000000e+00 0.000000000000000000e+00
0.000000000000000000e+00 0.000000000000000000e+00
0.000000000000000000e+00 0.000000000000000000e+00
0.000000000000000000e+00 0.000000000000000000e+00
0.000000000000000000e+00 0.000000000000000000e+00
0.000000000000000000e+00 0.000000000000000000e+00
0.000000000000000000e+00 0.000000000000000000e+00
0.000000000000000000e+00 0.000000000000000000e+00
0.000000000000000000e+00 0.000000000000000000e+00
0.000000000000000000e+00 0.000000000000000000e+00
0.000000000000000000e+00 0.000000000000000000e+00
0.000000000000000000e+00 0.000000000000000000e+00
0.000000000000000000e+00 0.000000000000000000e+00
0.000000000000000000e+00 0.000000000000000000e+00
0.000000000000000000e+00 0.000000000000000000e+00
0.000000000000000000e+00 0.000000000000000000e+00
0.000000000000000000e+00 0.000000000000000000e+00
0.000000000000000000e+00 0.000000000000000000e+00
0.000000000000000000e+00 0.000000000000000000e+00
0.000000000000000000e+00 0.000000000000000000e+00
0.000000000000000000e+00 0.000000000000000000e+00
0.000000000000000000e+00 0.000000000000000000e+00
0.000000000000000000e+00 0.000000000000000000e+00
0.000000000000000000e+00 0.000000000000000000e+00
0.000000000000000000e+00 0.000000000000000000e+00
0.000000000000000000e+00 0.000000000000000000e+00
0.000000000000000000e+00 0.000000000000000000e+00
0.000000000000000000e+00 0.000000000000000000e+00
0.000000000000000000e+00 0.000000000000000000e+00
0.000000000000000000e+00 0.000000000000000000e+00
0.000000000000000000e+00 0.000000000000000000e+00
0.000000000000000000e+00 0.000000000000000000e+00
0.000000000000000000e+00 0.000000000000000000e+00
0.000000000000000000e+00 0.000000000000000000e+00
0.000000000000000000e+00 0.000000000000000000e+00
0.000000000000000000e+00 0.000000000000000000e+00
0.000000000000000000e+00 0.000000000000000000e+00
0.000000000000000000e+00 0.000000000000000000e+00
0.000000000000000000e+00 0.000000000000000000e+00
0.000000000000000000e+00 0.000000000000000000e+00
0.000000000000000000e+00 0.000000000000000000e+00
0.000000000000000000e+00 0.000000000000000000e+00
0.000000000000000000e+00 0.000000000000000000e+00
0.000000000000000000e+00 0.000000000000000000e+00
0.000000000000000000e+00 0.000000000000000000e+00
0.000000000000000000e+00 0.000000000000000000e+00
0.000000000000000000e+00 0.000000000000000000e+00
0.000000000000000000e+00 0.000000000000000000e+00
0.000000000000000000e+00 0.000000000000000000e+00
0.000000000000000000e+00 0.000000000000000000e+00
0.000000000000000000e+00 0.000000000000000000e+00
0.000000000000000000e+00 0.000000000000000000e+00
0.000000000000000000e+00 0.000000000000000000e+00
0.000000000000000000e+00 0.000000000000000000e+00
0.000000000000000000e+00 0.000000000000000000e+00
0.000000000000000000e+00 0.000000000000000000e+00
0.000000000000000000e+00 0.000000000000000000e+00
0.000000000000000000e+00 0.000000000000000000e+00
0.000000000000000000e+00 0.000000000000000000e+00
0.000000000000000000e+00 0.000000000000000000e+00
0.000000000000000000e+00 0.000000000000000000e+00
0.000000000000000000e+00 0.000000000000000000e+00
0.000000000000000000e+00 0.000000000000000000e+00
0.000000000000000000e+00 0.000000000000000000e+00
0.000000000000000000e+00 0.000000000000000000e+00
0.000000000000000000e+00 0.000000000000000000e+00
0.000000000000000000e+00 0.000000000000000000e+00
0.000000000000000000e+00 0.000000000000000000e+00
0.000000000000000000e+00 0.000000000000000000e+00
0.000000000000000000e+00 0.000000000000000000e+00
0.000000000000000000e+00 0.000000000000000000e+00
0.000000000000000000e+00 0.000000000000000000e+00
0.000000000000000000e+00 0.000000000000000000e+00
0.000000000000000000e+00 0.000000000000000000e+00
0.000000000000000000e+00 0.000000000000000000e+00
0.000000000000000000e+00 0.000000000000000000e+00
0.000000000000000000e+00 0.000000000000000000e+00
0.000000000000000000e+00 0.000000000000000000e+00
0.000000000000000000e+00 0.000000000000000000e+00
0.000000000000000000e+00 0.000000000000000000e+00
0.000000000000000000e+00 0.000000000000000000e+00
0.000000000000000000e+00 0.000000000000000000e+00
0.000000000000000000e+00 0.000000000000000000e+00
0.000000000000000000e+00 0.000000000000000000e+00
0.000000000000000000e+00 0.000000000000000000e+00
0.000000000000000000e+00 0.000000000000000000e+00
0.000000000000000000e+00 0.000000000000000000e+00
0.000000000000000000e+00 0.000000000000000000e+00
0.000000000000000000e+00 0.000000000000000000e+00
0.000000000000000000e+00 0.000000000000000000e+00
0.000000000000000000e+00 0.000000000000000000e+00
0.000000000000000000e+00 0.000000000000000000e+00
0.000000000000000000e+00 0.000000000000000000e+00
0.000000000000000000e+00 0.000000000000000000e+00
0.000000000000000000e+00 0.000000000000000000e+00
0.000000000000000000e+00 0.000000000000000000e+00
0.000000000000000000e+00 0.000000000000000000e+00
0.000000000000000000e+00 0.000000000000000000e+00
0.000000000000000000e+00 0.000000000000000000e+00
0.000000000000000000e+00 0.000000000000000000e+00
0.000000000000000000e+00 0.000000000000000000e+00
0.000000000000000000e+00 0.000000000000000000e+00
0.000000000000000000e+00 0.000000000000000000e+00
0.000000000000000000e+00 0.000000000000000000e+00
0.000000000000000000e+00 0.000000000000000000e+00
0.000000000000000000e+00 0.000000000000000000e+00
0.000000000000000000e+00 0.000000000000000000e+00
0.000000000000000000e+00 0.000000000000000000e+00
0.000000000000000000e+00 0.000000000000000000e+00
0.000000000000000000e+00 0.000000000000000000e+00
0.000000000000000000e+00 0.000000000000000000e+00
0.000000000000000000e+00 0.000000000000000000e+00
0.000000000000000000e+00 0.000000000000000000e+00
0.000000000000000000e+00 0.000000000000000000e+00
0.000000000000000000e+00 0.000000000000000000e+00
0.000000000000000000e+00 0.000000000000000000e+00
0.000000000000000000e+00 0.000000000000000000e+00
0.000000000000000000e+00 0.000000000000000000e+00
0.000000000000000000e+00 0.000000000000000000e+00
0.000000000000000000e+00 0.000000000000000000e+00
0.000000000000000000e+00 0.000000000000000000e+00
0.000000000000000000e+00 0.000000000000000000e+00
0.000000000000000000e+00 0.000000000000000000e+00
0.000000000000000000e+00 0.000000000000000000e+00
0.000000000000000000e+00 0.000000000000000000e+00
0.000000000000000000e+00 0.000000000000000000e+00
0.000000000000000000e+00 0.000000000000000000e+00
0.000000000000000000e+00 0.000000000000000000e+00
0.000000000000000000e+00 0.000000000000000000e+00
0.000000000000000000e+00 0.000000000000000000e+00
0.000000000000000000e+00 0.000000000000000000e+00
0.000000000000000000e+00 0.000000000000000000e+00
0.000000000000000000e+00 0.000000000000000000e+00
0.000000000000000000e+00 0.000000000000000000e+00
0.000000000000000000e+00 0.000000000000000000e+00
0.000000000000000000e+00 0.000000000000000000e+00
0.000000000000000000e+00 0.000000000000000000e+00
0.000000000000000000e+00 0.000000000000000000e+00
0.000000000000000000e+00 0.000000000000000000e+00
0.000000000000000000e+00 0.000000000000000000e+00
0.000000000000000000e+00 0.000000000000000000e+00
0.000000000000000000e+00 0.000000000000000000e+00
0.000000000000000000e+00 0.000000000000000000e+00
0.000000000000000000e+00 0.000000000000000000e+00
0.000000000000000000e+00 0.000000000000000000e+00
0.000000000000000000e+00 0.000000000000000000e+00
0.000000000000000000e+00 0.000000000000000000e+00
0.000000000000000000e+00 0.000000000000000000e+00
0.000000000000000000e+00 0.000000000000000000e+00
0.000000000000000000e+00 0.000000000000000000e+00
0.000000000000000000e+00 0.000000000000000000e+00
0.000000000000000000e+00 0.000000000000000000e+00
0.000000000000000000e+00 0.000000000000000000e+00
0.000000000000000000e+00 0.000000000000000000e+00
0.000000000000000000e+00 0.000000000000000000e+00
0.000000000000000000e+00 0.000000000000000000e+00
0.000000000000000000e+00 0.000000000000000000e+00
0.000000000000000000e+00 0.000000000000000000e+00
0.000000000000000000e+00 0.000000000000000000e+00
0.000000000000000000e+00 0.000000000000000000e+00
0.000000000000000000e+00 0.000000000000000000e+00
0.000000000000000000e+00 0.000000000000000000e+00
0.000000000000000000e+00 0.000000000000000000e+00
0.000000000000000000e+00 0.000000000000000000e+00
0.000000000000000000e+00 0.000000000000000000e+00
0.000000000000000000e+00 0.000000000000000000e+00
0.000000000000000000e+00 0.000000000000000000e+00
0.000000000000000000e+00 0.000000000000000000e+00
0.000000000000000000e+00 0.000000000000000000e+00
0.000000000000000000e+00 0.000000000000000000e+00
0.000000000000000000e+00 0.000000000000000000e+00
0.000000000000000000e+00 0.000000000000000000e+00
0.000000000000000000e+00 0.000000000000000000e+00
0.000000000000000000e+00 0.000000000000000000e+00
0.000000000000000000e+00 0.000000000000000000e+00
0.000000000000000000e+00 0.000000000000000000e+00
0.000000000000000000e+00 0.000000000000000000e+00
0.000000000000000000e+00 0.000000000000000000e+00
0.000000000000000000e+00 0.000000000000000000e+00
0.000000000000000000e+00 0.000000000000000000e+00
0.000000000000000000e+00 0.000000000000000000e+00
0.000000000000000000e+00 0.000000000000000000e+00
0.000000000000000000e+00 0.000000000000000000e+00
0.000000000000000000e+00 0.000000000000000000e+00
0.000000000000000000e+00 0.000000000000000000e+00
0.000000000000000000e+00 0.000000000000000000e+00
0.000000000000000000e+00 0.000000000000000000e+00
0.000000000000000000e+00 0.000000000000000000e+00
0.000000000000000000e+00 0.000000000000000000e+00
0.000000000000000000e+00 0.000000000000000000e+00
0.000000000000000000e+00 0.000000000000000000e+00
0.000000000000000000e+00 0.000000000000000000e+00
0.000000000000000000e+00 0.000000000000000000e+00
0.000000000000000000e+00 0.000000000000000000e+00
0.000000000000000000e+00 0.000000000000000000e+00
0.000000000000000000e+00 0.000000000000000000e+00
0.000000000000000000e+00 0.000000000000000000e+00
0.000000000000000000e+00 0.000000000000000000e+00
0.000000000000000000e+00 0.000000000000000000e+00
0.000000000000000000e+00 0.000000000000000000e+00
0.000000000000000000e+00 0.000000000000000000e+00
0.000000000000000000e+00 0.000000000000000000e+00
0.000000000000000000e+00 0.000000000000000000e+00
0.000000000000000000e+00 0.000000000000000000e+00
0.000000000000000000e+00 0.000000000000000000e+00
0.000000000000000000e+00 0.000000000000000000e+00
0.000000000000000000e+00 0.000000000000000000e+00
0.000000000000000000e+00 0.000000000000000000e+00
0.000000000000000000e+00 0.000000000000000000e+00
0.000000000000000000e+00 0.000000000000000000e+00
0.000000000000000000e+00 0.000000000000000000e+00
0.000000000000000000e+00 0.000000000000000000e+00
0.000000000000000000e+00 0.000000000000000000e+00
0.000000000000000000e+00 0.000000000000000000e+00
0.000000000000000000e+00 0.000000000000000000e+00
0.000000000000000000e+00 0.000000000000000000e+00
0.000000000000000000e+00 0.000000000000000000e+00
