7.796327811119771175e-36 6.343803881267673451e-32 3.006576458420205342e-28 8.395916625672567010e-25 1.381428377570852274e-21 1.339239946513925895e-18 7.649891242250119947e-16 2.574619120329635358e-13 5.105542030814369525e-11 5.965348215397625609e-09 4.106793767277849838e-07 1.665835588937625289e-05 3.981336776632815599e-04 5.606551654636859894e-03 4.651863127946853638e-02 2.274180501699447632e-01 6.550744771957397461e-01 1.111793875694274902e+00 1.111793875694274902e+00 6.550753712654113770e-01 2.274184674024581909e-01 4.651863127946853638e-02 5.606546998023986816e-03 3.981356276199221611e-04 1.665835588937625289e-05 4.106790356672718190e-07 5.965406391084115967e-09 5.105542030814369525e-11 2.574619120329635358e-13 7.649831420548220112e-16 1.339239946513925895e-18 1.381428377570852274e-21 8.395916625672567010e-25 3.006622439997627588e-28 6.343709253972432256e-32 7.796327811119771175e-36
5.137465632287785411e-05 2.322710679436568171e-05 6.191806278366129845e-06 9.718479532239143737e-07 8.994071976076156716e-08 4.900445826905297508e-09 1.537747984503567977e-10 2.817485177455947287e-12 9.467699541021445953e-11 1.133518434670577335e-08 7.802933623679564334e-07 3.165089219692163169e-05 7.564537227153778076e-04 1.065245363861322403e-02 8.838538825511932373e-02 4.320943653583526611e-01 1.244642257690429688e+00 2.112407922744750977e+00 2.112407922744750977e+00 1.244643926620483398e+00 4.320951104164123535e-01 8.838538825511932373e-02 1.065244339406490326e-02 7.564572151750326157e-04 3.165089583490043879e-05 7.802897812325682025e-07 1.133112181861406498e-08 9.855743304809649885e-11 1.560165052705286826e-10 4.900372996274882098e-09 8.993990263661544304e-08 9.718415867610019632e-07 6.191776719788322225e-06 2.322704676771536469e-05 5.137460175319574773e-05 6.690535519737750292e-05
2.308743132743984461e-04 1.043811353156343102e-04 2.782556657621171325e-05 4.367416295281145722e-06 4.041823160605417797e-07 2.202058269062945328e-08 6.979838373943891838e-10 5.768256965826834559e-12 1.279862743563953131e-10 1.616495204359580384e-08 1.112938093683624174e-06 4.514416650636121631e-05 1.078942557796835899e-03 1.519375760108232498e-02 1.260654628276824951e-01 6.163029074668884277e-01 1.775252461433410645e+00 3.012960672378540039e+00 3.012960672378540039e+00 1.775254368782043457e+00 6.163040995597839355e-01 1.260654628276824951e-01 1.519373990595340729e-02 1.078947680070996284e-03 4.514418469625525177e-05 1.112938207370461896e-06 1.615750022665451979e-08 1.464832838360408118e-10 6.963172816121243613e-10 2.202116355931593716e-08 4.041883698846504558e-07 4.367398105387110263e-06 2.782544106594286859e-05 1.043808297254145145e-04 2.308740658918395638e-04 3.006682964041829109e-04
5.809739232063293457e-04 2.626654459163546562e-04 7.002046913839876652e-05 1.099020391848171130e-05 1.017095883071306162e-06 5.543199321778047306e-08 1.776234492822936772e-09 2.278182330284206358e-11 1.693475776276542888e-10 2.050552616594814026e-08 1.412332267136662267e-06 5.728811083827167749e-05 1.369180856272578239e-03 1.928093098104000092e-02 1.599775254726409912e-01 7.820904254913330078e-01 2.252801418304443359e+00 3.823459148406982422e+00 3.823459148406982422e+00 2.252804040908813477e+00 7.820919156074523926e-01 1.599775254726409912e-01 1.928091235458850861e-02 1.369187841191887856e-03 5.728810720029287040e-05 1.412312144566385541e-06 2.050410330411978066e-08 1.891737599901688327e-10 1.783502234786737972e-09 5.542539227576526173e-08 1.017112936096964404e-06 1.099015298677841201e-05 7.002014172030612826e-05 2.626647183205932379e-04 5.809733411297202110e-04 7.566040148958563805e-04
1.118472428061068058e-03 5.056750378571450710e-04 1.348011865047737956e-04 2.115798997692763805e-05 1.958081384145771153e-06 1.066970369834052690e-07 3.397745196309642779e-09 4.559640512380447319e-11 1.869112364882852262e-10 2.442031288296675484e-08 1.681777575868181884e-06 6.821763236075639725e-05 1.630396931432187557e-03 2.295940183103084564e-02 1.904984116554260254e-01 9.312996864318847656e-01 2.682596921920776367e+00 4.552908897399902344e+00 4.552908897399902344e+00 2.682600021362304688e+00 9.313012957572937012e-01 1.904984116554260254e-01 2.295937761664390564e-02 1.630404498428106308e-03 6.821763236075639725e-05 1.681741423453786410e-06 2.440477686604936025e-08 2.297384643634714507e-10 3.426071204515324098e-09 1.066835295659984695e-07 1.958108668986824341e-06 2.115787901857402176e-05 1.348005607724189758e-04 5.056735826656222343e-04 1.118471263907849789e-03 1.456590020097792149e-03
1.842830446548759937e-03 8.331667049787938595e-04 2.221028262283653021e-04 3.486057175905443728e-05 3.226175067538861185e-06 1.757781262767821318e-07 5.596345609149011580e-09 1.007953720488785621e-10 1.944403388298709956e-10 2.795190390258994739e-08 1.924311163747915998e-06 7.805421046214178205e-05 1.865489874035120010e-03 2.627000398933887482e-02 2.179671376943588257e-01 1.065587878227233887e+00 3.069411039352416992e+00 5.209409236907958984e+00 5.209409236907958984e+00 3.069415092468261719e+00 1.065590143203735352e+00 2.179671376943588257e-01 2.626997791230678558e-02 1.865498721599578857e-03 7.805422501405701041e-05 1.924244088513660245e-06 2.794985043408360070e-08 3.186508279462429982e-10 5.633611799282789434e-09 1.757612722030899022e-07 3.226213948437361978e-06 3.486042623990215361e-05 2.221018221462145448e-04 8.331644348800182343e-04 1.842828583903610706e-03 2.399924676865339279e-03
2.741429023444652557e-03 1.239434117451310158e-03 3.304042329546064138e-04 5.185925692785531282e-05 4.799323960469337180e-06 2.615304026676312787e-07 8.355190317388405674e-09 1.375394104163873976e-10 2.343299720930502872e-10 3.112203827981829818e-08 2.142596258636331186e-06 8.690714457770809531e-05 2.077075187116861343e-03 2.924956567585468292e-02 2.426890730857849121e-01 1.186447143554687500e+00 3.417544364929199219e+00 5.800260543823242188e+00 5.800260543823242188e+00 3.417548418045043945e+00 1.186449527740478516e+00 2.426890730857849121e-01 2.924953401088714600e-02 2.077084733173251152e-03 8.690716640558093786e-05 2.142485072909039445e-06 3.114012514515707153e-08 4.220315208414149311e-10 8.391817019059999438e-09 2.615127527860749979e-07 4.799388079845812172e-06 5.185901682125404477e-05 3.304026613477617502e-04 1.239430508576333523e-03 2.741425996646285057e-03 3.570172470062971115e-03
3.793004434555768967e-03 1.714863814413547516e-03 4.571428580675274134e-04 7.175172504503279924e-05 6.640263109147781506e-06 3.617839468006422976e-07 1.152954354211033206e-08 1.695743406804339770e-10 1.791684300922469220e-10 3.394207226392609300e-08 2.339014827157370746e-06 9.487471106695011258e-05 2.267502248287200928e-03 3.193115070462226868e-02 2.649387121200561523e-01 1.295220613479614258e+00 3.730865240097045898e+00 6.332033634185791016e+00 6.332033634185791016e+00 3.730870246887207031e+00 1.295222997665405273e+00 2.649387121200561523e-01 3.193112090229988098e-02 2.267512725666165352e-03 9.487477655056864023e-05 2.338887497899122536e-06 3.399932069214628427e-08 4.648199880552539298e-10 1.153239814755124826e-08 3.617731465510587441e-07 6.640312221861677244e-06 7.175135397119447589e-05 4.571407043840736151e-04 1.714859274215996265e-03 3.793000942096114159e-03 4.939641803503036499e-03
4.970239475369453430e-03 2.247106283903121948e-03 5.990262143313884735e-04 9.402134310221299529e-05 8.701282240508589894e-06 4.740855388263298664e-07 1.515776659744005883e-08 1.321782405749871714e-10 1.171050756365588086e-10 3.643046042611786106e-08 2.515726464480394498e-06 1.020455529214814305e-04 2.438885392621159554e-03 3.434458747506141663e-02 2.849634587764739990e-01 1.393116474151611328e+00 4.012852668762207031e+00 6.810620784759521484e+00 6.810620784759521484e+00 4.012857913970947266e+00 1.393118858337402344e+00 2.849634587764739990e-01 3.434455022215843201e-02 2.438896335661411285e-03 1.020456256810575724e-04 2.515633241273462772e-06 3.647743085366528248e-08 4.728109570528715722e-10 1.506244906579468079e-08 4.740411156944901450e-07 8.701314072823151946e-06 9.402081923326477408e-05 5.990233621560037136e-04 2.247100230306386948e-03 4.970233421772718430e-03 6.472758017480373383e-03
6.241889670491218567e-03 2.822034060955047607e-03 7.522884989157319069e-04 1.180769249913282692e-04 1.092753973352955654e-05 5.954396442575671244e-07 1.902750135229780426e-08 2.351158712166068199e-10 1.067794047626691167e-10 3.865346442921691050e-08 2.674900088095455430e-06 1.084993273252621293e-04 2.593129407614469528e-03 3.651667386293411255e-02 3.029857277870178223e-01 1.481223225593566895e+00 4.266641616821289062e+00 7.241353988647460938e+00 7.241353988647460938e+00 4.266646862030029297e+00 1.481225967407226562e+00 3.029857277870178223e-01 3.651663288474082947e-02 2.593142213299870491e-03 1.084995237761177123e-04 2.674677489267196506e-06 3.879911147919301584e-08 5.688579607365795709e-10 1.896135870538273593e-08 5.953415893600322306e-07 1.092763977794675156e-05 1.180763356387615204e-04 7.522851228713989258e-04 2.822026377543807030e-03 6.241881754249334335e-03 8.128832094371318817e-03
7.573409005999565125e-03 3.424031427130103111e-03 9.127671364694833755e-04 1.432651479262858629e-04 1.325860102951992303e-05 7.224017508633551188e-07 2.298897250341269682e-08 2.201401283485893146e-10 -1.854701288384053015e-12 4.065405789788201218e-08 2.817958147716126405e-06 1.143077024607919157e-04 2.731950720772147179e-03 3.847156092524528503e-02 3.192060589790344238e-01 1.560518741607666016e+00 4.495051860809326172e+00 7.629010200500488281e+00 7.629010200500488281e+00 4.495057582855224609e+00 1.560521602630615234e+00 3.192060589790344238e-01 3.847152739763259888e-02 2.731963060796260834e-03 1.143078116001561284e-04 2.817810809574439190e-06 4.083014104594440141e-08 6.927127205180738656e-10 2.291459288983332954e-08 7.222974431897455361e-07 1.325867924606427550e-05 1.432644494343549013e-04 9.127627708949148655e-04 3.424021881073713303e-03 7.573402486741542816e-03 9.862874634563922882e-03
8.933712728321552277e-03 4.039040300995111465e-03 1.076714135706424713e-03 1.689977507339790463e-04 1.564007106935605407e-05 8.521843142261786852e-07 2.702593349113158183e-08 2.749590000128421252e-10 -3.339823209658199232e-11 4.252088459111291741e-08 2.946839231299236417e-06 1.195352742797695100e-04 2.856888808310031891e-03 4.023096337914466858e-02 3.338039219379425049e-01 1.631884455680847168e+00 4.700621604919433594e+00 7.977906227111816406e+00 7.977906227111816406e+00 4.700627326965332031e+00 1.631887793540954590e+00 3.338039219379425049e-01 4.023093357682228088e-02 2.856902778148651123e-03 1.195354125229641795e-04 2.946676431747619063e-06 4.263679187488378375e-08 7.611868912960062517e-10 2.702849677405083639e-08 8.520039500581333414e-07 1.564010017318651080e-05 1.689969212748110294e-04 1.076709246262907982e-03 4.039029590785503387e-03 8.933701552450656891e-03 1.163439452648162842e-02
1.028633862733840942e-02 4.650579765439033508e-03 1.239735633134841919e-03 1.945852418430149555e-04 1.800801510398741812e-05 9.812249572860309854e-07 3.116027258442954917e-08 3.367134904230795200e-10 -3.838032322511786276e-12 4.423415944643238618e-08 3.062837549805408344e-06 1.242401485797017813e-04 2.969333669170737267e-03 4.181442782282829285e-02 3.469419479370117188e-01 1.696114301681518555e+00 4.885633468627929688e+00 8.291906356811523438e+00 8.291906356811523438e+00 4.885639667510986328e+00 1.696116924285888672e+00 3.469419479370117188e-01 4.181438684463500977e-02 2.969347173348069191e-03 1.242402649950236082e-04 3.062594259972684085e-06 4.429257671745290281e-08 9.133037104369634562e-10 3.116400648650596850e-08 9.810266874410444871e-07 1.800813515728805214e-05 1.945842523127794266e-04 1.239729928784072399e-03 4.650568123906850815e-03 1.028633024543523788e-02 1.339592691510915756e-02
1.160009950399398804e-02 5.244548432528972626e-03 1.398073974996805191e-03 2.194375119870528579e-04 2.030805262620560825e-05 1.106624608837591950e-06 3.519166824617059319e-08 3.571088980081071895e-10 6.209001195134344897e-12 4.574297207682320732e-08 3.167232534906361252e-06 1.284743630094453692e-04 3.070533275604248047e-03 4.323954135179519653e-02 3.587665855884552002e-01 1.753920555114746094e+00 5.052145004272460938e+00 8.574507713317871094e+00 8.574507713317871094e+00 5.052150726318359375e+00 1.753924250602722168e+00 3.587665855884552002e-01 4.323950037360191345e-02 3.070548409596085548e-03 1.284745230805128813e-04 3.166979240631917492e-06 4.578068768523735343e-08 9.262132727450023140e-10 3.517918045758960943e-08 1.106335503209265880e-06 2.030816540354862809e-05 2.194364496972411871e-04 1.398067688569426537e-03 5.244535859674215317e-03 1.160008832812309265e-02 1.510684192180633545e-02
1.286830101162195206e-02 5.817921366542577744e-03 1.550921704620122910e-03 2.434278721921145916e-04 2.252830745419487357e-05 1.227496341016376391e-06 3.907608459030598169e-08 4.385885266078304312e-10 2.352992106713358567e-11 4.713396251077028865e-08 3.261055553593905643e-06 1.322853349847719073e-04 3.161614993587136269e-03 4.452214762568473816e-02 3.694085478782653809e-01 1.805946826934814453e+00 5.202005863189697266e+00 8.828856468200683594e+00 8.828856468200683594e+00 5.202012062072753906e+00 1.805950403213500977e+00 3.694085180759429932e-01 4.452210292220115662e-02 3.161630127578973770e-03 1.322854077443480492e-04 3.260914127167779952e-06 4.705618650291398808e-08 9.489439234400265377e-10 3.904677825516955636e-08 1.227245547852362506e-06 2.252839112770743668e-05 2.434266498312354088e-04 1.550915068946778774e-03 5.817905534058809280e-03 1.286828797310590744e-02 1.675843261182308197e-02
1.407945994287729263e-02 6.365493871271610260e-03 1.696892431937158108e-03 2.663392515387386084e-04 2.464872704877052456e-05 1.342998302789055742e-06 4.273727682857497712e-08 5.274425340928701189e-10 -2.710883080514481236e-11 4.831968070106995583e-08 3.345563754919567145e-06 1.357150758849456906e-04 3.243586514145135880e-03 4.567647352814674377e-02 3.789863586425781250e-01 1.852770566940307617e+00 5.336882114410400391e+00 9.057760238647460938e+00 9.057760238647460938e+00 5.336888313293457031e+00 1.852773547172546387e+00 3.789863586425781250e-01 4.567643627524375916e-02 3.243601648136973381e-03 1.357150467811152339e-04 3.345319782965816557e-06 4.820427434992780036e-08 9.170986192685859351e-10 4.271052134185993054e-08 1.342788095826108474e-06 2.464873250573873520e-05 2.663378545548766851e-04 1.696884166449308395e-03 6.365476641803979874e-03 1.407944411039352417e-02 1.833572424948215485e-02
1.523629575967788696e-02 6.888515781611204147e-03 1.836317940615117550e-03 2.882229455281049013e-04 2.667392618604935706e-05 1.453360255254665390e-06 4.631671401966741541e-08 5.122080537489637209e-10 -5.612658601772402278e-11 4.938687681033115950e-08 3.421553401494747959e-06 1.388020027661696076e-04 3.317361464723944664e-03 4.671538248658180237e-02 3.876062631607055664e-01 1.894911646842956543e+00 5.458267211914062500e+00 9.263778686523437500e+00 9.263778686523437500e+00 5.458274841308593750e+00 1.894915342330932617e+00 3.876062631607055664e-01 4.671532660722732544e-02 3.317377064377069473e-03 1.388018572470173240e-04 3.421343080844962969e-06 4.918139140386301733e-08 9.746504714414072623e-10 4.623300497996751801e-08 1.453173808840801939e-06 2.667402623046655208e-05 2.882214612327516079e-04 1.836308976635336876e-03 6.888496223837137222e-03 1.523627806454896927e-02 1.984226517379283905e-02
1.634138077497482300e-02 7.388138212263584137e-03 1.969505334272980690e-03 3.091276448685675859e-04 2.860859240172430873e-05 1.558808889967622235e-06 4.957975718866691750e-08 5.585165663291036253e-10 -1.898620566320730063e-10 5.031421324019902386e-08 3.489879190965439193e-06 1.415799051756039262e-04 3.383758710697293282e-03 4.765037819743156433e-02 3.953642249107360840e-01 1.932838320732116699e+00 5.567513465881347656e+00 9.449193954467773438e+00 9.449193954467773438e+00 5.567522525787353516e+00 1.932841897010803223e+00 3.953642249107360840e-01 4.765032231807708740e-02 3.383775241672992706e-03 1.415800215909257531e-04 3.489805976641946472e-06 5.017240667370970186e-08 9.639453679710641154e-10 4.946790710391724133e-08 1.558569010740029626e-06 2.860860695363953710e-05 3.091260441578924656e-04 1.969496719539165497e-03 7.388118188828229904e-03 1.634136214852333069e-02 2.128142863512039185e-02
1.739256270229816437e-02 7.863393984735012054e-03 2.096196869388222694e-03 3.290128661319613457e-04 3.044886761927045882e-05 1.659081817706464790e-06 5.275520464920191444e-08 5.256879931359037528e-10 -2.108833663250209156e-10 5.111567347171330766e-08 3.551440840965369716e-06 1.440802734578028321e-04 3.443516092374920845e-03 4.849191009998321533e-02 4.023464322090148926e-01 1.966972827911376953e+00 5.665836811065673828e+00 9.616072654724121094e+00 9.616072654724121094e+00 5.665844917297363281e+00 1.966976404190063477e+00 4.023464322090148926e-01 4.849186539649963379e-02 3.443532390519976616e-03 1.440803171135485172e-04 3.551302370397024788e-06 5.103458278199468623e-08 9.844958182014806880e-10 5.271438752174617548e-08 1.658781002333853394e-06 3.044884942937642336e-05 3.290111781097948551e-04 2.096187556162476540e-03 7.863371632993221283e-03 1.739254780113697052e-02 2.265039272606372833e-02
1.838120259344577789e-02 8.310372941195964813e-03 2.215350512415170670e-03 3.477147838566452265e-04 3.217962512280791998e-05 1.753308197294245474e-06 5.569604155652996269e-08 5.354645060684504188e-10 -2.380807495594439160e-10 5.187008511597923643e-08 3.606776999731664546e-06 1.463305670768022537e-04 3.497297875583171844e-03 4.924927279353141785e-02 4.086304605007171631e-01 1.997693896293640137e+00 5.754328727722167969e+00 9.766256332397460938e+00 9.766256332397460938e+00 5.754335880279541016e+00 1.997697591781616211e+00 4.086304605007171631e-01 4.924922809004783630e-02 3.497315337881445885e-03 1.463306107325479388e-04 3.606800873967586085e-06 5.171810357751382980e-08 1.004201943821669829e-09 5.571673966642265441e-08 1.753013862071384210e-06 3.217963239876553416e-05 3.477130085229873657e-04 2.215340966358780861e-03 8.310350589454174042e-03 1.838118396699428558e-02 2.393789589405059814e-02
1.929458416998386383e-02 8.723316714167594910e-03 2.325433772057294846e-03 3.649929130915552378e-04 3.377858229214325547e-05 1.840451091084105428e-06 5.848640682870609453e-08 5.670298119930805569e-10 -1.797739873632409058e-10 5.271463621170369152e-08 3.656777153082657605e-06 1.483558735344558954e-04 3.545702667906880379e-03 4.993090033531188965e-02 4.142860472202301025e-01 2.025341749191284180e+00 5.833967685699462891e+00 9.901428222656250000e+00 9.901428222656250000e+00 5.833975315093994141e+00 2.025345325469970703e+00 4.142859876155853271e-01 4.993085190653800964e-02 3.545718500390648842e-03 1.483560627093538642e-04 3.656793069239938632e-06 5.249556878084149503e-08 1.121297943385002327e-09 5.858138862890882592e-08 1.840205072767275851e-06 3.377867324161343277e-05 3.649912250693887472e-04 2.325423760339617729e-03 8.723294362425804138e-03 1.929456740617752075e-02 2.512739598751068115e-02
2.012471668422222137e-02 9.098637849092483521e-03 2.425484592095017433e-03 3.806966415140777826e-04 3.523194391163997352e-05 1.919706846820190549e-06 6.108819405881149578e-08 5.892278887031920931e-10 -2.183608155403859996e-10 5.330923968926981615e-08 3.701715968418284319e-06 1.501785591244697571e-04 3.589265514165163040e-03 5.054435506463050842e-02 4.193760454654693604e-01 2.050225734710693359e+00 5.905647754669189453e+00 1.002307796478271484e+01 1.002307796478271484e+01 5.905654907226562500e+00 2.050229549407958984e+00 4.193760454654693604e-01 5.054429545998573303e-02 3.589281579479575157e-03 1.501785300206393003e-04 3.701632294905721210e-06 5.309157202759706706e-08 1.187828724269479608e-09 6.111934425234721857e-08 1.919408532558009028e-06 3.523194027366116643e-05 3.806946333497762680e-04 2.425473416224122047e-03 9.098613634705543518e-03 2.012469433248043060e-02 2.620848268270492554e-02
2.086790651082992554e-02 9.434639476239681244e-03 2.515056869015097618e-03 3.947556542698293924e-04 3.653304884210228920e-05 1.990644250327022746e-06 6.332707158662742586e-08 8.078916979847861057e-10 -1.620260731138856158e-10 5.397676261509332107e-08 3.742223270819522440e-06 1.518191129434853792e-04 3.628471167758107185e-03 5.109647288918495178e-02 4.239571690559387207e-01 2.072621583938598633e+00 5.970160007476806641e+00 1.013256168365478516e+01 1.013256168365478516e+01 5.970167160034179688e+00 2.072625160217285156e+00 4.239571392536163330e-01 5.109642073512077332e-02 3.628489328548312187e-03 1.518190838396549225e-04 3.742159151443047449e-06 5.374294431703674491e-08 1.301539986897637391e-09 6.340757607858904521e-08 1.990365490200929344e-06 3.653301610029302537e-05 3.947536752093583345e-04 2.515045693144202232e-03 9.434614330530166626e-03 2.086788602173328400e-02 2.717634476721286774e-02
2.152406610548496246e-02 9.731296449899673462e-03 2.594136632978916168e-03 4.071680596098303795e-04 3.768166061490774155e-05 2.053240905297570862e-06 6.535192653700505616e-08 8.132464146548556982e-10 -3.681892637996675433e-11 5.447819972914658138e-08 3.778676500587607734e-06 1.532955939183011651e-04 3.663758281618356705e-03 5.159336701035499573e-02 4.280798733234405518e-01 2.092776775360107422e+00 6.028219223022460938e+00 1.023110103607177734e+01 1.023110103607177734e+01 6.028224945068359375e+00 2.092781305313110352e+00 4.280798137187957764e-01 5.159331858158111572e-02 3.663775511085987091e-03 1.532956375740468502e-04 3.778536893150885589e-06 5.432810112893093901e-08 1.308103403374616391e-09 6.549213793505259673e-08 2.052969648502767086e-06 3.768180249608121812e-05 4.071658477187156677e-04 2.594125922769308090e-03 9.731268510222434998e-03 2.152404375374317169e-02 2.803086116909980774e-02
2.208409272134304047e-02 9.984489530324935913e-03 2.661632839590311050e-03 4.177619994152337313e-04 3.866206316160969436e-05 2.106585043293307535e-06 6.712549094345376943e-08 5.790299906216489489e-10 -1.310934416576259309e-10 5.492949384233725141e-08 3.811424903688021004e-06 1.546242710901424289e-04 3.695514518767595291e-03 5.204060673713684082e-02 4.317906200885772705e-01 2.110917568206787109e+00 6.080469608306884766e+00 1.031978511810302734e+01 1.031978511810302734e+01 6.080475807189941406e+00 2.110921382904052734e+00 4.317905604839324951e-01 5.204054340720176697e-02 3.695533378049731255e-03 1.546240819152444601e-04 3.811242095252964646e-06 5.481011200458851818e-08 1.315062059248361948e-09 6.717521472410226124e-08 2.106390411427128129e-06 3.866228507831692696e-05 4.177599330432713032e-04 2.661620732396841049e-03 9.984463453292846680e-03 2.208406664431095123e-02 2.876017987728118896e-02
2.254530042409896851e-02 1.019300986081361771e-02 2.717218361794948578e-03 4.264865419827401638e-04 3.946949436794966459e-05 2.150531372535624541e-06 6.848901534795004409e-08 6.124464269063878419e-10 -1.993835097024998504e-10 5.523634882820260827e-08 3.840959379886044189e-06 1.558202056912705302e-04 3.724097972735762596e-03 5.244309082627296448e-02 4.351300895214080811e-01 2.127243757247924805e+00 6.127500057220458984e+00 1.039959812164306641e+01 1.039959812164306641e+01 6.127506732940673828e+00 2.127247095108032227e+00 4.351300597190856934e-01 5.244302004575729370e-02 3.724115435034036636e-03 1.558199874125421047e-04 3.840673798549687490e-06 5.518941392779197486e-08 1.255255788201736777e-09 6.849093381333659636e-08 2.150324462490971200e-06 3.946965807699598372e-05 4.264843591954559088e-04 2.717204857617616653e-03 1.019298285245895386e-02 2.254527993500232697e-02 2.936081588268280029e-02
2.291036583483219147e-02 1.035806350409984589e-02 2.761215902864933014e-03 4.333921533543616533e-04 4.010861812275834382e-05 2.185302491852780804e-06 6.957045428634955897e-08 6.797742924113947538e-10 -1.863386805966982251e-10 5.561181026791928161e-08 3.867481154884444550e-06 1.568963634781539440e-04 3.749821800738573074e-03 5.280534550547599792e-02 4.381358921527862549e-01 2.141937971115112305e+00 6.169822216033935547e+00 1.047143173217773438e+01 1.047143173217773438e+01 6.169829845428466797e+00 2.141941547393798828e+00 4.381358325481414795e-01 5.280529335141181946e-02 3.749839728698134422e-03 1.568963198224082589e-04 3.867201940011000261e-06 5.548778148067867733e-08 1.329448995335269501e-09 6.961792564652569126e-08 2.185134690080303699e-06 4.010881093563511968e-05 4.333899123594164848e-04 2.761204261332750320e-03 1.035803090780973434e-02 2.291033975780010223e-02 2.983621694147586823e-02
2.318600565195083618e-02 1.048267632722854614e-02 2.794436411932110786e-03 4.386064247228205204e-04 4.059105049236677587e-05 2.211546416219789535e-06 7.030724447076863726e-08 7.082916475553702185e-10 -1.580413994117790821e-10 5.601595276516491140e-08 3.891410869982792065e-06 1.578649535076692700e-04 3.772973548620939255e-03 5.313134193420410156e-02 4.408408403396606445e-01 2.155162096023559570e+00 6.207913398742675781e+00 1.053607845306396484e+01 1.053607845306396484e+01 6.207920551300048828e+00 2.155165910720825195e+00 4.408407807350158691e-01 5.313128978013992310e-02 3.772990545257925987e-03 1.578650699229910970e-04 3.891167580150067806e-06 5.585558682241753559e-08 1.330590082559979237e-09 7.045075278711010469e-08 2.211433411503094248e-06 4.059128696098923683e-05 4.386041546240448952e-04 2.794424770399928093e-03 1.048264838755130768e-02 2.318597584962844849e-02 3.019518777728080750e-02
2.338166162371635437e-02 1.057113241404294968e-02 2.818018198013305664e-03 4.423078789841383696e-04 4.093351890332996845e-05 2.230193786090239882e-06 7.089320064324056148e-08 7.329221674012842414e-10 -1.242955599556339052e-10 5.637974709316040389e-08 3.912884494639001787e-06 1.587367733009159565e-04 3.793809097260236740e-03 5.342476814985275269e-02 4.432753324508666992e-01 2.167064666748046875e+00 6.242196083068847656e+00 1.059427261352539062e+01 1.059427261352539062e+01 6.242202281951904297e+00 2.167067527770996094e+00 4.432753026485443115e-01 5.342471227049827576e-02 3.793827025219798088e-03 1.587368751643225551e-04 3.912655756721505895e-06 5.616120546392266988e-08 1.399467652873909174e-09 7.109021282758476445e-08 2.230025756944087334e-06 4.093373354407958686e-05 4.423056961968541145e-04 2.818003995344042778e-03 1.057110540568828583e-02 2.338163554668426514e-02 3.045001067221164703e-02
2.350828982889652252e-02 1.062838174402713776e-02 2.833278384059667587e-03 4.447030078154057264e-04 4.115510455449111760e-05 2.242289838250144385e-06 7.127993484346006881e-08 6.164253552043419404e-10 -1.435948859818125811e-10 5.670706570981565164e-08 3.932142135454341769e-06 1.595214853296056390e-04 3.812564071267843246e-03 5.368885770440101624e-02 4.454663991928100586e-01 2.177775621414184570e+00 6.273051738739013672e+00 1.064663696289062500e+01 1.064663696289062500e+01 6.273060321807861328e+00 2.177779436111450195e+00 4.454663395881652832e-01 5.368879809975624084e-02 3.812581999227404594e-03 1.595214562257751822e-04 3.931957508029881865e-06 5.648920264889056853e-08 1.332548960064627863e-09 7.144114988477667794e-08 2.242107939309789799e-06 4.115552656003274024e-05 4.447007377166301012e-04 2.833266509696841240e-03 1.062834914773702621e-02 2.350825443863868713e-02 3.061490319669246674e-02
2.357717417180538177e-02 1.065953075885772705e-02 2.841582754626870155e-03 4.460065392777323723e-04 4.127575084567070007e-05 2.248872306154225953e-06 7.149806435791106196e-08 5.550398474163387164e-10 -1.195721854863052158e-10 5.693548388308045105e-08 3.949607162212487310e-06 1.602277770871296525e-04 3.829439636319875717e-03 5.392651632428169250e-02 4.474384188652038574e-01 2.187417268753051758e+00 6.300822734832763672e+00 1.069376564025878906e+01 1.069376564025878906e+01 6.300829887390136719e+00 2.187421321868896484e+00 4.474384188652038574e-01 5.392646789550781250e-02 3.829456400126218796e-03 1.602275151526555419e-04 3.949333404307253659e-06 5.675897085666292696e-08 1.321832199252526152e-09 7.170065430273098173e-08 2.248699956908239983e-06 4.127619467908516526e-05 4.460040945559740067e-04 2.841569483280181885e-03 1.065950375050306320e-02 2.357714995741844177e-02 3.070462308824062347e-02
2.359935268759727478e-02 1.066955551505088806e-02 2.844256581738591194e-03 4.464261292014271021e-04 4.131459354539401829e-05 2.250911165901925415e-06 7.154302750222996110e-08 5.567075689327793953e-10 -1.393439252872497036e-10 5.717419426787273551e-08 3.965261839766753837e-06 1.608634484000504017e-04 3.844630438834428787e-03 5.414042994379997253e-02 4.492132365703582764e-01 2.196092844009399414e+00 6.325813293457031250e+00 1.073618698120117188e+01 1.073618602752685547e+01 6.325819969177246094e+00 2.196096658706665039e+00 4.492132067680358887e-01 5.414037033915519714e-02 3.844648133963346481e-03 1.608630846021696925e-04 3.964969891967484728e-06 5.699067884279429563e-08 1.280538786119223005e-09 7.174765670470151235e-08 2.250754732813220471e-06 4.131509558646939695e-05 4.464236553758382797e-04 2.844243310391902924e-03 1.066952664405107498e-02 2.359933406114578247e-02 3.073352016508579254e-02
2.358485385775566101e-02 1.066300272941589355e-02 2.842507790774106979e-03 4.461517091840505600e-04 4.128916043555364013e-05 2.249494400530238636e-06 7.154964265509988763e-08 6.440977751154264297e-10 -1.405812133370432093e-10 5.735589425626130833e-08 3.979344000981654972e-06 1.614354114281013608e-04 3.858300391584634781e-03 5.433295294642448425e-02 4.508107602596282959e-01 2.203901052474975586e+00 6.348308086395263672e+00 1.077436065673828125e+01 1.077436065673828125e+01 6.348315238952636719e+00 2.203905105590820312e+00 4.508107304573059082e-01 5.433288961648941040e-02 3.858318552374839783e-03 1.614350330783054233e-04 3.979114808316808194e-06 5.724601237488968764e-08 1.243511627002646946e-09 7.170850579996113083e-08 2.249299541290383786e-06 4.128968430450186133e-05 4.461493517737835646e-04 2.842496614903211594e-03 1.066297199577093124e-02 2.358482964336872101e-02 3.071463480591773987e-02
2.354254573583602905e-02 1.064387802034616470e-02 2.837408566847443581e-03 4.453516157809644938e-04 4.121500751352868974e-05 2.245431232950068079e-06 7.140145896755711874e-08 5.778755252094924799e-10 -3.407575610570034996e-11 5.761877019949679379e-08 3.992089204984949902e-06 1.619502727407962084e-04 3.870603628456592560e-03 5.450619384646415710e-02 4.522482156753540039e-01 2.210928916931152344e+00 6.368554115295410156e+00 1.080871295928955078e+01 1.080871295928955078e+01 6.368561267852783203e+00 2.210932731628417969e+00 4.522481560707092285e-01 5.450613424181938171e-02 3.870621556416153908e-03 1.619498070795089006e-04 3.991872290498577058e-06 5.751385145913445740e-08 1.348979150606055555e-09 7.164732096498482861e-08 2.245327323180390522e-06 4.121560778003185987e-05 4.453491128515452147e-04 2.837395761162042618e-03 1.064385380595922470e-02 2.354252152144908905e-02 3.065956570208072662e-02
2.347996830940246582e-02 1.061557512730360031e-02 2.829865319654345512e-03 4.441677592694759369e-04 4.110552254132926464e-05 2.239526565972482786e-06 7.132835833090211963e-08 6.569397803524168467e-10 -1.272616647479685170e-11 5.778911571496792021e-08 4.003497451776638627e-06 1.624133146833628416e-04 3.881676355376839638e-03 5.466212704777717590e-02 4.535418450832366943e-01 2.217254400253295898e+00 6.386770725250244141e+00 1.083963680267333984e+01 1.083963680267333984e+01 6.386779308319091797e+00 2.217257499694824219e+00 4.535417854785919189e-01 5.466205999255180359e-02 3.881694981828331947e-03 1.624132419237866998e-04 4.003299636679003015e-06 5.765052790707159147e-08 1.356519674367007156e-09 7.150107705911068479e-08 2.239426976302638650e-06 4.110610097995959222e-05 4.441652563400566578e-04 2.829851815477013588e-03 1.061554532498121262e-02 2.347993664443492889e-02 3.057805262506008148e-02
2.340330928564071655e-02 1.058092806488275528e-02 2.820628229528665543e-03 4.427175445016473532e-04 4.097127384738996625e-05 2.232216047559631988e-06 7.114179112477359013e-08 5.894337795631088284e-10 -4.318242985412723556e-11 5.794246860091334383e-08 4.013824309367919341e-06 1.628303289180621505e-04 3.891643835231661797e-03 5.480248108506202698e-02 4.547066092491149902e-01 2.222945928573608398e+00 6.403167247772216797e+00 1.086747455596923828e+01 1.086747455596923828e+01 6.403176307678222656e+00 2.222950220108032227e+00 4.547065794467926025e-01 5.480242520570755005e-02 3.891662694513797760e-03 1.628302270546555519e-04 4.013585567008703947e-06 5.779171630138080218e-08 1.367583268852001765e-09 7.124734224817075301e-08 2.232158294646069407e-06 4.097199780517257750e-05 4.427153326105326414e-04 2.820616122335195541e-03 1.058089826256036758e-02 2.340328507125377655e-02 3.047821857035160065e-02
2.331761643290519714e-02 1.054217945784330368e-02 2.810300560668110847e-03 4.410964611452072859e-04 4.082127998117357492e-05 2.223996716566034593e-06 7.082744701847332180e-08 5.907649924807856223e-10 -2.092269760223253172e-11 5.801421210094304115e-08 4.022988377982983366e-06 1.632055791560560465e-04 3.900612238794565201e-03 5.492875725030899048e-02 4.557542502880096436e-01 2.228070497512817383e+00 6.417926311492919922e+00 1.089252090454101562e+01 1.089252090454101562e+01 6.417936801910400391e+00 2.228074789047241211e+00 4.557542502880096436e-01 5.492869019508361816e-02 3.900630865246057510e-03 1.632055355003103614e-04 4.022837856609839946e-06 5.791976320779212983e-08 1.391123549687733885e-09 7.104784316425138968e-08 2.223977844550972804e-06 4.082189843757078052e-05 4.410940455272793770e-04 2.810288220643997192e-03 1.054214965552091599e-02 2.331759594380855560e-02 3.036660328507423401e-02
2.322679199278354645e-02 1.050111744552850723e-02 2.799350535497069359e-03 4.393780836835503578e-04 4.066228211740963161e-05 2.215344011347042397e-06 7.055693629354209406e-08 4.884856963371930760e-10 -8.367255499575065869e-11 5.814504433487854840e-08 4.031238859170116484e-06 1.635433436604216695e-04 3.908682614564895630e-03 5.504247918725013733e-02 4.566975533962249756e-01 2.232681751251220703e+00 6.431208610534667969e+00 1.091505527496337891e+01 1.091505527496337891e+01 6.431216716766357422e+00 2.232685089111328125e+00 4.566975533962249756e-01 5.504241585731506348e-02 3.908702172338962555e-03 1.635432272450998425e-04 4.031128810311201960e-06 5.799695301789142832e-08 1.333509191958626161e-09 7.074716990018714569e-08 2.215281256212620065e-06 4.066288965987041593e-05 4.393756389617919922e-04 2.799338661134243011e-03 1.050109043717384338e-02 2.322676591575145721e-02 3.024832718074321747e-02
2.313388884067535400e-02 1.045911945402622223e-02 2.788156270980834961e-03 4.376206197775900364e-04 4.049970812047831714e-05 2.206504632340511307e-06 7.034614668555150274e-08 3.695285188953789657e-10 -1.235910540575702043e-10 5.816349002429888060e-08 4.038664883410092443e-06 1.638473913772031665e-04 3.915955778211355209e-03 5.514480173587799072e-02 4.575467407703399658e-01 2.236833810806274414e+00 6.443165779113769531e+00 1.093535423278808594e+01 1.093535327911376953e+01 6.443175315856933594e+00 2.236838340759277344e+00 4.575466811656951904e-01 5.514472723007202148e-02 3.915973473340272903e-03 1.638472749618813396e-04 4.038607585243880749e-06 5.804706049161723058e-08 1.225763712753291657e-09 7.041998628665169235e-08 2.206427780038211495e-06 4.050016286782920361e-05 4.376182914711534977e-04 2.788142766803503036e-03 1.045909337699413300e-02 2.313386835157871246e-02 3.012733906507492065e-02
2.304122224450111389e-02 1.041721366345882416e-02 2.776989480480551720e-03 4.358674050308763981e-04 4.033734148833900690e-05 2.197627509303856641e-06 7.002876145634218119e-08 5.004702763322654846e-10 -6.017486509080072210e-11 5.831258320654342242e-08 4.045551577291917056e-06 1.641214621486142278e-04 3.922501113265752792e-03 5.523701757192611694e-02 4.583117365837097168e-01 2.240573644638061523e+00 6.453941822052001953e+00 1.095364284515380859e+01 1.095364284515380859e+01 6.453948974609375000e+00 2.240577936172485352e+00 4.583117067813873291e-01 5.523694306612014771e-02 3.922519274055957794e-03 1.641212293179705739e-04 4.045476089231669903e-06 5.817829418219844229e-08 1.274834460218698950e-09 7.015428593604156049e-08 2.197551566496258602e-06 4.033790901303291321e-05 4.358654259704053402e-04 2.776976441964507103e-03 1.041718851774930954e-02 2.304119989275932312e-02 3.000664710998535156e-02
2.295042015612125397e-02 1.037616468966007233e-02 2.766043879091739655e-03 4.341500462032854557e-04 4.017851460957899690e-05 2.189022779930382967e-06 6.974049426844430855e-08 5.272551284463133925e-10 -8.588167677014979517e-11 5.841406647277835873e-08 4.051578343933215365e-06 1.643690047785639763e-04 3.928417805582284927e-03 5.532031506299972534e-02 4.590032398700714111e-01 2.243952035903930664e+00 6.463677406311035156e+00 1.097016048431396484e+01 1.097016048431396484e+01 6.463684558868408203e+00 2.243955850601196289e+00 4.590031802654266357e-01 5.532026290893554688e-02 3.928436432033777237e-03 1.643688010517507792e-04 4.051558335049776360e-06 5.830215954460982175e-08 1.195854415492192402e-09 6.986707745681997039e-08 2.188930238844477572e-06 4.017899118480272591e-05 4.341478925198316574e-04 2.766032237559556961e-03 1.037613488733768463e-02 2.295039780437946320e-02 2.988840825855731964e-02
2.286274917423725128e-02 1.033652480691671371e-02 2.755476627498865128e-03 4.324913606978952885e-04 4.002509740530513227e-05 2.180693627451546490e-06 6.954063991315706517e-08 6.796781470974622152e-10 -2.622712290401008062e-11 5.853934581523390079e-08 4.057194018969312310e-06 1.645942247705534101e-04 3.933799918740987778e-03 5.539614707231521606e-02 4.596321582794189453e-01 2.247026681900024414e+00 6.472533226013183594e+00 1.098519611358642578e+01 1.098519611358642578e+01 6.472542285919189453e+00 2.247031211853027344e+00 4.596321284770965576e-01 5.539608001708984375e-02 3.933819476515054703e-03 1.645940064918249846e-04 4.057169007865013555e-06 5.843273598316045536e-08 1.254561898811346055e-09 6.963679766158747952e-08 2.180588126066140831e-06 4.002550485893152654e-05 4.324893525335937738e-04 2.755464287474751472e-03 1.033649686723947525e-02 2.286272123456001282e-02 2.977421879768371582e-02
2.278213761746883392e-02 1.030008681118488312e-02 2.745761768892407417e-03 4.309665528126060963e-04 3.988401294918730855e-05 2.173016355300205760e-06 6.929202811534196371e-08 6.916497929942977407e-10 -5.530199562175930339e-11 5.858816365389429848e-08 4.062334483023732901e-06 1.648032193770632148e-04 3.938792273402214050e-03 5.546646937727928162e-02 4.602154791355133057e-01 2.249879837036132812e+00 6.480750560760498047e+00 1.099914169311523438e+01 1.099914169311523438e+01 6.480758666992187500e+00 2.249884128570556641e+00 4.602154791355133057e-01 5.546640977263450623e-02 3.938812296837568283e-03 1.648028846830129623e-04 4.062240805069450289e-06 5.855414997313346248e-08 1.285827333497024938e-09 6.941587571418494917e-08 2.172932909161318094e-06 3.988439857494086027e-05 4.309644282329827547e-04 2.745750127360224724e-03 1.030005980283021927e-02 2.278210781514644623e-02 2.966924756765365601e-02
2.271153591573238373e-02 1.026816759258508682e-02 2.737253904342651367e-03 4.296310944482684135e-04 3.976038351538591087e-05 2.166282456528278999e-06 6.902260452079644892e-08 6.506809535622437579e-10 3.447235899511902346e-11 5.867038055384909967e-08 4.067393092554993927e-06 1.650060294196009636e-04 3.943638876080513000e-03 5.553466081619262695e-02 4.607816636562347412e-01 2.252647876739501953e+00 6.488717555999755859e+00 1.101266384124755859e+01 1.101266384124755859e+01 6.488724231719970703e+00 2.252652168273925781e+00 4.607816040515899658e-01 5.553460121154785156e-02 3.943655639886856079e-03 1.650056074140593410e-04 4.067265308549394831e-06 5.869063457453194133e-08 1.378753111680453003e-09 6.923182382934101042e-08 2.166152398785925470e-06 3.976078369305469096e-05 4.296292026992887259e-04 2.737241564318537712e-03 1.026814058423042297e-02 2.271151356399059296e-02 2.957731857895851135e-02
2.265250124037265778e-02 1.024146657437086105e-02 2.730137668550014496e-03 4.285141185391694307e-04 3.965707583120092750e-05 2.160667236239532940e-06 6.877511538050384843e-08 6.034632238360870815e-10 2.431206277964115259e-11 5.875665465282509103e-08 4.072715000802418217e-06 1.652224455028772354e-04 3.948811907321214676e-03 5.560753867030143738e-02 4.613862037658691406e-01 2.255603075027465820e+00 6.497234344482421875e+00 1.102712059020996094e+01 1.102712059020996094e+01 6.497241973876953125e+00 2.255606651306152344e+00 4.613862037658691406e-01 5.560746788978576660e-02 3.948830999433994293e-03 1.652222272241488099e-04 4.072592219017678872e-06 5.876994535469748371e-08 1.325301979271387154e-09 6.904780036620650208e-08 2.160488293156959116e-06 3.965746509493328631e-05 4.285119357518851757e-04 2.730126027017831802e-03 1.024143584072589874e-02 2.265247702598571777e-02 2.950042299926280975e-02
2.260306105017662048e-02 1.021911576390266418e-02 2.724177669733762741e-03 4.275789833627641201e-04 3.957053559133782983e-05 2.155967877115472220e-06 6.864974722020633635e-08 5.144021875125304177e-10 4.021963317946131156e-11 5.895897459140542196e-08 4.079250174982007593e-06 1.654882216826081276e-04 3.955158870667219162e-03 5.569694563746452332e-02 4.621276855468750000e-01 2.259229183197021484e+00 6.507676601409912109e+00 1.104484939575195312e+01 1.104484939575195312e+01 6.507685661315917969e+00 2.259232997894287109e+00 4.621276557445526123e-01 5.569687858223915100e-02 3.955178428441286087e-03 1.654876978136599064e-04 4.079191967321094126e-06 5.889473797537903010e-08 1.373942071225542350e-09 6.889369075224749395e-08 2.155848051188513637e-06 3.957093940698541701e-05 4.275767714716494083e-04 2.724165096879005432e-03 1.021908782422542572e-02 2.260304056107997894e-02 2.943602949380874634e-02
2.256127074360847473e-02 1.020023692399263382e-02 2.719145268201828003e-03 4.267887561582028866e-04 3.949737947550602257e-05 2.152024080714909360e-06 6.859438173023590934e-08 5.470415231911829324e-10 5.494841734399180666e-11 5.905670619199554494e-08 4.088446985406335443e-06 1.658617838984355330e-04 3.964086994528770447e-03 5.582266673445701599e-02 4.631710350513458252e-01 2.264329671859741211e+00 6.522367000579833984e+00 1.106977081298828125e+01 1.106977081298828125e+01 6.522375106811523438e+00 2.264333724975585938e+00 4.631710350513458252e-01 5.582260340452194214e-02 3.964107483625411987e-03 1.658612309256568551e-04 4.088347850483842194e-06 5.899791943875243305e-08 1.414723005410678525e-09 6.879402292270242469e-08 2.151898115698713809e-06 3.949780148104764521e-05 4.267866897862404585e-04 2.719133859500288963e-03 1.020021270960569382e-02 2.256124652922153473e-02 2.938163839280605316e-02
2.252551540732383728e-02 1.018406543880701065e-02 2.714833710342645645e-03 4.261123831383883953e-04 3.943475894629955292e-05 2.148578687410918064e-06 6.852575751281619887e-08 5.339959030514762617e-10 4.408648446307950053e-11 5.929467050691528129e-08 4.102422735741129145e-06 1.664316660026088357e-04 3.977712243795394897e-03 5.601448938250541687e-02 4.647627770900726318e-01 2.272109985351562500e+00 6.544783592224121094e+00 1.110781860351562500e+01 1.110781860351562500e+01 6.544790744781494141e+00 2.272114515304565430e+00 4.647627174854278564e-01 5.601443350315093994e-02 3.977730404585599899e-03 1.664313458604738116e-04 4.102437742403708398e-06 5.921529933061719930e-08 1.402768901037632077e-09 6.869015578558901325e-08 2.148496150766732171e-06 3.943516639992594719e-05 4.261100548319518566e-04 2.714820671826601028e-03 1.018404029309749603e-02 2.252549119293689728e-02 2.933506108820438385e-02
2.249460853636264801e-02 1.017008535563945770e-02 2.711106790229678154e-03 4.255270469002425671e-04 3.938059307984076440e-05 2.145601911252015270e-06 6.835674071226094384e-08 4.518912744000402881e-10 -5.946913100851602962e-12 5.964152904880393180e-08 4.124268343730363995e-06 1.673151709837839007e-04 3.998829517513513565e-03 5.631185322999954224e-02 4.672303199768066406e-01 2.284172534942626953e+00 6.579526424407958984e+00 1.116679000854492188e+01 1.116679000854492188e+01 6.579534530639648438e+00 2.284176826477050781e+00 4.672302901744842529e-01 5.631178617477416992e-02 3.998848143965005875e-03 1.673149381531402469e-04 4.124256520299240947e-06 5.947190473420960188e-08 1.360330736943637930e-09 6.850985556638988783e-08 2.145521875718259253e-06 3.938091685995459557e-05 4.255250969436019659e-04 2.711094915866851807e-03 1.017005741596221924e-02 2.249458618462085724e-02 2.929479442536830902e-02
2.246841415762901306e-02 1.015823986381292343e-02 2.707951003685593605e-03 4.250320198480039835e-04 3.933471452910453081e-05 2.143112851626938209e-06 6.824634368740589707e-08 4.069802550521472995e-10 -8.361008066448682996e-12 6.003037356094864663e-08 4.153635018155910075e-06 1.685094757704064250e-04 4.027372691780328751e-03 5.671381577849388123e-02 4.705651402473449707e-01 2.300477027893066406e+00 6.626490592956542969e+00 1.124649429321289062e+01 1.124649429321289062e+01 6.626498699188232422e+00 2.300481319427490234e+00 4.705651104450225830e-01 5.671375989913940430e-02 4.027391318231821060e-03 1.685092138359323144e-04 4.153691406827419996e-06 5.991750384737315471e-08 1.297631890828654377e-09 6.841967348236721591e-08 2.143049641745164990e-06 3.933514017262496054e-05 4.250297788530588150e-04 2.707938198000192642e-03 1.015821564942598343e-02 2.246838063001632690e-02 2.926067635416984558e-02
2.245915681123733521e-02 1.015405822545289993e-02 2.706834813579916954e-03 4.248567274771630764e-04 3.931844912585802376e-05 2.142194034604472108e-06 6.825058562753838487e-08 4.721172341959345431e-10 -1.709384717107909069e-11 6.058110102458158508e-08 4.194086159259313717e-06 1.701448491076007485e-04 4.066461231559514999e-03 5.726424977183341980e-02 4.751322865486145020e-01 2.322804450988769531e+00 6.690806388854980469e+00 1.135564899444580078e+01 1.135564899444580078e+01 6.690814018249511719e+00 2.322808742523193359e+00 4.751322269439697266e-01 5.726419761776924133e-02 4.066479392349720001e-03 1.701446890365332365e-04 4.193939275864977390e-06 6.044474787358922185e-08 1.123477533226946434e-09 6.833500520997404237e-08 2.142093308066250756e-06 3.931883475161157548e-05 4.248545446898788214e-04 2.706822706386446953e-03 1.015403214842081070e-02 2.245913259685039520e-02 2.924861758947372437e-02
2.247342839837074280e-02 1.016051229089498520e-02 2.708556363359093666e-03 4.251267528161406517e-04 3.934350388590246439e-05 2.143581468772026710e-06 6.829355925219715573e-08 4.686645516116527688e-10 -6.156094731202266246e-12 6.133857510803863988e-08 4.248384811944561079e-06 1.723480381770059466e-04 4.119114484637975693e-03 5.800575390458106995e-02 4.812848567962646484e-01 2.352881669998168945e+00 6.777443408966064453e+00 1.150268936157226562e+01 1.150268936157226562e+01 6.777452468872070312e+00 2.352886438369750977e+00 4.812848269939422607e-01 5.800568312406539917e-02 4.119135439395904541e-03 1.723478926578536630e-04 4.248248842486646026e-06 6.129256036047081579e-08 1.185249898227880294e-09 6.840162569687890937e-08 2.143473693649866618e-06 3.934386768378317356e-05 4.251248610671609640e-04 2.708544256165623665e-03 1.016048621386289597e-02 2.247340045869350433e-02 2.926721610128879547e-02
2.251605130732059479e-02 1.017978228628635406e-02 2.713692607358098030e-03 4.259334236849099398e-04 3.941808245144784451e-05 2.147612576663959771e-06 6.850014244719204726e-08 3.972712714350734586e-10 4.746373433173189937e-11 6.229877413943540887e-08 4.316487775213317946e-06 1.751082891132682562e-04 4.185088910162448883e-03 5.893478542566299438e-02 4.889926910400390625e-01 2.390565156936645508e+00 6.885992527008056641e+00 1.168691635131835938e+01 1.168691635131835938e+01 6.886000633239746094e+00 2.390569925308227539e+00 4.889926314353942871e-01 5.893470346927642822e-02 4.185107070952653885e-03 1.751081872498616576e-04 4.316319518693489954e-06 6.231308447013361729e-08 1.201834742836638270e-09 6.851963263443394681e-08 2.147482973668957129e-06 3.941849718103185296e-05 4.259312991052865982e-04 2.713680034503340721e-03 1.017975155264139175e-02 2.251603081822395325e-02 2.932272478938102722e-02
2.259675040841102600e-02 1.021627709269523621e-02 2.723420737311244011e-03 4.274599778000265360e-04 3.955938154831528664e-05 2.155302126993774436e-06 6.878700986590047251e-08 4.727283564598394605e-10 6.951752541672906460e-12 6.343090319660404930e-08 4.396232270664768293e-06 1.783408224582672119e-04 4.262345377355813980e-03 6.002273783087730408e-02 4.980199038982391357e-01 2.434697866439819336e+00 7.013113498687744141e+00 1.190266227722167969e+01 1.190266227722167969e+01 7.013120174407958984e+00 2.434701919555664062e+00 4.980198740959167480e-01 6.002266332507133484e-02 4.262366332113742828e-03 1.783407933544367552e-04 4.396022632136009634e-06 6.345809566710158833e-08 1.206934774344858852e-09 6.873172253563097911e-08 2.155186166419298388e-06 3.955983265768736601e-05 4.274577950127422810e-04 2.723408164456486702e-03 1.021624822169542313e-02 2.259672991931438446e-02 2.942782454192638397e-02
2.272728644311428070e-02 1.027529407292604446e-02 2.739151706919074059e-03 4.299291176721453667e-04 3.978799577453173697e-05 2.167726051993668079e-06 6.916417305546929128e-08 5.209864761823723711e-10 -4.441746276340197142e-11 6.464231461222880171e-08 4.481184987525921315e-06 1.817878073779866099e-04 4.344728309661149979e-03 6.118284538388252258e-02 5.076456069946289062e-01 2.481753349304199219e+00 7.148657321929931641e+00 1.213271713256835938e+01 1.213271713256835938e+01 7.148666381835937500e+00 2.481758356094360352e+00 5.076456069946289062e-01 6.118277460336685181e-02 4.344748333096504211e-03 1.817876327550038695e-04 4.480981260712724179e-06 6.466522251002970734e-08 1.200752275387628742e-09 6.913504790873048478e-08 2.167611228287569247e-06 3.978833774453960359e-05 4.299267893657088280e-04 2.739139599725604057e-03 1.027526892721652985e-02 2.272726595401763916e-02 2.959782257676124573e-02
2.291950583457946777e-02 1.036219391971826553e-02 2.762317191809415817e-03 4.335654375609010458e-04 4.012450881418772042e-05 2.186035771956085227e-06 6.971118438059420441e-08 5.126815638689663501e-10 -9.000680062376531509e-11 6.580785338883288205e-08 4.562757567327935249e-06 1.851002452895045280e-04 4.423892125487327576e-03 6.229764968156814575e-02 5.168952941894531250e-01 2.526972770690917969e+00 7.278911113739013672e+00 1.235378360748291016e+01 1.235378360748291016e+01 7.278920650482177734e+00 2.526977777481079102e+00 5.168952345848083496e-01 6.229757145047187805e-02 4.423913545906543732e-03 1.850998087320476770e-04 4.562607045954791829e-06 6.575893252147579915e-08 1.203082522494014484e-09 6.971097121777347638e-08 2.185948233091039583e-06 4.012485442217439413e-05 4.335629346314817667e-04 2.762304851785302162e-03 1.036216225475072861e-02 2.291948534548282623e-02 2.984813787043094635e-02
2.317786589264869690e-02 1.047899108380079269e-02 2.793455030769109726e-03 4.384525527711957693e-04 4.057680052937939763e-05 2.210621005360735580e-06 7.046745764682782465e-08 4.327682656679598949e-10 -1.812131278366990728e-10 6.673143815305593307e-08 4.632101990864612162e-06 1.879162882687523961e-04 4.491195082664489746e-03 6.324540823698043823e-02 5.247591137886047363e-01 2.565417051315307617e+00 7.389649391174316406e+00 1.254172706604003906e+01 1.254172706604003906e+01 7.389658927917480469e+00 2.565422296524047852e+00 5.247591137886047363e-01 6.324534118175506592e-02 4.491217434406280518e-03 1.879159099189564586e-04 4.631992396753048524e-06 6.666539320576703176e-08 1.202754118523330362e-09 7.042117999844776932e-08 2.210570301031111740e-06 4.057707701576873660e-05 4.384501662570983171e-04 2.793442457914352417e-03 1.047896407544612885e-02 2.317784167826175690e-02 3.018460050225257874e-02
2.349294163286685944e-02 1.062144897878170013e-02 2.831430872902274132e-03 4.444127844180911779e-04 4.112847091164439917e-05 2.240676394649199210e-06 7.139924917964890483e-08 3.484222632632594241e-10 -2.066575244263901823e-10 6.744306091377438861e-08 4.684126906795427203e-06 1.900240604300051928e-04 4.541574046015739441e-03 6.395484507083892822e-02 5.306452512741088867e-01 2.594193220138549805e+00 7.472537994384765625e+00 1.268240642547607422e+01 1.268240642547607422e+01 7.472547054290771484e+00 2.594197750091552734e+00 5.306452512741088867e-01 6.395474821329116821e-02 4.541593138128519058e-03 1.900237548397853971e-04 4.684035047830548137e-06 6.740577873642905615e-08 1.177205333213748872e-09 7.137868607287600753e-08 2.240553612864459865e-06 4.112867827643640339e-05 4.444104852154850960e-04 2.831418532878160477e-03 1.062141731381416321e-02 2.349291928112506866e-02 3.059493564069271088e-02
2.384900487959384918e-02 1.078243833035230637e-02 2.874343423172831535e-03 4.511484294198453426e-04 4.175176945864222944e-05 2.274726512041524984e-06 7.243738764373119920e-08 4.132362507736075941e-10 -1.897847573539834798e-10 6.792744500216940651e-08 4.717861429526237771e-06 1.913927844725549221e-04 4.574285354465246201e-03 6.441548466682434082e-02 5.344673395156860352e-01 2.612879753112792969e+00 7.526360034942626953e+00 1.277375030517578125e+01 1.277375030517578125e+01 7.526370525360107422e+00 2.612883806228637695e+00 5.344673395156860352e-01 6.441542506217956543e-02 4.574306774884462357e-03 1.913926244014874101e-04 4.717693627753760666e-06 6.787248452155836276e-08 1.148157457997456277e-09 7.241327892870685901e-08 2.274519374623196200e-06 4.175203866907395422e-05 4.511460429057478905e-04 2.874329686164855957e-03 1.078240666538476944e-02 2.384897693991661072e-02 3.105862811207771301e-02
2.422869019210338593e-02 1.095408201217651367e-02 2.920105354860424995e-03 4.583307018037885427e-04 4.241647911840118468e-05 2.310952368134167045e-06 7.361779807979473844e-08 5.088116594720304420e-10 -1.434929675081519918e-10 6.812876307549231569e-08 4.732136858365265653e-06 1.919697388075292110e-04 4.588067997246980667e-03 6.460958719253540039e-02 5.360777378082275391e-01 2.620752334594726562e+00 7.549042701721191406e+00 1.281225013732910156e+01 1.281225013732910156e+01 7.549054145812988281e+00 2.620757818222045898e+00 5.360777378082275391e-01 6.460950523614883423e-02 4.588091280311346054e-03 1.919695059768855572e-04 4.731953595182858407e-06 6.822062914579873905e-08 1.150466388821769215e-09 7.359988529742622632e-08 2.310719764864188619e-06 4.241665737936273217e-05 4.583283152896910906e-04 2.920090919360518456e-03 1.095405407249927521e-02 2.422866597771644592e-02 3.155308216810226440e-02
2.460498549044132233e-02 1.112422160804271698e-02 2.965458668768405914e-03 4.654493532143533230e-04 4.307530980440787971e-05 2.346870815017609857e-06 7.477343189066232299e-08 5.554953719233424181e-10 -2.611297011956281722e-10 6.807518815321600414e-08 4.728821750177303329e-06 1.918330381158739328e-04 4.584804642945528030e-03 6.456359475851058960e-02 5.356962680816650391e-01 2.618887901306152344e+00 7.543667793273925781e+00 1.280313205718994141e+01 1.280313205718994141e+01 7.543680191040039062e+00 2.618892908096313477e+00 5.356962084770202637e-01 6.456352025270462036e-02 4.584825597703456879e-03 1.918326597660779953e-04 4.728566182166105136e-06 6.814143915789827588e-08 1.227556833960363747e-09 7.471037832829097169e-08 2.346652308915508911e-06 4.307546623749658465e-05 4.654469958040863276e-04 2.965446328744292259e-03 1.112418901175260544e-02 2.460495941340923309e-02 3.204315900802612305e-02
2.495425380766391754e-02 1.128212828189134598e-02 3.007549559697508812e-03 4.720562428701668978e-04 4.368682493804953992e-05 2.380198793616727926e-06 7.586334049847209826e-08 5.830166904807754236e-10 -2.529872700218760428e-10 6.787329454027712927e-08 4.710633220383897424e-06 1.910961291287094355e-04 4.567189607769250870e-03 6.431563198566436768e-02 5.336387157440185547e-01 2.608827352523803711e+00 7.514693260192871094e+00 1.275394248962402344e+01 1.275394248962402344e+01 7.514702320098876953e+00 2.608831405639648438e+00 5.336387157440185547e-01 6.431554257869720459e-02 4.567210562527179718e-03 1.910958380904048681e-04 4.710375378635944799e-06 6.789842643684096402e-08 1.323298692845753521e-09 7.570338311779778451e-08 2.380023261139285751e-06 4.368678855826146901e-05 4.720539727713912725e-04 3.007536521181464195e-03 1.128209382295608521e-02 2.495422028005123138e-02 3.249797970056533813e-02
2.525806799530982971e-02 1.141948346048593521e-02 3.044170094653964043e-03 4.778032889589667320e-04 4.421858830028213561e-05 2.409208946119179018e-06 7.673946100794637459e-08 6.036361410721724496e-10 -2.057640169361718563e-10 6.741733926673987298e-08 4.682220151153160259e-06 1.899444905575364828e-04 4.539665300399065018e-03 6.392798572778701782e-02 5.304222106933593750e-01 2.593102455139160156e+00 7.469400405883789062e+00 1.267707347869873047e+01 1.267707347869873047e+01 7.469412326812744141e+00 2.593107700347900391e+00 5.304221510887145996e-01 6.392791122198104858e-02 4.539686255156993866e-03 1.899442431749776006e-04 4.681922746385680512e-06 6.743242408902005991e-08 1.327262300065967793e-09 7.667591717108734883e-08 2.408993623248534277e-06 4.421867924975231290e-05 4.778009024448692799e-04 3.044157056137919426e-03 1.141944900155067444e-02 2.525804005563259125e-02 3.289368376135826111e-02
2.551040612161159515e-02 1.153356861323118210e-02 3.074580803513526917e-03 4.825766081921756268e-04 4.466032987693324685e-05 2.433303961879573762e-06 7.755919284591072937e-08 6.759983683934933651e-10 -2.142567512297688381e-10 6.691858089880042826e-08 4.646200068236794323e-06 1.884760713437572122e-04 4.504569806158542633e-03 6.343375146389007568e-02 5.263218283653259277e-01 2.573057889938354492e+00 7.411659717559814453e+00 1.257908153533935547e+01 1.257908153533935547e+01 7.411670207977294922e+00 2.573062419891357422e+00 5.263217091560363770e-01 6.343369185924530029e-02 4.504593089222908020e-03 1.884759403765201569e-04 4.645715307560749352e-06 6.699075072447158163e-08 1.386725401175681327e-09 7.747632935206638649e-08 2.433101144561078399e-06 4.466049722395837307e-05 4.825743671972304583e-04 3.074566600844264030e-03 1.153354253619909286e-02 2.551038376986980438e-02 3.322228044271469116e-02
2.570593170821666718e-02 1.162196882069110870e-02 3.098146757110953331e-03 4.862755595240741968e-04 4.500253999140113592e-05 2.451930413371883333e-06 7.814868752120673889e-08 5.921085288740357555e-10 -2.312081498478946173e-10 6.628322068991110427e-08 4.605375124810962006e-06 1.868185208877548575e-04 4.464956466108560562e-03 6.287595629692077637e-02 5.216932296752929688e-01 2.550430536270141602e+00 7.346476554870605469e+00 1.246845245361328125e+01 1.246845245361328125e+01 7.346485137939453125e+00 2.550434112548828125e+00 5.216932296752929688e-01 6.287588179111480713e-02 4.464975558221340179e-03 1.868184044724330306e-04 4.604804871632950380e-06 6.639593408408472897e-08 1.400495164283199756e-09 7.804857915516549838e-08 2.451760565236327238e-06 4.500280192587524652e-05 4.862731730099767447e-04 3.098133020102977753e-03 1.162193622440099716e-02 2.570589818060398102e-02 3.347691148519515991e-02
2.584274113178253174e-02 1.168381981551647186e-02 3.114633494988083839e-03 4.888636758551001549e-04 4.524204632616601884e-05 2.464880481056752615e-06 7.842697158366718213e-08 5.176377104731955114e-10 -2.637278728734315791e-10 6.572812338845324120e-08 4.562817139230901375e-06 1.850962289609014988e-04 4.423796664923429489e-03 6.229631975293159485e-02 5.168842077255249023e-01 2.526918888092041016e+00 7.278760433197021484e+00 1.235351753234863281e+01 1.235351753234863281e+01 7.278768062591552734e+00 2.526922941207885742e+00 5.168841481208801270e-01 6.229624524712562561e-02 4.423817619681358337e-03 1.850962289609014988e-04 4.562388767226366326e-06 6.576414079972892068e-08 1.376115998930060869e-09 7.834123039174301084e-08 2.464747240082942881e-06 4.524227915680967271e-05 4.888611147180199623e-04 3.114618826657533646e-03 1.168378721922636032e-02 2.584271319210529327e-02 3.365507721900939941e-02
2.592310495674610138e-02 1.172014977782964706e-02 3.124320646747946739e-03 4.903842345811426640e-04 4.538282883004285395e-05 2.472589585522655398e-06 7.870661988818028476e-08 4.702719325067050704e-10 -2.520372244241286808e-10 6.511172756518135429e-08 4.521151822700630873e-06 1.834048016462475061e-04 4.383372608572244644e-03 6.172706559300422668e-02 5.121610164642333984e-01 2.503828048706054688e+00 7.212245464324951172e+00 1.224062728881835938e+01 1.224062728881835938e+01 7.212255477905273438e+00 2.503831863403320312e+00 5.121610164642333984e-01 6.172700598835945129e-02 4.383393563330173492e-03 1.834046997828409076e-04 4.520672064245445654e-06 6.516770412190453499e-08 1.311618924582091950e-09 7.864113626965263393e-08 2.472424284860608168e-06 4.538303983281366527e-05 4.903815570287406445e-04 3.124305978417396545e-03 1.172012090682983398e-02 2.592307142913341522e-02 3.375974670052528381e-02
2.595299296081066132e-02 1.173366140574216843e-02 3.127922303974628448e-03 4.909489653073251247e-04 4.543511749943718314e-05 2.475411747582256794e-06 7.874228913351544179e-08 4.690360322356923461e-10 -2.583183944526723508e-10 6.452810907831008080e-08 4.481608812056947500e-06 1.818024029489606619e-04 4.345071036368608475e-03 6.118764728307723999e-02 5.076856613159179688e-01 2.481948852539062500e+00 7.149216651916503906e+00 1.213366413116455078e+01 1.213366413116455078e+01 7.149224758148193359e+00 2.481952905654907227e+00 5.076856613159179688e-01 6.118758395314216614e-02 4.345090128481388092e-03 1.818022137740626931e-04 4.481129963096464053e-06 6.452597034467544290e-08 1.247858261166356897e-09 7.865894247061078204e-08 2.475195515216910280e-06 4.543548129731789231e-05 4.909464623779058456e-04 3.127908334136009216e-03 1.173363067209720612e-02 2.595296502113342285e-02 3.379865735769271851e-02
2.593991719186306000e-02 1.172775123268365860e-02 3.126344876363873482e-03 4.907015245407819748e-04 4.541236557997763157e-05 2.474214397807372734e-06 7.879091157292350545e-08 4.099721950812096338e-10 -2.641019070104277944e-10 6.392148321765489527e-08 4.444979822437744588e-06 1.803176710382103920e-04 4.309587180614471436e-03 6.068792566657066345e-02 5.035390257835388184e-01 2.461680412292480469e+00 7.090826988220214844e+00 1.203456783294677734e+01 1.203456783294677734e+01 7.090836048126220703e+00 2.461685419082641602e+00 5.035390257835388184e-01 6.068785861134529114e-02 4.309604875743389130e-03 1.803175837267190218e-04 4.444545083970297128e-06 6.398285989916985272e-08 1.232331015010856845e-09 7.869092399914734415e-08 2.473962922522332519e-06 4.541260204860009253e-05 4.906992544420063496e-04 3.126329742372035980e-03 1.172772143036127090e-02 2.593988925218582153e-02 3.378161787986755371e-02
2.589170448482036591e-02 1.170595921576023102e-02 3.120538312941789627e-03 4.897898761555552483e-04 4.532796810963191092e-05 2.469647370162419975e-06 7.856157679952957551e-08 4.054506175243943744e-10 -1.948651101590925805e-10 6.346742509322211845e-08 4.411690497363451868e-06 1.789602974895387888e-04 4.277145024389028549e-03 6.023111566901206970e-02 4.997490346431732178e-01 2.443147659301757812e+00 7.037459373474121094e+00 1.194398975372314453e+01 1.194398975372314453e+01 7.037467956542968750e+00 2.443153142929077148e+00 4.997490048408508301e-01 6.023104116320610046e-02 4.277165047824382782e-03 1.789602974895387888e-04 4.411042027641087770e-06 6.353170789452633471e-08 1.275941463596552694e-09 7.861944339992987807e-08 2.469384753567283042e-06 4.532821185421198606e-05 4.897872568108141422e-04 3.120523411780595779e-03 1.170592568814754486e-02 2.589167468249797821e-02 3.371885418891906738e-02
2.581583708524703979e-02 1.167165953665971756e-02 3.111391793936491013e-03 4.883546498604118824e-04 4.519515641732141376e-05 2.462429847582825460e-06 7.834663051653478760e-08 4.272509290803583326e-10 -1.656947079542447909e-10 6.305523214678032673e-08 4.381296548672253266e-06 1.777291327016428113e-04 4.247719887644052505e-03 5.981679260730743408e-02 4.963111877441406250e-01 2.426342725753784180e+00 6.989048957824707031e+00 1.186182212829589844e+01 1.186182212829589844e+01 6.989057540893554688e+00 2.426346778869628906e+00 4.963111877441406250e-01 5.981671065092086792e-02 4.247739911079406738e-03 1.777291909093037248e-04 4.380711743579013273e-06 6.308697919621408801e-08 1.281754591353490014e-09 7.843588178957361379e-08 2.462173824824276380e-06 4.519546564552001655e-05 4.883522633463144302e-04 3.111377591267228127e-03 1.167162973433732986e-02 2.581580914556980133e-02 3.362004831433296204e-02
2.571901492774486542e-02 1.162787992507219315e-02 3.099721390753984451e-03 4.865230876021087170e-04 4.502561569097451866e-05 2.453170282024075277e-06 7.797056866820639698e-08 5.358656296472474878e-10 -1.477327288279539630e-10 6.264973251290939515e-08 4.353910298959817737e-06 1.766171189956367016e-04 4.221143200993537903e-03 5.944254621863365173e-02 4.932059347629547119e-01 2.411162853240966797e+00 6.945314407348632812e+00 1.178760623931884766e+01 1.178760623931884766e+01 6.945322990417480469e+00 2.411166667938232422e+00 4.932059049606323242e-01 5.944248288869857788e-02 4.221163224428892136e-03 1.766170171322301030e-04 4.353379608801333234e-06 6.271456243212014670e-08 1.274850003341043703e-09 7.819541281151032308e-08 2.452913804518175311e-06 4.502585943555459380e-05 4.865206428803503513e-04 3.099707653746008873e-03 1.162784732878208160e-02 2.571898512542247772e-02 3.349393606185913086e-02
2.560710161924362183e-02 1.157728955149650574e-02 3.086233977228403091e-03 4.844060167670249939e-04 4.482976146391592920e-05 2.442486902509699576e-06 7.769111931565930718e-08 4.939189057751036671e-10 -1.812424238467613691e-10 6.231733351569346269e-08 4.329156581661663949e-06 1.756145938998088241e-04 4.197186324745416641e-03 5.910513922572135925e-02 4.904063940048217773e-01 2.397475957870483398e+00 6.905899047851562500e+00 1.172069931030273438e+01 1.172069931030273438e+01 6.905906677246093750e+00 2.397479534149169922e+00 4.904063642024993896e-01 5.910508707165718079e-02 4.197204485535621643e-03 1.756145211402326822e-04 4.328639079176355153e-06 6.232087201851754799e-08 1.311647457313824816e-09 7.782412581036624033e-08 2.442285449433256872e-06 4.482997610466554761e-05 4.844036593567579985e-04 3.086220938712358475e-03 1.157725509256124496e-02 2.560708299279212952e-02 3.334821388125419617e-02
2.548517100512981415e-02 1.152216177433729172e-02 3.071537241339683533e-03 4.820994217880070210e-04 4.461632852326147258e-05 2.430835138511611149e-06 7.731686935130710481e-08 5.565428673470762533e-10 -2.114026870225771404e-10 6.201791791227151407e-08 4.306794835429172963e-06 1.747117203194648027e-04 4.175608046352863312e-03 5.880124866962432861e-02 4.878850281238555908e-01 2.385150671005249023e+00 6.870389461517333984e+00 1.166043663024902344e+01 1.166043663024902344e+01 6.870401382446289062e+00 2.385155200958251953e+00 4.878850281238555908e-01 5.880117416381835938e-02 4.175626672804355621e-03 1.747116766637191176e-04 4.306344180804444477e-06 6.191052648318873253e-08 1.299234386742398328e-09 7.739483010027470300e-08 2.430650511087151244e-06 4.461647768039256334e-05 4.820972098968923092e-04 3.071522340178489685e-03 1.152213104069232941e-02 2.548514679074287415e-02 3.318941965699195862e-02
2.535741776227951050e-02 1.146440021693706512e-02 3.056142712011933327e-03 4.796830180566757917e-04 4.439271287992596626e-05 2.418699068584828638e-06 7.690698566875653341e-08 5.953132431457675011e-10 -2.219909672751541052e-10 6.164907517813844606e-08 4.286660441721323878e-06 1.738989230943843722e-04 4.156179260462522507e-03 5.852770805358886719e-02 4.856155812740325928e-01 2.374055147171020508e+00 6.838432312011718750e+00 1.160619926452636719e+01 1.160619926452636719e+01 6.838440895080566406e+00 2.374060153961181641e+00 4.856155812740325928e-01 5.852765589952468872e-02 4.156201612204313278e-03 1.738989521982148290e-04 4.286346211301861331e-06 6.153956633170309942e-08 1.219614298442195377e-09 7.697936865724841482e-08 2.418456688246806152e-06 4.439285476109944284e-05 4.796807479579001665e-04 3.056128742173314095e-03 1.146436855196952820e-02 2.535738795995712280e-02 3.302303329110145569e-02
2.522729523479938507e-02 1.140557415783405304e-02 3.040459472686052322e-03 4.772216198034584522e-04 4.416494266479276121e-05 2.406332669124822132e-06 7.648075239785612212e-08 5.950226422690718664e-10 -1.901286073024976986e-10 6.141640795931380126e-08 4.268614702596096322e-06 1.731671945890411735e-04 4.138697870075702667e-03 5.828151479363441467e-02 4.835726618766784668e-01 2.364069223403930664e+00 6.809662818908691406e+00 1.155737876892089844e+01 1.155737876892089844e+01 6.809670925140380859e+00 2.364073514938354492e+00 4.835726618766784668e-01 5.828145146369934082e-02 4.138715565204620361e-03 1.731673255562782288e-04 4.268395514372969046e-06 6.136998109695923631e-08 1.313959385740304242e-09 7.658140788180389791e-08 2.406076418992597610e-06 4.416511364979669452e-05 4.772192332893610001e-04 3.040447132661938667e-03 1.140554435551166534e-02 2.522726729512214661e-02 3.285357356071472168e-02
2.509758248925209045e-02 1.134692132472991943e-02 3.024824894964694977e-03 4.747676139231771231e-04 4.393771450850181282e-05 2.393950353507534601e-06 7.621975584015672212e-08 6.765115689866263438e-10 -1.531740290161565099e-10 6.117384288018001826e-08 4.252366125001572073e-06 1.725090551190078259e-04 4.122963175177574158e-03 5.805994197726249695e-02 4.817340970039367676e-01 2.355077505111694336e+00 6.783770084381103516e+00 1.151343059539794922e+01 1.151343059539794922e+01 6.783778190612792969e+00 2.355081796646118164e+00 4.817340373992919922e-01 5.805987864732742310e-02 4.122983198612928391e-03 1.725092733977362514e-04 4.252186045050621033e-06 6.112258432722228463e-08 1.324364284904788747e-09 7.621396491686027730e-08 2.393675686107599176e-06 4.393798735691234469e-05 4.747652565129101276e-04 3.024811390787363052e-03 1.134688872843980789e-02 2.509755641222000122e-02 3.268467634916305542e-02
2.497037872672080994e-02 1.128941960632801056e-02 3.009493928402662277e-03 4.723609599750488997e-04 4.371508839540183544e-05 2.381852027610875666e-06 7.595993878339868388e-08 6.277443564961515676e-10 -4.540899253835384286e-11 6.102187910528300563e-08 4.237811026541749015e-06 1.719166029943153262e-04 4.108801949769258499e-03 5.786047503352165222e-02 4.800795316696166992e-01 2.346989154815673828e+00 6.760471343994140625e+00 1.147388553619384766e+01 1.147388553619384766e+01 6.760478496551513672e+00 2.346994400024414062e+00 4.800794720649719238e-01 5.786040052771568298e-02 4.108820576220750809e-03 1.719166175462305546e-04 4.237593657308025286e-06 6.101456051510467660e-08 1.378072989055567632e-09 7.591665251993617858e-08 2.381629656156292185e-06 4.371534305391833186e-05 4.723586316686123610e-04 3.009479958564043045e-03 1.128938607871532440e-02 2.497035823762416840e-02 3.251899406313896179e-02
2.484728209674358368e-02 1.123375818133354187e-02 2.994658658280968666e-03 4.700326244346797466e-04 4.349948358139954507e-05 2.370014499319950119e-06 7.557044057193706976e-08 6.086887660572415371e-10 -5.603998168290935666e-11 6.085186754489768646e-08 4.224641998007427901e-06 1.713832025416195393e-04 4.096055403351783752e-03 5.768099054694175720e-02 4.785899817943572998e-01 2.339709520339965820e+00 6.739495754241943359e+00 1.143828105926513672e+01 1.143828105926513672e+01 6.739504814147949219e+00 2.339713096618652344e+00 4.785899817943572998e-01 5.768093094229698181e-02 4.096073098480701447e-03 1.713831879897043109e-04 4.224403255648212507e-06 6.083895698338892544e-08 1.442669983475752815e-09 7.550541880618766299e-08 2.369838512095157057e-06 4.349981099949218333e-05 4.700304416473954916e-04 2.994644222781062126e-03 1.123372744768857956e-02 2.484724670648574829e-02 3.235868737101554871e-02
2.472945861518383026e-02 1.118048187345266342e-02 2.980455989018082619e-03 4.678034165408462286e-04 4.329315925133414567e-05 2.358765868848422542e-06 7.518010392004725873e-08 5.915392620181592065e-10 -4.905118325404522750e-11 6.066577640240211622e-08 4.212859494145959616e-06 1.709032076178118587e-04 4.084581043571233749e-03 5.751946568489074707e-02 4.772495925426483154e-01 2.333155155181884766e+00 6.720620632171630859e+00 1.140625000000000000e+01 1.140624904632568359e+01 6.720631599426269531e+00 2.333159685134887695e+00 4.772495031356811523e-01 5.751939490437507629e-02 4.084601067006587982e-03 1.709031494101509452e-04 4.212551630189409479e-06 6.066436952778531122e-08 1.459114384871895709e-09 7.517738964679665514e-08 2.358590108997304924e-06 4.329346120357513428e-05 4.678009427152574062e-04 2.980442717671394348e-03 1.118045300245285034e-02 2.472943253815174103e-02 3.220525011420249939e-02
2.461763657629489899e-02 1.112993620336055756e-02 2.966981381177902222e-03 4.656882956624031067e-04 4.309746873332187533e-05 2.348069983781897463e-06 7.484661779244561330e-08 5.119463741820595715e-10 -9.647465985807013311e-12 6.059773483002572902e-08 4.202248419460374862e-06 1.704712194623425603e-04 4.074256401509046555e-03 5.737406387925148010e-02 4.760434329509735107e-01 2.327257633209228516e+00 6.703636646270751953e+00 1.137743377685546875e+01 1.137743377685546875e+01 6.703646659851074219e+00 2.327262639999389648e+00 4.760434329509735107e-01 5.737398564815521240e-02 4.074274096637964249e-03 1.704711321508511901e-04 4.202017862553475425e-06 6.062419544150543516e-08 1.446269659588494960e-09 7.490316988878475968e-08 2.347911731703788973e-06 4.309775977162644267e-05 4.656858218368142843e-04 2.966968109831213951e-03 1.112990733236074448e-02 2.461760304868221283e-02 3.205959126353263855e-02
2.451232075691223145e-02 1.108231488615274429e-02 2.954287454485893250e-03 4.636958765331655741e-04 4.291310324333608150e-05 2.338023023185087368e-06 7.446444527658968582e-08 4.858452529177270662e-10 -5.696847507619118289e-11 6.043710243375244318e-08 4.192705546302022412e-06 1.700824504951015115e-04 4.064966458827257156e-03 5.724322795867919922e-02 4.749576151371002197e-01 2.321950435638427734e+00 6.688346862792968750e+00 1.135147190093994141e+01 1.135147190093994141e+01 6.688356876373291016e+00 2.321954965591430664e+00 4.749576151371002197e-01 5.724317207932472229e-02 4.064984619617462158e-03 1.700826687738299370e-04 4.192397227598121390e-06 6.053295464880648069e-08 1.444611430478914826e-09 7.454484318714094115e-08 2.337875685043400154e-06 4.291324876248836517e-05 4.636936355382204056e-04 2.954273950308561325e-03 1.108228415250778198e-02 2.451230026781558990e-02 3.192245587706565857e-02
2.440980635583400726e-02 1.103597041219472885e-02 2.941932762041687965e-03 4.617565136868506670e-04 4.273360173101536930e-05 2.328276195839862339e-06 7.413126468236441724e-08 4.768405115207485778e-10 -8.494564426864137374e-12 6.035869404286131612e-08 4.184112640359671786e-06 1.697325060376897454e-04 4.056602716445922852e-03 5.712546035647392273e-02 4.739806056022644043e-01 2.317174196243286133e+00 6.674584388732910156e+00 1.132811260223388672e+01 1.132811260223388672e+01 6.674591541290283203e+00 2.317178249359130859e+00 4.739806056022644043e-01 5.712539702653884888e-02 4.056622739881277084e-03 1.697325351415202022e-04 4.183800683676963672e-06 6.036412969478988089e-08 1.376891711757366465e-09 7.427740911225555465e-08 2.328112032046192326e-06 4.273376180208288133e-05 4.617545346263796091e-04 2.941919723525643349e-03 1.103593967854976654e-02 2.440978027880191803e-02 3.178894892334938049e-02
2.431239560246467590e-02 1.099193189293146133e-02 2.930192509666085243e-03 4.599142412189394236e-04 4.256317697581835091e-05 2.319054146937560290e-06 7.393094847429892980e-08 5.515202183836720451e-10 -2.281697747408273358e-11 6.025506138485070551e-08 4.176248239673441276e-06 1.694176171440631151e-04 4.049074836075305939e-03 5.701942369341850281e-02 4.731011092662811279e-01 2.312872886657714844e+00 6.662200927734375000e+00 1.130709838867187500e+01 1.130709743499755859e+01 6.662208080291748047e+00 2.312876701354980469e+00 4.731010496616363525e-01 5.701936781406402588e-02 4.049094393849372864e-03 1.694177772151306272e-04 4.176086804363876581e-06 6.028385257650370477e-08 1.498502766317244550e-09 7.396466372711074655e-08 2.318866791028995067e-06 4.256331521901302040e-05 4.599119711201637983e-04 2.930179471150040627e-03 1.099190302193164825e-02 2.431236766278743744e-02 3.166210278868675232e-02
2.422033436596393585e-02 1.095031201839447021e-02 2.919096732512116432e-03 4.581729299388825893e-04 4.240206544636748731e-05 2.310265472260653041e-06 7.360549147961137351e-08 4.790348118177689685e-10 -1.019346898556428016e-10 6.009555164609992062e-08 4.169174644630402327e-06 1.691341603873297572e-04 4.042300861328840256e-03 5.692403391003608704e-02 4.723094105720520020e-01 2.309004306793212891e+00 6.651052951812744141e+00 1.128818607330322266e+01 1.128818607330322266e+01 6.651062011718750000e+00 2.309008598327636719e+00 4.723094105720520020e-01 5.692397430539131165e-02 4.042319022119045258e-03 1.691341749392449856e-04 4.169057774561224505e-06 6.011666187077935319e-08 1.373208879940079896e-09 7.358345044394809520e-08 2.310067884536692873e-06 4.240210546413436532e-05 4.581707471515983343e-04 2.919083693996071815e-03 1.095027849078178406e-02 2.422031201422214508e-02 3.154220432043075562e-02
2.413812279701232910e-02 1.091313827782869339e-02 2.909188857302069664e-03 4.566173593048006296e-04 4.225809971103444695e-05 2.302374923601746559e-06 7.337730778544937493e-08 4.479442650140441629e-10 -1.151914466590575614e-10 5.998515462124487385e-08 4.162933691986836493e-06 1.688790653133764863e-04 4.036205820739269257e-03 5.683820694684982300e-02 4.715973436832427979e-01 2.305520534515380859e+00 6.641026020050048828e+00 1.127115535736083984e+01 1.127115535736083984e+01 6.641034126281738281e+00 2.305524110794067383e+00 4.715973138809204102e-01 5.683813616633415222e-02 4.036223981529474258e-03 1.688791089691221714e-04 4.162775894656078890e-06 5.999500274356250884e-08 1.363626545014540170e-09 7.331151152811798966e-08 2.302176199009409174e-06 4.225819066050462425e-05 4.566153511404991150e-04 2.909176982939243317e-03 1.091310754418373108e-02 2.413809858262538910e-02 3.143514692783355713e-02
2.406821027398109436e-02 1.088154129683971405e-02 2.900762949138879776e-03 4.552950267679989338e-04 4.213572901790030301e-05 2.295734475410426967e-06 7.317153460917324992e-08 5.213759979305621073e-10 -1.188445730715415039e-10 5.988573548165732063e-08 4.157182502240175381e-06 1.686495525063946843e-04 4.030717536807060242e-03 5.676094070076942444e-02 4.709559381008148193e-01 2.302388429641723633e+00 6.631996631622314453e+00 1.125582981109619141e+01 1.125582981109619141e+01 6.632004737854003906e+00 2.302392959594726562e+00 4.709558486938476562e-01 5.676088109612464905e-02 4.030734766274690628e-03 1.686496107140555978e-04 4.157077000854769722e-06 5.977622663522197399e-08 1.337255972622131139e-09 7.314642402889148798e-08 2.295565082022221759e-06 4.213584179524332285e-05 4.552930768113583326e-04 2.900750609114766121e-03 1.088151335716247559e-02 2.406818233430385590e-02 3.134411573410034180e-02
2.400860749185085297e-02 1.085458602756261826e-02 2.893579890951514244e-03 4.541675152722746134e-04 4.203131538815796375e-05 2.289998292326345108e-06 7.294840997928986326e-08 4.663907038349179857e-10 -1.221318740585175533e-10 5.976319528144813376e-08 4.152140718360897154e-06 1.684429589658975601e-04 4.025776870548725128e-03 5.669138580560684204e-02 4.703788757324218750e-01 2.299566984176635742e+00 6.623870849609375000e+00 1.124205017089843750e+01 1.124205017089843750e+01 6.623880863189697266e+00 2.299570798873901367e+00 4.703788757324218750e-01 5.669131875038146973e-02 4.025795962661504745e-03 1.684430753812193871e-04 4.151975190325174481e-06 5.971502048396359896e-08 1.297263962918293601e-09 7.294976711591516505e-08 2.289835720148403198e-06 4.203150456305593252e-05 4.541655071079730988e-04 2.893567318096756935e-03 1.085455995053052902e-02 2.400858700275421143e-02 3.126648813486099243e-02
2.395736426115036011e-02 1.083142030984163284e-02 2.887402893975377083e-03 4.531980084720999002e-04 4.194165012449957430e-05 2.285122036482789554e-06 7.278445224301322014e-08 5.110716294609574106e-10 -9.197714118114319604e-11 5.971907057755743153e-08 4.147611889493418857e-06 1.682568836258724332e-04 4.021336324512958527e-03 5.662881582975387573e-02 4.698598682880401611e-01 2.297027111053466797e+00 6.616554737091064453e+00 1.122964286804199219e+01 1.122964286804199219e+01 6.616564750671386719e+00 2.297031402587890625e+00 4.698598086833953857e-01 5.662873759865760803e-02 4.021354950964450836e-03 1.682569854892790318e-04 4.147358595218975097e-06 5.969461369659256889e-08 1.306505681419878329e-09 7.284426573050950537e-08 2.284971060362295248e-06 4.194168286630883813e-05 4.531960294116288424e-04 2.887390553951263428e-03 1.083139237016439438e-02 2.395734190940856934e-02 3.119975700974464417e-02
2.391272783279418945e-02 1.081124041229486465e-02 2.882022876292467117e-03 4.523539391811937094e-04 4.186361184110864997e-05 2.280855369463097304e-06 7.265906987186099286e-08 5.326586394183152606e-10 -1.393434256868886223e-10 5.964626126342409407e-08 4.143524620303651318e-06 1.680894347373396158e-04 4.017336294054985046e-03 5.657246708869934082e-02 4.693925678730010986e-01 2.294743299484252930e+00 6.609976291656494141e+00 1.121847534179687500e+01 1.121847534179687500e+01 6.609983921051025391e+00 2.294747591018676758e+00 4.693925380706787109e-01 5.657241493463516235e-02 4.017352592200040817e-03 1.680896966718137264e-04 4.143265414313646033e-06 5.959258331245109730e-08 1.271806437941336299e-09 7.269229485018513515e-08 2.280688249811646529e-06 4.186355363344773650e-05 4.523517272900789976e-04 2.882010536268353462e-03 1.081121340394020081e-02 2.391270548105239868e-02 3.114163130521774292e-02
2.387322112917900085e-02 1.079337857663631439e-02 2.877263119444251060e-03 4.516062617767602205e-04 4.179439201834611595e-05 2.277070279887993820e-06 7.254775624687681557e-08 7.931950651851593648e-10 -1.074672503764695364e-10 5.968012573021042044e-08 4.139865723118418828e-06 1.679387933108955622e-04 4.013735335320234299e-03 5.652177706360816956e-02 4.689716696739196777e-01 2.292686462402343750e+00 6.604050636291503906e+00 1.120841407775878906e+01 1.120841407775878906e+01 6.604060173034667969e+00 2.292691230773925781e+00 4.689716696739196777e-01 5.652171745896339417e-02 4.013753496110439301e-03 1.679391134530305862e-04 4.139564680372131988e-06 5.953761927912637475e-08 1.351443623676118477e-09 7.259824030825257068e-08 2.276929990330245346e-06 4.179438838036730886e-05 4.516043409239500761e-04 2.877249382436275482e-03 1.079334877431392670e-02 2.387319877743721008e-02 3.109017945826053619e-02
2.383759990334510803e-02 1.077727880328893661e-02 2.872971585020422935e-03 4.509324789978563786e-04 4.173196430201642215e-05 2.273612608405528590e-06 7.242024935294466559e-08 8.031261766738850838e-10 -4.566517997073304969e-11 5.971058669729245594e-08 4.136552433919860050e-06 1.678033295320346951e-04 4.010495264083147049e-03 5.647617205977439880e-02 4.685932695865631104e-01 2.290837526321411133e+00 6.598723888397216797e+00 1.119936466217041016e+01 1.119936466217041016e+01 6.598732948303222656e+00 2.290842294692993164e+00 4.685932695865631104e-01 5.647611618041992188e-02 4.010512493550777435e-03 1.678036933299154043e-04 4.136280949751380831e-06 5.958464655009265698e-08 1.425040419000822567e-09 7.253500911019727937e-08 2.273557129228720441e-06 4.173198612988926470e-05 4.509306454565376043e-04 2.872958080843091011e-03 1.077724900096654892e-02 2.383757755160331726e-02 3.104379773139953613e-02
2.380498312413692474e-02 1.076252944767475128e-02 2.869038144126534462e-03 4.503155068960040808e-04 4.167483712080866098e-05 2.270549430249957368e-06 7.222072184731587186e-08 7.561853365700699214e-10 -1.059411308679258923e-10 5.957242521503758326e-08 4.133505626668920740e-06 1.676812826190143824e-04 4.007578361779451370e-03 5.643508583307266235e-02 4.682525694370269775e-01 2.289171218872070312e+00 6.593924999237060547e+00 1.119122219085693359e+01 1.119122219085693359e+01 6.593932151794433594e+00 2.289175748825073242e+00 4.682525396347045898e-01 5.643503740429878235e-02 4.007598385214805603e-03 1.676815882092341781e-04 4.133255970373284072e-06 5.952055559532709594e-08 1.320239362279096440e-09 7.239056287744460860e-08 2.270443246743525378e-06 4.167492079432122409e-05 4.503133823163807392e-04 2.869025105610489845e-03 1.076250430196523666e-02 2.380495704710483551e-02 3.100130707025527954e-02
2.377468720078468323e-02 1.074883155524730682e-02 2.865386428311467171e-03 4.497423651628196239e-04 4.162180630373768508e-05 2.267621084683923982e-06 7.212962316316406941e-08 7.863735773661062467e-10 -7.740526969390870704e-11 5.954736792546100332e-08 4.130846264160936698e-06 1.675715466262772679e-04 4.004954826086759567e-03 5.639814212918281555e-02 4.679456353187561035e-01 2.287670612335205078e+00 6.589612960815429688e+00 1.118389320373535156e+01 1.118389320373535156e+01 6.589619636535644531e+00 2.287674665451049805e+00 4.679455757141113281e-01 5.639807134866714478e-02 4.004974383860826492e-03 1.675718813203275204e-04 4.130586603423580527e-06 5.953846127226825047e-08 1.248834036182699947e-09 7.230452325757141807e-08 2.267576292069861665e-06 4.162187178735621274e-05 4.497404443100094795e-04 2.865374321117997169e-03 1.074880175292491913e-02 2.377466298639774323e-02 3.096184507012367249e-02
2.374626696109771729e-02 1.073597930371761322e-02 2.861961955204606056e-03 4.492050502449274063e-04 4.157211151323281229e-05 2.265036300741485320e-06 7.216066677528942819e-08 7.783607647304791044e-10 -5.172309455736545658e-11 5.949177506181513309e-08 4.128364707867149264e-06 1.674726954661309719e-04 4.002595786005258560e-03 5.636487528681755066e-02 4.676699340343475342e-01 2.286322116851806641e+00 6.585720539093017578e+00 1.117729663848876953e+01 1.117729663848876953e+01 6.585727691650390625e+00 2.286325931549072266e+00 4.676699042320251465e-01 5.636483058333396912e-02 4.002613946795463562e-03 1.674730010563507676e-04 4.128093678446020931e-06 5.943532954688635073e-08 1.268979477053733262e-09 7.225342812944290927e-08 2.264866907353280112e-06 4.157216972089372575e-05 4.492029547691345215e-04 2.861950313672423363e-03 1.073595136404037476e-02 2.374624833464622498e-02 3.092482499778270721e-02
2.371947094798088074e-02 1.072386652231216431e-02 2.858731430023908615e-03 4.486980324145406485e-04 4.152522888034582138e-05 2.262479029013775289e-06 7.202637419823076925e-08 8.125407569004039487e-10 -2.860908732138511823e-11 5.947478243228943029e-08 4.126209660171298310e-06 1.673837250564247370e-04 4.000466782599687576e-03 5.633494257926940918e-02 4.674215912818908691e-01 2.285107851028442383e+00 6.582221984863281250e+00 1.117136096954345703e+01 1.117136001586914062e+01 6.582231998443603516e+00 2.285111665725708008e+00 4.674215614795684814e-01 5.633486807346343994e-02 4.000484943389892578e-03 1.673840451985597610e-04 4.125861323700519279e-06 5.938781910685975163e-08 1.285188622190958085e-09 7.218313413659416256e-08 2.262317593704210594e-06 4.152515248279087245e-05 4.486959660425782204e-04 2.858718857169151306e-03 1.072383671998977661e-02 2.371944673359394073e-02 3.088994137942790985e-02
2.369413711130619049e-02 1.071240659803152084e-02 2.855678088963031769e-03 4.482186050154268742e-04 4.148080188315361738e-05 2.260098654005560093e-06 7.195982476559947827e-08 7.491351428079440211e-10 -7.806378807262426278e-12 5.942644776268934947e-08 4.124194674659520388e-06 1.673036604188382626e-04 3.998556639999151230e-03 5.630797147750854492e-02 4.671978950500488281e-01 2.284015417098999023e+00 6.579071998596191406e+00 1.116601848602294922e+01 1.116601848602294922e+01 6.579080104827880859e+00 2.284020423889160156e+00 4.671978652477264404e-01 5.630790069699287415e-02 3.998574335128068924e-03 1.673040242167189717e-04 4.123883172724163160e-06 5.936160007991020393e-08 1.301992402780172142e-09 7.213062502842149115e-08 2.259932671222486533e-06 4.148075822740793228e-05 4.482165386434644461e-04 2.855665748938918114e-03 1.071237772703170776e-02 2.369410917162895203e-02 3.085694648325443268e-02
2.367019094526767731e-02 1.070158090442419052e-02 2.852791687473654747e-03 4.477655747905373573e-04 4.143884507357142866e-05 2.257739424749161117e-06 7.182853778431308456e-08 6.061827706460576337e-10 -3.047610427908686859e-11 5.934982993949233787e-08 4.122462087252642959e-06 1.672316575422883034e-04 3.996833693236112595e-03 5.628373846411705017e-02 4.669965803623199463e-01 2.283034324645996094e+00 6.576243400573730469e+00 1.116120624542236328e+01 1.116120624542236328e+01 6.576251983642578125e+00 2.283038377761840820e+00 4.669965803623199463e-01 5.628366023302078247e-02 3.996851388365030289e-03 1.672320067882537842e-04 4.122038262721616775e-06 5.925748425283927645e-08 1.205954003324904988e-09 7.202450547083572019e-08 2.257571850350359455e-06 4.143882324569858611e-05 4.477634793147444725e-04 2.852779347449541092e-03 1.070155296474695206e-02 2.367016300559043884e-02 3.082575835287570953e-02
2.364761009812355042e-02 1.069137360900640488e-02 2.850070130079984665e-03 4.473384469747543335e-04 4.139926750212907791e-05 2.255598928968538530e-06 7.179243510790911387e-08 7.476083641044795058e-10 -1.088277870597842423e-10 5.938017721973665175e-08 4.120892754144733772e-06 1.671667268965393305e-04 3.995280712842941284e-03 5.626192316412925720e-02 4.668158590793609619e-01 2.282145500183105469e+00 6.573694229125976562e+00 1.115687561035156250e+01 1.115687561035156250e+01 6.573701381683349609e+00 2.282149314880371094e+00 4.668157994747161865e-01 5.626185610890388489e-02 3.995297942310571671e-03 1.671669015195220709e-04 4.120492576475953683e-06 5.925639712245356350e-08 1.209987110506460795e-09 7.189463957502084668e-08 2.255432491438114084e-06 4.139929660595953465e-05 4.473365261219441891e-04 2.850056625902652740e-03 1.069134194403886795e-02 2.364758588373661041e-02 3.079636022448539734e-02
2.362638153135776520e-02 1.068177819252014160e-02 2.847512485459446907e-03 4.469371051527559757e-04 4.136213465244509280e-05 2.253603497592848726e-06 7.175358263111775159e-08 6.824182885445395641e-10 -5.516826231954929938e-11 5.944064085383615748e-08 4.119420736969914287e-06 1.671084173722192645e-04 3.993888851255178452e-03 5.624227598309516907e-02 4.666527807712554932e-01 2.281349420547485352e+00 6.571397304534912109e+00 1.115298748016357422e+01 1.115298748016357422e+01 6.571405410766601562e+00 2.281353473663330078e+00 4.666527211666107178e-01 5.624222755432128906e-02 3.993906546384096146e-03 1.671085919952020049e-04 4.119035565963713452e-06 5.920798429315254907e-08 1.155965434485040078e-09 7.185794714814619510e-08 2.253447519251494668e-06 4.136217467021197081e-05 4.469350387807935476e-04 2.847500378265976906e-03 1.068174839019775391e-02 2.362635545432567596e-02 3.076870925724506378e-02
2.360651642084121704e-02 1.067279186099767685e-02 2.845117822289466858e-03 4.465610545594245195e-04 4.132739923079498112e-05 2.251719251944450662e-06 7.175258076586032985e-08 7.220534170571113464e-10 9.682624493856373249e-12 5.949500803126284154e-08 4.118158358323853463e-06 1.670559140620753169e-04 3.992634825408458710e-03 5.622461065649986267e-02 4.665062129497528076e-01 2.280634403228759766e+00 6.569330215454101562e+00 1.114948272705078125e+01 1.114948272705078125e+01 6.569336414337158203e+00 2.280638694763183594e+00 4.665062129497528076e-01 5.622455105185508728e-02 3.992652520537376404e-03 1.670560013735666871e-04 4.117767730349441990e-06 5.927590507326385705e-08 1.224570000957214688e-09 7.186104511447410914e-08 2.251565774713526480e-06 4.132747562834993005e-05 4.465590754989534616e-04 2.845105249434709549e-03 1.067276578396558762e-02 2.360649034380912781e-02 3.074282966554164886e-02
2.358797378838062286e-02 1.066441461443901062e-02 2.842883579432964325e-03 4.462105280254036188e-04 4.129492663196288049e-05 2.249936642328975722e-06 7.165178317336540204e-08 7.453072603524901751e-10 -6.440672301044614301e-11 5.944464831486584444e-08 4.116827767575159669e-06 1.670086930971592665e-04 3.991499543190002441e-03 5.620869249105453491e-02 4.663739502429962158e-01 2.279986858367919922e+00 6.567474365234375000e+00 1.114633274078369141e+01 1.114633274078369141e+01 6.567481040954589844e+00 2.279991388320922852e+00 4.663739204406738281e-01 5.620862171053886414e-02 3.991518169641494751e-03 1.670089550316333771e-04 4.116588570468593389e-06 5.924872681362103322e-08 1.179587316713082146e-09 7.176105043527059024e-08 2.249751560157164931e-06 4.129497392568737268e-05 4.462085198611021042e-04 2.842871239408850670e-03 1.066438760608434677e-02 2.358795516192913055e-02 3.071869350969791412e-02
2.357075922191143036e-02 1.065663341432809830e-02 2.840810222551226616e-03 4.458849725779145956e-04 4.126484782318584621e-05 2.248302280349889770e-06 7.161636261798776104e-08 7.610617136499797653e-10 -6.910576277885382979e-12 5.936616531698746257e-08 4.115814590477384627e-06 1.669664343353360891e-04 3.990484401583671570e-03 5.619438365101814270e-02 4.662552475929260254e-01 2.279406785964965820e+00 6.565797328948974609e+00 1.114348983764648438e+01 1.114348983764648438e+01 6.565806388854980469e+00 2.279410839080810547e+00 4.662551581859588623e-01 5.619431659579277039e-02 3.990503493696451187e-03 1.669664779910817742e-04 4.115531282877782360e-06 5.930149171717857826e-08 1.236956537198352635e-09 7.173949967409498640e-08 2.248118562420131639e-06 4.126483327127061784e-05 4.458827315829694271e-04 2.840798115357756615e-03 1.065660454332828522e-02 2.357073687016963959e-02 3.069628402590751648e-02
2.355483360588550568e-02 1.064942684024572372e-02 2.838889136910438538e-03 4.455836024135351181e-04 4.123690450796857476e-05 2.246828898933017626e-06 7.155097137001575902e-08 7.938679158492334409e-10 -5.450517467919802073e-11 5.936176350473942875e-08 4.114781859243521467e-06 1.669280609348788857e-04 3.989575430750846863e-03 5.618148297071456909e-02 4.661479294300079346e-01 2.278883695602416992e+00 6.564295768737792969e+00 1.114093303680419922e+01 1.114093303680419922e+01 6.564303874969482422e+00 2.278887748718261719e+00 4.661479294300079346e-01 5.618141964077949524e-02 3.989594988524913788e-03 1.669282210059463978e-04 4.114634975849185139e-06 5.930055380076737492e-08 1.188219300729542738e-09 7.160692661045686691e-08 2.246633584945811890e-06 4.123693361179903150e-05 4.455814778339117765e-04 2.838877495378255844e-03 1.064940076321363449e-02 2.355480380356311798e-02 3.067553788423538208e-02
2.354014664888381958e-02 1.064278744161128998e-02 2.837118227034807205e-03 4.453057190403342247e-04 4.121115853195078671e-05 2.245401674372260459e-06 7.136807056440375163e-08 7.747567587479409212e-10 -9.734032330177555536e-11 5.935785196697906940e-08 4.114056082471506670e-06 1.668936747591942549e-04 3.988747484982013702e-03 5.616990476846694946e-02 4.660520553588867188e-01 2.278414487838745117e+00 6.562939167022705078e+00 1.113864040374755859e+01 1.113864040374755859e+01 6.562949180603027344e+00 2.278418540954589844e+00 4.660520255565643311e-01 5.616984143853187561e-02 3.988766111433506012e-03 1.668938202783465385e-04 4.113831892027519643e-06 5.938779068515032122e-08 1.240884839326383826e-09 7.153724368436087389e-08 2.245251835120143369e-06 4.121126039535738528e-05 4.453036817722022533e-04 2.837106119841337204e-03 1.064275857061147690e-02 2.354011498391628265e-02 3.065640479326248169e-02
2.352662943303585052e-02 1.063667889684438705e-02 2.835490275174379349e-03 4.450499836821109056e-04 4.118742435821332037e-05 2.244102461190777831e-06 7.116550193586590467e-08 7.078865826848357301e-10 -1.358921586369632450e-10 5.935429925330026890e-08 4.113326667720684782e-06 1.668625627644360065e-04 3.988007549196481705e-03 5.615947768092155457e-02 4.659656882286071777e-01 2.277993202209472656e+00 6.561721801757812500e+00 1.113656711578369141e+01 1.113656711578369141e+01 6.561728477478027344e+00 2.277997016906738281e+00 4.659656882286071777e-01 5.615941435098648071e-02 3.988024313002824783e-03 1.668625918682664633e-04 4.113016530027380213e-06 5.935108760013463325e-08 1.209636946164494020e-09 7.146317670958524104e-08 2.243924882350256667e-06 4.118745710002258420e-05 4.450480046216398478e-04 2.835477469488978386e-03 1.063665188848972321e-02 2.352660708129405975e-02 3.063881583511829376e-02
2.351424470543861389e-02 1.063107978552579880e-02 2.833998529240489006e-03 4.448156396392732859e-04 4.116577838431112468e-05 2.242877144453814253e-06 7.123763623440027004e-08 6.880607750225919972e-10 -1.209179006922411759e-10 5.938415625905690831e-08 4.112673195777460933e-06 1.668345357757061720e-04 3.987338859587907791e-03 5.615008249878883362e-02 4.658877849578857422e-01 2.277609586715698242e+00 6.560623645782470703e+00 1.113469505310058594e+01 1.113469505310058594e+01 6.560631752014160156e+00 2.277614593505859375e+00 4.658877253532409668e-01 5.615001171827316284e-02 3.987357486039400101e-03 1.668348559178411961e-04 4.112310307391453534e-06 5.937542368883441668e-08 1.247742464904888493e-09 7.143552238630945794e-08 2.242809387098532170e-06 4.116582931601442397e-05 4.448135441634804010e-04 2.833984559401869774e-03 1.063104905188083649e-02 2.351421676576137543e-02 3.062266111373901367e-02
2.350290864706039429e-02 1.062595285475254059e-02 2.832631347700953484e-03 4.446009988896548748e-04 4.114593684789724648e-05 2.241781203338177875e-06 7.124932466240352369e-08 6.784959816208413486e-10 -1.405549288069352087e-10 5.937804559152937145e-08 4.112016540602780879e-06 1.668094337219372392e-04 3.986734431236982346e-03 5.614160373806953430e-02 4.658175706863403320e-01 2.277266025543212891e+00 6.559636592864990234e+00 1.113302612304687500e+01 1.113302612304687500e+01 6.559644699096679688e+00 2.277270078659057617e+00 4.658175706863403320e-01 5.614154785871505737e-02 3.986754920333623886e-03 1.668097538640722632e-04 4.111756425118073821e-06 5.937307534509272955e-08 1.282037920269374354e-09 7.137202118201457779e-08 2.241696620330912992e-06 4.114598414162173867e-05 4.445991362445056438e-04 2.832618076354265213e-03 1.062592677772045135e-02 2.350287511944770813e-02 3.060791268944740295e-02
2.348926477134227753e-02 1.061978843063116074e-02 2.830987563356757164e-03 4.443429934326559305e-04 4.112206443096511066e-05 2.240550429633003660e-06 7.125004231056664139e-08 7.143841074253032275e-10 -1.085577114312563651e-10 5.940552938454857212e-08 4.111493126401910558e-06 1.667867763899266720e-04 3.986195661127567291e-03 5.613402649760246277e-02 4.657543897628784180e-01 2.276958465576171875e+00 6.558747291564941406e+00 1.113151645660400391e+01 1.113151645660400391e+01 6.558755397796630859e+00 2.276962995529174805e+00 4.657543897628784180e-01 5.613396316766738892e-02 3.986214753240346909e-03 1.667869655648246408e-04 4.111200723855290562e-06 5.946753844909835607e-08 1.390953352498058848e-09 7.137875002172222594e-08 2.240485855509177782e-06 4.112216629437170923e-05 4.443411598913371563e-04 2.830974292010068893e-03 1.061976142227649689e-02 2.348923869431018829e-02 3.059014864265918732e-02
2.347110956907272339e-02 1.061157602816820145e-02 2.828798489645123482e-03 4.439995973370969296e-04 4.109028304810635746e-05 2.238850356661714613e-06 7.121786893549142405e-08 7.632405818469578662e-10 -7.976039273493995552e-11 5.936407987405800668e-08 4.111023372388444841e-06 1.667664328124374151e-04 3.985710907727479935e-03 5.612717568874359131e-02 4.656976759433746338e-01 2.276678562164306641e+00 6.557949542999267578e+00 1.113015270233154297e+01 1.113015270233154297e+01 6.557957649230957031e+00 2.276682138442993164e+00 4.656976759433746338e-01 5.612711608409881592e-02 3.985728602856397629e-03 1.667666947469115257e-04 4.110702320758718997e-06 5.949894088530527370e-08 1.464440568810232435e-09 7.138396540540270507e-08 2.238721890535089187e-06 4.109041765332221985e-05 4.439976182766258717e-04 2.828785683959722519e-03 1.061154622584581375e-02 2.347108721733093262e-02 3.056650049984455109e-02
2.344722114503383636e-02 1.060078013688325882e-02 2.825921634212136269e-03 4.435478185769170523e-04 4.104852996533736587e-05 2.236644377262564376e-06 7.107840360731643159e-08 7.420183356643406114e-10 -8.695627551347229200e-11 5.932685454013153503e-08 4.110671397938858718e-06 1.667481992626562715e-04 3.985273186117410660e-03 5.612099543213844299e-02 4.656466245651245117e-01 2.276429176330566406e+00 6.557225704193115234e+00 1.112894439697265625e+01 1.112894439697265625e+01 6.557234764099121094e+00 2.276433944702148438e+00 4.656465947628021240e-01 5.612094327807426453e-02 3.985291346907615662e-03 1.667482429184019566e-04 4.110248937649885193e-06 5.949475223587796791e-08 1.452526654510677417e-09 7.134752877391292714e-08 2.236458385596051812e-06 4.104863182874396443e-05 4.435458686202764511e-04 2.825908595696091652e-03 1.060075312852859497e-02 2.344720065593719482e-02 3.053540177643299103e-02
2.341729775071144104e-02 1.058724708855152130e-02 2.822312526404857635e-03 4.429813707247376442e-04 4.099611396668478847e-05 2.233827217423822731e-06 7.103866295210536919e-08 7.353362363460291817e-10 -1.099893717770861201e-10 5.929326718501215510e-08 4.110148893232690170e-06 1.667317119427025318e-04 3.984879702329635620e-03 5.611545220017433167e-02 4.656005501747131348e-01 2.276204347610473633e+00 6.556574821472167969e+00 1.112783527374267578e+01 1.112783527374267578e+01 6.556582927703857422e+00 2.276208877563476562e+00 4.656005203723907471e-01 5.611538887023925781e-02 3.984897863119840622e-03 1.667318138061091304e-04 4.109811015950981528e-06 5.948424330881607602e-08 1.505219726638529210e-09 7.125035494937037583e-08 2.233596887890598737e-06 4.099619036423973739e-05 4.429793916642665863e-04 2.822299255058169365e-03 1.058721821755170822e-02 2.341727539896965027e-02 3.049641288816928864e-02
2.338158898055553436e-02 1.057110354304313660e-02 2.818010980263352394e-03 4.423061036504805088e-04 4.093357347301207483e-05 2.230377276646322571e-06 7.098913101799553260e-08 7.624359477098607840e-10 -1.141622074651849061e-10 5.929613777766462590e-08 4.109812380193034187e-06 1.667169563006609678e-04 3.984527196735143661e-03 5.611048266291618347e-02 4.655590057373046875e-01 2.276001453399658203e+00 6.555996894836425781e+00 1.112684535980224609e+01 1.112684535980224609e+01 6.556003570556640625e+00 2.276005744934082031e+00 4.655589461326599121e-01 5.611042305827140808e-02 3.984545357525348663e-03 1.667169271968305111e-04 4.109417204745113850e-06 5.952012926968563988e-08 1.455520481918881615e-09 7.111686528560312581e-08 2.230125801361282356e-06 4.093363895663060248e-05 4.423041536938399076e-04 2.817997243255376816e-03 1.057107653468847275e-02 2.338156104087829590e-02 3.044992126524448395e-02
2.334091253578662872e-02 1.055271457880735397e-02 2.813107334077358246e-03 4.415365983732044697e-04 4.086235276190564036e-05 2.226465312560321763e-06 7.085161257691652281e-08 6.688577469660117458e-10 -1.758670986617971721e-10 5.926565904701419640e-08 4.109575911570573226e-06 1.667036558501422405e-04 3.984204493463039398e-03 5.610597133636474609e-02 4.655218124389648438e-01 2.275821924209594727e+00 6.555468559265136719e+00 1.112595462799072266e+01 1.112595462799072266e+01 6.555478096008300781e+00 2.275825738906860352e+00 4.655218124389648438e-01 5.610590055584907532e-02 3.984221722930669785e-03 1.667035394348204136e-04 4.109131623408757150e-06 5.949662096327301697e-08 1.393937743010553731e-09 7.090141451726594823e-08 2.226255901405238546e-06 4.086240369360893965e-05 4.415346193127334118e-04 2.813093597069382668e-03 1.055268477648496628e-02 2.334088645875453949e-02 3.039693646132946014e-02
2.329627238214015961e-02 1.053253095597028732e-02 2.807727083563804626e-03 4.406923544593155384e-04 4.078423080500215292e-05 2.222151351816137321e-06 7.073405328128501424e-08 6.777703398519463462e-10 -2.065660559269488772e-10 5.923825341369592934e-08 4.109166638954775408e-06 1.666915923124179244e-04 3.983919043093919754e-03 5.610190704464912415e-02 4.654881656169891357e-01 2.275655984878540039e+00 6.554996967315673828e+00 1.112515449523925781e+01 1.112515449523925781e+01 6.555005073547363281e+00 2.275660037994384766e+00 4.654881358146667480e-01 5.610184371471405029e-02 3.983937203884124756e-03 1.666915632085874677e-04 4.108872872166102752e-06 5.947388714844237256e-08 1.351524447912311189e-09 7.072318197742788470e-08 2.221912382083246484e-06 4.078426718479022384e-05 4.406901425682008266e-04 2.807712880894541740e-03 1.053250301629304886e-02 2.329624444246292114e-02 3.033880144357681274e-02
2.325047552585601807e-02 1.051182392984628677e-02 2.802206901833415031e-03 4.398259625304490328e-04 4.070400609634816647e-05 2.217777364421635866e-06 7.061194651214464102e-08 6.868259849746038981e-10 -2.341950522399827150e-10 5.914730394351863652e-08 4.108726898266468197e-06 1.666807365836575627e-04 3.983656410127878189e-03 5.609828233718872070e-02 4.654579162597656250e-01 2.275509357452392578e+00 6.554572582244873047e+00 1.112443351745605469e+01 1.112443351745605469e+01 6.554580688476562500e+00 2.275513410568237305e+00 4.654579162597656250e-01 5.609821155667304993e-02 3.983675502240657806e-03 1.666807220317423344e-04 4.108532266400288790e-06 5.945886272229472524e-08 1.308322117310467547e-09 7.057492013018418220e-08 2.217539076809771359e-06 4.070409340783953667e-05 4.398237506393343210e-04 2.802194328978657722e-03 1.051179599016904831e-02 2.325045317411422729e-02 3.027915768325328827e-02
2.320128493010997772e-02 1.048959046602249146e-02 2.796280197799205780e-03 4.388956003822386265e-04 4.061793151777237654e-05 2.213093466707505286e-06 7.044940986133951810e-08 6.856633594232164342e-10 -2.259477049904035084e-10 5.913166845061823551e-08 4.108538178115850314e-06 1.666709722485393286e-04 3.983426373451948166e-03 5.609501153230667114e-02 4.654306769371032715e-01 2.275376081466674805e+00 6.554190635681152344e+00 1.112377071380615234e+01 1.112377071380615234e+01 6.554198265075683594e+00 2.275380134582519531e+00 4.654306769371032715e-01 5.609494447708129883e-02 3.983444068580865860e-03 1.666708994889631867e-04 4.108326720597688109e-06 5.951316595087519090e-08 1.300334728782104321e-09 7.042092420306289569e-08 2.212816752944490872e-06 4.061797153553925455e-05 4.388936213217675686e-04 2.796266460791230202e-03 1.048956345766782761e-02 2.320125699043273926e-02 3.021511808037757874e-02
2.314746938645839691e-02 1.046525407582521439e-02 2.789792837575078011e-03 4.378773155622184277e-04 4.052370059071108699e-05 2.207965962952584960e-06 7.024608095207440783e-08 7.022084025365415982e-10 -1.688543749267523708e-10 5.921696200061887794e-08 4.108296252525178716e-06 1.666620664764195681e-04 3.983216825872659683e-03 5.609203502535820007e-02 4.654064774513244629e-01 2.275256872177124023e+00 6.553847312927246094e+00 1.112319564819335938e+01 1.112319564819335938e+01 6.553855419158935547e+00 2.275261163711547852e+00 4.654064178466796875e-01 5.609197542071342468e-02 3.983235452324151993e-03 1.666621246840804815e-04 4.108195753360632807e-06 5.948822945356369019e-08 1.358186785260784291e-09 7.026915227470453829e-08 2.207698571510263719e-06 4.052385338582098484e-05 4.378751036711037159e-04 2.789779566228389740e-03 1.046522427350282669e-02 2.314744889736175537e-02 3.014500997960567474e-02
2.308867685496807098e-02 1.043867133557796478e-02 2.782707102596759796e-03 4.367651708889752626e-04 4.042073487653397024e-05 2.202338919232715853e-06 7.005166224871572922e-08 7.036458637976750197e-10 -1.505840591109475213e-10 5.926066393158180290e-08 4.108075245312647894e-06 1.666541356826201081e-04 3.983032424002885818e-03 5.608939751982688904e-02 4.653844237327575684e-01 2.275148630142211914e+00 6.553535938262939453e+00 1.112266921997070312e+01 1.112266921997070312e+01 6.553543090820312500e+00 2.275152444839477539e+00 4.653844237327575684e-01 5.608933791518211365e-02 3.983050584793090820e-03 1.666541647864505649e-04 4.108030680072261021e-06 5.947558889829451800e-08 1.319783504705185351e-09 7.006817526189479395e-08 2.202107452831114642e-06 4.042090949951671064e-05 4.367632791399955750e-04 2.782694064080715179e-03 1.043864525854587555e-02 2.308865636587142944e-02 3.006845898926258087e-02
2.302516810595989227e-02 1.040996797382831573e-02 2.775054192170500755e-03 4.355643468443304300e-04 4.030958371004089713e-05 2.196333753090584651e-06 6.985239053847180912e-08 8.125599082475787327e-10 -1.672543353814504030e-10 5.929993207587358484e-08 4.108019766135839745e-06 1.666469615884125233e-04 3.982861991971731186e-03 5.608698353171348572e-02 4.653645455837249756e-01 2.275051593780517578e+00 6.553256988525390625e+00 1.112219905853271484e+01 1.112219905853271484e+01 6.553264141082763672e+00 2.275055408477783203e+00 4.653645455837249756e-01 5.608692392706871033e-02 3.982879221439361572e-03 1.666470488999038935e-04 4.107855147594818845e-06 5.946369441289789393e-08 1.265553994933554804e-09 6.983274403182804235e-08 2.196077957705711015e-06 4.030977288493886590e-05 4.355623095761984587e-04 2.775041852146387100e-03 1.040993630886077881e-02 2.302514389157295227e-02 2.998577989637851715e-02
2.295763045549392700e-02 1.037943642586469650e-02 2.766916761174798012e-03 4.342866013757884502e-04 4.019140396849252284e-05 2.189986162193235941e-06 6.961356291412812425e-08 7.936495904914409039e-10 -1.657009113253948840e-10 5.926906609943216608e-08 4.107893801119644195e-06 1.666405005380511284e-04 3.982710652053356171e-03 5.608488619327545166e-02 4.653466045856475830e-01 2.274967432022094727e+00 6.553006172180175781e+00 1.112177085876464844e+01 1.112177085876464844e+01 6.553013324737548828e+00 2.274970531463623047e+00 4.653466045856475830e-01 5.608482286334037781e-02 3.982729744166135788e-03 1.666408934397622943e-04 4.107720087631605566e-06 5.947394754457491217e-08 1.286817097323478265e-09 6.965760235289053526e-08 2.189716724387835711e-06 4.019151674583554268e-05 4.342845932114869356e-04 2.766904188320040703e-03 1.037940755486488342e-02 2.295760810375213623e-02 2.989781275391578674e-02
2.288705855607986450e-02 1.034751068800687790e-02 2.758406102657318115e-03 4.329512885306030512e-04 4.006782546639442444e-05 2.183195192628772929e-06 6.946133623841888038e-08 7.942212998379716282e-10 -1.643030711484527728e-10 5.930750290872310870e-08 4.107651420781621709e-06 1.666346652200445533e-04 3.982570953667163849e-03 5.608294904232025146e-02 4.653306901454925537e-01 2.274887800216674805e+00 6.552782058715820312e+00 1.112138843536376953e+01 1.112138843536376953e+01 6.552790164947509766e+00 2.274892091751098633e+00 4.653306603431701660e-01 5.608289688825607300e-02 3.982589114457368851e-03 1.666351163294166327e-04 4.107611403014743701e-06 5.949087622525439656e-08 1.259828463773260410e-09 6.948982189669550280e-08 2.183028300350997597e-06 4.006800372735597193e-05 4.329491930548101664e-04 2.758393529802560806e-03 1.034748740494251251e-02 2.288703247904777527e-02 2.980588190257549286e-02
2.281452901661396027e-02 1.031473092734813690e-02 2.749668201431632042e-03 4.315793339628726244e-04 3.994083454017527401e-05 2.176275302190333605e-06 6.914490313647547737e-08 7.709368143871131451e-10 -2.623853634364792242e-10 5.917652146081309184e-08 4.107500444661127403e-06 1.666294701863080263e-04 3.982449881732463837e-03 5.608121678233146667e-02 4.653164446353912354e-01 2.274814844131469727e+00 6.552576065063476562e+00 1.112104129791259766e+01 1.112104129791259766e+01 6.552585601806640625e+00 2.274818658828735352e+00 4.653164446353912354e-01 5.608113855123519897e-02 3.982468042522668839e-03 1.666298776399344206e-04 4.107386303076054901e-06 5.934166580345845432e-08 1.150537110028437837e-09 6.921939643689256627e-08 2.176047928514890373e-06 3.994094004156067967e-05 4.315774131100624800e-04 2.749655628576874733e-03 1.031470485031604767e-02 2.281450480222702026e-02 2.971145138144493103e-02
2.274125069379806519e-02 1.028160378336906433e-02 2.740836003795266151e-03 4.301930312067270279e-04 3.981244299211539328e-05 2.169281742681050673e-06 6.883968950432972633e-08 7.924064737707681161e-10 -2.347620986498100137e-10 5.922419177295523696e-08 4.107363110961159691e-06 1.666249008849263191e-04 3.982335794717073441e-03 5.607965961098670959e-02 4.653034210205078125e-01 2.274751901626586914e+00 6.552391052246093750e+00 1.112073612213134766e+01 1.112073612213134766e+01 6.552399635314941406e+00 2.274756193161010742e+00 4.653034210205078125e-01 5.607960000634193420e-02 3.982354421168565750e-03 1.666253665462136269e-04 4.107312179257860407e-06 5.928963631163242098e-08 1.177378639027892859e-09 6.901597515707180719e-08 2.169055960621335544e-06 3.981257032137364149e-05 4.301910521462559700e-04 2.740822033956646919e-03 1.028157584369182587e-02 2.274122647941112518e-02 2.961600758135318756e-02
2.266832627356052399e-02 1.024862937629222870e-02 2.732045482844114304e-03 4.288133350200951099e-04 3.968472083215601742e-05 2.162283635698258877e-06 6.865064960948075168e-08 7.351543818145955811e-10 -1.767874180380601956e-10 5.920088597122230567e-08 4.107242148165823892e-06 1.666206953814253211e-04 3.982237074524164200e-03 5.607822164893150330e-02 4.652915298938751221e-01 2.274694919586181641e+00 6.552228450775146484e+00 1.112045574188232422e+01 1.112045574188232422e+01 6.552237033843994141e+00 2.274699211120605469e+00 4.652915298938751221e-01 5.607815831899642944e-02 3.982255235314369202e-03 1.666209427639842033e-04 4.107152108190348372e-06 5.929341639898666472e-08 1.204785493591487011e-09 6.876850022763392190e-08 2.162050350307254121e-06 3.968487726524472237e-05 4.288112686481326818e-04 2.732034074142575264e-03 1.024860050529241562e-02 2.266830764710903168e-02 2.952101826667785645e-02
2.259670756757259369e-02 1.021625753492116928e-02 2.723413985222578049e-03 4.274587554391473532e-04 3.955930151278153062e-05 2.155415813831496052e-06 6.845436928415438160e-08 7.508893506980029997e-10 -2.073942545477436283e-10 5.917994982951313432e-08 4.107194399693980813e-06 1.666169555392116308e-04 3.982147667557001114e-03 5.607696622610092163e-02 4.652810692787170410e-01 2.274643898010253906e+00 6.552080154418945312e+00 1.112020111083984375e+01 1.112020111083984375e+01 6.552089691162109375e+00 2.274647712707519531e+00 4.652810692787170410e-01 5.607690662145614624e-02 3.982164897024631500e-03 1.666172756813466549e-04 4.107105269213207066e-06 5.923131141116755316e-08 1.212894451541046692e-09 6.851317380096588749e-08 2.155153651983710006e-06 3.955949432565830648e-05 4.274568345863372087e-04 2.723402576521039009e-03 1.021622866392135620e-02 2.259667776525020599e-02 2.942776121199131012e-02
2.252722904086112976e-02 1.018483936786651611e-02 2.715040929615497589e-03 4.261444264557212591e-04 3.943768024328164756e-05 2.148774683519150130e-06 6.825326437365220045e-08 7.619457287333375461e-10 -1.604347071859635321e-10 5.919418200051040913e-08 4.107089807803276926e-06 1.666135067353025079e-04 3.982064779847860336e-03 5.607580021023750305e-02 4.652718007564544678e-01 2.274597644805908203e+00 6.551947593688964844e+00 1.111997509002685547e+01 1.111997509002685547e+01 6.551956176757812500e+00 2.274601459503173828e+00 4.652717709541320801e-01 5.607574433088302612e-02 3.982083406299352646e-03 1.666136668063700199e-04 4.107047516299644485e-06 5.922603918406821322e-08 1.227875356946128704e-09 6.836331323256672476e-08 2.148562089132610708e-06 3.943784759030677378e-05 4.261425929144024849e-04 2.715027192607522011e-03 1.018481329083442688e-02 2.252720110118389130e-02 2.933727577328681946e-02
2.246047928929328918e-02 1.015466917306184769e-02 2.706995699554681778e-03 4.248818440828472376e-04 3.932083927793428302e-05 2.142456878573284484e-06 6.801226248853708967e-08 7.667245172093828387e-10 -1.264493926234067089e-10 5.927321211629532627e-08 4.106995220354292542e-06 1.666103926254436374e-04 3.981991671025753021e-03 5.607477203011512756e-02 4.652633368968963623e-01 2.274555683135986328e+00 6.551826477050781250e+00 1.111976909637451172e+01 1.111976909637451172e+01 6.551836490631103516e+00 2.274559974670410156e+00 4.652633070945739746e-01 5.607471987605094910e-02 3.982010763138532639e-03 1.666106400080025196e-04 4.106998403585748747e-06 5.922353807363833766e-08 1.162416940481136862e-09 6.820872755497475737e-08 2.142243829439394176e-06 3.932093386538326740e-05 4.248798359185457230e-04 2.706983592361211777e-03 1.015464123338460922e-02 2.246045321226119995e-02 2.925039827823638916e-02
2.239696308970451355e-02 1.012594997882843018e-02 2.699341857805848122e-03 4.236804088577628136e-04 3.920968083548359573e-05 2.136408738806494512e-06 6.776542704756138846e-08 7.337711549482150986e-10 -1.620903550270114124e-10 5.924497870068989869e-08 4.106981123186415061e-06 1.666075986577197909e-04 3.981927409768104553e-03 5.607386305928230286e-02 4.652551710605621338e-01 2.274518728256225586e+00 6.551718711853027344e+00 1.111958599090576172e+01 1.111958599090576172e+01 6.551726818084716797e+00 2.274523258209228516e+00 4.652551412582397461e-01 5.607380345463752747e-02 3.981945104897022247e-03 1.666077878326177597e-04 4.106917458557290956e-06 5.919645218455116265e-08 1.175198272029831514e-09 6.799869822771142935e-08 2.136207740477402695e-06 3.920976450899615884e-05 4.236782842781394720e-04 2.699329750612378120e-03 1.012592669576406479e-02 2.239693701267242432e-02 2.916764095425605774e-02
2.233696728944778442e-02 1.009881962090730667e-02 2.692110370844602585e-03 4.225453303661197424e-04 3.910466693923808634e-05 2.130701204805518501e-06 6.765017701582110021e-08 8.282892705047117943e-10 -1.113825351395369978e-10 5.928586688241921365e-08 4.106954293092712760e-06 1.666052557993680239e-04 3.981866408139467239e-03 5.607303604483604431e-02 4.652484655380249023e-01 2.274483919143676758e+00 6.551624774932861328e+00 1.111943054199218750e+01 1.111943054199218750e+01 6.551629543304443359e+00 2.274489164352416992e+00 4.652484059333801270e-01 5.607298016548156738e-02 3.981884568929672241e-03 1.666054740780964494e-04 4.106860615138430148e-06 5.929345192612345272e-08 1.233855573268272110e-09 6.785378303675315692e-08 2.130502934960532002e-06 3.910474333679303527e-05 4.225432639941573143e-04 2.692098263651132584e-03 1.009878981858491898e-02 2.233694493770599365e-02 2.908951975405216217e-02
2.228064276278018951e-02 1.007335353642702103e-02 2.685322193428874016e-03 4.214798100292682648e-04 3.900606316165067255e-05 2.125322453139233403e-06 6.745958813780816854e-08 8.305707788203164910e-10 -6.574579075602215994e-11 5.932263036356744124e-08 4.107005224796012044e-06 1.666030002525076270e-04 3.981814719736576080e-03 5.607227981090545654e-02 4.652422368526458740e-01 2.274454116821289062e+00 6.551533222198486328e+00 1.111927700042724609e+01 1.111927700042724609e+01 6.551541328430175781e+00 2.274458169937133789e+00 4.652421772480010986e-01 5.607221648097038269e-02 3.981833346188068390e-03 1.666031748754903674e-04 4.106836058781482279e-06 5.935199709483640618e-08 1.255157533464057451e-09 6.770532934297079919e-08 2.125164883182151243e-06 3.900618685293011367e-05 4.214778891764581203e-04 2.685307990759611130e-03 1.007332652807235718e-02 2.228062227368354797e-02 2.901616692543029785e-02
2.222807519137859344e-02 1.004959084093570709e-02 2.678985474631190300e-03 4.204853903502225876e-04 3.891404048772528768e-05 2.120298631780315191e-06 6.726485679564575548e-08 8.926437922163188432e-10 -7.434312193632663934e-11 5.932259838914433203e-08 4.106920187041396275e-06 1.666011521592736244e-04 3.981767687946557999e-03 5.607161298394203186e-02 4.652365744113922119e-01 2.274427413940429688e+00 6.551453113555908203e+00 1.111914157867431641e+01 1.111914157867431641e+01 6.551461696624755859e+00 2.274431228637695312e+00 4.652365148067474365e-01 5.607154965400695801e-02 3.981785848736763000e-03 1.666012249188497663e-04 4.106810592929832637e-06 5.936339420031799818e-08 1.347944755814012296e-09 6.754122949814700405e-08 2.120129238392109983e-06 3.891412052325904369e-05 4.204834403935819864e-04 2.678973833099007607e-03 1.004956290125846863e-02 2.222805097699165344e-02 2.894768491387367249e-02
2.217922918498516083e-02 1.002749241888523102e-02 2.673096489161252975e-03 4.195615183562040329e-04 3.882849705405533314e-05 2.115623146892176010e-06 6.718592970855752355e-08 8.957358188510511354e-10 -1.234730234722647424e-10 5.928945867594848096e-08 4.106778760615270585e-06 1.665992313064634800e-04 3.981721587479114532e-03 5.607098713517189026e-02 4.652315080165863037e-01 2.274402618408203125e+00 6.551386833190917969e+00 1.111902141571044922e+01 1.111902141571044922e+01 6.551395416259765625e+00 2.274406909942626953e+00 4.652315080165863037e-01 5.607092753052711487e-02 3.981739748269319534e-03 1.665994641371071339e-04 4.106691903871251270e-06 5.930958479893888580e-08 1.297966623070578862e-09 6.736230773185525322e-08 2.115488314302638173e-06 3.882864257320761681e-05 4.195593646727502346e-04 2.673084381967782974e-03 1.002746354788541794e-02 2.217920497059822083e-02 2.888406999409198761e-02
2.213402651250362396e-02 1.000705733895301819e-02 2.667649649083614349e-03 4.187060985714197159e-04 3.874931644531898201e-05 2.111298954332596622e-06 6.707644217840424972e-08 8.726464550967705236e-10 -1.345756284187871188e-10 5.929276625238344423e-08 4.106708729523234069e-06 1.665975869400426745e-04 3.981686197221279144e-03 5.607043951749801636e-02 4.652270972728729248e-01 2.274380922317504883e+00 6.551319599151611328e+00 1.111891460418701172e+01 1.111891460418701172e+01 6.551328182220458984e+00 2.274384498596191406e+00 4.652270972728729248e-01 5.607037991285324097e-02 3.981704358011484146e-03 1.665978925302624702e-04 4.106574124307371676e-06 5.930417046329239383e-08 1.242193792272416886e-09 6.725150569764082320e-08 2.111146159222698770e-06 3.874953108606860042e-05 4.187041777186095715e-04 2.667637076228857040e-03 1.000703126192092896e-02 2.213400416076183319e-02 2.882521227002143860e-02
2.209233678877353668e-02 9.988207370042800903e-03 2.662623999640345573e-03 4.179176467005163431e-04 3.867631312459707260e-05 2.107364025505376048e-06 6.699881538452245877e-08 8.963630948599643489e-10 -7.006285135391365770e-11 5.932883695436430571e-08 4.106721462449058890e-06 1.665961899561807513e-04 3.981654532253742218e-03 5.606997758150100708e-02 4.652230739593505859e-01 2.274361133575439453e+00 6.551267147064208984e+00 1.111881923675537109e+01 1.111881923675537109e+01 6.551275730133056641e+00 2.274364948272705078e+00 4.652230441570281982e-01 5.606991425156593323e-02 3.981673624366521835e-03 1.665964082349091768e-04 4.106565029360353947e-06 5.935283553526460310e-08 1.269753302501896997e-09 6.712941313935516519e-08 2.107150521624134853e-06 3.867646955768577754e-05 4.179155512247234583e-04 2.662612358108162880e-03 9.988180361688137054e-03 2.209230512380599976e-02 2.877088822424411774e-02
2.205399237573146820e-02 9.970881976187229156e-03 2.658003009855747223e-03 4.171925538685172796e-04 3.860919605358503759e-05 2.103719225488021038e-06 6.683952591401975951e-08 8.814898255771197455e-10 -2.027886018829416770e-11 5.939453018299900577e-08 4.106731012143427506e-06 1.665952586336061358e-04 3.981628920882940292e-03 5.606962367892265320e-02 4.652200937271118164e-01 2.274345874786376953e+00 6.551221370697021484e+00 1.111874675750732422e+01 1.111874675750732422e+01 6.551229953765869141e+00 2.274350404739379883e+00 4.652200937271118164e-01 5.606955289840698242e-02 3.981647081673145294e-03 1.665954914642497897e-04 4.106576852791476995e-06 5.945246073224552674e-08 1.308893327056637190e-09 6.704480881580821006e-08 2.103475480907945894e-06 3.860935612465254962e-05 4.171904874965548515e-04 2.657990437000989914e-03 9.970856830477714539e-03 2.205397002398967743e-02 2.872099913656711578e-02
2.201883681118488312e-02 9.954995475709438324e-03 2.653764793649315834e-03 4.165273567195981741e-04 3.854768510791473091e-05 2.100385700032347813e-06 6.670926921970021795e-08 7.873899310339993463e-10 -9.136939121967557753e-11 5.935445201998845732e-08 4.106626420252723619e-06 1.665948511799797416e-04 3.981615416705608368e-03 5.606948211789131165e-02 4.652188718318939209e-01 2.274340391159057617e+00 6.551204204559326172e+00 1.111872482299804688e+01 1.111872482299804688e+01 6.551213741302490234e+00 2.274344921112060547e+00 4.652188122272491455e-01 5.606941506266593933e-02 3.981634974479675293e-03 1.665951131144538522e-04 4.106563210370950401e-06 5.938785463399653963e-08 1.304652053057964167e-09 6.687927367465817952e-08 2.100122628689859994e-06 3.854780516121536493e-05 4.165252030361443758e-04 2.653753617778420448e-03 9.954964742064476013e-03 2.201880700886249542e-02 2.867519855499267578e-02
2.198664844036102295e-02 9.940437972545623779e-03 2.649889560416340828e-03 4.159183299634605646e-04 3.849131462629884481e-05 2.097264996336889453e-06 6.659719531398877734e-08 7.730662221483441954e-10 -1.305102692583659518e-10 5.935215696695195220e-08 4.106706455786479637e-06 1.665962190600112081e-04 3.981648478657007217e-03 5.606993287801742554e-02 4.652227461338043213e-01 2.274359703063964844e+00 6.551261425018310547e+00 1.111880493164062500e+01 1.111880493164062500e+01 6.551270484924316406e+00 2.274363279342651367e+00 4.652227461338043213e-01 5.606989562511444092e-02 3.981666639447212219e-03 1.665963791310787201e-04 4.106586402485845610e-06 5.941475578197241703e-08 1.345775380023894741e-09 6.676493313761966419e-08 2.096951220664777793e-06 3.849141285172663629e-05 4.159164091106504202e-04 2.649876754730939865e-03 9.940409101545810699e-03 2.198662236332893372e-02 2.863329648971557617e-02
2.195728197693824768e-02 9.927147068083286285e-03 2.646346343681216240e-03 4.153623885940760374e-04 3.843984450213611126e-05 2.094435785693349317e-06 6.657623430328385439e-08 7.105042110211456929e-10 -1.822790390848538777e-10 5.931872948394811829e-08 4.106833330297376961e-06 1.666022872086614370e-04 3.981796093285083771e-03 5.607199296355247498e-02 4.652399420738220215e-01 2.274443149566650391e+00 6.551498413085937500e+00 1.111921787261962891e+01 1.111921787261962891e+01 6.551508426666259766e+00 2.274447441101074219e+00 4.652399122714996338e-01 5.607193708419799805e-02 3.981814719736576080e-03 1.666025345912203193e-04 4.106687356397742406e-06 5.936006530760096211e-08 1.315248354671894049e-09 6.662411067281936994e-08 2.094155433951527812e-06 3.843999729724600911e-05 4.153605841565877199e-04 2.646334702149033546e-03 9.927120059728622437e-03 2.195726335048675537e-02 2.859498560428619385e-02
2.193046174943447113e-02 9.915034286677837372e-03 2.643117913976311684e-03 4.148557782173156738e-04 3.839293640339747071e-05 2.091877377097262070e-06 6.646772732210592949e-08 7.462968021343385772e-10 -1.460480347770243270e-10 5.935937252843359602e-08 4.107322183699579909e-06 1.666205353103578091e-04 3.982226364314556122e-03 5.607808753848075867e-02 4.652904570102691650e-01 2.274691581726074219e+00 6.552215576171875000e+00 1.112043094635009766e+01 1.112043094635009766e+01 6.552223682403564453e+00 2.274695158004760742e+00 4.652904570102691650e-01 5.607802793383598328e-02 3.982246387749910355e-03 1.666206662775948644e-04 4.107171662326436490e-06 5.941858560731816397e-08 1.376360470040083328e-09 6.661337437208203482e-08 2.091656369884731248e-06 3.839314013021066785e-05 4.148538573645055294e-04 2.643107436597347260e-03 9.915011934936046600e-03 2.193044126033782959e-02 2.856011502444744110e-02
2.190607972443103790e-02 9.903999976813793182e-03 2.640177961438894272e-03 4.143941914662718773e-04 3.835025927401147783e-05 2.089542476824135520e-06 6.631539406498632161e-08 6.501940097436431643e-10 -1.713049702090074788e-10 5.933963009852050163e-08 4.108312168682459742e-06 1.666644675424322486e-04 3.983277361840009689e-03 5.609287321567535400e-02 4.654130339622497559e-01 2.275290250778198242e+00 6.553940773010253906e+00 1.112335872650146484e+01 1.112335872650146484e+01 6.553949356079101562e+00 2.275294303894042969e+00 4.654130041599273682e-01 5.609281361103057861e-02 3.983296919614076614e-03 1.666645548539236188e-04 4.108283064852003008e-06 5.938239766578590206e-08 1.283028017162735068e-09 6.652113881955301622e-08 2.089267809424200095e-06 3.835042298305779696e-05 4.143920668866485357e-04 2.640167018398642540e-03 9.903974831104278564e-03 2.190605364739894867e-02 2.852835692465305328e-02
2.188660949468612671e-02 9.895196184515953064e-03 2.637829631567001343e-03 4.140259989071637392e-04 3.831621143035590649e-05 2.087696202579536475e-06 6.625873538723681122e-08 7.365149601312737104e-10 -1.359102413944768273e-10 5.940863800901752256e-08 4.110752797714667395e-06 1.667612959863618016e-04 3.985594958066940308e-03 5.612551793456077576e-02 4.656840860843658447e-01 2.276612758636474609e+00 6.557754993438720703e+00 1.112983226776123047e+01 1.112983226776123047e+01 6.557762145996093750e+00 2.276616334915161133e+00 4.656840860843658447e-01 5.612545832991600037e-02 3.985614981502294540e-03 1.667613978497684002e-04 4.110660029255086556e-06 5.932233193561842199e-08 1.324411247338730391e-09 6.644114591836114414e-08 2.087412212858907878e-06 3.831632056972011924e-05 4.140240198466926813e-04 2.637818455696105957e-03 9.895172901451587677e-03 2.188657969236373901e-02 2.850300446152687073e-02
2.187367156147956848e-02 9.889348410069942474e-03 2.636266872286796570e-03 4.137809446547180414e-04 3.829356137430295348e-05 2.086519316435442306e-06 6.621436909881595057e-08 7.293504689087626502e-10 -1.202746929829245914e-10 5.947709169618065062e-08 4.115659976378083229e-06 1.669589109951630235e-04 3.990314900875091553e-03 5.619197711348533630e-02 4.662352204322814941e-01 2.279309749603271484e+00 6.565520763397216797e+00 1.114301109313964844e+01 1.114301109313964844e+01 6.565529346466064453e+00 2.279313802719116211e+00 4.662352204322814941e-01 5.619191750884056091e-02 3.990333992987871170e-03 1.669589400989934802e-04 4.115593128517502919e-06 5.940043834584685101e-08 1.277585925940627476e-09 6.643213623647170607e-08 2.086217364194453694e-06 3.829363049590028822e-05 4.137789655942469835e-04 2.636254997923970222e-03 9.889324195683002472e-03 2.187364548444747925e-02 2.848611585795879364e-02
2.186800166964530945e-02 9.886788204312324524e-03 2.635588170960545540e-03 4.136740171816200018e-04 3.828368789982050657e-05 2.085984078803448938e-06 6.620907555543453782e-08 7.384296507595422554e-10 -1.469993293756743924e-10 5.964132299141056137e-08 4.124736733501777053e-06 1.673307415330782533e-04 3.999201115220785141e-03 5.631712451577186584e-02 4.672737121582031250e-01 2.284386396408081055e+00 6.580141544342041016e+00 1.116783046722412109e+01 1.116783046722412109e+01 6.580150604248046875e+00 2.284390687942504883e+00 4.672736823558807373e-01 5.631706863641738892e-02 3.999220207333564758e-03 1.673307415330782533e-04 4.124706265429267660e-06 5.948896131258152309e-08 1.303591901091749605e-09 6.640192395934718661e-08 2.085707365040434524e-06 3.828380067716352642e-05 4.136718052905052900e-04 2.635575365275144577e-03 9.886763058602809906e-03 2.186797931790351868e-02 2.847876213490962982e-02
2.186992764472961426e-02 9.887656196951866150e-03 2.635820303112268448e-03 4.137105133850127459e-04 3.828703120234422386e-05 2.086140284518478438e-06 6.621885972890595440e-08 7.683370051303484161e-10 -1.452564457604665904e-10 5.986830586834912538e-08 4.140763394389068708e-06 1.679789274930953979e-04 4.014691803604364395e-03 5.653525143861770630e-02 4.690835475921630859e-01 2.293233871459960938e+00 6.605630874633789062e+00 1.121108818054199219e+01 1.121108818054199219e+01 6.605638980865478516e+00 2.293237924575805664e+00 4.690835475921630859e-01 5.653519183397293091e-02 4.014710895717144012e-03 1.679789129411801696e-04 4.140634700888767838e-06 5.972834316025910084e-08 1.313620767717793569e-09 6.643029593078608741e-08 2.085921323669026606e-06 3.828718035947531462e-05 4.137085925322026014e-04 2.635808195918798447e-03 9.887630119919776917e-03 2.186990156769752502e-02 2.848128043115139008e-02
2.187967672944068909e-02 9.892075322568416595e-03 2.636999823153018951e-03 4.138951771892607212e-04 3.830411151284351945e-05 2.087009079332347028e-06 6.625828774531328236e-08 7.476570473841093190e-10 -1.091572596201295653e-10 6.023803678090189351e-08 4.166578946751542389e-06 1.690244098426774144e-04 4.039676859974861145e-03 5.688710883259773254e-02 4.720028936862945557e-01 2.307506084442138672e+00 6.646738052368164062e+00 1.128085899353027344e+01 1.128085899353027344e+01 6.646747589111328125e+00 2.307511568069458008e+00 4.720028638839721680e-01 5.688704922795295715e-02 4.039696417748928070e-03 1.690242788754403591e-04 4.166467988397926092e-06 6.011978115338934003e-08 1.331012522420849109e-09 6.648441086554157664e-08 2.086799668177263811e-06 3.830428249784745276e-05 4.138932854402810335e-04 2.636986551806330681e-03 9.892048314213752747e-03 2.187964692711830139e-02 2.849399857223033905e-02
2.189846709370613098e-02 9.900560602545738220e-03 2.639259677380323410e-03 4.142503312323242426e-04 3.833705704892054200e-05 2.088828296109568328e-06 6.633842275505230646e-08 7.766573495437967267e-10 -8.297054016059846049e-11 6.076848535485623870e-08 4.205704954074462876e-06 1.706097245914861560e-04 4.077566787600517273e-03 5.742067843675613403e-02 4.764302372932434082e-01 2.329149723052978516e+00 6.709083080291748047e+00 1.138666915893554688e+01 1.138666915893554688e+01 6.709090232849121094e+00 2.329154014587402344e+00 4.764301776885986328e-01 5.742063373327255249e-02 4.077586345374584198e-03 1.706096372799947858e-04 4.205527602607617155e-06 6.070886371389860869e-08 1.297346452489023250e-09 6.655237427821703022e-08 2.088592736981809139e-06 3.833715891232714057e-05 4.142482357565313578e-04 2.639249432832002640e-03 9.900537319481372833e-03 2.189844846725463867e-02 2.851845882833003998e-02
2.192806452512741089e-02 9.913934394717216492e-03 2.642825245857238770e-03 4.148098232690244913e-04 3.838886186713352799e-05 2.091613623633747920e-06 6.640306082772440277e-08 7.893181108720170869e-10 -1.149676950862321689e-10 6.159072540867782664e-08 4.260026798874605447e-06 1.728144852677360177e-04 4.130261484533548355e-03 5.816273018717765808e-02 4.825869798660278320e-01 2.359248161315917969e+00 6.795783042907714844e+00 1.153381443023681641e+01 1.153381443023681641e+01 6.795791625976562500e+00 2.359252691268920898e+00 4.825869500637054443e-01 5.816266685724258423e-02 4.130281973630189896e-03 1.728143688524141908e-04 4.259870365785900503e-06 6.144760789084102726e-08 1.264994886618353576e-09 6.662234142140732729e-08 2.091421265504322946e-06 3.838897100649774075e-05 4.148075822740793228e-04 2.642814069986343384e-03 9.913912042975425720e-03 2.192804217338562012e-02 2.855696901679039001e-02
2.197524160146713257e-02 9.935281239449977875e-03 2.648512599989771843e-03 4.157025250606238842e-04 3.847149491775780916e-05 2.096118123517953791e-06 6.652979323007457424e-08 8.100325965543220263e-10 -7.587897671301746527e-11 6.249143780223676004e-08 4.322331733419559896e-06 1.753401156747713685e-04 4.190621897578239441e-03 5.901273712515830994e-02 4.896397292613983154e-01 2.393727302551269531e+00 6.895098209381103516e+00 1.170237541198730469e+01 1.170237445831298828e+01 6.895108222961425781e+00 2.393731355667114258e+00 4.896396696567535400e-01 5.901265516877174377e-02 4.190641921013593674e-03 1.753399701556190848e-04 4.322171662352047861e-06 6.238016680981672835e-08 1.225713974761788450e-09 6.677499442275802721e-08 2.095954869218985550e-06 3.847162224701605737e-05 4.157004586886614561e-04 2.648500725626945496e-03 9.935252368450164795e-03 2.197521366178989410e-02 2.861842326819896698e-02
2.206367626786231995e-02 9.975249879062175751e-03 2.659169491380453110e-03 4.173756169620901346e-04 3.862631638185121119e-05 2.104556415361003019e-06 6.680020447902279557e-08 8.245464866440954665e-10 -6.378932798645209346e-11 6.347287495600539842e-08 4.392305982037214562e-06 1.781826722435653210e-04 4.258558154106140137e-03 5.996939167380332947e-02 4.975774288177490234e-01 2.432532548904418945e+00 7.006876945495605469e+00 1.189208698272705078e+01 1.189208602905273438e+01 7.006886005401611328e+00 2.432538032531738281e+00 4.975773692131042480e-01 5.996931344270706177e-02 4.258577711880207062e-03 1.781823666533455253e-04 4.392261416796827689e-06 6.332309254730716930e-08 1.216645006962835396e-09 6.708375366315522115e-08 2.104358827637042850e-06 3.862653102260082960e-05 4.173733759671449661e-04 2.659157849848270416e-03 9.975224733352661133e-03 2.206364832818508148e-02 2.873359248042106628e-02
2.220875211060047150e-02 1.004085130989551544e-02 2.676657168194651604e-03 4.201200790703296661e-04 3.888029459631070495e-05 2.118383008564705960e-06 6.717667844213792705e-08 7.589698869381322766e-10 -9.288860652878483393e-11 6.455422152384926449e-08 4.466776317713083699e-06 1.812015398172661662e-04 4.330707713961601257e-03 6.098541244864463806e-02 5.060075521469116211e-01 2.473746061325073242e+00 7.125592231750488281e+00 1.209357166290283203e+01 1.209357166290283203e+01 7.125601291656494141e+00 2.473750829696655273e+00 5.060074925422668457e-01 6.098535284399986267e-02 4.330727737396955490e-03 1.812012342270463705e-04 4.466754489840241149e-06 6.442713385013121297e-08 1.214034206498126878e-09 6.744807024006149732e-08 2.118177008014754392e-06 3.888052015099674463e-05 4.201179544907063246e-04 2.676644595339894295e-03 1.004082523286342621e-02 2.220872044563293457e-02 2.892251498997211456e-02
2.242464944720268250e-02 1.013844925910234451e-02 2.702675294131040573e-03 4.242040158715099096e-04 3.925822238670662045e-05 2.138947138519142754e-06 6.772322791448459611e-08 6.171733124560319084e-10 -1.677669808630710691e-10 6.560901510965777561e-08 4.541558610071660951e-06 1.842385827330872416e-04 4.403296392410993576e-03 6.200761348009109497e-02 5.144888162612915039e-01 2.515209197998046875e+00 7.245023250579833984e+00 1.229627132415771484e+01 1.229627132415771484e+01 7.245033264160156250e+00 2.515213966369628906e+00 5.144887566566467285e-01 6.200755760073661804e-02 4.403317812830209732e-03 1.842383353505283594e-04 4.541544967651134357e-06 6.543055519614426885e-08 1.190047616006495446e-09 6.800817686780646909e-08 2.138728177669690922e-06 3.925843702745623887e-05 4.242017166689038277e-04 2.702663186937570572e-03 1.013842318207025528e-02 2.242462523281574249e-02 2.920368500053882599e-02
2.272404730319976807e-02 1.027382630854845047e-02 2.738761715590953827e-03 4.298678541090339422e-04 3.978238237323239446e-05 2.167576667488901876e-06 6.872983249195385724e-08 6.158042409332153966e-10 -1.766066459740756045e-10 6.662867946261030738e-08 4.613844339473871514e-06 1.871685235528275371e-04 4.473323468118906021e-03 6.299374997615814209e-02 5.226708650588989258e-01 2.555209636688232422e+00 7.360244274139404297e+00 1.249181747436523438e+01 1.249181747436523438e+01 7.360253334045410156e+00 2.555214166641235352e+00 5.226708650588989258e-01 6.299368292093276978e-02 4.473342560231685638e-03 1.871682325145229697e-04 4.613739747583167627e-06 6.656912177049889578e-08 1.275653804810872316e-09 6.893026949228442390e-08 2.167327011193265207e-06 3.978276799898594618e-05 4.298656131140887737e-04 2.738748677074909210e-03 1.027379650622606277e-02 2.272401936352252960e-02 2.959357947111129761e-02
2.311627380549907684e-02 1.045115385204553604e-02 2.786033321171998978e-03 4.372876719571650028e-04 4.046905814902856946e-05 2.204898919444531202e-06 6.988889111880780547e-08 6.000866470401433617e-10 -1.841976154937086108e-10 6.758897796999008278e-08 4.681763584812870249e-06 1.899245107779279351e-04 4.539189860224723816e-03 6.392127275466918945e-02 5.303669571876525879e-01 2.592832088470458984e+00 7.468621253967285156e+00 1.267576026916503906e+01 1.267576026916503906e+01 7.468629837036132812e+00 2.592837333679199219e+00 5.303668975830078125e-01 6.392120569944381714e-02 4.539210814982652664e-03 1.899241178762167692e-04 4.681653535953955725e-06 6.756842907407190069e-08 1.260673232472697691e-09 7.013277780743010226e-08 2.204670408900710754e-06 4.046929097967222333e-05 4.372854309622198343e-04 2.786020981147885323e-03 1.045112404972314835e-02 2.311624959111213684e-02 3.010440059006214142e-02
2.359925210475921631e-02 1.066951453685760498e-02 2.844243310391902924e-03 4.464238591026514769e-04 4.131462628720328212e-05 2.250997340524918400e-06 7.141169788837942178e-08 6.024990506503513643e-10 -1.082185452361272837e-10 6.842328303946487722e-08 4.743174940813332796e-06 1.924137031892314553e-04 4.598679486662149429e-03 6.475903093814849854e-02 5.373176336288452148e-01 2.626813173294067383e+00 7.566502571105957031e+00 1.284187602996826172e+01 1.284187602996826172e+01 7.566512584686279297e+00 2.626818418502807617e+00 5.373175740242004395e-01 6.475897878408432007e-02 4.598700907081365585e-03 1.924132666317746043e-04 4.742985311168013141e-06 6.851019662690305267e-08 1.306357244601485945e-09 7.169918347926795832e-08 2.250751549581764266e-06 4.131490641157142818e-05 4.464215599000453949e-04 2.844230271875858307e-03 1.066948473453521729e-02 2.359922602772712708e-02 3.073339164257049561e-02
2.416267618536949158e-02 1.092423684895038605e-02 2.912147901952266693e-03 4.570819728542119265e-04 4.230085687595419586e-05 2.304744384673540480e-06 7.304107185746033792e-08 6.543363073596708546e-10 -1.560654938614902676e-10 6.913554528864551685e-08 4.795650511368876323e-06 1.945457042893394828e-04 4.649640526622533798e-03 6.547667086124420166e-02 5.432722568511962891e-01 2.655923128128051758e+00 7.650347709655761719e+00 1.298418807983398438e+01 1.298418807983398438e+01 7.650357246398925781e+00 2.655928134918212891e+00 5.432722568511962891e-01 6.547659635543823242e-02 4.649662878364324570e-03 1.945453841472044587e-04 4.795439963345415890e-06 6.922768136519152904e-08 1.350546008360709038e-09 7.334817553328321083e-08 2.304522467966307886e-06 4.230120248394086957e-05 4.570796445477753878e-04 2.912133000791072845e-03 1.092420425266027451e-02 2.416264638304710388e-02 3.146711736917495728e-02
2.478856220841407776e-02 1.120720990002155304e-02 2.987582003697752953e-03 4.689221386797726154e-04 4.339669976616278291e-05 2.364500005569425412e-06 7.501292031975026475e-08 6.968502996862468990e-10 -1.666758953078328886e-10 6.966622123627530527e-08 4.837559572479221970e-06 1.962491805898025632e-04 4.690347705036401749e-03 6.604992598295211792e-02 5.480283498764038086e-01 2.679175853729248047e+00 7.717332839965820312e+00 1.309786891937255859e+01 1.309786891937255859e+01 7.717342376708984375e+00 2.679180145263671875e+00 5.480282902717590332e-01 6.604985892772674561e-02 4.690370056778192520e-03 1.962488167919218540e-04 4.837400410906411707e-06 6.980336308970436221e-08 1.277326133752865189e-09 7.530165646585373906e-08 2.364214196859393269e-06 4.339707447797991335e-05 4.689196066465228796e-04 2.987568033859133720e-03 1.120717916637659073e-02 2.478852681815624237e-02 3.228217735886573792e-02
2.545422688126564026e-02 1.150817330926656723e-02 3.067811019718647003e-03 4.815145512111485004e-04 4.456194437807425857e-05 2.428062771286931820e-06 7.718653449728662963e-08 7.868450335735133194e-10 -1.773775154534362741e-10 7.007523805668824934e-08 4.866209110332420096e-06 1.974061306100338697e-04 4.717998206615447998e-03 6.643929332494735718e-02 5.512593388557434082e-01 2.694970846176147461e+00 7.762826442718505859e+00 1.317508029937744141e+01 1.317508029937744141e+01 7.762836933135986328e+00 2.694975852966308594e+00 5.512592792510986328e-01 6.643921881914138794e-02 4.718020558357238770e-03 1.974058977793902159e-04 4.865918072027852759e-06 7.013832714619638864e-08 1.361660895149441330e-09 7.729485673735325690e-08 2.427781055303057656e-06 4.456250462681055069e-05 4.815118736587464809e-04 3.067797282710671425e-03 1.150814630091190338e-02 2.545420639216899872e-02 3.314913436770439148e-02
2.612391114234924316e-02 1.181094720959663391e-02 3.148521529510617256e-03 4.941826919093728065e-04 4.573429032461717725e-05 2.491760369593976066e-06 7.922702138785098214e-08 7.788401590325122470e-10 -1.887707351544420931e-10 7.023765391522829304e-08 4.877619176113512367e-06 1.978725777007639408e-04 4.729146137833595276e-03 6.659626960754394531e-02 5.525617003440856934e-01 2.701337099075317383e+00 7.781166076660156250e+00 1.320620727539062500e+01 1.320620727539062500e+01 7.781174182891845703e+00 2.701342582702636719e+00 5.525616407394409180e-01 6.659621000289916992e-02 4.729170352220535278e-03 1.978723594220355153e-04 4.877422725257929415e-06 7.026379478247690713e-08 1.447946651467191259e-09 7.932144541200614185e-08 2.491653958713868633e-06 4.573477053781971335e-05 4.941797815263271332e-04 3.148508258163928986e-03 1.181091554462909698e-02 2.612388692796230316e-02 3.402125462889671326e-02
2.674920484423637390e-02 1.209364365786314011e-02 3.223887411877512932e-03 5.060116527602076530e-04 4.682899816543795168e-05 2.551433908593025990e-06 8.102909987428574823e-08 8.916635763078772925e-10 -2.507422602882058982e-10 7.001215607260746765e-08 4.871558303420897573e-06 1.976243365788832307e-04 4.723218735307455063e-03 6.651277840137481689e-02 5.518689155578613281e-01 2.697951078414916992e+00 7.771413326263427734e+00 1.318965530395507812e+01 1.318965530395507812e+01 7.771424293518066406e+00 2.697956323623657227e+00 5.518689155578613281e-01 6.651271134614944458e-02 4.723240621387958527e-03 1.976241619559004903e-04 4.871208602708065882e-06 7.011450264826635248e-08 1.399696358816981956e-09 8.119184968791159918e-08 2.551231318648206070e-06 4.682952567236497998e-05 5.060088005848228931e-04 3.223871579393744469e-03 1.209361199289560318e-02 2.674918249249458313e-02 3.483555093407630920e-02
2.728670276701450348e-02 1.233666948974132538e-02 3.288666950538754463e-03 5.161793087609112263e-04 4.777013236889615655e-05 2.602773292892379686e-06 8.273254081814229721e-08 8.379701377236870030e-10 -3.001803805524616564e-10 6.961547427408731892e-08 4.850479399465257302e-06 1.967674907064065337e-04 4.702734295278787613e-03 6.622432172298431396e-02 5.494757294654846191e-01 2.686251401901245117e+00 7.737706184387207031e+00 1.313245868682861328e+01 1.313245868682861328e+01 7.737719535827636719e+00 2.686256170272827148e+00 5.494757294654846191e-01 6.622423976659774780e-02 4.702755715698003769e-03 1.967670541489496827e-04 4.849996457778615877e-06 6.971144728140643565e-08 1.465811694245644503e-09 8.285436337018836639e-08 2.602511131044593640e-06 4.777055801241658628e-05 5.161762819625437260e-04 3.288650885224342346e-03 1.233663409948348999e-02 2.728668227791786194e-02 3.553557395935058594e-02
2.771064639091491699e-02 1.252830959856510162e-02 3.339755116030573845e-03 5.241975886747241020e-04 4.851216363022103906e-05 2.643101197463693097e-06 8.395307560249420931e-08 7.420393188795060269e-10 -3.382249758043798238e-10 6.911094629913350218e-08 4.816866749024484307e-06 1.953993632923811674e-04 4.670038819313049316e-03 6.576392799615859985e-02 5.456555485725402832e-01 2.667576313018798828e+00 7.683914184570312500e+00 1.304115200042724609e+01 1.304115200042724609e+01 7.683922767639160156e+00 2.667581081390380859e+00 5.456555485725402832e-01 6.576386094093322754e-02 4.670058377087116241e-03 1.953990431502461433e-04 4.816290129383560270e-06 6.910968153306384920e-08 1.589142262226062030e-09 8.410260221580756479e-08 2.642836534505477175e-06 4.851275298278778791e-05 5.241949693299829960e-04 3.339740913361310959e-03 1.252828352153301239e-02 2.771062217652797699e-02 3.608765825629234314e-02
2.800606563687324524e-02 1.266188360750675201e-02 3.375362837687134743e-03 5.297863390296697617e-04 4.902942964690737426e-05 2.671248239494161680e-06 8.476180823890899774e-08 7.177816119252611315e-10 -4.237001582918509257e-10 6.844090449931172770e-08 4.773828550241887569e-06 1.936575717991217971e-04 4.628410562872886658e-03 6.517769396305084229e-02 5.407915115356445312e-01 2.643796682357788086e+00 7.615419387817382812e+00 1.292491054534912109e+01 1.292491054534912109e+01 7.615430355072021484e+00 2.643801689147949219e+00 5.407913923263549805e-01 6.517761945724487305e-02 4.628431517630815506e-03 1.936572371050715446e-04 4.773302862304262817e-06 6.843172428716570721e-08 1.542494465489596678e-09 8.488800062877999153e-08 2.670995627340744250e-06 4.902988439425826073e-05 5.297838361002504826e-04 3.375347936525940895e-03 1.266185007989406586e-02 2.800602652132511139e-02 3.647240996360778809e-02
2.817030251026153564e-02 1.273614726960659027e-02 3.395159030333161354e-03 5.328935803845524788e-04 4.931701550958678126e-05 2.686993411771254614e-06 8.522003724920068635e-08 7.166380822098972203e-10 -4.107752749060722408e-10 6.789519346739325556e-08 4.725362941826460883e-06 1.916951587190851569e-04 4.581512883305549622e-03 6.451725959777832031e-02 5.353119969367980957e-01 2.617007970809936523e+00 7.538250923156738281e+00 1.279394054412841797e+01 1.279394054412841797e+01 7.538261413574218750e+00 2.617012023925781250e+00 5.353119373321533203e-01 6.451719254255294800e-02 4.581532441079616547e-03 1.916948531288653612e-04 4.725091912405332550e-06 6.780493322366965003e-08 1.468566268592041979e-09 8.540354912156544742e-08 2.686689867914537899e-06 4.931752118864096701e-05 5.328909610398113728e-04 3.395143197849392891e-03 1.273611281067132950e-02 2.817027829587459564e-02 3.668628260493278503e-02
2.821210958063602448e-02 1.275504194200038910e-02 3.400194924324750900e-03 5.336846807040274143e-04 4.939017890137620270e-05 2.690971086849458516e-06 8.544665064391665510e-08 5.914295719833262410e-10 -3.668997050620959044e-10 6.723617218540312024e-08 4.674805950344307348e-06 1.896450121421366930e-04 4.532515071332454681e-03 6.382729113101959229e-02 5.295870900154113770e-01 2.589021682739257812e+00 7.457640171051025391e+00 1.265711402893066406e+01 1.265711307525634766e+01 7.457649707794189453e+00 2.589026689529418945e+00 5.295870304107666016e-01 6.382723152637481689e-02 4.532535560429096222e-03 1.896447647595778108e-04 4.674596766562899575e-06 6.714355293979679118e-08 1.376482039461279783e-09 8.553313080028601689e-08 2.690660721782478504e-06 4.939058635500259697e-05 5.336821777746081352e-04 3.400180488824844360e-03 1.275500468909740448e-02 2.821208536624908447e-02 3.674072399735450745e-02
2.814751490950584412e-02 1.272584218531847000e-02 3.392411861568689346e-03 5.324628436937928200e-04 4.927709960611537099e-05 2.684843593669938855e-06 8.526230743655105471e-08 6.463770074738306448e-10 -3.362756184621673583e-10 6.657464979298310936e-08 4.624532266461756080e-06 1.876092137536033988e-04 4.483853466808795929e-03 6.314200162887573242e-02 5.239012241363525391e-01 2.561224460601806641e+00 7.377573013305664062e+00 1.252121448516845703e+01 1.252121448516845703e+01 7.377582073211669922e+00 2.561229228973388672e+00 5.239012241363525391e-01 6.314195692539215088e-02 4.483873955905437469e-03 1.876089081633836031e-04 4.624418124876683578e-06 6.645574757158101420e-08 1.449421804800010705e-09 8.536592588370695012e-08 2.684575065359240398e-06 4.927764894091524184e-05 5.324602825567126274e-04 3.392395796254277229e-03 1.272580586373806000e-02 2.814749442040920258e-02 3.665662556886672974e-02
2.799600176513195038e-02 1.265733595937490463e-02 3.374151419848203659e-03 5.295967566780745983e-04 4.901180000160820782e-05 2.670360117917880416e-06 8.479023705376675935e-08 7.558458858802907798e-10 -3.504742329685228697e-10 6.586989087509209639e-08 4.576382707455195487e-06 1.856564922491088510e-04 4.437181167304515839e-03 6.248478591442108154e-02 5.184479951858520508e-01 2.534564256668090820e+00 7.300777435302734375e+00 1.239089012145996094e+01 1.239089012145996094e+01 7.300786495208740234e+00 2.534567832946777344e+00 5.184479951858520508e-01 6.248471885919570923e-02 4.437200259417295456e-03 1.856560556916520000e-04 4.576285846269456670e-06 6.580565781177938334e-08 1.442112651517390987e-09 8.492238379176342278e-08 2.670117282832507044e-06 4.901228749076835811e-05 5.295936134643852711e-04 3.374136984348297119e-03 1.265730429440736771e-02 2.799597010016441345e-02 3.645926713943481445e-02
2.777744643390178680e-02 1.255852822214365005e-02 3.347809659317135811e-03 5.254620336927473545e-04 4.862921196036040783e-05 2.649553152878070250e-06 8.413169183540958329e-08 8.357406988679372262e-10 -2.806838372837461293e-10 6.521064221942651784e-08 4.531392278295243159e-06 1.838288590079173446e-04 4.393499810248613358e-03 6.186970695853233337e-02 5.133445858955383301e-01 2.509614944458007812e+00 7.228912353515625000e+00 1.226891422271728516e+01 1.226891422271728516e+01 7.228922843933105469e+00 2.509618997573852539e+00 5.133445858955383301e-01 6.186963617801666260e-02 4.393521230667829514e-03 1.838286698330193758e-04 4.531199920165818185e-06 6.521536732861932251e-08 1.495625956415835844e-09 8.434454912276123650e-08 2.649340558491530828e-06 4.862961577600799501e-05 5.254593561403453350e-04 3.347794990986585617e-03 1.255849190056324005e-02 2.777741849422454834e-02 3.617464378476142883e-02
2.751138620078563690e-02 1.243823207914829254e-02 3.315744223073124886e-03 5.204291082918643951e-04 4.816340515390038490e-05 2.624201670187176205e-06 8.328548517511080718e-08 8.248605687377619233e-10 -2.676674992763139471e-10 6.460265922214603052e-08 4.489834736887132749e-06 1.821433252189308405e-04 4.353220574557781219e-03 6.130243465304374695e-02 5.086379647254943848e-01 2.486606836318969727e+00 7.162630081176757812e+00 1.215642929077148438e+01 1.215642929077148438e+01 7.162639141082763672e+00 2.486611366271972656e+00 5.086379647254943848e-01 6.130235269665718079e-02 4.353239666670560837e-03 1.821432088036090136e-04 4.489659659157041460e-06 6.463645263465878088e-08 1.490288892291857792e-09 8.356533953701728024e-08 2.623970885906601325e-06 4.816373257199302316e-05 5.204266635701060295e-04 3.315729089081287384e-03 1.243819948285818100e-02 2.751136012375354767e-02 3.582813590764999390e-02
2.721257507801055908e-02 1.230314280837774277e-02 3.279730211943387985e-03 5.147765041328966618e-04 4.764023833558894694e-05 2.595744035716052167e-06 8.246426119740135618e-08 8.626694358859765543e-10 -3.139659643380809939e-10 6.404808772231262992e-08 4.451842414709972218e-06 1.806055370252579451e-04 4.316465463489294052e-03 6.078485399484634399e-02 5.043433904647827148e-01 2.465611696243286133e+00 7.102159976959228516e+00 1.205378055572509766e+01 1.205378055572509766e+01 7.102168560028076172e+00 2.465615749359130859e+00 5.043433904647827148e-01 6.078479439020156860e-02 4.316485952585935593e-03 1.806054206099361181e-04 4.451745098776882514e-06 6.411108444126512040e-08 1.488804524107933958e-09 8.259994643822210492e-08 2.595491878309985623e-06 4.764064215123653412e-05 5.147740012034773827e-04 3.279715543612837791e-03 1.230311021208763123e-02 2.721254155039787292e-02 3.543901816010475159e-02
2.689338475465774536e-02 1.215882226824760437e-02 3.241261467337608337e-03 5.087384488433599472e-04 4.708149208454415202e-05 2.565336217230651528e-06 8.143708640773184015e-08 9.411930124159084698e-10 -2.728814951780123010e-10 6.364449234297353541e-08 4.417534000822342932e-06 1.792114489944651723e-04 4.283142276108264923e-03 6.031562760472297668e-02 5.004500746726989746e-01 2.446577310562133789e+00 7.047330379486083984e+00 1.196073722839355469e+01 1.196073722839355469e+01 7.047339916229248047e+00 2.446580886840820312e+00 5.004500150680541992e-01 6.031555309891700745e-02 4.283161833882331848e-03 1.792114053387194872e-04 4.417471245687920600e-06 6.369523219973416417e-08 1.549070649531358868e-09 8.165598330833745422e-08 2.565089744166471064e-06 4.708177948486991227e-05 5.087362951599061489e-04 3.241247730329632759e-03 1.215879060328006744e-02 2.689336240291595459e-02 3.502336516976356506e-02
2.656385675072669983e-02 1.200983487069606781e-02 3.201544284820556641e-03 5.025045247748494148e-04 4.650444680009968579e-05 2.533914312152774073e-06 8.046466604127999744e-08 9.590901406397733808e-10 -2.110845664926586096e-10 6.324661683265730971e-08 4.386612999951466918e-06 1.779518643161281943e-04 4.253042861819267273e-03 5.989170446991920471e-02 4.969329237937927246e-01 2.429383993148803711e+00 6.997800350189208984e+00 1.187667179107666016e+01 1.187667179107666016e+01 6.997810363769531250e+00 2.429388523101806641e+00 4.969329237937927246e-01 5.989162996411323547e-02 4.253060091286897659e-03 1.779517624527215958e-04 4.386507043818710372e-06 6.328781410047668032e-08 1.563368767776296409e-09 8.069027046531118685e-08 2.533646011215751059e-06 4.650485425372608006e-05 5.025021382607519627e-04 3.201530314981937408e-03 1.200980413705110550e-02 2.656382136046886444e-02 3.459418565034866333e-02
2.623191289603710175e-02 1.185976713895797729e-02 3.161537228152155876e-03 4.962253151461482048e-04 4.592327968566678464e-05 2.502260258552269079e-06 7.942097823843141668e-08 9.958933677722825450e-10 -1.885877010110448282e-10 6.282148490299732657e-08 4.358657861303072423e-06 1.768161455402150750e-04 4.225898999720811844e-03 5.950955301523208618e-02 4.937617182731628418e-01 2.413878202438354492e+00 6.953145027160644531e+00 1.180088901519775391e+01 1.180088901519775391e+01 6.953153610229492188e+00 2.413882970809936523e+00 4.937616884708404541e-01 5.950948968529701233e-02 4.225919023156166077e-03 1.768161164363846183e-04 4.358452770247822627e-06 6.287563536488960381e-08 1.583753461709136445e-09 7.966754367316752905e-08 2.501986728020710871e-06 4.592370169120840728e-05 4.962228704243898392e-04 3.161522559821605682e-03 1.185973547399044037e-02 2.623188868165016174e-02 3.416187688708305359e-02
2.590367570519447327e-02 1.171137113124132156e-02 3.121976973488926888e-03 4.900161293335258961e-04 4.534865729510784149e-05 2.470978870405815542e-06 7.845518013027685811e-08 9.700319436589666111e-10 -1.103935762247765240e-10 6.247179840102035087e-08 4.333483957452699542e-06 1.757934951456263661e-04 4.201455973088741302e-03 5.916529893875122070e-02 4.909054338932037354e-01 2.399914979934692383e+00 6.912925243377685547e+00 1.173262691497802734e+01 1.173262691497802734e+01 6.912935256958007812e+00 2.399919033050537109e+00 4.909053742885589600e-01 5.916523188352584839e-02 4.201473668217658997e-03 1.757934660417959094e-04 4.333248853072291240e-06 6.252871997958209249e-08 1.558332796136596698e-09 7.872821328192003421e-08 2.470683966748765670e-06 4.534910112852230668e-05 4.900135099887847900e-04 3.121963469311594963e-03 1.171134132891893387e-02 2.590364962816238403e-02 3.373445197939872742e-02
2.558385580778121948e-02 1.156677398830652237e-02 3.083431860432028770e-03 4.839662578888237476e-04 4.478877963265404105e-05 2.440449634377728216e-06 7.754034925255837152e-08 9.064007322479028517e-10 -9.796866096145606662e-11 6.215692138766826247e-08 4.310884378355694935e-06 1.748726208461448550e-04 4.179449751973152161e-03 5.885541439056396484e-02 4.883341789245605469e-01 2.387346744537353516e+00 6.876715183258056641e+00 1.167117118835449219e+01 1.167117118835449219e+01 6.876721858978271484e+00 2.387350559234619141e+00 4.883341193199157715e-01 5.885533988475799561e-02 4.179468378424644470e-03 1.748726790538057685e-04 4.310552867536898702e-06 6.227681836890042177e-08 1.578602470964085569e-09 7.774104204827381182e-08 2.440140178805449978e-06 4.478909977478906512e-05 4.839640168938785791e-04 3.083417424932122231e-03 1.156674418598413467e-02 2.558383159339427948e-02 3.331790491938591003e-02
2.527578547596931458e-02 1.142750587314367294e-02 3.046303987503051758e-03 4.781385359819978476e-04 4.424949293024837971e-05 2.411060677331988700e-06 7.665121870559232775e-08 7.829038528583964762e-10 -9.506518489077464551e-11 6.187352141751034651e-08 4.290475771995261312e-06 1.740438019623979926e-04 4.159640055149793625e-03 5.857644230127334595e-02 4.860195815563201904e-01 2.376027822494506836e+00 6.844121932983398438e+00 1.161585044860839844e+01 1.161584949493408203e+01 6.844130992889404297e+00 2.376032352447509766e+00 4.860195815563201904e-01 5.857639014720916748e-02 4.159659147262573242e-03 1.740439183777198195e-04 4.290089691494358703e-06 6.191166335156594869e-08 1.545094496790966332e-09 7.683245684120265651e-08 2.410750767012359574e-06 4.424980215844698250e-05 4.781364696100354195e-04 3.046289552003145218e-03 1.142747327685356140e-02 2.527575939893722534e-02 3.291673213243484497e-02
2.498190663754940033e-02 1.129462197422981262e-02 3.010882297530770302e-03 4.725791804958134890e-04 4.373499177745543420e-05 2.383062337685259990e-06 7.563976822666518274e-08 7.379850064381798802e-10 -1.586793751950921205e-10 6.158526133503983147e-08 4.271973011782392859e-06 1.732975069899111986e-04 4.141808953136205673e-03 5.832530185580253601e-02 4.839358329772949219e-01 2.365844964981079102e+00 6.814782142639160156e+00 1.156607437133789062e+01 1.156607437133789062e+01 6.814791202545166016e+00 2.365849494934082031e+00 4.839357733726501465e-01 5.832524225115776062e-02 4.141827113926410675e-03 1.732976379571482539e-04 4.271651050657965243e-06 6.156346898933406919e-08 1.458452691949219115e-09 7.589608941316328128e-08 2.382705133641138673e-06 4.373524279799312353e-05 4.725767939817160368e-04 3.010869259014725685e-03 1.129458937793970108e-02 2.498187869787216187e-02 3.253399208188056946e-02
2.470371499657630920e-02 1.116885710507631302e-02 2.977355848997831345e-03 4.673167713917791843e-04 4.324796464061364532e-05 2.356473260078928433e-06 7.472522867146835779e-08 8.000032858390682122e-10 -1.083130043988411728e-10 6.135892505199080915e-08 4.255527528584934771e-06 1.726262125885114074e-04 4.125760402530431747e-03 5.809935182332992554e-02 4.820612967014312744e-01 2.356679439544677734e+00 6.788379669189453125e+00 1.152124595642089844e+01 1.152124595642089844e+01 6.788391590118408203e+00 2.356683731079101562e+00 4.820612967014312744e-01 5.809928104281425476e-02 4.125779028981924057e-03 1.726263581076636910e-04 4.255139174347277731e-06 6.141409869542258093e-08 1.560225060259767815e-09 7.507909316473160288e-08 2.356176082685124129e-06 4.324825931689701974e-05 4.673145012930035591e-04 2.977341413497924805e-03 1.116882544010877609e-02 2.470369823276996613e-02 3.217175230383872986e-02
2.444217354059219360e-02 1.105060800909996033e-02 2.945834305137395859e-03 4.623694403562694788e-04 4.279018685338087380e-05 2.331564246560446918e-06 7.394933021487304359e-08 8.009746754744639929e-10 -1.209319727690782997e-10 6.115535455819554045e-08 4.240650014253333211e-06 1.720221916912123561e-04 4.111321642994880676e-03 5.789597332477569580e-02 4.803738296031951904e-01 2.348429918289184570e+00 6.764615535736083984e+00 1.148090744018554688e+01 1.148090744018554688e+01 6.764622688293457031e+00 2.348434448242187500e+00 4.803738296031951904e-01 5.789590999484062195e-02 4.111341200768947601e-03 1.720222498988732696e-04 4.240247108100447804e-06 6.123381268707817071e-08 1.487576728465000997e-09 7.424642944897641428e-08 2.331231598873273470e-06 4.279044878785498440e-05 4.623671993613243103e-04 2.945820800960063934e-03 1.105057634413242340e-02 2.444214560091495514e-02 3.183114901185035706e-02
2.419766783714294434e-02 1.094007212668657303e-02 2.916364930570125580e-03 4.577441432047635317e-04 4.236211316310800612e-05 2.308214561708155088e-06 7.328718254484556383e-08 7.739097696024543893e-10 -1.074539623946435540e-10 6.097204874322414980e-08 4.227200861350866035e-06 1.714783138595521450e-04 4.098320845514535904e-03 5.771290510892868042e-02 4.788550734519958496e-01 2.341004848480224609e+00 6.743229866027832031e+00 1.144462680816650391e+01 1.144462680816650391e+01 6.743237018585205078e+00 2.341009855270385742e+00 4.788550138473510742e-01 5.771284922957420349e-02 4.098340403288602829e-03 1.714783284114673734e-04 4.226804321660893038e-06 6.102784766426339047e-08 1.414945716149418331e-09 7.352709019414760405e-08 2.307908971488359384e-06 4.236236054566688836e-05 4.577416984830051661e-04 2.916350727900862694e-03 1.094004232436418533e-02 2.419763803482055664e-02 3.151267021894454956e-02
2.397017925977706909e-02 1.083720382302999496e-02 2.888946793973445892e-03 4.534404724836349487e-04 4.196381996734999120e-05 2.286578819621354342e-06 7.257047229813906597e-08 7.888734665506547117e-10 -6.220999410055938483e-11 6.087329040838085348e-08 4.215097305859671906e-06 1.709888456389307976e-04 4.086624365299940109e-03 5.754819139838218689e-02 4.774883091449737549e-01 2.334321022033691406e+00 6.723980903625488281e+00 1.141195774078369141e+01 1.141195774078369141e+01 6.723989486694335938e+00 2.334325790405273438e+00 4.774882197380065918e-01 5.754812061786651611e-02 4.086643457412719727e-03 1.709887437755241990e-04 4.214799901092192158e-06 6.084190573574232985e-08 1.475810029738511275e-09 7.283865244289700058e-08 2.286269591422751546e-06 4.196406371193006635e-05 4.534381150733679533e-04 2.888933289796113968e-03 1.083717867732048035e-02 2.397015504539012909e-02 3.121642023324966431e-02
2.375937439501285553e-02 1.074189879000186920e-02 2.863540314137935638e-03 4.494525492191314697e-04 4.159475793130695820e-05 2.266444198539829813e-06 7.195450990593599272e-08 8.364893777645932005e-10 -5.460396718115489989e-11 6.068508184853271814e-08 4.204257948003942147e-06 1.705481699900701642e-04 4.076095763593912125e-03 5.739988386631011963e-02 4.762577414512634277e-01 2.328306913375854492e+00 6.706659793853759766e+00 1.138254261016845703e+01 1.138254261016845703e+01 6.706668853759765625e+00 2.328310966491699219e+00 4.762577116489410400e-01 5.739982053637504578e-02 4.076114855706691742e-03 1.705481408862397075e-04 4.203928710921900347e-06 6.065197766247365507e-08 1.445290553903078035e-09 7.221342457341961563e-08 2.266167939524166286e-06 4.159496893407776952e-05 4.494503373280167580e-04 2.863527741283178329e-03 1.074187178164720535e-02 2.375934831798076630e-02 3.094190172851085663e-02
2.356473170220851898e-02 1.065389439463615417e-02 2.840083558112382889e-03 4.457708855625241995e-04 4.125409395783208311e-05 2.247860720672179013e-06 7.128737422590347705e-08 8.441614074428116510e-10 -7.259406964443826382e-11 6.051577372545580147e-08 4.194517714495304972e-06 1.701518485788255930e-04 4.066615831106901169e-03 5.726649612188339233e-02 4.751506745815277100e-01 2.322896718978881836e+00 6.691069126129150391e+00 1.135609531402587891e+01 1.135609436035156250e+01 6.691076278686523438e+00 2.322900533676147461e+00 4.751506447792053223e-01 5.726643651723861694e-02 4.066635388880968094e-03 1.701518631307408214e-04 4.194150278635788709e-06 6.049088341342212516e-08 1.359279799828527757e-09 7.161538206901241210e-08 2.247637212349218316e-06 4.125417399336583912e-05 4.457687318790704012e-04 2.840070053935050964e-03 1.065386552363634109e-02 2.356471307575702667e-02 3.068843670189380646e-02
2.338558249175548553e-02 1.057290844619274139e-02 2.818489680066704750e-03 4.423818609211593866e-04 4.094047835678793490e-05 2.230729023722233251e-06 7.065484908252983587e-08 7.744901386885771899e-10 -1.053420337071564461e-10 6.039630306986509822e-08 4.185680154478177428e-06 1.697951229289174080e-04 4.058092366904020309e-03 5.714637413620948792e-02 4.741543531417846680e-01 2.318022727966308594e+00 6.677038192749023438e+00 1.133227539062500000e+01 1.133227539062500000e+01 6.677046298980712891e+00 2.318026781082153320e+00 4.741542935371398926e-01 5.714631080627441406e-02 4.058111924678087234e-03 1.697951665846630931e-04 4.185343641438521445e-06 6.030230537135139457e-08 1.243726011068702064e-09 7.098542909034222248e-08 2.230554173365817405e-06 4.094060568604618311e-05 4.423797072377055883e-04 2.818476641550660133e-03 1.057287864387035370e-02 2.338555827736854553e-02 3.045511059463024139e-02
2.322112023830413818e-02 1.049854606389999390e-02 2.798668807372450829e-03 4.392705741338431835e-04 4.065258326590992510e-05 2.215078211520449258e-06 7.015826497536181705e-08 7.966387549629416753e-10 -6.858752454874661453e-11 6.032203003769609495e-08 4.177788468950893730e-06 1.694737584330141544e-04 4.050414077937602997e-03 5.703837797045707703e-02 4.732575714588165283e-01 2.313638687133789062e+00 6.664405822753906250e+00 1.131083774566650391e+01 1.131083774566650391e+01 6.664412498474121094e+00 2.313643455505371094e+00 4.732575714588165283e-01 5.703831836581230164e-02 4.050433635711669922e-03 1.694738894002512097e-04 4.177490609436063096e-06 6.024569643159338739e-08 1.359834911340840335e-09 7.052283024222560925e-08 2.214877895312383771e-06 4.065268512931652367e-05 4.392684495542198420e-04 2.798656234517693520e-03 1.049851905554533005e-02 2.322109416127204895e-02 3.024093061685562134e-02
2.307048439979553223e-02 1.043044310063123703e-02 2.780514303594827652e-03 4.364210471976548433e-04 4.038887345814146101e-05 2.200766857640701346e-06 6.973132116172564565e-08 7.813902858089250003e-10 -9.345760276779913056e-11 6.012274411659745965e-08 4.170692591287661344e-06 1.691847865004092455e-04 4.043507389724254608e-03 5.694104358553886414e-02 4.724504947662353516e-01 2.309691905975341797e+00 6.653037071228027344e+00 1.129154586791992188e+01 1.129154586791992188e+01 6.653045654296875000e+00 2.309696674346923828e+00 4.724504947662353516e-01 5.694096907973289490e-02 4.043526016175746918e-03 1.691847865004092455e-04 4.170336978859268129e-06 6.020076881441127625e-08 1.344001798742056053e-09 7.010846303501239163e-08 2.200499238824704662e-06 4.038894985569640994e-05 4.364188644103705883e-04 2.780501963570713997e-03 1.043041422963142395e-02 2.307045646011829376e-02 3.004473634064197540e-02
2.293278463184833527e-02 1.036819629371166229e-02 2.763916971161961555e-03 4.338162543717771769e-04 4.014786463812924922e-05 2.187675818277057260e-06 6.940982899550363072e-08 8.183718702703401959e-10 -1.241190622502941210e-10 6.000954044793616049e-08 4.164304755249759182e-06 1.689246419118717313e-04 4.037288017570972443e-03 5.685351416468620300e-02 4.717241823673248291e-01 2.306141376495361328e+00 6.642812252044677734e+00 1.127418518066406250e+01 1.127418518066406250e+01 6.642820358276367188e+00 2.306145429611206055e+00 4.717241823673248291e-01 5.685343593358993530e-02 4.037306178361177444e-03 1.689247146714478731e-04 4.163939593126997352e-06 6.013715392327867448e-08 1.361973533953175775e-09 6.970052623955780291e-08 2.187404788855928928e-06 4.014793739770539105e-05 4.338141879998147488e-04 2.763904863968491554e-03 1.036816556006669998e-02 2.293275669217109680e-02 2.986542321741580963e-02
2.280713804066181183e-02 1.031138468533754349e-02 2.748772967606782913e-03 4.314390243962407112e-04 3.992788697360083461e-05 2.175673671445110813e-06 6.908300065333605744e-08 8.692471187288219880e-10 -1.931064752547229091e-10 5.990774099018381094e-08 4.158483079663710669e-06 1.686905306996777654e-04 4.031693097203969955e-03 5.677469819784164429e-02 4.710702598094940186e-01 2.302943468093872070e+00 6.633604049682617188e+00 1.125856304168701172e+01 1.125856304168701172e+01 6.633611679077148438e+00 2.302947759628295898e+00 4.710702300071716309e-01 5.677462369203567505e-02 4.031712189316749573e-03 1.686906325630843639e-04 4.158201136306161061e-06 5.997725338602322154e-08 1.363513191243725942e-09 6.928983253828846500e-08 2.175404688387061469e-06 3.992797064711339772e-05 4.314370162319391966e-04 2.748760394752025604e-03 1.031135767698287964e-02 2.280710265040397644e-02 2.970179915428161621e-02
2.269265428185462952e-02 1.025962922722101212e-02 2.734978683292865753e-03 4.292738158255815506e-04 3.972744525526650250e-05 2.164727447961922735e-06 6.873402469409484183e-08 8.384593019883368470e-10 -9.790527416564387408e-11 5.984918516332982108e-08 4.153248937655007467e-06 1.684798771748319268e-04 4.026659764349460602e-03 5.670377612113952637e-02 4.704816639423370361e-01 2.300067663192749023e+00 6.625315666198730469e+00 1.124450016021728516e+01 1.124450016021728516e+01 6.625323772430419922e+00 2.300071716308593750e+00 4.704816341400146484e-01 5.670369043946266174e-02 4.026679322123527527e-03 1.684797316556796432e-04 4.152992914896458387e-06 5.993158680439591990e-08 1.352479683802698673e-09 6.900103954876612988e-08 2.164494617318268865e-06 3.972760896431282163e-05 4.292718076612800360e-04 2.734966110438108444e-03 1.025960408151149750e-02 2.269263193011283875e-02 2.955271676182746887e-02
2.258850447833538055e-02 1.021253783255815506e-02 2.722424454987049103e-03 4.273034573998302221e-04 3.954513522330671549e-05 2.154796675313264132e-06 6.845534272770237294e-08 8.469680512490640467e-10 -1.198436350158260666e-10 5.979652684118264006e-08 4.148611424170667306e-06 1.682901347521692514e-04 4.022125620394945145e-03 5.663992464542388916e-02 4.699521660804748535e-01 2.297479152679443359e+00 6.617857933044433594e+00 1.123183059692382812e+01 1.123183059692382812e+01 6.617866039276123047e+00 2.297483682632446289e+00 4.699521362781524658e-01 5.663985759019851685e-02 4.022143781185150146e-03 1.682900910964235663e-04 4.148270818404853344e-06 5.986788664813502692e-08 1.300860308361961870e-09 6.866400781291304156e-08 2.154609319404698908e-06 3.954524436267092824e-05 4.273013328202068806e-04 2.722412347793579102e-03 1.021250803023576736e-02 2.258848398923873901e-02 2.941705472767353058e-02
2.249384485185146332e-02 1.016974356025457382e-02 2.711016219109296799e-03 4.255125531926751137e-04 3.937943984055891633e-05 2.145791313523659483e-06 6.823023568358621560e-08 9.063662043118370093e-10 -6.508216882084028043e-11 5.981534201282556751e-08 4.144425020058406517e-06 1.681194553384557366e-04 4.018044564872980118e-03 5.658248811960220337e-02 4.694757163524627686e-01 2.295149564743041992e+00 6.611155033111572266e+00 1.122045516967773438e+01 1.122045516967773438e+01 6.611162662506103516e+00 2.295153379440307617e+00 4.694756865501403809e-01 5.658243596553802490e-02 4.018063656985759735e-03 1.681193680269643664e-04 4.144114427617751062e-06 5.986837692262270139e-08 1.371330382582414131e-09 6.842144273377925856e-08 2.145590769941918552e-06 3.937950896215625107e-05 4.255107196513563395e-04 2.711003180593252182e-03 1.016971375793218613e-02 2.249382436275482178e-02 2.929379977285861969e-02
2.240790054202079773e-02 1.013088971376419067e-02 2.700658515095710754e-03 4.238872788846492767e-04 3.922898395103402436e-05 2.137571300409035757e-06 6.801625573871206143e-08 8.553093233665265416e-10 -3.235390080846833882e-11 5.979917006015966763e-08 4.140664259466575459e-06 1.679659762885421515e-04 4.014370031654834747e-03 5.653076991438865662e-02 4.690463840961456299e-01 2.293053865432739258e+00 6.605104923248291016e+00 1.121019077301025391e+01 1.121019077301025391e+01 6.605116844177246094e+00 2.293058156967163086e+00 4.690463244915008545e-01 5.653071030974388123e-02 4.014387261122465134e-03 1.679659762885421515e-04 4.140339569858042523e-06 5.988867002315600985e-08 1.348424372160650364e-09 6.818035558353585657e-08 2.137411911462550052e-06 3.922904579667374492e-05 4.238853289280086756e-04 2.700645709410309792e-03 1.013086270540952682e-02 2.240788191556930542e-02 2.918188832700252533e-02
2.232997305691242218e-02 1.009565684944391251e-02 2.691266825422644615e-03 4.224131116643548012e-04 3.909255974576808512e-05 2.130126404153998010e-06 6.772586402803426608e-08 7.783141908745960791e-10 -4.429032487984763122e-11 5.978459682864922797e-08 4.137278210691874847e-06 1.678276312304660678e-04 4.011069890111684799e-03 5.648428574204444885e-02 4.686605930328369141e-01 2.291166543960571289e+00 6.599673748016357422e+00 1.120097923278808594e+01 1.120097923278808594e+01 6.599683284759521484e+00 2.291170597076416016e+00 4.686605930328369141e-01 5.648421496152877808e-02 4.011087585240602493e-03 1.678276894381269813e-04 4.136972620472079143e-06 5.980447070896843798e-08 1.317015718704794836e-09 6.790178019855375169e-08 2.129930635419441387e-06 3.909271254087798297e-05 4.224109288770705462e-04 2.691254252567887306e-03 1.009563077241182327e-02 2.232995256781578064e-02 2.908039465546607971e-02
2.225934341549873352e-02 1.006371807307004929e-02 2.682752441614866257e-03 4.210767219774425030e-04 3.896889393217861652e-05 2.123413878507562913e-06 6.753447223672992550e-08 7.028102544381908956e-10 -1.364096422623584104e-11 5.967216765156990732e-08 4.134163191338302568e-06 1.677033142186701298e-04 4.008094780147075653e-03 5.644245818257331848e-02 4.683132171630859375e-01 2.289467096328735352e+00 6.594782352447509766e+00 1.119267463684082031e+01 1.119267463684082031e+01 6.594789981842041016e+00 2.289470911026000977e+00 4.683131873607635498e-01 5.644239112734794617e-02 4.008114803582429886e-03 1.677033724263310432e-04 4.133840775466524065e-06 5.974899153216028935e-08 1.284311323956899287e-09 6.770673621758760419e-08 2.123176045643049292e-06 3.896906855516135693e-05 4.210746556054800749e-04 2.682739868760108948e-03 1.006368920207023621e-02 2.225932478904724121e-02 2.898839488625526428e-02
2.219538018107414246e-02 1.003480516374111176e-02 2.675044117495417595e-03 4.198669048491865396e-04 3.885685509885661304e-05 2.117211352015146986e-06 6.736762259151873877e-08 6.928052576071763724e-10 -2.612967568010882147e-12 5.963726579238937120e-08 4.131432433496229351e-06 1.675914536463096738e-04 4.005427006632089615e-03 5.640480294823646545e-02 4.680011272430419922e-01 2.287940263748168945e+00 6.590384006500244141e+00 1.118520832061767578e+01 1.118520736694335938e+01 6.590390205383300781e+00 2.287944078445434570e+00 4.680010676383972168e-01 5.640472471714019775e-02 4.005445633083581924e-03 1.675914536463096738e-04 4.131127298023784533e-06 5.966217742070512031e-08 1.291833640060247035e-09 6.746979153149368358e-08 2.117033318427274935e-06 3.885697879013605416e-05 4.198651586193591356e-04 2.675031777471303940e-03 1.003478001803159714e-02 2.219536155462265015e-02 2.890510298311710358e-02
2.213750220835208893e-02 1.000862568616867065e-02 2.668068045750260353e-03 4.187715821899473667e-04 3.875558468280360103e-05 2.111706635332666337e-06 6.719155720702474355e-08 6.848356326472071487e-10 -2.580091695847386291e-11 5.957278759183282091e-08 4.129033186472952366e-06 1.674910308793187141e-04 4.003023728728294373e-03 5.637093260884284973e-02 4.677207469940185547e-01 2.286568164825439453e+00 6.586433887481689453e+00 1.117849159240722656e+01 1.117849159240722656e+01 6.586442470550537109e+00 2.286571741104125977e+00 4.677206873893737793e-01 5.637086927890777588e-02 4.003041889518499374e-03 1.674909581197425723e-04 4.128692125959787518e-06 5.959847371173054853e-08 1.249231273980910828e-09 6.732912538609525654e-08 2.111542926286347210e-06 3.875565744237974286e-05 4.187699232716113329e-04 2.668055705726146698e-03 1.000859960913658142e-02 2.213747985661029816e-02 2.882973663508892059e-02
2.208513580262660980e-02 9.984962642192840576e-03 2.661756705492734909e-03 4.177812661509960890e-04 3.866398037644103169e-05 2.106681904479046352e-06 6.701318255863952800e-08 6.352360304440196614e-10 -1.211746536444735511e-10 5.951488191158205154e-08 4.126703515794361010e-06 1.674010709393769503e-04 4.000873304903507233e-03 5.634066462516784668e-02 4.674692749977111816e-01 2.285340070724487305e+00 6.582896709442138672e+00 1.117249870300292969e+01 1.117249870300292969e+01 6.582904815673828125e+00 2.285344123840332031e+00 4.674692451953887939e-01 5.634060129523277283e-02 4.000891465693712234e-03 1.674010418355464935e-04 4.126429303141776472e-06 5.951031312179111410e-08 1.227445922680203694e-09 6.713363376320558018e-08 2.106503643517498858e-06 3.866402039420790970e-05 4.177793744020164013e-04 2.661745063960552216e-03 9.984936565160751343e-03 2.208510600030422211e-02 2.876154892146587372e-02
2.203781902790069580e-02 9.963569231331348419e-03 2.656053984537720680e-03 4.168862651567906141e-04 3.858113632304593921e-05 2.102168082274147309e-06 6.685431941377828480e-08 6.444061395605160669e-10 -9.938948969390182242e-11 5.952920645313497516e-08 4.124812676309375092e-06 1.673209480941295624e-04 3.998954780399799347e-03 5.631361529231071472e-02 4.672448635101318359e-01 2.284241437911987305e+00 6.579734802246093750e+00 1.116714191436767578e+01 1.116714191436767578e+01 6.579743385314941406e+00 2.284246206283569336e+00 4.672448039054870605e-01 5.631357058882713318e-02 3.998972009867429733e-03 1.673206425039097667e-04 4.124453425902174786e-06 5.944559333670440537e-08 1.226320378577838710e-09 6.701498733718835865e-08 2.101981408486608416e-06 3.858126365230418742e-05 4.168842569924890995e-04 2.656041411682963371e-03 9.963540360331535339e-03 2.203779295086860657e-02 2.869991585612297058e-02
2.199504710733890533e-02 9.944231249392032623e-03 2.650900045409798622e-03 4.160773241892457008e-04 3.850629218504764140e-05 2.098184722854057327e-06 6.679917419205594342e-08 6.278234598866561100e-10 -8.805744328155284961e-11 5.947640602244064212e-08 4.123074177186936140e-06 1.672498328844085336e-04 3.997259773313999176e-03 5.628977343440055847e-02 4.670464992523193359e-01 2.283274412155151367e+00 6.576938152313232422e+00 1.116239547729492188e+01 1.116239547729492188e+01 6.576947689056396484e+00 2.283277988433837891e+00 4.670464694499969482e-01 5.628970265388488770e-02 3.997278399765491486e-03 1.672495418461039662e-04 4.122649443161208183e-06 5.938557734452842851e-08 1.264187088345636312e-09 6.690856224622621085e-08 2.097916876664385200e-06 3.850646680803038180e-05 4.160752869211137295e-04 2.650889102369546890e-03 9.944204241037368774e-03 2.199502103030681610e-02 2.864423021674156189e-02
2.195642143487930298e-02 9.926770813763141632e-03 2.646243665367364883e-03 4.153466725256294012e-04 3.843872036668471992e-05 2.094482852044166066e-06 6.672875230151475989e-08 6.936143326363719552e-10 -4.473754700029530795e-11 5.946283465618762420e-08 4.121507572563132271e-06 1.671881764195859432e-04 3.995787352323532104e-03 5.626900494098663330e-02 4.668749570846557617e-01 2.282432556152343750e+00 6.574524402618408203e+00 1.115829181671142578e+01 1.115829181671142578e+01 6.574531078338623047e+00 2.282436370849609375e+00 4.668748974800109863e-01 5.626894906163215637e-02 3.995804581791162491e-03 1.671880600042641163e-04 4.121128313272492960e-06 5.938438008001867274e-08 1.325030751786471228e-09 6.683880826585664181e-08 2.094254568874021061e-06 3.843882223009131849e-05 4.153447225689888000e-04 2.646231558173894882e-03 9.926744736731052399e-03 2.195640280842781067e-02 2.859391458332538605e-02
2.192155085504055023e-02 9.911002591252326965e-03 2.642042236402630806e-03 4.146869177930057049e-04 3.837764234049245715e-05 2.091143187499255873e-06 6.668150120958671323e-08 7.486871123063565392e-10 2.541265158376160294e-12 5.951828896400002122e-08 4.120263838558457792e-06 1.671368372626602650e-04 3.994556609541177750e-03 5.625173822045326233e-02 4.667313992977142334e-01 2.281732559204101562e+00 6.572503566741943359e+00 1.115487003326416016e+01 1.115487003326416016e+01 6.572513580322265625e+00 2.281736850738525391e+00 4.667313992977142334e-01 5.625167489051818848e-02 3.994573373347520828e-03 1.671367936069145799e-04 4.119876393815502524e-06 5.940499647749675205e-08 1.342848388041772978e-09 6.673234054233034840e-08 2.090945599775295705e-06 3.837779877358116210e-05 4.146852297708392143e-04 2.642031526193022728e-03 9.910972788929939270e-03 2.192152105271816254e-02 2.854850515723228455e-02
2.189007960259914398e-02 9.896775707602500916e-03 2.638248493894934654e-03 4.140913370065391064e-04 3.832257425528950989e-05 2.088112751152948476e-06 6.655113082842945005e-08 7.423730519207083489e-10 -5.422772647589724215e-11 5.947136827444410301e-08 4.119241566513665020e-06 1.670977217145264149e-04 3.993621561676263809e-03 5.623851343989372253e-02 4.666214883327484131e-01 2.281199693679809570e+00 6.570957183837890625e+00 1.115224456787109375e+01 1.115224456787109375e+01 6.570965766906738281e+00 2.281203746795654297e+00 4.666214585304260254e-01 5.623845756053924561e-02 3.993640188127756119e-03 1.670976344030350447e-04 4.118905508221359923e-06 5.933947733183231321e-08 1.383442804758772127e-09 6.661252172079912270e-08 2.087937446049181744e-06 3.832269430859014392e-05 4.140895907767117023e-04 2.638237318024039268e-03 9.896749630570411682e-03 2.189004980027675629e-02 2.850750274956226349e-02
2.186166308820247650e-02 9.883933700621128082e-03 2.634825650602579117e-03 4.135543131269514561e-04 3.827294494840316474e-05 2.085476126012508757e-06 6.653502993003712618e-08 7.729085704788474231e-10 -4.733576378090909031e-11 5.943313396983285202e-08 4.118675406061811373e-06 1.670737256063148379e-04 3.993048332631587982e-03 5.623050779104232788e-02 4.665550291538238525e-01 2.280869722366333008e+00 6.570021629333496094e+00 1.115064620971679688e+01 1.115064620971679688e+01 6.570029258728027344e+00 2.280874013900756836e+00 4.665549993515014648e-01 5.623045191168785095e-02 3.993066493421792984e-03 1.670736528467386961e-04 4.118318429391365498e-06 5.940824010508549691e-08 1.391036730247208197e-09 6.655931628074540640e-08 2.085262394757592119e-06 3.827303953585214913e-05 4.135525960009545088e-04 2.634814241901040077e-03 9.883904829621315002e-03 2.186163701117038727e-02 2.847051806747913361e-02
2.183605544269084930e-02 9.872348979115486145e-03 2.631736919283866882e-03 4.130696761421859264e-04 3.822807047981768847e-05 2.082986156892729923e-06 6.647427852612963761e-08 7.807301471984828822e-10 3.158267918024204590e-13 5.940539793414245651e-08 4.118622655369108543e-06 1.670706842560321093e-04 3.992978017777204514e-03 5.622947588562965393e-02 4.665463864803314209e-01 2.280831098556518555e+00 6.569895744323730469e+00 1.115045261383056641e+01 1.115045261383056641e+01 6.569903373718261719e+00 2.280834913253784180e+00 4.665463268756866455e-01 5.622942373156547546e-02 3.992997109889984131e-03 1.670705678407102823e-04 4.118249307794030756e-06 5.938174751918268157e-08 1.400443760957159611e-09 6.647569961160115781e-08 2.082766286548576318e-06 3.822823055088520050e-05 4.130678134970366955e-04 2.631725976243615150e-03 9.872321970760822296e-03 2.183603681623935699e-02 2.843717299401760101e-02
2.181295678019523621e-02 9.861903265118598938e-03 2.628953661769628525e-03 4.126325948163866997e-04 3.818762343144044280e-05 2.080779040625202470e-06 6.644631156405012007e-08 7.774211829847388344e-10 1.017595990110420345e-11 5.945695491504920938e-08 4.119146069569978863e-06 1.670965430093929172e-04 3.993595950305461884e-03 5.623817816376686096e-02 4.666186869144439697e-01 2.281183958053588867e+00 6.570921421051025391e+00 1.115217113494873047e+01 1.115217113494873047e+01 6.570929050445556641e+00 2.281187772750854492e+00 4.666186273097991943e-01 5.623812228441238403e-02 3.993615508079528809e-03 1.670965284574776888e-04 4.118875494896201417e-06 5.939147484923523734e-08 1.373963831596825003e-09 6.639908889383150381e-08 2.080594413200742565e-06 3.818775803665630519e-05 4.126308194827288389e-04 2.628942485898733139e-03 9.861875325441360474e-03 2.181292511522769928e-02 2.840707637369632721e-02
2.179213985800743103e-02 9.852492250502109528e-03 2.626446075737476349e-03 4.122390528209507465e-04 3.815113086602650583e-05 2.078781108139082789e-06 6.636547311700269347e-08 7.785833644469164483e-10 -2.220848852041434895e-11 5.945260284079267876e-08 4.120884113945066929e-06 1.671632198849692941e-04 3.995190840214490891e-03 5.626065284013748169e-02 4.668050706386566162e-01 2.282096862792968750e+00 6.573546886444091797e+00 1.115662765502929688e+01 1.115662765502929688e+01 6.573553562164306641e+00 2.282101154327392578e+00 4.668050110340118408e-01 5.626058578491210938e-02 3.995210397988557816e-03 1.671631616773083806e-04 4.120547146158060059e-06 5.939695668644162652e-08 1.430236595822975687e-09 6.630298088339259266e-08 2.078614897982333787e-06 3.815130185103043914e-05 4.122371319681406021e-04 2.626434667035937309e-03 9.852466173470020294e-03 2.179211564362049103e-02 2.837997861206531525e-02
2.177340723574161530e-02 9.844024665653705597e-03 2.624188316985964775e-03 4.118845972698181868e-04 3.811827627941966057e-05 2.076958026009378955e-06 6.626321891189945745e-08 7.961875603257340117e-10 1.506729463418565729e-11 5.950466075432814250e-08 4.124024599150288850e-06 1.672870421316474676e-04 3.998144064098596573e-03 5.630225688219070435e-02 4.671509563922882080e-01 2.283782958984375000e+00 6.578411579132080078e+00 1.116487693786621094e+01 1.116487693786621094e+01 6.578419685363769531e+00 2.283787250518798828e+00 4.671509265899658203e-01 5.630220100283622742e-02 3.998162690550088882e-03 1.672868966124951839e-04 4.123678536416264251e-06 5.951952886107392260e-08 1.481671230152414864e-09 6.625658244274745812e-08 2.076806595141533762e-06 3.811843998846597970e-05 4.118829965591430664e-04 2.624176209792494774e-03 9.843997657299041748e-03 2.177338302135467529e-02 2.835557982325553894e-02
2.175659872591495514e-02 9.836427867412567139e-03 2.622161526232957840e-03 4.115668125450611115e-04 3.808884866884909570e-05 2.075440306725795381e-06 6.620965820047786110e-08 7.778835908744952121e-10 -6.700383997637615607e-11 5.958399285077575769e-08 4.128952696191845462e-06 1.674889499554410577e-04 4.002972505986690521e-03 5.637030676007270813e-02 4.677147567272186279e-01 2.286540269851684570e+00 6.586353778839111328e+00 1.117836380004882812e+01 1.117836380004882812e+01 6.586361885070800781e+00 2.286545276641845703e+00 4.677146971225738525e-01 5.637024343013763428e-02 4.002990201115608215e-03 1.674888480920344591e-04 4.128592991037294269e-06 5.950566617229924304e-08 1.379824587921518741e-09 6.618384418288769666e-08 2.075240445265080780e-06 3.808897599810734391e-05 4.115650372114032507e-04 2.622149884700775146e-03 9.836401790380477905e-03 2.175657823681831360e-02 2.833367884159088135e-02
2.174164168536663055e-02 9.829661808907985687e-03 2.620358485728502274e-03 4.112836322747170925e-04 3.806270251516252756e-05 2.074054009426617995e-06 6.613486647211175296e-08 6.838022370558860530e-10 -1.156487197673250478e-10 5.963399019037751714e-08 4.136537427257280797e-06 1.677960826782509685e-04 4.010314587503671646e-03 5.647364258766174316e-02 4.685721695423126221e-01 2.290732383728027344e+00 6.598427772521972656e+00 1.119887638092041016e+01 1.119887638092041016e+01 6.598436355590820312e+00 2.290736675262451172e+00 4.685721695423126221e-01 5.647359043359756470e-02 4.010332748293876648e-03 1.677961263339966536e-04 4.136169536650413647e-06 5.960814775107792229e-08 1.345602740343565529e-09 6.606490643434881349e-08 2.073785481115919538e-06 3.806278982665389776e-05 4.112817405257374048e-04 2.620346611365675926e-03 9.829637594521045685e-03 2.174162305891513824e-02 2.831419743597507477e-02
2.172856219112873077e-02 9.823748841881752014e-03 2.618782920762896538e-03 4.110362497158348560e-04 3.803976142080500722e-05 2.072761162708047777e-06 6.607118052670557518e-08 6.425928678055470300e-10 -1.009669847729099956e-10 5.983834938660947955e-08 4.147430445300415158e-06 1.682398869888857007e-04 4.020921420305967331e-03 5.662299692630767822e-02 4.698118269443511963e-01 2.296792268753051758e+00 6.615882873535156250e+00 1.122849082946777344e+01 1.122849082946777344e+01 6.615891456604003906e+00 2.296796798706054688e+00 4.698117971420288086e-01 5.662293359637260437e-02 4.020939581096172333e-03 1.682397414697334170e-04 4.147092568018706515e-06 5.974981576173377107e-08 1.393961057694070860e-09 6.605093005873641232e-08 2.072517418127972633e-06 3.803982326644472778e-05 4.110345034860074520e-04 2.618770813569426537e-03 9.823721833527088165e-03 2.172853611409664154e-02 2.829715795814990997e-02
2.171761356294155121e-02 9.818798862397670746e-03 2.617461839690804482e-03 4.108289431314915419e-04 3.802059654844924808e-05 2.071742301268386655e-06 6.606013869259186322e-08 6.179254885552154519e-10 -2.913955882144492193e-11 6.009984332422391162e-08 4.162517598160775378e-06 1.688563206698745489e-04 4.035654477775096893e-03 5.683048814535140991e-02 4.715332686901092529e-01 2.305207729339599609e+00 6.640120983123779297e+00 1.126963043212890625e+01 1.126963043212890625e+01 6.640131950378417969e+00 2.305211782455444336e+00 4.715332388877868652e-01 5.683040991425514221e-02 4.035672638565301895e-03 1.688562042545527220e-04 4.162286586506525055e-06 5.998594332368156756e-08 1.477322819631865514e-09 6.602631685836968245e-08 2.071507879009004682e-06 3.802061110036447644e-05 4.108269931748509407e-04 2.617450663819909096e-03 9.818770922720432281e-03 2.171758376061916351e-02 2.828290127217769623e-02
2.170938067138195038e-02 9.815080091357231140e-03 2.616471378132700920e-03 4.106735577806830406e-04 3.800619015237316489e-05 2.070920800179010257e-06 6.601037938480658340e-08 5.771029765178070647e-10 -5.472422515140351607e-11 6.036635369355281000e-08 4.182791599305346608e-06 1.696829422144219279e-04 4.055411089211702347e-03 5.710868537425994873e-02 4.738414883613586426e-01 2.316492795944213867e+00 6.672627449035644531e+00 1.132479763031005859e+01 1.132479763031005859e+01 6.672636508941650391e+00 2.316497087478637695e+00 4.738414585590362549e-01 5.710863694548606873e-02 4.055431112647056580e-03 1.696828549029305577e-04 4.182644261163659394e-06 6.025890542105116765e-08 1.470693233862618854e-09 6.602326152460591402e-08 2.070678419840987772e-06 3.800618287641555071e-05 4.106717533431947231e-04 2.616459503769874573e-03 9.815054945647716522e-03 2.170935645699501038e-02 2.827219665050506592e-02
2.170505188405513763e-02 9.813121519982814789e-03 2.615948207676410675e-03 4.105913394596427679e-04 3.799860496656037867e-05 2.070482196359080262e-06 6.599535851137261488e-08 4.513743823153504309e-10 -9.329932659785100668e-11 6.069094382610273897e-08 4.209147846268024296e-06 1.707560586510226130e-04 4.081054124981164932e-03 5.746977031230926514e-02 4.768377244472503662e-01 2.331140279769897461e+00 6.714822292327880859e+00 1.139639472961425781e+01 1.139639472961425781e+01 6.714831352233886719e+00 2.331144571304321289e+00 4.768376946449279785e-01 5.746971070766448975e-02 4.081072285771369934e-03 1.707557385088875890e-04 4.209060989524004981e-06 6.052964351965783862e-08 1.364771629042138557e-09 6.602101620956091210e-08 2.070271420961944386e-06 3.799863770836964250e-05 4.105895350221544504e-04 2.615936798974871635e-03 9.813093580305576324e-03 2.170502953231334686e-02 2.826655842363834381e-02
2.170658484101295471e-02 9.813819080591201782e-03 2.616135170683264732e-03 4.106207925360649824e-04 3.800132253672927618e-05 2.070577920676441863e-06 6.599615431923666620e-08 3.982430774041034738e-10 -7.716896566201114638e-11 6.118681739053499768e-08 4.242475370119791478e-06 1.721056905807927251e-04 4.113312344998121262e-03 5.792406946420669556e-02 4.806068837642669678e-01 2.349567413330078125e+00 6.767898082733154297e+00 1.148648071289062500e+01 1.148648071289062500e+01 6.767908096313476562e+00 2.349571943283081055e+00 4.806068539619445801e-01 5.792400985956192017e-02 4.113330040127038956e-03 1.721054286463186145e-04 4.242296199663542211e-06 6.098070315374570782e-08 1.339065081040757832e-09 6.601342761314299423e-08 2.070406935672508553e-06 3.800135891651734710e-05 4.106189298909157515e-04 2.616122830659151077e-03 9.813794866204261780e-03 2.170655876398086548e-02 2.826856076717376709e-02
2.171712927520275116e-02 9.818579070270061493e-03 2.617404330521821976e-03 4.108200664632022381e-04 3.801971615757793188e-05 2.071556082228198647e-06 6.596844315254202229e-08 4.187288571433356310e-10 -6.132921948065472861e-11 6.168837529685333720e-08 4.283109774405602366e-06 1.737521088216453791e-04 4.152658395469188690e-03 5.847814679145812988e-02 4.852040410041809082e-01 2.372042655944824219e+00 6.832637786865234375e+00 1.159636592864990234e+01 1.159636592864990234e+01 6.832647323608398438e+00 2.372047185897827148e+00 4.852039813995361328e-01 5.847808346152305603e-02 4.152676090598106384e-03 1.737518177833408117e-04 4.282895588403334841e-06 6.156031417958729435e-08 1.330994425785547719e-09 6.604246038932615193e-08 2.071345079457387328e-06 3.801975617534480989e-05 4.108180291950702667e-04 2.617393154650926590e-03 9.818556718528270721e-03 2.171710506081581116e-02 2.828227169811725616e-02
2.174114622175693512e-02 9.829439222812652588e-03 2.620298182591795921e-03 4.112742608413100243e-04 3.806173117482103407e-05 2.073814357572700828e-06 6.602681423828471452e-08 4.992612989695999204e-10 -7.048316097435503025e-11 6.240548344749186072e-08 4.331012405600631610e-06 1.756986457621678710e-04 4.199185874313116074e-03 5.913329869508743286e-02 4.906401038169860840e-01 2.398618936538696289e+00 6.909185409545898438e+00 1.172627925872802734e+01 1.172627925872802734e+01 6.909193992614746094e+00 2.398623466491699219e+00 4.906400442123413086e-01 5.913324281573295593e-02 4.199204500764608383e-03 1.756983256200328469e-04 4.330835963628487661e-06 6.224602344673257903e-08 1.288499418272692765e-09 6.611622183072540793e-08 2.073642463074065745e-06 3.806179302046075463e-05 4.112725146114826202e-04 2.620286541059613228e-03 9.829412214457988739e-03 2.174112387001514435e-02 2.831355482339859009e-02
2.178462594747543335e-02 9.849097579717636108e-03 2.625539666041731834e-03 4.120968806091696024e-04 3.813787770923227072e-05 2.078013494610786438e-06 6.615062630999091198e-08 5.200079811196189894e-10 -5.242039788355690177e-11 6.325553414399109897e-08 4.386107775644632056e-06 1.779290469130501151e-04 4.252491053193807602e-03 5.988397449254989624e-02 4.968686103820800781e-01 2.429068565368652344e+00 6.996896743774414062e+00 1.187515258789062500e+01 1.187515258789062500e+01 6.996905803680419922e+00 2.429072618484497070e+00 4.968686103820800781e-01 5.988391116261482239e-02 4.252511542290449142e-03 1.779289596015587449e-04 4.385798092698678374e-06 6.309419120498205302e-08 1.249500614086684891e-09 6.626947879340150394e-08 2.077822728097089566e-06 3.813796502072364092e-05 4.120949306525290012e-04 2.625528257340192795e-03 9.849071502685546875e-03 2.178459987044334412e-02 2.837018296122550964e-02
2.185488119721412659e-02 9.880857542157173157e-03 2.634006319567561150e-03 4.134256741963326931e-04 3.826085230684839189e-05 2.084680090774782002e-06 6.632080840063281357e-08 4.538332487591389963e-10 -7.612524499656103671e-11 6.412137310007892665e-08 4.447016635822365060e-06 1.804031635401770473e-04 4.311630036681890488e-03 6.071670725941658020e-02 5.037773847579956055e-01 2.462842702865600586e+00 7.094192504882812500e+00 1.204026317596435547e+01 1.204026317596435547e+01 7.094199657440185547e+00 2.462847232818603516e+00 5.037773847579956055e-01 6.071663275361061096e-02 4.311649128794670105e-03 1.804030325729399920e-04 4.446854291018098593e-06 6.397936402890991303e-08 1.255303971881005509e-09 6.642044780846845242e-08 2.084487277898006141e-06 3.826087413472123444e-05 4.134238115511834621e-04 2.633994910866022110e-03 9.880833327770233154e-03 2.185485512018203735e-02 2.846166864037513733e-02
2.195987291634082794e-02 9.928328916430473328e-03 2.646660897880792618e-03 4.154118068981915712e-04 3.844470847980119288e-05 2.094780029437970370e-06 6.671069030517173815e-08 5.453637541563693958e-10 1.146797240503261150e-11 6.511966432753979461e-08 4.512482973950682208e-06 1.830568508012220263e-04 4.375043325126171112e-03 6.160979717969894409e-02 5.111876130104064941e-01 2.499075174331665039e+00 7.198539257049560547e+00 1.221738147735595703e+01 1.221738147735595703e+01 7.198549270629882812e+00 2.499079465866088867e+00 5.111875534057617188e-01 6.160974130034446716e-02 4.375064745545387268e-03 1.830567198339849710e-04 4.512293799052713439e-06 6.492064841268074815e-08 1.349788059101797444e-09 6.682074626951362006e-08 2.094555156872957014e-06 3.844477032544091344e-05 4.154100606683641672e-04 2.646649954840540886e-03 9.928300045430660248e-03 2.195985242724418640e-02 2.859840728342533112e-02
2.210726588964462280e-02 9.994969703257083893e-03 2.664426108822226524e-03 4.182001866865903139e-04 3.870277578243985772e-05 2.108817398038809188e-06 6.713476352615543874e-08 5.428929528150661099e-10 2.517181428574044588e-11 6.608016889231294044e-08 4.580225322570186108e-06 1.858028408605605364e-04 4.440676886588335037e-03 6.253408640623092651e-02 5.188561081886291504e-01 2.536560773849487305e+00 7.306534290313720703e+00 1.240066719055175781e+01 1.240066719055175781e+01 7.306543827056884766e+00 2.536565303802490234e+00 5.188561081886291504e-01 6.253401935100555420e-02 4.440697375684976578e-03 1.858028990682214499e-04 4.580023869493743405e-06 6.591865542304731207e-08 1.368069768581392509e-09 6.726877899154715124e-08 2.108542048517847434e-06 3.870283399010077119e-05 4.181984113529324532e-04 2.664413768798112869e-03 9.994943626224994659e-03 2.210723981261253357e-02 2.879034914076328278e-02
2.230291254818439484e-02 1.008342020213603973e-02 2.688002772629261017e-03 4.219013208057731390e-04 3.904532059095799923e-05 2.127551397279603407e-06 6.776802763397427043e-08 6.327710022624444264e-10 7.142525459968851465e-11 6.703886867853725562e-08 4.647552032110979781e-06 1.885375677375122905e-04 4.506040830165147781e-03 6.345444172620773315e-02 5.264937877655029297e-01 2.573897123336791992e+00 7.414078235626220703e+00 1.258318233489990234e+01 1.258318233489990234e+01 7.414086818695068359e+00 2.573901653289794922e+00 5.264937877655029297e-01 6.345438212156295776e-02 4.506063181906938553e-03 1.885376550490036607e-04 4.647437435778556392e-06 6.686575915182402241e-08 1.430861540363537188e-09 6.787868045421419083e-08 2.127227389792096801e-06 3.904542973032221198e-05 4.218993126414716244e-04 2.687991131097078323e-03 1.008339505642652512e-02 2.230289205908775330e-02 2.904515713453292847e-02
2.254926599562168121e-02 1.019480638206005096e-02 2.717696828767657280e-03 4.265618335921317339e-04 3.947663572034798563e-05 2.151093212887644768e-06 6.845691302714840276e-08 6.929670726130154890e-10 8.867235418152930038e-11 6.802089558277657488e-08 4.711799192591570318e-06 1.911468716571107507e-04 4.568403586745262146e-03 6.433275341987609863e-02 5.337808132171630859e-01 2.609521389007568359e+00 7.516689300537109375e+00 1.275734424591064453e+01 1.275734424591064453e+01 7.516698837280273438e+00 2.609525918960571289e+00 5.337808132171630859e-01 6.433270126581192017e-02 4.568425938487052917e-03 1.911469007609412074e-04 4.711740530183305964e-06 6.785188588764867745e-08 1.501571866846518333e-09 6.863171364557274501e-08 2.150717136828461662e-06 3.947679942939430475e-05 4.265596508048474789e-04 2.717684954404830933e-03 1.019477657973766327e-02 2.254924178123474121e-02 2.936597727239131927e-02
2.284412086009979248e-02 1.032810471951961517e-02 2.753234235569834709e-03 4.321394953876733780e-04 3.999290493084117770e-05 2.179208877350902185e-06 6.936245000588314724e-08 6.322802836855601072e-10 1.125383050637474014e-10 6.887936621069457033e-08 4.770150098920566961e-06 1.935168111231178045e-04 4.625042434781789780e-03 6.513031572103500366e-02 5.403981804847717285e-01 2.641872406005859375e+00 7.609879493713378906e+00 1.291550350189208984e+01 1.291550350189208984e+01 7.609890460968017578e+00 2.641877651214599609e+00 5.403981208801269531e-01 6.513023376464843750e-02 4.625065717846155167e-03 1.935166656039655209e-04 4.770171926793409511e-06 6.879218972244416364e-08 1.620275136282600670e-09 6.957931475426448742e-08 2.178888962589553557e-06 3.999297769041731954e-05 4.321376327425241470e-04 2.753222826868295670e-03 1.032807584851980209e-02 2.284409664571285248e-02 2.974997647106647491e-02
2.317978441715240479e-02 1.047986373305320740e-02 2.793689956888556480e-03 4.384887870401144028e-04 4.058046761201694608e-05 2.211251739936415106e-06 7.040553384740633192e-08 8.487797686917986084e-10 5.918305429064574241e-11 6.958025977610304835e-08 4.820086815016111359e-06 1.955423649633303285e-04 4.673452582210302353e-03 6.581199914216995239e-02 5.460544824600219727e-01 2.669527053833007812e+00 7.689532279968261719e+00 1.305068302154541016e+01 1.305068302154541016e+01 7.689541816711425781e+00 2.669531345367431641e+00 5.460544228553771973e-01 6.581193208694458008e-02 4.673472605645656586e-03 1.955423067556694150e-04 4.820061803911812603e-06 6.950518383064263617e-08 1.607633470790403862e-09 7.058013551386466133e-08 2.210940920122084208e-06 4.058070044266059995e-05 4.384872445371001959e-04 2.793677849695086479e-03 1.047983393073081970e-02 2.317976392805576324e-02 3.018711321055889130e-02
2.354328334331512451e-02 1.064421050250530243e-02 2.837497740983963013e-03 4.453653527889400721e-04 4.121681195101700723e-05 2.245939640488359146e-06 7.144222990973503329e-08 8.418395980314130611e-10 1.874378083299710340e-11 7.016276981630653609e-08 4.859470209339633584e-06 1.971372985281050205e-04 4.711581859737634659e-03 6.634884327650070190e-02 5.505082607269287109e-01 2.691303491592407227e+00 7.752263545989990234e+00 1.315714740753173828e+01 1.315714740753173828e+01 7.752270221710205078e+00 2.691308498382568359e+00 5.505082607269287109e-01 6.634876877069473267e-02 4.711605142802000046e-03 1.971374585991725326e-04 4.859326054429402575e-06 7.010560665321463603e-08 1.593933873778041743e-09 7.162687865047701052e-08 2.245609948658966459e-06 4.121695019421167672e-05 4.453634901437908411e-04 2.837485866621136665e-03 1.064418163150548935e-02 2.354326099157333374e-02 3.066048584878444672e-02
2.391744218766689301e-02 1.081338152289390564e-02 2.882592147216200829e-03 4.524432588368654251e-04 4.187181548331864178e-05 2.281680508531280793e-06 7.254875100670687971e-08 9.338925188728808280e-10 4.756196131383561010e-11 7.056862472154534771e-08 4.886570877715712413e-06 1.982425019377842546e-04 4.737983457744121552e-03 6.672074645757675171e-02 5.535948872566223145e-01 2.706387758255004883e+00 7.795711040496826172e+00 1.323090839385986328e+01 1.323090839385986328e+01 7.795722007751464844e+00 2.706393480300903320e+00 5.535948872566223145e-01 6.672067940235137939e-02 4.738008137792348862e-03 1.982423709705471992e-04 4.886598617304116488e-06 7.053367312437330838e-08 1.680824257555002532e-09 7.282093861249450129e-08 2.281379920532344840e-06 4.187201921013183892e-05 4.524411924649029970e-04 2.882578875869512558e-03 1.081335078924894333e-02 2.391741983592510223e-02 3.114775754511356354e-02
2.428286522626876831e-02 1.097858417779207230e-02 2.926633460447192192e-03 4.593559424392879009e-04 4.251155405654571950e-05 2.316498466825578362e-06 7.371283317070265184e-08 1.018804707264564513e-09 3.913048357562232127e-11 7.078715213992836652e-08 4.901067768514622003e-06 1.988275325857102871e-04 4.751972388476133347e-03 6.691771745681762695e-02 5.552289485931396484e-01 2.714376449584960938e+00 7.818721294403076172e+00 1.326995182037353516e+01 1.326995182037353516e+01 7.818730831146240234e+00 2.714380502700805664e+00 5.552289485931396484e-01 6.691765785217285156e-02 4.751997534185647964e-03 1.988273870665580034e-04 4.901033207715954632e-06 7.072171825939221890e-08 1.689482109767936890e-09 7.398907087008410599e-08 2.316246536793187261e-06 4.251171048963442445e-05 4.593537014443427324e-04 2.926621586084365845e-03 1.097855903208255768e-02 2.428284101188182831e-02 3.162366151809692383e-02
2.462013810873031616e-02 1.113107521086931229e-02 2.967283129692077637e-03 4.657365498133003712e-04 4.310200893087312579e-05 2.348691396036883816e-06 7.491100717516019358e-08 1.064177190812642948e-09 7.987901312622724959e-11 7.082814335035436670e-08 4.903192348137963563e-06 1.989192096516489983e-04 4.754163790494203568e-03 6.694857031106948853e-02 5.554844737052917480e-01 2.715628385543823242e+00 7.822328090667724609e+00 1.327607727050781250e+01 1.327607727050781250e+01 7.822338581085205078e+00 2.715632677078247070e+00 5.554844141006469727e-01 6.694849580526351929e-02 4.754184745252132416e-03 1.989190786844119430e-04 4.903266926703508943e-06 7.076818064888357185e-08 1.670672267195527638e-09 7.505398258444984094e-08 2.348436510146711953e-06 4.310220174374990165e-05 4.657344252336770296e-04 2.967269159853458405e-03 1.113104820251464844e-02 2.462011575698852539e-02 3.206289932131767273e-02
2.491615153849124908e-02 1.126489881426095963e-02 3.002957208082079887e-03 4.713353700935840607e-04 4.362017352832481265e-05 2.376870270381914452e-06 7.576608851422861335e-08 8.463014178339278715e-10 -5.044597031766961948e-11 7.066480378625783487e-08 4.893664936389541253e-06 1.985350245377048850e-04 4.744978621602058411e-03 6.681919097900390625e-02 5.544116497039794922e-01 2.710379600524902344e+00 7.807219505310058594e+00 1.325041484832763672e+01 1.325041484832763672e+01 7.807229042053222656e+00 2.710385084152221680e+00 5.544116497039794922e-01 6.681913137435913086e-02 4.745001439005136490e-03 1.985346607398241758e-04 4.893817276752088219e-06 7.057567330548408790e-08 1.571312413517489404e-09 7.583844308101106435e-08 2.376649263169383630e-06 4.362034451332874596e-05 4.713331290986388922e-04 3.002944635227322578e-03 1.126486621797084808e-02 2.491613291203975677e-02 3.244836628437042236e-02
2.515864744782447815e-02 1.137453876435756683e-02 3.032184438779950142e-03 4.759225703310221434e-04 4.404466017149388790e-05 2.400018502157763578e-06 7.656261402644304326e-08 9.368448239399640443e-10 1.040109456895699225e-10 7.041597172019464779e-08 4.873590569332009181e-06 1.977197971427813172e-04 4.725496750324964523e-03 6.654486060142517090e-02 5.521352887153625488e-01 2.699253320693969727e+00 7.775161743164062500e+00 1.319601917266845703e+01 1.319601917266845703e+01 7.775172710418701172e+00 2.699257612228393555e+00 5.521352887153625488e-01 6.654480099678039551e-02 4.725520033389329910e-03 1.977196079678833485e-04 4.873675152339274064e-06 7.038660498892568285e-08 1.625916512537628478e-09 7.666646695270173950e-08 2.399831373622873798e-06 4.404487845022231340e-05 4.759203584399074316e-04 3.032172564417123795e-03 1.137450337409973145e-02 2.515862323343753815e-02 3.276417776942253113e-02
2.533899061381816864e-02 1.145606301724910736e-02 3.053917549550533295e-03 4.793344705831259489e-04 4.436042581801302731e-05 2.417160658296779729e-06 7.696863946193843731e-08 9.500330522271838163e-10 -1.496926888000515987e-11 6.996676660264711245e-08 4.844508566748118028e-06 1.965421979548409581e-04 4.697346128523349762e-03 6.614857912063598633e-02 5.488469600677490234e-01 2.683176994323730469e+00 7.728852748870849609e+00 1.311742305755615234e+01 1.311742305755615234e+01 7.728863239288330078e+00 2.683182001113891602e+00 5.488469004631042480e-01 6.614851206541061401e-02 4.697368014603853226e-03 1.965419942280277610e-04 4.844611339649418369e-06 6.987106360156758456e-08 1.596839993567300553e-09 7.708732141509244684e-08 2.416974666630267166e-06 4.436053495737724006e-05 4.793324042111635208e-04 3.053905442357063293e-03 1.145603135228157043e-02 2.533896267414093018e-02 3.299906104803085327e-02
2.545370534062385559e-02 1.150792278349399567e-02 3.067748155444860458e-03 4.815044521819800138e-04 4.456126771401613951e-05 2.428145307931117713e-06 7.740333529682175140e-08 1.105734837025806883e-09 4.228427330499329173e-11 6.951789544018538436e-08 4.808545781997963786e-06 1.950801961356773973e-04 4.662412218749523163e-03 6.565647572278976440e-02 5.447641611099243164e-01 2.663216590881347656e+00 7.671361923217773438e+00 1.301985454559326172e+01 1.301985454559326172e+01 7.671372890472412109e+00 2.663221359252929688e+00 5.447641015052795410e-01 6.565640866756439209e-02 4.662432707846164703e-03 1.950799342012032866e-04 4.808551693713525310e-06 6.934575935702014249e-08 1.584666509124588174e-09 7.749846986371267121e-08 2.428012066957307979e-06 4.456142050912603736e-05 4.815023276023566723e-04 3.067732788622379303e-03 1.150789204984903336e-02 2.545368857681751251e-02 3.314845636487007141e-02
2.550406754016876221e-02 1.153069827705621719e-02 3.073818050324916840e-03 4.824573989026248455e-04 4.464948870008811355e-05 2.432897645121556707e-06 7.756278819215367548e-08 1.162038576474344609e-09 1.424038803543581366e-10 6.895475479495871696e-08 4.767512109538074583e-06 1.934123720275238156e-04 4.622548818588256836e-03 6.509517133235931396e-02 5.401064753532409668e-01 2.640448570251464844e+00 7.605776786804199219e+00 1.290854263305664062e+01 1.290854263305664062e+01 7.605785846710205078e+00 2.640453100204467773e+00 5.401064157485961914e-01 6.509511172771453857e-02 4.622571635991334915e-03 1.934121100930497050e-04 4.767484824697021395e-06 6.878173053337377496e-08 1.482756140092078567e-09 7.772401744432499981e-08 2.432787141515291296e-06 4.464965968509204686e-05 4.824551288038492203e-04 3.073803149163722992e-03 1.153066381812095642e-02 2.550403587520122528e-02 3.321404755115509033e-02
2.549489773809909821e-02 1.152654923498630524e-02 3.072709776461124420e-03 4.822836781386286020e-04 4.463344157557003200e-05 2.432045221212320030e-06 7.754853470487432787e-08 1.209603306406847878e-09 1.488160289442319595e-10 6.837436217210779432e-08 4.723180609289556742e-06 1.916136097861453891e-04 4.579565022140741348e-03 6.448992341756820679e-02 5.350846648216247559e-01 2.615895986557006836e+00 7.535057067871093750e+00 1.278850650787353516e+01 1.278850650787353516e+01 7.535064697265625000e+00 2.615900278091430664e+00 5.350846052169799805e-01 6.448984891176223755e-02 4.579588305205106735e-03 1.916136825457215309e-04 4.723145138996187598e-06 6.816825504074586206e-08 1.483408840208255697e-09 7.769046561634240788e-08 2.431909479128080420e-06 4.463359437067992985e-05 4.822818154934793711e-04 3.072696970775723457e-03 1.152652315795421600e-02 2.549486048519611359e-02 3.320209309458732605e-02
2.543327026069164276e-02 1.149869803339242935e-02 3.065282711759209633e-03 4.811180697288364172e-04 4.452544817468151450e-05 2.426141691103111953e-06 7.732980122909793863e-08 1.156175044592089307e-09 1.041797828560397932e-10 6.776609495773300296e-08 4.677417109633097425e-06 1.897549227578565478e-04 4.535137210041284561e-03 6.386423110961914062e-02 5.298934578895568848e-01 2.590517520904541016e+00 7.461953163146972656e+00 1.266444587707519531e+01 1.266444587707519531e+01 7.461960792541503906e+00 2.590521574020385742e+00 5.298933982849121094e-01 6.386417150497436523e-02 4.535159561783075333e-03 1.897548208944499493e-04 4.677346169046359137e-06 6.749245784476443077e-08 1.519321224385805635e-09 7.746858443624660140e-08 2.426056653348496184e-06 4.452572102309204638e-05 4.811159160453826189e-04 3.065270371735095978e-03 1.149866729974746704e-02 2.543324977159500122e-02 3.312183544039726257e-02
2.532797120511531830e-02 1.145108509808778763e-02 3.052590414881706238e-03 4.791255050804466009e-04 4.434112997842021286e-05 2.416118832115898840e-06 7.695923187611697358e-08 1.189832010695113240e-09 1.296595608657469256e-10 6.711824340754901641e-08 4.631611773220356554e-06 1.878941402537748218e-04 4.490666091442108154e-03 6.323797255754470825e-02 5.246977210044860840e-01 2.565116882324218750e+00 7.388779163360595703e+00 1.254025173187255859e+01 1.254025173187255859e+01 7.388791084289550781e+00 2.565121889114379883e+00 5.246977210044860840e-01 6.323792040348052979e-02 4.490686114877462387e-03 1.878942421171814203e-04 4.631481260730652139e-06 6.690197551506571472e-08 1.652629588733134369e-09 7.715136263186650467e-08 2.416032430119230412e-06 4.434133006725460291e-05 4.791233222931623459e-04 3.052577609196305275e-03 1.145105063915252686e-02 2.532794326543807983e-02 3.298469260334968567e-02
2.518831379711627960e-02 1.138792745769023895e-02 3.035756526514887810e-03 4.764839250128716230e-04 4.409665416460484266e-05 2.402751533736591227e-06 7.654308120663699810e-08 1.172522745562787350e-09 8.592963840481360194e-11 6.648454586866137106e-08 4.586891918734181672e-06 1.860776392277330160e-04 4.447259474545717239e-03 6.262668222188949585e-02 5.196254253387451172e-01 2.540320873260498047e+00 7.317360401153564453e+00 1.241903591156005859e+01 1.241903591156005859e+01 7.317370891571044922e+00 2.540325880050659180e+00 5.196254253387451172e-01 6.262662261724472046e-02 4.447279963642358780e-03 1.860778720583766699e-04 4.586780050885863602e-06 6.623042025921677123e-08 1.594183562936279941e-09 7.668614188105493668e-08 2.402644895482808352e-06 4.409685789141803980e-05 4.764817422255873680e-04 3.035743255168199539e-03 1.138789765536785126e-02 2.518827468156814575e-02 3.280280902981758118e-02
2.502329461276531219e-02 1.131334342062473297e-02 3.015871392562985420e-03 4.733626847155392170e-04 4.380772588774561882e-05 2.387056838415446691e-06 7.599390272616801667e-08 1.121759241051734080e-09 -3.415530011596779048e-12 6.587702472415912780e-08 4.543956947600236163e-06 1.843396312324330211e-04 4.405710846185684204e-03 6.204167753458023071e-02 5.147715210914611816e-01 2.516589403152465820e+00 7.249002456665039062e+00 1.230302238464355469e+01 1.230302238464355469e+01 7.249011516571044922e+00 2.516594648361206055e+00 5.147715210914611816e-01 6.204161420464515686e-02 4.405731335282325745e-03 1.843396021286025643e-04 4.543922841548919678e-06 6.561988641351490514e-08 1.562694862400348939e-09 7.608517194057640154e-08 2.386941332588321529e-06 4.380795871838927269e-05 4.733606183435767889e-04 3.015857888385653496e-03 1.131331454962491989e-02 2.502327598631381989e-02 3.258793801069259644e-02
2.484111860394477844e-02 1.123096514493227005e-02 2.993912203237414360e-03 4.699158016592264175e-04 4.348876609583385289e-05 2.369729827478295192e-06 7.545797586772096111e-08 1.112287484339447019e-09 -1.782349615120359942e-11 6.527088203256425913e-08 4.503708169067976996e-06 1.827017840696498752e-04 4.366569686681032181e-03 6.149045005440711975e-02 5.101977586746215820e-01 2.494230270385742188e+00 7.184592723846435547e+00 1.219371509552001953e+01 1.219371509552001953e+01 7.184605121612548828e+00 2.494234561920166016e+00 5.101977586746215820e-01 6.149039044976234436e-02 4.366590175777673721e-03 1.827017404139041901e-04 4.503582658799132332e-06 6.510139627380340244e-08 1.607742494691422053e-09 7.555292569350058329e-08 2.369590220041573048e-06 4.348903530626557767e-05 4.699138225987553596e-04 2.993900561705231667e-03 1.123093534260988235e-02 2.484109625220298767e-02 3.235065191984176636e-02
2.464873157441616058e-02 1.114398706704378128e-02 2.970729023218154907e-03 4.662768624257296324e-04 4.315200203564018011e-05 2.351338252992718481e-06 7.485911623916763347e-08 1.113076630865350580e-09 -6.405836971978828842e-11 6.474066793771271477e-08 4.466102836886420846e-06 1.811773981899023056e-04 4.330137744545936584e-03 6.097741797566413879e-02 5.059407949447631836e-01 2.473422288894653320e+00 7.124659538269042969e+00 1.209197330474853516e+01 1.209197330474853516e+01 7.124667167663574219e+00 2.473426342010498047e+00 5.059407949447631836e-01 6.097734346985816956e-02 4.330158233642578125e-03 1.811774563975632191e-04 4.465960500965593383e-06 6.451357847936378676e-08 1.492762913279932491e-09 7.494639220340104657e-08 2.351217744944733568e-06 4.315219121053814888e-05 4.662745341192930937e-04 2.970713889226317406e-03 1.114396005868911743e-02 2.464870736002922058e-02 3.210009261965751648e-02
2.445195429027080536e-02 1.105502992868423462e-02 2.947011496871709824e-03 4.625546862371265888e-04 4.280747452867217362e-05 2.332582425879081711e-06 7.423319203780920361e-08 1.075497357838628432e-09 -1.057726822795146404e-10 6.421811349355266429e-08 4.431369234225712717e-06 1.797718723537400365e-04 4.296548664569854736e-03 6.050439178943634033e-02 5.020166635513305664e-01 2.454233884811401367e+00 7.069386959075927734e+00 1.199817752838134766e+01 1.199817752838134766e+01 7.069397449493408203e+00 2.454238653182983398e+00 5.020166039466857910e-01 6.050433591008186340e-02 4.296569619327783585e-03 1.797719887690618634e-04 4.431306024343939498e-06 6.396977880740450928e-08 1.503295932181458738e-09 7.433048665461683413e-08 2.332428721274482086e-06 4.280770372133702040e-05 4.625525034498423338e-04 2.946998458355665207e-03 1.105500198900699615e-02 2.445192635059356689e-02 3.184388205409049988e-02
2.425529621541500092e-02 1.096612494438886642e-02 2.923312131315469742e-03 4.588349256664514542e-04 4.246317257639020681e-05 2.313773620699066669e-06 7.361398246530370670e-08 1.063407584211972789e-09 -3.576181711872905566e-11 6.380638239988911664e-08 4.399717454361962155e-06 1.784855121513828635e-04 4.265807103365659714e-03 6.007145717740058899e-02 4.984242022037506104e-01 2.436671495437622070e+00 7.018801689147949219e+00 1.191232681274414062e+01 1.191232681274414062e+01 7.018811702728271484e+00 2.436675548553466797e+00 4.984242022037506104e-01 6.007139384746551514e-02 4.265826661139726639e-03 1.784856722224503756e-04 4.399633326102048159e-06 6.355924142553703859e-08 1.553802864151521135e-09 7.378377375744094024e-08 2.313662434971774928e-06 4.246351454639807343e-05 4.588326264638453722e-04 2.923298161476850510e-03 1.096609234809875488e-02 2.425527572631835938e-02 3.158780187368392944e-02
2.406230196356773376e-02 1.087887492030858994e-02 2.900054911151528358e-03 4.551841993816196918e-04 4.212532803649082780e-05 2.295356352988164872e-06 7.304773674832176766e-08 1.042179342825022559e-09 1.065361427549094131e-11 6.336519220440095523e-08 4.370859642222058028e-06 1.773155236151069403e-04 4.237842280417680740e-03 5.967769399285316467e-02 4.951569736003875732e-01 2.420700073242187500e+00 6.972792148590087891e+00 1.183423042297363281e+01 1.183423042297363281e+01 6.972800254821777344e+00 2.420705080032348633e+00 4.951569437980651855e-01 5.967761948704719543e-02 4.237861838191747665e-03 1.773156836861744523e-04 4.370779151940951124e-06 6.306562028157713939e-08 1.521605841325879283e-09 7.321614958755162661e-08 2.295265630891663022e-06 4.212557178107090294e-05 4.551821621134877205e-04 2.900042571127414703e-03 1.087884232401847839e-02 2.406226843595504761e-02 3.133644908666610718e-02
2.388153783977031708e-02 1.079714391380548477e-02 2.878264989703893661e-03 4.517642955761402845e-04 4.180885298410430551e-05 2.278150532220024616e-06 7.251810529851354659e-08 1.004446525953994751e-09 2.756737026154976178e-11 6.293218746122875018e-08 4.344685748947085813e-06 1.762544707162305713e-04 4.212480969727039337e-03 5.932057648897171021e-02 4.921939373016357422e-01 2.406213998794555664e+00 6.931075572967529297e+00 1.176341819763183594e+01 1.176341819763183594e+01 6.931082725524902344e+00 2.406218051910400391e+00 4.921939373016357422e-01 5.932050943374633789e-02 4.212502855807542801e-03 1.762545434758067131e-04 4.344620720075909048e-06 6.267583785302122124e-08 1.505754521069491148e-09 7.270143242976701003e-08 2.278076635775505565e-06 4.180910400464199483e-05 4.517621709965169430e-04 2.878252416849136353e-03 1.079711690545082092e-02 2.388151176273822784e-02 3.110101446509361267e-02
2.371611259877681732e-02 1.072234846651554108e-02 2.858324907720088959e-03 4.486348188947886229e-04 4.151927350903861225e-05 2.262386487927869894e-06 7.202030616326737800e-08 9.435831005433215068e-10 2.622078422442886136e-11 6.257414497667923570e-08 4.321104370319517329e-06 1.752956013660877943e-04 4.189565312117338181e-03 5.899788066744804382e-02 4.895162284374237061e-01 2.393123626708984375e+00 6.893362045288085938e+00 1.169943523406982422e+01 1.169943523406982422e+01 6.893371105194091797e+00 2.393128395080566406e+00 4.895162284374237061e-01 5.899780988693237305e-02 4.189583938568830490e-03 1.752957759890705347e-04 4.320909283705987036e-06 6.235836735868360847e-08 1.629098189681599251e-09 7.219747288900180138e-08 2.262278485432034358e-06 4.151945540797896683e-05 4.486328689381480217e-04 2.858311869204044342e-03 1.072232425212860107e-02 2.371609769761562347e-02 3.088556602597236633e-02
2.357781492173671722e-02 1.065982040017843246e-02 2.841658890247344971e-03 4.460183263290673494e-04 4.127714055357500911e-05 2.249182671221205965e-06 7.165192528191255406e-08 9.426132097090089701e-10 4.155805907735121707e-11 6.228415827536082361e-08 4.299877673474838957e-06 1.744302571751177311e-04 4.168881103396415710e-03 5.870658159255981445e-02 4.870994985103607178e-01 2.381309270858764648e+00 6.859331607818603516e+00 1.164166069030761719e+01 1.164166069030761719e+01 6.859339714050292969e+00 2.381313800811767578e+00 4.870994985103607178e-01 5.870650708675384521e-02 4.168901126831769943e-03 1.744303008308634162e-04 4.299718511902028695e-06 6.214785486235996359e-08 1.581484498913710013e-09 7.177658289947430603e-08 2.249032831969088875e-06 4.127734791836701334e-05 4.460163763724267483e-04 2.841645618900656700e-03 1.065979432314634323e-02 2.357778511941432953e-02 3.070543520152568817e-02
2.347272261977195740e-02 1.061228662729263306e-02 2.828993601724505424e-03 4.440304473973810673e-04 4.109313522349111736e-05 2.239085915789473802e-06 7.129396806249133078e-08 9.820984026021051250e-10 3.052373631629023976e-11 6.195666912844899343e-08 4.280690063751535490e-06 1.736502454150468111e-04 4.150243476033210754e-03 5.844410508871078491e-02 4.849216938018798828e-01 2.370664119720458984e+00 6.828659534454345703e+00 1.158961296081542969e+01 1.158961296081542969e+01 6.828668594360351562e+00 2.370668411254882812e+00 4.849216938018798828e-01 5.844403430819511414e-02 4.150263033807277679e-03 1.736503763822838664e-04 4.280477696738671511e-06 6.182398948340050993e-08 1.618302714057051617e-09 7.141967728330200771e-08 2.238995875813998282e-06 4.109342626179568470e-05 4.440281481947749853e-04 2.828980796039104462e-03 1.061225682497024536e-02 2.347269654273986816e-02 3.056860528886318207e-02
2.340472303330898285e-02 1.058156229555606842e-02 2.820800291374325752e-03 4.427446110639721155e-04 4.097421697224490345e-05 2.232613724117982201e-06 7.109364474899848574e-08 9.762451957939788372e-10 1.231526772921265334e-11 6.166194310708306148e-08 4.263427854311885312e-06 1.729488576529547572e-04 4.133473616093397141e-03 5.820797011256217957e-02 4.829627275466918945e-01 2.361084699630737305e+00 6.801071643829345703e+00 1.154278659820556641e+01 1.154278659820556641e+01 6.801079750061035156e+00 2.361088752746582031e+00 4.829626977443695068e-01 5.820790678262710571e-02 4.133495502173900604e-03 1.729488139972090721e-04 4.263200480636442080e-06 6.156354714903500280e-08 1.603395638483107177e-09 7.116731381984209293e-08 2.232469341834075749e-06 4.097439887118525803e-05 4.427423118613660336e-04 2.820787252858281136e-03 1.058153714984655380e-02 2.340470068156719208e-02 3.048004768788814545e-02
2.337468415498733521e-02 1.056799292564392090e-02 2.817179774865508080e-03 4.421762132551521063e-04 4.092160816071555018e-05 2.229771553174941801e-06 7.102061516661706264e-08 8.747397806097012563e-10 3.732586115190450471e-11 6.139740804655957618e-08 4.247941433277446777e-06 1.723195891827344894e-04 4.118433222174644470e-03 5.799619108438491821e-02 4.812049865722656250e-01 2.352491378784179688e+00 6.776321411132812500e+00 1.150078392028808594e+01 1.150078392028808594e+01 6.776329040527343750e+00 2.352496385574340820e+00 4.812049865722656250e-01 5.799612030386924744e-02 4.118453245609998703e-03 1.723193126963451505e-04 4.247662218404002488e-06 6.136078667395850061e-08 1.586438203027284999e-09 7.107500721303949831e-08 2.229558958788402379e-06 4.092185554327443242e-05 4.421741177793592215e-04 2.817167667672038078e-03 1.056796312332153320e-02 2.337466552853584290e-02 3.044095635414123535e-02
2.338045090436935425e-02 1.057059224694967270e-02 2.817873843014240265e-03 4.422851488925516605e-04 4.093162351637147367e-05 2.230270411018864252e-06 7.102160282101976918e-08 6.985289568994801357e-10 -3.121157846064370744e-11 6.119434203810669715e-08 4.234128937241621315e-06 1.717580016702413559e-04 4.105017520487308502e-03 5.780720338225364685e-02 4.796373844146728516e-01 2.344827651977539062e+00 6.754246234893798828e+00 1.146332645416259766e+01 1.146332645416259766e+01 6.754255771636962891e+00 2.344833135604858398e+00 4.796373844146728516e-01 5.780714750289916992e-02 4.105038940906524658e-03 1.717580307740718126e-04 4.233824711263878271e-06 6.116799511346471263e-08 1.493140944219817356e-09 7.102018173554824898e-08 2.230058953500702046e-06 4.093190364073961973e-05 4.422828787937760353e-04 2.817861037328839302e-03 1.057056244462728500e-02 2.338042110204696655e-02 3.044843487441539764e-02
2.341524139046669006e-02 1.058632135391235352e-02 2.822063397616147995e-03 4.429433902259916067e-04 4.099247234989888966e-05 2.233596433143247850e-06 7.111103172974253539e-08 6.951610953542797233e-10 -1.008570570809608213e-11 6.091509874295297777e-08 4.221836661599809304e-06 1.712610392132773995e-04 4.093138966709375381e-03 5.763997137546539307e-02 4.782494306564331055e-01 2.338043928146362305e+00 6.734704017639160156e+00 1.143015098571777344e+01 1.143015098571777344e+01 6.734714508056640625e+00 2.338048458099365234e+00 4.782494306564331055e-01 5.763990804553031921e-02 4.093157593160867691e-03 1.712611556285992265e-04 4.221518338454188779e-06 6.093561921716172947e-08 1.476023858693054081e-09 7.114086741921710200e-08 2.233383156635682099e-06 4.099271609447896481e-05 4.429409746080636978e-04 2.822050591930747032e-03 1.058629527688026428e-02 2.341521903872489929e-02 3.049374185502529144e-02
2.347718924283981323e-02 1.061433088034391403e-02 2.829532604664564133e-03 4.441155761014670134e-04 4.110096415388397872e-05 2.239511104562552646e-06 7.132088342132192338e-08 8.100971005120527479e-10 7.520451622555768267e-11 6.080209402625769144e-08 4.211304712953278795e-06 1.708298950688913465e-04 4.082837142050266266e-03 5.749487876892089844e-02 4.770455956459045410e-01 2.332160472869873047e+00 6.717747688293457031e+00 1.140137863159179688e+01 1.140137863159179688e+01 6.717756271362304688e+00 2.332164525985717773e+00 4.770455956459045410e-01 5.749481916427612305e-02 4.082858096808195114e-03 1.708300696918740869e-04 4.210975475871236995e-06 6.081280190528559615e-08 1.488610013034019630e-09 7.139458801930231857e-08 2.239299647044390440e-06 4.110124791623093188e-05 4.441135388333350420e-04 2.829519798979163170e-03 1.061430200934410095e-02 2.347717247903347015e-02 3.057443723082542419e-02
2.355844341218471527e-02 1.065106317400932312e-02 2.839321736246347427e-03 4.456521419342607260e-04 4.124318729736842215e-05 2.247227257612394169e-06 7.148187108896308928e-08 8.286886732378206943e-10 7.754289571559880301e-11 6.067699587219976820e-08 4.202297077426919714e-06 1.704690075712278485e-04 4.074212629348039627e-03 5.737338960170745850e-02 4.760380387306213379e-01 2.327233076095581055e+00 6.703560829162597656e+00 1.137729930877685547e+01 1.137729930877685547e+01 6.703569412231445312e+00 2.327237367630004883e+00 4.760380387306213379e-01 5.737333372235298157e-02 4.074232187122106552e-03 1.704691821942105889e-04 4.202038326184265316e-06 6.068780322721067932e-08 1.471940569430785217e-09 7.169653315486357315e-08 2.247065140181803145e-06 4.124334373045712709e-05 4.456497263163328171e-04 2.839308232069015503e-03 1.065103523433208466e-02 2.355841919779777527e-02 3.068022616207599640e-02
2.365234307944774628e-02 1.069351565092802048e-02 2.850641729310154915e-03 4.474282322917133570e-04 4.140754026593640447e-05 2.256176458104164340e-06 7.177560235049895709e-08 9.033689352122564742e-10 5.244228662437677713e-12 6.047702783007480321e-08 4.194942903268383816e-06 1.701775181572884321e-04 4.067248199135065079e-03 5.727539956569671631e-02 4.752245545387268066e-01 2.323255777359008789e+00 6.692108154296875000e+00 1.135785484313964844e+01 1.135785484313964844e+01 6.692115783691406250e+00 2.323260545730590820e+00 4.752245545387268066e-01 5.727532878518104553e-02 4.067269619554281235e-03 1.701776636764407158e-04 4.194771463517099619e-06 6.049515377526404336e-08 1.375738967190898165e-09 7.191027151520756888e-08 2.255981598864309490e-06 4.140783130424097180e-05 4.474264569580554962e-04 2.850629389286041260e-03 1.069349050521850586e-02 2.365232072770595551e-02 3.080252185463905334e-02
2.376169338822364807e-02 1.074294280260801315e-02 2.863816684111952782e-03 4.494965833146125078e-04 4.159891977906227112e-05 2.266529008920770139e-06 7.210116592659687740e-08 8.670996698434407790e-10 -5.966204613683245839e-11 6.038226274540647864e-08 4.189831997791770846e-06 1.699682907201349735e-04 4.062248859554529190e-03 5.720495805144309998e-02 4.746402800083160400e-01 2.320399999618530273e+00 6.683876991271972656e+00 1.134388923645019531e+01 1.134388923645019531e+01 6.683885097503662109e+00 2.320404291152954102e+00 4.746402204036712646e-01 5.720489844679832458e-02 4.062268417328596115e-03 1.699683198239654303e-04 4.189604169368976727e-06 6.039872602059404016e-08 1.508995928212186755e-09 7.224389264592900872e-08 2.266384171889512800e-06 4.159927993896417320e-05 4.494943132158368826e-04 2.863804809749126434e-03 1.074291206896305084e-02 2.376166731119155884e-02 3.094491548836231232e-02
2.388444915413856506e-02 1.079845149070024490e-02 2.878617728129029274e-03 4.518188652582466602e-04 4.181391341262497008e-05 2.278205329275806434e-06 7.253097322745816200e-08 8.303219778404979934e-10 1.465043711346147859e-11 6.036200517200995819e-08 4.187435479252599180e-06 1.698692212812602520e-04 4.059879109263420105e-03 5.717161297798156738e-02 4.743637144565582275e-01 2.319046258926391602e+00 6.679983139038085938e+00 1.133728122711181641e+01 1.133728122711181641e+01 6.679993152618408203e+00 2.319050550460815430e+00 4.743637144565582275e-01 5.717156827449798584e-02 4.059900064021348953e-03 1.698693668004125357e-04 4.187191279925173149e-06 6.044985667585933697e-08 1.518196235394952964e-09 7.270026003425300587e-08 2.278104830111260526e-06 4.181425538263283670e-05 4.518167988862842321e-04 2.878603758290410042e-03 1.079841982573270798e-02 2.388443239033222198e-02 3.110479190945625305e-02
2.401318214833736420e-02 1.085664611309766769e-02 2.894131699576973915e-03 4.542541864793747663e-04 4.203912249067798257e-05 2.290447582709020935e-06 7.290956460792585858e-08 7.858411144034960216e-10 -3.396732894955789561e-11 6.035730137909922632e-08 4.188416824035812169e-06 1.699101994745433331e-04 4.060860257595777512e-03 5.718543380498886108e-02 4.744781851768493652e-01 2.319607019424438477e+00 6.681594848632812500e+00 1.134001922607421875e+01 1.134001922607421875e+01 6.681602478027343750e+00 2.319611072540283203e+00 4.744781851768493652e-01 5.718537047505378723e-02 4.060880281031131744e-03 1.699103304417803884e-04 4.188132152194157243e-06 6.040902889026256162e-08 1.476770039587904648e-09 7.301419202576653333e-08 2.290365500812185928e-06 4.203954085824079812e-05 4.542522074189037085e-04 2.894117962568998337e-03 1.085661631077528000e-02 2.401315979659557343e-02 3.127244114875793457e-02
2.414181083440780640e-02 1.091482210904359818e-02 2.909633331000804901e-03 4.566877905745059252e-04 4.226439341437071562e-05 2.302762595718377270e-06 7.328112161530953017e-08 8.855086108816578871e-10 5.563770798244771498e-12 6.051119783023750642e-08 4.193478162051178515e-06 1.701112050795927644e-04 4.065667279064655304e-03 5.725310370326042175e-02 4.750396013259887695e-01 2.322350978851318359e+00 6.689500331878662109e+00 1.135343933105468750e+01 1.135343933105468750e+01 6.689509391784667969e+00 2.322355747222900391e+00 4.750396013259887695e-01 5.725304782390594482e-02 4.065686836838722229e-03 1.701113942544907331e-04 4.193074801150942221e-06 6.052276546597568085e-08 1.513465575087025172e-09 7.346179842215860845e-08 2.302673465237603523e-06 4.226474993629381061e-05 4.566859861370176077e-04 2.909621689468622208e-03 1.091479323804378510e-02 2.414179034531116486e-02 3.143998235464096069e-02
2.426971867680549622e-02 1.097264606505632401e-02 2.925048349425196648e-03 4.591070755850523710e-04 4.248833283782005310e-05 2.314915718670818023e-06 7.366005405629039160e-08 8.675952734016334489e-10 -1.070735167196801285e-10 6.067648428143002093e-08 4.204373908578418195e-06 1.705520407995209098e-04 4.076200071722269058e-03 5.740141496062278748e-02 4.762703776359558105e-01 2.328367471694946289e+00 6.706833839416503906e+00 1.138285160064697266e+01 1.138285160064697266e+01 6.706843852996826172e+00 2.328372478485107422e+00 4.762703776359558105e-01 5.740135163068771362e-02 4.076220095157623291e-03 1.705521426629275084e-04 4.203966909699374810e-06 6.071583413813641528e-08 1.543011607374467076e-09 7.373912325192577555e-08 2.314848188689211383e-06 4.248863115208223462e-05 4.591053002513945103e-04 2.925035543739795685e-03 1.097261346876621246e-02 2.426970005035400391e-02 3.160651773214340210e-02
2.438978105783462524e-02 1.102691981941461563e-02 2.939520869404077530e-03 4.613785713445395231e-04 4.269848795956932008e-05 2.326355115656042472e-06 7.401853707733607735e-08 9.621997643094459818e-10 -1.412510108877995663e-10 6.093835480669440585e-08 4.221901690470986068e-06 1.712645607767626643e-04 4.093229770660400391e-03 5.764126032590866089e-02 4.782603085041046143e-01 2.338095664978027344e+00 6.734851360321044922e+00 1.143040084838867188e+01 1.143040084838867188e+01 6.734860420227050781e+00 2.338099479675292969e+00 4.782603085041046143e-01 5.764118582010269165e-02 4.093250259757041931e-03 1.712645898805931211e-04 4.221504241286311299e-06 6.093549842489665025e-08 1.448475894783030071e-09 7.404539559274780913e-08 2.326349886061507277e-06 4.269876808393746614e-05 4.613762721419334412e-04 2.939508063718676567e-03 1.102689467370510101e-02 2.438975684344768524e-02 3.176289051771163940e-02
2.450122311711311340e-02 1.107730064541101456e-02 2.952950075268745422e-03 4.634863289538770914e-04 4.289355274522677064e-05 2.336922307222266681e-06 7.431462023532731109e-08 8.807450324610499592e-10 -1.793514781134319946e-10 6.125060991735153948e-08 4.245295258442638442e-06 1.722121232887730002e-04 4.115875810384750366e-03 5.796013399958610535e-02 4.809060990810394287e-01 2.351031064987182617e+00 6.772111415863037109e+00 1.149364376068115234e+01 1.149364376068115234e+01 6.772119998931884766e+00 2.351035594940185547e+00 4.809060692787170410e-01 5.796008557081222534e-02 4.115895368158817291e-03 1.722122542560100555e-04 4.244885985826840624e-06 6.122858309254297637e-08 1.565527374403075100e-09 7.427685488892166177e-08 2.336902980459854007e-06 4.289381104172207415e-05 4.634842043742537498e-04 2.952935174107551575e-03 1.107726991176605225e-02 2.450118958950042725e-02 3.190799057483673096e-02
2.461367100477218628e-02 1.112813968211412430e-02 2.966503147035837173e-03 4.656130913645029068e-04 4.309041833039373159e-05 2.347674808333977126e-06 7.471612661902327091e-08 8.095136228014609969e-10 -1.462212850800170827e-10 6.160473731142701581e-08 4.275806531950365752e-06 1.734538382152095437e-04 4.145556595176458359e-03 5.837807804346084595e-02 4.843740761280059814e-01 2.367983818054199219e+00 6.820948123931884766e+00 1.157652473449707031e+01 1.157652473449707031e+01 6.820956707000732422e+00 2.367989063262939453e+00 4.843740463256835938e-01 5.837802216410636902e-02 4.145577084273099899e-03 1.734539837343618274e-04 4.275410901755094528e-06 6.168956190322205657e-08 1.599046339784138127e-09 7.468673857147223316e-08 2.347608642594423145e-06 4.309062933316454291e-05 4.656112869270145893e-04 2.966489642858505249e-03 1.112810894846916199e-02 2.461364492774009705e-02 3.205441683530807495e-02
2.473261021077632904e-02 1.118191704154014587e-02 2.980837132781744003e-03 4.678634286392480135e-04 4.329858347773551941e-05 2.359020527364918962e-06 7.507230037617773633e-08 8.178480670473220471e-10 -1.894571166616287883e-10 6.215949355237171403e-08 4.315023943490814418e-06 1.750459050526842475e-04 4.183602984994649887e-03 5.891389399766921997e-02 4.888196289539337158e-01 2.389717817306518555e+00 6.883549690246582031e+00 1.168277072906494141e+01 1.168277072906494141e+01 6.883558273315429688e+00 2.389721632003784180e+00 4.888195693492889404e-01 5.891384184360504150e-02 4.183623939752578735e-03 1.750459632603451610e-04 4.314618763601174578e-06 6.227489990351386950e-08 1.528377868709185350e-09 7.502667642711458029e-08 2.358915480726864189e-06 4.329879811848513782e-05 4.678612167481333017e-04 2.980823861435055733e-03 1.118189096450805664e-02 2.473258785903453827e-02 3.220933675765991211e-02
2.486158534884452820e-02 1.124022156000137329e-02 2.996381605044007301e-03 4.703034937847405672e-04 4.352436371846124530e-05 2.371388063693302684e-06 7.545954616716699093e-08 8.377750715382603630e-10 -1.606391408781604468e-10 6.283437414822401479e-08 4.362469553598202765e-06 1.769687369232997298e-04 4.229560960084199905e-03 5.956104770302772522e-02 4.941893219947814941e-01 2.415968656539916992e+00 6.959166049957275391e+00 1.181110668182373047e+01 1.181110668182373047e+01 6.959176063537597656e+00 2.415972948074340820e+00 4.941892623901367188e-01 5.956099554896354675e-02 4.229580052196979523e-03 1.769689115462824702e-04 4.362045729067176580e-06 6.305779720605642069e-08 1.510779168434339681e-09 7.544159785766169080e-08 2.371211394347483292e-06 4.352466203272342682e-05 4.703010490629822016e-04 2.996368333697319031e-03 1.124019268900156021e-02 2.486155554652214050e-02 3.237729892134666443e-02
2.500792779028415680e-02 1.130638364702463150e-02 3.014020621776580811e-03 4.730718210339546204e-04 4.378065568744204938e-05 2.385392463111202233e-06 7.587377126583305653e-08 7.708632066005804973e-10 -1.824756457047271851e-10 6.366347804487304529e-08 4.420507593749789521e-06 1.793187111616134644e-04 4.285725299268960953e-03 6.035197153687477112e-02 5.007514953613281250e-01 2.448051214218139648e+00 7.051578998565673828e+00 1.196795082092285156e+01 1.196795082092285156e+01 7.051587581634521484e+00 2.448055505752563477e+00 5.007514357566833496e-01 6.035191193222999573e-02 4.285746254026889801e-03 1.793190021999180317e-04 4.419939159561181441e-06 6.389049644894839730e-08 1.461368137611884777e-09 7.581382988064433448e-08 2.385146444794372655e-06 4.378087760414928198e-05 4.730694927275180817e-04 3.014007583260536194e-03 1.130635477602481842e-02 2.500790171325206757e-02 3.256790712475776672e-02
2.517263963818550110e-02 1.138086430728435516e-02 3.033873392269015312e-03 4.761877353303134441e-04 4.406895095598883927e-05 2.401084202574566007e-06 7.623987841043344815e-08 6.019992837558163501e-10 -2.498733164824074038e-10 6.456836132429089048e-08 4.487957994570024312e-06 1.820617180783301592e-04 4.351282957941293716e-03 6.127515435218811035e-02 5.084115266799926758e-01 2.485498666763305664e+00 7.159441947937011719e+00 1.215102005004882812e+01 1.215102005004882812e+01 7.159451007843017578e+00 2.485502243041992188e+00 5.084115266799926758e-01 6.127509847283363342e-02 4.351302981376647949e-03 1.820620527723804116e-04 4.487504611461190507e-06 6.478869352122273995e-08 1.334416799281257227e-09 7.620714370659698034e-08 2.400839775873464532e-06 4.406926382216624916e-05 4.761856689583510160e-04 3.033859655261039734e-03 1.138083171099424362e-02 2.517261169850826263e-02 3.278240188956260681e-02
2.535698004066944122e-02 1.146421022713184357e-02 3.056094283238053322e-03 4.796752182301133871e-04 4.439173062564805150e-05 2.418662234049406834e-06 7.679805236193715245e-08 6.352595116609904835e-10 -1.600184290628803296e-10 6.575697852895245887e-08 4.561017249216092750e-06 1.850207627285271883e-04 4.422002471983432770e-03 6.227099522948265076e-02 5.166742205619812012e-01 2.525892496109008789e+00 7.275798320770263672e+00 1.234849929809570312e+01 1.234849834442138672e+01 7.275806903839111328e+00 2.525897502899169922e+00 5.166741609573364258e-01 6.227093562483787537e-02 4.422022961080074310e-03 1.850209955591708422e-04 4.560489287541713566e-06 6.580128086852710112e-08 1.477696964791164191e-09 7.683105707201320911e-08 2.418466465314850211e-06 4.439201075001619756e-05 4.796731809619814157e-04 3.056078916415572166e-03 1.146417949348688126e-02 2.535695396363735199e-02 3.302244842052459717e-02
2.556530199944972992e-02 1.155838277190923691e-02 3.081196686252951622e-03 4.836152656935155392e-04 4.475638706935569644e-05 2.438519459246890619e-06 7.739780727433753782e-08 6.082827019859848861e-10 -9.484748403343346013e-11 6.682756747977691703e-08 4.633600383385783061e-06 1.879634655779227614e-04 4.492333624511957169e-03 6.326144933700561523e-02 5.248918533325195312e-01 2.566068172454833984e+00 7.391523838043212891e+00 1.254490756988525391e+01 1.254490756988525391e+01 7.391534328460693359e+00 2.566073417663574219e+00 5.248918533325195312e-01 6.326138973236083984e-02 4.492355510592460632e-03 1.879638439277186990e-04 4.633073331206105649e-06 6.686690312562859617e-08 1.487035383718193771e-09 7.756676012604657444e-08 2.438301407892140560e-06 4.475670721149072051e-05 4.836129955947399139e-04 3.081183182075619698e-03 1.155835110694169998e-02 2.556527405977249146e-02 3.329377993941307068e-02
2.580013684928417206e-02 1.166455820202827454e-02 3.109501209110021591e-03 4.880578489974141121e-04 4.516761327977292240e-05 2.461006715748226270e-06 7.812054292344328132e-08 5.622735610444351551e-10 -8.578734250752617641e-11 6.776706129585363669e-08 4.699547389463987201e-06 1.906374673126265407e-04 4.556231666356325150e-03 6.416130810976028442e-02 5.323585271835327148e-01 2.602568149566650391e+00 7.496664047241210938e+00 1.272335338592529297e+01 1.272335243225097656e+01 7.496673583984375000e+00 2.602572917938232422e+00 5.323585271835327148e-01 6.416123360395431519e-02 4.556254018098115921e-03 1.906373072415590286e-04 4.699024430010467768e-06 6.773461791453883052e-08 1.540455429882570115e-09 7.830296055999497185e-08 2.460745008647791110e-06 4.516783155850134790e-05 4.880556953139603138e-04 3.109485609456896782e-03 1.166452281177043915e-02 2.580010890960693359e-02 3.359959647059440613e-02
2.605769410729408264e-02 1.178100518882274628e-02 3.140541957691311836e-03 4.929295391775667667e-04 4.561856258078478277e-05 2.485594222889631055e-06 7.891252096214884659e-08 6.181331557719715875e-10 1.271404075769977382e-11 6.856205203575882479e-08 4.753138455271255225e-06 1.928102865349501371e-04 4.608161281794309616e-03 6.489258259534835815e-02 5.384258627891540527e-01 2.632231235504150391e+00 7.582108020782470703e+00 1.286837291717529297e+01 1.286837291717529297e+01 7.582116127014160156e+00 2.632236003875732422e+00 5.384258627891540527e-01 6.489250063896179199e-02 4.608184099197387695e-03 1.928102428792044520e-04 4.752545464725699276e-06 6.848711109341820702e-08 1.569634755504978330e-09 7.912844068869162584e-08 2.485262939444510266e-06 4.561883179121650755e-05 4.929273854941129684e-04 3.140526125207543373e-03 1.178096886724233627e-02 2.605766989290714264e-02 3.393499180674552917e-02
2.632525190711021423e-02 1.190197467803955078e-02 3.172791097313165665e-03 4.979918012395501137e-04 4.608711969922296703e-05 2.511163984308950603e-06 7.982686867080701631e-08 7.222086262359539433e-10 7.513564770356140343e-11 6.908160798957396764e-08 4.790157163370167837e-06 1.943107345141470432e-04 4.644032567739486694e-03 6.539766490459442139e-02 5.426167249679565430e-01 2.652719736099243164e+00 7.641122341156005859e+00 1.296853160858154297e+01 1.296853160858154297e+01 7.641131401062011719e+00 2.652724504470825195e+00 5.426166057586669922e-01 6.539759039878845215e-02 4.644053522497415543e-03 1.943107490660622716e-04 4.789514605363365263e-06 6.892143744607892586e-08 1.586226150429581594e-09 8.002621854075187002e-08 2.510834974600584246e-06 4.608738527167588472e-05 4.979892401024699211e-04 3.172776196151971817e-03 1.190194115042686462e-02 2.632522210478782654e-02 3.428351879119873047e-02
2.658242546021938324e-02 1.201823633164167404e-02 3.203779458999633789e-03 5.028560408391058445e-04 4.653727955883368850e-05 2.535669864300871268e-06 8.063935297286661807e-08 6.979025135578353911e-10 -2.772337047429740409e-12 6.932525309366610600e-08 4.810145583178382367e-06 1.951289450516924262e-04 4.663576371967792511e-03 6.567294150590896606e-02 5.449005961418151855e-01 2.663883924484252930e+00 7.673284053802490234e+00 1.302311229705810547e+01 1.302311229705810547e+01 7.673293590545654297e+00 2.663888692855834961e+00 5.449005365371704102e-01 6.567288190126419067e-02 4.663598723709583282e-03 1.951286540133878589e-04 4.809666734217898920e-06 6.919934492088941624e-08 1.593463694327112989e-09 8.072478152598705492e-08 2.535298108341521583e-06 4.653748328564688563e-05 5.028532468713819981e-04 3.203764790669083595e-03 1.201820187270641327e-02 2.658239006996154785e-02 3.461834788322448730e-02
2.681425586342811584e-02 1.212304830551147461e-02 3.231723327189683914e-03 5.072411731816828251e-04 4.694319795817136765e-05 2.557762627475312911e-06 8.133105922070171800e-08 7.608704777339880820e-10 -8.486154487452601813e-12 6.936456742323571234e-08 4.813591203856049106e-06 1.952695456566289067e-04 4.666947294026613235e-03 6.572035700082778931e-02 5.452941656112670898e-01 2.665808677673339844e+00 7.678826808929443359e+00 1.303251457214355469e+01 1.303251457214355469e+01 7.678836822509765625e+00 2.665813684463500977e+00 5.452941060066223145e-01 6.572027504444122314e-02 4.666968714445829391e-03 1.952696475200355053e-04 4.813109171664109454e-06 6.926173767851651064e-08 1.602295074398796260e-09 8.144639451757029747e-08 2.557381549195270054e-06 4.694332164945080876e-05 5.072387284599244595e-04 3.231708891689777374e-03 1.212301291525363922e-02 2.681422233581542969e-02 3.492026776075363159e-02
2.700499072670936584e-02 1.220928318798542023e-02 3.254711627960205078e-03 5.108492332510650158e-04 4.727706254925578833e-05 2.576016640887246467e-06 8.183555166851874674e-08 7.202615170953663437e-10 -1.547068896601277999e-11 6.911842831414105603e-08 4.801945124199846759e-06 1.947954733623191714e-04 4.655614029616117477e-03 6.556079536676406860e-02 5.439697504043579102e-01 2.659333705902099609e+00 7.660181999206542969e+00 1.300087451934814453e+01 1.300087356567382812e+01 7.660189151763916016e+00 2.659338951110839844e+00 5.439697504043579102e-01 6.556071341037750244e-02 4.655636847019195557e-03 1.947954442584887147e-04 4.801507657248293981e-06 6.915112749084073585e-08 1.513494995997177739e-09 8.205337564959336305e-08 2.575576218077912927e-06 4.727725172415375710e-05 5.108469049446284771e-04 3.254695329815149307e-03 1.220924966037273407e-02 2.700497396290302277e-02 3.516866639256477356e-02
2.714182808995246887e-02 1.227114629000425339e-02 3.271204652264714241e-03 5.134385428391396999e-04 4.751666347146965563e-05 2.589023324617301114e-06 8.227963377294145175e-08 7.271642732398220232e-10 -9.007749407485832194e-11 6.878485692141111940e-08 4.774623448611237109e-06 1.936858607223257422e-04 4.629089497029781342e-03 6.518725305795669556e-02 5.408712625503540039e-01 2.644184827804565430e+00 7.616537094116210938e+00 1.292681026458740234e+01 1.292681026458740234e+01 7.616545677185058594e+00 2.644189357757568359e+00 5.408712625503540039e-01 6.518717855215072632e-02 4.629111383110284805e-03 1.936859043780714273e-04 4.774180524691473693e-06 6.860298640276596416e-08 1.485291556413415037e-09 8.241544691145463730e-08 2.588632696642889641e-06 4.751685264636762440e-05 5.134361563250422478e-04 3.271188819780945778e-03 1.227111276239156723e-02 2.714180201292037964e-02 3.534686192870140076e-02
2.722244523465633392e-02 1.230760663747787476e-02 3.280920209363102913e-03 5.149632343091070652e-04 4.765773337567225099e-05 2.596665126475272700e-06 8.250751903915443108e-08 7.250890998733439119e-10 -8.445094623610316376e-11 6.821589693117857678e-08 4.736097253044135869e-06 1.921215880429372191e-04 4.591706674546003342e-03 6.466081738471984863e-02 5.365023016929626465e-01 2.622830152511596680e+00 7.555019855499267578e+00 1.282239437103271484e+01 1.282239341735839844e+01 7.555029869079589844e+00 2.622834205627441406e+00 5.365023016929626465e-01 6.466072052717208862e-02 4.591729491949081421e-03 1.921214425237849355e-04 4.735614766104845330e-06 6.807801611330432934e-08 1.564605223158821445e-09 8.270601625781637267e-08 2.596315653136116453e-06 4.765788980876095593e-05 5.149610224179923534e-04 3.280905773863196373e-03 1.230757776647806168e-02 2.722241915762424469e-02 3.545183315873146057e-02
2.724577486515045166e-02 1.231814920902252197e-02 3.283730940893292427e-03 5.154049722477793694e-04 4.769859515363350511e-05 2.598908395157195628e-06 8.255877759211216471e-08 7.201105267640173224e-10 -1.386454978602458254e-10 6.755071524366940139e-08 4.690750301961088553e-06 1.902865769807249308e-04 4.547844175249338150e-03 6.404314190149307251e-02 5.313776731491088867e-01 2.597777605056762695e+00 7.482866764068603516e+00 1.269991874694824219e+01 1.269991874694824219e+01 7.482875823974609375e+00 2.597782135009765625e+00 5.313776731491088867e-01 6.404308229684829712e-02 4.547866061329841614e-03 1.902864314615726471e-04 4.690332389145623893e-06 6.740134494975791313e-08 1.527355686370412968e-09 8.274823670717523783e-08 2.598555283839232288e-06 4.769863153342157602e-05 5.154021200723946095e-04 3.283715108409523964e-03 1.231811195611953735e-02 2.724574692547321320e-02 3.548223525285720825e-02
2.721460163593292236e-02 1.230405643582344055e-02 3.279976546764373779e-03 5.148151540197432041e-04 4.764401819556951523e-05 2.596011881905724294e-06 8.246733074201983982e-08 9.091336017341689058e-10 -1.800508769855824198e-10 6.691217180332387215e-08 4.642630756279686466e-06 1.883382647065445781e-04 4.501282703131437302e-03 6.338748335838317871e-02 5.259379744529724121e-01 2.571181535720825195e+00 7.406244754791259766e+00 1.256990242004394531e+01 1.256990242004394531e+01 7.406255722045898438e+00 2.571186304092407227e+00 5.259379148483276367e-01 6.338740140199661255e-02 4.501305986195802689e-03 1.883383811218664050e-04 4.642296516976784915e-06 6.669989005558818462e-08 1.558258633238551738e-09 8.260923323177848943e-08 2.595589876364101656e-06 4.764415280078537762e-05 5.148126510903239250e-04 3.279961179941892624e-03 1.230402290821075439e-02 2.721457742154598236e-02 3.544163331389427185e-02
2.713532187044620514e-02 1.226820796728134155e-02 3.270420012995600700e-03 5.133156664669513702e-04 4.750522930407896638e-05 2.588409188319928944e-06 8.224669301171161351e-08 8.205522372684015409e-10 -1.765057267011371778e-10 6.620331305384752341e-08 4.594640813593287021e-06 1.863950164988636971e-04 4.454845096915960312e-03 6.273342669010162354e-02 5.205112695693969727e-01 2.544651985168457031e+00 7.329830169677734375e+00 1.244022083282470703e+01 1.244022083282470703e+01 7.329838275909423828e+00 2.544656038284301758e+00 5.205112695693969727e-01 6.273335218429565430e-02 4.454867448657751083e-03 1.863951329141855240e-04 4.594389338308246806e-06 6.610151359609517385e-08 1.430712770478237417e-09 8.237259407906094566e-08 2.587983317425823770e-06 4.750526932184584439e-05 5.133129889145493507e-04 3.270405344665050507e-03 1.226817630231380463e-02 2.713529393076896667e-02 3.533838689327239990e-02
2.701640687882900238e-02 1.221444457769393921e-02 3.256086958572268486e-03 5.110661732032895088e-04 4.729698412120342255e-05 2.577017767180223018e-06 8.185914879277333966e-08 8.650025140610750896e-10 -1.736599475332667453e-10 6.552502185286357417e-08 4.548812285065650940e-06 1.845338847488164902e-04 4.410352557897567749e-03 6.210701167583465576e-02 5.153135061264038086e-01 2.519241094589233398e+00 7.256635665893554688e+00 1.231598472595214844e+01 1.231598377227783203e+01 7.256645202636718750e+00 2.519246578216552734e+00 5.153134465217590332e-01 6.210692971944808960e-02 4.410371650010347366e-03 1.845340157160535455e-04 4.548551260086242110e-06 6.546691366793311317e-08 1.458670961795860421e-09 8.201504897442646325e-08 2.576565748313441873e-06 4.729710781248286366e-05 5.110632628202438354e-04 3.256072290241718292e-03 1.221441477537155151e-02 2.701637893915176392e-02 3.518354147672653198e-02
2.686692588031291962e-02 1.214686688035726547e-02 3.238072153180837631e-03 5.082383868284523487e-04 4.703517697635106742e-05 2.562723921073484235e-06 8.138673734947587945e-08 8.574053689258676059e-10 -1.795672499582678938e-10 6.492543036529241363e-08 4.505970082391286269e-06 1.827964151743799448e-04 4.368835128843784332e-03 6.152232363820075989e-02 5.104619860649108887e-01 2.495523214340209961e+00 7.188318729400634766e+00 1.220003700256347656e+01 1.220003700256347656e+01 7.188330650329589844e+00 2.495527744293212891e+00 5.104619860649108887e-01 6.152225285768508911e-02 4.368857014924287796e-03 1.827967498684301972e-04 4.505704509938368574e-06 6.486317971621247125e-08 1.470626953548048732e-09 8.152039754349971190e-08 2.562305780884344131e-06 4.703536978922784328e-05 5.082356510683894157e-04 3.238057019189000130e-03 1.214682962745428085e-02 2.686689235270023346e-02 3.498888760805130005e-02
2.669546939432621002e-02 1.206935755908489227e-02 3.217408666387200356e-03 5.049951141700148582e-04 4.673514558817259967e-05 2.546355517552001402e-06 8.092002445891921525e-08 7.564017745487205957e-10 -1.435927765580657933e-10 6.437404920234257588e-08 4.466593054530676454e-06 1.811998663470149040e-04 4.330677445977926254e-03 6.098494678735733032e-02 5.060034394264221191e-01 2.473726987838745117e+00 7.125527858734130859e+00 1.209348106384277344e+01 1.209348106384277344e+01 7.125536441802978516e+00 2.473731756210327148e+00 5.060034394264221191e-01 6.098488718271255493e-02 4.330698400735855103e-03 1.812000700738281012e-04 4.466266545932739973e-06 6.429902299487366690e-08 1.482019618137542238e-09 8.102487925043533323e-08 2.546001269365660846e-06 4.673532384913414717e-05 5.049926694482564926e-04 3.217393998056650162e-03 1.206932496279478073e-02 2.669543959200382233e-02 3.476560488343238831e-02
2.650645747780799866e-02 1.198389939963817596e-02 3.194625955075025558e-03 5.014184862375259399e-04 4.640420593204908073e-05 2.528301138227107003e-06 8.037331866717067896e-08 7.544886382326865260e-10 -1.360895285351659822e-10 6.387320894418735406e-08 4.430923127074493095e-06 1.797504810383543372e-04 4.296037834137678146e-03 6.049710884690284729e-02 5.019562840461730957e-01 2.453939676284790039e+00 7.068539142608642578e+00 1.199672698974609375e+01 1.199672603607177734e+01 7.068548679351806641e+00 2.453944921493530273e+00 5.019561648368835449e-01 6.049700453877449036e-02 4.296058323234319687e-03 1.797506120055913925e-04 4.430541139299748465e-06 6.374769867534268997e-08 1.464883991886267722e-09 8.042776755701197544e-08 2.528017830627504736e-06 4.640442421077750623e-05 5.014162743464112282e-04 3.194612218067049980e-03 1.198386773467063904e-02 2.650642395019531250e-02 3.451944515109062195e-02
2.631578594446182251e-02 1.189769618213176727e-02 3.171647666022181511e-03 4.978121723979711533e-04 4.607041410054080188e-05 2.510103058739332482e-06 7.983297223290719558e-08 9.173033999054780452e-10 -8.796103428965196258e-11 6.342057190522609744e-08 4.398609689815202728e-06 1.784407213563099504e-04 4.264730028808116913e-03 6.005629152059555054e-02 4.982981383800506592e-01 2.436059951782226562e+00 7.017029285430908203e+00 1.190931510925292969e+01 1.190931510925292969e+01 7.017038822174072266e+00 2.436064004898071289e+00 4.982981383800506592e-01 6.005622446537017822e-02 4.264749120920896530e-03 1.784409105312079191e-04 4.398291821416933089e-06 6.324506784949335270e-08 1.434214413897905160e-09 7.988794692437295453e-08 2.509897740310407244e-06 4.607061055139638484e-05 4.978095530532300472e-04 3.171633929014205933e-03 1.189766358584165573e-02 2.631575241684913635e-02 3.427110612392425537e-02
2.614284679293632507e-02 1.181949302554130554e-02 3.150801407173275948e-03 4.945400869473814964e-04 4.576760329655371606e-05 2.493675765435909852e-06 7.937243395872428664e-08 9.003342515967460713e-10 -3.637460818661786277e-11 6.291295306937172427e-08 4.369333510112483054e-06 1.772591058397665620e-04 4.236492328345775604e-03 5.965866521000862122e-02 4.949992001056671143e-01 2.419925689697265625e+00 6.970561027526855469e+00 1.183046245574951172e+01 1.183046245574951172e+01 6.970571517944335938e+00 2.419929742813110352e+00 4.949991405010223389e-01 5.965859442949295044e-02 4.236511420458555222e-03 1.772591494955122471e-04 4.369094313005916774e-06 6.282871822804736439e-08 1.403199223481976787e-09 7.943612700955782202e-08 2.493473857612116262e-06 4.576791252475231886e-05 4.945375258103013039e-04 3.150787437334656715e-03 1.181945856660604477e-02 2.614282257854938507e-02 3.404588624835014343e-02
2.600573562085628510e-02 1.175751164555549622e-02 3.134279977530241013e-03 4.919468774460256100e-04 4.552759855869226158e-05 2.480555394868133590e-06 7.893615361354022752e-08 8.467770373776772885e-10 -1.306851432625322218e-10 6.252178508248107391e-08 4.343082764535211027e-06 1.761942403391003609e-04 4.211041145026683807e-03 5.930021777749061584e-02 4.920249581336975098e-01 2.405388832092285156e+00 6.928688526153564453e+00 1.175938034057617188e+01 1.175937938690185547e+01 6.928695678710937500e+00 2.405394077301025391e+00 4.920249283313751221e-01 5.930015072226524353e-02 4.211061634123325348e-03 1.761941675795242190e-04 4.342896772868698463e-06 6.249598527574562468e-08 1.444159569707892388e-09 7.893042663909000112e-08 2.480315970387891866e-06 4.552773316390812397e-05 4.919443745166063309e-04 3.134264843538403511e-03 1.175747625529766083e-02 2.600571699440479279e-02 3.386733680963516235e-02
2.591841295361518860e-02 1.171803008764982224e-02 3.123751841485500336e-03 4.902952932752668858e-04 4.537467611953616142e-05 2.472206460879533552e-06 7.862762174681847682e-08 8.865335687779918317e-10 -1.162265630960668261e-10 6.220240322818426648e-08 4.319494564697379246e-06 1.752350945025682449e-04 4.188109654933214188e-03 5.897730961441993713e-02 4.893456399440765381e-01 2.392291545867919922e+00 6.890961170196533203e+00 1.169534492492675781e+01 1.169534492492675781e+01 6.890972614288330078e+00 2.392296075820922852e+00 4.893455803394317627e-01 5.897725373506546021e-02 4.188130609691143036e-03 1.752350799506530166e-04 4.319204890634864569e-06 6.217182146883715177e-08 1.440222940907176508e-09 7.865822482244766434e-08 2.471961352057405747e-06 4.537485801847651601e-05 4.902929649688303471e-04 3.123737405985593796e-03 1.171799749135971069e-02 2.591838315129280090e-02 3.375362977385520935e-02
2.588870562613010406e-02 1.170460693538188934e-02 3.120175562798976898e-03 4.897330072708427906e-04 4.532273305812850595e-05 2.469541186655987985e-06 7.856307604470202932e-08 9.864720151853134666e-10 -3.698811743002572427e-11 6.194791524194442900e-08 4.298183739592786878e-06 1.743707834975793958e-04 4.167454317212104797e-03 5.868650972843170166e-02 4.869328439235687256e-01 2.380495548248291016e+00 6.856982707977294922e+00 1.163768672943115234e+01 1.163768672943115234e+01 6.856991767883300781e+00 2.380500078201293945e+00 4.869327843189239502e-01 5.868644267320632935e-02 4.167474340647459030e-03 1.743707398418337107e-04 4.297889972804114223e-06 6.184452416846397682e-08 1.588045583922337300e-09 7.865337892098978045e-08 2.469271976224263199e-06 4.532295861281454563e-05 4.897306207567453384e-04 3.120160894468426704e-03 1.170457340776920319e-02 2.588867954909801483e-02 3.371489420533180237e-02
2.591777779161930084e-02 1.171774230897426605e-02 3.123679431155323982e-03 4.902833024971187115e-04 4.537362838163971901e-05 2.472332198522053659e-06 7.872202445469156373e-08 1.072276600844190853e-09 2.604607154954585724e-11 6.175184097401142935e-08 4.279197582945926115e-06 1.735926780384033918e-04 4.148859065026044846e-03 5.842452868819236755e-02 4.847597777843475342e-01 2.369871854782104492e+00 6.826375484466552734e+00 1.158574771881103516e+01 1.158574771881103516e+01 6.826383113861083984e+00 2.369875907897949219e+00 4.847596883773803711e-01 5.842447280883789062e-02 4.148879088461399078e-03 1.735926489345729351e-04 4.278811957192374393e-06 6.171258348786068382e-08 1.709558605789140984e-09 7.884097641408516211e-08 2.472040478096459992e-06 4.537382483249530196e-05 4.902809741906821728e-04 3.123664995655417442e-03 1.171771343797445297e-02 2.591775543987751007e-02 3.375282511115074158e-02
2.599938772618770599e-02 1.175463851541280746e-02 3.133511636406183243e-03 4.918266204185783863e-04 4.551653910311870277e-05 2.480193188603152521e-06 7.895355480513899238e-08 1.000490135183440543e-09 -2.484318653572792357e-11 6.157521426075618365e-08 4.261893536749994382e-06 1.728923089103773236e-04 4.132111091166734695e-03 5.818879231810569763e-02 4.828035235404968262e-01 2.360304355621337891e+00 6.798830032348632812e+00 1.153898811340332031e+01 1.153898811340332031e+01 6.798839092254638672e+00 2.360308408737182617e+00 4.828034639358520508e-01 5.818872526288032532e-02 4.132129251956939697e-03 1.728921051835641265e-04 4.261549293005373329e-06 6.136973951242907788e-08 1.712488817418034159e-09 7.908851529236926581e-08 2.479890326867462136e-06 4.551674282993189991e-05 4.918238264508545399e-04 3.133497433736920357e-03 1.175460964441299438e-02 2.599935233592987061e-02 3.385905921459197998e-02
2.612888813018798828e-02 1.181318797171115875e-02 3.149121999740600586e-03 4.942766972817480564e-04 4.574332342599518597e-05 2.492556177458027378e-06 7.939302548720661434e-08 1.018666706542603606e-09 -7.892222986249919359e-11 6.125065965534304269e-08 4.246386197337415069e-06 1.722613378660753369e-04 4.117039963603019714e-03 5.797656252980232239e-02 4.810420870780944824e-01 2.351695060729980469e+00 6.774028778076171875e+00 1.149687194824218750e+01 1.149687194824218750e+01 6.774039268493652344e+00 2.351699590682983398e+00 4.810420870780944824e-01 5.797649919986724854e-02 4.117058124393224716e-03 1.722615415928885341e-04 4.245974650984862819e-06 6.106561301066903980e-08 1.634423041352306427e-09 7.943399538135054172e-08 2.492216708560590632e-06 4.574348349706269801e-05 4.942743107676506042e-04 3.149107331410050392e-03 1.181315258145332336e-02 2.612885460257530212e-02 3.402772545814514160e-02
2.630706876516342163e-02 1.189375948160886765e-02 3.170597832649946213e-03 4.976478521712124348e-04 4.605528738466091454e-05 2.509548949092277326e-06 7.998178830348479096e-08 1.053650056093147214e-09 -8.620167774031628483e-11 6.102479233049962204e-08 4.232437731843674555e-06 1.716937695164233446e-04 4.103474318981170654e-03 5.778545513749122620e-02 4.794570803642272949e-01 2.343946218490600586e+00 6.751704216003417969e+00 1.145900249481201172e+01 1.145900249481201172e+01 6.751714229583740234e+00 2.343950748443603516e+00 4.794570207595825195e-01 5.778540670871734619e-02 4.103492479771375656e-03 1.716935948934406042e-04 4.231992988934507594e-06 6.090397874913833220e-08 1.646808911459629599e-09 8.006487917100457707e-08 2.509199703126796521e-06 4.605547655955888331e-05 4.976449417881667614e-04 3.170582465827465057e-03 1.189372688531875610e-02 2.630704455077648163e-02 3.425979614257812500e-02
2.653492242097854614e-02 1.199676468968391418e-02 3.198056016117334366e-03 5.019569653086364269e-04 4.645411900128237903e-05 2.531256768634193577e-06 8.066123768912802916e-08 1.018908846184274353e-09 -8.447453153648254442e-11 6.088767179335263791e-08 4.219806214678101242e-06 1.711826189421117306e-04 4.091266077011823654e-03 5.761350691318511963e-02 4.780300855636596680e-01 2.336969375610351562e+00 6.731609344482421875e+00 1.142489910125732422e+01 1.142489910125732422e+01 6.731616973876953125e+00 2.336973905563354492e+00 4.780299961566925049e-01 5.761344730854034424e-02 4.091284237802028656e-03 1.711825607344508171e-04 4.219369657221250236e-06 6.065639013286272530e-08 1.607415089921460094e-09 8.068798962312939693e-08 2.531005293349153362e-06 4.645428634830750525e-05 5.019546370021998882e-04 3.198040649294853210e-03 1.199673395603895187e-02 2.653488516807556152e-02 3.455642610788345337e-02
2.681294828653335571e-02 1.212245877832174301e-02 3.231565002351999283e-03 5.072168423794209957e-04 4.694088784162886441e-05 2.557774450906435959e-06 8.160232312093285145e-08 1.006270289316546496e-09 -1.669307921059459687e-11 6.073113212323733023e-08 4.208439349895343184e-06 1.707227638689801097e-04 4.080269020050764084e-03 5.745873600244522095e-02 4.767454564571380615e-01 2.330694437026977539e+00 6.713527202606201172e+00 1.139421749114990234e+01 1.139421749114990234e+01 6.713535785675048828e+00 2.330698490142822266e+00 4.767454266548156738e-01 5.745866894721984863e-02 4.080288577824831009e-03 1.707228511804714799e-04 4.208032351016299799e-06 6.053794976423887420e-08 1.620464873397509109e-09 8.164671072563578491e-08 2.557602329034125432e-06 4.694108429248444736e-05 5.072142812423408031e-04 3.231551265344023705e-03 1.212243083864450455e-02 2.681292034685611725e-02 3.491854667663574219e-02
2.713795751333236694e-02 1.226939447224140167e-02 3.270735265687108040e-03 5.133648519404232502e-04 4.750992229674011469e-05 2.588777533674146980e-06 8.256306216480879812e-08 1.170809449391185808e-09 1.119642052682667810e-11 6.055715573438646970e-08 4.198278929834486917e-06 1.703089510556310415e-04 4.070376046001911163e-03 5.731943622231483459e-02 4.755902588367462158e-01 2.325042247772216797e+00 6.697255134582519531e+00 1.136658382415771484e+01 1.136658287048339844e+01 6.697263717651367188e+00 2.325047016143798828e+00 4.755902290344238281e-01 5.731936171650886536e-02 4.070394206792116165e-03 1.703091838862746954e-04 4.197897851554444060e-06 6.045524258979639853e-08 1.714121622420350377e-09 8.268930429267129512e-08 2.588569486761116423e-06 4.751025335281156003e-05 5.133622908033430576e-04 3.270720364525914192e-03 1.226936001330614090e-02 2.713792771100997925e-02 3.534182533621788025e-02
2.750339917838573456e-02 1.243462506681680679e-02 3.314780537039041519e-03 5.202778265811502934e-04 4.814957719645462930e-05 2.623537284307531081e-06 8.376718341196465190e-08 1.296129981120941466e-09 -2.165180187918558374e-11 6.049996414958513924e-08 4.188992534182034433e-06 1.699364511296153069e-04 4.061472136527299881e-03 5.719398707151412964e-02 4.745494127273559570e-01 2.319954872131347656e+00 6.682603359222412109e+00 1.134173297882080078e+01 1.134173297882080078e+01 6.682612419128417969e+00 2.319959402084350586e+00 4.745493531227111816e-01 5.719392001628875732e-02 4.061492159962654114e-03 1.699365820968523622e-04 4.188742423139046878e-06 6.033501875890578958e-08 1.811745420354782254e-09 8.374352233886384056e-08 2.623315594973973930e-06 4.814994099433533847e-05 5.202752654440701008e-04 3.314764937385916710e-03 1.243458501994609833e-02 2.750336937606334686e-02 3.581774607300758362e-02
2.790028788149356842e-02 1.261407509446144104e-02 3.362616524100303650e-03 5.277866148389875889e-04 4.884430018137209117e-05 2.661472763065830804e-06 8.490975034192160820e-08 1.166774343808185677e-09 -1.339998806360043204e-10 6.028282228953685262e-08 4.180712039669742808e-06 1.696008694125339389e-04 4.053460899740457535e-03 5.708120763301849365e-02 4.736134409904479980e-01 2.315381288528442383e+00 6.669415950775146484e+00 1.131935119628906250e+01 1.131935119628906250e+01 6.669424057006835938e+00 2.315385341644287109e+00 4.736133217811584473e-01 5.708114802837371826e-02 4.053479060530662537e-03 1.696011604508385062e-04 4.180391897534718737e-06 6.022035137220882461e-08 1.649809511228284009e-09 8.485933022939207149e-08 2.661114422153332271e-06 4.884475856670178473e-05 5.277838208712637424e-04 3.362600458785891533e-03 1.261403597891330719e-02 2.790025994181632996e-02 3.633462265133857727e-02
2.832102589309215546e-02 1.280428096652030945e-02 3.413321916013956070e-03 5.357451736927032471e-04 4.958091085427440703e-05 2.701514858927112073e-06 8.610962964894497418e-08 1.083467537910109968e-09 -2.019992090263045270e-10 6.002122177051205654e-08 4.173250090389046818e-06 1.692992227617651224e-04 4.046248272061347961e-03 5.697966739535331726e-02 4.727705121040344238e-01 2.311255931854248047e+00 6.657550811767578125e+00 1.129920196533203125e+01 1.129920196533203125e+01 6.657559394836425781e+00 2.311260223388671875e+00 4.727704524993896484e-01 5.697959661483764648e-02 4.046266898512840271e-03 1.692994555924087763e-04 4.172864464635495096e-06 6.002521502068702830e-08 1.686808359657732126e-09 8.612698110255223582e-08 2.701191760934307240e-06 4.958135104971006513e-05 5.357425543479621410e-04 3.413304686546325684e-03 1.280424371361732483e-02 2.832098677754402161e-02 3.688254952430725098e-02
2.875986881554126740e-02 1.300269644707441330e-02 3.466214984655380249e-03 5.440468667075037956e-04 5.034910282120108604e-05 2.743244976954883896e-06 8.729528389039842295e-08 1.091276957687625782e-09 -2.300846041469739589e-10 5.998446539479118655e-08 4.166608960076700896e-06 1.690277131274342537e-04 4.039756953716278076e-03 5.688825622200965881e-02 4.720119833946228027e-01 2.307548999786376953e+00 6.646868705749511719e+00 1.128108692169189453e+01 1.128108692169189453e+01 6.646876811981201172e+00 2.307553052902221680e+00 4.720119833946228027e-01 5.688817799091339111e-02 4.039775114506483078e-03 1.690276694716885686e-04 4.166239705227781087e-06 5.995620000476264977e-08 1.804101867897145439e-09 8.745441704149925499e-08 2.742932565524824895e-06 5.034951027482748032e-05 5.440441309474408627e-04 3.466199850663542747e-03 1.300265640020370483e-02 2.875983901321887970e-02 3.745410591363906860e-02
2.921062894165515900e-02 1.320648659020662308e-02 3.520542522892355919e-03 5.525736487470567226e-04 5.113833685754798353e-05 2.786218374239979312e-06 8.865315948014540481e-08 1.085886935925373109e-09 -3.050323049702541311e-10 5.985197759628135827e-08 4.160429853072855622e-06 1.687833137111738324e-04 4.033913835883140564e-03 5.680593848228454590e-02 4.713298976421356201e-01 2.304211139678955078e+00 6.637255668640136719e+00 1.126475620269775391e+01 1.126475620269775391e+01 6.637266159057617188e+00 2.304215669631958008e+00 4.713298380374908447e-01 5.680586397647857666e-02 4.033932927995920181e-03 1.687832700554281473e-04 4.160223852522904053e-06 5.983682882515495294e-08 1.858848075464436533e-09 8.879190005472992198e-08 2.785908236546674743e-06 5.113869701744988561e-05 5.525707383640110493e-04 3.520526690408587456e-03 1.320645119994878769e-02 2.921060286462306976e-02 3.804110735654830933e-02
2.966655232012271881e-02 1.341261155903339386e-02 3.575489856302738190e-03 5.611981614492833614e-04 5.193653123569674790e-05 2.829621962519013323e-06 9.000092404676252045e-08 1.143124372937620592e-09 -2.234737672690556565e-10 5.983213924309893628e-08 4.155065198574448004e-06 1.685629686107859015e-04 4.028657451272010803e-03 5.673190578818321228e-02 4.707157313823699951e-01 2.301208257675170898e+00 6.628601551055908203e+00 1.125007534027099609e+01 1.125007534027099609e+01 6.628610610961914062e+00 2.301213026046752930e+00 4.707157015800476074e-01 5.673184245824813843e-02 4.028676077723503113e-03 1.685633324086666107e-04 4.154820544499671087e-06 5.977812378432645346e-08 1.877702437980133254e-09 9.024192593187763123e-08 2.829433014994719997e-06 5.193690958549268544e-05 5.611953092738986015e-04 3.575474489480257034e-03 1.341257430613040924e-02 2.966652251780033112e-02 3.863483667373657227e-02
3.012195415794849396e-02 1.361850835382938385e-02 3.630374791100621223e-03 5.698130698874592781e-04 5.273383067105896771e-05 2.873124230973189697e-06 9.139741763419806375e-08 1.171871155669634845e-09 -2.245766350661426713e-10 5.971494232426266535e-08 4.150105269218329340e-06 1.683650771155953407e-04 4.023924004286527634e-03 5.666526034474372864e-02 4.701618850231170654e-01 2.298504114151000977e+00 6.620817661285400391e+00 1.123685455322265625e+01 1.123685359954833984e+01 6.620826721191406250e+00 2.298507928848266602e+00 4.701618254184722900e-01 5.666518956422805786e-02 4.023941699415445328e-03 1.683652080828323960e-04 4.149863798375008628e-06 5.961673110732590430e-08 1.971281582413553224e-09 9.161407632518603350e-08 2.872949835364124738e-06 5.273417627904564142e-05 5.698099848814308643e-04 3.630358260124921799e-03 1.361847110092639923e-02 3.012192249298095703e-02 3.922791779041290283e-02
3.057353012263774872e-02 1.382266357541084290e-02 3.684801748022437096e-03 5.783555679954588413e-04 5.352446532924659550e-05 2.916316816481412388e-06 9.290162950037483824e-08 1.286737716377217566e-09 -2.338480520336361224e-10 5.970883876216248609e-08 4.145633738517062739e-06 1.681866124272346497e-04 4.019662737846374512e-03 5.660530924797058105e-02 4.696645140647888184e-01 2.296075344085693359e+00 6.613808631896972656e+00 1.122496604919433594e+01 1.122496509552001953e+01 6.613817691802978516e+00 2.296079397201538086e+00 4.696644246578216553e-01 5.660523101687431335e-02 4.019680432975292206e-03 1.681869907770305872e-04 4.145531420363113284e-06 5.955066484375493019e-08 2.128267340140155284e-09 9.296559255744796246e-08 2.916125140473013744e-06 5.352475272957235575e-05 5.783525994047522545e-04 3.684784984216094017e-03 1.382262725383043289e-02 3.057349473237991333e-02 3.981600701808929443e-02
3.101639449596405029e-02 1.402288582175970078e-02 3.738176776096224785e-03 5.867328727617859840e-04 5.429975863080471754e-05 2.958443701572832651e-06 9.420093505241311505e-08 1.174879415977159169e-09 -2.587490499639244490e-10 5.970327521254148451e-08 4.141491444897837937e-06 1.680265850154682994e-04 4.015832673758268356e-03 5.655128508806228638e-02 4.692167639732360840e-01 2.293884038925170898e+00 6.607503414154052734e+00 1.121426391601562500e+01 1.121426296234130859e+01 6.607511997222900391e+00 2.293887615203857422e+00 4.692167043685913086e-01 5.655122920870780945e-02 4.015850834548473358e-03 1.680266723269596696e-04 4.141765657550422475e-06 5.950330361770284071e-08 2.211051119971330081e-09 9.429696490315109259e-08 2.958299774036277086e-06 5.430017336038872600e-05 5.867296131327748299e-04 3.738158149644732475e-03 1.402285043150186539e-02 3.101635724306106567e-02 4.039272665977478027e-02
3.144620731472969055e-02 1.421722956001758575e-02 3.789983224123716354e-03 5.948639591224491596e-04 5.505232911673374474e-05 2.999378011736553162e-06 9.543604306827546679e-08 1.148711570309046692e-09 -2.149321554067995521e-10 5.963205040870889206e-08 4.138022632105275989e-06 1.678822591202333570e-04 4.012380260974168777e-03 5.650267750024795532e-02 4.688133299350738525e-01 2.291913986206054688e+00 6.601825714111328125e+00 1.120463085174560547e+01 1.120463085174560547e+01 6.601832866668701172e+00 2.291918039321899414e+00 4.688133001327514648e-01 5.650259181857109070e-02 4.012398421764373779e-03 1.678820262895897031e-04 4.138303665968123823e-06 5.954055026791138516e-08 2.185070124838262018e-09 9.564028147224234999e-08 2.999231128342216834e-06 5.505264925886876881e-05 5.948609323240816593e-04 3.789965296164155006e-03 1.421719137579202652e-02 3.144618496298789978e-02 4.095250368118286133e-02
3.185887262225151062e-02 1.440378185361623764e-02 3.839712357148528099e-03 6.026699556969106197e-04 5.577469710260629654e-05 3.038856448256410658e-06 9.662436184498801595e-08 1.284520156907831279e-09 -2.086108924492791061e-10 5.953489790044841357e-08 4.135016297368565574e-06 1.677520485827699304e-04 4.009273368865251541e-03 5.645899474620819092e-02 4.684509932994842529e-01 2.290142536163330078e+00 6.596716880798339844e+00 1.119596290588378906e+01 1.119596290588378906e+01 6.596724033355712891e+00 2.290146827697753906e+00 4.684509336948394775e-01 5.645892769098281860e-02 4.009292460978031158e-03 1.677523687249049544e-04 4.135007202421547845e-06 5.949810955030443438e-08 2.160543077778243060e-09 9.691797231425880454e-08 3.038673412447678857e-06 5.577496267505921423e-05 6.026665796525776386e-04 3.839693497866392136e-03 1.440373994410037994e-02 3.185883909463882446e-02 4.148989543318748474e-02
3.225151076912879944e-02 1.458129659295082092e-02 3.887035418301820755e-03 6.100973114371299744e-04 5.646208228426985443e-05 3.076345819863490760e-06 9.791042288043172448e-08 1.148046546717296224e-09 -2.360355799702062995e-10 5.941432235090360336e-08 4.132214598939754069e-06 1.676352840149775147e-04 4.006478004157543182e-03 5.641962587833404541e-02 4.681245386600494385e-01 2.288545131683349609e+00 6.592118740081787109e+00 1.118815803527832031e+01 1.118815803527832031e+01 6.592128276824951172e+00 2.288548946380615234e+00 4.681244492530822754e-01 5.641955882310867310e-02 4.006496630609035492e-03 1.676353567745536566e-04 4.132042704441118985e-06 5.943676839592626493e-08 2.030295487287503420e-09 9.809144074779396760e-08 3.076203711316338740e-06 5.646243153023533523e-05 6.100938771851360798e-04 3.887017490342259407e-03 1.458125934004783630e-02 3.225148096680641174e-02 4.200122132897377014e-02
3.261897712945938110e-02 1.474744360893964767e-02 3.931323997676372528e-03 6.170490523800253868e-04 5.710535697289742529e-05 3.111460273430566303e-06 9.907437714673505980e-08 1.211484357277470281e-09 -2.938313481415377737e-10 5.930572299917002965e-08 4.129402896069223061e-06 1.675301318755373359e-04 4.003967624157667160e-03 5.638419091701507568e-02 4.678305089473724365e-01 2.287105798721313477e+00 6.587984561920166016e+00 1.118114185333251953e+01 1.118114185333251953e+01 6.587992191314697266e+00 2.287110328674316406e+00 4.678304195404052734e-01 5.638411268591880798e-02 4.003985319286584854e-03 1.675300445640459657e-04 4.129387434659292921e-06 5.937183189530514937e-08 1.943851302144139481e-09 9.912973553127812920e-08 3.111172418357455172e-06 5.710573168471455574e-05 6.170459673739969730e-04 3.931306302547454834e-03 1.474740356206893921e-02 3.261893987655639648e-02 4.247980564832687378e-02
3.295499086380004883e-02 1.489935908466577530e-02 3.971816506236791611e-03 6.234051543287932873e-04 5.769357812823727727e-05 3.143545882267062552e-06 1.000457601207926928e-07 1.283068207236226499e-09 -3.624042732575105674e-10 5.924115242805783055e-08 4.127138709009159356e-06 1.674354571150615811e-04 4.001697991043329239e-03 5.635234713554382324e-02 4.675659537315368652e-01 2.285814762115478516e+00 6.584260463714599609e+00 1.117481613159179688e+01 1.117481613159179688e+01 6.584267616271972656e+00 2.285818338394165039e+00 4.675658643245697021e-01 5.635228380560874939e-02 4.001714754849672318e-03 1.674352388363331556e-04 4.126940893911523744e-06 5.935763525144466257e-08 1.826167661533872888e-09 1.001282612378417980e-07 3.143116373394150287e-06 5.769385097664780915e-05 6.234016036614775658e-04 3.971800673753023148e-03 1.489931903779506683e-02 3.295494988560676575e-02 4.291741177439689636e-02
3.325677663087844849e-02 1.503578852862119675e-02 4.008192569017410278e-03 6.291137542575597763e-04 5.822181628900580108e-05 3.172306378473876975e-06 1.009940433505107649e-07 1.094998758333076694e-09 -4.406771336729065069e-10 5.914994360978198529e-08 4.125110535824205726e-06 1.673502556513994932e-04 3.999670036137104034e-03 5.632368475198745728e-02 4.673279821872711182e-01 2.284648895263671875e+00 6.580906867980957031e+00 1.116912078857421875e+01 1.116911888122558594e+01 6.580914020538330078e+00 2.284652471542358398e+00 4.673279225826263428e-01 5.632361769676208496e-02 3.999687265604734421e-03 1.673500082688406110e-04 4.124763563595479354e-06 5.934724001122049231e-08 1.816071293347931714e-09 1.009491228387560113e-07 3.171779326294199564e-06 5.822214370709843934e-05 6.291100871749222279e-04 4.008173942565917969e-03 1.503574848175048828e-02 3.325674310326576233e-02 4.331037774682044983e-02
3.352385014295578003e-02 1.515655685216188431e-02 4.040383268147706985e-03 6.341667030937969685e-04 5.868950756848789752e-05 3.197838623236748390e-06 1.018486770476556558e-07 1.047844033763567495e-09 -4.780086326761079363e-10 5.900156452298688237e-08 4.123005510336952284e-06 1.672735088504850864e-04 3.997833933681249619e-03 5.629785358905792236e-02 4.671139419078826904e-01 2.283604145050048828e+00 6.577891826629638672e+00 1.116400337219238281e+01 1.116400337219238281e+01 6.577898979187011719e+00 2.283607482910156250e+00 4.671138823032379150e-01 5.629777535796165466e-02 3.997851628810167313e-03 1.672733778832480311e-04 4.122767677472438663e-06 5.914917977634104318e-08 1.803459603877399786e-09 1.018050355128252704e-07 3.197226305928779766e-06 5.868980588275007904e-05 6.341632688418030739e-04 4.040365107357501984e-03 1.515651773661375046e-02 3.352381661534309387e-02 4.365825280547142029e-02
3.375377133488655090e-02 1.526050921529531479e-02 4.068092443048954010e-03 6.385160377249121666e-04 5.909204992349259555e-05 3.219757445549475960e-06 1.026208735765976598e-07 1.218576350936473318e-09 -4.122658325833583604e-10 5.903369171278427530e-08 4.121386609767796472e-06 1.672044600127264857e-04 3.996181301772594452e-03 5.627461150288581848e-02 4.669210612773895264e-01 2.282661914825439453e+00 6.575170993804931641e+00 1.115940093994140625e+01 1.115940093994140625e+01 6.575179100036621094e+00 2.282666683197021484e+00 4.669209718704223633e-01 5.627453699707984924e-02 3.996198531240224838e-03 1.672041835263371468e-04 4.121046913496684283e-06 5.903843458554547396e-08 1.779712932581389850e-09 1.025238063334654726e-07 3.219211521354736760e-06 5.909240644541569054e-05 6.385130109265446663e-04 4.068074747920036316e-03 1.526046637445688248e-02 3.375373035669326782e-02 4.395766928791999817e-02
3.394575044512748718e-02 1.534729637205600739e-02 4.091227427124977112e-03 6.421474972739815712e-04 5.942810093984007835e-05 3.238020326534751803e-06 1.031360170600237325e-07 1.237708935342141103e-09 -3.862113684416357273e-10 5.912876233082897670e-08 4.119928235013503581e-06 1.671423960942775011e-04 3.994693048298358917e-03 5.625372380018234253e-02 4.667474627494812012e-01 2.281812906265258789e+00 6.572726726531982422e+00 1.115525436401367188e+01 1.115525436401367188e+01 6.572733879089355469e+00 2.281816959381103516e+00 4.667474031448364258e-01 5.625365674495697021e-02 3.994711209088563919e-03 1.671421196078881621e-04 4.119622644793707877e-06 5.903924460426424048e-08 1.740914523651326817e-09 1.031531837725196965e-07 3.237438249925617129e-06 5.942835559835657477e-05 6.421443540602922440e-04 4.091207869350910187e-03 1.534725446254014969e-02 3.394571319222450256e-02 4.420768469572067261e-02
3.410335630178451538e-02 1.541854906827211380e-02 4.110221285372972488e-03 6.451283697970211506e-04 5.970389975118450820e-05 3.252993792557390407e-06 1.035695476048204000e-07 1.219744527602983908e-09 -4.124328378818375995e-10 5.911504885602880677e-08 4.118619017390301451e-06 1.670860947342589498e-04 3.993359394371509552e-03 5.623484030365943909e-02 4.665911793708801270e-01 2.281049728393554688e+00 6.570536136627197266e+00 1.115152740478515625e+01 1.115152740478515625e+01 6.570544242858886719e+00 2.281053781509399414e+00 4.665910601615905762e-01 5.623475834727287292e-02 3.993378020823001862e-03 1.670864585321396589e-04 4.118293418287066743e-06 5.911062928021237894e-08 1.601942578588477772e-09 1.035429377793661843e-07 3.252431952205370180e-06 5.970420534140430391e-05 6.451250519603490829e-04 4.110202193260192871e-03 1.541850715875625610e-02 3.410331904888153076e-02 4.441291838884353638e-02
3.423475846648216248e-02 1.547797024250030518e-02 4.126062151044607162e-03 6.476143025793135166e-04 5.993392915115691721e-05 3.265581199229927734e-06 1.038748749238038727e-07 1.222205447959368030e-09 -3.863616093724431266e-10 5.923505952409868769e-08 4.117430307815084234e-06 1.670359779382124543e-04 3.992162179201841354e-03 5.621796101331710815e-02 4.664508104324340820e-01 2.280363082885742188e+00 6.568556785583496094e+00 1.114815902709960938e+01 1.114815902709960938e+01 6.568565368652343750e+00 2.280367612838745117e+00 4.664507508277893066e-01 5.621787160634994507e-02 3.992178943008184433e-03 1.670361380092799664e-04 4.117093340028077364e-06 5.907230260504547914e-08 1.630907409122528406e-09 1.039244068579137092e-07 3.265046643718960695e-06 5.993421291350387037e-05 6.476112175732851028e-04 4.126042593270540237e-03 1.547793112695217133e-02 3.423471748828887939e-02 4.458407312631607056e-02
3.434735164046287537e-02 1.552887074649333954e-02 4.139631520956754684e-03 6.497438298538327217e-04 6.013094753143377602e-05 3.276288225606549531e-06 1.039423693782737246e-07 1.303063767998935418e-09 -4.456816860010093251e-10 5.914453993227652973e-08 4.116237960261059925e-06 1.669906196184456348e-04 3.991073928773403168e-03 5.620272085070610046e-02 4.663244187831878662e-01 2.279746770858764648e+00 6.566776752471923828e+00 1.114513683319091797e+01 1.114513683319091797e+01 6.566784381866455078e+00 2.279750585556030273e+00 4.663243591785430908e-01 5.620265007019042969e-02 3.991091623902320862e-03 1.669909979682415724e-04 4.115923729841597378e-06 5.903902788872983365e-08 1.699559493140156974e-09 1.042033730414004822e-07 3.275728431617608294e-06 6.013117308611981571e-05 6.497403956018388271e-04 4.139612894505262375e-03 1.552883069962263107e-02 3.434732183814048767e-02 4.473065957427024841e-02
3.444736078381538391e-02 1.557407528162002563e-02 4.151682369410991669e-03 6.516361027024686337e-04 6.030607255524955690e-05 3.285945467723649926e-06 1.041721233718817530e-07 1.305468844137180895e-09 -4.990698965201545434e-10 5.906294120450183982e-08 4.115299361728830263e-06 1.669499761192128062e-04 3.990096971392631531e-03 5.618900805711746216e-02 4.662105143070220947e-01 2.279188394546508789e+00 6.565171241760253906e+00 1.114242362976074219e+01 1.114242362976074219e+01 6.565179347991943359e+00 2.279192209243774414e+00 4.662104249000549316e-01 5.618891865015029907e-02 3.990113735198974609e-03 1.669500925345346332e-04 4.114894636586541310e-06 5.900236743627829128e-08 1.691869866426998215e-09 1.044712476527820399e-07 3.285346338088857010e-06 6.030627264408394694e-05 6.516325520351529121e-04 4.151664674282073975e-03 1.557403337210416794e-02 3.444732725620269775e-02 4.486088082194328308e-02
3.453709930181503296e-02 1.561464834958314896e-02 4.162504337728023529e-03 6.533339037559926510e-04 6.046328053344041109e-05 3.294559519417816773e-06 1.045448598802067863e-07 1.237268398845969841e-09 -5.305616501694032650e-10 5.895643084841140080e-08 4.114443072467111051e-06 1.669134071562439203e-04 3.989221528172492981e-03 5.617664754390716553e-02 4.661083221435546875e-01 2.278686761856079102e+00 6.563731193542480469e+00 1.113997936248779297e+01 1.113997936248779297e+01 6.563741207122802734e+00 2.278690338134765625e+00 4.661082029342651367e-01 5.617658048868179321e-02 3.989240620285272598e-03 1.669135817792266607e-04 4.113925569981802255e-06 5.893749843721707293e-08 1.554280482096714877e-09 1.047359674544168229e-07 3.293908093837671913e-06 6.046341513865627348e-05 6.533305277116596699e-04 4.162485711276531219e-03 1.561460830271244049e-02 3.453706204891204834e-02 4.497776180505752563e-02
3.462101891636848450e-02 1.565259136259555817e-02 4.172616172581911087e-03 6.549210520461201668e-04 6.061023304937407374e-05 3.302527147752698511e-06 1.048643909484781034e-07 1.322827847261009993e-09 -4.926777874558752046e-10 5.899306643186719157e-08 4.113415343454107642e-06 1.668804325163364410e-04 3.988441079854965210e-03 5.616555362939834595e-02 4.660161137580871582e-01 2.278232812881469727e+00 6.562430858612060547e+00 1.113776016235351562e+01 1.113775825500488281e+01 6.562439441680908203e+00 2.278236627578735352e+00 4.660159945487976074e-01 5.616547539830207825e-02 3.988457378000020981e-03 1.668802869971841574e-04 4.113176146347541362e-06 5.886033704882720485e-08 1.636220159362267168e-09 1.050428082294274645e-07 3.301929382359958254e-06 6.061046951799653471e-05 6.549178506247699261e-04 4.172596614807844162e-03 1.565254852175712585e-02 3.462097421288490295e-02 4.508704319596290588e-02
3.470236435532569885e-02 1.568936556577682495e-02 4.182418342679738998e-03 6.564600626006722450e-04 6.075258716009557247e-05 3.310319470983813517e-06 1.049969924338256533e-07 1.269447880147822616e-09 -5.248089740561567851e-10 5.905908651016034128e-08 4.112617716600652784e-06 1.668505719862878323e-04 3.987730480730533600e-03 5.615559592843055725e-02 4.659332334995269775e-01 2.277831792831420898e+00 6.561263561248779297e+00 1.113577747344970703e+01 1.113577747344970703e+01 6.561272144317626953e+00 2.277836084365844727e+00 4.659330844879150391e-01 5.615551397204399109e-02 3.987746778875589371e-03 1.668506884016096592e-04 4.112498572794720531e-06 5.890233722993798438e-08 1.643738700707331191e-09 1.053262224104400957e-07 3.309747853563749231e-06 6.075270357541739941e-05 6.564566283486783504e-04 4.182401578873395920e-03 1.568932272493839264e-02 3.470233082771301270e-02 4.519297555088996887e-02
3.478192538022994995e-02 1.572534069418907166e-02 4.192010965198278427e-03 6.579649052582681179e-04 6.089195812819525599e-05 3.317919208711828105e-06 1.051792324346934038e-07 1.018583550838059182e-09 -5.206137188018544748e-10 5.915165957048884593e-08 4.112042461201781407e-06 1.668240583967417479e-04 3.987082280218601227e-03 5.614655837416648865e-02 4.658588469028472900e-01 2.277465820312500000e+00 6.560210227966308594e+00 1.113399028778076172e+01 1.113398933410644531e+01 6.560217857360839844e+00 2.277469396591186523e+00 4.658587872982025146e-01 5.614647641777992249e-02 3.987099044024944305e-03 1.668242039158940315e-04 4.111998350708745420e-06 5.900529487234962289e-08 1.607053934371549531e-09 1.055493399348961248e-07 3.317360778964939527e-06 6.089193630032241344e-05 6.579617038369178772e-04 4.191990476101636887e-03 1.572529412806034088e-02 3.478189185261726379e-02 4.529662802815437317e-02
3.485800325870513916e-02 1.575973257422447205e-02 4.201177041977643967e-03 6.594043807126581669e-04 6.102510815253481269e-05 3.325154693811782636e-06 1.054277660728075716e-07 1.177753228276401387e-09 -4.506107431634376326e-10 5.906931477284160792e-08 4.111247108085080981e-06 1.667999313212931156e-04 3.986509051173925400e-03 5.613844841718673706e-02 4.657911360263824463e-01 2.277135848999023438e+00 6.559262275695800781e+00 1.113239955902099609e+01 1.113239955902099609e+01 6.559269905090332031e+00 2.277139902114868164e+00 4.657910168170928955e-01 5.613835155963897705e-02 3.986524883657693863e-03 1.668000913923606277e-04 4.111375346838030964e-06 5.898320409869484138e-08 1.700274365745713112e-09 1.058504253137471096e-07 3.324534418425173499e-06 6.102513361838646233e-05 6.594011792913079262e-04 4.201158415526151657e-03 1.575969159603118896e-02 3.485797345638275146e-02 4.539572075009346008e-02
3.492905944585800171e-02 1.579185761511325836e-02 4.209741018712520599e-03 6.607485120184719563e-04 6.114956340752542019e-05 3.332075038997572847e-06 1.056349958616920048e-07 1.205108235424745544e-09 -4.041647017061222869e-10 5.906160538415861083e-08 4.110670488444156945e-06 1.667783508310094476e-04 3.985989373177289963e-03 5.613113567233085632e-02 4.657305181026458740e-01 2.276841640472412109e+00 6.558411121368408203e+00 1.113095664978027344e+01 1.113095664978027344e+01 6.558419227600097656e+00 2.276845932006835938e+00 4.657304286956787109e-01 5.613105371594429016e-02 3.986006136983633041e-03 1.667785691097378731e-04 4.110780992050422356e-06 5.906701261437774519e-08 1.763772239371519390e-09 1.061500611854171439e-07 3.331498874103999697e-06 6.114948337199166417e-05 6.607453105971217155e-04 4.209722857922315598e-03 1.579181477427482605e-02 3.492902591824531555e-02 4.548825696110725403e-02
3.499633073806762695e-02 1.582227833569049835e-02 4.217848181724548340e-03 6.620209896937012672e-04 6.126713560661301017e-05 3.338413307574228384e-06 1.058732479464197240e-07 1.192474896605233425e-09 -3.458061337280327052e-10 5.898835908624278090e-08 4.110545432922663167e-06 1.667589676799252629e-04 3.985526505857706070e-03 5.612459778785705566e-02 4.656763672828674316e-01 2.276575088500976562e+00 6.557646274566650391e+00 1.112963294982910156e+01 1.112963199615478516e+01 6.557653903961181641e+00 2.276578664779663086e+00 4.656763076782226562e-01 5.612453073263168335e-02 3.985542338341474533e-03 1.667589385760948062e-04 4.110304416826693341e-06 5.898796828773811285e-08 1.739326682681507918e-09 1.063885051166835183e-07 3.337911266498849727e-06 6.126736843725666404e-05 6.620179046876728535e-04 4.217829089611768723e-03 1.582223176956176758e-02 3.499628603458404541e-02 4.557585716247558594e-02
3.505674377083778381e-02 1.584958285093307495e-02 4.225127398967742920e-03 6.631633732467889786e-04 6.137282616691663861e-05 3.344110837133484893e-06 1.059491054888894723e-07 1.125225357334613818e-09 -4.257389163431213319e-10 5.895545029943605186e-08 4.110170266358181834e-06 1.667413744144141674e-04 3.985109273344278336e-03 5.611873418092727661e-02 4.656274020671844482e-01 2.276333570480346680e+00 6.556961059570312500e+00 1.112846660614013672e+01 1.112846660614013672e+01 6.556969165802001953e+00 2.276337862014770508e+00 4.656273424625396729e-01 5.611865222454071045e-02 3.985125571489334106e-03 1.667416363488882780e-04 4.109786914341384545e-06 5.886168708002514904e-08 1.689835826823582465e-09 1.065223784735280788e-07 3.343593107274500653e-06 6.137297168606892228e-05 6.631597061641514301e-04 4.225110169500112534e-03 1.584954373538494110e-02 3.505670279264450073e-02 4.565449059009552002e-02
3.510302677750587463e-02 1.587051153182983398e-02 4.230707418173551559e-03 6.640391075052320957e-04 6.145384395495057106e-05 3.348579866724321619e-06 1.062778025584520947e-07 1.124717763367755197e-09 -4.811213094590982564e-10 5.892593080147889850e-08 4.109705969312926754e-06 1.667257747612893581e-04 3.984733950346708298e-03 5.611341446638107300e-02 4.655835330486297607e-01 2.276119947433471680e+00 6.556335926055908203e+00 1.112742424011230469e+01 1.112742424011230469e+01 6.556344509124755859e+00 2.276124238967895508e+00 4.655834436416625977e-01 5.611333623528480530e-02 3.984750248491764069e-03 1.667256874497979879e-04 4.109318524569971487e-06 5.898635180301425862e-08 1.611585198624254645e-09 1.066307007135947060e-07 3.348004838699125685e-06 6.145407678559422493e-05 6.640358478762209415e-04 4.230689257383346558e-03 1.587046310305595398e-02 3.510298579931259155e-02 4.571477323770523071e-02
3.512270748615264893e-02 1.587940752506256104e-02 4.233082756400108337e-03 6.644112872891128063e-04 6.148833199404180050e-05 3.350307906657690182e-06 1.063413890278752660e-07 1.122193005187455128e-09 -4.150672860969706335e-10 5.899865129777026596e-08 4.109415840503061190e-06 1.667115575401112437e-04 3.984394017606973648e-03 5.610858276486396790e-02 4.655434191226959229e-01 2.275927305221557617e+00 6.555771827697753906e+00 1.112647056579589844e+01 1.112647056579589844e+01 6.555779457092285156e+00 2.275931596755981445e+00 4.655433595180511475e-01 5.610851570963859558e-02 3.984410315752029419e-03 1.667114265728741884e-04 4.109108886041212827e-06 5.905997113586636260e-08 1.571025975977136113e-09 1.067439043822560052e-07 3.349831558807636611e-06 6.148844840936362743e-05 6.644078530371189117e-04 4.233064129948616028e-03 1.587936282157897949e-02 3.512267768383026123e-02 4.574038833379745483e-02
3.509482741355895996e-02 1.586679928004741669e-02 4.229718819260597229e-03 6.638843333348631859e-04 6.143946666270494461e-05 3.347637630213284865e-06 1.062774828142210026e-07 1.084737077938768834e-09 -3.887327126861350735e-10 5.893175014648477372e-08 4.109151177544845268e-06 1.666987373027950525e-04 3.984086681157350540e-03 5.610432103276252747e-02 4.655075669288635254e-01 2.275751113891601562e+00 6.555273532867431641e+00 1.112562561035156250e+01 1.112562561035156250e+01 6.555281639099121094e+00 2.275754690170288086e+00 4.655074477195739746e-01 5.610424280166625977e-02 3.984105307608842850e-03 1.666985626798123121e-04 4.108814209757838398e-06 5.912176703759541851e-08 1.616118350256101621e-09 1.066805097593714891e-07 3.347107622175826691e-06 6.143966311356052756e-05 6.638808408752083778e-04 4.229701124131679535e-03 1.586676016449928284e-02 3.509478643536567688e-02 4.570412635803222656e-02
3.500004112720489502e-02 1.582394354045391083e-02 4.218295216560363770e-03 6.620907224714756012e-04 6.127351662144064903e-05 3.338660235385759734e-06 1.060554311038686137e-07 9.889397079021478021e-10 -4.643722906205738354e-10 5.890458254498298629e-08 4.108920165890594944e-06 1.666873868089169264e-04 3.983810544013977051e-03 5.610043182969093323e-02 4.654758572578430176e-01 2.275595664978027344e+00 6.554821491241455078e+00 1.112484836578369141e+01 1.112484836578369141e+01 6.554830551147460938e+00 2.275599479675292969e+00 4.654757380485534668e-01 5.610035359859466553e-02 3.983827307820320129e-03 1.666870230110362172e-04 4.108473603992024437e-06 5.909467404308088589e-08 1.582790787324483972e-09 1.063545411739141855e-07 3.338150463605416007e-06 6.127372034825384617e-05 6.620878120884299278e-04 4.218275658786296844e-03 1.582390256226062775e-02 3.500000387430191040e-02 4.558067396283149719e-02
3.482767567038536072e-02 1.574601605534553528e-02 4.197519272565841675e-03 6.588301039300858974e-04 6.097192090237513185e-05 3.322193151689134538e-06 1.054331946193087788e-07 9.937813905125381098e-10 -3.999932607356981862e-10 5.884703924152745458e-08 4.108506800548639148e-06 1.666768075665459037e-04 3.983563743531703949e-03 5.609698593616485596e-02 4.654465615749359131e-01 2.275453805923461914e+00 6.554411888122558594e+00 1.112415504455566406e+01 1.112415409088134766e+01 6.554420471191406250e+00 2.275457620620727539e+00 4.654464423656463623e-01 5.609690770506858826e-02 3.983580041676759720e-03 1.666766911512240767e-04 4.108218490728177130e-06 5.914193579314996896e-08 1.665721893751026528e-09 1.058860163993813330e-07 3.321699978187098168e-06 6.097200093790888786e-05 6.588267860934138298e-04 4.197499714791774750e-03 1.574597507715225220e-02 3.482764214277267456e-02 4.535618424415588379e-02
3.457099199295043945e-02 1.562997139990329742e-02 4.166585858911275864e-03 6.539746536873281002e-04 6.052263051969930530e-05 3.297720923001179472e-06 1.047076807481062133e-07 8.077379320958755216e-10 -4.579501777790540018e-10 5.886142417921291781e-08 4.108333541807951406e-06 1.666675962042063475e-04 3.983344882726669312e-03 5.609381571412086487e-02 4.654208719730377197e-01 2.275326490402221680e+00 6.554047107696533203e+00 1.112353897094726562e+01 1.112353897094726562e+01 6.554054737091064453e+00 2.275329828262329102e+00 4.654207825660705566e-01 5.609373375773429871e-02 3.983360249549150467e-03 1.666672178544104099e-04 4.107894255866995081e-06 5.907109112968100817e-08 1.621490941516867679e-09 1.050555269443975703e-07 3.297233433841029182e-06 6.052285243640653789e-05 6.539715104736387730e-04 4.166567232459783554e-03 1.562992483377456665e-02 3.457096219062805176e-02 4.502190276980400085e-02
3.423421084880828857e-02 1.547771971672773361e-02 4.125997889786958694e-03 6.476039998233318329e-04 5.993303784634917974e-05 3.265580744482576847e-06 1.037594969943711476e-07 7.872397733699187938e-10 -4.604408243569224624e-10 5.884128384536779777e-08 4.107991571800084785e-06 1.666591269895434380e-04 3.983143251389265060e-03 5.609093979001045227e-02 4.653969109058380127e-01 2.275211572647094727e+00 6.553712844848632812e+00 1.112298107147216797e+01 1.112298107147216797e+01 6.553722381591796875e+00 2.275215625762939453e+00 4.653968214988708496e-01 5.609086155891418457e-02 3.983161412179470062e-03 1.666586322244256735e-04 4.107728273083921522e-06 5.909518563385063317e-08 1.602354693375218631e-09 1.039698034333014220e-07 3.265117584305698983e-06 5.993327067699283361e-05 6.476008566096425056e-04 4.125979728996753693e-03 1.547767780721187592e-02 3.423417359590530396e-02 4.458333924412727356e-02
3.381997719407081604e-02 1.529043074697256088e-02 4.076068289577960968e-03 6.397674442268908024e-04 5.920777402934618294e-05 3.226005219403305091e-06 1.025725495651386154e-07 8.226028191948842050e-10 -4.130116526557259249e-10 5.888936982501036255e-08 4.107731001568026841e-06 1.666515599936246872e-04 3.982960246503353119e-03 5.608843266963958740e-02 4.653759598731994629e-01 2.275109529495239258e+00 6.553418636322021484e+00 1.112247085571289062e+01 1.112246990203857422e+01 6.553428173065185547e+00 2.275113582611083984e+00 4.653758406639099121e-01 5.608834326267242432e-02 3.982976544648408890e-03 1.666511816438287497e-04 4.107545009901514277e-06 5.910506928330505616e-08 1.670253380048336567e-09 1.027292952926472935e-07 3.225570253562182188e-06 5.920798139413818717e-05 6.397645338438451290e-04 4.076051060110330582e-03 1.529038976877927780e-02 3.381994366645812988e-02 4.404385015368461609e-02
3.333672136068344116e-02 1.507194247096776962e-02 4.017828032374382019e-03 6.306256982497870922e-04 5.836181298946030438e-05 3.179943632858339697e-06 1.011007597639945743e-07 8.751240843096752542e-10 -3.951612925767733486e-10 5.889956611326851998e-08 4.107514087081653997e-06 1.666447496972978115e-04 3.982796333730220795e-03 5.608611181378364563e-02 4.653569161891937256e-01 2.275015592575073242e+00 6.553152561187744141e+00 1.112201976776123047e+01 1.112201976776123047e+01 6.553160667419433594e+00 2.275019645690917969e+00 4.653567969799041748e-01 5.608602240681648254e-02 3.982813563197851181e-03 1.666445314185693860e-04 4.107429049327038229e-06 5.908680478228234279e-08 1.691709661244544805e-09 1.013292489915329497e-07 3.179523218932445161e-06 5.836206400999799371e-05 6.306227878667414188e-04 4.017810337245464325e-03 1.507190614938735962e-02 3.333669155836105347e-02 4.341449216008186340e-02
3.279683366417884827e-02 1.482785306870937347e-02 3.952758386731147766e-03 6.204132805578410625e-04 5.741674976889044046e-05 3.128496246063150465e-06 9.954229795994251617e-08 9.120453836608533038e-10 -3.790954772320276334e-10 5.894186472232831875e-08 4.107304903300246224e-06 1.666388998273760080e-04 3.982650116086006165e-03 5.608405917882919312e-02 4.653396904468536377e-01 2.274929761886596680e+00 6.552912712097167969e+00 1.112160491943359375e+01 1.112160491943359375e+01 6.552920341491699219e+00 2.274933338165283203e+00 4.653395712375640869e-01 5.608398094773292542e-02 3.982665948569774628e-03 1.666385214775800705e-04 4.107378117623738945e-06 5.909221201250147715e-08 1.707135210970989192e-09 9.968542258320667315e-08 3.128097432636423036e-06 5.741684435633942485e-05 6.204099045135080814e-04 3.952740691602230072e-03 1.482780836522579193e-02 3.279680013656616211e-02 4.271140322089195251e-02
3.221455216407775879e-02 1.456460356712341309e-02 3.882582299411296844e-03 6.093981210142374039e-04 5.639740265905857086e-05 3.073012749155168422e-06 9.788386279296901193e-08 1.061172261174192499e-09 -3.480790378151965569e-10 5.901302913002837158e-08 4.107179393031401560e-06 1.666333118919283152e-04 3.982516471296548843e-03 5.608223006129264832e-02 4.653245806694030762e-01 2.274856328964233398e+00 6.552686691284179688e+00 1.112124252319335938e+01 1.112124252319335938e+01 6.552695751190185547e+00 2.274859905242919922e+00 4.653244614601135254e-01 5.608214437961578369e-02 3.982532769441604614e-03 1.666329480940476060e-04 4.107298536837333813e-06 5.910234079919973738e-08 1.662731285989593744e-09 9.794869981760712108e-08 3.072658955716178752e-06 5.639758092002011836e-05 6.093950942158699036e-04 3.882562275975942612e-03 1.456456445157527924e-02 3.221451863646507263e-02 4.195310175418853760e-02
3.160446137189865112e-02 1.428877096623182297e-02 3.809053217992186546e-03 5.978573462925851345e-04 5.532933209906332195e-05 3.014813501067692414e-06 9.610116791236578138e-08 1.091906454142588245e-09 -2.787730601916393880e-10 5.901083710568855167e-08 4.107013864995678887e-06 1.666281896177679300e-04 3.982396796345710754e-03 5.608052760362625122e-02 4.653103351593017578e-01 2.274786472320556641e+00 6.552491664886474609e+00 1.112090682983398438e+01 1.112090587615966797e+01 6.552499771118164062e+00 2.274789810180664062e+00 4.653102159500122070e-01 5.608043819665908813e-02 3.982413094490766525e-03 1.666280149947851896e-04 4.107225322513841093e-06 5.913888045938620053e-08 1.612524336280785064e-09 9.617001239803357748e-08 3.014429694303544238e-06 5.532949944608844817e-05 5.978544941172003746e-04 3.809036919847130775e-03 1.428872905671596527e-02 3.160443156957626343e-02 4.115861281752586365e-02
3.098030760884284973e-02 1.400657463818788528e-02 3.733826568350195885e-03 5.860499222762882710e-04 5.423653783509507775e-05 2.955307536467444152e-06 9.424046254480344942e-08 1.078174993729419384e-09 -2.329538784096030213e-10 5.894265697747869126e-08 4.106853793928166851e-06 1.666236203163862228e-04 3.982293885201215744e-03 5.607903376221656799e-02 4.652984440326690674e-01 2.274724245071411133e+00 6.552323818206787109e+00 1.112061119079589844e+01 1.112061119079589844e+01 6.552331924438476562e+00 2.274727582931518555e+00 4.652983248233795166e-01 5.607896670699119568e-02 3.982312045991420746e-03 1.666235184529796243e-04 4.107119821128435433e-06 5.913340572760716896e-08 1.567135421431942177e-09 9.428408986877911957e-08 2.954858473458443768e-06 5.423674883786588907e-05 5.860473029315471649e-04 3.733810968697071075e-03 1.400654017925262451e-02 3.098026849329471588e-02 4.034572467207908630e-02
3.035433217883110046e-02 1.372356433421373367e-02 3.658383851870894432e-03 5.742088542319834232e-04 5.314053851179778576e-05 2.895484840337303467e-06 9.241291110129168374e-08 9.809629775148209774e-10 -2.331088377882650775e-10 5.894749577350921754e-08 4.106849246454657987e-06 1.666198950260877609e-04 3.982196096330881119e-03 5.607770755887031555e-02 4.652868211269378662e-01 2.274672031402587891e+00 6.552161216735839844e+00 1.112035179138183594e+01 1.112035179138183594e+01 6.552169322967529297e+00 2.274676322937011719e+00 4.652867615222930908e-01 5.607762187719345093e-02 3.982213325798511505e-03 1.666195894358679652e-04 4.106991127628134564e-06 5.908245270802581217e-08 1.529491089335976994e-09 9.236158859948773170e-08 2.895097168220672756e-06 5.314081863616593182e-05 5.742062930949032307e-04 3.658366622403264046e-03 1.372352801263332367e-02 3.035430051386356354e-02 3.953054547309875488e-02
2.973680011928081512e-02 1.344436686486005783e-02 3.583955112844705582e-03 5.625265184789896011e-04 5.205938941799104214e-05 2.836514340742724016e-06 9.041654891461803345e-08 8.686365515764293832e-10 -2.249699315726161331e-10 5.898497690282056283e-08 4.106848336959956214e-06 1.666163880145177245e-04 3.982111345976591110e-03 5.607647821307182312e-02 4.652768671512603760e-01 2.274623155593872070e+00 6.552020072937011719e+00 1.112009334564208984e+01 1.112009334564208984e+01 6.552029609680175781e+00 2.274627208709716797e+00 4.652767777442932129e-01 5.607638880610466003e-02 3.982129041105508804e-03 1.666159805608913302e-04 4.106850610696710646e-06 5.907071809474473412e-08 1.570806595907470182e-09 9.044626381182752084e-08 2.836215344359516166e-06 5.205965499044395983e-05 5.625238409265875816e-04 3.583939513191580772e-03 1.344432961195707321e-02 2.973676472902297974e-02 3.872631490230560303e-02
2.913576550781726837e-02 1.317263487726449966e-02 3.511518239974975586e-03 5.511569324880838394e-04 5.100722773931920528e-05 2.779191390800406225e-06 8.862425460165468394e-08 8.275624630016409355e-10 -1.596958676408632982e-10 5.908493605488729372e-08 4.106713731744093820e-06 1.666131865931674838e-04 3.982035443186759949e-03 5.607533454895019531e-02 4.652678370475769043e-01 2.274578809738159180e+00 6.551889419555664062e+00 1.111988735198974609e+01 1.111988735198974609e+01 6.551898002624511719e+00 2.274582624435424805e+00 4.652677774429321289e-01 5.607525259256362915e-02 3.982053138315677643e-03 1.666127500357106328e-04 4.106830601813271642e-06 5.915524070587707683e-08 1.652587844347408463e-09 8.862841838208623813e-08 2.778946736725629307e-06 5.100736234453506768e-05 5.511544877663254738e-04 3.511502640321850777e-03 1.317260134965181351e-02 2.913573570549488068e-02 3.794359415769577026e-02
2.855736762285232544e-02 1.291113439947366714e-02 3.441806184127926826e-03 5.402156966738402843e-04 4.999464727006852627e-05 2.724014393606921658e-06 8.689020347674158984e-08 7.160884663015565366e-10 -1.754550532639953531e-10 5.904243849386148213e-08 4.106586402485845610e-06 1.666101452428847551e-04 3.981964662671089172e-03 5.607437342405319214e-02 4.652595221996307373e-01 2.274538278579711914e+00 6.551777839660644531e+00 1.111967945098876953e+01 1.111967945098876953e+01 6.551785469055175781e+00 2.274542808532714844e+00 4.652594327926635742e-01 5.607428029179573059e-02 3.981980495154857635e-03 1.666096941335126758e-04 4.106713731744093820e-06 5.910088063387775037e-08 1.561769491509323871e-09 8.689427488661749521e-08 2.723775196500355378e-06 4.999479642719961703e-05 5.402133101597428322e-04 3.441790817305445671e-03 1.291109994053840637e-02 2.855733595788478851e-02 3.719035163521766663e-02
2.800595574080944061e-02 1.266183704137802124e-02 3.375349333509802818e-03 5.297848838381469250e-04 4.902923683403059840e-05 2.671383526831050403e-06 8.518311744865059154e-08 6.861296530935589999e-10 -1.813600103428569810e-10 5.903735811330079741e-08 4.106608685106039047e-06 1.666075695538893342e-04 3.981902264058589935e-03 5.607352405786514282e-02 4.652521908283233643e-01 2.274503707885742188e+00 6.551673889160156250e+00 1.111951255798339844e+01 1.111951255798339844e+01 6.551681995391845703e+00 2.274507045745849609e+00 4.652520716190338135e-01 5.607345700263977051e-02 3.981918562203645706e-03 1.666071184445172548e-04 4.106638243683846667e-06 5.923114088091097074e-08 1.518430048363939022e-09 8.514425786643187166e-08 2.671146148713887669e-06 4.902938599116168916e-05 5.297822644934058189e-04 3.375332569703459740e-03 1.266180258244276047e-02 2.800591476261615753e-02 3.647223860025405884e-02
2.748439833521842957e-02 1.242603082209825516e-02 3.312492044642567635e-03 5.199185106903314590e-04 4.811614780919626355e-05 2.621598696350702085e-06 8.356273184517704067e-08 5.691389026729609668e-10 -2.363449991271693307e-10 5.903271116380892636e-08 4.106566393602406606e-06 1.666051393840461969e-04 3.981844987720251083e-03 5.607269331812858582e-02 4.652454257011413574e-01 2.274469137191772461e+00 6.551582813262939453e+00 1.111935997009277344e+01 1.111935901641845703e+01 6.551589488983154297e+00 2.274473190307617188e+00 4.652453362941741943e-01 5.607263371348381042e-02 3.981862217187881470e-03 1.666048774495720863e-04 4.106555479665985331e-06 5.922628787402572925e-08 1.400599192180607133e-09 8.350812663593387697e-08 2.621389285195618868e-06 4.811625694856047630e-05 5.199162405915558338e-04 3.312476677820086479e-03 1.242599636316299438e-02 2.748437412083148956e-02 3.579302504658699036e-02
2.699436247348785400e-02 1.220448408275842667e-02 3.253429895266890526e-03 5.106486496515572071e-04 4.725829057861119509e-05 2.574914333308697678e-06 8.203267043427331373e-08 6.821900822018278632e-10 -1.616550504568436963e-10 5.916104939274191565e-08 4.106651431357022375e-06 1.666028256295248866e-04 3.981793764978647232e-03 5.607194080948829651e-02 4.652398526668548584e-01 2.274441957473754883e+00 6.551501274108886719e+00 1.111921310424804688e+01 1.111921310424804688e+01 6.551508903503417969e+00 2.274446010589599609e+00 4.652397632598876953e-01 5.607187747955322266e-02 3.981810528784990311e-03 1.666027092142030597e-04 4.106500909983878955e-06 5.926534285549678316e-08 1.453879572288485633e-09 8.206919233089138288e-08 2.574745849415194243e-06 4.725839607999660075e-05 5.106462631374597549e-04 3.253415692597627640e-03 1.220444962382316589e-02 2.699433453381061554e-02 3.515483438968658447e-02
2.653649635612964630e-02 1.199748460203409195e-02 3.198249498382210732e-03 5.019874079152941704e-04 4.645674198400229216e-05 2.531218115109368227e-06 8.069477530625590589e-08 7.528923040567292446e-10 -1.192689280671288543e-10 5.921030066247112700e-08 4.106670530745759606e-06 1.666010793996974826e-04 3.981751389801502228e-03 5.607133358716964722e-02 4.652342498302459717e-01 2.274417400360107422e+00 6.551424980163574219e+00 1.111909484863281250e+01 1.111909484863281250e+01 6.551434516906738281e+00 2.274420976638793945e+00 4.652341604232788086e-01 5.607127025723457336e-02 3.981767687946557999e-03 1.666007738094776869e-04 4.106541382498107851e-06 5.927228841073883814e-08 1.413995698307246585e-09 8.066814416451961733e-08 2.531065774746821262e-06 4.645688022719696164e-05 5.019852542318403721e-04 3.198234364390373230e-03 1.199745293706655502e-02 2.653647027909755707e-02 3.455857187509536743e-02
2.611930295825004578e-02 1.180885359644889832e-02 3.147964365780353546e-03 4.940949147567152977e-04 4.572627949528396130e-05 2.491417035344056785e-06 7.943770441443120944e-08 6.944167463274197871e-10 -1.225140822125325712e-10 5.922145263070888177e-08 4.106678261450724676e-06 1.665992167545482516e-04 3.981706686317920685e-03 5.607075989246368408e-02 4.652298092842102051e-01 2.274392843246459961e+00 6.551356315612792969e+00 1.111897373199462891e+01 1.111897373199462891e+01 6.551362991333007812e+00 2.274397134780883789e+00 4.652297496795654297e-01 5.607070028781890869e-02 3.981724847108125687e-03 1.665989402681589127e-04 4.106532287551090121e-06 5.929330271214894310e-08 1.418875572589683998e-09 7.941232382790985866e-08 2.491220811862149276e-06 4.572653779177926481e-05 4.940928192809224129e-04 3.147950861603021622e-03 1.180882565677165985e-02 2.611926943063735962e-02 3.401523455977439880e-02
2.576371096074581146e-02 1.164808962494134903e-02 3.105109790340065956e-03 4.873684665653854609e-04 4.510382495936937630e-05 2.457531536492751911e-06 7.838054472131261718e-08 7.659658463055052380e-10 -1.254347042900505471e-10 5.919849499491647293e-08 4.106558208150090650e-06 1.665976742515340447e-04 3.981666639447212219e-03 5.607023835182189941e-02 4.652253091335296631e-01 2.274371147155761719e+00 6.551296710968017578e+00 1.111886882781982422e+01 1.111886882781982422e+01 6.551305294036865234e+00 2.274375438690185547e+00 4.652252495288848877e-01 5.607016384601593018e-02 3.981683868914842606e-03 1.665975432842969894e-04 4.106510914425598457e-06 5.925686963337284396e-08 1.488583922792940939e-09 7.834961479602498002e-08 2.457327127558528446e-06 4.510402141022495925e-05 4.873663128819316626e-04 3.105094889178872108e-03 1.164805889129638672e-02 2.576368860900402069e-02 3.355216234922409058e-02
2.548454888164997101e-02 1.152188330888748169e-02 3.071465063840150833e-03 4.820879257749766111e-04 4.461509524844586849e-05 2.430882659609778784e-06 7.747722463591344422e-08 6.275382435916299073e-10 -1.115063805179339340e-10 5.924391999201361614e-08 4.106587311980547383e-06 1.665963354753330350e-04 3.981632646173238754e-03 5.606976896524429321e-02 4.652214944362640381e-01 2.274349927902221680e+00 6.551238536834716797e+00 1.111877155303955078e+01 1.111877155303955078e+01 6.551244735717773438e+00 2.274354457855224609e+00 4.652214348316192627e-01 5.606969073414802551e-02 3.981651272624731064e-03 1.665960298851132393e-04 4.106530923309037462e-06 5.929521762482181657e-08 1.425658036069421541e-09 7.754123032555071404e-08 2.430654149065958336e-06 4.461532080313190818e-05 4.820855683647096157e-04 3.071450861170887947e-03 1.152185257524251938e-02 2.548452652990818024e-02 3.318862989544868469e-02
2.529087476432323456e-02 1.143431197851896286e-02 3.048120299354195595e-03 4.784236953128129244e-04 4.427597014000639319e-05 2.412445837762788869e-06 7.680134217480372172e-08 6.654178874576643921e-10 -1.569195468009709771e-10 5.915245182563921844e-08 4.106540018256055191e-06 1.665949093876406550e-04 3.981606103479862213e-03 5.606937035918235779e-02 4.652181863784790039e-01 2.274332761764526367e+00 6.551189899444580078e+00 1.111870002746582031e+01 1.111870002746582031e+01 6.551197528839111328e+00 2.274337530136108398e+00 4.652181267738342285e-01 5.606929212808609009e-02 3.981623798608779907e-03 1.665946329012513161e-04 4.106474079890176654e-06 5.916420420248869050e-08 1.349495848401716103e-09 7.693132886288367445e-08 2.412198227830231190e-06 4.427622116054408252e-05 4.784217162523418665e-04 3.048107028007507324e-03 1.143428031355142593e-02 2.529084682464599609e-02 3.293637558817863464e-02
2.518454380333423615e-02 1.138624083250761032e-02 3.035306930541992188e-03 4.764123586937785149e-04 4.408991298987530172e-05 2.402305199211696163e-06 7.659379974711555406e-08 5.898201926868296141e-10 -1.398428040033650177e-10 5.920258061564709351e-08 4.106429059902438894e-06 1.665936870267614722e-04 3.981578629463911057e-03 5.606900900602340698e-02 4.652146995067596436e-01 2.274319410324096680e+00 6.551148891448974609e+00 1.111861133575439453e+01 1.111861133575439453e+01 6.551155090332031250e+00 2.274324178695678711e+00 4.652146399021148682e-01 5.606894567608833313e-02 3.981596324592828751e-03 1.665934832999482751e-04 4.106404503545491025e-06 5.909686251470702700e-08 1.368308577553989380e-09 7.664571199939018697e-08 2.402134441581438296e-06 4.409024040796793997e-05 4.764102632179856300e-04 3.035293892025947571e-03 1.138621289283037186e-02 2.518451400101184845e-02 3.279791399836540222e-02
2.516305819153785706e-02 1.137652993202209473e-02 3.032717388123273849e-03 4.760060110129415989e-04 4.405235449667088687e-05 2.400264293100917712e-06 7.651952671494655078e-08 6.118104911578825522e-10 -9.135991269060284026e-11 5.924768231579946587e-08 4.106468622921966016e-06 1.665929157752543688e-04 3.981553949415683746e-03 5.606861785054206848e-02 4.652121663093566895e-01 2.274306058883666992e+00 6.551109790802001953e+00 1.111854362487792969e+01 1.111854362487792969e+01 6.551115989685058594e+00 2.274309873580932617e+00 4.652121067047119141e-01 5.606854707002639771e-02 3.981573041528463364e-03 1.665923628024756908e-04 4.106386313651455566e-06 5.909597433628732688e-08 1.349314104892584965e-09 7.659301104467886034e-08 2.400062157903448679e-06 4.405264917295426130e-05 4.760039446409791708e-04 3.032704116776585579e-03 1.137650012969970703e-02 2.516303025186061859e-02 3.276993334293365479e-02
2.522060088813304901e-02 1.140254270285367966e-02 3.039652947336435318e-03 4.770946688950061798e-04 4.415315561345778406e-05 2.405791065029916354e-06 7.676558055891291588e-08 6.667845720009779598e-10 -8.083911318124137324e-11 5.922201040675645345e-08 4.106502274225931615e-06 1.665919553488492966e-04 3.981528803706169128e-03 5.606830492615699768e-02 4.652092456817626953e-01 2.274290800094604492e+00 6.551072120666503906e+00 1.111848545074462891e+01 1.111848545074462891e+01 6.551081180572509766e+00 2.274295568466186523e+00 4.652092158794403076e-01 5.606824159622192383e-02 3.981547895818948746e-03 1.665915042394772172e-04 4.106317192054120824e-06 5.911546807624290523e-08 1.340497046697919359e-09 7.683472347252973123e-08 2.405598252153140493e-06 4.415348666952922940e-05 4.770925734192132950e-04 3.039638744667172432e-03 1.140251103788614273e-02 2.522057481110095978e-02 3.284487873315811157e-02
2.534779720008373260e-02 1.146004721522331238e-02 3.054982749745249748e-03 4.795005370397120714e-04 4.437579991645179689e-05 2.417998302917112596e-06 7.713045846458044252e-08 8.197416634381227141e-10 3.135474085230738339e-12 5.929826585315822740e-08 4.106591859454056248e-06 1.665910822339355946e-04 3.981512505561113358e-03 5.606806650757789612e-02 4.652070701122283936e-01 2.274281024932861328e+00 6.551040172576904297e+00 1.111843109130859375e+01 1.111843109130859375e+01 6.551046848297119141e+00 2.274284839630126953e+00 4.652070105075836182e-01 5.606801435351371765e-02 3.981530666351318359e-03 1.665905874688178301e-04 4.106329470232594758e-06 5.921195977975912683e-08 1.380905390035991331e-09 7.726675477215394494e-08 2.417813902866328135e-06 4.437621464603580534e-05 4.794985288754105568e-04 3.054968547075986862e-03 1.146001834422349930e-02 2.534776926040649414e-02 3.301050886511802673e-02
2.553492039442062378e-02 1.154465414583683014e-02 3.077535191550850868e-03 4.830407269764691591e-04 4.470335261430591345e-05 2.435844180581625551e-06 7.772067789346692734e-08 7.918356526026570918e-10 -6.202045127468025498e-11 5.926757040697339107e-08 4.106484539079247043e-06 1.665901945671066642e-04 3.981493879109621048e-03 5.606776103377342224e-02 4.652048647403717041e-01 2.274269342422485352e+00 6.551010608673095703e+00 1.111838150024414062e+01 1.111838150024414062e+01 6.551018238067626953e+00 2.274273633956909180e+00 4.652048051357269287e-01 5.606769025325775146e-02 3.981512505561113358e-03 1.665898162173107266e-04 4.106238975509768352e-06 5.918033352259044477e-08 1.296068696809982157e-09 7.780115396371911629e-08 2.435655687804683112e-06 4.470380372367799282e-05 4.830386606045067310e-04 3.077521454542875290e-03 1.154462061822414398e-02 2.553489431738853455e-02 3.325421735644340515e-02
2.576960623264312744e-02 1.165075134485960007e-02 3.105819458141922951e-03 4.874799633398652077e-04 4.511418956099078059e-05 2.458226617818581872e-06 7.838688986794295488e-08 6.590989976018590824e-10 -6.271220348574857439e-11 5.923994450540703838e-08 4.106384039914701134e-06 1.665895688347518444e-04 3.981481306254863739e-03 5.606757849454879761e-02 4.652032256126403809e-01 2.274261951446533203e+00 6.550983428955078125e+00 1.111833095550537109e+01 1.111833095550537109e+01 6.550990581512451172e+00 2.274266719818115234e+00 4.652031362056732178e-01 5.606751143932342529e-02 3.981500398367643356e-03 1.665889285504817963e-04 4.106191681785276160e-06 5.918167289564735256e-08 1.228451118606699310e-09 7.846944072298356332e-08 2.457990831317147240e-06 4.511459337663836777e-05 4.874776059295982122e-04 3.105805022642016411e-03 1.165072154253721237e-02 2.576957643032073975e-02 3.355982527136802673e-02
2.603684552013874054e-02 1.177157647907733917e-02 3.138029016554355621e-03 4.925357061438262463e-04 4.558208092930726707e-05 2.483747039150330238e-06 7.912727539860497927e-08 8.128249184835567576e-10 -1.378401004448193135e-10 5.924816903757346154e-08 4.106425876670982689e-06 1.665889867581427097e-04 3.981464542448520660e-03 5.606735125184059143e-02 4.652011394500732422e-01 2.274254560470581055e+00 6.550954818725585938e+00 1.111829471588134766e+01 1.111829471588134766e+01 6.550962924957275391e+00 2.274258852005004883e+00 4.652010798454284668e-01 5.606728047132492065e-02 3.981482703238725662e-03 1.665883755777031183e-04 4.106214873900171369e-06 5.919839907164714532e-08 1.312625452776217116e-09 7.925575573608512059e-08 2.483481011950061657e-06 4.558242653729394078e-05 4.925332614220678806e-04 3.138013882562518120e-03 1.177154947072267532e-02 2.603682503104209900e-02 3.390786424279212952e-02
2.632075734436511993e-02 1.189994718879461288e-02 3.172246273607015610e-03 4.979061777703464031e-04 4.607907612808048725e-05 2.510736976546468213e-06 8.008014873439606163e-08 8.870214562861633567e-10 -1.640634156307996250e-10 5.915622836027978337e-08 4.106394953851122409e-06 1.665880263317376375e-04 3.981451503932476044e-03 5.606716498732566833e-02 4.651998281478881836e-01 2.274246692657470703e+00 6.550936222076416016e+00 1.111825656890869141e+01 1.111825656890869141e+01 6.550943374633789062e+00 2.274250268936157227e+00 4.651997685432434082e-01 5.606709420680999756e-02 3.981469664722681046e-03 1.665877352934330702e-04 4.106176220375346020e-06 5.916941958616916963e-08 1.248562808697784021e-09 8.008072427401202731e-08 2.510518015697016381e-06 4.607945811585523188e-05 4.979041987098753452e-04 3.172232303768396378e-03 1.189991552382707596e-02 2.632073685526847839e-02 3.427764028310775757e-02
2.660591714084148407e-02 1.202885992825031281e-02 3.206613939255475998e-03 5.032999906688928604e-04 4.657836689148098230e-05 2.537993850637576543e-06 8.095452841416772571e-08 1.030371010735109394e-09 -1.959426371156425262e-10 5.910666089903315878e-08 4.106306278117699549e-06 1.665875315666198730e-04 3.981439396739006042e-03 5.606699734926223755e-02 4.651981592178344727e-01 2.274238824844360352e+00 6.550917148590087891e+00 1.111822700500488281e+01 1.111822700500488281e+01 6.550924777984619141e+00 2.274243116378784180e+00 4.651980996131896973e-01 5.606693029403686523e-02 3.981458023190498352e-03 1.665872550802305341e-04 4.106137112103169784e-06 5.900880140075059899e-08 1.353387180103027276e-09 8.099849679865656071e-08 2.537762156862299889e-06 4.657866884372197092e-05 5.032979534007608891e-04 3.206599503755569458e-03 1.202882826328277588e-02 2.660588175058364868e-02 3.464896231889724731e-02
2.687913365662097931e-02 1.215239427983760834e-02 3.239543410018086433e-03 5.084692966192960739e-04 4.705673563876189291e-05 2.564105443525477313e-06 8.200394319146653288e-08 1.055906806435302769e-09 -8.390114991652097842e-11 5.912820810749508382e-08 4.106355845578946173e-06 1.665871241129934788e-04 3.981426823884248734e-03 5.606684088706970215e-02 4.651971459388732910e-01 2.274234294891357422e+00 6.550900936126708984e+00 1.111819267272949219e+01 1.111819267272949219e+01 6.550908088684082031e+00 2.274238348007202148e+00 4.651970863342285156e-01 5.606677010655403137e-02 3.981444984674453735e-03 1.665867312112823129e-04 4.106166215933626518e-06 5.911712364081722626e-08 1.378276159869074036e-09 8.192303369014553027e-08 2.563843736425042152e-06 4.705708488472737372e-05 5.084672011435031891e-04 3.239528276026248932e-03 1.215236261487007141e-02 2.687910944223403931e-02 3.500479087233543396e-02
2.712821215391159058e-02 1.226499769836664200e-02 3.269562264904379845e-03 5.131807993166148663e-04 4.749280196847394109e-05 2.587825747468741611e-06 8.265052287015350885e-08 1.087168577385000390e-09 -1.734670740383137399e-10 5.911444489470341068e-08 4.106334472453454509e-06 1.665866147959604859e-04 3.981418907642364502e-03 5.606672167778015137e-02 4.651960730552673340e-01 2.274228334426879883e+00 6.550882339477539062e+00 1.111816596984863281e+01 1.111816501617431641e+01 6.550891876220703125e+00 2.274232149124145508e+00 4.651960432529449463e-01 5.606666207313537598e-02 3.981437534093856812e-03 1.665863674134016037e-04 4.106125743419397622e-06 5.906342792627583549e-08 1.363442914126267169e-09 8.265913464811092126e-08 2.587591779956710525e-06 4.749321669805794954e-05 5.131785292178392410e-04 3.269548760727047920e-03 1.226496510207653046e-02 2.712818421423435211e-02 3.532916679978370667e-02
2.734323590993881226e-02 1.236221939325332642e-02 3.295477246865630150e-03 5.172484088689088821e-04 4.786930003319866955e-05 2.608383738333941437e-06 8.331416267992608482e-08 1.121511106205730357e-09 -2.044062141770552898e-10 5.913521761158335721e-08 4.106243522983277217e-06 1.665862801019102335e-04 3.981410991400480270e-03 5.606659874320030212e-02 4.651947319507598877e-01 2.274221897125244141e+00 6.550870418548583984e+00 1.111814308166503906e+01 1.111814308166503906e+01 6.550878524780273438e+00 2.274226188659667969e+00 4.651947021484375000e-01 5.606653541326522827e-02 3.981429617851972580e-03 1.665859599597752094e-04 4.106145752302836627e-06 5.897333466009513359e-08 1.374058755665430454e-09 8.328669309776159935e-08 2.608193653941270895e-06 4.786972567671909928e-05 5.172464298084378242e-04 3.295461880043148994e-03 1.236218214035034180e-02 2.734321542084217072e-02 3.560918197035789490e-02
2.751700580120086670e-02 1.244079042226076126e-02 3.316424554213881493e-03 5.205356283113360405e-04 4.817342414753511548e-05 2.624970420583849773e-06 8.381531557688504108e-08 1.071706501321045835e-09 -1.246314718095220542e-10 5.915396528166638745e-08 4.106296273675980046e-06 1.665860327193513513e-04 3.981404006481170654e-03 5.606650188565254211e-02 4.651942253112792969e-01 2.274218320846557617e+00 6.550851345062255859e+00 1.111812686920166016e+01 1.111812686920166016e+01 6.550859928131103516e+00 2.274223089218139648e+00 4.651941657066345215e-01 5.606643483042716980e-02 3.981421701610088348e-03 1.665856980253010988e-04 4.106094820599537343e-06 5.897623722717071360e-08 1.459466436593004346e-09 8.391654660044878256e-08 2.624781245685881004e-06 4.817401713808067143e-05 5.205333000048995018e-04 3.316409885883331299e-03 1.244076061993837357e-02 2.751697227358818054e-02 3.583553433418273926e-02
2.763919159770011902e-02 1.249602250754833221e-02 3.331143409013748169e-03 5.228464142419397831e-04 4.838727545575238764e-05 2.636645376696833409e-06 8.426469122468915884e-08 1.072412159075497584e-09 -8.594838729614195927e-11 5.907146416461728222e-08 4.106280812266049907e-06 1.665855961618945003e-04 3.981394227594137192e-03 5.606638267636299133e-02 4.651931226253509521e-01 2.274214982986450195e+00 6.550845146179199219e+00 1.111810207366943359e+01 1.111810207366943359e+01 6.550854206085205078e+00 2.274219751358032227e+00 4.651930928230285645e-01 5.606630444526672363e-02 3.981412388384342194e-03 1.665852760197594762e-04 4.105994776182342321e-06 5.897723553971445654e-08 1.372707281177554250e-09 8.431342024550758651e-08 2.636388899190933444e-06 4.838789755012840033e-05 5.228443187661468983e-04 3.331129672005772591e-03 1.249598711729049683e-02 2.763916365802288055e-02 3.599460795521736145e-02
2.770192362368106842e-02 1.252437289804220200e-02 3.338707378134131432e-03 5.240333848632872105e-04 4.849704782827757299e-05 2.642534582264488563e-06 8.437825016471833806e-08 1.066838950514181761e-09 -1.587527886925954590e-10 5.912967537824442843e-08 4.106264896108768880e-06 1.665853342274203897e-04 3.981391433626413345e-03 5.606628954410552979e-02 4.651925265789031982e-01 2.274210691452026367e+00 6.550836086273193359e+00 1.111808967590332031e+01 1.111808872222900391e+01 6.550845623016357422e+00 2.274214744567871094e+00 4.651924967765808105e-01 5.606622248888015747e-02 3.981409594416618347e-03 1.665850722929462790e-04 4.106007054360816255e-06 5.906751709972013487e-08 1.485919054466933176e-09 8.438558296575138229e-08 2.642223535076482221e-06 4.849764081882312894e-05 5.240307655185461044e-04 3.338692476972937584e-03 1.252433657646179199e-02 2.770189382135868073e-02 3.607627004384994507e-02
2.770330943167209625e-02 1.252500433474779129e-02 3.338873619213700294e-03 5.240591708570718765e-04 4.849948527407832444e-05 2.642673734953859821e-06 8.436668252898016362e-08 1.005944549881121475e-09 -9.182192506340669524e-11 5.918209566857512982e-08 4.106186679564416409e-06 1.665850868448615074e-04 3.981385380029678345e-03 5.606624484062194824e-02 4.651919305324554443e-01 2.274209976196289062e+00 6.550825595855712891e+00 1.111807441711425781e+01 1.111807441711425781e+01 6.550834178924560547e+00 2.274214029312133789e+00 4.651918709278106689e-01 5.606618151068687439e-02 3.981404006481170654e-03 1.665848394623026252e-04 4.106078449694905430e-06 5.916153966722959012e-08 1.519225634183385409e-09 8.440730425718356855e-08 2.642395656948792748e-06 4.849995821132324636e-05 5.240571335889399052e-04 3.338860347867012024e-03 1.252496894448995590e-02 2.770327776670455933e-02 3.607809171080589294e-02
2.765141241252422333e-02 1.250153873115777969e-02 3.332619322463870049e-03 5.230776732787489891e-04 4.840857582166790962e-05 2.637717443576548249e-06 8.417643471148039680e-08 1.045304731661644837e-09 -9.781168930356187730e-11 5.912987788292412006e-08 4.106188498553819954e-06 1.665848685661330819e-04 3.981378860771656036e-03 5.606615543365478516e-02 4.651913940906524658e-01 2.274206399917602539e+00 6.550821781158447266e+00 1.111805820465087891e+01 1.111805820465087891e+01 6.550828456878662109e+00 2.274210929870605469e+00 4.651913344860076904e-01 5.606609210371971130e-02 3.981397021561861038e-03 1.665847230469807982e-04 4.106098458578344434e-06 5.914523626415757462e-08 1.506187952138304809e-09 8.419633701350903721e-08 2.637377747305436060e-06 4.840916881221346557e-05 5.230756360106170177e-04 3.332604654133319855e-03 1.250150799751281738e-02 2.765138633549213409e-02 3.601052984595298767e-02
2.755113504827022552e-02 1.245621778070926666e-02 3.320535644888877869e-03 5.211809766478836536e-04 4.823312337975949049e-05 2.628097490742220543e-06 8.381313421068625757e-08 9.824249191936473835e-10 -1.032024535274622679e-10 5.911599743058104650e-08 4.106118922209134325e-06 1.665845484239980578e-04 3.981374669820070267e-03 5.606609955430030823e-02 4.651908576488494873e-01 2.274202823638916016e+00 6.550809383392333984e+00 1.111805438995361328e+01 1.111805438995361328e+01 6.550816535949707031e+00 2.274206876754760742e+00 4.651907980442047119e-01 5.606603249907493591e-02 3.981392364948987961e-03 1.665845629759132862e-04 4.106017058802535757e-06 5.906261080212971137e-08 1.411965433462114561e-09 8.388277450421810499e-08 2.627792355269775726e-06 4.823366180062294006e-05 5.211787647567689419e-04 3.320520976558327675e-03 1.245618704706430435e-02 2.755110897123813629e-02 3.587995842099189758e-02
2.740938216447830200e-02 1.239211484789848328e-02 3.303449135273694992e-03 5.184991750866174698e-04 4.798494774149730802e-05 2.614622644614428282e-06 8.339664958612047485e-08 9.672244116742945153e-10 -1.577247221717925640e-10 5.910352030014109914e-08 4.106115738977678120e-06 1.665844902163371444e-04 3.981374204158782959e-03 5.606604740023612976e-02 4.651905894279479980e-01 2.274201869964599609e+00 6.550805568695068359e+00 1.111804103851318359e+01 1.111804103851318359e+01 6.550814628601074219e+00 2.274206399917602539e+00 4.651905298233032227e-01 5.606598779559135437e-02 3.981393296271562576e-03 1.665844174567610025e-04 4.105982498003868386e-06 5.903954303221325972e-08 1.379490188746501644e-09 8.339931412137957523e-08 2.614225195429753512e-06 4.798540248884819448e-05 5.184969049878418446e-04 3.303434466943144798e-03 1.239207852631807327e-02 2.740934491157531738e-02 3.569531068205833435e-02
2.724276483058929443e-02 1.231678482145071030e-02 3.283369354903697968e-03 5.153478705324232578e-04 4.769331280840560794e-05 2.598711034806910902e-06 8.300571607833262533e-08 9.514737886462398819e-10 -2.150728622973829829e-10 5.902612798536210903e-08 4.106046617380343378e-06 1.665845193201676011e-04 3.981368150562047958e-03 5.606599524617195129e-02 4.651901721954345703e-01 2.274199724197387695e+00 6.550801277160644531e+00 1.111803340911865234e+01 1.111803340911865234e+01 6.550808906555175781e+00 2.274204015731811523e+00 4.651901423931121826e-01 5.606591701507568359e-02 3.981388173997402191e-03 1.665843301452696323e-04 4.105965672351885587e-06 5.902371924548788229e-08 1.372719271586220202e-09 8.286463071272009984e-08 2.598271748865954578e-06 4.769372026203200221e-05 5.153454258106648922e-04 3.283354220911860466e-03 1.231675315648317337e-02 2.724273875355720520e-02 3.547834604978561401e-02
2.706472575664520264e-02 1.223631016910076141e-02 3.261911217123270035e-03 5.119799170643091202e-04 4.738157804240472615e-05 2.581721446404117160e-06 8.237259407906094566e-08 1.073892419434230305e-09 -2.087377354298425303e-10 5.908882272365190147e-08 4.106127562408801168e-06 1.665841409703716636e-04 3.981368150562047958e-03 5.606596171855926514e-02 4.651898145675659180e-01 2.274196147918701172e+00 6.550796985626220703e+00 1.111802387237548828e+01 1.111802387237548828e+01 6.550806045532226562e+00 2.274200201034545898e+00 4.651897549629211426e-01 5.606588721275329590e-02 3.981385845690965652e-03 1.665841700742021203e-04 4.105946572963148355e-06 5.906619193751794228e-08 1.360108359271805512e-09 8.236759185820119455e-08 2.581358330644434318e-06 4.738193456432782114e-05 5.119775305502116680e-04 3.261897712945938110e-03 1.223627571016550064e-02 2.706470526754856110e-02 3.524649515748023987e-02
2.688283286988735199e-02 1.215405482798814774e-02 3.239984624087810516e-03 5.085382144898176193e-04 4.706306572188623250e-05 2.564367150625912473e-06 8.176186128139306675e-08 1.008152228365588599e-09 -2.195926496195710342e-10 5.911218181609001476e-08 4.106130290892906487e-06 1.665839517954736948e-04 3.981364890933036804e-03 5.606590956449508667e-02 4.651893675327301025e-01 2.274196624755859375e+00 6.550792694091796875e+00 1.111801624298095703e+01 1.111801624298095703e+01 6.550800323486328125e+00 2.274200677871704102e+00 4.651893079280853271e-01 5.606585741043090820e-02 3.981383517384529114e-03 1.665839372435584664e-04 4.105988864466780797e-06 5.905193845023859467e-08 1.446455621945119674e-09 8.177445209867073572e-08 2.564021770012914203e-06 4.706346589955501258e-05 5.085358279757201672e-04 3.239969257265329361e-03 1.215401850640773773e-02 2.688280306756496429e-02 3.500959277153015137e-02
2.670205757021903992e-02 1.207232940942049026e-02 3.218202618882060051e-03 5.051192711107432842e-04 4.674661613535135984e-05 2.547091526139411144e-06 8.127160811000067042e-08 9.758915897606357248e-10 -1.631345891706104112e-10 5.916635004155068600e-08 4.106192591279977933e-06 1.665839954512193799e-04 3.981361631304025650e-03 5.606588721275329590e-02 4.651890993118286133e-01 2.274196147918701172e+00 6.550789833068847656e+00 1.111800765991210938e+01 1.111800765991210938e+01 6.550797939300537109e+00 2.274200201034545898e+00 4.651890397071838379e-01 5.606582015752792358e-02 3.981380257755517960e-03 1.665838790358975530e-04 4.106042524654185399e-06 5.912076161962431797e-08 1.458075771232358875e-09 8.128971984433519538e-08 2.546821633586660028e-06 4.674702358897775412e-05 5.051170010119676590e-04 3.218189114704728127e-03 1.207229681313037872e-02 2.670202031731605530e-02 3.477417305111885071e-02
2.652557007968425751e-02 1.199254579842090607e-02 3.196934238076210022e-03 5.017805960960686207e-04 4.643762440537102520e-05 2.530197207306628115e-06 8.065376988497519051e-08 8.909777915455663333e-10 -1.951067640781900536e-10 5.914877476698165992e-08 4.106188043806469068e-06 1.665839954512193799e-04 3.981357906013727188e-03 5.606584995985031128e-02 4.651890099048614502e-01 2.274193525314331055e+00 6.550785064697265625e+00 1.111800765991210938e+01 1.111800765991210938e+01 6.550793170928955078e+00 2.274197340011596680e+00 4.651889801025390625e-01 5.606579035520553589e-02 3.981377463787794113e-03 1.665838208282366395e-04 4.106054348085308447e-06 5.908327693759929389e-08 1.473548061348139981e-09 8.073003954223167966e-08 2.530018036850378849e-06 4.643806460080668330e-05 5.017783842049539089e-04 3.196920035406947136e-03 1.199251879006624222e-02 2.652554214000701904e-02 3.454434126615524292e-02
2.635317482054233551e-02 1.191459689289331436e-02 3.176155034452676773e-03 4.985188134014606476e-04 4.613572309608571231e-05 2.513728531994274817e-06 8.013698504782951204e-08 8.331809686623614652e-10 -1.907681235202574044e-10 5.916616885315306718e-08 4.106185315322363749e-06 1.665839663473889232e-04 3.981357906013727188e-03 5.606584995985031128e-02 4.651887118816375732e-01 2.274193286895751953e+00 6.550778388977050781e+00 1.111799335479736328e+01 1.111799335479736328e+01 6.550786972045898438e+00 2.274197578430175781e+00 4.651887118816375732e-01 5.606577917933464050e-02 3.981375135481357574e-03 1.665837335167452693e-04 4.106024334760149941e-06 5.904176347826251003e-08 1.437639896018083618e-09 8.020745667636219878e-08 2.513515710234059952e-06 4.613620330928824842e-05 4.985168925486505032e-04 3.176141995936632156e-03 1.191456336528062820e-02 2.635313943028450012e-02 3.431982919573783875e-02
2.618154324591159821e-02 1.183700934052467346e-02 3.155467333272099495e-03 4.952728049829602242e-04 4.583526606438681483e-05 2.497385594324441627e-06 7.964097648027745890e-08 8.225575220954794986e-10 -1.951416944701023226e-10 5.918177237163035898e-08 4.106247160962084308e-06 1.665837480686604977e-04 3.981357440352439880e-03 5.606579035520553589e-02 4.651884734630584717e-01 2.274191856384277344e+00 6.550774097442626953e+00 1.111798954010009766e+01 1.111798954010009766e+01 6.550784111022949219e+00 2.274195194244384766e+00 4.651884138584136963e-01 5.606573075056076050e-02 3.981376066803932190e-03 1.665836898609995842e-04 4.106005235371412709e-06 5.905118172222501016e-08 1.429403706509901895e-09 7.965621762195951305e-08 2.497155264791217633e-06 4.583561894833110273e-05 4.952705930918455124e-04 3.155453363433480263e-03 1.183697581291198730e-02 2.618151530623435974e-02 3.409631550312042236e-02
2.600492350757122040e-02 1.175713352859020233e-02 3.134178696200251579e-03 4.919311613775789738e-04 4.552599784801714122e-05 2.480529474269133061e-06 7.914827193644669023e-08 7.902286602856634090e-10 -1.659640758155944695e-10 5.919585888136680296e-08 4.106301275896839797e-06 1.665837189648300409e-04 3.981352318078279495e-03 5.606576427817344666e-02 4.651883244514465332e-01 2.274191141128540039e+00 6.550775527954101562e+00 1.111798381805419922e+01 1.111798381805419922e+01 6.550784111022949219e+00 2.274195671081542969e+00 4.651882946491241455e-01 5.606569349765777588e-02 3.981373272836208344e-03 1.665835297899320722e-04 4.106028427486307919e-06 5.907896394319323008e-08 1.399515392463968055e-09 7.913931909797611297e-08 2.480312105035409331e-06 4.552646714728325605e-05 4.919287748634815216e-04 3.134164493530988693e-03 1.175710186362266541e-02 2.600488997995853424e-02 3.386624529957771301e-02
2.581989578902721405e-02 1.167348865419626236e-02 3.111879574134945869e-03 4.884314257651567459e-04 4.520212678471580148e-05 2.462922338963835500e-06 7.854147554553492228e-08 9.008330192905589229e-10 -1.976533936520752377e-10 5.917538103972219687e-08 4.106349479116033763e-06 1.665835879975929856e-04 3.981349989771842957e-03 5.606573447585105896e-02 4.651880860328674316e-01 2.274188995361328125e+00 6.550772190093994141e+00 1.111798000335693359e+01 1.111798000335693359e+01 6.550781726837158203e+00 2.274193286895751953e+00 4.651880264282226562e-01 5.606567114591598511e-02 3.981369081884622574e-03 1.665834424784407020e-04 4.105903371964814141e-06 5.907301314778123924e-08 1.470607968734327642e-09 7.854993100409046747e-08 2.462658130752970465e-06 4.520257061813026667e-05 4.884291556663811207e-04 3.111863741651177406e-03 1.167345885187387466e-02 2.581986784934997559e-02 3.362531587481498718e-02
2.562756836414337158e-02 1.158653944730758667e-02 3.088701050728559494e-03 4.847929230891168118e-04 4.486543548409827054e-05 2.444533720336039551e-06 7.784523603504567291e-08 7.582312000486979287e-10 -2.675661081585900547e-10 5.915695666658393748e-08 4.106324013264384121e-06 1.665833988226950169e-04 3.981350921094417572e-03 5.606570467352867126e-02 4.651879370212554932e-01 2.274188995361328125e+00 6.550767898559570312e+00 1.111797809600830078e+01 1.111797809600830078e+01 6.550776004791259766e+00 2.274193286895751953e+00 4.651879072189331055e-01 5.606563761830329895e-02 3.981369547545909882e-03 1.665833842707797885e-04 4.105897460249252617e-06 5.899035926404394559e-08 1.432138407864158580e-09 7.790440292865241645e-08 2.444308847771026194e-06 4.486579564400017262e-05 4.847907985094934702e-04 3.088686149567365646e-03 1.158650498837232590e-02 2.562754601240158081e-02 3.337487950921058655e-02
2.542992867529392242e-02 1.149718370288610458e-02 3.064880846068263054e-03 4.810544778592884541e-04 4.451944187167100608e-05 2.425669663352891803e-06 7.726922035544703249e-08 7.416506853097359908e-10 -2.642596974578026447e-10 5.917350520689979021e-08 4.106306732865050435e-06 1.665832824073731899e-04 3.981348592787981033e-03 5.606571212410926819e-02 4.651876986026763916e-01 2.274187803268432617e+00 6.550767421722412109e+00 1.111797237396240234e+01 1.111797237396240234e+01 6.550776004791259766e+00 2.274191856384277344e+00 4.651876389980316162e-01 5.606564879417419434e-02 3.981368150562047958e-03 1.665832533035427332e-04 4.105922016606200486e-06 5.904944799794975552e-08 1.469345978222236226e-09 7.735498996908063418e-08 2.425485490675782785e-06 4.451983841136097908e-05 4.810521786566823721e-04 3.064867341890931129e-03 1.149715017527341843e-02 2.542990073561668396e-02 3.311748057603836060e-02
2.522955089807510376e-02 1.140659116208553314e-02 3.040732350200414658e-03 4.772641987074166536e-04 4.416872252477332950e-05 2.406563226031721570e-06 7.659695455686232890e-08 7.732918749780992584e-10 -2.447266000960013344e-10 5.918847989505593432e-08 4.106293545191874728e-06 1.665834133746102452e-04 3.981349524110555649e-03 5.606572329998016357e-02 4.651879668235778809e-01 2.274189233779907227e+00 6.550768852233886719e+00 1.111798095703125000e+01 1.111798095703125000e+01 6.550778388977050781e+00 2.274193525314331055e+00 4.651879668235778809e-01 5.606563761830329895e-02 3.981367219239473343e-03 1.665833551669493318e-04 4.105992957192938775e-06 5.909386757707579818e-08 1.494695700543502426e-09 7.676172941728509613e-08 2.406334488114225678e-06 4.416909359861165285e-05 4.772618121933192015e-04 3.040717914700508118e-03 1.140656042844057083e-02 2.522951737046241760e-02 3.285653516650199890e-02
2.502982877194881439e-02 1.131629757583141327e-02 3.016658825799822807e-03 4.734863177873194218e-04 4.381901453598402441e-05 2.387590711805387400e-06 7.597500228939679801e-08 7.707259275235855966e-10 -2.437037238678385620e-10 5.920192691633019422e-08 4.106285359739558771e-06 1.665836316533386707e-04 3.981356974691152573e-03 5.606580898165702820e-02 4.651886224746704102e-01 2.274193525314331055e+00 6.550782203674316406e+00 1.111799335479736328e+01 1.111799335479736328e+01 6.550790786743164062e+00 2.274197340011596680e+00 4.651885926723480225e-01 5.606575682759284973e-02 3.981375135481357574e-03 1.665837335167452693e-04 4.105998868908500299e-06 5.907302380592227564e-08 1.450094155863723699e-09 7.613878949541685870e-08 2.387345602983259596e-06 4.381939288577996194e-05 4.734841641038656235e-04 3.016645321622490883e-03 1.131626963615417480e-02 2.502980642020702362e-02 3.259644657373428345e-02
2.483817376196384430e-02 1.122964452952146530e-02 2.993562025949358940e-03 4.698604461736977100e-04 4.348354559624567628e-05 2.369362846366129816e-06 7.548410962954221759e-08 7.228858622809752887e-10 -2.013883088070045346e-10 5.918120749015542970e-08 4.106294454686576501e-06 1.665845193201676011e-04 3.981376998126506805e-03 5.606611818075180054e-02 4.651911556720733643e-01 2.274205207824707031e+00 6.550815105438232422e+00 1.111806106567382812e+01 1.111806106567382812e+01 6.550823688507080078e+00 2.274209022521972656e+00 4.651911258697509766e-01 5.606606230139732361e-02 3.981396090239286423e-03 1.665846939431503415e-04 4.106035703443922102e-06 5.904183097982240724e-08 1.368700930370891911e-09 7.557298431493109092e-08 2.369085450482089072e-06 4.348385846242308617e-05 4.698583798017352819e-04 2.993548754602670670e-03 1.122961193323135376e-02 2.483814582228660583e-02 3.234683349728584290e-02
2.466203831136226654e-02 1.115000806748867035e-02 2.972334856167435646e-03 4.665286396630108356e-04 4.317524872021749616e-05 2.352612682443577796e-06 7.499713206016167533e-08 9.002427137083657271e-10 -1.550215927847986563e-10 5.922936452407157049e-08 4.106341293663717806e-06 1.665869785938411951e-04 3.981432411819696426e-03 5.606694892048835754e-02 4.651978313922882080e-01 2.274238109588623047e+00 6.550911426544189453e+00 1.111822032928466797e+01 1.111822032928466797e+01 6.550919055938720703e+00 2.274242877960205078e+00 4.651978015899658203e-01 5.606689304113388062e-02 3.981451503932476044e-03 1.665870804572477937e-04 4.106184860575012863e-06 5.909659961389479577e-08 1.395524251712743080e-09 7.501181187308247900e-08 2.352325054744142108e-06 4.317553975852206349e-05 4.665268643293529749e-04 2.972322050482034683e-03 1.114998199045658112e-02 2.466201968491077423e-02 3.211746737360954285e-02
2.450450137257575989e-02 1.107878889888525009e-02 2.953344490379095078e-03 4.635484947357326746e-04 4.289951539249159396e-05 2.337671730856527574e-06 7.453252948153021862e-08 8.746329216435810849e-10 -1.877835664743088273e-10 5.924118795519461855e-08 4.106562300876248628e-06 1.665937306825071573e-04 3.981592599302530289e-03 5.606915429234504700e-02 4.652163684368133545e-01 2.274327993392944336e+00 6.551168918609619141e+00 1.111865806579589844e+01 1.111865806579589844e+01 6.551178455352783203e+00 2.274332523345947266e+00 4.652163088321685791e-01 5.606909841299057007e-02 3.981612157076597214e-03 1.665938034420832992e-04 4.106420419702772051e-06 5.910380096452172438e-08 1.403556160184393775e-09 7.453333950024898513e-08 2.337361138415872119e-06 4.289971184334717691e-05 4.635463119484484196e-04 2.953331219032406807e-03 1.107876189053058624e-02 2.450447343289852142e-02 3.191228955984115601e-02
2.436330728232860565e-02 1.101494766771793365e-02 2.936330158263444901e-03 4.608772287610918283e-04 4.265230018063448370e-05 2.324178922208375297e-06 7.418130110181664350e-08 8.867705458825980713e-10 -1.675640459719573983e-10 5.928896840146080649e-08 4.106966571271186695e-06 1.666109455982223153e-04 3.982004709541797638e-03 5.607497319579124451e-02 4.652647376060485840e-01 2.274564027786254883e+00 6.551848411560058594e+00 1.111980915069580078e+01 1.111980915069580078e+01 6.551856517791748047e+00 2.274568319320678711e+00 4.652646780014038086e-01 5.607490241527557373e-02 3.982023335993289948e-03 1.666111347731202841e-04 4.106900632905308157e-06 5.911371303568557778e-08 1.405197069814789756e-09 7.411094316012167837e-08 2.323944045201642439e-06 4.265254392521455884e-05 4.608752205967903137e-04 2.936316886916756630e-03 1.101491786539554596e-02 2.436328120529651642e-02 3.172843158245086670e-02
2.423444390296936035e-02 1.095668599009513855e-02 2.920798026025295258e-03 4.584396374411880970e-04 4.242665454512462020e-05 2.311845946678658947e-06 7.372823773721393081e-08 9.566748504497013528e-10 -1.658487652766993392e-10 5.930761304284715152e-08 4.108010216441471130e-06 1.666509633651003242e-04 3.982960246503353119e-03 5.608840286731719971e-02 4.653761982917785645e-01 2.275109529495239258e+00 6.553423404693603516e+00 1.112248039245605469e+01 1.112247943878173828e+01 6.553431987762451172e+00 2.275113344192504883e+00 4.653761386871337891e-01 5.608834326267242432e-02 3.982978407293558121e-03 1.666511961957439780e-04 4.107990662305383012e-06 5.918431966733805893e-08 1.465725651961236053e-09 7.373311206038124510e-08 2.311639946128707379e-06 4.242688737576827407e-05 4.584375128615647554e-04 2.920784754678606987e-03 1.095665805041790009e-02 2.423441782593727112e-02 3.156058862805366516e-02
2.411659434437751770e-02 1.090340875089168549e-02 2.906594192609190941e-03 4.562103713396936655e-04 4.222033749101683497e-05 2.300608684890903533e-06 7.332712925744999666e-08 9.688855273637386745e-10 -1.144593586577258293e-10 5.941102543260967650e-08 4.110281679459149018e-06 1.667437609285116196e-04 3.985182382166385651e-03 5.611969530582427979e-02 4.656357169151306152e-01 2.276377916336059570e+00 6.557073116302490234e+00 1.112867832183837891e+01 1.112867832183837891e+01 6.557080745697021484e+00 2.276381731033325195e+00 4.656356573104858398e-01 5.611963570117950439e-02 3.985201474279165268e-03 1.667440810706466436e-04 4.110296686121728271e-06 5.921639356643026986e-08 1.389843573562643542e-09 7.334065088571151136e-08 2.300426103829522617e-06 4.222067946102470160e-05 4.562082467600703239e-04 2.906580688431859016e-03 1.090337801724672318e-02 2.411657199263572693e-02 3.140712156891822815e-02
2.400415949523448944e-02 1.085258089005947113e-02 2.893045544624328613e-03 4.540836962405592203e-04 4.202353738946840167e-05 2.289850954184657894e-06 7.295307113963644952e-08 1.037826158345467320e-09 -1.258166487660972166e-10 5.944469094742999005e-08 4.115138381166616455e-06 1.669388730078935623e-04 3.989845979958772659e-03 5.618538334965705872e-02 4.661804735660552979e-01 2.279041290283203125e+00 6.564747810363769531e+00 1.114170265197753906e+01 1.114170265197753906e+01 6.564756393432617188e+00 2.279045820236206055e+00 4.661804437637329102e-01 5.618532001972198486e-02 3.989865537732839584e-03 1.669393241172656417e-04 4.115085630473913625e-06 5.929508972712937975e-08 1.403188343296335461e-09 7.297469295508562936e-08 2.289658368681557477e-06 4.202374475426040590e-05 4.540818335954099894e-04 2.893032738938927650e-03 1.085255108773708344e-02 2.400412783026695251e-02 3.126070275902748108e-02
2.389421127736568451e-02 1.080287247896194458e-02 2.879793522879481316e-03 4.520037327893078327e-04 4.183107739663682878e-05 2.279383807035628706e-06 7.264167578568958561e-08 1.099875190924137769e-09 -9.402804923563934381e-11 5.954717607892234810e-08 4.124479346501175314e-06 1.673161168582737446e-04 3.998861648142337799e-03 5.631231144070625305e-02 4.672339856624603271e-01 2.284191131591796875e+00 6.579581260681152344e+00 1.116687679290771484e+01 1.116687679290771484e+01 6.579589366912841797e+00 2.284195661544799805e+00 4.672339558601379395e-01 5.631225928664207458e-02 3.998880274593830109e-03 1.673164515523239970e-04 4.124397491978015751e-06 5.946517589450195374e-08 1.470951471738146665e-09 7.263832202397679794e-08 2.279180080222431570e-06 4.183129203738644719e-05 4.520017537288367748e-04 2.879779087379574776e-03 1.080283802002668381e-02 2.389418892562389374e-02 3.111751936376094818e-02
2.378520742058753967e-02 1.075359061360359192e-02 2.866654656827449799e-03 4.499415808822959661e-04 4.164023994235321879e-05 2.268990556331118569e-06 7.233206389400947955e-08 1.012920969323261033e-09 -1.471865546109896172e-10 5.975810069003273384e-08 4.140928922424791381e-06 1.679871056694537401e-04 4.014895297586917877e-03 5.653812736272811890e-02 4.691075086593627930e-01 2.293351411819458008e+00 6.605962276458740234e+00 1.121165561676025391e+01 1.121165561676025391e+01 6.605969429016113281e+00 2.293354988098144531e+00 4.691074788570404053e-01 5.653805658221244812e-02 4.014914389699697495e-03 1.679872802924364805e-04 4.140892997384071350e-06 5.963374150042000110e-08 1.412324590610580799e-09 7.225055043136308086e-08 2.268743628519587219e-06 4.164035271969623864e-05 4.499395436141639948e-04 2.866640454158186913e-03 1.075356174260377884e-02 2.378517761826515198e-02 3.097556158900260925e-02
2.367720939218997955e-02 1.070474926382303238e-02 2.853637095540761948e-03 4.478986375033855438e-04 4.145114871789701283e-05 2.258622089357231744e-06 7.197127871449993108e-08 9.491604169298284432e-10 -1.438457963853778665e-10 6.012474784711230313e-08 4.167900442553218454e-06 1.690846111159771681e-04 4.041129257529973984e-03 5.690754204988479614e-02 4.721724987030029297e-01 2.308334350585937500e+00 6.649127483367919922e+00 1.128490638732910156e+01 1.128490638732910156e+01 6.649137020111083984e+00 2.308338642120361328e+00 4.721724689006805420e-01 5.690746754407882690e-02 4.041146952658891678e-03 1.690848876023665071e-04 4.167923634668113664e-06 6.006260377944272477e-08 1.329583443343551608e-09 7.193067119715124136e-08 2.258373797303647734e-06 4.145129787502810359e-05 4.478966002352535725e-04 2.853623591363430023e-03 1.070472411811351776e-02 2.367718331515789032e-02 3.083488345146179199e-02
2.357243560254573822e-02 1.065737660974264145e-02 2.841008827090263367e-03 4.459162300918251276e-04 4.126767817069776356e-05 2.248630607937229797e-06 7.166395477042897255e-08 9.352468799406210564e-10 -1.139751210077477594e-10 6.065855018277943600e-08 4.208626251056557521e-06 1.707343762973323464e-04 4.080554470419883728e-03 5.746274068951606750e-02 4.767790436744689941e-01 2.330855846405029297e+00 6.713995933532714844e+00 1.139500617980957031e+01 1.139500617980957031e+01 6.714005947113037109e+00 2.330860137939453125e+00 4.767790436744689941e-01 5.746267363429069519e-02 4.080574028193950653e-03 1.707344636088237166e-04 4.208478912914870307e-06 6.064644253456208389e-08 1.359735990469346234e-09 7.160658554994370206e-08 2.248357759526697919e-06 4.126790372538380325e-05 4.459140182007104158e-04 2.840995555743575096e-03 1.065734773874282837e-02 2.357242070138454437e-02 3.069842979311943054e-02
2.347644045948982239e-02 1.061397884041070938e-02 2.829439472407102585e-03 4.441002674866467714e-04 4.109960718778893352e-05 2.239407194792875089e-06 7.143612634763485403e-08 8.440891874350597845e-10 -1.426200407772526546e-10 6.152122722369313124e-08 4.264684775989735499e-06 1.730088260956108570e-04 4.134914837777614594e-03 5.822823941707611084e-02 4.831307530403137207e-01 2.361907005310058594e+00 6.803441047668457031e+00 1.154681205749511719e+01 1.154681205749511719e+01 6.803450107574462891e+00 2.361910820007324219e+00 4.831307530403137207e-01 5.822818726301193237e-02 4.134933929890394211e-03 1.730089570628479123e-04 4.264540621079504490e-06 6.151373099783086218e-08 1.415749739663851869e-09 7.134175206147119752e-08 2.239186187580344267e-06 4.109981091460213065e-05 4.440984339453279972e-04 2.829426201060414314e-03 1.061394903808832169e-02 2.347640506923198700e-02 3.057342395186424255e-02
2.339963801205158234e-02 1.057925913482904434e-02 2.820184454321861267e-03 4.426474624779075384e-04 4.096522752661257982e-05 2.232065753560164012e-06 7.115097844234696822e-08 8.634740145119224053e-10 -1.575980734802584493e-10 6.255939410948485602e-08 4.335440280556213111e-06 1.758793077897280455e-04 4.203518852591514587e-03 5.919433757662773132e-02 4.911465942859649658e-01 2.401094198226928711e+00 6.916320800781250000e+00 1.173839187622070312e+01 1.173839187622070312e+01 6.916329383850097656e+00 2.401099205017089844e+00 4.911465942859649658e-01 5.919427424669265747e-02 4.203538876026868820e-03 1.758794533088803291e-04 4.335229732532752678e-06 6.249037198813311988e-08 1.361069035255013659e-09 7.113406752523587784e-08 2.231879307146300562e-06 4.096531483810395002e-05 4.426454543136060238e-04 2.820170717313885689e-03 1.057922746986150742e-02 2.339961193501949310e-02 3.047341108322143555e-02
2.335786260664463043e-02 1.056038308888673782e-02 2.815152518451213837e-03 4.418577300384640694e-04 4.089223148184828460e-05 2.228112862212583423e-06 7.103356836068996927e-08 7.381252831173412687e-10 -1.440356306448009605e-10 6.368536986656181398e-08 4.416933734319172800e-06 1.791830000001937151e-04 4.282477777451276779e-03 6.030623242259025574e-02 5.003719925880432129e-01 2.446196079254150391e+00 7.046231269836425781e+00 1.195888137817382812e+01 1.195888137817382812e+01 7.046241760253906250e+00 2.446200132369995117e+00 5.003719329833984375e-01 6.030616164207458496e-02 4.282497335225343704e-03 1.791830582078546286e-04 4.416662250150693581e-06 6.371389815740258200e-08 1.303266494723231972e-09 7.099267662624697550e-08 2.227837057944270782e-06 4.089220601599663496e-05 4.418556927703320980e-04 2.815139712765812874e-03 1.056035514920949936e-02 2.335784025490283966e-02 3.041904047131538391e-02
2.337019704282283783e-02 1.056595798581838608e-02 2.816637512296438217e-03 4.420913173817098141e-04 4.091391019755974412e-05 2.229365691164275631e-06 7.112693367616884643e-08 6.584352507665869325e-10 -9.726679878196975437e-11 6.490125770142185502e-08 4.501879175222711638e-06 1.826290827011689544e-04 4.364841617643833160e-03 6.146607547998428345e-02 5.099954009056091309e-01 2.493242740631103516e+00 7.181749820709228516e+00 1.218887901306152344e+01 1.218887901306152344e+01 7.181759834289550781e+00 2.493247509002685547e+00 5.099954009056091309e-01 6.146601215004920959e-02 4.364860709756612778e-03 1.826291845645755529e-04 4.501619059738004580e-06 6.492368953558980138e-08 1.276043382070213283e-09 7.105744259661150863e-08 2.229004167020320892e-06 4.091385926585644484e-05 4.420889599714428186e-04 2.816625172272324562e-03 1.056592725217342377e-02 2.337017096579074860e-02 3.043509833514690399e-02
2.345287241041660309e-02 1.060332730412483215e-02 2.826600568369030952e-03 4.436548624653369188e-04 4.105857806280255318e-05 2.237241233160602860e-06 7.140210556144666043e-08 7.491786635505093273e-10 -5.480519163492125756e-11 6.613802838728588540e-08 4.581299435812979937e-06 1.858511968748643994e-04 4.441849887371063232e-03 6.255052238702774048e-02 5.189934372901916504e-01 2.537231683731079102e+00 7.308457851409912109e+00 1.240392875671386719e+01 1.240392875671386719e+01 7.308468341827392578e+00 2.537235736846923828e+00 5.189934372901916504e-01 6.255046278238296509e-02 4.441869445145130157e-03 1.858512405306100845e-04 4.581069788400782272e-06 6.602694213597715134e-08 1.302613461540147455e-09 7.135272284131133347e-08 2.236918589915148914e-06 4.105860352865420282e-05 4.436527378857135773e-04 2.826588228344917297e-03 1.060329750180244446e-02 2.345284633338451385e-02 3.054273687303066254e-02
2.361129038035869598e-02 1.067494973540306091e-02 2.845693612471222878e-03 4.466515092644840479e-04 4.133591937716118991e-05 2.252301783300936222e-06 7.184480921296199085e-08 6.839018240611949295e-10 -6.705574984167128605e-11 6.709191779918910470e-08 4.646244633477181196e-06 1.884915254777297378e-04 4.504953045397996902e-03 6.343913823366165161e-02 5.263665914535522461e-01 2.573274850845336914e+00 7.412286758422851562e+00 1.258014392852783203e+01 1.258014392852783203e+01 7.412295818328857422e+00 2.573280096054077148e+00 5.263665914535522461e-01 6.343905627727508545e-02 4.504974000155925751e-03 1.884914963738992810e-04 4.646080924430862069e-06 6.690653009400193696e-08 1.317748465901047439e-09 7.184831218864928815e-08 2.252050308015896007e-06 4.133591210120357573e-05 4.466495011001825333e-04 2.845681272447109222e-03 1.067491993308067322e-02 2.361126430332660675e-02 3.074904158711433411e-02
2.383437380194664001e-02 1.077580545097589493e-02 2.872580662369728088e-03 4.508716519922018051e-04 4.172648186795413494e-05 2.273567815791466273e-06 7.255268030803563306e-08 6.779191097372461172e-10 -3.846774634941318993e-11 6.784208039789518807e-08 4.690454261435661465e-06 1.902873482322320342e-04 4.547876305878162384e-03 6.404359638690948486e-02 5.313819050788879395e-01 2.597795486450195312e+00 7.482907772064208984e+00 1.270001125335693359e+01 1.270001125335693359e+01 7.482918262481689453e+00 2.597799777984619141e+00 5.313818454742431641e-01 6.404353678226470947e-02 4.547899123281240463e-03 1.902875956147909164e-04 4.690426976594608277e-06 6.753946024673496140e-08 1.316877717982833929e-09 7.251252043261047220e-08 2.273364771099295467e-06 4.172644185018725693e-05 4.508692654781043530e-04 2.872565528377890587e-03 1.077577657997608185e-02 2.383434586226940155e-02 3.103958442807197571e-02
2.409529313445091248e-02 1.089377515017986298e-02 2.904027001932263374e-03 4.558076907414942980e-04 4.218323010718449950e-05 2.298517983945203014e-06 7.330633167157429853e-08 7.108100774644299236e-10 -6.478739073001449356e-11 6.810670782897432218e-08 4.711314886662876233e-06 1.911281142383813858e-04 4.567962139844894409e-03 6.432645767927169800e-02 5.337284207344055176e-01 2.609267473220825195e+00 7.515958309173583984e+00 1.275609493255615234e+01 1.275609493255615234e+01 7.515967369079589844e+00 2.609272480010986328e+00 5.337284207344055176e-01 6.432637572288513184e-02 4.567982163280248642e-03 1.911283179651945829e-04 4.711221208708593622e-06 6.792387807763589080e-08 1.282821404657852327e-09 7.328523565774958115e-08 2.298211938978056423e-06 4.218320100335404277e-05 4.558053624350577593e-04 2.904012100771069527e-03 1.089374534785747528e-02 2.409527078270912170e-02 3.137937560677528381e-02
2.435869909822940826e-02 1.101286523044109344e-02 2.935773693025112152e-03 4.607905284501612186e-04 4.264436211087740958e-05 2.323617309230030514e-06 7.410372404592635576e-08 7.952477010242375854e-10 4.227565519876463895e-11 6.821213816010640585e-08 4.716180228570010513e-06 1.913284067995846272e-04 4.572750069200992584e-03 6.439387798309326172e-02 5.342879295349121094e-01 2.612002611160278320e+00 7.523837089538574219e+00 1.276947498321533203e+01 1.276947498321533203e+01 7.523846626281738281e+00 2.612006902694702148e+00 5.342879295349121094e-01 6.439381092786788940e-02 4.572769626975059509e-03 1.913285523187369108e-04 4.716188868769677356e-06 6.803821861467440613e-08 1.253276815660342436e-09 7.417327196890255436e-08 2.323348098798305728e-06 4.264430390321649611e-05 4.607882292475551367e-04 2.935761353000998497e-03 1.101283915340900421e-02 2.435868419706821442e-02 3.172242268919944763e-02
2.461673878133296967e-02 1.112952828407287598e-02 2.966872416436672211e-03 4.656713863369077444e-04 4.309611540520563722e-05 2.348171165067469701e-06 7.490297804224610445e-08 8.753753277801479271e-10 -3.265405090421835688e-12 6.813780117909118417e-08 4.711258952738717198e-06 1.911285944515839219e-04 4.567978437989950180e-03 6.432668119668960571e-02 5.337304472923278809e-01 2.609276294708251953e+00 7.515984535217285156e+00 1.275613975524902344e+01 1.275613880157470703e+01 7.515994071960449219e+00 2.609280824661254883e+00 5.337303876876831055e-01 6.432662159204483032e-02 4.567998461425304413e-03 1.911289873532950878e-04 4.711280325864208862e-06 6.798914142791545601e-08 1.297811746958643653e-09 7.496394971440167865e-08 2.347991085116518661e-06 4.309600626584142447e-05 4.656690289266407490e-04 2.966858679428696632e-03 1.112949755042791367e-02 2.461670897901058197e-02 3.205847367644309998e-02
2.487586624920368195e-02 1.124668214470148087e-02 2.998104086145758629e-03 4.705730825662612915e-04 4.354971315478906035e-05 2.372851668042130768e-06 7.563644288666182547e-08 8.791862793344762395e-10 1.246977434504747961e-11 6.792751605644298252e-08 4.696894848166266456e-06 1.905485842144116759e-04 4.554114770144224167e-03 6.413145363330841064e-02 5.321108698844909668e-01 2.601358413696289062e+00 7.493175506591796875e+00 1.271743202209472656e+01 1.271743202209472656e+01 7.493184566497802734e+00 2.601363420486450195e+00 5.321108698844909668e-01 6.413137167692184448e-02 4.554136656224727631e-03 1.905488607008010149e-04 4.697050371760269627e-06 6.787988837686498300e-08 1.370670354994274476e-09 7.574539040433592163e-08 2.372672952333232388e-06 4.354970951681025326e-05 4.705708997789770365e-04 2.998089883476495743e-03 1.124665234237909317e-02 2.487584203481674194e-02 3.239589929580688477e-02
2.513474039733409882e-02 1.136372424662113190e-02 3.029305022209882736e-03 4.754705878440290689e-04 4.400289617478847504e-05 2.397489424765808508e-06 7.637577681407492491e-08 8.060355161099153065e-10 -7.724403582043404271e-12 6.756003045893521630e-08 4.674107458413345739e-06 1.896213798318058252e-04 4.531952086836099625e-03 6.381936371326446533e-02 5.295211672782897949e-01 2.588700056076049805e+00 7.456706523895263672e+00 1.265554428100585938e+01 1.265554428100585938e+01 7.456716060638427734e+00 2.588703870773315430e+00 5.295211672782897949e-01 6.381929665803909302e-02 4.531973507255315781e-03 1.896215835586190224e-04 4.674182491726242006e-06 6.755807646641187603e-08 1.372181368530789314e-09 7.653853373312813346e-08 2.397340722382068634e-06 4.400291436468251050e-05 4.754682013299316168e-04 3.029291750863194466e-03 1.136369351297616959e-02 2.513471804559230804e-02 3.273303806781768799e-02
2.538716420531272888e-02 1.147785410284996033e-02 3.059728303924202919e-03 4.802455368917435408e-04 4.444474689080379903e-05 2.421505541860824451e-06 7.711307148383639287e-08 8.954140762185147651e-10 8.049252236963511109e-11 6.718521916582176345e-08 4.643719421437708661e-06 1.883863296825438738e-04 4.502433352172374725e-03 6.340367347002029419e-02 5.260722637176513672e-01 2.571837186813354492e+00 7.408140659332275391e+00 1.257310962677001953e+01 1.257310962677001953e+01 7.408149242401123047e+00 2.571841955184936523e+00 5.260722041130065918e-01 6.340360641479492188e-02 4.502454306930303574e-03 1.883865770651027560e-04 4.643768079404253513e-06 6.721174372614768799e-08 1.426716189634191778e-09 7.731467377425360610e-08 2.421400040475418791e-06 4.444472870090976357e-05 4.802432667929679155e-04 3.059715032577514648e-03 1.147782243788242340e-02 2.538713812828063965e-02 3.306176513433456421e-02
2.562301233410835266e-02 1.158448494970798492e-02 3.088149940595030785e-03 4.847068630624562502e-04 4.485754107008688152e-05 2.443997118461993523e-06 7.785731526155359461e-08 8.723702871193950159e-10 1.424593915055893945e-10 6.664664908839768032e-08 4.609361894836183637e-06 1.869902043836191297e-04 4.469070583581924438e-03 6.293385475873947144e-02 5.221737623214721680e-01 2.552778720855712891e+00 7.353244304656982422e+00 1.247994041442871094e+01 1.247994041442871094e+01 7.353253364562988281e+00 2.552783727645874023e+00 5.221737623214721680e-01 6.293378025293350220e-02 4.469090141355991364e-03 1.869905827334150672e-04 4.609421921486500651e-06 6.680529196501083788e-08 1.407234995198791694e-09 7.807366131373782991e-08 2.443856374156894162e-06 4.485762110562063754e-05 4.847043892368674278e-04 3.088134806603193283e-03 1.158445328474044800e-02 2.562298439443111420e-02 3.336889669299125671e-02
2.584190107882022858e-02 1.168344449251890182e-02 3.114535240456461906e-03 4.888481344096362591e-04 4.524076211964711547e-05 2.465006218699272722e-06 7.854406902652044664e-08 8.102339910109890297e-10 6.509327105108653200e-11 6.601615609724831302e-08 4.572964371618581936e-06 1.855114824138581753e-04 4.433727357536554337e-03 6.243612989783287048e-02 5.180445313453674316e-01 2.532590627670288086e+00 7.295093536376953125e+00 1.238125133514404297e+01 1.238125133514404297e+01 7.295103073120117188e+00 2.532595872879028320e+00 5.180444717407226562e-01 6.243606656789779663e-02 4.433748312294483185e-03 1.855117589002475142e-04 4.572923444357002154e-06 6.624969728363794275e-08 1.391101012160333994e-09 7.873342866560051334e-08 2.464810904712066986e-06 4.524091491475701332e-05 4.888456896878778934e-04 3.114521037787199020e-03 1.168341282755136490e-02 2.584187872707843781e-02 3.365401551127433777e-02
2.604556828737258911e-02 1.177551876753568649e-02 3.139078151434659958e-03 4.927002592012286186e-04 4.559732042253017426e-05 2.484560582161066122e-06 7.921656219878059346e-08 8.536504281231316327e-10 3.155776855112701895e-12 6.557877441082382575e-08 4.535484094958519563e-06 1.839892502175644040e-04 4.397344309836626053e-03 6.192377209663391113e-02 5.137934088706970215e-01 2.511808156967163086e+00 7.235234737396240234e+00 1.227965831756591797e+01 1.227965831756591797e+01 7.235243320465087891e+00 2.511812448501586914e+00 5.137934088706970215e-01 6.192371249198913574e-02 4.397367127239704132e-03 1.839896285673603415e-04 4.535442712949588895e-06 6.573082345084912959e-08 1.463511534183226104e-09 7.933287093919716426e-08 2.484275910319411196e-06 4.559752414934337139e-05 4.926975234411656857e-04 3.139065112918615341e-03 1.177548710256814957e-02 2.604554034769535065e-02 3.391922637820243835e-02
2.623137272894382477e-02 1.185952406376600266e-02 3.161472035571932793e-03 4.962151288054883480e-04 4.592262848746031523e-05 2.502200914022978395e-06 7.969834570076272939e-08 9.092777086827652511e-10 -6.129573237867447233e-11 6.513502626148692798e-08 4.498297130339778960e-06 1.824794744607061148e-04 4.361253697425127029e-03 6.141555681824684143e-02 5.095761418342590332e-01 2.491193056106567383e+00 7.175849914550781250e+00 1.217886447906494141e+01 1.217886447906494141e+01 7.175858497619628906e+00 2.491198062896728516e+00 5.095760822296142578e-01 6.141548603773117065e-02 4.361274652183055878e-03 1.824795617721974850e-04 4.498234829952707514e-06 6.509345951144496212e-08 1.565071516829164011e-09 7.983887684304136201e-08 2.502019469829974696e-06 4.592272671288810670e-05 4.962128587067127228e-04 3.161458065733313560e-03 1.185949519276618958e-02 2.623134665191173553e-02 3.416119143366813660e-02
2.639685571193695068e-02 1.193434186279773712e-02 3.181416541337966919e-03 4.993456532247364521e-04 4.621235348167829216e-05 2.517955863368115388e-06 8.019934227831981843e-08 7.254782885546262605e-10 -9.474145079568785377e-11 6.447181988278316567e-08 4.462621745915384963e-06 1.810308312997221947e-04 4.326628521084785461e-03 6.092796847224235535e-02 5.055311322212219238e-01 2.471417665481567383e+00 7.118880271911621094e+00 1.208218288421630859e+01 1.208218288421630859e+01 7.118890762329101562e+00 2.471422433853149414e+00 5.055311322212219238e-01 6.092791259288787842e-02 4.326647613197565079e-03 1.810308749554678798e-04 4.462433025764767081e-06 6.450652278999768896e-08 1.504395497065047493e-09 8.034300691406315309e-08 2.517757138775778003e-06 4.621248808689415455e-05 4.993433831259608269e-04 3.181402105838060379e-03 1.193430833518505096e-02 2.639682404696941376e-02 3.437669947743415833e-02
2.654291689395904541e-02 1.200037635862827301e-02 3.199020167812705040e-03 5.021087126806378365e-04 4.646806337404996157e-05 2.531921836634865031e-06 8.063641132594057126e-08 6.159369125846581028e-10 -2.567578614998122788e-11 6.395389817726027104e-08 4.429108685144456103e-06 1.796700671548023820e-04 4.294113256037235260e-03 6.047007814049720764e-02 5.017318129539489746e-01 2.452841997146606445e+00 7.065375804901123047e+00 1.199137115478515625e+01 1.199137115478515625e+01 7.065382957458496094e+00 2.452846288681030273e+00 5.017318129539489746e-01 6.047001853585243225e-02 4.294134210795164108e-03 1.796702854335308075e-04 4.428834472491871566e-06 6.410466824036120670e-08 1.531962556811095055e-09 8.087882719109984464e-08 2.531668087613070384e-06 4.646827073884196579e-05 5.021062097512185574e-04 3.199007129296660423e-03 1.200034655630588531e-02 2.654288150370121002e-02 3.456693142652511597e-02
2.667175605893135071e-02 1.205863524228334427e-02 3.214550437405705452e-03 5.045460420660674572e-04 4.669362533604726195e-05 2.544234575907466933e-06 8.111538818411645480e-08 6.974043564866860834e-10 -5.468633185179427869e-11 6.354136417030531447e-08 4.398026703711366281e-06 1.784105697879567742e-04 4.264008719474077225e-03 6.004611775279045105e-02 4.982140660285949707e-01 2.435647010803222656e+00 7.015843391418457031e+00 1.190729999542236328e+01 1.190729999542236328e+01 7.015849113464355469e+00 2.435650348663330078e+00 4.982140660285949707e-01 6.004605069756507874e-02 4.264027811586856842e-03 1.784108753781765699e-04 4.397806151246186346e-06 6.363298865608157939e-08 1.558151607738977873e-09 8.119846484078152571e-08 2.543987420722260140e-06 4.669378540711477399e-05 5.045437719672918320e-04 3.214535769075155258e-03 1.205860078334808350e-02 2.667173556983470917e-02 3.473469987511634827e-02
2.678623609244823456e-02 1.211038418114185333e-02 3.228346351534128189e-03 5.067117745056748390e-04 4.689409979619085789e-05 2.555182391006383114e-06 8.142173868463942199e-08 6.568954824537343029e-10 1.847724750980717090e-11 6.309608124865917489e-08 4.369567250250838697e-06 1.772547548171132803e-04 4.236386157572269440e-03 5.965719372034072876e-02 4.949868321418762207e-01 2.419867992401123047e+00 6.970390796661376953e+00 1.183016014099121094e+01 1.183016014099121094e+01 6.970398426055908203e+00 2.419872522354125977e+00 4.949868321418762207e-01 5.965714156627655029e-02 4.236406646668910980e-03 1.772549148881807923e-04 4.369327143649570644e-06 6.321764089989301283e-08 1.619362532956358791e-09 8.164486331452280865e-08 2.554892489570192993e-06 4.689428533311001956e-05 5.067092715762555599e-04 3.228332148864865303e-03 1.211035158485174179e-02 2.678620629012584686e-02 3.488379716873168945e-02
2.688718214631080627e-02 1.215602457523345947e-02 3.240513149648904800e-03 5.086212186142802238e-04 4.707066545961424708e-05 2.564730493759270757e-06 8.168372289674152853e-08 5.831853888693672161e-10 -3.161437084342466619e-11 6.275666919464129023e-08 4.343629370850976557e-06 1.762012834660708904e-04 4.211208783090114594e-03 5.930261686444282532e-02 4.920445978641510010e-01 2.405486106872558594e+00 6.928967475891113281e+00 1.175984477996826172e+01 1.175984477996826172e+01 6.928975582122802734e+00 2.405491113662719727e+00 4.920445680618286133e-01 5.930254980921745300e-02 4.211226943880319595e-03 1.762013707775622606e-04 4.343336513557005674e-06 6.282537867718929192e-08 1.589569476045937790e-09 8.188312250467788544e-08 2.564496298873564228e-06 4.707091648015193641e-05 5.086184246465563774e-04 3.240498481318354607e-03 1.215599477291107178e-02 2.688715979456901550e-02 3.501526266336441040e-02
2.697273157536983490e-02 1.219469308853149414e-02 3.250823589041829109e-03 5.102392751723527908e-04 4.722044832305982709e-05 2.572852281446103007e-06 8.186308519952945062e-08 6.223956905415661822e-10 -3.532761583269206085e-11 6.251475781482440652e-08 4.320095285947900265e-06 1.752455718815326691e-04 4.188363440334796906e-03 5.898090824484825134e-02 4.893759489059448242e-01 2.392435789108276367e+00 6.891381263732910156e+00 1.169607448577880859e+01 1.169607448577880859e+01 6.891390323638916016e+00 2.392440080642700195e+00 4.893759489059448242e-01 5.898085609078407288e-02 4.188383463770151138e-03 1.752456155372783542e-04 4.319821982790017501e-06 6.251318040995101910e-08 1.621869194501357470e-09 8.215836544422927545e-08 2.572665835032239556e-06 4.722067023976705968e-05 5.102364812046289444e-04 3.250807523727416992e-03 1.219466235488653183e-02 2.697270363569259644e-02 3.512662276625633240e-02
2.703706920146942139e-02 1.222379226237535477e-02 3.258576150983572006e-03 5.114566301926970482e-04 4.733311288873665035e-05 2.578973635536385700e-06 8.211473101482624770e-08 6.307805389127452145e-10 3.582531146739675876e-11 6.222960280410916312e-08 4.298825842852238566e-06 1.743819157127290964e-04 4.167724866420030594e-03 5.869023129343986511e-02 4.869641661643981934e-01 2.380651235580444336e+00 6.857421398162841797e+00 1.163842678070068359e+01 1.163842678070068359e+01 6.857430458068847656e+00 2.380655050277709961e+00 4.869641661643981934e-01 5.869017168879508972e-02 4.167743492871522903e-03 1.743819884723052382e-04 4.298508883948670700e-06 6.221115000926147331e-08 1.548499883874399075e-09 8.240107263191021048e-08 2.578794465080136433e-06 4.733337846118956804e-05 5.114541854709386826e-04 3.258561249822378159e-03 1.222375780344009399e-02 2.703703939914703369e-02 3.521043434739112854e-02
2.707854844629764557e-02 1.224254164844751358e-02 3.263578051701188087e-03 5.122416187077760696e-04 4.740571966976858675e-05 2.582900378911290318e-06 8.217674718480338925e-08 4.417136378886965531e-10 5.018775672827047174e-11 6.190613532908173511e-08 4.279586391930934042e-06 1.736029953463003039e-04 4.149110056459903717e-03 5.842814967036247253e-02 4.847891628742218018e-01 2.370015382766723633e+00 6.826794624328613281e+00 1.158645343780517578e+01 1.158645343780517578e+01 6.826802730560302734e+00 2.370019435882568359e+00 4.847891330718994141e-01 5.842807516455650330e-02 4.149130079895257950e-03 1.736030390020459890e-04 4.279218046576716006e-06 6.193721446834388189e-08 1.535539029262622535e-09 8.252880689951780369e-08 2.582703473308356479e-06 4.740603253594599664e-05 5.122386501170694828e-04 3.263563849031925201e-03 1.224250812083482742e-02 2.707851864397525787e-02 3.526449576020240784e-02
2.709370851516723633e-02 1.224940083920955658e-02 3.265404142439365387e-03 5.125280586071312428e-04 4.743227327708154917e-05 2.584319418019731529e-06 8.221559966159475152e-08 5.261148738888721255e-10 4.655496821381888140e-11 6.164784593920558109e-08 4.262250968167791143e-06 1.729014475131407380e-04 4.132339730858802795e-03 5.819201841950416565e-02 4.828299880027770996e-01 2.360435247421264648e+00 6.799207210540771484e+00 1.153961849212646484e+01 1.153961849212646484e+01 6.799215793609619141e+00 2.360438823699951172e+00 4.828299283981323242e-01 5.819194763898849487e-02 4.132358822971582413e-03 1.729014911688864231e-04 4.261949925421504304e-06 6.174219180365980719e-08 1.515159331333393311e-09 8.255350536501282477e-08 2.584116145953885280e-06 4.743253157357685268e-05 5.125253228470683098e-04 3.265389474108815193e-03 1.224936544895172119e-02 2.709367498755455017e-02 3.528420627117156982e-02
2.707808092236518860e-02 1.224232185631990433e-02 3.263518447056412697e-03 5.122320144437253475e-04 4.740491203847341239e-05 2.582808974693762138e-06 8.221592651125320117e-08 5.679283709980609274e-10 -2.294279349834837944e-11 6.144848896383336978e-08 4.246502612659242004e-06 1.722698798403143883e-04 4.117242991924285889e-03 5.797941610217094421e-02 4.810658991336822510e-01 2.351811647415161133e+00 6.774361133575439453e+00 1.149745845794677734e+01 1.149745845794677734e+01 6.774372100830078125e+00 2.351815938949584961e+00 4.810658395290374756e-01 5.797934532165527344e-02 4.117261618375778198e-03 1.722698070807382464e-04 4.246355729264905676e-06 6.143163489014114020e-08 1.569995355943376580e-09 8.242709270689374534e-08 2.582634806458372623e-06 4.740515942103229463e-05 5.122295115143060684e-04 3.263503778725862503e-03 1.224228926002979279e-02 2.707804180681705475e-02 3.526384010910987854e-02
2.703031338751316071e-02 1.222073007375001907e-02 3.257760545238852501e-03 5.113281658850610256e-04 4.732120942207984626e-05 2.578217163318186067e-06 8.206632173823891208e-08 6.262562690650952391e-10 -6.893412923814068449e-11 6.116961515090224566e-08 4.232405444781761616e-06 1.717010163702070713e-04 4.103650338947772980e-03 5.778804793953895569e-02 4.794779121875762939e-01 2.344048500061035156e+00 6.752000331878662109e+00 1.145950317382812500e+01 1.145950317382812500e+01 6.752007007598876953e+00 2.344053268432617188e+00 4.794779121875762939e-01 5.778799206018447876e-02 4.103669896721839905e-03 1.717010018182918429e-04 4.232250375935109332e-06 6.112936290492143598e-08 1.576332619990239436e-09 8.223960890063608531e-08 2.578023440946708433e-06 4.732152956421487033e-05 5.113253719173371792e-04 3.257745644077658653e-03 1.222069654613733292e-02 2.703027613461017609e-02 3.520161658525466919e-02
2.694978378713130951e-02 1.218432653695344925e-02 3.248055465519428253e-03 5.098050460219383240e-04 4.718029958894476295e-05 2.570564220150117762e-06 8.182664146261231508e-08 5.235309408213595361e-10 -5.237743919139781212e-11 6.095181248610970215e-08 4.219778020342346281e-06 1.711890945443883538e-04 4.091420676559209824e-03 5.761575326323509216e-02 4.780487120151519775e-01 2.337061166763305664e+00 6.731871604919433594e+00 1.142536067962646484e+01 1.142536067962646484e+01 6.731881141662597656e+00 2.337065696716308594e+00 4.780486524105072021e-01 5.761570110917091370e-02 4.091439768671989441e-03 1.711891818558797240e-04 4.219632955937413499e-06 6.094175120097133913e-08 1.590610310131523875e-09 8.198878731491276994e-08 2.570344349805964157e-06 4.718055788544006646e-05 5.098025430925190449e-04 3.248040797188878059e-03 1.218429300934076309e-02 2.694975584745407104e-02 3.509676456451416016e-02
2.683440595865249634e-02 1.213216129690408707e-02 3.234151983633637428e-03 5.076226661913096905e-04 4.697839176515117288e-05 2.559565018600551412e-06 8.150287555963586783e-08 5.842281103340951631e-10 -9.542521633987277596e-11 6.068945168635764276e-08 4.208483005641028285e-06 1.707285555312409997e-04 4.080411512404680252e-03 5.746073275804519653e-02 4.767622649669647217e-01 2.330775499343872070e+00 6.713758468627929688e+00 1.139461517333984375e+01 1.139461517333984375e+01 6.713767051696777344e+00 2.330779552459716797e+00 4.767622649669647217e-01 5.746066570281982422e-02 4.080428741872310638e-03 1.707285264274105430e-04 4.208255177218234167e-06 6.081977232952340273e-08 1.553790651698250258e-09 8.161849507359875133e-08 2.559272616053931415e-06 4.697854456026107073e-05 5.076200468465685844e-04 3.234136849641799927e-03 1.213213149458169937e-02 2.683438174426555634e-02 3.494651988148689270e-02
2.668471634387969971e-02 1.206448953598737717e-02 3.216112498193979263e-03 5.047910963185131550e-04 4.671640272135846317e-05 2.545295956224435940e-06 8.108732174605393084e-08 6.647276062921037010e-10 -5.966262900392038659e-11 6.055282142369833309e-08 4.198312126391101629e-06 1.703140733297914267e-04 4.070502705872058868e-03 5.732116103172302246e-02 4.756051898002624512e-01 2.325114727020263672e+00 6.697462081909179688e+00 1.136693000793457031e+01 1.136693000793457031e+01 6.697470188140869141e+00 2.325119256973266602e+00 4.756051599979400635e-01 5.732110887765884399e-02 4.070521797984838486e-03 1.703141169855371118e-04 4.198115675535518676e-06 6.069951297149600578e-08 1.536317739692094619e-09 8.125943651293709991e-08 2.545052211644360796e-06 4.671653005061671138e-05 5.047885351814329624e-04 3.216098994016647339e-03 1.206445507705211639e-02 2.668468095362186432e-02 3.475158289074897766e-02
2.650515176355838776e-02 1.198330428451299667e-02 3.194466931745409966e-03 5.013944464735686779e-04 4.640202678274363279e-05 2.528178129068692215e-06 8.059756595457656658e-08 5.778157396996164152e-10 -1.091958901772160928e-11 6.049599932111959788e-08 4.189089395367773250e-06 1.699409622233361006e-04 4.061587620526552200e-03 5.719561874866485596e-02 4.745630323886871338e-01 2.320021390914916992e+00 6.682787418365478516e+00 1.134204196929931641e+01 1.134204196929931641e+01 6.682796955108642578e+00 2.320025205612182617e+00 4.745629727840423584e-01 5.719555914402008057e-02 4.061605315655469894e-03 1.699411368463188410e-04 4.188991624687332660e-06 6.050075995744919055e-08 1.530198967536477994e-09 8.079140911831927951e-08 2.528047843952663243e-06 4.640223050955682993e-05 5.013915942981839180e-04 3.194452961906790733e-03 1.198326889425516129e-02 2.650512009859085083e-02 3.451771661639213562e-02
2.630527503788471222e-02 1.189294084906578064e-02 3.170381300151348114e-03 4.976135678589344025e-04 4.605216236086562276e-05 2.509118303350987844e-06 7.994164974434170290e-08 6.113539119390054566e-10 2.467102043490765340e-11 6.044477629529865226e-08 4.180929863650817424e-06 1.696052349871024489e-04 4.053562879562377930e-03 5.708263814449310303e-02 4.736253023147583008e-01 2.315436840057373047e+00 6.669586181640625000e+00 1.131963062286376953e+01 1.131963062286376953e+01 6.669593811035156250e+00 2.315441370010375977e+00 4.736252129077911377e-01 5.708258226513862610e-02 4.053582437336444855e-03 1.696052640909329057e-04 4.180715222901199013e-06 6.036428601419174811e-08 1.573904340190779294e-09 8.022557551612408133e-08 2.509008254492073320e-06 4.605225331033580005e-05 4.976111231371760368e-04 3.170366631820797920e-03 1.189290918409824371e-02 2.630524896085262299e-02 3.425746411085128784e-02
2.608844824135303497e-02 1.179491542279720306e-02 3.144247457385063171e-03 4.935116739943623543e-04 4.567236464936286211e-05 2.488395011823740788e-06 7.927595646606278024e-08 5.732414543047070765e-10 -9.524605062982693937e-12 6.023313403602514882e-08 4.173387424089014530e-06 1.693029626039788127e-04 4.046340007334947586e-03 5.698094516992568970e-02 4.727816581726074219e-01 2.311312913894653320e+00 6.657702922821044922e+00 1.129945659637451172e+01 1.129945659637451172e+01 6.657712459564208984e+00 2.311317443847656250e+00 4.727815985679626465e-01 5.698088183999061584e-02 4.046359565109014511e-03 1.693030353635549545e-04 4.173224169790046290e-06 6.020563603215123294e-08 1.502213353710146748e-09 7.947370761485217372e-08 2.488213795004412532e-06 4.567263749777339399e-05 4.935091128572821617e-04 3.144233021885156631e-03 1.179488282650709152e-02 2.608842216432094574e-02 3.397506475448608398e-02
2.585862576961517334e-02 1.169100031256675720e-02 3.116547595709562302e-03 4.891637945547699928e-04 4.526990232989192009e-05 2.466441173964994960e-06 7.862092132882025908e-08 5.772276545634724698e-10 -4.030131436905115550e-11 6.007582697975522024e-08 4.166726739640580490e-06 1.690309873083606362e-04 4.039842169731855392e-03 5.688938125967979431e-02 4.720220267772674561e-01 2.307599067687988281e+00 6.647008895874023438e+00 1.128131198883056641e+01 1.128131198883056641e+01 6.647017002105712891e+00 2.307602643966674805e+00 4.720219969749450684e-01 5.688931047916412354e-02 4.039859864860773087e-03 1.690312346909195185e-04 4.166518920101225376e-06 6.006060715435523889e-08 1.430145335490351499e-09 7.876040086784996674e-08 2.466266778355930001e-06 4.527026612777262926e-05 4.891613498330116272e-04 3.116532461717724800e-03 1.169096305966377258e-02 2.585859782993793488e-02 3.367577865719795227e-02
2.562611177563667297e-02 1.158587448298931122e-02 3.088525030761957169e-03 4.847655654884874821e-04 4.486288889893330634e-05 2.444304755044868216e-06 7.798345791343308520e-08 5.963381455309502144e-10 1.478439072555293166e-11 5.996739105285087135e-08 4.160665866947965696e-06 1.687862531980499625e-04 4.033992532640695572e-03 5.680699646472930908e-02 4.713385701179504395e-01 2.304256916046142578e+00 6.637381076812744141e+00 1.126497745513916016e+01 1.126497745513916016e+01 6.637388229370117188e+00 2.304260969161987305e+00 4.713385701179504395e-01 5.680693313479423523e-02 4.034010693430900574e-03 1.687864132691174746e-04 4.160507160122506320e-06 5.997399910029344028e-08 1.441254449119355741e-09 7.807958724015406915e-08 2.444115807520574890e-06 4.486326361075043678e-05 4.847630916628986597e-04 3.088511759415268898e-03 1.158584281802177429e-02 2.562608011066913605e-02 3.337293490767478943e-02
2.540138922631740570e-02 1.148428395390510559e-02 3.061441006138920784e-03 4.805145727004855871e-04 4.446951061254367232e-05 2.422811576252570376e-06 7.732447215857973788e-08 5.286840409901572002e-10 -1.014401063148540061e-11 5.993600638021234772e-08 4.155281203566119075e-06 1.685660827206447721e-04 4.028730094432830811e-03 5.673288926482200623e-02 4.707233607769012451e-01 2.301250219345092773e+00 6.628719329833984375e+00 1.125026702880859375e+01 1.125026702880859375e+01 6.628730297088623047e+00 2.301254510879516602e+00 4.707233309745788574e-01 5.673282966017723083e-02 4.028747323900461197e-03 1.685661263763904572e-04 4.155083388468483463e-06 5.987077145164221292e-08 1.434534824262811981e-09 7.734038831586076412e-08 2.422669012958067469e-06 4.446983439265750349e-05 4.805122152902185917e-04 3.061427734792232513e-03 1.148425508290529251e-02 2.540135569870471954e-02 3.308030962944030762e-02
2.519430592656135559e-02 1.139065623283386230e-02 3.036480862647294998e-03 4.765971098095178604e-04 4.410703695612028241e-05 2.403092366876080632e-06 7.673011737097112928e-08 5.464396157783824037e-10 -9.880750384549941145e-11 5.980851369713491295e-08 4.150366294197738171e-06 1.683678128756582737e-04 4.023987799882888794e-03 5.666615068912506104e-02 4.701697528362274170e-01 2.298543691635131836e+00 6.620925426483154297e+00 1.123704242706298828e+01 1.123704242706298828e+01 6.620933532714843750e+00 2.298547983169555664e+00 4.701696932315826416e-01 5.666607990860939026e-02 4.024006426334381104e-03 1.683679583948105574e-04 4.150190306972945109e-06 5.977941697210553684e-08 1.380876635259653540e-09 7.661550682769302512e-08 2.402898871878278442e-06 4.410728070070035756e-05 4.765950143337249756e-04 3.036467358469963074e-03 1.139062736183404922e-02 2.519427798688411713e-02 3.281061723828315735e-02
2.500968798995018005e-02 1.130718830972909927e-02 3.014232032001018524e-03 4.731045628432184458e-04 4.378376615932211280e-05 2.385481366218300536e-06 7.613959951413562521e-08 5.996724783408069470e-10 -1.206555827470978670e-10 5.972679417709514382e-08 4.146068931731861085e-06 1.681892463238909841e-04 4.019722342491149902e-03 5.660606920719146729e-02 4.696712493896484375e-01 2.296107292175292969e+00 6.613904953002929688e+00 1.122512817382812500e+01 1.122512817382812500e+01 6.613914012908935547e+00 2.296111822128295898e+00 4.696712493896484375e-01 5.660600587725639343e-02 4.019738640636205673e-03 1.681895810179412365e-04 4.145852471992839128e-06 5.969226180013720295e-08 1.431768814619260866e-09 7.605915186559286667e-08 2.385330390097806230e-06 4.378400990390218794e-05 4.731023800559341908e-04 3.014218294993042946e-03 1.130715757608413696e-02 2.500966563820838928e-02 3.257017955183982849e-02
2.484203130006790161e-02 1.123138610273599625e-02 2.994024660438299179e-03 4.699331184383481741e-04 4.349028677097521722e-05 2.369540652580326423e-06 7.564166537576966221e-08 6.558604770390275007e-10 -1.568757346248617068e-10 5.971946137606209959e-08 4.142162651987746358e-06 1.680286222836002707e-04 4.015882499516010284e-03 5.655200034379959106e-02 4.692228436470031738e-01 2.293913841247558594e+00 6.607587337493896484e+00 1.121441364288330078e+01 1.121441364288330078e+01 6.607596397399902344e+00 2.293917894363403320e+00 4.692228436470031738e-01 5.655194073915481567e-02 4.015901125967502594e-03 1.680289715295657516e-04 4.141857516515301540e-06 5.965620175629737787e-08 1.481549216642008560e-09 7.551546588047131081e-08 2.369355115661164746e-06 4.349046139395795763e-05 4.699306737165898085e-04 2.994011621922254562e-03 1.123135630041360855e-02 2.484200522303581238e-02 3.235184773802757263e-02
2.469674311578273773e-02 1.116570085287094116e-02 2.976516960188746452e-03 4.671849019359797239e-04 4.323601024225354195e-05 2.355701326450798661e-06 7.519802380784312845e-08 6.991865419969656159e-10 -1.563600499077111294e-10 5.964657390222782851e-08 4.138621079619042575e-06 1.678840635577216744e-04 4.012429621070623398e-03 5.650339648127555847e-02 4.688192307949066162e-01 2.291942596435546875e+00 6.601903438568115234e+00 1.120476531982421875e+01 1.120476341247558594e+01 6.601913452148437500e+00 2.291946887969970703e+00 4.688192009925842285e-01 5.650333687663078308e-02 4.012447316199541092e-03 1.678843400441110134e-04 4.138310487178387120e-06 5.958223781021843024e-08 1.448439479467822366e-09 7.506444177352022962e-08 2.355475999138434418e-06 4.323621760704554617e-05 4.671828064601868391e-04 2.976503921672701836e-03 1.116567198187112808e-02 2.469671703875064850e-02 3.216265514492988586e-02
2.458639629185199738e-02 1.111581083387136459e-02 2.963217440992593765e-03 4.650972259696573019e-04 4.304276080802083015e-05 2.345150733162881806e-06 7.479041386204698938e-08 6.667779106628302088e-10 -2.055663694822129628e-10 5.954802162477790262e-08 4.135434210184030235e-06 1.677540130913257599e-04 4.009319003671407700e-03 5.645961686968803406e-02 4.684563279151916504e-01 2.290168762207031250e+00 6.596792221069335938e+00 1.119608974456787109e+01 1.119608974456787109e+01 6.596802711486816406e+00 2.290172815322875977e+00 4.684562683105468750e-01 5.645956471562385559e-02 4.009338095784187317e-03 1.677544059930369258e-04 4.135091785428812727e-06 5.949033266006154008e-08 1.405331739867676788e-09 7.471087570820600376e-08 2.344885615457314998e-06 4.304308458813466132e-05 4.650952469091862440e-04 2.963203703984618187e-03 1.111577823758125305e-02 2.458636835217475891e-02 3.201895579695701599e-02
2.451837807893753052e-02 1.108505856245756149e-02 2.955018542706966400e-03 4.638107493519783020e-04 4.292374069336801767e-05 2.338641024834942073e-06 7.459685491539858049e-08 7.079769548390402178e-10 -2.167385160234402974e-10 5.955851634098507930e-08 4.132570211368147284e-06 1.676370156928896904e-04 4.006526898592710495e-03 5.642019584774971008e-02 4.681292176246643066e-01 2.288568735122680664e+00 6.592185020446777344e+00 1.118827342987060547e+01 1.118827342987060547e+01 6.592194080352783203e+00 2.288573026657104492e+00 4.681291878223419189e-01 5.642012134194374084e-02 4.006544128060340881e-03 1.676372194197028875e-04 4.132250069233123213e-06 5.949145887029771984e-08 1.462171161925596152e-09 7.448909400409320369e-08 2.338429567316779867e-06 4.292400990379974246e-05 4.638083337340503931e-04 2.955004107207059860e-03 1.108503434807062149e-02 2.451835386455059052e-02 3.193035349249839783e-02
2.449231781065464020e-02 1.107327733188867569e-02 2.951879054307937622e-03 4.633178177755326033e-04 4.287805131752975285e-05 2.336190391361014917e-06 7.448478811511449749e-08 7.336737328778042411e-10 -2.102365503908742994e-10 5.953486947873898316e-08 4.129989974899217486e-06 1.675315870670601726e-04 4.004002548754215240e-03 5.638476833701133728e-02 4.678351283073425293e-01 2.287127971649169922e+00 6.588045597076416016e+00 1.118124485015869141e+01 1.118124389648437500e+01 6.588053226470947266e+00 2.287132024765014648e+00 4.678350687026977539e-01 5.638469383120536804e-02 4.004021175205707550e-03 1.675318344496190548e-04 4.129656645091017708e-06 5.940863445630384376e-08 1.459219300947722786e-09 7.442096006116116769e-08 2.335991894142352976e-06 4.287834963179193437e-05 4.633156931959092617e-04 2.951866481453180313e-03 1.107324752956628799e-02 2.449229545891284943e-02 3.189641982316970825e-02
2.450563944876194000e-02 1.107930578291416168e-02 2.953482558950781822e-03 4.635697405319660902e-04 4.290134165785275400e-05 2.337410933250794187e-06 7.446958250056923134e-08 6.295203247574931993e-10 -2.126630954668584650e-10 5.957987880833570671e-08 4.127668489672942087e-06 1.674367376836016774e-04 4.001736640930175781e-03 5.635284259915351868e-02 4.675700664520263672e-01 2.285834550857543945e+00 6.584315299987792969e+00 1.117490768432617188e+01 1.117490768432617188e+01 6.584324359893798828e+00 2.285838365554809570e+00 4.675700366497039795e-01 5.635278299450874329e-02 4.001756198704242706e-03 1.674369414104148746e-04 4.127338797843549401e-06 5.943889291870618763e-08 1.496033519288175739e-09 7.445456162713526282e-08 2.337164232812938280e-06 4.290163997211493552e-05 4.635676741600036621e-04 2.953469054773449898e-03 1.107927318662405014e-02 2.450561150908470154e-02 3.191376850008964539e-02
2.454729750752449036e-02 1.109813526272773743e-02 2.958503551781177521e-03 4.643577267415821552e-04 4.297419945942237973e-05 2.341359277124865912e-06 7.455050621274494915e-08 6.454700107738631232e-10 -2.893529027492292016e-10 5.952106718609684322e-08 4.125451141590019688e-06 1.673515798756852746e-04 3.999698441475629807e-03 5.632409080862998962e-02 4.673314988613128662e-01 2.284669637680053711e+00 6.580958843231201172e+00 1.116920852661132812e+01 1.116920852661132812e+01 6.580966472625732422e+00 2.284674406051635742e+00 4.673314392566680908e-01 5.632403120398521423e-02 3.999717067927122116e-03 1.673518127063289285e-04 4.125166469748364761e-06 5.938330716048767499e-08 1.438104191286981859e-09 7.446617189543758286e-08 2.341099616387509741e-06 4.297449777368456125e-05 4.643553693313151598e-04 2.958490513265132904e-03 1.109810639172792435e-02 2.454727329313755035e-02 3.196803852915763855e-02
2.460739761590957642e-02 1.112530753016471863e-02 2.965746680274605751e-03 4.654945223592221737e-04 4.307948256609961390e-05 2.347145937164896168e-06 7.482766761768289143e-08 6.318859324672132516e-10 -2.673114785078922750e-10 5.953426551741358708e-08 4.123462076677242294e-06 1.672747312113642693e-04 3.997860476374626160e-03 5.629824846982955933e-02 4.671170711517333984e-01 2.283620595932006836e+00 6.577933311462402344e+00 1.116408729553222656e+01 1.116408729553222656e+01 6.577943325042724609e+00 2.283624649047851562e+00 4.671170413494110107e-01 5.629818886518478394e-02 3.997877240180969238e-03 1.672749640420079231e-04 4.123280177736887708e-06 5.937312863579791156e-08 1.521235248880259405e-09 7.470361396144653554e-08 2.346931296415277757e-06 4.307981726014986634e-05 4.654924268834292889e-04 2.965733176097273827e-03 1.112527959048748016e-02 2.460737153887748718e-02 3.204628825187683105e-02
2.467317506670951843e-02 1.115504093468189240e-02 2.973674098029732704e-03 4.667388566303998232e-04 4.319464278523810208e-05 2.353368245167075656e-06 7.504750243469970883e-08 7.407320312680099050e-10 -2.060814574544878042e-10 5.954619197723332036e-08 4.121724487049505115e-06 1.672055368544533849e-04 3.996212966740131378e-03 5.627495795488357544e-02 4.669242501258850098e-01 2.282674551010131836e+00 6.575214862823486328e+00 1.115946483612060547e+01 1.115946483612060547e+01 6.575223445892333984e+00 2.282678127288818359e+00 4.669242203235626221e-01 5.627490580081939697e-02 3.996230196207761765e-03 1.672056532697752118e-04 4.121561232750536874e-06 5.932089663929218659e-08 1.557177831124079148e-09 7.492077003234953736e-08 2.353165882595931180e-06 4.319496656535193324e-05 4.667367029469460249e-04 2.973661059513688087e-03 1.115501299500465393e-02 2.467314340174198151e-02 3.213195875287055969e-02
2.473201602697372437e-02 1.118164788931608200e-02 2.980765653774142265e-03 4.678518453147262335e-04 4.329769581090658903e-05 2.359027803322533146e-06 7.533655832503427519e-08 8.200674583846989663e-10 -2.668726073462579507e-10 5.949067727328838373e-08 4.120157882425701246e-06 1.671435311436653137e-04 3.994723316282033920e-03 5.625405535101890564e-02 4.667503833770751953e-01 2.281824827194213867e+00 6.572766780853271484e+00 1.115531635284423828e+01 1.115531635284423828e+01 6.572774410247802734e+00 2.281829118728637695e+00 4.667503535747528076e-01 5.625399202108383179e-02 3.994741477072238922e-03 1.671435456955805421e-04 4.120001449336996302e-06 5.930095170469940058e-08 1.611706990090056024e-09 7.507441779353030142e-08 2.358820665904204361e-06 4.329805597080849111e-05 4.678498080465942621e-04 2.980751218274235725e-03 1.118161901831626892e-02 2.473198249936103821e-02 3.220857307314872742e-02
2.478524856269359589e-02 1.120571605861186981e-02 2.987183863297104836e-03 4.688591288868337870e-04 4.339094448368996382e-05 2.364053671044530347e-06 7.548661073997209314e-08 8.045450972105072651e-10 -2.056868703137482157e-10 5.950699488721511443e-08 4.118696324439952150e-06 1.670874335104599595e-04 3.993383143097162247e-03 5.623518675565719604e-02 4.665938317775726318e-01 2.281061172485351562e+00 6.570569038391113281e+00 1.115158367156982422e+01 1.115158367156982422e+01 6.570579051971435547e+00 2.281065702438354492e+00 4.665938317775726318e-01 5.623512342572212219e-02 3.993401769548654556e-03 1.670875062700361013e-04 4.118604465475073084e-06 5.929949864480477117e-08 1.527893256358936469e-09 7.524632650302010006e-08 2.363903149671386927e-06 4.339118095231242478e-05 4.688568878918886185e-04 2.987169660627841949e-03 1.120568439364433289e-02 2.478522062301635742e-02 3.227791562676429749e-02
2.484217286109924316e-02 1.123144943267107010e-02 2.994042588397860527e-03 4.699359415099024773e-04 4.349059963715262711e-05 2.369621142861433327e-06 7.559147263691556873e-08 6.912340144715756196e-10 -2.416822575401766926e-10 5.945540593188525236e-08 4.117512162338243797e-06 1.670370693318545818e-04 3.992177080363035202e-03 5.621825903654098511e-02 4.664531648159027100e-01 2.280374050140380859e+00 6.568587779998779297e+00 1.114822101593017578e+01 1.114822101593017578e+01 6.568597316741943359e+00 2.280378341674804688e+00 4.664531052112579346e-01 5.621818080544471741e-02 3.992196638137102127e-03 1.670370547799393535e-04 4.117413482163101435e-06 5.929888047262465989e-08 1.441529118295648004e-09 7.536774404570678598e-08 2.369426510995253921e-06 4.349084338173270226e-05 4.699339333456009626e-04 2.994029084220528603e-03 1.123141963034868240e-02 2.484214678406715393e-02 3.235203400254249573e-02
2.490723505616188049e-02 1.126086805015802383e-02 3.001883858814835548e-03 4.711665678769350052e-04 4.360449747764505446e-05 2.375888470851350576e-06 7.573705573804545566e-08 6.596213020237939872e-10 -2.161289897051332787e-10 5.934276714469888248e-08 4.116365289519308135e-06 1.669917837716639042e-04 3.991095349192619324e-03 5.620296671986579895e-02 4.663263261318206787e-01 2.279754638671875000e+00 6.566801071166992188e+00 1.114519119262695312e+01 1.114519119262695312e+01 6.566811561584472656e+00 2.279758214950561523e+00 4.663262963294982910e-01 5.620289593935012817e-02 3.991113509982824326e-03 1.669917546678334475e-04 4.116305717616342008e-06 5.927181234710587887e-08 1.331579402297222714e-09 7.558011105857076473e-08 2.375657231823424809e-06 4.360477760201320052e-05 4.711647052317857742e-04 3.001870587468147278e-03 1.126083545386791229e-02 2.490720339119434357e-02 3.243675827980041504e-02
2.498057484626770020e-02 1.129402313381433487e-02 3.010724671185016632e-03 4.725541220977902412e-04 4.373288538772612810e-05 2.382857019256334752e-06 7.593268946948228404e-08 6.984313682956155844e-10 -2.428015011268769285e-10 5.930753843585989671e-08 4.115346655453322455e-06 1.669509802013635635e-04 3.990119323134422302e-03 5.618923157453536987e-02 4.662126898765563965e-01 2.279197454452514648e+00 6.565198421478271484e+00 1.114246368408203125e+01 1.114246273040771484e+01 6.565205574035644531e+00 2.279201269149780273e+00 4.662126600742340088e-01 5.618915334343910217e-02 3.990137018263339996e-03 1.669511111686006188e-04 4.115278898098040372e-06 5.924421486724895658e-08 1.369218627367274621e-09 7.579353678011102602e-08 2.382628508712514304e-06 4.373311458039097488e-05 4.725520557258278131e-04 3.010711167007684708e-03 1.129399333149194717e-02 2.498054690659046173e-02 3.253229707479476929e-02
2.505857869982719421e-02 1.132928766310214996e-02 3.020125674083828926e-03 4.740295989904552698e-04 4.386941145639866590e-05 2.390278496022801846e-06 7.622968212217529071e-08 7.178383443218194770e-10 -2.336938420555156881e-10 5.927599389110582706e-08 4.114424882573075593e-06 1.669139892328530550e-04 3.989238757640123367e-03 5.617685988545417786e-02 4.661098122596740723e-01 2.278695106506347656e+00 6.563752174377441406e+00 1.114000988006591797e+01 1.114000988006591797e+01 6.563761234283447266e+00 2.278699159622192383e+00 4.661097824573516846e-01 5.617680773138999939e-02 3.989256452769041061e-03 1.669141638558357954e-04 4.114363946428056806e-06 5.925024737507555983e-08 1.396894933058945298e-09 7.602589136013193638e-08 2.390074996583280154e-06 4.386972068459726870e-05 4.740276490338146687e-04 3.020111238583922386e-03 1.132925972342491150e-02 2.505854703485965729e-02 3.263385221362113953e-02
2.513414435088634491e-02 1.136345230042934418e-02 3.029232146218419075e-03 4.754590045195072889e-04 4.400165926199406385e-05 2.397481466687167995e-06 7.643472343943358283e-08 6.908095762092614223e-10 -3.165590289899711252e-10 5.924752244368391985e-08 4.113660907023586333e-06 1.668810291448608041e-04 3.988451790064573288e-03 5.616569891571998596e-02 4.660174250602722168e-01 2.278244495391845703e+00 6.562450408935546875e+00 1.113780021667480469e+01 1.113780021667480469e+01 6.562458992004394531e+00 2.278248548507690430e+00 4.660174250602722168e-01 5.616563931107521057e-02 3.988469019532203674e-03 1.668813201831653714e-04 4.113502200198126957e-06 5.921267387520856573e-08 1.330009435918100280e-09 7.619481579013154260e-08 2.397265461695496924e-06 4.400201214593835175e-05 4.754569672513753176e-04 3.029218176379799843e-03 1.136342063546180725e-02 2.513411827385425568e-02 3.273226320743560791e-02
2.519937977194786072e-02 1.139294821768999100e-02 3.037093672901391983e-03 4.766931815538555384e-04 4.411588452057912946e-05 2.403764028713339940e-06 7.678122670995435328e-08 8.786165128782386091e-10 -3.331886988533483418e-10 5.928806245947271236e-08 4.113041995879029855e-06 1.668513141339644790e-04 3.987736534327268600e-03 5.615568533539772034e-02 4.659342467784881592e-01 2.277837276458740234e+00 6.561279773712158203e+00 1.113581085205078125e+01 1.113581085205078125e+01 6.561287879943847656e+00 2.277842044830322266e+00 4.659342169761657715e-01 5.615562200546264648e-02 3.987754695117473602e-03 1.668514014454558492e-04 4.112795977562200278e-06 5.924063728457440448e-08 1.339881428030764710e-09 7.639921051350029302e-08 2.403508460702141747e-06 4.411629197420552373e-05 4.766910569742321968e-04 3.037079703062772751e-03 1.139291841536760330e-02 2.519936300814151764e-02 3.281723707914352417e-02
2.524788863956928253e-02 1.141488086432218552e-02 3.042940981686115265e-03 4.776109126396477222e-04 4.420090772327966988e-05 2.408376076346030459e-06 7.687552283641707618e-08 8.344745450195034664e-10 -2.488143857615199295e-10 5.932461633051389072e-08 4.112408078071894124e-06 1.668245677137747407e-04 3.987094387412071228e-03 5.614667385816574097e-02 4.658596217632293701e-01 2.277472496032714844e+00 6.560224533081054688e+00 1.113403129577636719e+01 1.113403129577636719e+01 6.560232162475585938e+00 2.277477264404296875e+00 4.658595919609069824e-01 5.614662170410156250e-02 3.987113945186138153e-03 1.668246695771813393e-04 4.112102487852098420e-06 5.926038326720117766e-08 1.405389693509562221e-09 7.659481582322769100e-08 2.408150294286315329e-06 4.420120239956304431e-05 4.776088171638548374e-04 3.042926546186208725e-03 1.141484826803207397e-02 2.524785883724689484e-02 3.288041055202484131e-02
2.527844719588756561e-02 1.142870262265205383e-02 3.046625526621937752e-03 4.781892639584839344e-04 4.425440056365914643e-05 2.411332616247818805e-06 7.684365499471823568e-08 7.212748731610929553e-10 -2.639402307824667560e-10 5.922503376609711268e-08 4.111718226340599358e-06 1.668004115344956517e-04 3.986518364399671555e-03 5.613856390118598938e-02 4.657922387123107910e-01 2.277141571044921875e+00 6.559280872344970703e+00 1.113242435455322266e+01 1.113242435455322266e+01 6.559289932250976562e+00 2.277146577835083008e+00 4.657922089099884033e-01 5.613849312067031860e-02 3.986536059528589249e-03 1.668004115344956517e-04 4.111389444005908445e-06 5.913253886546954163e-08 1.331456500608396709e-09 7.673360613580371137e-08 2.411066134300199337e-06 4.425464430823922157e-05 4.781870811711996794e-04 3.046610625460743904e-03 1.142867095768451691e-02 2.527842484414577484e-02 3.292021155357360840e-02
2.528771571815013885e-02 1.143288984894752502e-02 3.047740785405039787e-03 4.783641197718679905e-04 4.427057501743547618e-05 2.412155254205572419e-06 7.688523595561491675e-08 5.190194940496439813e-10 -2.858318859377817489e-10 5.910233369377237977e-08 4.111095222469884902e-06 1.667786709731444716e-04 3.986004739999771118e-03 5.613128095865249634e-02 4.657319188117980957e-01 2.276846408843994141e+00 6.558423995971679688e+00 1.113096904754638672e+01 1.113096904754638672e+01 6.558433055877685547e+00 2.276850700378417969e+00 4.657318592071533203e-01 5.613122507929801941e-02 3.986024763435125351e-03 1.667787000769749284e-04 4.110820555069949478e-06 5.901078736769704847e-08 1.281770356520439691e-09 7.670803370274370536e-08 2.411828290860285051e-06 4.427086605574004352e-05 4.783621989190578461e-04 3.047727281227707863e-03 1.143285725265741348e-02 2.528768777847290039e-02 3.293226659297943115e-02
2.527466043829917908e-02 1.142697967588901520e-02 3.046168014407157898e-03 4.781170864589512348e-04 4.424775033839978278e-05 2.410886736470274627e-06 7.682238845063693589e-08 5.211849840591753491e-10 -2.393068243566887077e-10 5.912436762400830048e-08 4.110600002604769543e-06 1.667592005105689168e-04 3.985537681728601456e-03 5.612469837069511414e-02 4.656772911548614502e-01 2.276580095291137695e+00 6.557658672332763672e+00 1.112967967987060547e+01 1.112967967987060547e+01 6.557667732238769531e+00 2.276583671569824219e+00 4.656772613525390625e-01 5.612463876605033875e-02 3.985557239502668381e-03 1.667590986471623182e-04 4.110343525098869577e-06 5.897353716477482521e-08 1.290564988210007868e-09 7.674763935483497335e-08 2.410600927760242485e-06 4.424804865266196430e-05 4.781151656061410904e-04 3.046153346076607704e-03 1.142695266753435135e-02 2.527463808655738831e-02 3.291526809334754944e-02
2.524851635098457336e-02 1.141516398638486862e-02 3.043016185984015465e-03 4.776224668603390455e-04 4.420194818521849811e-05 2.408419732091715559e-06 7.677413549345146748e-08 5.821179094311901281e-10 -2.388265696318114806e-10 5.914414558105818287e-08 4.110086592845618725e-06 1.667417964199557900e-04 3.985114861279726028e-03 5.611879006028175354e-02 4.656281471252441406e-01 2.276340484619140625e+00 6.556969642639160156e+00 1.112849426269531250e+01 1.112849426269531250e+01 6.556978702545166016e+00 2.276344776153564453e+00 4.656281173229217529e-01 5.611873045563697815e-02 3.985133487731218338e-03 1.667415490373969078e-04 4.109951078135054559e-06 5.906195710281281208e-08 1.335140997760220216e-09 7.666750434509594925e-08 2.408103910056524910e-06 4.420217737788334489e-05 4.776204295922070742e-04 3.043002448976039886e-03 1.141513418406248093e-02 2.524848096072673798e-02 3.288121148943901062e-02
2.522337250411510468e-02 1.140379160642623901e-02 3.039985196664929390e-03 4.771467938553541899e-04 4.415789226186461747e-05 2.405976147201727144e-06 7.668856483178387862e-08 5.096758015632474326e-10 -1.638884028487552769e-10 5.919506662621643045e-08 4.109760993742384017e-06 1.667259348323568702e-04 3.984743263572454453e-03 5.611345916986465454e-02 4.655839502811431885e-01 2.276124238967895508e+00 6.556344509124755859e+00 1.112744712829589844e+01 1.112744712829589844e+01 6.556352138519287109e+00 2.276128292083740234e+00 4.655838906764984131e-01 5.611340329051017761e-02 3.984760958701372147e-03 1.667257456574589014e-04 4.109585461264941841e-06 5.909190292641142150e-08 1.263063875711623041e-09 7.662562495625024894e-08 2.405687837381265126e-06 4.415809598867781460e-05 4.771448147948831320e-04 3.039972390979528427e-03 1.140376087278127670e-02 2.522334456443786621e-02 3.284845873713493347e-02
2.522357366979122162e-02 1.140388846397399902e-02 3.040009178221225739e-03 4.771505773533135653e-04 4.415820149006322026e-05 2.406026624157675542e-06 7.676027991010414553e-08 6.183257239555928209e-10 -1.378362840531721645e-10 5.917474510397369158e-08 4.109394012630218640e-06 1.667115284362807870e-04 3.984401468187570572e-03 5.610866472125053406e-02 4.655444025993347168e-01 2.275931119918823242e+00 6.555788993835449219e+00 1.112648773193359375e+01 1.112648773193359375e+01 6.555795192718505859e+00 2.275936126708984375e+00 4.655443429946899414e-01 5.610859021544456482e-02 3.984419628977775574e-03 1.667115429881960154e-04 4.109242581762373447e-06 5.902613509078946663e-08 1.285850537158239604e-09 7.664220902370288968e-08 2.405753548373468220e-06 4.415840157889761031e-05 4.771485400851815939e-04 3.039995674043893814e-03 1.140385400503873825e-02 2.522354386746883392e-02 3.284874185919761658e-02
2.526451833546161652e-02 1.142239943146705627e-02 3.044944256544113159e-03 4.779251466970890760e-04 4.422996426001191139e-05 2.409906983302789740e-06 7.683463820740144001e-08 5.422632898266499524e-10 -1.640598906726964401e-10 5.915640954867740220e-08 4.108945176994893700e-06 1.666987955104559660e-04 3.984095063060522079e-03 5.610437691211700439e-02 4.655085802078247070e-01 2.275756359100341797e+00 6.555284023284912109e+00 1.112564373016357422e+01 1.112564373016357422e+01 6.555293083190917969e+00 2.275760650634765625e+00 4.655085504055023193e-01 5.610432848334312439e-02 3.984113223850727081e-03 1.666986936470493674e-04 4.108835128135979176e-06 5.897237187468817865e-08 1.317586928450964479e-09 7.674036339722078992e-08 2.409620947219082154e-06 4.423005884746089578e-05 4.779230221174657345e-04 3.044930519536137581e-03 1.142236962914466858e-02 2.526448853313922882e-02 3.290204331278800964e-02
2.535206824541091919e-02 1.146197784692049026e-02 3.055497305467724800e-03 4.795812419615685940e-04 4.438326868694275618e-05 2.418300937279127538e-06 7.721251193970601889e-08 6.414447306646309244e-10 -1.131549159927303094e-10 5.917297585256164894e-08 4.108791927137644961e-06 1.666872703935950994e-04 3.983815200626850128e-03 5.610051006078720093e-02 4.654763340950012207e-01 2.275600194931030273e+00 6.554832935333251953e+00 1.112486362457275391e+01 1.112486362457275391e+01 6.554840564727783203e+00 2.275604009628295898e+00 4.654762744903564453e-01 5.610043928027153015e-02 3.983832895755767822e-03 1.666871539782732725e-04 4.108529992663534358e-06 5.898971267015440390e-08 1.387838621802472971e-09 7.710871585686618346e-08 2.417952146060997620e-06 4.438329051481559873e-05 4.795792629010975361e-04 3.055482869967818260e-03 1.146194990724325180e-02 2.535204216837882996e-02 3.301606699824333191e-02
2.548033371567726135e-02 1.151997316628694534e-02 3.070954699069261551e-03 4.820078611373901367e-04 4.460785930859856308e-05 2.430592530799913220e-06 7.767091148025428993e-08 6.458554802080129775e-10 -1.170116920024000251e-10 5.902237631971729570e-08 4.108396751689724624e-06 1.666769530856981874e-04 3.983568400144577026e-03 5.609700456261634827e-02 4.654473364353179932e-01 2.275454998016357422e+00 6.554419994354248047e+00 1.112417125701904297e+01 1.112417125701904297e+01 6.554427146911621094e+00 2.275459766387939453e+00 4.654473364353179932e-01 5.609694123268127441e-02 3.983586095273494720e-03 1.666766183916479349e-04 4.108127541257999837e-06 5.897654276054709044e-08 1.288310902403111413e-09 7.754361774914286798e-08 2.430179392831632867e-06 4.460793570615351200e-05 4.820055910386145115e-04 3.070941194891929626e-03 1.151994243264198303e-02 2.548030950129032135e-02 3.318310528993606567e-02
2.563757263123989105e-02 1.159106474369764328e-02 3.089906647801399231e-03 4.849824472330510616e-04 4.488315971684642136e-05 2.445573500153841451e-06 7.809308755213351105e-08 7.512348521032663484e-10 -1.122039613998815355e-10 5.895295984714721271e-08 4.108298526261933148e-06 1.666674215812236071e-04 3.983347676694393158e-03 5.609383806586265564e-02 4.654211103916168213e-01 2.275329351425170898e+00 6.554056167602539062e+00 1.112355327606201172e+01 1.112355327606201172e+01 6.554065704345703125e+00 2.275333881378173828e+00 4.654211103916168213e-01 5.609377473592758179e-02 3.983365371823310852e-03 1.666673633735626936e-04 4.107891982130240649e-06 5.896752952594397357e-08 1.296749041479472453e-09 7.803503621062191087e-08 2.445193331368500367e-06 4.488328704610466957e-05 4.849800898227840662e-04 3.089893842115998268e-03 1.159103587269783020e-02 2.563754469156265259e-02 3.338789567351341248e-02
2.581889741122722626e-02 1.167303975671529770e-02 3.111760364845395088e-03 4.884123336523771286e-04 4.520064612734131515e-05 2.462911197653738782e-06 7.857591555193721433e-08 8.036498133634495389e-10 -1.658260334602701391e-10 5.892377075156218780e-08 4.108079792786156759e-06 1.666591124376282096e-04 3.983146045356988907e-03 5.609103664755821228e-02 4.653977155685424805e-01 2.275216341018676758e+00 6.553725719451904297e+00 1.112299633026123047e+01 1.112299633026123047e+01 6.553734779357910156e+00 2.275220394134521484e+00 4.653976559638977051e-01 5.609096959233283997e-02 3.983162343502044678e-03 1.666589814703911543e-04 4.107745553483255208e-06 5.891095256060907559e-08 1.389941051144205630e-09 7.855510375520680100e-08 2.462499878674861975e-06 4.520062793744727969e-05 4.884100635536015034e-04 3.111745696514844894e-03 1.167300902307033539e-02 2.581886202096939087e-02 3.362401947379112244e-02
2.600918151438236237e-02 1.175906788557767868e-02 3.134693717584013939e-03 4.920120118185877800e-04 4.553372491500340402e-05 2.481041747159906663e-06 7.922403000293343212e-08 8.042565502464071869e-10 -1.147446720972666867e-10 5.902980149130598875e-08 4.107958375243470073e-06 1.666515890974551439e-04 3.982963506132364273e-03 5.608847737312316895e-02 4.653767943382263184e-01 2.275110006332397461e+00 6.553426742553710938e+00 1.112249374389648438e+01 1.112249374389648438e+01 6.553435325622558594e+00 2.275114536285400391e+00 4.653767645359039307e-01 5.608841031789779663e-02 3.982983063906431198e-03 1.666513708187267184e-04 4.107597305846866220e-06 5.897310373370601155e-08 1.411883276958292299e-09 7.921639877395136864e-08 2.480650209690793417e-06 4.553386315819807351e-05 4.920095670968294144e-04 3.134679747745394707e-03 1.175903528928756714e-02 2.600915543735027313e-02 3.387181833386421204e-02
2.619609050452709198e-02 1.184357888996601105e-02 3.157221945002675056e-03 4.955479525960981846e-04 4.586096838465891778e-05 2.498880348866805434e-06 7.963695480839305674e-08 8.544735474735887237e-10 -1.349988315579864206e-10 5.899285682176014234e-08 4.107703716726973653e-06 1.666445605223998427e-04 3.982800059020519257e-03 5.608622729778289795e-02 4.653576910495758057e-01 2.275017738342285156e+00 6.553163051605224609e+00 1.112203121185302734e+01 1.112203121185302734e+01 6.553171634674072266e+00 2.275021791458129883e+00 4.653576910495758057e-01 5.608615279197692871e-02 3.982817288488149643e-03 1.666443858994171023e-04 4.107469067093916237e-06 5.894584020893489651e-08 1.377983283035177919e-09 7.979894434129164438e-08 2.498512458259938285e-06 4.586118666338734329e-05 4.955457407049834728e-04 3.157207276672124863e-03 1.184355188161134720e-02 2.619606815278530121e-02 3.411526232957839966e-02
2.635874599218368530e-02 1.191711518913507462e-02 3.176823491230607033e-03 4.986250423826277256e-04 4.614569479599595070e-05 2.514444759071920998e-06 8.021092412491270807e-08 7.899800258392986052e-10 -1.035571350893604858e-10 5.895952526202563604e-08 4.107610493520041928e-06 1.666384196141734719e-04 3.982655704021453857e-03 5.608412250876426697e-02 4.653406739234924316e-01 2.274935245513916016e+00 6.552922725677490234e+00 1.112162399291992188e+01 1.112162399291992188e+01 6.552930831909179688e+00 2.274939537048339844e+00 4.653406441211700439e-01 5.608407407999038696e-02 3.982674330472946167e-03 1.666384487180039287e-04 4.107305358047597110e-06 5.901614130721100082e-08 1.384883541177828192e-09 8.037102361413417384e-08 2.514051857360755093e-06 4.614594217855483294e-05 4.986221319995820522e-04 3.176809754222631454e-03 1.191708445549011230e-02 2.635871805250644684e-02 3.432707861065864563e-02
2.649596519768238068e-02 1.197915431112051010e-02 3.193362383171916008e-03 5.012206383980810642e-04 4.638592145056463778e-05 2.527456445022835396e-06 8.062293943567055976e-08 7.112389566188426215e-10 -1.414873634919544543e-10 5.892956167485863261e-08 4.107470886083319783e-06 1.666327734710648656e-04 3.982524853199720383e-03 5.608229339122772217e-02 4.653251171112060547e-01 2.274858951568603516e+00 6.552701473236083984e+00 1.112125587463378906e+01 1.112125587463378906e+01 6.552709579467773438e+00 2.274862527847290039e+00 4.653250873088836670e-01 5.608222261071205139e-02 3.982543479651212692e-03 1.666326425038278103e-04 4.107125732843996957e-06 5.897368282603565603e-08 1.394797499720823453e-09 8.075858204392716289e-08 2.527124706830363721e-06 4.638612153939902782e-05 5.012180772610008717e-04 3.193347249180078506e-03 1.197912264615297318e-02 2.649594284594058990e-02 3.450576961040496826e-02
2.661385573446750641e-02 1.203245110809803009e-02 3.207570407539606094e-03 5.034506903029978275e-04 4.659235128201544285e-05 2.538718490541214123e-06 8.096947112790076062e-08 5.368919753223622138e-10 -2.170162383130502803e-10 5.890264631602804002e-08 4.107340828340966254e-06 1.666277385083958507e-04 3.982403781265020370e-03 5.608059838414192200e-02 4.653111696243286133e-01 2.274790763854980469e+00 6.552502632141113281e+00 1.112092590332031250e+01 1.112092590332031250e+01 6.552510738372802734e+00 2.274794816970825195e+00 4.653111100196838379e-01 5.608052760362625122e-02 3.982423339039087296e-03 1.666277821641415358e-04 4.107010227016871795e-06 5.891564569537877105e-08 1.339871436023543083e-09 8.105428861426844378e-08 2.538321950851241127e-06 4.659255500882863998e-05 5.034477217122912407e-04 3.207555739209055901e-03 1.203242037445306778e-02 2.661382406949996948e-02 3.465929999947547913e-02
2.671324275434017181e-02 1.207738928496837616e-02 3.219549544155597687e-03 5.053309723734855652e-04 4.676635580835863948e-05 2.548246129663311876e-06 8.118301764170610113e-08 5.331311503375957273e-10 -1.939298721609361564e-10 5.894460386457467393e-08 4.107281256438000128e-06 1.666234020376577973e-04 3.982295282185077667e-03 5.607907846570014954e-02 4.652988016605377197e-01 2.274729967117309570e+00 6.552328109741210938e+00 1.112062454223632812e+01 1.112062454223632812e+01 6.552335262298583984e+00 2.274734020233154297e+00 4.652988016605377197e-01 5.607901513576507568e-02 3.982312977313995361e-03 1.666233147261664271e-04 4.106864707864588127e-06 5.892735543966409750e-08 1.377954972348049978e-09 8.129715212135124602e-08 2.547804342611925676e-06 4.676645039580762386e-05 5.053281201981008053e-04 3.219535807147622108e-03 1.207735855132341385e-02 2.671322040259838104e-02 3.478875383734703064e-02
2.679141610860824585e-02 1.211273018270730972e-02 3.228970803320407867e-03 5.068095633760094643e-04 4.690318019129335880e-05 2.555658284109085798e-06 8.138791685041724122e-08 5.183632412197880512e-10 -1.400382310112746609e-10 5.901546629161202873e-08 4.107229415239999071e-06 1.666193129494786263e-04 3.982205409556627274e-03 5.607770010828971863e-02 4.652874171733856201e-01 2.274674415588378906e+00 6.552168369293212891e+00 1.112035751342773438e+01 1.112035751342773438e+01 6.552174568176269531e+00 2.274678230285644531e+00 4.652873575687408447e-01 5.607764050364494324e-02 3.982224036008119583e-03 1.666192110860720277e-04 4.106827418581815436e-06 5.892354693060042337e-08 1.347786660055305674e-09 8.158153264048451092e-08 2.555258333813981153e-06 4.690334390033967793e-05 5.068071186542510986e-04 3.228957066312432289e-03 1.211270131170749664e-02 2.679139189422130585e-02 3.489055857062339783e-02
2.684188075363636017e-02 1.213553734123706818e-02 3.235052106902003288e-03 5.077641690149903297e-04 4.699143391917459667e-05 2.560521807026816532e-06 8.159516085015638964e-08 5.909606137777245749e-10 -1.825984363712507275e-10 5.901305755173780199e-08 4.107186668989015743e-06 1.666157331783324480e-04 3.982114605605602264e-03 5.607651174068450928e-02 4.652773439884185791e-01 2.274624347686767578e+00 6.552025794982910156e+00 1.112011146545410156e+01 1.112011146545410156e+01 6.552033901214599609e+00 2.274628639221191406e+00 4.652772843837738037e-01 5.607644841074943542e-02 3.982133232057094574e-03 1.666156749706715345e-04 4.106776941625867039e-06 5.896667687466106145e-08 1.342519984071088857e-09 8.166037446244445164e-08 2.560108441684860736e-06 4.699167766375467181e-05 5.077616078779101372e-04 3.235036507248878479e-03 1.213550753891468048e-02 2.684184722602367401e-02 3.495626151561737061e-02
2.685412392020225525e-02 1.214108429849147797e-02 3.236529184505343437e-03 5.079958355054259300e-04 4.701293437392450869e-05 2.561718929428025149e-06 8.160769482401519781e-08 4.627903615883610655e-10 -1.795108228730413202e-10 5.901086552739798208e-08 4.107145286980085075e-06 1.666123716859146953e-04 3.982037771493196487e-03 5.607540160417556763e-02 4.652684032917022705e-01 2.274580955505371094e+00 6.551899909973144531e+00 1.111989688873291016e+01 1.111989688873291016e+01 6.551908016204833984e+00 2.274585962295532227e+00 4.652683436870574951e-01 5.607533454895019531e-02 3.982055466622114182e-03 1.666123862378299236e-04 4.106660071556689218e-06 5.901306110445148079e-08 1.270225147287362688e-09 8.169767795607185690e-08 2.561292831160244532e-06 4.701310535892844200e-05 5.079932743683457375e-04 3.236514516174793243e-03 1.214104983955621719e-02 2.685409598052501678e-02 3.497221693396568298e-02
2.682300843298435211e-02 1.212700549513101578e-02 3.232776187360286713e-03 5.074070650152862072e-04 4.695848838309757411e-05 2.558725327617139556e-06 8.148063557200657669e-08 4.798913488812672767e-10 -1.932883575417321254e-10 5.897578958524718473e-08 4.106981577933765948e-06 1.666094758547842503e-04 3.981966990977525711e-03 5.607440695166587830e-02 4.652597308158874512e-01 2.274541854858398438e+00 6.551784515380859375e+00 1.111970233917236328e+01 1.111970233917236328e+01 6.551792144775390625e+00 2.274545669555664062e+00 4.652597308158874512e-01 5.607434362173080444e-02 3.981984220445156097e-03 1.666093448875471950e-04 4.106565484107704833e-06 5.903500621684543148e-08 1.269170435413968789e-09 8.162245279663693509e-08 2.558304458943894133e-06 4.695864481618627906e-05 5.074044456705451012e-04 3.232761286199092865e-03 1.212697383016347885e-02 2.682297490537166595e-02 3.493163734674453735e-02
2.674769796431064606e-02 1.209296658635139465e-02 3.223703475669026375e-03 5.059823743067681789e-04 4.682659346144646406e-05 2.551476427470333874e-06 8.125631012489975546e-08 5.004570646782724452e-10 -2.056883968704070753e-10 5.901051380874378083e-08 4.106892902200343087e-06 1.666069147177040577e-04 3.981903195381164551e-03 5.607355386018753052e-02 4.652528464794158936e-01 2.274503707885742188e+00 6.551678657531738281e+00 1.111952781677246094e+01 1.111952781677246094e+01 6.551686763763427734e+00 2.274507761001586914e+00 4.652528166770935059e-01 5.607348680496215820e-02 3.981920424848794937e-03 1.666066964389756322e-04 4.106521828362019733e-06 5.897199173432454700e-08 1.236729052500606940e-09 8.136831297633762006e-08 2.551127636252203956e-06 4.682684084400534630e-05 5.059802206233143806e-04 3.223689040169119835e-03 1.209293585270643234e-02 2.674767002463340759e-02 3.483359888195991516e-02
2.663092128932476044e-02 1.204016897827386856e-02 3.209627000615000725e-03 5.037733935751020908e-04 4.662223363993689418e-05 2.540335799494641833e-06 8.086522740313739632e-08 4.982691481636436492e-10 -1.671776883593878438e-10 5.904159650071960641e-08 4.106820597371552140e-06 1.666046155150979757e-04 3.981849178671836853e-03 5.607274919748306274e-02 4.652459323406219482e-01 2.274471998214721680e+00 6.551587104797363281e+00 1.111936092376708984e+01 1.111936092376708984e+01 6.551595211029052734e+00 2.274476289749145508e+00 4.652459025382995605e-01 5.607268586754798889e-02 3.981867339462041855e-03 1.666043535806238651e-04 4.106528194824932143e-06 5.896053067999673658e-08 1.281147299359020053e-09 8.103113913193737972e-08 2.539994966355152428e-06 4.662243009079247713e-05 5.037711234763264656e-04 3.209613030776381493e-03 1.204013824462890625e-02 2.663089893758296967e-02 3.468153625726699829e-02
2.647773362696170807e-02 1.197091583162546158e-02 3.191165858879685402e-03 5.008757580071687698e-04 4.635406730812974274e-05 2.525709305700729601e-06 8.040368015826970804e-08 5.407965186776664268e-10 -1.325183435207932803e-10 5.910284883725580585e-08 4.106816959392745048e-06 1.666025345912203193e-04 3.981796558946371078e-03 5.607201159000396729e-02 4.652400314807891846e-01 2.274443864822387695e+00 6.551500320434570312e+00 1.111921977996826172e+01 1.111921977996826172e+01 6.551507949829101562e+00 2.274448633193969727e+00 4.652400314807891846e-01 5.607194826006889343e-02 3.981815651059150696e-03 1.666022290010005236e-04 4.106456799490842968e-06 5.897384625086488086e-08 1.354969358935420587e-09 8.061071810061548604e-08 2.525388254071003757e-06 4.635430377675220370e-05 5.008731968700885773e-04 3.191151889041066170e-03 1.197088137269020081e-02 2.647770382463932037e-02 3.448203578591346741e-02
2.629900723695755005e-02 1.189010869711637497e-02 3.169625066220760345e-03 4.974947660230100155e-04 4.604122659657150507e-05 2.508661737010697834e-06 7.989208228309507831e-08 5.180190720821542527e-10 -1.509952857192686793e-10 5.915791945199089241e-08 4.106748292542761192e-06 1.666006282903254032e-04 3.981751389801502228e-03 5.607138946652412415e-02 4.652346074581146240e-01 2.274418354034423828e+00 6.551430225372314453e+00 1.111909580230712891e+01 1.111909580230712891e+01 6.551438331604003906e+00 2.274422883987426758e+00 4.652346074581146240e-01 5.607132613658905029e-02 3.981770481914281845e-03 1.666003227001056075e-04 4.106514552404405549e-06 5.902500177512592927e-08 1.450226272403654093e-09 8.003006968237968977e-08 2.508376610421692021e-06 4.604138666763901711e-05 4.974924959242343903e-04 3.169611096382141113e-03 1.189007703214883804e-02 2.629898302257061005e-02 3.424927592277526855e-02
2.609922550618648529e-02 1.179978251457214355e-02 3.145545953884720802e-03 4.937157500535249710e-04 4.569144584820605814e-05 2.489552343831746839e-06 7.923541289756030892e-08 4.809622144996694715e-10 -1.510675889937473926e-10 5.914125011940996046e-08 4.106695996597409248e-06 1.665988093009218574e-04 3.981711808592081070e-03 5.607079714536666870e-02 4.652300179004669189e-01 2.274394989013671875e+00 6.551364898681640625e+00 1.111897945404052734e+01 1.111897945404052734e+01 6.551372051239013672e+00 2.274399518966674805e+00 4.652299284934997559e-01 5.607073381543159485e-02 3.981730435043573380e-03 1.665985473664477468e-04 4.106495907763019204e-06 5.901029354049569520e-08 1.358999135447902518e-09 7.939630108921846841e-08 2.489248345227679238e-06 4.569156590150669217e-05 4.937131307087838650e-04 3.145532682538032532e-03 1.179975178092718124e-02 2.609919756650924683e-02 3.398910537362098694e-02
2.588337473571300507e-02 1.170220412313938141e-02 3.119532950222492218e-03 4.896325990557670593e-04 4.531356898951344192e-05 2.468980483172344975e-06 7.856605321876486414e-08 5.583347117976700247e-10 -1.676896260738303113e-10 5.909313927077164408e-08 4.106565029360353947e-06 1.665972376940771937e-04 3.981671761721372604e-03 5.607027560472488403e-02 4.652255475521087646e-01 2.274372816085815430e+00 6.551301479339599609e+00 1.111888027191162109e+01 1.111888027191162109e+01 6.551307678222656250e+00 2.274376153945922852e+00 4.652255177497863770e-01 5.607020854949951172e-02 3.981691319495439529e-03 1.665969466557726264e-04 4.106351752852788195e-06 5.894901278225006536e-08 1.401345595120062626e-09 7.872492346905346494e-08 2.468707862135488540e-06 4.531364902504719794e-05 4.896300379186868668e-04 3.119518747553229332e-03 1.170217525213956833e-02 2.588334865868091583e-02 3.370802477002143860e-02
2.565652504563331604e-02 1.159963663667440414e-02 3.092190483585000038e-03 4.853410646319389343e-04 4.491632716963067651e-05 2.447347014822298661e-06 7.784130673371691955e-08 5.255239021728641546e-10 -1.826493817302932143e-10 5.911610401199141052e-08 4.106520009372616187e-06 1.665957388468086720e-04 3.981641493737697601e-03 5.606980249285697937e-02 4.652217626571655273e-01 2.274355888366699219e+00 6.551245689392089844e+00 1.111878585815429688e+01 1.111878585815429688e+01 6.551254272460937500e+00 2.274359941482543945e+00 4.652217328548431396e-01 5.606973543763160706e-02 3.981660120189189911e-03 1.665955787757411599e-04 4.106291726202471182e-06 5.891141086067364085e-08 1.409296790377823072e-09 7.803870261113843299e-08 2.447124870741390623e-06 4.491645086091011763e-05 4.853387363255023956e-04 3.092176280915737152e-03 1.159960497170686722e-02 2.565649896860122681e-02 3.341258317232131958e-02
2.543097548186779022e-02 1.149766147136688232e-02 3.065007040277123451e-03 4.810740938410162926e-04 4.452144276001490653e-05 2.425818138362956233e-06 7.717304839616190293e-08 5.229004451656749097e-10 -1.547209999008813952e-10 5.913669554047373822e-08 4.106484539079247043e-06 1.665944000706076622e-04 3.981611691415309906e-03 5.606938526034355164e-02 4.652182757854461670e-01 2.274337291717529297e+00 6.551195621490478516e+00 1.111870288848876953e+01 1.111870288848876953e+01 6.551205158233642578e+00 2.274341344833374023e+00 4.652182161808013916e-01 5.606932938098907471e-02 3.981629852205514908e-03 1.665942691033706069e-04 4.106276719539891928e-06 5.891559595738726784e-08 1.405498384343673024e-09 7.733885354355152231e-08 2.425606226097443141e-06 4.452158100320957601e-05 4.810718819499015808e-04 3.064992371946573257e-03 1.149762980639934540e-02 2.543095685541629791e-02 3.311882913112640381e-02
2.522139437496662140e-02 1.140290405601263046e-02 3.039747476577758789e-03 4.771093954332172871e-04 4.415438525029458106e-05 2.405815621386864223e-06 7.656731781935377512e-08 6.074605263250987264e-10 -1.213070754957357167e-10 5.918838041907292791e-08 4.106454525754088536e-06 1.665933523327112198e-04 3.981580957770347595e-03 5.606901273131370544e-02 4.652150571346282959e-01 2.274320840835571289e+00 6.551150798797607422e+00 1.111862659454345703e+01 1.111862659454345703e+01 6.551158428192138672e+00 2.274325370788574219e+00 4.652150273323059082e-01 5.606895685195922852e-02 3.981599584221839905e-03 1.665932213654741645e-04 4.106300366402138025e-06 5.899651966956298565e-08 1.479080746769056987e-09 7.672395696545208921e-08 2.405652821835246868e-06 4.415452349348925054e-05 4.771068051923066378e-04 3.039734670892357826e-03 1.140286866575479507e-02 2.522137202322483063e-02 3.284587338566780090e-02
2.503059804439544678e-02 1.131664682179689407e-02 3.016753355041146278e-03 4.735003749374300241e-04 4.382040060590952635e-05 2.387550239291158505e-06 7.597006401738326531e-08 5.242070111322050252e-10 -1.988542802644488461e-10 5.913555511938284326e-08 4.106354481336893514e-06 1.665922754909843206e-04 3.981560468673706055e-03 5.606867745518684387e-02 4.652122557163238525e-01 2.274308681488037109e+00 6.551111698150634766e+00 1.111856555938720703e+01 1.111856555938720703e+01 6.551121234893798828e+00 2.274312734603881836e+00 4.652121961116790771e-01 5.606861039996147156e-02 3.981579095125198364e-03 1.665922027314081788e-04 4.106265805603470653e-06 5.894128918271235307e-08 1.376625258231456428e-09 7.605162721802116721e-08 2.387416316196322441e-06 4.382053157314658165e-05 4.734980175271630287e-04 3.016740316525101662e-03 1.131661701947450638e-02 2.503057196736335754e-02 3.259741514921188354e-02
2.485967613756656647e-02 1.123937405645847321e-02 2.996153431013226509e-03 4.702674050349742174e-04 4.352111864136531949e-05 2.371225491515360773e-06 7.545142466369725298e-08 5.496541555238820820e-10 -2.520898489954959132e-10 5.915426015690172790e-08 4.106264441361417994e-06 1.665912132011726499e-04 3.981539513915777206e-03 5.606835708022117615e-02 4.652096629142761230e-01 2.274295806884765625e+00 6.551075935363769531e+00 1.111849880218505859e+01 1.111849880218505859e+01 6.551083564758300781e+00 2.274299860000610352e+00 4.652096331119537354e-01 5.606830120086669922e-02 3.981556743383407593e-03 1.665912277530878782e-04 4.106275355297839269e-06 5.887608622856532747e-08 1.310716313263071697e-09 7.544362290445860708e-08 2.371079062868375331e-06 4.352127871243283153e-05 4.702649894170463085e-04 2.996140159666538239e-03 1.123934239149093628e-02 2.485964633524417877e-02 3.237484395503997803e-02
2.471972070634365082e-02 1.117609441280364990e-02 2.979286247864365578e-03 4.676198004744946957e-04 4.327620627009309828e-05 2.357922312512528151e-06 7.498547205386785208e-08 5.052941398631105585e-10 -2.254958997305323010e-10 5.913792833212028199e-08 4.106319011043524370e-06 1.665904128458350897e-04 3.981516696512699127e-03 5.606810748577117920e-02 4.652074277400970459e-01 2.274285793304443359e+00 6.551044940948486328e+00 1.111844348907470703e+01 1.111844348907470703e+01 6.551054000854492188e+00 2.274289608001708984e+00 4.652073979377746582e-01 5.606804415583610535e-02 3.981534857302904129e-03 1.665905729169026017e-04 4.106269443582277745e-06 5.887639531465538312e-08 1.351609602018299938e-09 7.508354116225746111e-08 2.357755420234752819e-06 4.327626447775401175e-05 4.676173266489058733e-04 2.979272743687033653e-03 1.117606461048126221e-02 2.471969649195671082e-02 3.219256922602653503e-02
2.461028657853603363e-02 1.112661603838205338e-02 2.966096624732017517e-03 4.655495868064463139e-04 4.308466304792091250e-05 2.347526333323912695e-06 7.478072205913122161e-08 4.964138544671925501e-10 -2.429532131031919562e-10 5.912325562462683592e-08 4.106302185391541570e-06 1.665898307692259550e-04 3.981501329690217972e-03 5.606784671545028687e-02 4.652051925659179688e-01 2.274274587631225586e+00 6.551012516021728516e+00 1.111839962005615234e+01 1.111839962005615234e+01 6.551021575927734375e+00 2.274278163909912109e+00 4.652051329612731934e-01 5.606779083609580994e-02 3.981520887464284897e-03 1.665897871134802699e-04 4.106201231479644775e-06 5.893338439477702195e-08 1.339770183683697269e-09 7.476158003782984451e-08 2.347341705899452791e-06 4.308468851377256215e-05 4.655467928387224674e-04 2.966083353385329247e-03 1.112658809870481491e-02 2.461025491356849670e-02 3.205003216862678528e-02
2.452222444117069244e-02 1.108680292963981628e-02 2.955482807010412216e-03 4.638839163817465305e-04 4.293052552384324372e-05 2.339166258025215939e-06 7.459942708010203205e-08 6.146680942009652426e-10 -2.503868501424477699e-10 5.920941248405142687e-08 4.106351298105437309e-06 1.665891613811254501e-04 3.981485031545162201e-03 5.606761947274208069e-02 4.652034342288970947e-01 2.274265527725219727e+00 6.550986766815185547e+00 1.111834716796875000e+01 1.111834621429443359e+01 6.550997257232666016e+00 2.274270296096801758e+00 4.652034342288970947e-01 5.606755241751670837e-02 3.981503657996654510e-03 1.665890740696340799e-04 4.106204414711100981e-06 5.898089838751729985e-08 1.383659187226271570e-09 7.445630245683787507e-08 2.338980266358703375e-06 4.293054007575847208e-05 4.638811224140226841e-04 2.955469768494367599e-03 1.108677964657545090e-02 2.452219650149345398e-02 3.193536400794982910e-02
2.444560453295707703e-02 1.105215866118669510e-02 2.946247812360525131e-03 4.624344874173402786e-04 4.279638233128935099e-05 2.331771611352451146e-06 7.425583703479787800e-08 5.575977457539238458e-10 -3.812539173253526315e-10 5.912138334451810806e-08 4.106397682335227728e-06 1.665884628891944885e-04 3.981468267738819122e-03 5.606739968061447144e-02 4.652016758918762207e-01 2.274256229400634766e+00 6.550961971282958984e+00 1.111830997467041016e+01 1.111830902099609375e+01 6.550970554351806641e+00 2.274260997772216797e+00 4.652016162872314453e-01 5.606733262538909912e-02 3.981485031545162201e-03 1.665884192334488034e-04 4.106164396944222972e-06 5.889174659046148008e-08 1.397729709751160954e-09 7.411279057123465464e-08 2.331608129679807462e-06 4.279632048564963043e-05 4.624320426955819130e-04 2.946234541013836861e-03 1.105212885886430740e-02 2.444558776915073395e-02 3.183558583259582520e-02
2.437273226678371429e-02 1.101921591907739639e-02 2.937463345006108284e-03 4.610556934494525194e-04 4.266882388037629426e-05 2.324795786989852786e-06 7.402615409546342562e-08 5.424529714304071604e-10 -4.079709625681715579e-10 5.904211519691671128e-08 4.106299911654787138e-06 1.665879535721614957e-04 3.981456160545349121e-03 5.606720224022865295e-02 4.652003347873687744e-01 2.274248123168945312e+00 6.550942420959472656e+00 1.111827087402343750e+01 1.111827087402343750e+01 6.550949573516845703e+00 2.274252414703369141e+00 4.652002751827239990e-01 5.606713518500328064e-02 3.981474321335554123e-03 1.665877935010939837e-04 4.106094365852186456e-06 5.880646725131555286e-08 1.357908230303905839e-09 7.388046441292317468e-08 2.324601609871024266e-06 4.266879841452464461e-05 4.610533069353550673e-04 2.937451004981994629e-03 1.101917866617441177e-02 2.437270991504192352e-02 3.174067661166191101e-02
2.429822273552417755e-02 1.098553184419870377e-02 2.928485395386815071e-03 4.596463695634156466e-04 4.253839142620563507e-05 2.317721282452112064e-06 7.384206668348269886e-08 5.288225413124791885e-10 -3.989026609030332793e-10 5.897079802252847003e-08 4.106220330868382007e-06 1.665874297032132745e-04 3.981444053351879120e-03 5.606702715158462524e-02 4.651987254619598389e-01 2.274240970611572266e+00 6.550923347473144531e+00 1.111824226379394531e+01 1.111824226379394531e+01 6.550933361053466797e+00 2.274245023727416992e+00 4.651986658573150635e-01 5.606696754693984985e-02 3.981462679803371429e-03 1.665873278398066759e-04 4.105996140424394980e-06 5.881415887643015594e-08 1.297233875874326259e-09 7.364116783037388814e-08 2.317469579793396406e-06 4.253832230460830033e-05 4.596440412569791079e-04 2.928472356870770454e-03 1.098550297319889069e-02 2.429819479584693909e-02 3.164366260170936584e-02
2.421890571713447571e-02 1.094966102391481400e-02 2.918925601989030838e-03 4.581458924803882837e-04 4.239952249918133020e-05 2.310182708242791705e-06 7.359899711900652619e-08 5.444948381061465170e-10 -3.410700055717086343e-10 5.900596988794859499e-08 4.106211690668715164e-06 1.665870222495868802e-04 3.981431946158409119e-03 5.606690049171447754e-02 4.651976525783538818e-01 2.274235486984252930e+00 6.550906181335449219e+00 1.111820888519287109e+01 1.111820888519287109e+01 6.550913333892822266e+00 2.274240016937255859e+00 4.651976227760314941e-01 5.606683716177940369e-02 3.981451969593763351e-03 1.665869640419259667e-04 4.106035703443922102e-06 5.885200593525041768e-08 1.306637797959808722e-09 7.342204355609283084e-08 2.309965339009067975e-06 4.239955160301178694e-05 4.581435350701212883e-04 2.918911864981055260e-03 1.094963308423757553e-02 2.421887777745723724e-02 3.154037520289421082e-02
2.413345873355865479e-02 1.091102417558431625e-02 2.908625174313783646e-03 4.565294075291603804e-04 4.224995427648536861e-05 2.302054554093047045e-06 7.330285711759643164e-08 5.637749156406357542e-10 -3.304130025139073723e-10 5.903764588310878025e-08 4.106203505216399208e-06 1.665868621785193682e-04 3.981428220868110657e-03 5.606678128242492676e-02 4.651969671249389648e-01 2.274233102798461914e+00 6.550896167755126953e+00 1.111819744110107422e+01 1.111819744110107422e+01 6.550902843475341797e+00 2.274236679077148438e+00 4.651969671249389648e-01 5.606673285365104675e-02 3.981446847319602966e-03 1.665867457631975412e-04 4.106035248696571216e-06 5.890263565788700362e-08 1.268975591273147074e-09 7.319871997424343135e-08 2.301793301739962772e-06 4.224992153467610478e-05 4.565269045997411013e-04 2.908612601459026337e-03 1.091099902987480164e-02 2.413343079388141632e-02 3.142906352877616882e-02
2.404187805950641632e-02 1.086963154375553131e-02 2.897591330111026764e-03 4.547969438135623932e-04 4.208960308460518718e-05 2.293364559591282159e-06 7.302331539449369302e-08 6.038899935667529917e-10 -2.628716966324162740e-10 5.906631983521037910e-08 4.106216238142224029e-06 1.665868476266041398e-04 3.981429617851972580e-03 5.606684833765029907e-02 4.651973843574523926e-01 2.274235010147094727e+00 6.550902843475341797e+00 1.111820316314697266e+01 1.111820316314697266e+01 6.550911426544189453e+00 2.274239063262939453e+00 4.651973545551300049e-01 5.606679245829582214e-02 3.981449641287326813e-03 1.665868185227736831e-04 4.106063897779677063e-06 5.894005283835213049e-08 1.253856241056894305e-09 7.299159676676936215e-08 2.293098305017338134e-06 4.208964310237206519e-05 4.547945572994649410e-04 2.897578990086913109e-03 1.086960360407829285e-02 2.404185198247432709e-02 3.130978345870971680e-02
2.394585311412811279e-02 1.082621701061725616e-02 2.886017085984349251e-03 4.529804573394358158e-04 4.192144842818379402e-05 2.284208903802209534e-06 7.269608204296673648e-08 6.410293962311186533e-10 -2.103598822911223465e-10 5.902617772335361224e-08 4.106304913875646889e-06 1.665878662606701255e-04 3.981455694884061813e-03 5.606722831726074219e-02 4.652002155780792236e-01 2.274248361587524414e+00 6.550942420959472656e+00 1.111827373504638672e+01 1.111827373504638672e+01 6.550950527191162109e+00 2.274252653121948242e+00 4.652001559734344482e-01 5.606716871261596680e-02 3.981474786996841431e-03 1.665879390202462673e-04 4.106068445253185928e-06 5.892275467545005085e-08 1.291248108437059727e-09 7.272122815038528643e-08 2.283938556502107531e-06 4.192151027382351458e-05 4.529781581368297338e-04 2.886003581807017326e-03 1.082618720829486847e-02 2.394582517445087433e-02 3.118477202951908112e-02
2.385168708860874176e-02 1.078363973647356033e-02 2.874666824936866760e-03 4.511991573963314295e-04 4.175660433247685432e-05 2.275202405144227669e-06 7.234436338876548689e-08 6.723865353386315746e-10 -2.375984131663955168e-10 5.895776666875462979e-08 4.106313554075313732e-06 1.665910967858508229e-04 3.981532528996467590e-03 5.606829747557640076e-02 4.652090072631835938e-01 2.274292707443237305e+00 6.551066398620605469e+00 1.111848545074462891e+01 1.111848545074462891e+01 6.551075935363769531e+00 2.274296998977661133e+00 4.652089774608612061e-01 5.606823414564132690e-02 3.981550224125385284e-03 1.665911404415965080e-04 4.106215328647522256e-06 5.891351051445781195e-08 1.266065918770209464e-09 7.238576671397822793e-08 2.274915459565818310e-06 4.175660433247685432e-05 4.511969746090471745e-04 2.874653320759534836e-03 1.078360714018344879e-02 2.385166659951210022e-02 3.106211125850677490e-02
2.376603893935680389e-02 1.074491720646619797e-02 2.864345209673047066e-03 4.495788598433136940e-04 4.160678872722201049e-05 2.267088802909711376e-06 7.209999353108287323e-08 7.275123836691932411e-10 -2.041483093684348660e-10 5.906360556195977551e-08 4.106507731194142252e-06 1.665991003392264247e-04 3.981720656156539917e-03 5.607094988226890564e-02 4.652311503887176514e-01 2.274399757385253906e+00 6.551378726959228516e+00 1.111901283264160156e+01 1.111901283264160156e+01 6.551388263702392578e+00 2.274404287338256836e+00 4.652311205863952637e-01 5.607089400291442871e-02 3.981738816946744919e-03 1.665991148911416531e-04 4.106498636247124523e-06 5.896649568626344262e-08 1.253618542307322059e-09 7.212494068653541035e-08 2.266777983095380478e-06 4.160663957009091973e-05 4.495768807828426361e-04 2.864332171157002449e-03 1.074489112943410873e-02 2.376601472496986389e-02 3.095057979226112366e-02
2.369339205324649811e-02 1.071208156645298004e-02 2.855587750673294067e-03 4.482050426304340363e-04 4.147956860833801329e-05 2.260193696201895364e-06 7.184258521419906174e-08 6.984807177090601726e-10 -2.650676067528223712e-10 5.909708633566879143e-08 4.107060249225469306e-06 1.666187745286151767e-04 3.982189577072858810e-03 5.607755482196807861e-02 4.652859270572662354e-01 2.274668216705322266e+00 6.552152156829833984e+00 1.112032604217529297e+01 1.112032604217529297e+01 6.552160263061523438e+00 2.274672269821166992e+00 4.652859270572662354e-01 5.607748404145240784e-02 3.982208669185638428e-03 1.666187745286151767e-04 4.107011136511573568e-06 5.896134425142918190e-08 1.225896606449339288e-09 7.186617523302629706e-08 2.259886741740047000e-06 4.147953950450755656e-05 4.482030635699629784e-04 2.855575643479824066e-03 1.071204803884029388e-02 2.369336597621440887e-02 3.085598908364772797e-02
2.363247238099575043e-02 1.068452652543783188e-02 2.848249161615967751e-03 4.470521525945514441e-04 4.137286305194720626e-05 2.254395440104417503e-06 7.171004767769773025e-08 6.413085062995094177e-10 -1.956364237276631002e-10 5.913688738701239345e-08 4.108223947696387768e-06 1.666634925641119480e-04 3.983256407082080841e-03 5.609257891774177551e-02 4.654107093811035156e-01 2.275277376174926758e+00 6.553907394409179688e+00 1.112329959869384766e+01 1.112329959869384766e+01 6.553914546966552734e+00 2.275282382965087891e+00 4.654106795787811279e-01 5.609252676367759705e-02 3.983275499194860458e-03 1.666632306296378374e-04 4.108151642867596820e-06 5.907884315092815086e-08 1.260008875014761998e-09 7.171637150804599514e-08 2.254083710795384832e-06 4.137288487982004881e-05 4.470500862225890160e-04 2.848236821591854095e-03 1.068449672311544418e-02 2.363245002925395966e-02 3.077667392790317535e-02
2.358166128396987915e-02 1.066154520958662033e-02 2.842122456058859825e-03 4.460906202439218760e-04 4.128379441681317985e-05 2.249512135676923208e-06 7.152446102054454968e-08 6.043415767820192741e-10 -2.240447410928325667e-10 5.919206458315784403e-08 4.110474947083275765e-06 1.667578035267069936e-04 3.985509742051362991e-03 5.612430348992347717e-02 4.656739532947540283e-01 2.276565074920654297e+00 6.557614803314208984e+00 1.112959766387939453e+01 1.112959766387939453e+01 6.557622909545898438e+00 2.276569843292236328e+00 4.656739234924316406e-01 5.612425506114959717e-02 3.985528834164142609e-03 1.667576580075547099e-04 4.110446298000169918e-06 5.908873035309625266e-08 1.304618968411830338e-09 7.154712022838793928e-08 2.249206090709776618e-06 4.128391447011381388e-05 4.460886702872812748e-04 2.842108719050884247e-03 1.066151820123195648e-02 2.358162961900234222e-02 3.071047738194465637e-02
2.353918738663196564e-02 1.064235158264636993e-02 2.837002743035554886e-03 4.452875000424683094e-04 4.120944868191145360e-05 2.245455107185989618e-06 7.143211178117780946e-08 5.472720610022463461e-10 -3.072521959079921317e-10 5.924473001073238265e-08 4.114981948077911511e-06 1.669434714131057262e-04 3.989949356764554977e-03 5.618682503700256348e-02 4.661925733089447021e-01 2.279100894927978516e+00 6.564916133880615234e+00 1.114198780059814453e+01 1.114198780059814453e+01 6.564924716949462891e+00 2.279105424880981445e+00 4.661925435066223145e-01 5.618676915764808655e-02 3.989967517554759979e-03 1.669432967901229858e-04 4.114990133530227467e-06 5.916459500099335855e-08 1.204939925614212370e-09 7.132998547376701026e-08 2.245118366772658192e-06 4.120951052755117416e-05 4.452852008398622274e-04 2.836989238858222961e-03 1.064232550561428070e-02 2.353916130959987640e-02 3.065512701869010925e-02
2.350337803363800049e-02 1.062617357820272446e-02 2.832690021023154259e-03 4.446104285307228565e-04 4.114677358302287757e-05 2.242017444586963393e-06 7.142745062083122320e-08 6.035323352193699975e-10 -2.822214961728519711e-10 5.935949332069867523e-08 4.123806320421863347e-06 1.672987273195758462e-04 3.998438362032175064e-03 5.630637332797050476e-02 4.671845734119415283e-01 2.283950090408325195e+00 6.578884601593017578e+00 1.116569900512695312e+01 1.116569900512695312e+01 6.578894138336181641e+00 2.283953666687011719e+00 4.671845734119415283e-01 5.630631744861602783e-02 3.998457454144954681e-03 1.672985090408474207e-04 4.123708549741422758e-06 5.929577895358306705e-08 1.231106327992392835e-09 7.124259582269587554e-08 2.241710944872465916e-06 4.114695911994203925e-05 4.446084785740822554e-04 2.832676982507109642e-03 1.062614656984806061e-02 2.350335754454135895e-02 3.060854598879814148e-02
2.347008883953094482e-02 1.061111222952604294e-02 2.828675089403986931e-03 4.439801850821822882e-04 4.108859502593986690e-05 2.238784418295836076e-06 7.128359413854923332e-08 6.324405443791647485e-10 -3.167517914626216680e-10 5.956683679642083007e-08 4.138853910262696445e-06 1.679090782999992371e-04 4.013024736195802689e-03 5.651176720857620239e-02 4.688887298107147217e-01 2.292280435562133789e+00 6.602884769439697266e+00 1.120642852783203125e+01 1.120642852783203125e+01 6.602892875671386719e+00 2.292284727096557617e+00 4.688886702060699463e-01 5.651169270277023315e-02 4.013042896986007690e-03 1.679089182289317250e-04 4.138806161790853366e-06 5.952618309379431594e-08 1.247270398074817876e-09 7.109176181074872147e-08 2.238503611806663685e-06 4.108873690711334348e-05 4.439786425791680813e-04 2.828662982210516930e-03 1.061108615249395370e-02 2.347007207572460175e-02 3.056516684591770172e-02
2.343898639082908630e-02 1.059703901410102844e-02 2.824926050379872322e-03 4.433918802533298731e-04 4.103406536160036922e-05 2.235882675449829549e-06 7.120576839270142955e-08 7.008921776296972439e-10 -3.629569977903202016e-10 5.988728446482127765e-08 4.163884113950189203e-06 1.689244818408042192e-04 4.037296399474143982e-03 5.685359239578247070e-02 4.717248678207397461e-01 2.306145668029785156e+00 6.642820358276367188e+00 1.127420997619628906e+01 1.127420997619628906e+01 6.642828941345214844e+00 2.306150197982788086e+00 4.717248678207397461e-01 5.685352161526679993e-02 4.037315025925636292e-03 1.689244090812280774e-04 4.163777703070081770e-06 5.990054319227056112e-08 1.287486561807327234e-09 7.100897647660531220e-08 2.235521833426901139e-06 4.103417813894338906e-05 4.433897847775369883e-04 2.824913011863827705e-03 1.059701200574636459e-02 2.343896590173244476e-02 3.052465058863162994e-02
2.340763248503208160e-02 1.058287639170885086e-02 2.821147674694657326e-03 4.427987441886216402e-04 4.097913915757089853e-05 2.232895894849207252e-06 7.109403554750315379e-08 7.863071860292336623e-10 -2.866956394509401207e-10 6.050275658253667643e-08 4.202222498861374334e-06 1.704743917798623443e-04 4.074337892234325409e-03 5.737518519163131714e-02 4.760527610778808594e-01 2.327304363250732422e+00 6.703771114349365234e+00 1.137765026092529297e+01 1.137765026092529297e+01 6.703778743743896484e+00 2.327308654785156250e+00 4.760527312755584717e-01 5.737512558698654175e-02 4.074357450008392334e-03 1.704742753645405173e-04 4.202004220132948831e-06 6.053301149222534150e-08 1.362883916833368403e-09 7.099114895936509129e-08 2.232605538665666245e-06 4.097943747183308005e-05 4.427966778166592121e-04 2.821134869009256363e-03 1.058284472674131393e-02 2.340761013329029083e-02 3.048384562134742737e-02
2.337790466845035553e-02 1.056942902505397797e-02 2.817563712596893311e-03 4.422364872880280018e-04 4.092698873137123883e-05 2.230026211691438220e-06 7.102486421217690804e-08 8.176628818468145710e-10 -2.653584296741229309e-10 6.126752083446262986e-08 4.255735348124289885e-06 1.726428890833631158e-04 4.126168321818113327e-03 5.810506269335746765e-02 4.821085929870605469e-01 2.356910467147827148e+00 6.789046287536621094e+00 1.152238464355468750e+01 1.152238464355468750e+01 6.789054870605468750e+00 2.356914997100830078e+00 4.821085333824157715e-01 5.810499563813209534e-02 4.126186016947031021e-03 1.726428454276174307e-04 4.255457042745547369e-06 6.127228857621958014e-08 1.350328848737092358e-09 7.088677023148193257e-08 2.229734263892169110e-06 4.092740346095524728e-05 4.422343336045742035e-04 2.817551605403423309e-03 1.056940481066703796e-02 2.337788045406341553e-02 3.044509328901767731e-02
2.335725538432598114e-02 1.056011300534009933e-02 2.815079176798462868e-03 4.418457683641463518e-04 4.089096546522341669e-05 2.228066023235442117e-06 7.099243504171681707e-08 7.941563517910310566e-10 -2.270677534887965976e-10 6.225149462579793180e-08 4.324253495724406093e-06 1.754202967276796699e-04 4.192550666630268097e-03 5.903987586498260498e-02 4.898648560047149658e-01 2.394828557968139648e+00 6.898270130157470703e+00 1.170775794982910156e+01 1.170775794982910156e+01 6.898279190063476562e+00 2.394831895828247070e+00 4.898647964000701904e-01 5.903980135917663574e-02 4.192569758743047714e-03 1.754202967276796699e-04 4.323915163695346564e-06 6.225153725836207741e-08 1.298245289049759776e-09 7.086098463560119853e-08 2.227780669272760861e-06 4.089123103767633438e-05 4.418438475113362074e-04 2.815065905451774597e-03 1.056008134037256241e-02 2.335723862051963806e-02 3.041826188564300537e-02
2.335969358682632446e-02 1.056119706481695175e-02 2.815370215103030205e-03 4.418920143507421017e-04 4.089517824468202889e-05 2.228298626505420543e-06 7.098812204731075326e-08 8.050889399591198980e-10 -2.234326612615689100e-10 6.340441416341491276e-08 4.404323590279091150e-06 1.786665670806542039e-04 4.270132165402173996e-03 6.013238430023193359e-02 4.989295303821563721e-01 2.439144372940063477e+00 7.025921821594238281e+00 1.192440509796142578e+01 1.192440509796142578e+01 7.025931835174560547e+00 2.439149379730224609e+00 4.989295005798339844e-01 6.013232842087745667e-02 4.270151723176240921e-03 1.786664652172476053e-04 4.403883849590783939e-06 6.338799352079149685e-08 1.375320080043707094e-09 7.090804388099058997e-08 2.227949380539939739e-06 4.089543290319852531e-05 4.418897151481360197e-04 2.815357409417629242e-03 1.056117750704288483e-02 2.335967123508453369e-02 3.042139112949371338e-02
2.340375445783138275e-02 1.058113388717174530e-02 2.820680849254131317e-03 4.427256935741752386e-04 4.097233977518044412e-05 2.232444558103452437e-06 7.106038424353755545e-08 8.387369687667955986e-10 -1.772536561972515301e-10 6.465202773142664228e-08 4.488434115046402439e-06 1.820822362788021564e-04 4.351766780018806458e-03 6.128195673227310181e-02 5.084676146507263184e-01 2.485774040222167969e+00 7.160236358642578125e+00 1.215236663818359375e+01 1.215236663818359375e+01 7.160244941711425781e+00 2.485778570175170898e+00 5.084676146507263184e-01 6.128189340233802795e-02 4.351785406470298767e-03 1.820820180000737309e-04 4.488103058974957094e-06 6.461417001446534414e-08 1.297488338991570345e-09 7.101705534751090454e-08 2.232146925962297246e-06 4.097259443369694054e-05 4.427237145137041807e-04 2.820668509230017662e-03 1.058110501617193222e-02 2.340373210608959198e-02 3.047879599034786224e-02
2.350998111069202423e-02 1.062915381044149399e-02 2.833483507856726646e-03 4.447351966518908739e-04 4.115842966712079942e-05 2.242657046735985205e-06 7.139955471302528167e-08 8.017624342215867728e-10 -1.598924326273731822e-10 6.574995836672314908e-08 4.569386874209158123e-06 1.853638386819511652e-04 4.430200904607772827e-03 6.238648667931556702e-02 5.176322460174560547e-01 2.530577421188354492e+00 7.289295673370361328e+00 1.237140464782714844e+01 1.237140464782714844e+01 7.289304256439208984e+00 2.530581712722778320e+00 5.176321864128112793e-01 6.238640844821929932e-02 4.430220928043127060e-03 1.853637950262054801e-04 4.569001703202957287e-06 6.574860833552520489e-08 1.268871896442647085e-09 7.136231516824409482e-08 2.242278014819021337e-06 4.115857882425189018e-05 4.447331302799284458e-04 2.833470702171325684e-03 1.062912493944168091e-02 2.350995875895023346e-02 3.061712533235549927e-02
2.368842996656894684e-02 1.070983521640300751e-02 2.854991704225540161e-03 4.481105133891105652e-04 4.147068102611228824e-05 2.259750999655807391e-06 7.195608731080938014e-08 9.061107419938707608e-10 -8.671706408502899421e-11 6.682383713041417650e-08 4.639026428776560351e-06 1.881871576188132167e-04 4.497675225138664246e-03 6.333665549755096436e-02 5.255161523818969727e-01 2.569118261337280273e+00 7.400310993194580078e+00 1.255982112884521484e+01 1.255982112884521484e+01 7.400322437286376953e+00 2.569122791290283203e+00 5.255161523818969727e-01 6.333659589290618896e-02 4.497697111219167709e-03 1.881870120996609330e-04 4.638583504856796935e-06 6.685531417360834894e-08 1.388324011308839090e-09 7.199267315627366770e-08 2.259361963297124021e-06 4.147100844420492649e-05 4.481082723941653967e-04 2.854977734386920929e-03 1.070980634540319443e-02 2.368840575218200684e-02 3.084949962794780731e-02
2.393587119877338409e-02 1.082170289009809494e-02 2.884812420234084129e-03 4.527913697529584169e-04 4.190397521597333252e-05 2.283386947965482250e-06 7.272365820654158597e-08 9.162001157747567959e-10 -9.655879568137848423e-11 6.758466497558401898e-08 4.692039965448202565e-06 1.903386146295815706e-04 4.549095407128334045e-03 6.406075507402420044e-02 5.315239429473876953e-01 2.598490238189697266e+00 7.484913349151611328e+00 1.270341014862060547e+01 1.270341014862060547e+01 7.484922409057617188e+00 2.598495960235595703e+00 5.315238833427429199e-01 6.406066566705703735e-02 4.549115430563688278e-03 1.903384545585140586e-04 4.691670255851931870e-06 6.762076765198798967e-08 1.500697788259230947e-09 7.276737079564554733e-08 2.282965397171210498e-06 4.190423351246863604e-05 4.527893324848264456e-04 2.884798683226108551e-03 1.082167774438858032e-02 2.393584512174129486e-02 3.117176890373229980e-02
2.423818595707416534e-02 1.095838379114866257e-02 2.921249018982052803e-03 4.585102724377065897e-04 4.243322837282903492e-05 2.312234528289991431e-06 7.367682286485432996e-08 9.418263946514571217e-10 -4.935005876172127159e-11 6.808254937595847878e-08 4.724741302197799087e-06 1.916608453029766679e-04 4.580693785101175308e-03 6.450575590133666992e-02 5.352162718772888184e-01 2.616540193557739258e+00 7.536907672882080078e+00 1.279165458679199219e+01 1.279165458679199219e+01 7.536918163299560547e+00 2.616544723510742188e+00 5.352162122726440430e-01 6.450570374727249146e-02 4.580713808536529541e-03 1.916606124723330140e-04 4.724272457679035142e-06 6.812293662505908287e-08 1.472525767987065137e-09 7.368726073764264584e-08 2.311798198206815869e-06 4.243346484145149589e-05 4.585081478580832481e-04 2.921235747635364532e-03 1.095835119485855103e-02 2.423814870417118073e-02 3.156546130776405334e-02
2.456649392843246460e-02 1.110681612044572830e-02 2.960817888379096985e-03 4.647210007533431053e-04 4.300807631807401776e-05 2.343586402275832370e-06 7.469380847169304616e-08 1.077673950078406051e-09 -8.365260567577692541e-11 6.829688459220051300e-08 4.735664788313442841e-06 1.921054936246946454e-04 4.591315984725952148e-03 6.465531885623931885e-02 5.364570617675781250e-01 2.622606754302978516e+00 7.554381370544433594e+00 1.282131576538085938e+01 1.282131576538085938e+01 7.554392337799072266e+00 2.622612714767456055e+00 5.364570021629333496e-01 6.465525925159454346e-02 4.591336473822593689e-03 1.921052025863900781e-04 4.735204583994345739e-06 6.821303344395346357e-08 1.558268403201168439e-09 7.471959406757378019e-08 2.343179176023113541e-06 4.300820000935345888e-05 4.647186142392456532e-04 2.960803685709834099e-03 1.110678631812334061e-02 2.456646971404552460e-02 3.199300169944763184e-02
2.488593012094497681e-02 1.125122886151075363e-02 2.999315736815333366e-03 4.707635962404310703e-04 4.356733188615180552e-05 2.374096538915182464e-06 7.567512483319660532e-08 1.152322126607430164e-09 -6.730931090270786399e-11 6.813658615101303440e-08 4.725741746369749308e-06 1.917043991852551699e-04 4.581730347126722336e-03 6.452034413814544678e-02 5.353373885154724121e-01 2.617132425308227539e+00 7.538611412048339844e+00 1.279454898834228516e+01 1.279454898834228516e+01 7.538620948791503906e+00 2.617136716842651367e+00 5.353373289108276367e-01 6.452027708292007446e-02 4.581753164529800415e-03 1.917041372507810593e-04 4.725341568700969219e-06 6.803043106629047543e-08 1.588345011072078705e-09 7.569389026684802957e-08 2.373664983679191209e-06 4.356747376732528210e-05 4.707612679339945316e-04 2.999303396791219711e-03 1.125119719654321671e-02 2.488590031862258911e-02 3.240901231765747070e-02
2.516095526516437531e-02 1.137557998299598694e-02 3.032463602721691132e-03 4.759666044265031815e-04 4.404888022691011429e-05 2.400381163170095533e-06 7.650574218587280484e-08 1.211218236818467631e-09 -1.704261176627142049e-10 6.773399974235871923e-08 4.701373200077796355e-06 1.907142868731170893e-04 4.558071028441190720e-03 6.418716162443161011e-02 5.325725078582763672e-01 2.603617191314697266e+00 7.499684810638427734e+00 1.272847366333007812e+01 1.272847366333007812e+01 7.499692916870117188e+00 2.603621482849121094e+00 5.325724482536315918e-01 6.418707966804504395e-02 4.558090586215257645e-03 1.907141995616257191e-04 4.700879799202084541e-06 6.758179438293154817e-08 1.569735341711009369e-09 7.647270194865996018e-08 2.399919139861594886e-06 4.404899664223194122e-05 4.759641597047448158e-04 3.032449167221784592e-03 1.137555018067359924e-02 2.516092918813228607e-02 3.276719525456428528e-02
2.537657134234905243e-02 1.147306337952613831e-02 3.058450296521186829e-03 4.800457973033189774e-04 4.442637873580679297e-05 2.420993723717401735e-06 7.722599804083074559e-08 1.243518177318492235e-09 -5.787229723219766697e-11 6.728396328981034458e-08 4.666627773985965177e-06 1.893010776257142425e-04 4.524287767708301544e-03 6.371144950389862061e-02 5.286255478858947754e-01 2.584321737289428711e+00 7.444102287292480469e+00 1.263414192199707031e+01 1.263414192199707031e+01 7.444109916687011719e+00 2.584326267242431641e+00 5.286255478858947754e-01 6.371137499809265137e-02 4.524309653788805008e-03 1.893007574835792184e-04 4.666036147682461888e-06 6.712291877875031787e-08 1.596184295848956936e-09 7.720257144683273509e-08 2.420512146272812970e-06 4.442655699676834047e-05 4.800432652700692415e-04 3.058437723666429520e-03 1.147303450852632523e-02 2.537654712796211243e-02 3.304800763726234436e-02
2.552558667957782745e-02 1.154043152928352356e-02 3.076410153880715370e-03 4.828644741792231798e-04 4.468724000616930425e-05 2.435167061776155606e-06 7.759582132393916254e-08 1.125642246080360565e-09 -7.374574562124536214e-11 6.666373764119271073e-08 4.624905159289482981e-06 1.876132300822064281e-04 4.483951721340417862e-03 6.314336508512496948e-02 5.239126086235046387e-01 2.561277627944946289e+00 7.377726554870605469e+00 1.252149581909179688e+01 1.252149581909179688e+01 7.377735614776611328e+00 2.561282157897949219e+00 5.239126086235046387e-01 6.314329057931900024e-02 4.483971279114484787e-03 1.876130991149693727e-04 4.624444500223034993e-06 6.654120454641088145e-08 1.629805845837495326e-09 7.761273224105025292e-08 2.434685029584215954e-06 4.468739643925800920e-05 4.828618257306516171e-04 3.076395951211452484e-03 1.154040172696113586e-02 2.552555873990058899e-02 3.324205055832862854e-02
2.560422942042350769e-02 1.157599315047264099e-02 3.085888456553220749e-03 4.843518836423754692e-04 4.482489384827204049e-05 2.442677896397071891e-06 7.784300493085538619e-08 1.129237481301004209e-09 -1.468060256692993448e-10 6.597604595981465536e-08 4.580720997182652354e-06 1.858250325312837958e-04 4.441205412149429321e-03 6.254145503044128418e-02 5.189185738563537598e-01 2.536865949630737305e+00 7.307404041290283203e+00 1.240214538574218750e+01 1.240214538574218750e+01 7.307413101196289062e+00 2.536870241165161133e+00 5.189185142517089844e-01 6.254139542579650879e-02 4.441226366907358170e-03 1.858247560448944569e-04 4.580315817293012515e-06 6.593165835511172190e-08 1.563306595286917400e-09 7.777472177394884056e-08 2.442068534946884029e-06 4.482495933189056814e-05 4.843494680244475603e-04 3.085874253883957863e-03 1.157595962285995483e-02 2.560420334339141846e-02 3.334448114037513733e-02
2.561702951788902283e-02 1.158177200704813004e-02 3.087427467107772827e-03 4.845939110964536667e-04 4.484720921027474105e-05 2.443778839733568020e-06 7.786973554857468116e-08 1.033131469263537383e-09 -8.885182867235386084e-11 6.536870955642370973e-08 4.537327185971662402e-06 1.840628247009590268e-04 4.399090074002742767e-03 6.194843351840972900e-02 5.139977931976318359e-01 2.512808799743652344e+00 7.238106727600097656e+00 1.228453159332275391e+01 1.228453159332275391e+01 7.238117218017578125e+00 2.512813568115234375e+00 5.139977931976318359e-01 6.194834783673286438e-02 4.399110563099384308e-03 1.840626791818067431e-04 4.536931555776391178e-06 6.535105967486742884e-08 1.595970688939019055e-09 7.784800004628777970e-08 2.443269295326899737e-06 4.484740566113032401e-05 4.845916118938475847e-04 3.087413031607866287e-03 1.158174313604831696e-02 2.561700530350208282e-02 3.336113318800926208e-02
2.557559683918952942e-02 1.156303193420171738e-02 3.082435578107833862e-03 4.838097374886274338e-04 4.477471156860701740e-05 2.439825948385987431e-06 7.767743426256856765e-08 9.963045943806037030e-10 -7.832939158403107172e-11 6.479358916067212704e-08 4.496367182582616806e-06 1.823971833800897002e-04 4.359286278486251831e-03 6.138780340552330017e-02 5.093459486961364746e-01 2.490069150924682617e+00 7.172609329223632812e+00 1.217336750030517578e+01 1.217336750030517578e+01 7.172617912292480469e+00 2.490073680877685547e+00 5.093459486961364746e-01 6.138774752616882324e-02 4.359303973615169525e-03 1.823970669647678733e-04 4.495879238675115630e-06 6.475688962837011786e-08 1.521210490906810264e-09 7.770849208554864163e-08 2.439315949231968261e-06 4.477490074350498617e-05 4.838074673898518085e-04 3.082421841099858284e-03 1.156300120055675507e-02 2.557556889951229095e-02 3.330713510513305664e-02
2.549584209918975830e-02 1.152698881924152374e-02 3.072826890274882317e-03 4.823016352020204067e-04 4.463512595975771546e-05 2.432257133477833122e-06 7.739861729305630433e-08 1.015933781545186321e-09 -1.352251921549196823e-10 6.422664711180914310e-08 4.458330295165069401e-06 1.808530796552076936e-04 4.322381224483251572e-03 6.086813658475875854e-02 5.050346255302429199e-01 2.468987941741943359e+00 7.111893177032470703e+00 1.207030677795410156e+01 1.207030677795410156e+01 7.111901283264160156e+00 2.468992710113525391e+00 5.050346255302429199e-01 6.086806580424308777e-02 4.322400782257318497e-03 1.808529486879706383e-04 4.457864633877761662e-06 6.422052933885424864e-08 1.482168721089749397e-09 7.743131646975598414e-08 2.431760094623314217e-06 4.463539517018944025e-05 4.822991613764315844e-04 3.072813851758837700e-03 1.152695808559656143e-02 2.549582161009311676e-02 3.320332989096641541e-02
2.538839727640151978e-02 1.147840730845928192e-02 3.059875685721635818e-03 4.802690236829221249e-04 4.444691148819401860e-05 2.421932776996982284e-06 7.702735160819429439e-08 1.007731231794650739e-09 -1.533806970321904828e-10 6.374216354743111879e-08 4.423447990120621398e-06 1.794426207197830081e-04 4.288668278604745865e-03 6.039344519376754761e-02 5.010956525802612305e-01 2.449732065200805664e+00 7.056423187255859375e+00 1.197617626190185547e+01 1.197617626190185547e+01 7.056430816650390625e+00 2.449736356735229492e+00 5.010956525802612305e-01 6.039338931441307068e-02 4.288687370717525482e-03 1.794424024410545826e-04 4.423027348821051419e-06 6.370773064645618433e-08 1.535218507875413252e-09 7.711037142144050449e-08 2.421489853077218868e-06 4.444726437213830650e-05 4.802666371688246727e-04 3.059862880036234856e-03 1.147837564349174500e-02 2.538837678730487823e-02 3.306336328387260437e-02
2.526466362178325653e-02 1.142245996743440628e-02 3.044962882995605469e-03 4.779284063261002302e-04 4.423029167810454965e-05 2.410115257589495741e-06 7.662933398933091667e-08 1.047949393928604422e-09 -8.696481035297409790e-11 6.330277813049178803e-08 4.391961738292593509e-06 1.781639730324968696e-04 4.258109256625175476e-03 5.996306240558624268e-02 4.975250065326690674e-01 2.432276964187622070e+00 7.006141185760498047e+00 1.189083385467529297e+01 1.189083385467529297e+01 7.006150245666503906e+00 2.432281255722045898e+00 4.975250065326690674e-01 5.996300280094146729e-02 4.258129745721817017e-03 1.781639875844120979e-04 4.391493803268531337e-06 6.325871737544730422e-08 1.543164818151865347e-09 7.675235025317306281e-08 2.409729859209619462e-06 4.423060090630315244e-05 4.779259325005114079e-04 3.044948680326342583e-03 1.142243016511201859e-02 2.526463940739631653e-02 3.290225192904472351e-02
2.513653412461280823e-02 1.136454194784164429e-02 3.029522020369768143e-03 4.755050176754593849e-04 4.400594843900762498e-05 2.397825483058113605e-06 7.628112541624432197e-08 1.057239518154062807e-09 -2.720331772343431709e-11 6.300527388702903409e-08 4.363524567452259362e-06 1.770089875208213925e-04 4.230508115142583847e-03 5.957438424229621887e-02 4.942997694015502930e-01 2.416509628295898438e+00 6.960724353790283203e+00 1.181374549865722656e+01 1.181374549865722656e+01 6.960732936859130859e+00 2.416514158248901367e+00 4.942997694015502930e-01 5.957432091236114502e-02 4.230527207255363464e-03 1.770089002093300223e-04 4.363142124930163845e-06 6.291722343121364247e-08 1.551928585641348946e-09 7.641049393214416341e-08 2.397491016381536610e-06 4.400634861667640507e-05 4.755022528115659952e-04 3.029508516192436218e-03 1.136451028287410736e-02 2.513650991022586823e-02 3.273540362715721130e-02
2.501375973224639893e-02 1.130902115255594254e-02 3.014721674844622612e-03 4.731817462015897036e-04 4.379097299533896148e-05 2.386112328167655505e-06 7.599425799753589672e-08 1.082159473142496608e-09 5.968994742922006935e-11 6.267053720421245089e-08 4.337881819083122537e-06 1.759678270900622010e-04 4.205618984997272491e-03 5.922399461269378662e-02 4.913922250270843506e-01 2.402295827865600586e+00 6.919777393341064453e+00 1.174425220489501953e+01 1.174425220489501953e+01 6.919784545898437500e+00 2.402299642562866211e+00 4.913921952247619629e-01 5.922393873333930969e-02 4.205638542771339417e-03 1.759678270900622010e-04 4.337484824645798653e-06 6.254902729097011616e-08 1.520635284357751971e-09 7.609992991319813882e-08 2.385851075814571232e-06 4.379141319077461958e-05 4.731792432721704245e-04 3.014707705006003380e-03 1.130899228155612946e-02 2.501374110579490662e-02 3.257546573877334595e-02
2.490332908928394318e-02 1.125910133123397827e-02 3.001413075253367424e-03 4.710930516012012959e-04 4.359770173323340714e-05 2.375631083850748837e-06 7.570884719143577968e-08 1.063193311168220134e-09 5.510762332572305411e-11 6.230273186247359263e-08 4.314782927394844592e-06 1.750299124978482723e-04 4.183204844594001770e-03 5.890826880931854248e-02 4.887728989124298096e-01 2.389490365982055664e+00 6.882893085479736328e+00 1.168166160583496094e+01 1.168166160583496094e+01 6.882902145385742188e+00 2.389495849609375000e+00 4.887728393077850342e-01 5.890822410583496094e-02 4.183224402368068695e-03 1.750297087710350752e-04 4.314277248340658844e-06 6.224767901130690007e-08 1.466743726474817322e-09 7.579102145882643526e-08 2.375285248490399681e-06 4.359801459941081703e-05 4.710904322564601898e-04 3.001398406922817230e-03 1.125907059758901596e-02 2.490329556167125702e-02 3.243168443441390991e-02
2.481022477149963379e-02 1.121701300144195557e-02 2.990192500874400139e-03 4.693318333011120558e-04 4.343476757640019059e-05 2.366722355873207562e-06 7.539942004086697125e-08 1.029567542332188168e-09 -1.524503093208728899e-11 6.197160473675467074e-08 4.293861820769961923e-06 1.741854066494852304e-04 4.163024015724658966e-03 5.862405523657798767e-02 4.864149689674377441e-01 2.377962589263916016e+00 6.849688053131103516e+00 1.162530231475830078e+01 1.162530231475830078e+01 6.849697113037109375e+00 2.377967119216918945e+00 4.864149391651153564e-01 5.862398445606231689e-02 4.163043573498725891e-03 1.741853920975700021e-04 4.293443453207146376e-06 6.194333224129877635e-08 1.423408502176926049e-09 7.547865266133158002e-08 2.366366288697463460e-06 4.343497494119219482e-05 4.693292430602014065e-04 2.990179229527711868e-03 1.121698599308729172e-02 2.481020055711269379e-02 3.231042623519897461e-02
2.473966404795646667e-02 1.118510682135820389e-02 2.981689060106873512e-03 4.679974517785012722e-04 4.331119635025970638e-05 2.360056214456562884e-06 7.517476063867434277e-08 9.434248937623124220e-10 -2.061359763438908033e-11 6.167367416765046073e-08 4.275155333743896335e-06 1.734253746690228581e-04 4.144856706261634827e-03 5.836827307939529419e-02 4.842922389507293701e-01 2.367586374282836914e+00 6.819798946380615234e+00 1.157456684112548828e+01 1.157456684112548828e+01 6.819805622100830078e+00 2.367590427398681641e+00 4.842921793460845947e-01 5.836819112300872803e-02 4.144874401390552521e-03 1.734253310132771730e-04 4.274708771845325828e-06 6.164045629475367605e-08 1.369037772036563183e-09 7.525430589794268599e-08 2.359648988203844056e-06 4.331144737079739571e-05 4.679946287069469690e-04 2.981674857437610626e-03 1.118507795035839081e-02 2.473963797092437744e-02 3.221853077411651611e-02
2.469066902995109558e-02 1.116295438259840012e-02 2.975783543661236763e-03 4.670698253903537989e-04 4.322543463786132634e-05 2.355316610191948712e-06 7.495758325148926815e-08 9.114285992595227981e-10 -3.372430112946744885e-11 6.143853426010537078e-08 4.258314675098517910e-06 1.727412018226459622e-04 4.128505941480398178e-03 5.813796818256378174e-02 4.823821485042572021e-01 2.358243942260742188e+00 6.792896270751953125e+00 1.152891254425048828e+01 1.152891254425048828e+01 6.792903423309326172e+00 2.358248710632324219e+00 4.823821187019348145e-01 5.813791230320930481e-02 4.128525499254465103e-03 1.727411290630698204e-04 4.257872205926105380e-06 6.135146435326532810e-08 1.401700089331825438e-09 7.510168131830141647e-08 2.354952812311239541e-06 4.322561289882287383e-05 4.670675261877477169e-04 2.975771669298410416e-03 1.116292737424373627e-02 2.469064481556415558e-02 3.215472400188446045e-02
2.465642243623733521e-02 1.114746741950511932e-02 2.971655922010540962e-03 4.664221487473696470e-04 4.316544436733238399e-05 2.352072215217049234e-06 7.493202502928397735e-08 9.985282600766254291e-10 5.381722845143599443e-11 6.129315721636885428e-08 4.243100647727260366e-06 1.721254375297576189e-04 4.113787319511175156e-03 5.793074145913124084e-02 4.806622266769409180e-01 2.349838018417358398e+00 6.768679141998291016e+00 1.148780632019042969e+01 1.148780632019042969e+01 6.768690109252929688e+00 2.349841594696044922e+00 4.806621670722961426e-01 5.793065950274467468e-02 4.113805480301380157e-03 1.721254375297576189e-04 4.242775048624025658e-06 6.126018803342958563e-08 1.451791020734560789e-09 7.507338750656344928e-08 2.351761850150069222e-06 4.316557169659063220e-05 4.664197331294417381e-04 2.971641253679990768e-03 1.114743761718273163e-02 2.465639263391494751e-02 3.211010992527008057e-02
2.463097311556339264e-02 1.113596465438604355e-02 2.968589309602975845e-03 4.659408295992761850e-04 4.312088640290312469e-05 2.349598617001902312e-06 7.484252506628763513e-08 9.713702064928497748e-10 1.498244887529476266e-13 6.106294847540993942e-08 4.229398655297700316e-06 1.715713442536070943e-04 4.100544378161430359e-03 5.774423107504844666e-02 4.791142344474792480e-01 2.342272996902465820e+00 6.746882438659667969e+00 1.145081901550292969e+01 1.145081901550292969e+01 6.746890068054199219e+00 2.342277050018310547e+00 4.791142344474792480e-01 5.774417147040367126e-02 4.100561607629060745e-03 1.715712423902004957e-04 4.229126261634519324e-06 6.101809901792876190e-08 1.450312869799574855e-09 7.497121146116114687e-08 2.349256874367711134e-06 4.312095552450045943e-05 4.659382684621959925e-04 2.968575339764356613e-03 1.113593578338623047e-02 2.463094703853130341e-02 3.207698091864585876e-02
2.460956946015357971e-02 1.112628728151321411e-02 2.966010244563221931e-03 4.655361408367753029e-04 4.308337884140200913e-05 2.347635245314450003e-06 7.470904961337510031e-08 9.117438470873651113e-10 -1.503711044570366084e-11 6.085582526793587022e-08 4.217083187540993094e-06 1.710725628072395921e-04 4.088622517883777618e-03 5.757630988955497742e-02 4.777216315269470215e-01 2.335463047027587891e+00 6.727274894714355469e+00 1.141753292083740234e+01 1.141753292083740234e+01 6.727283000946044922e+00 2.335467576980590820e+00 4.777216315269470215e-01 5.757626891136169434e-02 4.088641144335269928e-03 1.710724027361720800e-04 4.216753040964249521e-06 6.085208781314577209e-08 1.377586600348479351e-09 7.487072650746995350e-08 2.347233930777292699e-06 4.308341885916888714e-05 4.655335796996951103e-04 2.965996274724602699e-03 1.112625841051340103e-02 2.460953779518604279e-02 3.204913064837455750e-02
2.458867430686950684e-02 1.111683901399374008e-02 2.963490318506956100e-03 4.651405906770378351e-04 4.304683534428477287e-05 2.345585699004004709e-06 7.459922102270866162e-08 9.160280867170911279e-10 1.268664513720541009e-11 6.080178849288131460e-08 4.206046014587627724e-06 1.706234179437160492e-04 4.077894613146781921e-03 5.742524936795234680e-02 4.764682054519653320e-01 2.329335689544677734e+00 6.709618568420410156e+00 1.138758277893066406e+01 1.138758277893066406e+01 6.709626197814941406e+00 2.329339504241943359e+00 4.764682054519653320e-01 5.742518976330757141e-02 4.077913705259561539e-03 1.706233742879703641e-04 4.205741788609884679e-06 6.071856262224173406e-08 1.372002178534614814e-09 7.482530861580016790e-08 2.345253051316831261e-06 4.304694812162779272e-05 4.651384078897535801e-04 2.963475883007049561e-03 1.111681107431650162e-02 2.458864636719226837e-02 3.202190622687339783e-02
2.456593513488769531e-02 1.110655721276998520e-02 2.960750134661793709e-03 4.647104360628873110e-04 4.300698492443189025e-05 2.343398364246240817e-06 7.459648543317598524e-08 8.971185461170705366e-10 4.524574725300878342e-12 6.062071378210021066e-08 4.196060672256862745e-06 1.702196313999593258e-04 4.068238195031881332e-03 5.728932842612266541e-02 4.753398299217224121e-01 2.323819398880004883e+00 6.693729877471923828e+00 1.136061096191406250e+01 1.136061096191406250e+01 6.693738937377929688e+00 2.323823213577270508e+00 4.753398299217224121e-01 5.728926882147789001e-02 4.068258684128522873e-03 1.702195731922984123e-04 4.195815108687384054e-06 6.051855194755262346e-08 1.341707633883970630e-09 7.475271246448755846e-08 2.343111873415182345e-06 4.300714863347820938e-05 4.647081368602812290e-04 2.960736630484461784e-03 1.110652554780244827e-02 2.456590346992015839e-02 3.199229016900062561e-02
2.454002015292644501e-02 1.109484024345874786e-02 2.957626478746533394e-03 4.642204148694872856e-04 4.296156112104654312e-05 2.340856781302136369e-06 7.442153560077713337e-08 7.062537221713682811e-10 -9.388412269828450007e-11 6.042465372502192622e-08 4.187127615296049044e-06 1.698560372460633516e-04 4.059545695781707764e-03 5.716690048575401306e-02 4.743244946002960205e-01 2.318856716156005859e+00 6.679432868957519531e+00 1.133633613586425781e+01 1.133633613586425781e+01 6.679440975189208984e+00 2.318860292434692383e+00 4.743244946002960205e-01 5.716684088110923767e-02 4.059563856571912766e-03 1.698559644864872098e-04 4.186828391539165750e-06 6.035719479768886231e-08 1.221754808433672679e-09 7.460140238890744513e-08 2.340570517844753340e-06 4.296174301998689771e-05 4.642179119400680065e-04 2.957612508907914162e-03 1.109481230378150940e-02 2.453999221324920654e-02 3.195855021476745605e-02
2.450589090585708618e-02 1.107942126691341400e-02 2.953515388071537018e-03 4.635750665329396725e-04 4.290189099265262485e-05 2.337484374947962351e-06 7.432797843875960098e-08 7.435055904281284711e-10 -7.483230701765819504e-11 6.034753141648252495e-08 4.179030838713515550e-06 1.695285900495946407e-04 4.051728174090385437e-03 5.705680698156356812e-02 4.734108150005340576e-01 2.314388990402221680e+00 6.666563034057617188e+00 1.131451129913330078e+01 1.131451034545898438e+01 6.666571617126464844e+00 2.314393520355224609e+00 4.734107553958892822e-01 5.705673247575759888e-02 4.051747266203165054e-03 1.695286773610860109e-04 4.178772542218212038e-06 6.025950227694920613e-08 1.301685315091560824e-09 7.455285810920031508e-08 2.337330215596011840e-06 4.290208380552940071e-05 4.635726509150117636e-04 2.953502582386136055e-03 1.107939332723617554e-02 2.450586482882499695e-02 3.191411867737770081e-02
2.446552924811840057e-02 1.106116455048322678e-02 2.948648063465952873e-03 4.628113820217549801e-04 4.283121234038844705e-05 2.333708835067227483e-06 7.421988357236841694e-08 7.811710167615615319e-10 -3.285039948397461274e-11 6.024495746714819688e-08 4.171687578491400927e-06 1.692344085313379765e-04 4.044687375426292419e-03 5.695765465497970581e-02 4.725883603096008301e-01 2.310367584228515625e+00 6.654983043670654297e+00 1.129484176635742188e+01 1.129484176635742188e+01 6.654992103576660156e+00 2.310371637344360352e+00 4.725883305072784424e-01 5.695759877562522888e-02 4.044706467539072037e-03 1.692343357717618346e-04 4.171536602370906621e-06 6.015775255718835979e-08 1.207024369342946102e-09 7.442869787155359518e-08 2.333471911697415635e-06 4.283131420379504561e-05 4.628087626770138741e-04 2.948635024949908257e-03 1.106113847345113754e-02 2.446549572050571442e-02 3.186153993010520935e-02
2.441872097551822662e-02 1.103999651968479156e-02 2.943005179986357689e-03 4.619258979801088572e-04 4.274923412594944239e-05 2.329231165276723914e-06 7.408081614812545013e-08 7.529817880325140322e-10 -2.818041112961910954e-11 6.015272902004653588e-08 4.165190148341935128e-06 1.689691125648096204e-04 4.038353916257619858e-03 5.686846747994422913e-02 4.718483090400695801e-01 2.306747198104858398e+00 6.644560813903808594e+00 1.127716827392578125e+01 1.127716827392578125e+01 6.644568920135498047e+00 2.306751251220703125e+00 4.718482792377471924e-01 5.686840042471885681e-02 4.038372542709112167e-03 1.689691853243857622e-04 4.164967322140000761e-06 6.001660324272961589e-08 1.213189881887899446e-09 7.429405712855441379e-08 2.329086100871791132e-06 4.274937236914411187e-05 4.619233659468591213e-04 2.942991210147738457e-03 1.103996764868497849e-02 2.441869303584098816e-02 3.180056437849998474e-02
2.436339855194091797e-02 1.101499143987894058e-02 2.936338307335972786e-03 4.608795861713588238e-04 4.265249663149006665e-05 2.324043862245162018e-06 7.394785939141002018e-08 8.455792732675604384e-10 5.052840437724803735e-11 6.003658370445918990e-08 4.159414402238326147e-06 1.687306066742166877e-04 4.032654222100973129e-03 5.678818374872207642e-02 4.711821079254150391e-01 2.303492069244384766e+00 6.635179996490478516e+00 1.126124191284179688e+01 1.126124191284179688e+01 6.635188102722167969e+00 2.303495883941650391e+00 4.711820781230926514e-01 5.678810551762580872e-02 4.032671917229890823e-03 1.687305921223014593e-04 4.159069703746354207e-06 5.994304075329637271e-08 1.290432982692379937e-09 7.421039072141866200e-08 2.323881290067220107e-06 4.265261304681189358e-05 4.608771996572613716e-04 2.936326432973146439e-03 1.101496350020170212e-02 2.436337247490882874e-02 3.172853216528892517e-02
2.430018037557601929e-02 1.098641660064458847e-02 2.928720554336905479e-03 4.596833896357566118e-04 4.254175655660219491e-05 2.318021415703697130e-06 7.365409260273736436e-08 7.116084943525891049e-10 3.030361725442354270e-11 5.993207707888359437e-08 4.154093403485603631e-06 1.685159368207678199e-04 4.027521703392267227e-03 5.671589076519012451e-02 4.705827236175537109e-01 2.300563812255859375e+00 6.626735687255859375e+00 1.124690723419189453e+01 1.124690723419189453e+01 6.626743316650390625e+00 2.300568342208862305e+00 4.705827236175537109e-01 5.671582743525505066e-02 4.027540795505046844e-03 1.685157330939546227e-04 4.153753252467140555e-06 5.984608009157454944e-08 1.155802120678117717e-09 7.397414947263314389e-08 2.317775170013192110e-06 4.254192390362732112e-05 4.596810031216591597e-04 2.928707748651504517e-03 1.098638307303190231e-02 2.430015616118907928e-02 3.164619579911231995e-02
2.423049323260784149e-02 1.095489598810672760e-02 2.920320257544517517e-03 4.583647823892533779e-04 4.241979331709444523e-05 2.311419848410878330e-06 7.351317776738142129e-08 7.576380078866407075e-10 7.005038216156833641e-11 5.993736351683764951e-08 4.149299002165207639e-06 1.683226146269589663e-04 4.022904671728610992e-03 5.665087327361106873e-02 4.700431227684020996e-01 2.297923564910888672e+00 6.619142532348632812e+00 1.123401451110839844e+01 1.123401451110839844e+01 6.619152069091796875e+00 2.297927856445312500e+00 4.700430631637573242e-01 5.665081366896629333e-02 4.022924229502677917e-03 1.683225709712132812e-04 4.149004325881833211e-06 5.982038686624946422e-08 1.192955179085686268e-09 7.382364231034443947e-08 2.311170192115241662e-06 4.241991337039507926e-05 4.583626287057995796e-04 2.920306753367185593e-03 1.095486618578433990e-02 2.423046343028545380e-02 3.155543282628059387e-02
2.415975928306579590e-02 1.092292368412017822e-02 2.911797491833567619e-03 4.570271703414618969e-04 4.229600381222553551e-05 2.304703457411960699e-06 7.332079121624701656e-08 7.897505427401085853e-10 6.443021810520477288e-11 5.984277606785326498e-08 4.145042566960910335e-06 1.681487483438104391e-04 4.018746782094240189e-03 5.659237131476402283e-02 4.695576429367065430e-01 2.295550107955932617e+00 6.612297534942626953e+00 1.122240924835205078e+01 1.122240924835205078e+01 6.612304687500000000e+00 2.295554637908935547e+00 4.695576429367065430e-01 5.659228935837745667e-02 4.018764011561870575e-03 1.681486173765733838e-04 4.144753802393097430e-06 5.973771521894377656e-08 1.259209847503939272e-09 7.360724652016870095e-08 2.304418558196630329e-06 4.229615660733543336e-05 4.570249875541776419e-04 2.911783754825592041e-03 1.092289760708808899e-02 2.415974251925945282e-02 3.146333247423171997e-02
2.409534901380538940e-02 1.089380588382482529e-02 2.904034685343503952e-03 4.558085929602384567e-04 4.218317189952358603e-05 2.298550271007115953e-06 7.319880523937172256e-08 8.155476294291474915e-10 6.765072529946181135e-11 5.985690165744017577e-08 4.141155386605532840e-06 1.679922133916988969e-04 4.015004727989435196e-03 5.653971433639526367e-02 4.691202640533447266e-01 2.293413639068603516e+00 6.606143474578857422e+00 1.121196365356445312e+01 1.121196365356445312e+01 6.606152057647705078e+00 2.293417930603027344e+00 4.691201746463775635e-01 5.653965473175048828e-02 4.015022423118352890e-03 1.679920533206313848e-04 4.140876171732088551e-06 5.968766458863683511e-08 1.309965913520727554e-09 7.337074947599830921e-08 2.298329718541936018e-06 4.218347385176457465e-05 4.558063228614628315e-04 2.904020249843597412e-03 1.089377701282501221e-02 2.409531734883785248e-02 3.137945383787155151e-02
2.404074557125568390e-02 1.086911838501691818e-02 2.897452330216765404e-03 4.547756398096680641e-04 4.208760947221890092e-05 2.293374336659326218e-06 7.304159055365744280e-08 8.304880116938306855e-10 2.915693381178030563e-11 5.977040729021609877e-08 4.137586074648424983e-06 1.678513945080339909e-04 4.011642187833786011e-03 5.649229511618614197e-02 4.687269330024719238e-01 2.291489839553833008e+00 6.600606441497802734e+00 1.120256042480468750e+01 1.120256042480468750e+01 6.600616931915283203e+00 2.291494607925415039e+00 4.687269330024719238e-01 5.649223551154136658e-02 4.011660348623991013e-03 1.678513654042035341e-04 4.137379164603771642e-06 5.961000937304561376e-08 1.269020444283341931e-09 7.323849615659128176e-08 2.293184024892980233e-06 4.208788959658704698e-05 4.547734279185533524e-04 2.897438360378146172e-03 1.086908672004938126e-02 2.404071763157844543e-02 3.130832314491271973e-02
2.399470284581184387e-02 1.084829773753881454e-02 2.891904208809137344e-03 4.539045330602675676e-04 4.200700641376897693e-05 2.288948735440499149e-06 7.297167314845864894e-08 7.921923117493179234e-10 5.246126449920396340e-11 5.969249627924000379e-08 4.134503342356765643e-06 1.677247782936319709e-04 4.008608404546976089e-03 5.644961446523666382e-02 4.683729112148284912e-01 2.289760351181030273e+00 6.595620155334472656e+00 1.119408702850341797e+01 1.119408702850341797e+01 6.595628261566162109e+00 2.289764165878295898e+00 4.683728814125061035e-01 5.644955113530158997e-02 4.008626099675893784e-03 1.677245891187340021e-04 4.134288701607147232e-06 5.959694604484866431e-08 1.287602025001888251e-09 7.313669669883893221e-08 2.288734776811907068e-06 4.200721377856098115e-05 4.539025248959660530e-04 2.891890471801161766e-03 1.084826700389385223e-02 2.399467676877975464e-02 3.124837391078472137e-02
2.395901829004287720e-02 1.083216536790132523e-02 2.887602895498275757e-03 4.532295861281454563e-04 4.194451685179956257e-05 2.285544042024412192e-06 7.286666914296802133e-08 7.939459645278645894e-10 -9.349071863895552781e-12 5.955610760111085256e-08 4.131603873247513548e-06 1.676106912782415748e-04 4.005880560725927353e-03 5.641120299696922302e-02 4.680541753768920898e-01 2.288203239440917969e+00 6.591132640838623047e+00 1.118648815155029297e+01 1.118648815155029297e+01 6.591139316558837891e+00 2.288208007812500000e+00 4.680541157722473145e-01 5.641112849116325378e-02 4.005899187177419662e-03 1.676105312071740627e-04 4.131418336328351870e-06 5.950131409804271243e-08 1.262932092238600035e-09 7.298648085907188943e-08 2.285324399053934030e-06 4.194467328488826752e-05 4.532273160293698311e-04 2.887588692829012871e-03 1.083213184028863907e-02 2.395899035036563873e-02 3.120189905166625977e-02
2.393345721065998077e-02 1.082061044871807098e-02 2.884522313252091408e-03 4.527460841927677393e-04 4.189973697066307068e-05 2.283082494614063762e-06 7.267928481269336771e-08 8.234630199943637763e-10 -7.029280369580392929e-12 5.953272008696330886e-08 4.129123226448427886e-06 1.675080129643902183e-04 4.003424663096666336e-03 5.637661367654800415e-02 4.677676856517791748e-01 2.286798477172851562e+00 6.587096214294433594e+00 1.117963409423828125e+01 1.117963409423828125e+01 6.587104797363281250e+00 2.286803007125854492e+00 4.677676260471343994e-01 5.637653917074203491e-02 4.003443289548158646e-03 1.675078965490683913e-04 4.128954969928599894e-06 5.944394487755744194e-08 1.346865841078681569e-09 7.287585646054139943e-08 2.282858076796401292e-06 4.189982428215444088e-05 4.527441633399575949e-04 2.884509041905403137e-03 1.082058157771825790e-02 2.393343485891819000e-02 3.116863965988159180e-02
2.391045168042182922e-02 1.081020664423704147e-02 2.881750464439392090e-03 4.523105744738131762e-04 4.185936268186196685e-05 2.280910621266230009e-06 7.264408452556381235e-08 8.758988534474099197e-10 -2.149819558483478943e-11 5.954478510261651536e-08 4.126886324229417369e-06 1.674156519584357738e-04 4.001213703304529190e-03 5.634550005197525024e-02 4.675092101097106934e-01 2.285537719726562500e+00 6.583457469940185547e+00 1.117345905303955078e+01 1.117345905303955078e+01 6.583466529846191406e+00 2.285542488098144531e+00 4.675091803073883057e-01 5.634544417262077332e-02 4.001231398433446884e-03 1.674154482316225767e-04 4.126633484702324495e-06 5.945354075720388209e-08 1.354552803256581228e-09 7.275079383362026419e-08 2.280628223161329515e-06 4.185952275292947888e-05 4.523088282439857721e-04 2.881737891584634781e-03 1.081017591059207916e-02 2.391043119132518768e-02 3.113866597414016724e-02
2.388429827988147736e-02 1.079838816076517105e-02 2.878597937524318695e-03 4.518158966675400734e-04 4.181364784017205238e-05 2.278473402839154005e-06 7.256901568553075776e-08 9.520644272953404652e-10 -1.406750692496683275e-12 5.955568127546939650e-08 4.124879978917306289e-06 1.673322985880076885e-04 3.999230917543172836e-03 5.631753057241439819e-02 4.672769010066986084e-01 2.284401655197143555e+00 6.580188274383544922e+00 1.116790103912353516e+01 1.116790103912353516e+01 6.580196380615234375e+00 2.284405231475830078e+00 4.672768414020538330e-01 5.631747841835021973e-02 3.999250475317239761e-03 1.673323713475838304e-04 4.124622137169353664e-06 5.948919579168432392e-08 1.418826167665088178e-09 7.270129032121985801e-08 2.278192368976306170e-06 4.181375334155745804e-05 4.518140631262212992e-04 2.878584666177630424e-03 1.079836022108793259e-02 2.388427220284938812e-02 3.110458888113498688e-02
2.385126985609531403e-02 1.078345067799091339e-02 2.874616766348481178e-03 4.511911829467862844e-04 4.175586946075782180e-05 2.275314727739896625e-06 7.249957434396492317e-08 8.074451662842818678e-10 1.667592973431109016e-11 5.953237192102278641e-08 4.123007784073706716e-06 1.672575017437338829e-04 3.997441381216049194e-03 5.629232525825500488e-02 4.670681357383728027e-01 2.283377885818481445e+00 6.577242851257324219e+00 1.116291904449462891e+01 1.116291904449462891e+01 6.577251434326171875e+00 2.283382415771484375e+00 4.670681357383728027e-01 5.629226192831993103e-02 3.997459542006254196e-03 1.672574726399034262e-04 4.122821792407194152e-06 5.947162051711529784e-08 1.392265081001653471e-09 7.265970936032317695e-08 2.275051429023733363e-06 4.175599679001607001e-05 4.511891165748238564e-04 2.874603960663080215e-03 1.078342366963624954e-02 2.385124377906322479e-02 3.106156736612319946e-02
2.380978129804134369e-02 1.076469942927360535e-02 2.869616961106657982e-03 4.504068347159773111e-04 4.168317173025570810e-05 2.271404582643299364e-06 7.237969157358747907e-08 7.818029557071781710e-10 4.950679102777577612e-11 5.944511372035776731e-08 4.121251095057232305e-06 1.671899954089894891e-04 3.995826933532953262e-03 5.626963824033737183e-02 4.668800234794616699e-01 2.282461881637573242e+00 6.574594020843505859e+00 1.115841865539550781e+01 1.115841865539550781e+01 6.574602127075195312e+00 2.282465934753417969e+00 4.668799936771392822e-01 5.626958236098289490e-02 3.995845559984445572e-03 1.671899517532438040e-04 4.121086021768860519e-06 5.948005821210244903e-08 1.415216166478217019e-09 7.255933098804234760e-08 2.271103539897012524e-06 4.168342275079339743e-05 4.504047974478453398e-04 2.869604621082544327e-03 1.076467148959636688e-02 2.380975708365440369e-02 3.100755438208580017e-02
2.375960163772106171e-02 1.074201148003339767e-02 2.863569650799036026e-03 4.494574677664786577e-04 4.159531818004325032e-05 2.266540604978217743e-06 7.221329667572717881e-08 9.004927914446625437e-10 8.733328643595328344e-11 5.946597170236600505e-08 4.119806362723466009e-06 1.671294303378090262e-04 3.994379658252000809e-03 5.624923482537269592e-02 4.667104482650756836e-01 2.281631946563720703e+00 6.572208881378173828e+00 1.115436744689941406e+01 1.115436744689941406e+01 6.572216987609863281e+00 2.281635999679565430e+00 4.667103886604309082e-01 5.624917522072792053e-02 3.994399216026067734e-03 1.671293721301481128e-04 4.119633103982778266e-06 5.947164183339737065e-08 1.465145005319357097e-09 7.245673572242594673e-08 2.266252067784080282e-06 4.159560194239020348e-05 4.494554013945162296e-04 2.863556845113635063e-03 1.074198167771100998e-02 2.375957928597927094e-02 3.094220906496047974e-02
2.370143681764602661e-02 1.071570999920368195e-02 2.856557955965399742e-03 4.483571392484009266e-04 4.149352753302082419e-05 2.260997916891938075e-06 7.200236495918943547e-08 8.200138901237608025e-10 7.170630061947846912e-11 5.945160452824893582e-08 4.118369361094664782e-06 1.670748461037874222e-04 3.993077203631401062e-03 5.623084679245948792e-02 4.665579795837402344e-01 2.280885696411132812e+00 6.570065975189208984e+00 1.115072917938232422e+01 1.115072917938232422e+01 6.570073127746582031e+00 2.280889749526977539e+00 4.665579795837402344e-01 5.623078346252441406e-02 3.993094898760318756e-03 1.670747587922960520e-04 4.118273409403627738e-06 5.943924108464671008e-08 1.481107014811300360e-09 7.228367593370421673e-08 2.260678002130589448e-06 4.149380401941016316e-05 4.483549564611166716e-04 2.856545615941286087e-03 1.071568205952644348e-02 2.370140515267848969e-02 3.086646459996700287e-02
2.363663911819458008e-02 1.068641711026430130e-02 2.848748117685317993e-03 4.471312568057328463e-04 4.138006988796405494e-05 2.254831997561268508e-06 7.167427185095220921e-08 7.724182959911729540e-10 3.280684404693978706e-11 5.940555070083064493e-08 4.117214757570764050e-06 1.670256460784003139e-04 3.991897217929363251e-03 5.621435865759849548e-02 4.664207994937896729e-01 2.280216693878173828e+00 6.568130493164062500e+00 1.114744472503662109e+01 1.114744472503662109e+01 6.568137168884277344e+00 2.280220746994018555e+00 4.664207696914672852e-01 5.621429160237312317e-02 3.991913981735706329e-03 1.670255151111632586e-04 4.117066055187024176e-06 5.934614932812110055e-08 1.427027607192599135e-09 7.202154250762760057e-08 2.254460923722945154e-06 4.138035365031100810e-05 4.471293068490922451e-04 2.848735777661204338e-03 1.068638637661933899e-02 2.363662049174308777e-02 3.078206628561019897e-02
2.356688864529132843e-02 1.065487880259752274e-02 2.840342465788125992e-03 4.458117473404854536e-04 4.125794657738879323e-05 2.248107421110034920e-06 7.147673386498354375e-08 8.651417360283630842e-10 -2.202546738744315391e-12 5.943032022059924202e-08 4.116176569368690252e-06 1.669813500484451652e-04 3.990846220403909683e-03 5.619944632053375244e-02 4.662976562976837158e-01 2.279613018035888672e+00 6.566392898559570312e+00 1.114449977874755859e+01 1.114449977874755859e+01 6.566401481628417969e+00 2.279616832733154297e+00 4.662976562976837158e-01 5.619937926530838013e-02 3.990866243839263916e-03 1.669812627369537950e-04 4.115996489417739213e-06 5.938141711681055313e-08 1.536079818897917448e-09 7.176453209467581473e-08 2.247788870590738952e-06 4.125820487388409674e-05 4.458096809685230255e-04 2.840329427272081375e-03 1.065485365688800812e-02 2.356685511767864227e-02 3.069122694432735443e-02
2.349308133125305176e-02 1.062151324003934860e-02 2.831446705386042595e-03 4.444156948011368513e-04 4.112878741580061615e-05 2.241107040390488692e-06 7.124420875470605097e-08 9.123748423434108190e-10 -5.026817156972285261e-11 5.932022517640689330e-08 4.115237516089109704e-06 1.669416087679564953e-04 3.989892080426216125e-03 5.618607252836227417e-02 4.661863744258880615e-01 2.279069185256958008e+00 6.564832687377929688e+00 1.114183044433593750e+01 1.114183044433593750e+01 6.564842224121093750e+00 2.279073715209960938e+00 4.661863744258880615e-01 5.618600547313690186e-02 3.989910706877708435e-03 1.669414778007194400e-04 4.114996499993139878e-06 5.932053426249694894e-08 1.370506153008932415e-09 7.149167657871657866e-08 2.240730964331305586e-06 4.112900933250784874e-05 4.444135993253439665e-04 2.831433899700641632e-03 1.062148343771696091e-02 2.349305897951126099e-02 3.059511445462703705e-02
2.341893129050731659e-02 1.058798190206289291e-02 2.822509501129388809e-03 4.430128028616309166e-04 4.099891884834505618e-05 2.233993200206896290e-06 7.105752075631244224e-08 8.896917091938405520e-10 -1.018052239731837005e-10 5.932042768108658493e-08 4.114392595511162654e-06 1.669058983679860830e-04 3.989036194980144501e-03 5.617401376366615295e-02 4.660862088203430176e-01 2.278579473495483398e+00 6.563421726226806641e+00 1.113944816589355469e+01 1.113944816589355469e+01 6.563431739807128906e+00 2.278584241867065430e+00 4.660862088203430176e-01 5.617395415902137756e-02 3.989054355770349503e-03 1.669056800892576575e-04 4.114133844268508255e-06 5.923708457089560397e-08 1.288747553118696487e-09 7.119039224789958098e-08 2.233687382613425143e-06 4.099920261069200933e-05 4.430108238011598587e-04 2.822495996952056885e-03 1.058795768767595291e-02 2.341890335083007812e-02 3.049853816628456116e-02
2.334493957459926605e-02 1.055453345179557800e-02 2.813592553138732910e-03 4.416130250319838524e-04 4.086929766344837844e-05 2.226921651526936330e-06 7.090434195333727985e-08 8.299544940193470666e-10 -1.150750675305012294e-10 5.928748691985674668e-08 4.113569048058707267e-06 1.668735349085181952e-04 3.988267388194799423e-03 5.616316199302673340e-02 4.659960567951202393e-01 2.278140783309936523e+00 6.562152862548828125e+00 1.113729667663574219e+01 1.113729667663574219e+01 6.562160015106201172e+00 2.278145313262939453e+00 4.659960269927978516e-01 5.616310238838195801e-02 3.988285548985004425e-03 1.668732875259593129e-04 4.113325303478632122e-06 5.927666890670479916e-08 1.231721280525732709e-09 7.092587139823081088e-08 2.226664719273685478e-06 4.086972694494761527e-05 4.416111041791737080e-04 2.813579048961400986e-03 1.055450458079576492e-02 2.334491163492202759e-02 3.040219098329544067e-02
2.327164076268672943e-02 1.052139699459075928e-02 2.804757095873355865e-03 4.402262857183814049e-04 4.074098615092225373e-05 2.219879206677433103e-06 7.068427265721766162e-08 7.823997005829141926e-10 -1.352962047951322688e-10 5.925787505134394451e-08 4.112756869290024042e-06 1.668446057010442019e-04 3.987580072134733200e-03 5.615341290831565857e-02 4.659157097339630127e-01 2.277744054794311523e+00 6.561013221740722656e+00 1.113537216186523438e+01 1.113537216186523438e+01 6.561021327972412109e+00 2.277748107910156250e+00 4.659156799316406250e-01 5.615333467721939087e-02 3.987598698586225510e-03 1.668442710069939494e-04 4.112576334591722116e-06 5.926698065650271019e-08 1.231394874956492913e-09 7.068838669965771260e-08 2.219632960986928083e-06 4.074138996656984091e-05 4.402244521770626307e-04 2.804744988679885864e-03 1.052136626094579697e-02 2.327160909771919250e-02 3.030672483146190643e-02
2.320133708417415619e-02 1.048960722982883453e-02 2.796284155920147896e-03 4.388963570818305016e-04 4.061796062160283327e-05 2.213242396464920603e-06 7.062276807801026735e-08 8.379067995001321378e-10 -1.948875644197656243e-10 5.923119417161615274e-08 4.112101123610045761e-06 1.668183831498026848e-04 3.986949566751718521e-03 5.614463612437248230e-02 4.658423960208892822e-01 2.277387380599975586e+00 6.559987545013427734e+00 1.113361358642578125e+01 1.113361358642578125e+01 6.559995174407958984e+00 2.277390956878662109e+00 4.658423960208892822e-01 5.614456161856651306e-02 3.986968193203210831e-03 1.668183685978874564e-04 4.111891939828637987e-06 5.919820722510849009e-08 1.238191105201735809e-09 7.045430550078890519e-08 2.212966819570283405e-06 4.061836807522922754e-05 4.388946399558335543e-04 2.796272048726677895e-03 1.048958022147417068e-02 2.320130169391632080e-02 3.021516464650630951e-02
2.313564345240592957e-02 1.045990921556949615e-02 2.788368379697203636e-03 4.376537399366497993e-04 4.050300049129873514e-05 2.207008265031618066e-06 7.039199090286274441e-08 8.982112276179066157e-10 -1.657355364059753811e-10 5.920722401242528576e-08 4.111432190256891772e-06 1.667949982220306993e-04 3.986389841884374619e-03 5.613670498132705688e-02 4.657770395278930664e-01 2.277068376541137695e+00 6.559065818786621094e+00 1.113205718994140625e+01 1.113205718994140625e+01 6.559072971343994141e+00 2.277071952819824219e+00 4.657770395278930664e-01 5.613665655255317688e-02 3.986408933997154236e-03 1.667951291892677546e-04 4.111253929295344278e-06 5.919965317957576190e-08 1.260566762084636139e-09 7.028680215626081917e-08 2.206749513788963668e-06 4.050334609928540885e-05 4.376519646029919386e-04 2.788355341181159019e-03 1.045988034456968307e-02 2.313561923801898956e-02 3.012961335480213165e-02
2.307557314634323120e-02 1.043275557458400726e-02 2.781128976494073868e-03 4.365174972917884588e-04 4.039784107590094209e-05 2.201233201049035415e-06 7.016929259862081381e-08 8.583181942967144096e-10 -1.808907190703479273e-10 5.918558088069403311e-08 4.111034286324866116e-06 1.667737960815429688e-04 3.985885996371507645e-03 5.612960457801818848e-02 4.657177925109863281e-01 2.276778697967529297e+00 6.558232307434082031e+00 1.113064479827880859e+01 1.113064479827880859e+01 6.558242321014404297e+00 2.276782989501953125e+00 4.657177925109863281e-01 5.612954124808311462e-02 3.985903225839138031e-03 1.667737087700515985e-04 4.110717782168649137e-06 5.918503021007381903e-08 1.195702536982423680e-09 7.002967095104395412e-08 2.200962853748933412e-06 4.039815394207835197e-05 4.365158092696219683e-04 2.781116403639316559e-03 1.043272577226161957e-02 2.307555265724658966e-02 3.005140647292137146e-02
2.302167005836963654e-02 1.040837727487087250e-02 2.774629741907119751e-03 4.354975244496017694e-04 4.030345371575094759e-05 2.196087507400079630e-06 6.991582068849311327e-08 8.441451426755008924e-10 -2.276439731163648617e-10 5.919931567177627585e-08 4.110611371288541704e-06 1.667547039687633514e-04 3.985431510955095291e-03 5.612320452928543091e-02 4.656649231910705566e-01 2.276519298553466797e+00 6.557484149932861328e+00 1.112938308715820312e+01 1.112938308715820312e+01 6.557491779327392578e+00 2.276524066925048828e+00 4.656648635864257812e-01 5.612313747406005859e-02 3.985451068729162216e-03 1.667546457611024380e-04 4.110266672796569765e-06 5.914866108014393831e-08 1.186103992800724427e-09 6.983825073803018313e-08 2.195815568484249525e-06 4.030373020214028656e-05 4.354957782197743654e-04 2.774618100374937057e-03 1.040835026651620865e-02 2.302163653075695038e-02 2.998118847608566284e-02
2.297398447990417480e-02 1.038681995123624802e-02 2.768884412944316864e-03 4.345955094322562218e-04 4.022002030978910625e-05 2.191565044995513745e-06 6.976873123676341493e-08 8.179368848892920596e-10 -2.117731129347433239e-10 5.921161516653228318e-08 4.110165264137322083e-06 1.667377800913527608e-04 3.985022194683551788e-03 5.611745268106460571e-02 4.656169712543487549e-01 2.276286125183105469e+00 6.556811332702636719e+00 1.112822818756103516e+01 1.112822818756103516e+01 6.556819915771484375e+00 2.276290178298950195e+00 4.656169414520263672e-01 5.611738935112953186e-02 3.985039889812469482e-03 1.667377655394375324e-04 4.109892870474141091e-06 5.911590150731171889e-08 1.200082033747662535e-09 6.974224220357427839e-08 2.191276507801376283e-06 4.022034045192413032e-05 4.345937049947679043e-04 2.768871374428272247e-03 1.038679294288158417e-02 2.297395281493663788e-02 2.991908416152000427e-02
2.293232828378677368e-02 1.036799326539039612e-02 2.763864817097783089e-03 4.338076687417924404e-04 4.014709338662214577e-05 2.187608515669126064e-06 6.958660492273338605e-08 8.688555985791879266e-10 -2.388815256715304258e-10 5.915645218124154781e-08 4.109695055376505479e-06 1.667220494709908962e-04 3.984654787927865982e-03 5.611225590109825134e-02 4.655739963054656982e-01 2.276076793670654297e+00 6.556200981140136719e+00 1.112720203399658203e+01 1.112720203399658203e+01 6.556208133697509766e+00 2.276080608367919922e+00 4.655739665031433105e-01 5.611220002174377441e-02 3.984672948718070984e-03 1.667220931267365813e-04 4.109464043722255155e-06 5.908641043106399593e-08 1.136532312706606263e-09 6.961472109878741321e-08 2.187315431001479737e-06 4.014728256152011454e-05 4.338058060966432095e-04 2.763852011412382126e-03 1.036796532571315765e-02 2.293230593204498291e-02 2.986486069858074188e-02
2.289632894098758698e-02 1.035171281546354294e-02 2.759524853900074959e-03 4.331266100052744150e-04 4.008407267974689603e-05 2.184178356401389465e-06 6.947963981929206057e-08 8.712205401550932038e-10 -2.467221982271894376e-10 5.913993206263512548e-08 4.109344899916322902e-06 1.667083270149305463e-04 3.984323237091302872e-03 5.610756948590278625e-02 4.655350446701049805e-01 2.275885581970214844e+00 6.555655479431152344e+00 1.112627792358398438e+01 1.112627792358398438e+01 6.555663585662841797e+00 2.275889873504638672e+00 4.655349850654602051e-01 5.610750615596771240e-02 3.984342329204082489e-03 1.667082688072696328e-04 4.109121164219686761e-06 5.901626565218975884e-08 1.160934570698657353e-09 6.954486764243483776e-08 2.183958940804586746e-06 4.008430914836935699e-05 4.331247182562947273e-04 2.759512048214673996e-03 1.035168487578630447e-02 2.289630472660064697e-02 2.981796488165855408e-02
2.286542579531669617e-02 1.033774390816688538e-02 2.755800029262900352e-03 4.325420886743813753e-04 4.003002322860993445e-05 2.181216586905065924e-06 6.939604446642988478e-08 8.567918596824597444e-10 -1.544377126183604787e-10 5.922436585592549818e-08 4.109079782210756093e-06 1.666957396082580090e-04 3.984022885560989380e-03 5.610333755612373352e-02 4.655002355575561523e-01 2.275714159011840820e+00 6.555165290832519531e+00 1.112544250488281250e+01 1.112544250488281250e+01 6.555173397064208984e+00 2.275717973709106445e+00 4.655002057552337646e-01 5.610328540205955505e-02 3.984040580689907074e-03 1.666956086410209537e-04 4.108834218641277403e-06 5.910318634505529189e-08 1.168258267902899661e-09 6.949402120426384499e-08 2.181031959480606019e-06 4.003018329967744648e-05 4.325401096139103174e-04 2.755789086222648621e-03 1.033772062510251999e-02 2.286539971828460693e-02 2.977772615849971771e-02
2.283906191587448120e-02 1.032582763582468033e-02 2.752625383436679840e-03 4.320434527471661568e-04 3.998380270786583424e-05 2.178704562538769096e-06 6.919510298075692845e-08 8.479456581333977283e-10 -1.293308099503676090e-10 5.923418555653370277e-08 4.108717348572099581e-06 1.666845055297017097e-04 3.983754664659500122e-03 5.609956011176109314e-02 4.654687643051147461e-01 2.275563001632690430e+00 6.554723739624023438e+00 1.112469196319580078e+01 1.112469196319580078e+01 6.554731369018554688e+00 2.275566577911376953e+00 4.654687643051147461e-01 5.609950050711631775e-02 3.983773756772279739e-03 1.666846073931083083e-04 4.108595931029412895e-06 5.910145972620739485e-08 1.242405511803212903e-09 6.940374674968552426e-08 2.178492877646931447e-06 3.998392276116646826e-05 4.320416192058473825e-04 2.752612344920635223e-03 1.032579876482486725e-02 2.283904515206813812e-02 2.974339015781879425e-02
2.281666733324527740e-02 1.031569764018058777e-02 2.749923616647720337e-03 4.316197882872074842e-04 3.994465077994391322e-05 2.176586804125690833e-06 6.909787941822287394e-08 7.923828815314948315e-10 -9.017740026928677821e-11 5.924300339188448561e-08 4.108533630642341450e-06 1.666744065005332232e-04 3.983513917773962021e-03 5.609617754817008972e-02 4.654401540756225586e-01 2.275425434112548828e+00 6.554326057434082031e+00 1.112402057647705078e+01 1.112402057647705078e+01 6.554335594177246094e+00 2.275429248809814453e+00 4.654401540756225586e-01 5.609611421823501587e-02 3.983532078564167023e-03 1.666743628447875381e-04 4.108373104827478528e-06 5.912246336947646341e-08 1.315494824183360834e-09 6.936985386118976749e-08 2.176376028728554957e-06 3.994475264335051179e-05 4.316177801229059696e-04 2.749911509454250336e-03 1.031567063182592392e-02 2.281664498150348663e-02 2.971422486007213593e-02
2.279768697917461395e-02 1.030711084604263306e-02 2.747636521235108376e-03 4.312603850848972797e-04 3.991140692960470915e-05 2.174804876631242223e-06 6.902736515712604159e-08 7.589335271340758027e-10 3.009188818264840748e-12 5.935026337056115153e-08 4.108356279175495729e-06 1.666653115535154939e-04 3.983293194323778152e-03 5.609311535954475403e-02 4.654152393341064453e-01 2.275298357009887695e+00 6.553968429565429688e+00 1.112341022491455078e+01 1.112341022491455078e+01 6.553978443145751953e+00 2.275302648544311523e+00 4.654152393341064453e-01 5.609304457902908325e-02 3.983312286436557770e-03 1.666652533458545804e-04 4.108267148694721982e-06 5.923186918721512484e-08 1.350380252063132502e-09 6.941344565802864963e-08 2.174561814172193408e-06 3.991145422332920134e-05 4.312584060244262218e-04 2.747623715549707413e-03 1.030708197504281998e-02 2.279765717685222626e-02 2.968948148190975189e-02
2.278159745037555695e-02 1.029984466731548309e-02 2.745694946497678757e-03 4.309563955757766962e-04 3.988328171544708312e-05 2.173220082113402896e-06 6.891786341611805256e-08 7.340035801384203751e-10 -1.246344867589233019e-11 5.938053604381821060e-08 4.108202574570896104e-06 1.666572497924789786e-04 3.983099944889545441e-03 5.609035864472389221e-02 4.653923511505126953e-01 2.275186777114868164e+00 6.553647041320800781e+00 1.112286472320556641e+01 1.112286472320556641e+01 6.553655147552490234e+00 2.275190830230712891e+00 4.653923511505126953e-01 5.609028041362762451e-02 3.983119502663612366e-03 1.666570606175810099e-04 4.108112989342771471e-06 5.921282664189675415e-08 1.383696490719898975e-09 6.932168616913259029e-08 2.172981794501538388e-06 3.988329990534111857e-05 4.309543292038142681e-04 2.745684236288070679e-03 1.029981393367052078e-02 2.278157323598861694e-02 2.966853231191635132e-02
2.276797778904438019e-02 1.029368396848440170e-02 2.744055353105068207e-03 4.306986229494214058e-04 3.985936928074806929e-05 2.171824917240883224e-06 6.888161863116692984e-08 7.229487564153203039e-10 -2.638915301556021831e-11 5.930854740654467605e-08 4.107926542928908020e-06 1.666498283157125115e-04 3.982920199632644653e-03 5.608788132667541504e-02 4.653716385364532471e-01 2.275087594985961914e+00 6.553354740142822266e+00 1.112237548828125000e+01 1.112237548828125000e+01 6.553361415863037109e+00 2.275091171264648438e+00 4.653716385364532471e-01 5.608781054615974426e-02 3.982939757406711578e-03 1.666496100369840860e-04 4.107921085960697383e-06 5.916540501971212507e-08 1.380568881437227446e-09 6.924735629354472621e-08 2.171638016079668887e-06 3.985946023021824658e-05 4.306964110583066940e-04 2.744042314589023590e-03 1.029365696012973785e-02 2.276795729994773865e-02 2.965079434216022491e-02
2.275642380118370056e-02 1.028846018016338348e-02 2.742662560194730759e-03 4.304800240788608789e-04 3.983916394645348191e-05 2.170679408664000221e-06 6.881756320353815681e-08 6.757462922557522234e-10 -3.892214328615750674e-11 5.921057422142439464e-08 4.107747827220009640e-06 1.666432508500292897e-04 3.982764668762683868e-03 5.608563497662544250e-02 4.653529226779937744e-01 2.274996042251586914e+00 6.553099155426025391e+00 1.112192821502685547e+01 1.112192821502685547e+01 6.553106784820556641e+00 2.275000572204589844e+00 4.653528630733489990e-01 5.608556792140007019e-02 3.982785157859325409e-03 1.666430907789617777e-04 4.107766017114045098e-06 5.919432766177123995e-08 1.299703344947999994e-09 6.916319961192129995e-08 2.170478182961232960e-06 3.983936403528787196e-05 4.304779577068984509e-04 2.742649288848042488e-03 1.028842758387327194e-02 2.275639586150646210e-02 2.963576279580593109e-02
2.274661697447299957e-02 1.028402429074048996e-02 2.741482108831405640e-03 4.302946326788514853e-04 3.982201087637804449e-05 2.169707613575155847e-06 6.877760938550636638e-08 7.088047926373519658e-10 -2.536661852792221339e-11 5.918866108345355315e-08 4.107651420781621709e-06 1.666372263571247458e-04 3.982621245086193085e-03 5.608363449573516846e-02 4.653364419937133789e-01 2.274915218353271484e+00 6.552864551544189453e+00 1.112153339385986328e+01 1.112153244018554688e+01 6.552872657775878906e+00 2.274919271469116211e+00 4.653364121913909912e-01 5.608357861638069153e-02 3.982638940215110779e-03 1.666370371822267771e-04 4.107588210899848491e-06 5.914428768960533489e-08 1.294774842897084000e-09 6.920410555721900892e-08 2.169495701309642754e-06 3.982216003350913525e-05 4.302925954107195139e-04 2.741468837484717369e-03 1.028399541974067688e-02 2.274658717215061188e-02 2.962298877537250519e-02
2.273827977478504181e-02 1.028025150299072266e-02 2.740475116297602654e-03 4.301367443986237049e-04 3.980738983955234289e-05 2.168952505599008873e-06 6.879799485659532365e-08 6.940611974037835807e-10 1.166877532099430681e-11 5.923511992023122730e-08 4.107567292521707714e-06 1.666320458753034472e-04 3.982491325587034225e-03 5.608183518052101135e-02 4.653213918209075928e-01 2.274841785430908203e+00 6.552649021148681641e+00 1.112116909027099609e+01 1.112116909027099609e+01 6.552658081054687500e+00 2.274845600128173828e+00 4.653213918209075928e-01 5.608177557587623596e-02 3.982509952038526535e-03 1.666317839408293366e-04 4.107491349714109674e-06 5.919200773973898322e-08 1.261961535270472723e-09 6.921671769077875069e-08 2.168789706047391519e-06 3.980757901445031166e-05 4.301345907151699066e-04 2.740462077781558037e-03 1.028022635728120804e-02 2.273825742304325104e-02 2.961211651563644409e-02
2.273114956915378571e-02 1.027703471481800079e-02 2.739617833867669106e-03 4.300020809751003981e-04 3.979499888373538852e-05 2.168317678297171369e-06 6.880856773250343394e-08 7.480542851823202000e-10 5.327896457352210291e-11 5.927698865093589120e-08 4.107493168703513220e-06 1.666270691202953458e-04 3.982378169894218445e-03 5.608019605278968811e-02 4.653079807758331299e-01 2.274775981903076172e+00 6.552460670471191406e+00 1.112084674835205078e+01 1.112084674835205078e+01 6.552469253540039062e+00 2.274780035018920898e+00 4.653079807758331299e-01 5.608014762401580811e-02 3.982396330684423447e-03 1.666269672568887472e-04 4.107402219233335927e-06 5.921996049096378556e-08 1.342997046904770286e-09 6.923171724793064641e-08 2.168127593904500827e-06 3.979514076490886509e-05 4.300000728107988834e-04 2.739605493843555450e-03 1.027701236307621002e-02 2.273112535476684570e-02 2.960284240543842316e-02
2.272507734596729279e-02 1.027428172528743744e-02 2.738886279985308647e-03 4.298869171179831028e-04 3.978437234763987362e-05 2.167764705518493429e-06 6.883811920488369651e-08 8.235536141931731891e-10 2.450066712011977899e-11 5.931463675779014011e-08 4.107424956600880250e-06 1.666225580265745521e-04 3.982273396104574203e-03 5.607874691486358643e-02 4.652959704399108887e-01 2.274715900421142578e+00 6.552290916442871094e+00 1.112056350708007812e+01 1.112056350708007812e+01 6.552299499511718750e+00 2.274719715118408203e+00 4.652959406375885010e-01 5.607869103550910950e-02 3.982291556894779205e-03 1.666225434746593237e-04 4.107225777261191979e-06 5.917955903100846626e-08 1.304764296605753771e-09 6.918861572557943873e-08 2.167623733839718625e-06 3.978445238317362964e-05 4.298849380575120449e-04 2.738874405622482300e-03 1.027425657957792282e-02 2.272504195570945740e-02 2.959491871297359467e-02
2.271985448896884918e-02 1.027192268520593643e-02 2.738257637247443199e-03 4.297884588595479727e-04 3.977533560828305781e-05 2.167280399589799345e-06 6.888936354698671494e-08 7.135142476855094174e-10 -1.399715629860076582e-12 5.921603474234871101e-08 4.107362656213808805e-06 1.666185853537172079e-04 3.982177935540676117e-03 5.607741698622703552e-02 4.652850031852722168e-01 2.274663209915161133e+00 6.552137374877929688e+00 1.112029933929443359e+01 1.112029933929443359e+01 6.552144527435302734e+00 2.274667739868164062e+00 4.652850031852722168e-01 5.607736855745315552e-02 3.982196096330881119e-03 1.666185999056324363e-04 4.107057520741363987e-06 5.908124478537502000e-08 1.272872141022673986e-09 6.917293404740121332e-08 2.167125330743147060e-06 3.977536835009232163e-05 4.297863924875855446e-04 2.738245064392685890e-03 1.027190126478672028e-02 2.271982654929161072e-02 2.958815917372703552e-02
2.271536737680435181e-02 1.026990450918674469e-02 2.737717935815453529e-03 4.297035338822752237e-04 3.976743755629286170e-05 2.166782451240578666e-06 6.890233805734169437e-08 6.982999734006511972e-10 1.253432036982249365e-13 5.925983614929464238e-08 4.107239419681718573e-06 1.666151511017233133e-04 3.982097376137971878e-03 5.607623979449272156e-02 4.652751982212066650e-01 2.274615049362182617e+00 6.552000522613525391e+00 1.112006855010986328e+01 1.112006855010986328e+01 6.552007675170898438e+00 2.274618625640869141e+00 4.652751684188842773e-01 5.607618391513824463e-02 3.982116002589464188e-03 1.666151365498080850e-04 4.107042968826135620e-06 5.904253086441713094e-08 1.318080644630015286e-09 6.917518646787357284e-08 2.166728563679498620e-06 3.976755397161468863e-05 4.297012346796691418e-04 2.737704431638121605e-03 1.026987098157405853e-02 2.271534688770771027e-02 2.958232350647449493e-02
2.271151728928089142e-02 1.026816759258508682e-02 2.737253671512007713e-03 4.296310944482684135e-04 3.976065272581763566e-05 2.166423200833378360e-06 6.889144543720249203e-08 6.897811766215511398e-10 -6.780913504311758544e-12 5.926608537265565246e-08 4.107062068214872852e-06 1.666118769207969308e-04 3.982020076364278793e-03 5.607517436146736145e-02 4.652664363384246826e-01 2.274572849273681641e+00 6.551874637603759766e+00 1.111985397338867188e+01 1.111985397338867188e+01 6.551883697509765625e+00 2.274576663970947266e+00 4.652664363384246826e-01 5.607511848211288452e-02 3.982038237154483795e-03 1.666119351284578443e-04 4.106915184820536524e-06 5.905232569602958392e-08 1.338071098366810929e-09 6.916617678598413477e-08 2.166320200558402576e-06 3.976072184741497040e-05 4.296287952456623316e-04 2.737241331487894058e-03 1.026813592761754990e-02 2.271149307489395142e-02 2.957728877663612366e-02
2.270818874239921570e-02 1.026665605604648590e-02 2.736852969974279404e-03 4.295680846553295851e-04 3.975488289142958820e-05 2.166145804949337617e-06 6.892203430197696434e-08 7.121226941464442461e-10 -2.127464870937956221e-11 5.927168089669976325e-08 4.106971573492046446e-06 1.666091120569035411e-04 3.981951624155044556e-03 5.607421696186065674e-02 4.652583599090576172e-01 2.274533510208129883e+00 6.551761627197265625e+00 1.111965942382812500e+01 1.111965942382812500e+01 6.551769256591796875e+00 2.274538278579711914e+00 4.652583599090576172e-01 5.607416853308677673e-02 3.981970250606536865e-03 1.666090101934969425e-04 4.106854248675517738e-06 5.901869215563237958e-08 1.362420176675982475e-09 6.914446259997930611e-08 2.166051444874028675e-06 3.975495201302692294e-05 4.295659309718757868e-04 2.736841095611453056e-03 1.026663184165954590e-02 2.270817011594772339e-02 2.957296371459960938e-02
2.270531281828880310e-02 1.026535127311944962e-02 2.736501861363649368e-03 4.295130202081054449e-04 3.974973515141755342e-05 2.165798377973260358e-06 6.887351844397926470e-08 7.436140037064831176e-10 2.362988450743674917e-11 5.930987612146054744e-08 4.106886080990079790e-06 1.666064927121624351e-04 3.981890622526407242e-03 5.607336759567260742e-02 4.652512967586517334e-01 2.274496078491210938e+00 6.551661491394042969e+00 1.111948871612548828e+01 1.111948871612548828e+01 6.551669597625732422e+00 2.274500131607055664e+00 4.652512371540069580e-01 5.607330426573753357e-02 3.981910180300474167e-03 1.666063762968406081e-04 4.106811047677183524e-06 5.902924726797209587e-08 1.361715962211462738e-09 6.917294115282857092e-08 2.165756768590654247e-06 3.974988794652745128e-05 4.295108956284821033e-04 2.736489987000823021e-03 1.026532426476478577e-02 2.270529977977275848e-02 2.956918813288211823e-02
2.270280010998249054e-02 1.026421692222356796e-02 2.736200578510761261e-03 4.294659011065959930e-04 3.974535502493381500e-05 2.165490741390385665e-06 6.882611813807670842e-08 8.195567557933713942e-10 4.748712187363501869e-11 5.934423086273454828e-08 4.106875167053658515e-06 1.666040770942345262e-04 3.981835674494504929e-03 5.607257783412933350e-02 4.652447998523712158e-01 2.274467706680297852e+00 6.551569461822509766e+00 1.111933898925781250e+01 1.111933898925781250e+01 6.551577568054199219e+00 2.274472236633300781e+00 4.652447700500488281e-01 5.607251822948455811e-02 3.981855232268571854e-03 1.666040770942345262e-04 4.106779670109972358e-06 5.898749222410515358e-08 1.315848430216703946e-09 6.916280881341663189e-08 2.165503019568859600e-06 3.974540959461592138e-05 4.294638056308031082e-04 2.736188936978578568e-03 1.026419084519147873e-02 2.270278334617614746e-02 2.956592850387096405e-02
2.270062640309333801e-02 1.026323717087507248e-02 2.735939575359225273e-03 4.294243408367037773e-04 3.974151695729233325e-05 2.165320893254829571e-06 6.885070291673400789e-08 8.765214110084684762e-10 2.756636238721021925e-11 5.930898083761348971e-08 4.106806500203674659e-06 1.666019379626959562e-04 3.981786314398050308e-03 5.607188493013381958e-02 4.652388095855712891e-01 2.274437904357910156e+00 6.551486492156982422e+00 1.111919689178466797e+01 1.111919689178466797e+01 6.551495552062988281e+00 2.274441957473754883e+00 4.652387797832489014e-01 5.607182905077934265e-02 3.981804940849542618e-03 1.666019961703568697e-04 4.106692813365953043e-06 5.899895327843296400e-08 1.381000536149201707e-09 6.913161598731676349e-08 2.165318619518075138e-06 3.974159335484728217e-05 4.294225946068763733e-04 2.735926536843180656e-03 1.026320829987525940e-02 2.270060032606124878e-02 2.956310659646987915e-02
2.269872836768627167e-02 1.026237010955810547e-02 2.735708607360720634e-03 4.293882520869374275e-04 3.973811908508650959e-05 2.165135811083018780e-06 6.881123226776253432e-08 7.373862631609995333e-10 1.359343844084537345e-12 5.927718405018822523e-08 4.106665528524899855e-06 1.665999734541401267e-04 3.981740679591894150e-03 5.607125163078308105e-02 4.652336239814758301e-01 2.274411201477050781e+00 6.551414012908935547e+00 1.111907005310058594e+01 1.111907005310058594e+01 6.551422595977783203e+00 2.274415493011474609e+00 4.652335941791534424e-01 5.607118457555770874e-02 3.981759771704673767e-03 1.666000171098858118e-04 4.106588221475249156e-06 5.904455591121404723e-08 1.321380893593016026e-09 6.912996752816980006e-08 2.165094201700412668e-06 3.973822458647191525e-05 4.293862439226359129e-04 2.735696732997894287e-03 1.026234496384859085e-02 2.269870601594448090e-02 2.956061251461505890e-02
2.269704826176166534e-02 1.026162412017583847e-02 2.735508373007178307e-03 4.293572274036705494e-04 3.973515049437992275e-05 2.164937995985383168e-06 6.877324665310879936e-08 8.160211950603013520e-10 3.572203643997795552e-11 5.924854917793709319e-08 4.106681899429531768e-06 1.665983145358040929e-04 3.981698770076036453e-03 5.607066303491592407e-02 4.652288258075714111e-01 2.274388790130615234e+00 6.551345825195312500e+00 1.111895847320556641e+01 1.111895847320556641e+01 6.551355361938476562e+00 2.274392843246459961e+00 4.652288258075714111e-01 5.607060343027114868e-02 3.981718793511390686e-03 1.665983436396345496e-04 4.106494543520966545e-06 5.908338351900965790e-08 1.351836309559928395e-09 6.914216044151544338e-08 2.164924808312207460e-06 3.973521961597725749e-05 4.293554520700126886e-04 2.735495567321777344e-03 1.026159897446632385e-02 2.269702963531017303e-02 2.955845929682254791e-02
2.269560471177101135e-02 1.026095822453498840e-02 2.735332353040575981e-03 4.293294914532452822e-04 3.973261482315137982e-05 2.164778152291546576e-06 6.876328484395344276e-08 7.201909069110001838e-10 1.697785488585790148e-11 5.928906432473013410e-08 4.106625510758021846e-06 1.665968593442812562e-04 3.981666173785924911e-03 5.607014894485473633e-02 4.652246534824371338e-01 2.274369478225708008e+00 6.551285743713378906e+00 1.111885547637939453e+01 1.111885547637939453e+01 6.551293849945068359e+00 2.274373769760131836e+00 4.652246534824371338e-01 5.607009679079055786e-02 3.981684800237417221e-03 1.665967720327898860e-04 4.106464075448457152e-06 5.908744782345820568e-08 1.370371705000650309e-09 6.916862105299514951e-08 2.164767465728800744e-06 3.973269122070632875e-05 4.293273377697914839e-04 2.735320013016462326e-03 1.026093121618032455e-02 2.269558236002922058e-02 2.955654822289943695e-02
2.269431948661804199e-02 1.026038452982902527e-02 2.735179848968982697e-03 4.293055390007793903e-04 3.973032289650291204e-05 2.164662873838096857e-06 6.874858371475056629e-08 6.753322345787182712e-10 1.082640379256039065e-13 5.929239321744717017e-08 4.106646883883513510e-06 1.665956078795716166e-04 3.981631249189376831e-03 5.606970191001892090e-02 4.652208089828491211e-01 2.274350643157958984e+00 6.551231861114501953e+00 1.111875820159912109e+01 1.111875820159912109e+01 6.551240921020507812e+00 2.274354457855224609e+00 4.652207493782043457e-01 5.606963112950325012e-02 3.981649875640869141e-03 1.665953459450975060e-04 4.106427240913035348e-06 5.907676836613973137e-08 1.371091684632119723e-09 6.918027395386161515e-08 2.164650368285947479e-06 3.973046477767638862e-05 4.293031524866819382e-04 2.735168905928730965e-03 1.026035659015178680e-02 2.269429340958595276e-02 2.955489233136177063e-02
2.269320748746395111e-02 1.025986764580011368e-02 2.735044574365019798e-03 4.292842932045459747e-04 3.972840931965038180e-05 2.164586248909472488e-06 6.868551594152449979e-08 6.411702835329435857e-10 -3.163114561943736192e-11 5.926234791786555434e-08 4.106530468561686575e-06 1.665943709667772055e-04 3.981603775173425674e-03 5.606932565569877625e-02 4.652175009250640869e-01 2.274334192276000977e+00 6.551188945770263672e+00 1.111869239807128906e+01 1.111869239807128906e+01 6.551196575164794922e+00 2.274338245391845703e+00 4.652174413204193115e-01 5.606925487518310547e-02 3.981623798608779907e-03 1.665942982072010636e-04 4.106471351406071335e-06 5.907166666929697385e-08 1.402934324268301225e-09 6.915739447777013993e-08 2.164562602047226392e-06 3.972860577050596476e-05 4.292817902751266956e-04 2.735031303018331528e-03 1.025984250009059906e-02 2.269317954778671265e-02 2.955344319343566895e-02
2.269220165908336639e-02 1.025942247360944748e-02 2.734923502430319786e-03 4.292652010917663574e-04 3.972671402152627707e-05 2.164586476283147931e-06 6.871940172459289897e-08 6.631996618544633293e-10 -3.536066578435637098e-11 5.923532242491091893e-08 4.106499090994475409e-06 1.665935560595244169e-04 3.981587011367082596e-03 5.606904998421669006e-02 4.652154445648193359e-01 2.274323225021362305e+00 6.551159858703613281e+00 1.111863327026367188e+01 1.111863327026367188e+01 6.551166534423828125e+00 2.274327516555786133e+00 4.652154147624969482e-01 5.606899037957191467e-02 3.981605637818574905e-03 1.665934541961178184e-04 4.106419055460719392e-06 5.907538636051867798e-08 1.316287856489850583e-09 6.910396876946833800e-08 2.164497345802374184e-06 3.972682316089048982e-05 4.292629309929907322e-04 2.734911860898137093e-03 1.025939732789993286e-02 2.269217185676097870e-02 2.955212816596031189e-02
2.269132249057292938e-02 1.025902759283781052e-02 2.734817331656813622e-03 4.292485245969146490e-04 3.972504418925382197e-05 2.164459147024899721e-06 6.862352819325678865e-08 7.461494755389708189e-10 -5.527144020245344791e-11 5.927748958356460207e-08 4.106555479665985331e-06 1.665934396442025900e-04 3.981586080044507980e-03 5.606904998421669006e-02 4.652154445648193359e-01 2.274324178695678711e+00 6.551156520843505859e+00 1.111863994598388672e+01 1.111863994598388672e+01 6.551165580749511719e+00 2.274327754974365234e+00 4.652153849601745605e-01 5.606899410486221313e-02 3.981605172157287598e-03 1.665934978518635035e-04 4.106410870008403435e-06 5.902552047132303414e-08 1.306159180813892817e-09 6.910346428412594832e-08 2.164351371902739629e-06 3.972522608819417655e-05 4.292466910555958748e-04 2.734805690124630928e-03 1.025899779051542282e-02 2.269130758941173553e-02 2.955097518861293793e-02
2.269054949283599854e-02 1.025867182761430740e-02 2.734725363552570343e-03 4.292340017855167389e-04 3.972365811932832003e-05 2.164355009881546721e-06 6.866407886718661757e-08 6.748968606196115161e-10 -1.523663660518703722e-11 5.931618929366777593e-08 4.106585492991143838e-06 1.665954041527584195e-04 3.981634043157100677e-03 5.606972798705101013e-02 4.652210474014282227e-01 2.274352073669433594e+00 6.551238536834716797e+00 1.111877346038818359e+01 1.111877346038818359e+01 6.551245689392089844e+00 2.274356126785278320e+00 4.652210175991058350e-01 5.606966093182563782e-02 3.981654066592454910e-03 1.665955351199954748e-04 4.106554570171283558e-06 5.904698596737034677e-08 1.305031860354688433e-09 6.913048622436690493e-08 2.164267925763851963e-06 3.972391277784481645e-05 4.292319354135543108e-04 2.734713722020387650e-03 1.025864575058221817e-02 2.269051596522331238e-02 2.954996936023235321e-02
2.268986590206623077e-02 1.025836449116468430e-02 2.734643407166004181e-03 4.292209923733025789e-04 3.972257036366499960e-05 2.164279294447624125e-06 6.861291979021189036e-08 5.828284521669502283e-10 -1.199223914616354136e-10 5.922040102745995682e-08 4.106742380827199668e-06 1.666025054873898625e-04 3.981800284236669540e-03 5.607205256819725037e-02 4.652404189109802246e-01 2.274446010589599609e+00 6.551510334014892578e+00 1.111923503875732422e+01 1.111923503875732422e+01 6.551519393920898438e+00 2.274449825286865234e+00 4.652403891086578369e-01 5.607200413942337036e-02 3.981818445026874542e-03 1.666025054873898625e-04 4.106701453565619886e-06 5.895502042108091700e-08 1.244460090532584218e-09 6.907870897521206643e-08 2.164159468520665541e-06 3.972275590058416128e-05 4.292191297281533480e-04 2.734630368649959564e-03 1.025833468884229660e-02 2.268983609974384308e-02 2.954907529056072235e-02
2.268924564123153687e-02 1.025809720158576965e-02 2.734566573053598404e-03 4.292096127755939960e-04 3.972150807385332882e-05 2.164229272239026614e-06 6.867485069506074069e-08 5.475686015721237254e-10 -1.809879468517294754e-10 5.923796564388794650e-08 4.107189852220471948e-06 1.666210591793060303e-04 3.982246853411197662e-03 5.607835203409194946e-02 4.652925729751586914e-01 2.274701356887817383e+00 6.552244663238525391e+00 1.112048530578613281e+01 1.112048530578613281e+01 6.552252769470214844e+00 2.274705886840820312e+00 4.652925133705139160e-01 5.607829242944717407e-02 3.982266411185264587e-03 1.666211028350517154e-04 4.107189397473121062e-06 5.894075982837421179e-08 1.237435487411175927e-09 6.900380356000823667e-08 2.164063744203303941e-06 3.972160993725992739e-05 4.292076046112924814e-04 2.734554931521415710e-03 1.025807112455368042e-02 2.268922515213489532e-02 2.954829670488834381e-02
2.268872037529945374e-02 1.025784853845834732e-02 2.734504872933030128e-03 4.291994555387645960e-04 3.972053673351183534e-05 2.164143552363384515e-06 6.864186019583939924e-08 6.110379979773483683e-10 -2.441409296949359486e-10 5.916432144204009091e-08 4.108138909941771999e-06 1.666653843130916357e-04 3.983305767178535461e-03 5.609323829412460327e-02 4.654162228107452393e-01 2.275305509567260742e+00 6.553983688354492188e+00 1.112343597412109375e+01 1.112343597412109375e+01 6.553993225097656250e+00 2.275310039520263672e+00 4.654162228107452393e-01 5.609319359064102173e-02 3.983324859291315079e-03 1.666655007284134626e-04 4.108213033759966493e-06 5.892725241096741229e-08 1.229276347380903189e-09 6.897359838831107481e-08 2.163987119274679571e-06 3.972071863245218992e-05 4.291975055821239948e-04 2.734491834416985512e-03 1.025781966745853424e-02 2.268869988620281219e-02 2.954757958650588989e-02
2.268823608756065369e-02 1.025763340294361115e-02 2.734448527917265892e-03 4.291902296245098114e-04 3.971969636040739715e-05 2.164105580959585495e-06 6.864786428195657209e-08 6.785086936744733066e-10 -2.511348629052889692e-10 5.918449730302199896e-08 4.110587724426295608e-06 1.667618635110557079e-04 3.985608927905559540e-03 5.612573027610778809e-02 4.656857550144195557e-01 2.276621580123901367e+00 6.557778835296630859e+00 1.112987899780273438e+01 1.112987899780273438e+01 6.557786464691162109e+00 2.276626825332641602e+00 4.656856954097747803e-01 5.612567067146301270e-02 3.985628485679626465e-03 1.667618635110557079e-04 4.110597728868015110e-06 5.895568122582517390e-08 1.242209668461669025e-09 6.892813075864978600e-08 2.163968474633293226e-06 3.971985279349610209e-05 4.291881050448864698e-04 2.734434325248003006e-03 1.025760639458894730e-02 2.268821559846401215e-02 2.954697050154209137e-02
2.268784120678901672e-02 1.025745458900928497e-02 2.734397305175662041e-03 4.291826626285910606e-04 3.971898331656120718e-05 2.164081251976313069e-06 6.868703650297902641e-08 7.247462630033396636e-10 -2.074297261733804021e-10 5.927418555984331761e-08 4.115366209589410573e-06 1.669559133006259799e-04 3.990249708294868469e-03 5.619105324149131775e-02 4.662275910377502441e-01 2.279272079467773438e+00 6.565413475036621094e+00 1.114283466339111328e+01 1.114283466339111328e+01 6.565421581268310547e+00 2.279276371002197266e+00 4.662275910377502441e-01 5.619098991155624390e-02 3.990268334746360779e-03 1.669560151640325785e-04 4.115311185159953311e-06 5.904849231797015818e-08 1.180264219691196104e-09 6.889739267990080407e-08 2.163884346373379230e-06 3.971917612943798304e-05 4.291805380489677191e-04 2.734385430812835693e-03 1.025742478668689728e-02 2.268781885504722595e-02 2.954644523561000824e-02
2.268756553530693054e-02 1.025733258575201035e-02 2.734364243224263191e-03 4.291777149774134159e-04 3.971847036154940724e-05 2.164098759749322198e-06 6.872242863664723700e-08 7.332504048385146689e-10 -2.337477433833612395e-10 5.932276536668723566e-08 4.124229235458187759e-06 1.673182705417275429e-04 3.998910542577505112e-03 5.631301179528236389e-02 4.672395586967468262e-01 2.284219026565551758e+00 6.579659461975097656e+00 1.116701984405517578e+01 1.116701984405517578e+01 6.579668045043945312e+00 2.284223079681396484e+00 4.672395586967468262e-01 5.631294846534729004e-02 3.998930100351572037e-03 1.673184451647102833e-04 4.124225597479380667e-06 5.923227774928818690e-08 1.157907436599714401e-09 6.885017000968218781e-08 2.163858880521729589e-06 3.971868500229902565e-05 4.291756777092814445e-04 2.734352368861436844e-03 1.025730371475219727e-02 2.268754318356513977e-02 2.954608015716075897e-02
2.268764562904834747e-02 1.025735773146152496e-02 2.734374254941940308e-03 4.291793447919189930e-04 3.971861951868049800e-05 2.164075340260751545e-06 6.877885994072130416e-08 6.788198336771245067e-10 -1.902818735910472014e-10 5.954071369274060999e-08 4.139769771427381784e-06 1.679458946455270052e-04 4.013910423964262009e-03 5.652424320578575134e-02 4.689922928810119629e-01 2.292788028717041016e+00 6.604342937469482422e+00 1.120890426635742188e+01 1.120890426635742188e+01 6.604351043701171875e+00 2.292792558670043945e+00 4.689922630786895752e-01 5.652418360114097595e-02 4.013930447399616241e-03 1.679460838204249740e-04 4.139689735893625766e-06 5.952225023975188378e-08 1.223413925721672513e-09 6.887358239282548311e-08 2.163834096791106276e-06 3.971880869357846677e-05 4.291771620046347380e-04 2.734361682087182999e-03 1.025732886046171188e-02 2.268762513995170593e-02 2.954619564116001129e-02
2.268875204026699066e-02 1.025786623358726501e-02 2.734509296715259552e-03 4.291999212000519037e-04 3.972064587287604809e-05 2.164224497391842306e-06 6.866037693953330745e-08 6.526052476196753105e-10 -2.574221669160436932e-10 5.989582518850511406e-08 4.164641268289415166e-06 1.689547207206487656e-04 4.038020502775907516e-03 5.686378479003906250e-02 4.718093276023864746e-01 2.306559801101684570e+00 6.644011974334716797e+00 1.127623462677001953e+01 1.127623462677001953e+01 6.644022464752197266e+00 2.306563854217529297e+00 4.718092978000640869e-01 5.686371773481369019e-02 4.038041457533836365e-03 1.689548953436315060e-04 4.164542133366921917e-06 5.987491391579169431e-08 1.145812555947145484e-09 6.884776837523531867e-08 2.163918907172046602e-06 3.972070408053696156e-05 4.291977384127676487e-04 2.734496956691145897e-03 1.025783829391002655e-02 2.268872782588005066e-02 2.954763360321521759e-02
2.269273437559604645e-02 1.025966368615627289e-02 2.734985901042819023e-03 4.292755038477480412e-04 3.972766353399492800e-05 2.164653096770052798e-06 6.880876668446944677e-08 6.538571906133938683e-10 -2.497962670044984179e-10 6.036243149765141425e-08 4.201765477773733437e-06 1.704581372905522585e-04 4.073954187333583832e-03 5.736977607011795044e-02 4.760076999664306641e-01 2.327084302902221680e+00 6.703135013580322266e+00 1.137657356262207031e+01 1.137657356262207031e+01 6.703140735626220703e+00 2.327087879180908203e+00 4.760076999664306641e-01 5.736971646547317505e-02 4.073972813785076141e-03 1.704582973616197705e-04 4.201600859232712537e-06 6.045014089295364101e-08 1.139584648868208205e-09 6.890581261131956126e-08 2.164358420486678369e-06 3.972769263782538474e-05 4.292733210604637861e-04 2.734973328188061714e-03 1.025963667780160904e-02 2.269271202385425568e-02 2.955283410847187042e-02
2.270376496016979218e-02 1.026464905589818954e-02 2.736316295340657234e-03 4.294839745853096247e-04 3.974691207986325026e-05 2.165649675589520484e-06 6.874734026496298611e-08 5.804882685644940921e-10 -2.903899898321071760e-10 6.110715844442893285e-08 4.252977305441163480e-06 1.725330075714737177e-04 4.123544786125421524e-03 5.806811898946762085e-02 4.818021953105926514e-01 2.355412006378173828e+00 6.784729957580566406e+00 1.151506137847900391e+01 1.151506137847900391e+01 6.784737110137939453e+00 2.355416297912597656e+00 4.818021655082702637e-01 5.806806311011314392e-02 4.123564343899488449e-03 1.725332258502021432e-04 4.252813596394844353e-06 6.114650119570796960e-08 1.156889806175342983e-09 6.891971082723102882e-08 2.165344085369724780e-06 3.974699939135462046e-05 4.294819373171776533e-04 2.736304886639118195e-03 1.026461925357580185e-02 2.270374447107315063e-02 2.956717088818550110e-02
2.272982522845268250e-02 1.027642842382192612e-02 2.739455550909042358e-03 4.299769061617553234e-04 3.979256507591344416e-05 2.168140554204001091e-06 6.882741132585579180e-08 5.910442690826300804e-10 -2.666415421792578400e-10 6.208320257883315207e-08 4.317845650803064927e-06 1.751623640302568674e-04 4.186382517218589783e-03 5.895301327109336853e-02 4.891442358493804932e-01 2.391305208206176758e+00 6.888121128082275391e+00 1.169053363800048828e+01 1.169053363800048828e+01 6.888130664825439453e+00 2.391309738159179688e+00 4.891441762447357178e-01 5.895294994115829468e-02 4.186402074992656708e-03 1.751625677570700645e-04 4.317624188843183219e-06 6.214081338384858100e-08 1.215893830064374015e-09 6.903146498871137737e-08 2.167868615288170986e-06 3.979255779995582998e-05 4.299748688936233521e-04 2.739443909376859665e-03 1.027639769017696381e-02 2.272980473935604095e-02 2.960110455751419067e-02
2.278457023203372955e-02 1.030117180198431015e-02 2.746055833995342255e-03 4.310124204494059086e-04 3.988842581748031080e-05 2.173380607928265817e-06 6.894943993529523141e-08 5.436410766002097716e-10 -2.843144886188753162e-10 6.316950873497262364e-08 4.395024461700813845e-06 1.782937033567577600e-04 4.261224530637264252e-03 6.000696122646331787e-02 4.978887438774108887e-01 2.434054851531982422e+00 7.011263847351074219e+00 1.189953327178955078e+01 1.189953327178955078e+01 7.011272907257080078e+00 2.434059858322143555e+00 4.978887438774108887e-01 6.000686064362525940e-02 4.261245485395193100e-03 1.782939507393166423e-04 4.394857569423038512e-06 6.320434664530694135e-08 1.240446190209354427e-09 6.920882356098445598e-08 2.173043185393908061e-06 3.988837852375581861e-05 4.310100921429693699e-04 2.746043493971228600e-03 1.030114665627479553e-02 2.278453670442104340e-02 2.967240288853645325e-02
2.288252674043178558e-02 1.034547761082649231e-02 2.757863141596317291e-03 4.328659269958734512e-04 4.005995288025587797e-05 2.182769321734667756e-06 6.920983253166923532e-08 5.848068695968322572e-10 -2.984611446876783702e-10 6.435262633885940886e-08 4.478563369048060849e-06 1.816856820369139314e-04 4.342295695096254349e-03 6.114858016371726990e-02 5.073611736297607422e-01 2.480363130569458008e+00 7.144653320312500000e+00 1.212591743469238281e+01 1.212591743469238281e+01 7.144661903381347656e+00 2.480367898941040039e+00 5.073611140251159668e-01 6.114850193262100220e-02 4.342314321547746658e-03 1.816859439713880420e-04 4.478401933738496155e-06 6.438516919615722145e-08 1.263705806664461306e-09 6.952256370595932822e-08 2.182375510528800078e-06 4.005995288025587797e-05 4.328638024162501097e-04 2.757851732894778252e-03 1.034544873982667923e-02 2.288250438868999481e-02 2.980000898241996765e-02
2.303889766335487366e-02 1.041617058217525482e-02 2.776708221063017845e-03 4.358235455583781004e-04 4.033363074995577335e-05 2.197626372435479425e-06 6.967165688820387004e-08 6.446255196301819979e-10 -2.855561065384648600e-10 6.557745280133531196e-08 4.560208253678865731e-06 1.850004191510379314e-04 4.421516787260770798e-03 6.226420029997825623e-02 5.166177153587341309e-01 2.525616884231567383e+00 7.275003910064697266e+00 1.234715557098388672e+01 1.234715461730957031e+01 7.275014400482177734e+00 2.525621175765991211e+00 5.166175961494445801e-01 6.226413324475288391e-02 4.421536810696125031e-03 1.850004628067836165e-04 4.560106390272267163e-06 6.551969278234537342e-08 1.223952716955523101e-09 6.999415802511066431e-08 2.197277808591024950e-06 4.033359437016770244e-05 4.358216829132288694e-04 2.776695881038904190e-03 1.041614450514316559e-02 2.303887158632278442e-02 3.000361844897270203e-02
2.326186373829841614e-02 1.051697228103876114e-02 2.803583163768053055e-03 4.400418547447770834e-04 4.072403680766001344e-05 2.218938107034773566e-06 7.042285687930416316e-08 8.226386793985795975e-10 -2.163248746800405797e-10 6.674033414810764953e-08 4.631079718819819391e-06 1.878751645563170314e-04 4.490225110203027725e-03 6.323175877332687378e-02 5.246459245681762695e-01 2.564864158630371094e+00 7.388053894042968750e+00 1.253901958465576172e+01 1.253901958465576172e+01 7.388062953948974609e+00 2.564869403839111328e+00 5.246458649635314941e-01 6.323168426752090454e-02 4.490245133638381958e-03 1.878752955235540867e-04 4.630957391782430932e-06 6.656310347352700774e-08 1.204100485985293290e-09 7.072984686828931444e-08 2.218651843577390537e-06 4.072400406585074961e-05 4.400395555421710014e-04 2.803570590913295746e-03 1.051693968474864960e-02 2.326184138655662537e-02 3.029400296509265900e-02
2.354598045349121094e-02 1.064543053507804871e-02 2.837822306901216507e-03 4.454161098692566156e-04 4.122140671825036407e-05 2.246028088848106563e-06 7.128651446919320733e-08 6.868870472409582817e-10 -1.968009921693436581e-10 6.745857916712338920e-08 4.683594397647539154e-06 1.900079223560169339e-04 4.541202448308467865e-03 6.394961476325988770e-02 5.306017398834228516e-01 2.593981981277465820e+00 7.471930980682373047e+00 1.268137359619140625e+01 1.268137359619140625e+01 7.471940994262695312e+00 2.593986511230468750e+00 5.306017398834228516e-01 6.394955515861511230e-02 4.541221540421247482e-03 1.900081406347453594e-04 4.683531642513116822e-06 6.734832425081549445e-08 1.183510733859804986e-09 7.164722148900182219e-08 2.245697487524012104e-06 4.122140671825036407e-05 4.454140434972941875e-04 2.837809035554528236e-03 1.064540166407823563e-02 2.354595623910427094e-02 3.066401369869709015e-02
2.386982738971710205e-02 1.079184468835592270e-02 2.876854501664638519e-03 4.515428154263645411e-04 4.178844756097532809e-05 2.277008888995624147e-06 7.235433940877555870e-08 7.716627337117643037e-10 -1.482668848806767414e-10 6.791997009258921025e-08 4.713691851065959781e-06 1.912260486278682947e-04 4.570313263684511185e-03 6.435956060886383057e-02 5.340030193328857422e-01 2.610610246658325195e+00 7.519826412200927734e+00 1.276266002655029297e+01 1.276266002655029297e+01 7.519836902618408203e+00 2.610614538192749023e+00 5.340029001235961914e-01 6.435947865247726440e-02 4.570334218442440033e-03 1.912260777316987514e-04 4.713600901595782489e-06 6.792514284370554378e-08 1.203928290394173928e-09 7.265889934160441044e-08 2.276618943142239004e-06 4.178833842161111534e-05 4.515404580160975456e-04 2.876841230317950249e-03 1.079181581735610962e-02 2.386981248855590820e-02 3.108575567603111267e-02
2.420086599886417389e-02 1.094150729477405548e-02 2.916749566793441772e-03 4.578045627567917109e-04 4.236787935951724648e-05 2.308543116669170558e-06 7.342907082374949823e-08 6.658216200605693302e-10 -1.567417307057894504e-10 6.807791663732132292e-08 4.720719971373910084e-06 1.915118045872077346e-04 4.577130544930696487e-03 6.445554643869400024e-02 5.347996354103088379e-01 2.614503622055053711e+00 7.531043052673339844e+00 1.278170108795166016e+01 1.278170108795166016e+01 7.531051158905029297e+00 2.614509582519531250e+00 5.347996354103088379e-01 6.445547938346862793e-02 4.577150568366050720e-03 1.915118045872077346e-04 4.720648121292470023e-06 6.806717323115663021e-08 1.228989132684432661e-09 7.365216703192345449e-08 2.308205466761137359e-06 4.236783206579275429e-05 4.578022926580160856e-04 2.916736295446753502e-03 1.094147656112909317e-02 2.420083992183208466e-02 3.151685744524002075e-02
2.450434863567352295e-02 1.107871532440185547e-02 2.953329356387257576e-03 4.635456425603479147e-04 4.289924254408106208e-05 2.337508476557559334e-06 7.451330219510055031e-08 5.519261159214750023e-10 -1.916157510439830958e-10 6.787221451531877392e-08 4.707587322627659887e-06 1.909817801788449287e-04 4.564465954899787903e-03 6.427720934152603149e-02 5.333201289176940918e-01 2.607270956039428711e+00 7.510206222534179688e+00 1.274633979797363281e+01 1.274633979797363281e+01 7.510216712951660156e+00 2.607275962829589844e+00 5.333201289176940918e-01 6.427712738513946533e-02 4.564487375319004059e-03 1.909818965941667557e-04 4.707539574155816808e-06 6.783783845776270027e-08 1.173892205663662480e-09 7.453440531435262528e-08 2.337162186449859291e-06 4.289922435418702662e-05 4.635433724615722895e-04 2.953315619379281998e-03 1.107868552207946777e-02 2.450432628393173218e-02 3.191205859184265137e-02
2.475247532129287720e-02 1.119089778512716293e-02 2.983229467645287514e-03 4.682390426751226187e-04 4.333367178332991898e-05 2.361213773838244379e-06 7.522791634073655587e-08 5.497859389969050881e-10 -2.084904471288950845e-10 6.751430703388905386e-08 4.679319317801855505e-06 1.898375048767775297e-04 4.537114407867193222e-03 6.389205902814865112e-02 5.301245450973510742e-01 2.591647624969482422e+00 7.465204715728759766e+00 1.266996383666992188e+01 1.266996383666992188e+01 7.465214729309082031e+00 2.591652870178222656e+00 5.301244854927062988e-01 6.389199197292327881e-02 4.537137225270271301e-03 1.898376358440145850e-04 4.679407538787927479e-06 6.739686142509526690e-08 1.168384722305404466e-09 7.524857181806510198e-08 2.360847020099754445e-06 4.333374818088486791e-05 4.682366270571947098e-04 2.983216196298599243e-03 1.119086705148220062e-02 2.475245296955108643e-02 3.223519399762153625e-02
2.492931485176086426e-02 1.127084996551275253e-02 3.004548139870166779e-03 4.715849063359200954e-04 4.364334017736837268e-05 2.378162889726809226e-06 7.574336535753900534e-08 6.006259378743550315e-10 -2.417828992573589630e-10 6.701123567154354532e-08 4.641555733542190865e-06 1.883024378912523389e-04 4.500431008636951447e-03 6.337542831897735596e-02 5.258377790451049805e-01 2.570692777633666992e+00 7.404842376708984375e+00 1.256751441955566406e+01 1.256751441955566406e+01 7.404853820800781250e+00 2.570696830749511719e+00 5.258376598358154297e-01 6.337536126375198364e-02 4.500451497733592987e-03 1.883026416180655360e-04 4.641563464247155935e-06 6.683183073619147763e-08 1.205791355651797403e-09 7.576637273132291739e-08 2.377744749537669122e-06 4.364331107353791595e-05 4.715823160950094461e-04 3.004534402862191200e-03 1.127082016319036484e-02 2.492928504943847656e-02 3.246551752090454102e-02
2.503120526671409607e-02 1.131691411137580872e-02 3.016826696693897247e-03 4.735121619887650013e-04 4.382164843264035881e-05 2.387871290920884348e-06 7.603839691228131414e-08 6.836310961766400851e-10 -2.231320128665004177e-10 6.633575821979320608e-08 4.598933173838304356e-06 1.865762751549482346e-04 4.459176678210496902e-03 6.279449909925460815e-02 5.210178494453430176e-01 2.547126293182373047e+00 7.336966514587402344e+00 1.245230388641357422e+01 1.245230388641357422e+01 7.336975097656250000e+00 2.547131061553955078e+00 5.210177898406982422e-01 6.279443949460983276e-02 4.459196701645851135e-03 1.865765661932528019e-04 4.599032308760797605e-06 6.619765002824351541e-08 1.315121012090969543e-09 7.604067775446310407e-08 2.387437689321814105e-06 4.382161205285228789e-05 4.735098045784980059e-04 3.016811562702059746e-03 1.131688617169857025e-02 2.503118664026260376e-02 3.259820863604545593e-02
2.506371587514877319e-02 1.133160851895809174e-02 3.020743839442729950e-03 4.741268930956721306e-04 4.387852459331043065e-05 2.390972213106579147e-06 7.616456798587023513e-08 6.341557834410593841e-10 -1.987213865684012148e-10 6.571764998852813733e-08 4.555319264909485355e-06 1.848092069849371910e-04 4.416945856064558029e-03 6.219982728362083435e-02 5.160837769508361816e-01 2.523005485534667969e+00 7.267485618591308594e+00 1.233438491821289062e+01 1.233438491821289062e+01 7.267495632171630859e+00 2.523010015487670898e+00 5.160837769508361816e-01 6.219976022839546204e-02 4.416965413838624954e-03 1.848096289904788136e-04 4.555491614155471325e-06 6.559692877772249631e-08 1.332160937117521371e-09 7.613882502255364670e-08 2.390589770584483631e-06 4.387847002362832427e-05 4.741246521007269621e-04 3.020730800926685333e-03 1.133157871663570404e-02 2.506369538605213165e-02 3.264054283499717712e-02
2.503754012286663055e-02 1.131978165358304977e-02 3.017590148374438286e-03 4.736318078357726336e-04 4.383264968055300415e-05 2.388472239545080811e-06 7.606478646948744426e-08 6.744795277846549197e-10 -1.771208596457185536e-10 6.508511773972713854e-08 4.513159638008801267e-06 1.830987021094188094e-04 4.376062657684087753e-03 6.162410229444503784e-02 5.113067030906677246e-01 2.499653339385986328e+00 7.200214862823486328e+00 1.222022056579589844e+01 1.222022056579589844e+01 7.200223445892333984e+00 2.499657392501831055e+00 5.113067030906677246e-01 6.162403151392936707e-02 4.376081284135580063e-03 1.830989640438929200e-04 4.513281965046189725e-06 6.498541438304528128e-08 1.377430280946612129e-09 7.610475449837394990e-08 2.388058192082098685e-06 4.383267150842584670e-05 4.736292758025228977e-04 3.017576644197106361e-03 1.131975091993808746e-02 2.503751032054424286e-02 3.260644897818565369e-02
2.496522106230258942e-02 1.128707733005285263e-02 3.008869476616382599e-03 4.722634330391883850e-04 4.370606984593905509e-05 2.381623062319704331e-06 7.584008443473067018e-08 7.211181096700158832e-10 -1.578709385441356972e-10 6.452673773083006381e-08 4.473760327527998015e-06 1.814970310078933835e-04 4.337780643254518509e-03 6.108505278825759888e-02 5.068340301513671875e-01 2.477787017822265625e+00 7.137232303619384766e+00 1.211331558227539062e+01 1.211331558227539062e+01 7.137240886688232422e+00 2.477791070938110352e+00 5.068339705467224121e-01 6.108497828245162964e-02 4.337801132351160049e-03 1.814972347347065806e-04 4.473819899430964142e-06 6.444823696938328794e-08 1.321153408895270331e-09 7.588807449110390735e-08 2.381182184763019904e-06 4.370596798253245652e-05 4.722609010059386492e-04 3.008856438100337982e-03 1.128704566508531570e-02 2.496518939733505249e-02 3.251226618885993958e-02
2.485873177647590637e-02 1.123893726617097855e-02 2.996039809659123421e-03 4.702496225945651531e-04 4.351974712335504591e-05 2.371483333263313398e-06 7.554593395298070391e-08 6.368457983185749072e-10 -1.406358918210059983e-10 6.404676611282411614e-08 4.437497864273609594e-06 1.800265745259821415e-04 4.302629735320806503e-03 6.059002503752708435e-02 5.027263760566711426e-01 2.457707166671752930e+00 7.079390048980712891e+00 1.201514911651611328e+01 1.201514911651611328e+01 7.079400539398193359e+00 2.457712173461914062e+00 5.027263760566711426e-01 6.058995798230171204e-02 4.302650224417448044e-03 1.800266036298125982e-04 4.437597453943453729e-06 6.392714624325890327e-08 1.268199878445841478e-09 7.558166714716207935e-08 2.371069513174006715e-06 4.351965253590606153e-05 4.702470323536545038e-04 2.996026072651147842e-03 1.123891305178403854e-02 2.485870569944381714e-02 3.237360715866088867e-02
2.472857758402824402e-02 1.118009816855192184e-02 2.980354242026805878e-03 4.677872639149427414e-04 4.329187140683643520e-05 2.359009613428497687e-06 7.521386891085057869e-08 6.572390409687045576e-10 -1.582771136376948107e-10 6.354405712727384525e-08 4.404489573062164709e-06 1.786899956641718745e-04 4.270687233656644821e-03 6.014023721218109131e-02 4.989946186542510986e-01 2.439461469650268555e+00 7.026830673217773438e+00 1.192595577239990234e+01 1.192595577239990234e+01 7.026840686798095703e+00 2.439465999603271484e+00 4.989946186542510986e-01 6.014017760753631592e-02 4.270705860108137131e-03 1.786901266314089298e-04 4.404658739076694474e-06 6.346743930407683365e-08 1.256267201377170295e-09 7.521479972183442442e-08 2.358634674237691797e-06 4.329176590545102954e-05 4.677848191931843758e-04 2.980340272188186646e-03 1.118006557226181030e-02 2.472854964435100555e-02 3.220411017537117004e-02
2.458326518535614014e-02 1.111439149826765060e-02 2.962836995720863342e-03 4.650383489206433296e-04 4.303744572098366916e-05 2.345123675695504062e-06 7.469019180916802725e-08 6.538602437267115874e-10 -1.824481399292920969e-10 6.308975741831091000e-08 4.374787295091664419e-06 1.774819975253194571e-04 4.241821356117725372e-03 5.973369255661964417e-02 4.956216216087341309e-01 2.422971010208129883e+00 6.979335784912109375e+00 1.184535121917724609e+01 1.184535121917724609e+01 6.979344844818115234e+00 2.422975063323974609e+00 4.956216216087341309e-01 5.973361432552337646e-02 4.241842310875654221e-03 1.774821139406412840e-04 4.374899162939982489e-06 6.301711863443415496e-08 1.294887419511780990e-09 7.474672258922510082e-08 2.344720314795267768e-06 4.303733658161945641e-05 4.650359624065458775e-04 2.962824655696749687e-03 1.111436169594526291e-02 2.458323538303375244e-02 3.201489523053169250e-02
2.442953549325466156e-02 1.104489900171756744e-02 2.944312524050474167e-03 4.621303814928978682e-04 4.276828622096218169e-05 2.330460574739845470e-06 7.435475168904304155e-08 6.197757307369045066e-10 -1.710939862009652757e-10 6.264711771564179799e-08 4.347880349087063223e-06 1.763930340530350804e-04 4.215794615447521210e-03 5.936712771654129028e-02 4.925806224346160889e-01 2.408104658126831055e+00 6.936512947082519531e+00 1.177265930175781250e+01 1.177265930175781250e+01 6.936522006988525391e+00 2.408109426498413086e+00 4.925805926322937012e-01 5.936707183718681335e-02 4.215811844915151596e-03 1.763933105394244194e-04 4.347985395725117996e-06 6.267232066647920874e-08 1.258676607385211810e-09 7.431921744682767894e-08 2.330100642211618833e-06 4.276823892723768950e-05 4.621279367711395025e-04 2.944299252703785896e-03 1.104486919939517975e-02 2.442950755357742310e-02 3.181464597582817078e-02
2.427254058420658112e-02 1.097391825169324875e-02 2.925390843302011490e-03 4.591605102177709341e-04 4.249337143846787512e-05 2.315429355803644285e-06 7.387181000240161666e-08 6.263527474459351652e-10 -1.857127646109901775e-10 6.231471871842586552e-08 4.323710527387447655e-06 1.754121913108974695e-04 4.192352760583162308e-03 5.903710424900054932e-02 4.898416996002197266e-01 2.394716262817382812e+00 6.897948265075683594e+00 1.170720767974853516e+01 1.170720767974853516e+01 6.897957801818847656e+00 2.394720792770385742e+00 4.898416996002197266e-01 5.903703719377517700e-02 4.192372318357229233e-03 1.754125842126086354e-04 4.323762368585448712e-06 6.226917292906364310e-08 1.235693214418631669e-09 7.384016953437821940e-08 2.315116262252558954e-06 4.249336780048906803e-05 4.591580945998430252e-04 2.925376873463392258e-03 1.097388938069343567e-02 2.427251450717449188e-02 3.161020204424858093e-02
2.411611191928386688e-02 1.090318895876407623e-02 2.906536683440208435e-03 4.562014655675739050e-04 4.221957351546734571e-05 2.300542291777674109e-06 7.343851393670774996e-08 4.956777766018660714e-10 -1.823131645650732935e-10 6.201556601581614814e-08 4.302024535718373954e-06 1.745295303408056498e-04 4.171255044639110565e-03 5.873995274305343628e-02 4.873763322830200195e-01 2.382663726806640625e+00 6.863224983215332031e+00 1.164828586578369141e+01 1.164828586578369141e+01 6.863235950469970703e+00 2.382668256759643555e+00 4.873763322830200195e-01 5.873988941311836243e-02 4.171273205429315567e-03 1.745297922752797604e-04 4.301954959373688325e-06 6.192056645204502274e-08 1.218549594561579852e-09 7.333989771041160566e-08 2.300178948644315824e-06 4.221952622174285352e-05 4.561989335343241692e-04 2.906524576246738434e-03 1.090316101908683777e-02 2.411608770489692688e-02 3.140648826956748962e-02
2.396307140588760376e-02 1.083400100469589233e-02 2.888090210035443306e-03 4.533059254754334688e-04 4.195158180664293468e-05 2.285897380716050975e-06 7.288815595529740676e-08 5.063855446074683186e-10 -2.206457655473670343e-10 6.167994826000722242e-08 4.282430836610728875e-06 1.737348939059302211e-04 4.152261652052402496e-03 5.847253650426864624e-02 4.851574599742889404e-01 2.371817111968994141e+00 6.831979274749755859e+00 1.159524631500244141e+01 1.159524631500244141e+01 6.831989765167236328e+00 2.371820688247680664e+00 4.851574599742889404e-01 5.847248062491416931e-02 4.152280744165182114e-03 1.737350248731672764e-04 4.282340341887902468e-06 6.155931941975723021e-08 1.253523840283321533e-09 7.286600833822376444e-08 2.285543132529710419e-06 4.195154906483367085e-05 4.533035389613360167e-04 2.888076705858111382e-03 1.083397027105093002e-02 2.396305091679096222e-02 3.120718523859977722e-02
2.381536923348903656e-02 1.076721958816051483e-02 2.870290307328104973e-03 4.505121323745697737e-04 4.169297244516201317e-05 2.271807261422509328e-06 7.236928922793595120e-08 4.435875000652345079e-10 -1.558042861393715839e-10 6.151040565782750491e-08 4.264940344000933692e-06 1.730197400320321321e-04 4.135169088840484619e-03 5.823181942105293274e-02 4.831605851650238037e-01 2.362050771713256836e+00 6.803859233856201172e+00 1.154751491546630859e+01 1.154751491546630859e+01 6.803868293762207031e+00 2.362055063247680664e+00 4.831605851650238037e-01 5.823174491524696350e-02 4.135187715291976929e-03 1.730199292069301009e-04 4.264788458385737613e-06 6.135105223847858724e-08 1.264305549142363816e-09 7.244466360134538263e-08 2.271469156767125241e-06 4.169294697931036353e-05 4.505098040681332350e-04 2.870278200134634972e-03 1.076719071716070175e-02 2.381534129381179810e-02 3.101482428610324860e-02
2.367438375949859619e-02 1.070348266512155533e-02 2.853298559784889221e-03 4.478452610783278942e-04 4.144621198065578938e-05 2.258347194583620876e-06 7.199649587619205704e-08 4.201822501048724234e-10 -1.802312465937205843e-10 6.125850404714583419e-08 4.249124231137102470e-06 1.723761233733966947e-04 4.119783639907836914e-03 5.801521614193916321e-02 4.813626706600189209e-01 2.353265285491943359e+00 6.778546333312988281e+00 1.150455093383789062e+01 1.150455093383789062e+01 6.778553485870361328e+00 2.353269815444946289e+00 4.813626706600189209e-01 5.801515281200408936e-02 4.119803663343191147e-03 1.723763853078708053e-04 4.248927325534168631e-06 6.110963823857673560e-08 1.285831663366820976e-09 7.199862039897197974e-08 2.258046379211009480e-06 4.144616832491010427e-05 4.478426417335867882e-04 2.853285288438200951e-03 1.070345472544431686e-02 2.367435023188591003e-02 3.083123452961444855e-02
2.354097180068492889e-02 1.064316648989915848e-02 2.837218577042222023e-03 4.453216388355940580e-04 4.121263191336765885e-05 2.245599716843571514e-06 7.154658021590876160e-08 4.612057957764648108e-10 -1.525446158279208930e-10 6.099865146325100795e-08 4.234755579091142863e-06 1.717967679724097252e-04 4.105940461158752441e-03 5.782021209597587585e-02 4.797451496124267578e-01 2.345354080200195312e+00 6.755768299102783203e+00 1.146589756011962891e+01 1.146589756011962891e+01 6.755777835845947266e+00 2.345358371734619141e+00 4.797451198101043701e-01 5.782014504075050354e-02 4.105959087610244751e-03 1.717970590107142925e-04 4.234669631841825321e-06 6.090281345905168564e-08 1.273121941203214647e-09 7.160469550626658020e-08 2.245316863991320133e-06 4.121260644751600921e-05 4.453189612831920385e-04 2.837205072864890099e-03 1.064313761889934540e-02 2.354094758629798889e-02 3.065747767686843872e-02
2.341562695801258087e-02 1.058648433536291122e-02 2.822109963744878769e-03 4.429500841069966555e-04 4.099319994566030800e-05 2.233626901215757243e-06 7.104908661403896986e-08 4.422474608745119440e-10 -2.021326855894400865e-10 6.079793024582613725e-08 4.221958533889846876e-06 1.712753000902011991e-04 4.093480296432971954e-03 5.764476582407951355e-02 4.782892465591430664e-01 2.338237285614013672e+00 6.735261440277099609e+00 1.143109893798828125e+01 1.143109893798828125e+01 6.735269069671630859e+00 2.338242769241333008e+00 4.782891571521759033e-01 5.764469876885414124e-02 4.093497991561889648e-03 1.712755911285057664e-04 4.221781182423001155e-06 6.062999347022923757e-08 1.233003810163779690e-09 7.123344403225928545e-08 2.233358600278734230e-06 4.099307989235967398e-05 4.429477558005601168e-04 2.822098089382052422e-03 1.058645360171794891e-02 2.341560274362564087e-02 3.049423173069953918e-02
2.329764515161514282e-02 1.053314842283725739e-02 2.807891461998224258e-03 4.407186061143875122e-04 4.078665733686648309e-05 2.222389184680650942e-06 7.060286577598162694e-08 5.058997665230435814e-10 -1.805344485017457146e-10 6.068341917853103951e-08 4.210446149954805151e-06 1.708061172394081950e-04 4.082265775650739670e-03 5.748682841658592224e-02 4.769787192344665527e-01 2.331833124160766602e+00 6.716811656951904297e+00 1.139978027343750000e+01 1.139978027343750000e+01 6.716821670532226562e+00 2.331837892532348633e+00 4.769786894321441650e-01 5.748677626252174377e-02 4.082284867763519287e-03 1.708062918623909354e-04 4.210246061120415106e-06 6.050589007600137847e-08 1.296971863240514722e-09 7.087369624514394673e-08 2.222054490630398504e-06 4.078653728356584907e-05 4.407160740811377764e-04 2.807879354804754257e-03 1.053311955183744431e-02 2.329762279987335205e-02 3.034059517085552216e-02
2.318647690117359161e-02 1.048288866877555847e-02 2.794493921101093292e-03 4.386152722872793674e-04 4.059201819472946227e-05 2.211766286563943140e-06 7.031977844462744542e-08 6.004397534731253927e-10 -1.610962474529742394e-10 6.051423184771920205e-08 4.200142484478419647e-06 1.703840971458703279e-04 4.072175361216068268e-03 5.734470114111900330e-02 4.757997095584869385e-01 2.326066493988037109e+00 6.700207233428955078e+00 1.137159729003906250e+01 1.137159729003906250e+01 6.700216293334960938e+00 2.326071262359619141e+00 4.757996201515197754e-01 5.734464526176452637e-02 4.072193056344985962e-03 1.703840098343789577e-04 4.199856903142062947e-06 6.039417854708517552e-08 1.363117285713144611e-09 7.052341999269629014e-08 2.211447508670971729e-06 4.059191996930167079e-05 4.386131768114864826e-04 2.794480882585048676e-03 1.048285886645317078e-02 2.318645268678665161e-02 3.019583038985729218e-02
2.308169193565845490e-02 1.043550670146942139e-02 2.781865652650594711e-03 4.366333596408367157e-04 4.040854764753021300e-05 2.201800043621915393e-06 7.002849145010259235e-08 6.731077362154280763e-10 -1.104879382429757584e-10 6.042820643870072672e-08 4.190744675724999979e-06 1.700040738796815276e-04 4.063088446855545044e-03 5.721676722168922424e-02 4.747386574745178223e-01 2.320879220962524414e+00 6.685261249542236328e+00 1.134623813629150391e+01 1.134623813629150391e+01 6.685269355773925781e+00 2.320883274078369141e+00 4.747385978698730469e-01 5.721671134233474731e-02 4.063108470290899277e-03 1.700039865681901574e-04 4.190515937807504088e-06 6.028539445424030419e-08 1.325233034421557932e-09 7.024722492587898159e-08 2.201482402597321197e-06 4.040854037157259881e-05 4.366310895420610905e-04 2.781853312626481056e-03 1.043547876179218292e-02 2.308166213333606720e-02 3.005936369299888611e-02
2.298292331397533417e-02 1.039087306708097458e-02 2.769964281469583511e-03 4.347651265561580658e-04 4.023572546429932117e-05 2.192418605773127638e-06 6.966182297674095025e-08 5.946721448601977045e-10 -1.063325538730452990e-10 6.031756072388816392e-08 4.182348675385583192e-06 1.696620602160692215e-04 4.054916091263294220e-03 5.710170045495033264e-02 4.737831354141235352e-01 2.316208362579345703e+00 6.671812057495117188e+00 1.132340717315673828e+01 1.132340717315673828e+01 6.671819686889648438e+00 2.316212415695190430e+00 4.737830758094787598e-01 5.710163339972496033e-02 4.054935649037361145e-03 1.696620456641539931e-04 4.182071734248893335e-06 6.010683506474379101e-08 1.280636374723087556e-09 6.990907763793074992e-08 2.192058900618576445e-06 4.023564906674437225e-05 4.347626818343997002e-04 2.769951010122895241e-03 1.039084047079086304e-02 2.298290841281414032e-02 2.993075922131538391e-02
2.289039827883243561e-02 1.034902781248092651e-02 2.758810296654701233e-03 4.330146475695073605e-04 4.007369716418907046e-05 2.183597416660632007e-06 6.934475749176272075e-08 5.892719090461184805e-10 -6.947889485964253709e-11 6.021806342459967709e-08 4.174660261924145743e-06 1.693542290013283491e-04 4.047558177262544632e-03 5.699805170297622681e-02 4.729239046573638916e-01 2.312006473541259766e+00 6.659706115722656250e+00 1.130285739898681641e+01 1.130285739898681641e+01 6.659713745117187500e+00 2.312010765075683594e+00 4.729238748550415039e-01 5.699799209833145142e-02 4.047576803714036942e-03 1.693541416898369789e-04 4.174431069259298965e-06 6.001635455277209985e-08 1.230003099372822817e-09 6.966837418076465838e-08 2.183245214837370440e-06 4.007360985269770026e-05 4.330122901592403650e-04 2.758798189461231232e-03 1.034899894148111343e-02 2.289037406444549561e-02 2.981022559106349945e-02
2.280867099761962891e-02 1.031208969652652740e-02 2.748959930613636971e-03 4.314687394071370363e-04 3.993059726781211793e-05 2.175736881326884031e-06 6.905710137061760179e-08 6.423603871041905222e-10 -6.942459801484446302e-11 6.006231245692106313e-08 4.167750830674776807e-06 1.690770732238888741e-04 4.040934611111879349e-03 5.690486356616020203e-02 4.721501767635345459e-01 2.308225393295288086e+00 6.648813724517822266e+00 1.128437995910644531e+01 1.128437995910644531e+01 6.648820400238037109e+00 2.308229446411132812e+00 4.721500575542449951e-01 5.690478160977363586e-02 4.040952306240797043e-03 1.690771023277193308e-04 4.167568022239720449e-06 5.997394225687457947e-08 1.274901073600176460e-09 6.939916374903987162e-08 2.175388317482429557e-06 3.993052814621478319e-05 4.314660909585654736e-04 2.748948289081454277e-03 1.031206268817186356e-02 2.280865609645843506e-02 2.970381267368793488e-02
2.274067513644695282e-02 1.028134208172559738e-02 2.740763826295733452e-03 4.301822627894580364e-04 3.981163536082021892e-05 2.169260142181883566e-06 6.887658088317039073e-08 6.611666214517697426e-10 -1.024893225842760103e-10 5.995520524493258563e-08 4.161591732554370537e-06 1.688277116045355797e-04 4.034979268908500671e-03 5.682092532515525818e-02 4.714536666870117188e-01 2.304819345474243164e+00 6.639009475708007812e+00 1.126773166656494141e+01 1.126773166656494141e+01 6.639018058776855469e+00 2.304823160171508789e+00 4.714536368846893311e-01 5.682086572051048279e-02 4.034997429698705673e-03 1.688277698121964931e-04 4.161418473813682795e-06 5.983870465797735960e-08 1.294317097944031048e-09 6.920272710431163432e-08 2.168958872061921284e-06 3.981148256571032107e-05 4.301799926906824112e-04 2.740751253440976143e-03 1.028131507337093353e-02 2.274064905941486359e-02 2.961524389684200287e-02
2.268783189356327057e-02 1.025744620710611343e-02 2.734395209699869156e-03 4.291826335247606039e-04 3.971911792177706957e-05 2.164224042644491419e-06 6.874639524312442518e-08 5.684019366292147879e-10 -1.488042744579587406e-10 5.985878459568994003e-08 4.155980604991782457e-06 1.686033647274598479e-04 4.029615316540002823e-03 5.674538388848304749e-02 4.708272516727447510e-01 2.301757335662841797e+00 6.630180358886718750e+00 1.125275993347167969e+01 1.125275993347167969e+01 6.630188941955566406e+00 2.301760911941528320e+00 4.708272516727447510e-01 5.674535036087036133e-02 4.029633942991495132e-03 1.686032337602227926e-04 4.155850547249428928e-06 5.979920558729645563e-08 1.301593055558214473e-09 6.902440929934527958e-08 2.163943690902669914e-06 3.971897967858240008e-05 4.291804798413068056e-04 2.734382404014468193e-03 1.025741640478372574e-02 2.268780954182147980e-02 2.954643592238426208e-02
2.265034057199954987e-02 1.024050079286098480e-02 2.729876665398478508e-03 4.284733440726995468e-04 3.965342693845741451e-05 2.160590838684584014e-06 6.859354328980771243e-08 6.080562164889613541e-10 -1.242604491524801347e-10 5.983827122690854594e-08 4.150991117057856172e-06 1.684013841440901160e-04 4.024786874651908875e-03 5.667743459343910217e-02 4.702632129192352295e-01 2.298998832702636719e+00 6.622236728668212891e+00 1.123927497863769531e+01 1.123927497863769531e+01 6.622245311737060547e+00 2.299002408981323242e+00 4.702631831169128418e-01 5.667738243937492371e-02 4.024805035442113876e-03 1.684011949691921473e-04 4.150886070419801399e-06 5.980888317935750820e-08 1.309168884411349154e-09 6.891502835060236976e-08 2.160335043299710378e-06 3.965332871302962303e-05 4.284710157662630081e-04 2.729865489527583122e-03 1.024047192186117172e-02 2.265031635761260986e-02 2.949760667979717255e-02
2.262745611369609833e-02 1.023014634847640991e-02 2.727119019255042076e-03 4.280404536984860897e-04 3.961337642977014184e-05 2.158449888156610541e-06 6.852094713849510299e-08 6.499533689030556616e-10 -1.187279025094412077e-10 5.981976869406935293e-08 4.146505034441361204e-06 1.682197180343791842e-04 4.020443651825189590e-03 5.661622062325477600e-02 4.697553813457489014e-01 2.296517610549926758e+00 6.615090370178222656e+00 1.122714805603027344e+01 1.122714805603027344e+01 6.615099430084228516e+00 2.296521186828613281e+00 4.697553515434265137e-01 5.661616474390029907e-02 4.020462743937969208e-03 1.682196743786334991e-04 4.146512310398975387e-06 5.978723294219889794e-08 1.341714295222118380e-09 6.890495996003664914e-08 2.158223196602193639e-06 3.961340189562179148e-05 4.280381835997104645e-04 2.727107377722859383e-03 1.023011840879917145e-02 2.262743003666400909e-02 2.946780808269977570e-02
2.261777408421039581e-02 1.022577844560146332e-02 2.725952770560979843e-03 4.278576234355568886e-04 3.959641253459267318e-05 2.157505377908819355e-06 6.853420586594438646e-08 6.317824596813181870e-10 -1.054704379388482494e-10 5.980316331033463939e-08 4.142398665862856433e-06 1.680559798842296004e-04 4.016529303044080734e-03 5.656113475561141968e-02 4.692985117435455322e-01 2.294281721115112305e+00 6.608651161193847656e+00 1.121621608734130859e+01 1.121621608734130859e+01 6.608661174774169922e+00 2.294286251068115234e+00 4.692985117435455322e-01 5.656107142567634583e-02 4.016549326479434967e-03 1.680559216765686870e-04 4.142460511502576992e-06 5.977163652914896375e-08 1.361103452168777039e-09 6.885237269216304412e-08 2.157348035325412638e-06 3.959648165619000793e-05 4.278553533367812634e-04 2.725940896198153496e-03 1.022575050592422485e-02 2.261775545775890350e-02 2.945520542562007904e-02
2.261956222355365753e-02 1.022658497095108032e-02 2.726169070228934288e-03 4.278911510482430458e-04 3.959953755838796496e-05 2.157688186343875714e-06 6.859728785002516815e-08 6.744113045797917039e-10 -1.597659504692927612e-10 5.965568306010027300e-08 4.138769782002782449e-06 1.679086271906271577e-04 4.013012163341045380e-03 5.651153251528739929e-02 4.688871800899505615e-01 2.292271137237548828e+00 6.602865219116210938e+00 1.120639228820800781e+01 1.120639228820800781e+01 6.602874279022216797e+00 2.292275428771972656e+00 4.688870906829833984e-01 5.651146546006202698e-02 4.013029392808675766e-03 1.679085689829662442e-04 4.138754775340203196e-06 5.968360738961564493e-08 1.333022137117723105e-09 6.881404601699614432e-08 2.157505150535143912e-06 3.959967580158263445e-05 4.278888227418065071e-04 2.726157195866107941e-03 1.022655703127384186e-02 2.261953987181186676e-02 2.945753000676631927e-02
2.263081632554531097e-02 1.023167371749877930e-02 2.727525541558861732e-03 4.281042492948472500e-04 3.961932816309854388e-05 2.158874849556013942e-06 6.868729940379125765e-08 6.362018689642923164e-10 -2.003535115591148497e-10 5.952306381118432910e-08 4.135573362873401493e-06 1.677762484177947044e-04 4.009844735264778137e-03 5.646697059273719788e-02 4.685172438621520996e-01 2.290465116500854492e+00 6.597649574279785156e+00 1.119754695892333984e+01 1.119754695892333984e+01 6.597656726837158203e+00 2.290469169616699219e+00 4.685172140598297119e-01 5.646692216396331787e-02 4.009862896054983139e-03 1.677762338658794761e-04 4.135465133003890514e-06 5.960446358699300617e-08 1.316026843056761209e-09 6.881509762024506927e-08 2.158585630240850151e-06 3.961955007980577648e-05 4.281021247152239084e-04 2.727513201534748077e-03 1.023164670914411545e-02 2.263079583644866943e-02 2.947219274938106537e-02
2.264961600303649902e-02 1.024017482995986938e-02 2.729789819568395615e-03 4.284596652723848820e-04 3.965213181800208986e-05 2.160593567168689333e-06 6.862438794996705838e-08 5.562824090254991916e-10 -1.954900408218662733e-10 5.953604542696666613e-08 4.132704361836658791e-06 1.676569081610068679e-04 4.006994888186454773e-03 5.642680823802947998e-02 4.681837260723114014e-01 2.288834810256958008e+00 6.592960834503173828e+00 1.118957805633544922e+01 1.118957805633544922e+01 6.592969417572021484e+00 2.288838863372802734e+00 4.681837260723114014e-01 5.642675235867500305e-02 4.007014911621809006e-03 1.676569227129220963e-04 4.132550202484708279e-06 5.953098636268805421e-08 1.286988293713875464e-09 6.881967351546336431e-08 2.160332542189280502e-06 3.965235373470932245e-05 4.284574824851006269e-04 2.729777945205569267e-03 1.024014595896005630e-02 2.264959551393985748e-02 2.949666976928710938e-02
2.267410978674888611e-02 1.025123987346887589e-02 2.732743043452501297e-03 4.289227363187819719e-04 3.969505996792577207e-05 2.162993723686668091e-06 6.873841584820183925e-08 6.147396480749023340e-10 -1.083288250769420813e-10 5.958100857128556527e-08 4.130043180339271203e-06 1.675495295785367489e-04 4.004430025815963745e-03 5.639072135090827942e-02 4.678842723369598389e-01 2.287370443344116211e+00 6.588739871978759766e+00 1.118241882324218750e+01 1.118241882324218750e+01 6.588751316070556641e+00 2.287375211715698242e+00 4.678841829299926758e-01 5.639066547155380249e-02 4.004447720944881439e-03 1.675495877861976624e-04 4.129964054300216958e-06 5.950020920408860547e-08 1.300620389166340374e-09 6.894496351605994278e-08 2.162685404982767068e-06 3.969531462644226849e-05 4.289208154659718275e-04 2.732730936259031296e-03 1.025121472775936127e-02 2.267408557236194611e-02 2.952856570482254028e-02
2.270265668630599976e-02 1.026414986699819565e-02 2.736183814704418182e-03 4.294631362427026033e-04 3.974506398662924767e-05 2.165737441828241572e-06 6.877701252960832790e-08 6.466554514084066341e-10 -1.457815534955386738e-10 5.948885117845748027e-08 4.127654847252415493e-06 1.674530358286574483e-04 4.002115689218044281e-03 5.635815113782882690e-02 4.676145017147064209e-01 2.286050081253051758e+00 6.584937572479248047e+00 1.117596817016601562e+01 1.117596817016601562e+01 6.584945678710937500e+00 2.286054134368896484e+00 4.676144421100616455e-01 5.635809898376464844e-02 4.002134315669536591e-03 1.674529485171660781e-04 4.127577994950115681e-06 5.941297231970565917e-08 1.300472840526367690e-09 6.898367388430415303e-08 2.165418436561594717e-06 3.974532955908216536e-05 4.294610989745706320e-04 2.736170776188373566e-03 1.026412192732095718e-02 2.270263247191905975e-02 2.956573665142059326e-02
2.273385226726531982e-02 1.027825474739074707e-02 2.739943098276853561e-03 4.300532164052128792e-04 3.979970279033295810e-05 2.168766286558820866e-06 6.887579218073369702e-08 7.353982423019544967e-10 -1.132615320975638440e-10 5.947217829316286952e-08 4.125566647417144850e-06 1.673660153755918145e-04 4.000038839876651764e-03 5.632892996072769165e-02 4.673717617988586426e-01 2.284863233566284180e+00 6.581518650054931641e+00 1.117017078399658203e+01 1.117017078399658203e+01 6.581526279449462891e+00 2.284867525100708008e+00 4.673717319965362549e-01 5.632885918021202087e-02 4.000055603682994843e-03 1.673659135121852160e-04 4.125412942812545225e-06 5.940283642758004135e-08 1.377359115650733656e-09 6.914988404105315567e-08 2.168426817661384121e-06 3.979992470704019070e-05 4.300512955524027348e-04 2.739931223914027214e-03 1.027822773903608322e-02 2.273383550345897675e-02 2.960636839270591736e-02
2.276652678847312927e-02 1.029303297400474548e-02 2.743880264461040497e-03 4.306713235564529896e-04 3.985690636909566820e-05 2.171863343392033130e-06 6.896217286112005240e-08 6.797081231191270945e-10 -7.571530902250600548e-11 5.949033621277521888e-08 4.123686267121229321e-06 1.672877697274088860e-04 3.998168744146823883e-03 5.630254372954368591e-02 4.671530127525329590e-01 2.283795833587646484e+00 6.578442573547363281e+00 1.116494750976562500e+01 1.116494750976562500e+01 6.578450679779052734e+00 2.283800601959228516e+00 4.671530127525329590e-01 5.630248039960861206e-02 3.998185507953166962e-03 1.672878133831545711e-04 4.123473900108365342e-06 5.935618929697739077e-08 1.319432674229403801e-09 6.926741491497523384e-08 2.171540245399228297e-06 3.985709190601482987e-05 4.306692571844905615e-04 2.743867924436926842e-03 1.029300224035978317e-02 2.276650443673133850e-02 2.964892052114009857e-02
2.279974892735481262e-02 1.030804589390754700e-02 2.747885184362530708e-03 4.312998207751661539e-04 3.991508492617867887e-05 2.175043846364133060e-06 6.904885907488278463e-08 6.844302347097652728e-10 -5.848056761070807852e-11 5.950663251041987678e-08 4.121934125578263775e-06 1.672173821134492755e-04 3.996483515948057175e-03 5.627886950969696045e-02 4.669561386108398438e-01 2.282835245132446289e+00 6.575671195983886719e+00 1.116023635864257812e+01 1.116023635864257812e+01 6.575679302215576172e+00 2.282839775085449219e+00 4.669561088085174561e-01 5.627880990505218506e-02 3.996501676738262177e-03 1.672173093538731337e-04 4.121775418752804399e-06 5.943016745391105360e-08 1.286667550282061256e-09 6.934201479680268676e-08 2.174722112613380887e-06 3.991524499724619091e-05 4.312978708185255527e-04 2.747871680185198784e-03 1.030801981687545776e-02 2.279973030090332031e-02 2.969218604266643524e-02
2.283278107643127441e-02 1.032297872006893158e-02 2.751865424215793610e-03 4.319245635997503996e-04 3.997292151325382292e-05 2.178208660552627407e-06 6.917753836432893877e-08 5.934792102202379738e-10 -1.340318550591135249e-10 5.945504355509001471e-08 4.120415724173653871e-06 1.671539794187992811e-04 3.994969185441732407e-03 5.625754222273826599e-02 4.667795002460479736e-01 2.281967878341674805e+00 6.573180198669433594e+00 1.115600681304931641e+01 1.115600681304931641e+01 6.573190689086914062e+00 2.281972408294677734e+00 4.667794704437255859e-01 5.625749379396438599e-02 3.994988743215799332e-03 1.671539939707145095e-04 4.120233825233299285e-06 5.935265079415330547e-08 1.267078664213272532e-09 6.935942309382880921e-08 2.177848728024400771e-06 3.997310705017298460e-05 4.319224390201270580e-04 2.751852618530392647e-03 1.032295171171426773e-02 2.283274941146373749e-02 2.973518520593643188e-02
2.289266325533390045e-02 1.035005599260330200e-02 2.759083639830350876e-03 4.330575757194310427e-04 4.007780080428346992e-05 2.183892547691357322e-06 6.938427787872569752e-08 6.347646852589150512e-10 -1.192439341712869805e-10 5.944183811834591324e-08 4.118982360523659736e-06 1.670970086706802249e-04 3.993605729192495346e-03 5.623832345008850098e-02 4.666199386119842529e-01 2.281187772750854492e+00 6.570933818817138672e+00 1.115220737457275391e+01 1.115220546722412109e+01 6.570941925048828125e+00 2.281192541122436523e+00 4.666199386119842529e-01 5.623827874660491943e-02 3.993624355643987656e-03 1.670968777034431696e-04 4.118836841371376067e-06 5.937783953413600102e-08 1.270743288372955249e-09 6.953872144777051290e-08 2.183534206778858788e-06 4.007787720183841884e-05 4.330555675551295280e-04 2.759071299806237221e-03 1.035003177821636200e-02 2.289264276623725891e-02 2.981317974627017975e-02
2.299844659864902496e-02 1.039788033813238144e-02 2.771831350401043892e-03 4.350586386863142252e-04 4.026296664960682392e-05 2.193998625443782657e-06 6.981153433116560336e-08 6.232854787846520139e-10 -9.765624420232654757e-11 5.942995073837664677e-08 4.117768185096792877e-06 1.670456404099240899e-04 3.992376383394002914e-03 5.622104927897453308e-02 4.664767086505889893e-01 2.280489444732666016e+00 6.568915843963623047e+00 1.114877700805664062e+01 1.114877700805664062e+01 6.568923950195312500e+00 2.280493259429931641e+00 4.664766192436218262e-01 5.622098594903945923e-02 3.992394544184207916e-03 1.670455530984327197e-04 4.117497155675664544e-06 5.933265256885533745e-08 1.231318824679306090e-09 6.991437828673952026e-08 2.193665523009258322e-06 4.026307215099222958e-05 4.350565432105213404e-04 2.771819243207573891e-03 1.039785426110029221e-02 2.299842610955238342e-02 2.995095960795879364e-02
2.316142432391643524e-02 1.047156564891338348e-02 2.791474573314189911e-03 4.381417238619178534e-04 4.054827877553179860e-05 2.209546664744266309e-06 7.032408433360615163e-08 6.471031488430867284e-10 -1.527331455752900524e-10 5.938596814303309657e-08 4.116602667636470869e-06 1.669993653194978833e-04 3.991274628788232803e-03 5.620549246668815613e-02 4.663475155830383301e-01 2.279857873916625977e+00 6.567094802856445312e+00 1.114568901062011719e+01 1.114568901062011719e+01 6.567104339599609375e+00 2.279862642288208008e+00 4.663474559783935547e-01 5.620542913675308228e-02 3.991292323917150497e-03 1.669991906965151429e-04 4.116361651540501043e-06 5.927989477072515001e-08 1.196433840888744271e-09 7.038885740939804236e-08 2.209176273026969284e-06 4.054837700095959008e-05 4.381394246593117714e-04 2.791462000459432602e-03 1.047153584659099579e-02 2.316139265894889832e-02 3.016318380832672119e-02
2.338560111820697784e-02 1.057291682809591293e-02 2.818492008373141289e-03 4.423824429977685213e-04 4.094071482541039586e-05 2.230873633379815146e-06 7.097841603354027029e-08 6.830260801393706060e-10 -1.360748735912409302e-10 5.941278047316700395e-08 4.115621777600608766e-06 1.669577759457752109e-04 3.990278579294681549e-03 5.619148537516593933e-02 4.662316739559173584e-01 2.279289960861206055e+00 6.565464019775390625e+00 1.114291095733642578e+01 1.114291095733642578e+01 6.565473079681396484e+00 2.279294252395629883e+00 4.662316441535949707e-01 5.619141831994056702e-02 3.990298602730035782e-03 1.669576886342838407e-04 4.115397132409270853e-06 5.930083446514800016e-08 1.261427629017930485e-09 7.111347599675355013e-08 2.230543032055720687e-06 4.094076211913488805e-05 4.423801728989928961e-04 2.818479668349027634e-03 1.057288981974124908e-02 2.338558249175548553e-02 3.045513667166233063e-02
2.366316877305507660e-02 1.069840975105762482e-02 2.851947210729122162e-03 4.476332105696201324e-04 4.142672332818619907e-05 2.257390406157355756e-06 7.181569117165054195e-08 7.826186920745215048e-10 -3.829846162428651724e-11 5.946992231997683120e-08 4.114737748750485480e-06 1.669204502832144499e-04 3.989384043961763382e-03 5.617890134453773499e-02 4.661268591880798340e-01 2.278778076171875000e+00 6.563991069793701172e+00 1.114042186737060547e+01 1.114042186737060547e+01 6.564001083374023438e+00 2.278782606124877930e+00 4.661268293857574463e-01 5.617883056402206421e-02 3.989403601735830307e-03 1.669203338678926229e-04 4.114498096896568313e-06 5.937155833635188174e-08 1.341806443733162268e-09 7.204692309414895135e-08 2.257080950585077517e-06 4.142674151808023453e-05 4.476311150938272476e-04 2.851934172213077545e-03 1.069838181138038635e-02 2.366314269602298737e-02 3.081662394106388092e-02
2.397847920656204224e-02 1.084096450358629227e-02 2.889948431402444839e-03 4.535979824140667915e-04 4.197874295641668141e-05 2.287502184117329307e-06 7.285366621090361150e-08 7.542855229303313536e-10 -1.241459296474900498e-10 5.942201397601820645e-08 4.113815066375536844e-06 1.668866752879694104e-04 3.988581243902444839e-03 5.616756528615951538e-02 4.660328030586242676e-01 2.278318881988525391e+00 6.562670707702636719e+00 1.113817024230957031e+01 1.113817024230957031e+01 6.562678813934326172e+00 2.278322696685791016e+00 4.660328030586242676e-01 5.616750940680503845e-02 3.988599404692649841e-03 1.668867043917998672e-04 4.113698196306359023e-06 5.931505597800423857e-08 1.396124327257552977e-09 7.296237214404754923e-08 2.287231836817227304e-06 4.197865928290411830e-05 4.535958578344434500e-04 2.889934228733181953e-03 1.084093376994132996e-02 2.397845499217510223e-02 3.122724778950214386e-02
2.431711554527282715e-02 1.099407486617565155e-02 2.930761082097887993e-03 4.600038228090852499e-04 4.257152613718062639e-05 2.319704890396678820e-06 7.377702360145121929e-08 5.176849504628933119e-10 -1.020681941743539767e-10 5.931276447768141225e-08 4.113050636078696698e-06 1.668564655119553208e-04 3.987858537584543228e-03 5.615738406777381897e-02 4.659482538700103760e-01 2.277906656265258789e+00 6.561471939086914062e+00 1.113614273071289062e+01 1.113614273071289062e+01 6.561481475830078125e+00 2.277911424636840820e+00 4.659482240676879883e-01 5.615732446312904358e-02 3.987877164036035538e-03 1.668564364081248641e-04 4.112926490051904693e-06 5.924002621782165079e-08 1.256550419270752172e-09 7.391226830577579676e-08 2.319369286851724610e-06 4.257145337760448456e-05 4.600017564371228218e-04 2.930749440565705299e-03 1.099404040724039078e-02 2.431708946824073792e-02 3.166825696825981140e-02
2.466638945043087006e-02 1.115198247134685516e-02 2.972857793793082237e-03 4.666110908146947622e-04 4.318300125305540860e-05 2.353046966163674369e-06 7.479648189701038064e-08 4.661742658562673114e-10 -1.070332086849923314e-10 5.921439694134278398e-08 4.112425358471227810e-06 1.668290351517498493e-04 3.987204749137163162e-03 5.614819005131721497e-02 4.658721983432769775e-01 2.277534723281860352e+00 6.560401916503906250e+00 1.113432979583740234e+01 1.113432979583740234e+01 6.560411453247070312e+00 2.277539968490600586e+00 4.658721685409545898e-01 5.614812672138214111e-02 3.987223841249942780e-03 1.668291806709021330e-04 4.112193892069626600e-06 5.924747270569241664e-08 1.201757249269519434e-09 7.500833731910461211e-08 2.352681121919886209e-06 4.318293940741568804e-05 4.666090244427323341e-04 2.972844988107681274e-03 1.115194801241159439e-02 2.466636523604393005e-02 3.212310746312141418e-02
2.501558698713779449e-02 1.130985654890537262e-02 3.014943795278668404e-03 4.732169036287814379e-04 4.379439997137524188e-05 2.386270125498413108e-06 7.589420647491351701e-08 5.232930200271823651e-10 -1.032232077591288544e-10 5.919208234672623803e-08 4.111730049771722406e-06 1.668043842073529959e-04 3.986619412899017334e-03 5.613993853330612183e-02 4.658036231994628906e-01 2.277198314666748047e+00 6.559440135955810547e+00 1.113269519805908203e+01 1.113269519805908203e+01 6.559445381164550781e+00 2.277201890945434570e+00 4.658036231994628906e-01 5.613986775279045105e-02 3.986638970673084259e-03 1.668047043494880199e-04 4.111613634449895471e-06 5.925763346681378607e-08 1.217801637309889884e-09 7.605948582067867392e-08 2.385925654380116612e-06 4.379422534839250147e-05 4.732145171146839857e-04 3.014929825440049171e-03 1.130982488393783569e-02 2.501556463539600372e-02 3.257788345217704773e-02
2.535605244338512421e-02 1.146378181874752045e-02 3.055977635085582733e-03 4.796573775820434093e-04 4.439034819370135665e-05 2.418724534436478280e-06 7.686957559371876414e-08 5.415889958726438635e-10 -4.184515928207233060e-11 5.930441915324990987e-08 4.111240741622168571e-06 1.667823089519515634e-04 3.986090421676635742e-03 5.613252520561218262e-02 4.657420516014099121e-01 2.276897430419921875e+00 6.558570384979248047e+00 1.113123035430908203e+01 1.113123035430908203e+01 6.558578968048095703e+00 2.276900768280029297e+00 4.657420217990875244e-01 5.613246187567710876e-02 3.986109979450702667e-03 1.667824835749343038e-04 4.111023827135795727e-06 5.921289059074297256e-08 1.298191887322275306e-09 7.711224014883555355e-08 2.418461917841341347e-06 4.439020995050668716e-05 4.796552238985896111e-04 3.055964130908250809e-03 1.146375294774770737e-02 2.535602264106273651e-02 3.302126750349998474e-02
2.568116411566734314e-02 1.161076966673135757e-02 3.095160936936736107e-03 4.858072788920253515e-04 4.495953908190131187e-05 2.449763314871233888e-06 7.780669619705804507e-08 6.739521163368067391e-10 -7.766798315600453861e-11 5.937252467447251547e-08 4.110793724976247177e-06 1.667625037953257561e-04 3.985614981502294540e-03 5.612583458423614502e-02 4.656867384910583496e-01 2.276626825332641602e+00 6.557790756225585938e+00 1.112989330291748047e+01 1.112989330291748047e+01 6.557799339294433594e+00 2.276630878448486328e+00 4.656867384910583496e-01 5.612577125430107117e-02 3.985633607953786850e-03 1.667626493144780397e-04 4.110569534532260150e-06 5.916989209708845010e-08 1.330796473020257054e-09 7.810181301692864508e-08 2.449494559186859988e-06 4.495948087424039841e-05 4.858050670009106398e-04 3.095147199928760529e-03 1.161073986440896988e-02 2.568113617599010468e-02 3.344465792179107666e-02
2.598617970943450928e-02 1.174866966903209686e-02 3.131921635940670967e-03 4.915771423839032650e-04 4.549354343907907605e-05 2.478879878253792413e-06 7.881225627670573886e-08 7.144337899056552033e-10 -1.264650884014173471e-10 5.936744074119815195e-08 4.110394911549519747e-06 1.667445176281034946e-04 3.985187504440546036e-03 5.611981824040412903e-02 4.656365811824798584e-01 2.276381015777587891e+00 6.557091712951660156e+00 1.112870407104492188e+01 1.112870407104492188e+01 6.557099342346191406e+00 2.276385545730590820e+00 4.656365513801574707e-01 5.611975118517875671e-02 3.985206596553325653e-03 1.667447068030014634e-04 4.110119334654882550e-06 5.916940892802813323e-08 1.373905100798822332e-09 7.898976406295332708e-08 2.478576561770751141e-06 4.549347067950293422e-05 4.915749304927885532e-04 3.131906967610120773e-03 1.174863800406455994e-02 2.598615176975727081e-02 3.384187817573547363e-02
2.626804634928703308e-02 1.187611185014247894e-02 3.165893023833632469e-03 4.969091969542205334e-04 4.598702435032464564e-05 2.505743623260059394e-06 7.968067450292437570e-08 7.467279017348005254e-10 -7.932004358890409890e-11 5.932990987389530346e-08 4.110036570637021214e-06 1.667285250732675195e-04 3.984805662184953690e-03 5.611440539360046387e-02 4.655919075012207031e-01 2.276161909103393555e+00 6.556455135345458984e+00 1.112762546539306641e+01 1.112762546539306641e+01 6.556465148925781250e+00 2.276166915893554688e+00 4.655918776988983154e-01 5.611433461308479309e-02 3.984823357313871384e-03 1.667285832809284329e-04 4.109722794964909554e-06 5.916571410580218071e-08 1.329644061520696141e-09 7.985212846506328788e-08 2.505384827600209974e-06 4.598690429702401161e-05 4.969068104401230812e-04 3.165878355503082275e-03 1.187607925385236740e-02 2.626801654696464539e-02 3.420895710587501526e-02
2.652515284717082977e-02 1.199235022068023682e-02 3.196880454197525978e-03 5.017730873078107834e-04 4.643704596674069762e-05 2.530251776988734491e-06 8.048309751984561444e-08 8.296028863874482795e-10 -8.655989813810549549e-11 5.939536151799984509e-08 4.109715064259944484e-06 1.667139440542086959e-04 3.984462935477495193e-03 5.610953271389007568e-02 4.655510485172271729e-01 2.275966882705688477e+00 6.555882930755615234e+00 1.112665748596191406e+01 1.112665748596191406e+01 6.555890083312988281e+00 2.275970935821533203e+00 4.655510485172271729e-01 5.610947310924530029e-02 3.984481096267700195e-03 1.667141041252762079e-04 4.109342171432217583e-06 5.920211165744149184e-08 1.287017714624028031e-09 8.064679235531002632e-08 2.529886387492297217e-06 4.643699867301620543e-05 5.017705843783915043e-04 3.196866717189550400e-03 1.199231855571269989e-02 2.652512863278388977e-02 3.454379737377166748e-02
2.677562646567821503e-02 1.210558786988258362e-02 3.227067645639181137e-03 5.065108416602015495e-04 4.687536056735552847e-05 2.554051434344728477e-06 8.109765303743188269e-08 7.469003193705248123e-10 -1.758599932344395711e-10 5.928873036964432686e-08 4.109289420739514753e-06 1.667009637458249927e-04 3.984149079769849777e-03 5.610513687133789062e-02 4.655149579048156738e-01 2.275786876678466797e+00 6.555374145507812500e+00 1.112579250335693359e+01 1.112579250335693359e+01 6.555382728576660156e+00 2.275790452957153320e+00 4.655149281024932861e-01 5.610506981611251831e-02 3.984167706221342087e-03 1.667008473305031657e-04 4.108971552341245115e-06 5.925378943061332393e-08 1.313118835888360536e-09 8.129653394917113474e-08 2.553623289713868871e-06 4.687542968895286322e-05 5.065083969384431839e-04 3.227052744477987289e-03 1.210555247962474823e-02 2.677559666335582733e-02 3.486998006701469421e-02
2.703888155519962311e-02 1.222461089491844177e-02 3.258795011788606644e-03 5.114908562973141670e-04 4.733632522402331233e-05 2.579192823759512976e-06 8.202959378422747250e-08 7.718084504837463555e-10 -1.568889185232791306e-10 5.919279288946199813e-08 4.108909251954173669e-06 1.666891475906595588e-04 3.983867354691028595e-03 5.610120296478271484e-02 4.654819965362548828e-01 2.275627374649047852e+00 6.554915904998779297e+00 1.112500476837158203e+01 1.112500476837158203e+01 6.554923057556152344e+00 2.275631666183471680e+00 4.654819369316101074e-01 5.610112845897674561e-02 3.983885049819946289e-03 1.666891475906595588e-04 4.108660505153238773e-06 5.924075452412580489e-08 1.440250141371279824e-09 8.218431446493923431e-08 2.578796511443215422e-06 4.733631431008689106e-05 5.114882951602339745e-04 3.258779412135481834e-03 1.222457550466060638e-02 2.703885920345783234e-02 3.521281480789184570e-02
2.731953002512454987e-02 1.235149893909692764e-02 3.292621346190571785e-03 5.168001516722142696e-04 4.782765972777269781e-05 2.605945610412163660e-06 8.288944997048020014e-08 7.197203388820128112e-10 -1.894854828599079610e-10 5.917259571219801728e-08 4.108630491828080267e-06 1.666787138674408197e-04 3.983613569289445877e-03 5.609762668609619141e-02 4.654525816440582275e-01 2.275483369827270508e+00 6.554497241973876953e+00 1.112430191040039062e+01 1.112430191040039062e+01 6.554505348205566406e+00 2.275487184524536133e+00 4.654525816440582275e-01 5.609755590558052063e-02 3.983630333095788956e-03 1.666784228291362524e-04 4.108325356355635449e-06 5.913982548122476146e-08 1.412767791642011161e-09 8.304841969675180735e-08 2.605585223136586137e-06 4.782775067724287510e-05 5.167974159121513367e-04 3.292605280876159668e-03 1.235146448016166687e-02 2.731950208544731140e-02 3.557830676436424255e-02
2.763081714510917664e-02 1.249223202466964722e-02 3.330137813463807106e-03 5.226884968578815460e-04 4.837255619349889457e-05 2.635659257066436112e-06 8.378502514005958801e-08 7.970176185700950100e-10 -1.939874927359142021e-10 5.908825784217697219e-08 4.108318989892723039e-06 1.666693133302032948e-04 3.983383532613515854e-03 5.609441921114921570e-02 4.654259681701660156e-01 2.275351047515869141e+00 6.554122924804687500e+00 1.112367057800292969e+01 1.112367057800292969e+01 6.554131507873535156e+00 2.275355577468872070e+00 4.654259383678436279e-01 5.609434843063354492e-02 3.983400762081146240e-03 1.666690804995596409e-04 4.108022949367295951e-06 5.901790345319568587e-08 1.398688942444437089e-09 8.399182860330256517e-08 2.635196096889558248e-06 4.837276719626970589e-05 5.226858193054795265e-04 3.330122679471969604e-03 1.249219942837953568e-02 2.763079106807708740e-02 3.598369657993316650e-02
2.797863073647022247e-02 1.264948677271604538e-02 3.372056642547249794e-03 5.292677087709307671e-04 4.898146653431467712e-05 2.668844444997375831e-06 8.483045377261078102e-08 8.893503156137683163e-10 -1.566467511260327683e-10 5.911168443617498269e-08 4.108101620658999309e-06 1.666605530772358179e-04 3.983180969953536987e-03 5.609155446290969849e-02 4.654020965099334717e-01 2.275234937667846680e+00 6.553782939910888672e+00 1.112309551239013672e+01 1.112309551239013672e+01 6.553792953491210938e+00 2.275239229202270508e+00 4.654020965099334717e-01 5.609149485826492310e-02 3.983199596405029297e-03 1.666602620389312506e-04 4.107797849428607151e-06 5.902538546820323972e-08 1.468526966696970248e-09 8.505838877681526355e-08 2.668386287041357718e-06 4.898164479527622461e-05 5.292652640491724014e-04 3.372041974216699600e-03 1.264945045113563538e-02 2.797860093414783478e-02 3.643665462732315063e-02
2.835925482213497162e-02 1.282157097011804581e-02 3.417931729927659035e-03 5.364681128412485123e-04 4.964782419847324491e-05 2.705073484321474098e-06 8.604271073409108794e-08 9.890069874174400866e-10 -2.223815714907928509e-10 5.903343591739940166e-08 4.107772383576957509e-06 1.666526950430124998e-04 3.982995636761188507e-03 5.608895421028137207e-02 4.653804600238800049e-01 2.275128602981567383e+00 6.553481101989746094e+00 1.112258625030517578e+01 1.112258625030517578e+01 6.553489208221435547e+00 2.275132417678833008e+00 4.653804302215576172e-01 5.608889833092689514e-02 3.983012400567531586e-03 1.666524913161993027e-04 4.107629138161428273e-06 5.908464473236563208e-08 1.510409353144837041e-09 8.619485925009939820e-08 2.704623511817771941e-06 4.964804247720167041e-05 5.364656099118292332e-04 3.417916595935821533e-03 1.282153930515050888e-02 2.835922874510288239e-02 3.693236038088798523e-02
2.877476997673511505e-02 1.300942525267601013e-02 3.468008944764733315e-03 5.443282425403594971e-04 5.037527080276049674e-05 2.744793619058327749e-06 8.729701050924632000e-08 1.026957741068201813e-09 -2.649855335157269565e-10 5.899606136949842039e-08 4.107670520170358941e-06 1.666458119871094823e-04 3.982831258326768875e-03 5.608658865094184875e-02 4.653609693050384521e-01 2.275035858154296875e+00 6.553209304809570312e+00 1.112211608886718750e+01 1.112211608886718750e+01 6.553217887878417969e+00 2.275039434432983398e+00 4.653609395027160645e-01 5.608653649687767029e-02 3.982849884778261185e-03 1.666455355007201433e-04 4.107493168703513220e-06 5.908775335683458252e-08 1.580346742358074152e-09 8.746065560671922867e-08 2.744340008575818501e-06 5.037558366893790662e-05 5.443254485726356506e-04 3.467993577942252159e-03 1.300939079374074936e-02 2.877474576234817505e-02 3.747347369790077209e-02
2.922433055937290192e-02 1.321267522871494293e-02 3.522191895171999931e-03 5.528326146304607391e-04 5.116233660373836756e-05 2.787603079923428595e-06 8.877977819565785467e-08 1.172872021726334424e-09 -2.619375272239210517e-10 5.899556398958338832e-08 4.107715540158096701e-06 1.666395692154765129e-04 3.982684575021266937e-03 5.608448758721351624e-02 4.653436243534088135e-01 2.274950742721557617e+00 6.552965641021728516e+00 1.112170124053955078e+01 1.112170124053955078e+01 6.552972316741943359e+00 2.274954795837402344e+00 4.653435647487640381e-01 5.608441680669784546e-02 3.982700873166322708e-03 1.666393218329176307e-04 4.107344921067124233e-06 5.914979794852115447e-08 1.561418216944332471e-09 8.877196222556449356e-08 2.787146968330489472e-06 5.116255488246679306e-05 5.528298206627368927e-04 3.522176295518875122e-03 1.321263983845710754e-02 2.922429330646991730e-02 3.805892542004585266e-02
2.970385365188121796e-02 1.342947408556938171e-02 3.579985583201050758e-03 5.619036965072154999e-04 5.200176383368670940e-05 2.833264034052263014e-06 9.015593604999594390e-08 1.128278692696937924e-09 -2.509157881469548101e-10 5.906142774847467081e-08 4.107360382477054372e-06 1.666337921051308513e-04 3.982548601925373077e-03 5.608261749148368835e-02 4.653277099132537842e-01 2.274872779846191406e+00 6.552742481231689453e+00 1.112132453918457031e+01 1.112132453918457031e+01 6.552751541137695312e+00 2.274876832962036133e+00 4.653276503086090088e-01 5.608254671096801758e-02 3.982565365731716156e-03 1.666335156187415123e-04 4.107163476874120533e-06 5.910636957651149714e-08 1.603246202463992631e-09 9.027138503370224498e-08 2.832966629284783266e-06 5.200194209464825690e-05 5.619009025394916534e-04 3.579969052225351334e-03 1.342943869531154633e-02 2.970382384955883026e-02 3.868341445922851562e-02
3.020848520100116730e-02 1.365762390196323395e-02 3.640805371105670929e-03 5.714498693123459816e-04 5.288531974656507373e-05 2.881387445086147636e-06 9.165836445390596054e-08 1.158511397925110487e-09 -2.741096793990038805e-10 5.888881915439014847e-08 4.107304448552895337e-06 1.666286552790552378e-04 3.982427064329385757e-03 5.608090013265609741e-02 4.653139114379882812e-01 2.274805068969726562e+00 6.552543640136718750e+00 1.112098884582519531e+01 1.112098884582519531e+01 6.552551269531250000e+00 2.274808645248413086e+00 4.653139114379882812e-01 5.608082935214042664e-02 3.982444759458303452e-03 1.666284806560724974e-04 4.106955202587414533e-06 5.908021449840816786e-08 1.601599075584658749e-09 9.189874816684096004e-08 2.881120963138528168e-06 5.288547981763258576e-05 5.714469007216393948e-04 3.640788840129971504e-03 1.365759037435054779e-02 3.020845167338848114e-02 3.934061527252197266e-02
3.073301166296005249e-02 1.389477401971817017e-02 3.704021684825420380e-03 5.813719471916556358e-04 5.380356378736905754e-05 2.931438984887790866e-06 9.313814075539994519e-08 1.092587686990498241e-09 -3.612119769957899962e-10 5.889903675893037871e-08 4.107251243112841621e-06 1.666240859776735306e-04 3.982318099588155746e-03 5.607938021421432495e-02 4.653010070323944092e-01 2.274740457534790039e+00 6.552363395690917969e+00 1.112068462371826172e+01 1.112068462371826172e+01 6.552372455596923828e+00 2.274744749069213867e+00 4.653010070323944092e-01 5.607929825782775879e-02 3.982335329055786133e-03 1.666238968027755618e-04 4.106945198145695031e-06 5.901163291355260299e-08 1.623806866746235755e-09 9.341349027636169922e-08 2.931126800831407309e-06 5.380368020269088447e-05 5.813689786009490490e-04 3.704004688188433647e-03 1.389473304152488708e-02 3.073297441005706787e-02 4.002369940280914307e-02
3.127217292785644531e-02 1.413853187114000320e-02 3.769003087654709816e-03 5.915713845752179623e-04 5.474748468259349465e-05 2.982972318932297640e-06 9.481711771286427393e-08 1.215383016450743980e-09 -4.064899250533215991e-10 5.897445731761763454e-08 4.107203494640998542e-06 1.666199241299182177e-04 3.982220310717821121e-03 5.607801675796508789e-02 4.652898907661437988e-01 2.274685859680175781e+00 6.552199363708496094e+00 1.112040710449218750e+01 1.112040615081787109e+01 6.552208423614501953e+00 2.274689912796020508e+00 4.652898311614990234e-01 5.607794225215911865e-02 3.982238471508026123e-03 1.666198513703420758e-04 4.106916549062589183e-06 5.902609245822532102e-08 1.659203774373452234e-09 9.497993147533634328e-08 2.982613295898772776e-06 5.474767749547027051e-05 5.915684159845113754e-04 3.768985858187079430e-03 1.413849461823701859e-02 3.127214312553405762e-02 4.072585329413414001e-02
3.182090446352958679e-02 1.438662596046924591e-02 3.835138631984591484e-03 6.019517895765602589e-04 5.570819121203385293e-05 3.035265763173811138e-06 9.664886846394438180e-08 1.354871437264648648e-09 -3.147854477081324376e-10 5.904241717757940933e-08 4.107034328626468778e-06 1.666160242166370153e-04 3.982131835073232651e-03 5.607674643397331238e-02 4.652794301509857178e-01 2.274635553359985352e+00 6.552060127258300781e+00 1.112016201019287109e+01 1.112016201019287109e+01 6.552068233489990234e+00 2.274639368057250977e+00 4.652793705463409424e-01 5.607669055461883545e-02 3.982149064540863037e-03 1.666161406319588423e-04 4.106834694539429620e-06 5.905265254568803357e-08 1.691103923562309319e-09 9.678215917574561900e-08 3.034936980839120224e-06 5.570840949076227844e-05 6.019487045705318451e-04 3.835121402516961098e-03 1.438658870756626129e-02 3.182088211178779602e-02 4.144046083092689514e-02
3.237447142601013184e-02 1.463689748197793961e-02 3.901854855939745903e-03 6.124234059825539589e-04 5.667727964464575052e-05 3.088117864535888657e-06 9.819708424174677930e-08 1.248615877358361104e-09 -3.812629656430033265e-10 5.903729771716825780e-08 4.107016593479784206e-06 1.666128373472020030e-04 3.982053138315677643e-03 5.607564374804496765e-02 4.652700722217559814e-01 2.274590492248535156e+00 6.551924705505371094e+00 1.111994171142578125e+01 1.111994171142578125e+01 6.551933288574218750e+00 2.274594306945800781e+00 4.652699530124664307e-01 5.607557669281959534e-02 3.982070367783308029e-03 1.666129246586933732e-04 4.106868800590746105e-06 5.906576561187648622e-08 1.805888771855279629e-09 9.846827708770433674e-08 3.087731556661310606e-06 5.667738150805234909e-05 6.124201463535428047e-04 3.901837626472115517e-03 1.463685929775238037e-02 3.237443789839744568e-02 4.216137155890464783e-02
3.292847797274589539e-02 1.488737203180789948e-02 3.968628589063882828e-03 6.229036371223628521e-04 5.764714660472236574e-05 3.140918579447316006e-06 9.964043812260570121e-08 1.190239795612058060e-09 -4.907634298945140472e-10 5.903268274209949595e-08 4.106993856112239882e-06 1.666097814450040460e-04 3.981982357800006866e-03 5.607462301850318909e-02 4.652616977691650391e-01 2.274549722671508789e+00 6.551812648773193359e+00 1.111973953247070312e+01 1.111973953247070312e+01 6.551818847656250000e+00 2.274554014205932617e+00 4.652616381645202637e-01 5.607454851269721985e-02 3.981999587267637253e-03 1.666100433794781566e-04 4.106695087102707475e-06 5.897735277926585695e-08 1.658231441048485522e-09 9.999629924095643219e-08 3.140486796837649308e-06 5.764729212387464941e-05 6.229005521163344383e-04 3.968609031289815903e-03 1.488733198493719101e-02 3.292844817042350769e-02 4.288285598158836365e-02
3.347909078001976013e-02 1.513630244880914688e-02 4.034984391182661057e-03 6.333188503049314022e-04 5.861111276317387819e-05 3.193429847669904120e-06 1.013653516679369204e-07 1.148047990007228236e-09 -3.906317769253320193e-10 5.902846567096275976e-08 4.106973847228800878e-06 1.666069438215345144e-04 3.981921356171369553e-03 5.607375502586364746e-02 4.652541279792785645e-01 2.274513959884643555e+00 6.551705360412597656e+00 1.111956024169921875e+01 1.111956024169921875e+01 6.551712036132812500e+00 2.274518489837646484e+00 4.652540683746337891e-01 5.607366934418678284e-02 3.981938119977712631e-03 1.666073949309065938e-04 4.106672804482514039e-06 5.915170220305299154e-08 1.760427248420626256e-09 1.017676680703516467e-07 3.192996018697158433e-06 5.861106910742819309e-05 6.333159399218857288e-04 4.034966230392456055e-03 1.513626612722873688e-02 3.347905725240707397e-02 4.359988123178482056e-02
3.402278199791908264e-02 1.538211852312088013e-02 4.100514575839042664e-03 6.436042604036629200e-04 5.956282257102429867e-05 3.245242169214179739e-06 1.029634617566443922e-07 1.149399353472801977e-09 -4.826384847333997641e-10 5.915720890925513231e-08 4.106954747840063646e-06 1.666043099248781800e-04 3.981857094913721085e-03 5.607292056083679199e-02 4.652475118637084961e-01 2.274479866027832031e+00 6.551608562469482422e+00 1.111940097808837891e+01 1.111940097808837891e+01 6.551617622375488281e+00 2.274484395980834961e+00 4.652474522590637207e-01 5.607284605503082275e-02 3.981874324381351471e-03 1.666049065534025431e-04 4.106606411369284615e-06 5.930785818009098875e-08 1.709652530657024272e-09 1.033667302863250370e-07 3.244828803872223943e-06 5.956280074315145612e-05 6.436014082282781601e-04 4.100494552403688431e-03 1.538207568228244781e-02 3.402274847030639648e-02 4.430798813700675964e-02
3.455668687820434570e-02 1.562349591404199600e-02 4.164859652519226074e-03 6.537037552334368229e-04 6.049756848369725049e-05 3.296265049357316457e-06 1.046169799678864365e-07 1.216842293594311286e-09 -5.488875465253784114e-10 5.914062839451617037e-08 4.106674623471917585e-06 1.666020252741873264e-04 3.981806803494691849e-03 5.607219040393829346e-02 4.652412831783294678e-01 2.274448156356811523e+00 6.551520347595214844e+00 1.111924934387207031e+01 1.111924934387207031e+01 6.551529407501220703e+00 2.274452209472656250e+00 4.652412235736846924e-01 5.607211217284202576e-02 3.981825429946184158e-03 1.666025636950507760e-04 4.106402229808736593e-06 5.910980149792521843e-08 1.779302594151488393e-09 1.049985058898528223e-07 3.295877377240685746e-06 6.049763032933697104e-05 6.537004956044256687e-04 4.164840094745159149e-03 1.562346145510673523e-02 3.455665335059165955e-02 4.500326886773109436e-02
3.507185727357864380e-02 1.585641317069530487e-02 4.226948600262403488e-03 6.634495221078395844e-04 6.139953620731830597e-05 3.345435516166617163e-06 1.062842045485012932e-07 1.107833824676163204e-09 -5.753985066192512932e-10 5.919192602732437081e-08 4.106554115423932672e-06 1.666000753175467253e-04 3.981762100011110306e-03 5.607151985168457031e-02 4.652358591556549072e-01 2.274422883987426758e+00 6.551442146301269531e+00 1.111912441253662109e+01 1.111912441253662109e+01 6.551450252532958984e+00 2.274427413940429688e+00 4.652357697486877441e-01 5.607144162058830261e-02 3.981778398156166077e-03 1.666007010499015450e-04 4.106404958292841911e-06 5.904537303536017134e-08 1.769308477506115196e-09 1.065286880930216284e-07 3.345043978697503917e-06 6.139955075923353434e-05 6.634459714405238628e-04 4.226930905133485794e-03 1.585637591779232025e-02 3.507182002067565918e-02 4.567417502403259277e-02
3.556823357939720154e-02 1.608084328472614288e-02 4.286776296794414520e-03 6.728401058353483677e-04 6.226856930879876018e-05 3.392779490241082385e-06 1.078089937323056802e-07 1.204268462728919076e-09 -4.171326062341051966e-10 5.937050673310295679e-08 4.106574124307371676e-06 1.665983145358040929e-04 3.981716930866241455e-03 5.607089400291442871e-02 4.652307629585266113e-01 2.274398803710937500e+00 6.551377296447753906e+00 1.111900234222412109e+01 1.111900138854980469e+01 6.551383972167968750e+00 2.274402379989624023e+00 4.652306735515594482e-01 5.607082322239875793e-02 3.981735557317733765e-03 1.665988966124132276e-04 4.106366759515367448e-06 5.915102008202666184e-08 2.003677890272115292e-09 1.081951666037639370e-07 3.392519147382699884e-06 6.226859113667160273e-05 6.728365551680326462e-04 4.286757204681634903e-03 1.608080044388771057e-02 3.556819260120391846e-02 4.632065072655677795e-02
3.604583814740180969e-02 1.629676483571529388e-02 4.344335757195949554e-03 6.818737019784748554e-04 6.310453318292275071e-05 3.438351541262818500e-06 1.091850165835239750e-07 1.245527458948458843e-09 -3.905914758295381262e-10 5.920017187577286677e-08 4.106596861674915999e-06 1.665967138251289725e-04 3.981679677963256836e-03 5.607036128640174866e-02 4.652264416217803955e-01 2.274375915527343750e+00 6.551311492919921875e+00 1.111889457702636719e+01 1.111889362335205078e+01 6.551320552825927734e+00 2.274379730224609375e+00 4.652263522148132324e-01 5.607027933001518250e-02 3.981697838753461838e-03 1.665974996285513043e-04 4.106181222596205771e-06 5.905649302917481691e-08 1.857216158640540016e-09 1.096715749326904188e-07 3.437976602072012611e-06 6.310462777037173510e-05 6.818706169724464417e-04 4.344316199421882629e-03 1.629672385752201080e-02 3.604578226804733276e-02 4.694260284304618835e-02
3.650528192520141602e-02 1.650449447333812714e-02 4.399711731821298599e-03 6.905656191520392895e-04 6.390889029717072845e-05 3.482163265289273113e-06 1.105832154735253425e-07 1.266104998620676270e-09 -3.667041115207325674e-10 5.917929968290991383e-08 4.106482720089843497e-06 1.665956515353173018e-04 3.981646150350570679e-03 5.606989935040473938e-02 4.652223289012908936e-01 2.274356126785278320e+00 6.551255702972412109e+00 1.111880207061767578e+01 1.111880207061767578e+01 6.551263809204101562e+00 2.274360895156860352e+00 4.652222692966461182e-01 5.606982856988906860e-02 3.981663845479488373e-03 1.665960007812827826e-04 4.106258529645856470e-06 5.906872857508460584e-08 1.908160296437699799e-09 1.111131666675646557e-07 3.481892690615495667e-06 6.390914495568722486e-05 6.905621849000453949e-04 4.399692639708518982e-03 1.650445349514484406e-02 3.650524094700813293e-02 4.754094779491424561e-02
3.694727271795272827e-02 1.670431718230247498e-02 4.452981986105442047e-03 6.989268003962934017e-04 6.468265928560867906e-05 3.524394514897721820e-06 1.120519712571876880e-07 1.452262754497724018e-09 -5.273309011677440594e-10 5.896173860264752875e-08 4.106247160962084308e-06 1.665940799284726381e-04 3.981615882366895676e-03 5.606947094202041626e-02 4.652185440063476562e-01 2.274340391159057617e+00 6.551205635070800781e+00 1.111870861053466797e+01 1.111870861053466797e+01 6.551213741302490234e+00 2.274344444274902344e+00 4.652184247970581055e-01 5.606939643621444702e-02 3.981633111834526062e-03 1.665945455897599459e-04 4.106188953301170841e-06 5.890121101970180462e-08 1.837563656792440270e-09 1.123269726122089196e-07 3.524089152051601559e-06 6.468288484029471874e-05 6.989233661442995071e-04 4.452962428331375122e-03 1.670427247881889343e-02 3.694723919034004211e-02 4.811656475067138672e-02
3.737165778875350952e-02 1.689617894589900970e-02 4.504127427935600281e-03 7.069542771205306053e-04 6.542559276567772031e-05 3.564792450561071746e-06 1.132866387365538685e-07 1.327990162280912045e-09 -5.394407698311454169e-10 5.889848608831016463e-08 4.106300366402138025e-06 1.665927993599325418e-04 3.981588408350944519e-03 5.606904998421669006e-02 4.652154445648193359e-01 2.274322748184204102e+00 6.551155567169189453e+00 1.111863708496093750e+01 1.111863708496093750e+01 6.551162719726562500e+00 2.274327278137207031e+00 4.652153551578521729e-01 5.606898292899131775e-02 3.981605172157287598e-03 1.665933668846264482e-04 4.106165306438924745e-06 5.888528420427974197e-08 1.711684349814390771e-09 1.135914402539128787e-07 3.564441840353538282e-06 6.542579649249091744e-05 7.069507264532148838e-04 4.504108335822820663e-03 1.689613796770572662e-02 3.737161681056022644e-02 4.866922274231910706e-02
3.777860850095748901e-02 1.708017103374004364e-02 4.553175065666437149e-03 7.146522984839975834e-04 6.613805453525856137e-05 3.603673121688188985e-06 1.146058963286122889e-07 1.212004829831414554e-09 -5.503388855743196473e-10 5.897394217413420847e-08 4.106215783394873142e-06 1.665916206547990441e-04 3.981561865657567978e-03 5.606872215867042542e-02 4.652125537395477295e-01 2.274310350418090820e+00 6.551116943359375000e+00 1.111856460571289062e+01 1.111856460571289062e+01 6.551124572753906250e+00 2.274314165115356445e+00 4.652124345302581787e-01 5.606864020228385925e-02 3.981580492109060287e-03 1.665922172833234072e-04 4.106077994947554544e-06 5.890198551128378313e-08 1.792679671375196904e-09 1.147726749195498996e-07 3.603319555622874759e-06 6.613821460632607341e-05 7.146489224396646023e-04 4.553155042231082916e-03 1.708012819290161133e-02 3.777854889631271362e-02 4.919915273785591125e-02
3.816764801740646362e-02 1.725607737898826599e-02 4.600065294653177261e-03 7.220123661682009697e-04 6.681918603135272861e-05 3.640837803686736152e-06 1.157880120672416524e-07 1.240073044250777912e-09 -5.601470953742193615e-10 5.897568300383682072e-08 4.106147116544889286e-06 1.665908930590376258e-04 3.981536254286766052e-03 5.606839433312416077e-02 4.652099609375000000e-01 2.274296045303344727e+00 6.551078319549560547e+00 1.111850643157958984e+01 1.111850643157958984e+01 6.551085472106933594e+00 2.274300098419189453e+00 4.652098715305328369e-01 5.606831610202789307e-02 3.981553483754396439e-03 1.665913296164944768e-04 4.106031610717764124e-06 5.892056975653758855e-08 1.828070139708870556e-09 1.159494757985157776e-07 3.640491740952711552e-06 6.681941158603876829e-05 7.220090483315289021e-04 4.600044805556535721e-03 1.725602895021438599e-02 3.816761448979377747e-02 4.970581457018852234e-02
3.853783756494522095e-02 1.742342673242092133e-02 4.644679836928844452e-03 7.290146313607692719e-04 6.746723374817520380e-05 3.676017740872339346e-06 1.168513890092981455e-07 1.203246613457054082e-09 -5.524185553440474905e-10 5.891099519317322120e-08 4.106212600163416937e-06 1.665901363594457507e-04 3.981518559157848358e-03 5.606810003519058228e-02 4.652076065540313721e-01 2.274283409118652344e+00 6.551043510437011719e+00 1.111844921112060547e+01 1.111844921112060547e+01 6.551050662994384766e+00 2.274287223815917969e+00 4.652074873447418213e-01 5.606801807880401611e-02 3.981534857302904129e-03 1.665903982939198613e-04 4.105982952751219273e-06 5.876199438148432819e-08 1.889234768626124605e-09 1.170785211002112192e-07 3.675731022667605430e-06 6.746752478647977114e-05 7.290114881470799446e-04 4.644658416509628296e-03 1.742338016629219055e-02 3.853780031204223633e-02 5.018795654177665710e-02
3.888826817274093628e-02 1.758188009262084961e-02 4.686921369284391403e-03 7.356443093158304691e-04 6.808080797782167792e-05 3.709491011250065640e-06 1.180091331320909376e-07 1.099736635090664549e-09 -4.295643285523453869e-10 5.905149436102874461e-08 4.106397682335227728e-06 1.665894524194300175e-04 3.981496673077344894e-03 5.606782808899879456e-02 4.652054309844970703e-01 2.274273157119750977e+00 6.551013469696044922e+00 1.111838531494140625e+01 1.111838531494140625e+01 6.551021099090576172e+00 2.274277210235595703e+00 4.652053415775299072e-01 5.606774613261222839e-02 3.981514368206262589e-03 1.665896706981584430e-04 4.106049800611799583e-06 5.887765297529767849e-08 2.037444435387669728e-09 1.182783151421062939e-07 3.709165184773155488e-06 6.808121543144807220e-05 7.356407586485147476e-04 4.686897620558738708e-03 1.758182793855667114e-02 3.888821974396705627e-02 5.064435675740242004e-02
3.921858593821525574e-02 1.773119717836380005e-02 4.726724233478307724e-03 7.418922032229602337e-04 6.865894101792946458e-05 3.740917009054101072e-06 1.190535598993847088e-07 1.139030869623525177e-09 -5.011207560023933638e-10 5.891297760740599188e-08 4.106443611817667261e-06 1.665889139985665679e-04 3.981484565883874893e-03 5.606760457158088684e-02 4.652035534381866455e-01 2.274265050888061523e+00 6.550986766815185547e+00 1.111834716796875000e+01 1.111834621429443359e+01 6.550996780395507812e+00 2.274269104003906250e+00 4.652033448219299316e-01 5.606751888990402222e-02 3.981501795351505280e-03 1.665888848947361112e-04 4.106032974959816784e-06 5.885175013986554404e-08 2.053200942597754874e-09 1.192428555896185571e-07 3.740580950761795975e-06 6.865937029942870140e-05 7.418887107633054256e-04 4.726703744381666183e-03 1.773115433752536774e-02 3.921853378415107727e-02 5.107449367642402649e-02
3.952984139323234558e-02 1.787192560732364655e-02 4.764241632074117661e-03 7.477800827473402023e-04 6.920383020769804716e-05 3.770611101572285406e-06 1.199355210701469332e-07 1.120587955760754539e-09 -4.496238381612727153e-10 5.892081489378142578e-08 4.106482720089843497e-06 1.665880117798224092e-04 3.981469664722681046e-03 5.606742575764656067e-02 4.652017951011657715e-01 2.274256229400634766e+00 6.550965309143066406e+00 1.111830997467041016e+01 1.111830997467041016e+01 6.550972938537597656e+00 2.274260044097900391e+00 4.652016758918762207e-01 5.606733635067939758e-02 3.981485962867736816e-03 1.665884192334488034e-04 4.105982952751219273e-06 5.896764321278169518e-08 2.120337683209072566e-09 1.202024009216984268e-07 3.770175908357487060e-06 6.920415034983307123e-05 7.477764738723635674e-04 4.764220211654901505e-03 1.787187904119491577e-02 3.952980414032936096e-02 5.147983133792877197e-02
3.982494771480560303e-02 1.800533011555671692e-02 4.799798596650362015e-03 7.533622556366026402e-04 6.972040864638984203e-05 3.798739953708718531e-06 1.207543931514010183e-07 1.126754134439522659e-09 -4.695045463520841622e-10 5.892788479400223878e-08 4.106371761736227199e-06 1.665876043261960149e-04 3.981456626206636429e-03 5.606721714138984680e-02 4.652001261711120605e-01 2.274248600006103516e+00 6.550944328308105469e+00 1.111826610565185547e+01 1.111826515197753906e+01 6.550950527191162109e+00 2.274251937866210938e+00 4.651999473571777344e-01 5.606712773442268372e-02 3.981473855674266815e-03 1.665878662606701255e-04 4.106002506887307391e-06 5.890875343084189808e-08 2.149750155666652063e-09 1.210291884490288794e-07 3.798315447056666017e-06 6.972069240873679519e-05 7.533583557233214378e-04 4.799778573215007782e-03 1.800528913736343384e-02 3.982488811016082764e-02 5.186410248279571533e-02
4.010561108589172363e-02 1.813223771750926971e-02 4.833634477108716965e-03 7.586724241264164448e-04 7.021179771982133389e-05 3.825422027148306370e-06 1.217122900243339245e-07 1.148861228372766163e-09 -4.211689330624324157e-10 5.886800025223237753e-08 4.106148026039591059e-06 1.665871532168239355e-04 3.981444519013166428e-03 5.606706440448760986e-02 4.651987552642822266e-01 2.274241924285888672e+00 6.550919532775878906e+00 1.111823844909667969e+01 1.111823749542236328e+01 6.550927639007568359e+00 2.274245500564575195e+00 4.651985764503479004e-01 5.606698244810104370e-02 3.981460817158222198e-03 1.665872841840609908e-04 4.105898824491305277e-06 5.884931297828188690e-08 2.156139933262579689e-09 1.219641063698873040e-07 3.825040494120912626e-06 7.021208875812590122e-05 7.586681749671697617e-04 4.833613056689500809e-03 1.813218742609024048e-02 4.010557383298873901e-02 5.222966149449348450e-02
4.037136957049369812e-02 1.825239695608615875e-02 4.865660332143306732e-03 7.636995287612080574e-04 7.067697879392653704e-05 3.850661869364557788e-06 1.224507002461905358e-07 1.121156723016270007e-09 -4.604512604533539388e-10 5.894651522453386860e-08 4.106215783394873142e-06 1.665866875555366278e-04 3.981431480497121811e-03 5.606688559055328369e-02 4.651975035667419434e-01 2.274235486984252930e+00 6.550904750823974609e+00 1.111820697784423828e+01 1.111820697784423828e+01 6.550913333892822266e+00 2.274239778518676758e+00 4.651972651481628418e-01 5.606679245829582214e-02 3.981450106948614120e-03 1.665866730036213994e-04 4.105798325326759368e-06 5.876060171772223839e-08 2.065244419924283648e-09 1.227200385756077594e-07 3.850422217510640621e-06 7.067730621201917529e-05 7.636953378096222878e-04 4.865640308707952499e-03 1.825234852731227875e-02 4.037134349346160889e-02 5.257575213909149170e-02
4.060693830251693726e-02 1.835889182984828949e-02 4.894052166491746902e-03 7.681553252041339874e-04 7.108946738298982382e-05 3.873227342410245910e-06 1.231235131626817747e-07 1.110708636176127584e-09 -5.785895651477801493e-10 5.895095966934604803e-08 4.106274445803137496e-06 1.665862946538254619e-04 3.981425426900386810e-03 5.606676265597343445e-02 4.651963412761688232e-01 2.274230003356933594e+00 6.550888538360595703e+00 1.111817836761474609e+01 1.111817836761474609e+01 6.550896644592285156e+00 2.274233341217041016e+00 4.651962220668792725e-01 5.606667697429656982e-02 3.981441725045442581e-03 1.665861054789274931e-04 4.105622338101966307e-06 5.863349272772211407e-08 2.132176879499070310e-09 1.234773492342355894e-07 3.872979050356661901e-06 7.108973659342154860e-05 7.681514252908527851e-04 4.894031211733818054e-03 1.835883967578411102e-02 4.060689732432365417e-02 5.288255214691162109e-02
4.079602286219596863e-02 1.844439841806888580e-02 4.916845820844173431e-03 7.717331754975020885e-04 7.142068352550268173e-05 3.891408141498686746e-06 1.238371964973339345e-07 1.289637507895236013e-09 -4.696754096755739738e-10 5.908745492888556328e-08 4.106328560737892985e-06 1.665858580963686109e-04 3.981413319706916809e-03 5.606666952371597290e-02 4.651954770088195801e-01 2.274223566055297852e+00 6.550873279571533203e+00 1.111815738677978516e+01 1.111815738677978516e+01 6.550880908966064453e+00 2.274227142333984375e+00 4.651953279972076416e-01 5.606657266616821289e-02 3.981430549174547195e-03 1.665856543695554137e-04 4.105629614059580490e-06 5.871774177990118915e-08 2.267240173381424029e-09 1.241434688381559681e-07 3.891212600137805566e-06 7.142082176869735122e-05 7.717291009612381458e-04 4.916822537779808044e-03 1.844434626400470734e-02 4.079599305987358093e-02 5.312882363796234131e-02
4.092400521039962769e-02 1.850225590169429779e-02 4.932269919663667679e-03 7.741545559838414192e-04 7.164471026044338942e-05 3.903647666447795928e-06 1.240495635101979133e-07 1.003643390617980913e-09 -6.862319046341269768e-10 5.901161870269788778e-08 4.106370852241525427e-06 1.665854506427422166e-04 3.981407266110181808e-03 5.606653168797492981e-02 4.651945829391479492e-01 2.274219751358032227e+00 6.550860881805419922e+00 1.111813449859619141e+01 1.111813354492187500e+01 6.550868034362792969e+00 2.274223804473876953e+00 4.651944041252136230e-01 5.606644228100776672e-02 3.981424029916524887e-03 1.665852905716747046e-04 4.105542757315561175e-06 5.859081753101236245e-08 2.073666571789090085e-09 1.243751484025779064e-07 3.903290235029999167e-06 7.164493581512942910e-05 7.741510635241866112e-04 4.932248499244451523e-03 1.850220561027526855e-02 4.092396795749664307e-02 5.329549312591552734e-02
4.097937047481536865e-02 1.852727867662906647e-02 4.938938654959201813e-03 7.752015953883528709e-04 7.174165511969476938e-05 3.908896360371727496e-06 1.241993174971867120e-07 9.076767115701045441e-10 -7.983492200658304228e-10 5.894330357136823295e-08 4.106282176508102566e-06 1.665849849814549088e-04 3.981401678174734116e-03 5.606643110513687134e-02 4.651936888694763184e-01 2.274216651916503906e+00 6.550849437713623047e+00 1.111812114715576172e+01 1.111812019348144531e+01 6.550856113433837891e+00 2.274220466613769531e+00 4.651935696601867676e-01 5.606634169816970825e-02 3.981417976319789886e-03 1.665852760197594762e-04 4.105642346985405311e-06 5.853502571540047938e-08 2.025408507577708406e-09 1.244213194695475977e-07 3.908440248778788373e-06 7.174180791480466723e-05 7.751974044367671013e-04 4.938917700201272964e-03 1.852723397314548492e-02 4.097933694720268250e-02 5.336755141615867615e-02
4.095452651381492615e-02 1.851605623960494995e-02 4.935949109494686127e-03 7.747311028651893139e-04 7.169808668550103903e-05 3.906564870703732595e-06 1.239543223618966294e-07 1.026195683984099105e-09 -7.833580450977706278e-10 5.908054845349397510e-08 4.106335381948156282e-06 1.665848976699635386e-04 3.981391899287700653e-03 5.606633424758911133e-02 4.651929736137390137e-01 2.274214267730712891e+00 6.550838470458984375e+00 1.111809349060058594e+01 1.111809349060058594e+01 6.550846099853515625e+00 2.274217605590820312e+00 4.651927649974822998e-01 5.606624484062194824e-02 3.981409594416618347e-03 1.665850286372005939e-04 4.105609605176141486e-06 5.852574602727145248e-08 2.006808275112348383e-09 1.242635931930635707e-07 3.906110578100197017e-06 7.169830496422946453e-05 7.747272029519081116e-04 4.935927223414182663e-03 1.851600967347621918e-02 4.095449298620223999e-02 5.333522334694862366e-02
4.084618389606475830e-02 1.846706867218017578e-02 4.922886379063129425e-03 7.726816693320870399e-04 7.150849705794826150e-05 3.896245743817416951e-06 1.237606284121284261e-07 1.130793347847713903e-09 -6.374092920147234054e-10 5.913784306699199078e-08 4.106120741198537871e-06 1.665845775278285146e-04 3.981389105319976807e-03 5.606627091765403748e-02 4.651921987533569336e-01 2.274207830429077148e+00 6.550830364227294922e+00 1.111807823181152344e+01 1.111807823181152344e+01 6.550837039947509766e+00 2.274211406707763672e+00 4.651919603347778320e-01 5.606617778539657593e-02 3.981405403465032578e-03 1.665845920797437429e-04 4.105713742319494486e-06 5.851286388747212186e-08 1.932122239978184552e-09 1.239931606278332765e-07 3.895783720508916304e-06 7.150873716454952955e-05 7.726778858341276646e-04 4.922863561660051346e-03 1.846701651811599731e-02 4.084613174200057983e-02 5.319408699870109558e-02
4.065501689910888672e-02 1.838064938783645630e-02 4.899852443486452103e-03 7.690654019825160503e-04 7.117387576727196574e-05 3.878064035234274343e-06 1.232423585406650091e-07 1.229072843500489398e-09 -6.053968992780767167e-10 5.905700106723088538e-08 4.106181222596205771e-06 1.665842282818630338e-04 3.981383983045816422e-03 5.606620013713836670e-02 4.651917815208435059e-01 2.274206638336181641e+00 6.550822257995605469e+00 1.111807060241699219e+01 1.111807060241699219e+01 6.550830841064453125e+00 2.274210691452026367e+00 4.651916027069091797e-01 5.606610700488090515e-02 3.981401212513446808e-03 1.665842573856934905e-04 4.105741027160547674e-06 5.846700190659248619e-08 1.935841487110678827e-09 1.234903947988641448e-07 3.877507424476789311e-06 7.117409404600039124e-05 7.690619677305221558e-04 4.899830091744661331e-03 1.838060282170772552e-02 4.065497592091560364e-02 5.294517800211906433e-02
4.041895270347595215e-02 1.827391237020492554e-02 4.871390294283628464e-03 7.645991863682866096e-04 7.076060137478634715e-05 3.855602699331939220e-06 1.225270409577206010e-07 1.180928133059921947e-09 -6.593703916202287019e-10 5.898416688410179631e-08 4.106508185941493139e-06 1.665841118665412068e-04 3.981380723416805267e-03 5.606611073017120361e-02 4.651909768581390381e-01 2.274204730987548828e+00 6.550816059112548828e+00 1.111805343627929688e+01 1.111805343627929688e+01 6.550823211669921875e+00 2.274208784103393555e+00 4.651907980442047119e-01 5.606601759791374207e-02 3.981397021561861038e-03 1.665842719376087189e-04 4.105804237042320892e-06 5.852708184761468146e-08 1.914038705308485078e-09 1.226577950319551746e-07 3.854874194075819105e-06 7.076069596223533154e-05 7.645952864550054073e-04 4.871367011219263077e-03 1.827386394143104553e-02 4.041890799999237061e-02 5.263769626617431641e-02
4.016343131661415100e-02 1.815840043127536774e-02 4.840601235628128052e-03 7.597663789056241512e-04 7.031322456896305084e-05 3.831140020338352770e-06 1.218241436617972795e-07 1.071370880900701650e-09 -6.251617556962685285e-10 5.891867616014678788e-08 4.106535925529897213e-06 1.665840391069650650e-04 3.981376066803932190e-03 5.606606230139732361e-02 4.651905298233032227e-01 2.274202108383178711e+00 6.550807952880859375e+00 1.111804008483886719e+01 1.111804008483886719e+01 6.550816059112548828e+00 2.274205684661865234e+00 4.651903510093688965e-01 5.606596544384956360e-02 3.981392830610275269e-03 1.665842719376087189e-04 4.105776952201267704e-06 5.863297758423868800e-08 1.892909606837633874e-09 1.218807454961279291e-07 3.830496098089497536e-06 7.031336281215772033e-05 7.597624789923429489e-04 4.840578883886337280e-03 1.815835200250148773e-02 4.016339406371116638e-02 5.230503156781196594e-02
3.990765661001205444e-02 1.804273948073387146e-02 4.809772130101919174e-03 7.549269939772784710e-04 6.986537482589483261e-05 3.806679842455196194e-06 1.210173508070511161e-07 8.858456745919340847e-10 -6.109317496338917408e-10 5.892587040534635889e-08 4.106562755623599514e-06 1.665839372435584664e-04 3.981368150562047958e-03 5.606600642204284668e-02 4.651902914047241211e-01 2.274199724197387695e+00 6.550799369812011719e+00 1.111803340911865234e+01 1.111803245544433594e+01 6.550806522369384766e+00 2.274203777313232422e+00 4.651901125907897949e-01 5.606591701507568359e-02 3.981386311352252960e-03 1.665839954512193799e-04 4.105742846149951220e-06 5.867171992690600746e-08 1.796094939443548810e-09 1.211040512316685636e-07 3.806008180617936887e-06 6.986554217291995883e-05 7.549234433099627495e-04 4.809748381376266479e-03 1.804268918931484222e-02 3.990761935710906982e-02 5.197186768054962158e-02
3.966936096549034119e-02 1.793501526117324829e-02 4.781052935868501663e-03 7.504198001697659492e-04 6.944834603928029537e-05 3.784013415497611277e-06 1.202883197493065381e-07 8.885806535019469266e-10 -5.650109269339509410e-10 5.893240029308799421e-08 4.106585492991143838e-06 1.665839954512193799e-04 3.981367684900760651e-03 5.606594681739807129e-02 4.651896655559539795e-01 2.274196147918701172e+00 6.550795078277587891e+00 1.111802291870117188e+01 1.111802291870117188e+01 6.550801753997802734e+00 2.274199962615966797e+00 4.651894867420196533e-01 5.606585368514060974e-02 3.981383517384529114e-03 1.665839081397280097e-04 4.105635071027791128e-06 5.867784480528825952e-08 1.878330380122861243e-09 1.205077353461092571e-07 3.783358351938659325e-06 6.944851338630542159e-05 7.504162495024502277e-04 4.781031049787998199e-03 1.793497055768966675e-02 3.966932371258735657e-02 5.166152864694595337e-02
3.945634141564369202e-02 1.783871650695800781e-02 4.755380097776651382e-03 7.463904912583529949e-04 6.907534407218918204e-05 3.763732820516452193e-06 1.197190186985608307e-07 9.903852182802097559e-10 -5.899090660399508579e-10 5.887206810939460411e-08 4.106212145416066051e-06 1.665836025495082140e-04 3.981364890933036804e-03 5.606594681739807129e-02 4.651893973350524902e-01 2.274195671081542969e+00 6.550786972045898438e+00 1.111801338195800781e+01 1.111801242828369141e+01 6.550795555114746094e+00 2.274199247360229492e+00 4.651892185211181641e-01 5.606585741043090820e-02 3.981380723416805267e-03 1.665836171014234424e-04 4.105669177079107612e-06 5.865987517950088659e-08 1.854742359697070242e-09 1.197746684056255617e-07 3.763057520700385794e-06 6.907569331815466285e-05 7.463865913450717926e-04 4.755360074341297150e-03 1.783866807818412781e-02 3.945630788803100586e-02 5.138413235545158386e-02
3.926667571067810059e-02 1.775293424725532532e-02 4.732517525553703308e-03 7.428013486787676811e-04 6.874321115901693702e-05 3.745606136362766847e-06 1.190735048339774949e-07 8.357245451229289301e-10 -6.454311529680012427e-10 5.895022425761453633e-08 4.106268988834926859e-06 1.665833260631188750e-04 3.981357906013727188e-03 5.606587603688240051e-02 4.651890099048614502e-01 2.274194955825805664e+00 6.550784111022949219e+00 1.111799716949462891e+01 1.111799716949462891e+01 6.550791263580322266e+00 2.274198770523071289e+00 4.651888310909271240e-01 5.606578290462493896e-02 3.981375135481357574e-03 1.665836316533386707e-04 4.105742846149951220e-06 5.885317833076442184e-08 1.793266535266013761e-09 1.191422995816537878e-07 3.744924924831138924e-06 6.874356768094003201e-05 7.427975069731473923e-04 4.732496105134487152e-03 1.775288395583629608e-02 3.926663845777511597e-02 5.113707482814788818e-02
3.909051045775413513e-02 1.767330430448055267e-02 4.711289424449205399e-03 7.394702988676726818e-04 6.843490700703114271e-05 3.728876663444680162e-06 1.185079909760133887e-07 1.013178652087276532e-09 -6.291734355734490691e-10 5.888803400466713356e-08 4.106187589059118181e-06 1.665832387516275048e-04 3.981360699981451035e-03 5.606584995985031128e-02 4.651884734630584717e-01 2.274191379547119141e+00 6.550781250000000000e+00 1.111800003051757812e+01 1.111799907684326172e+01 6.550788402557373047e+00 2.274195194244384766e+00 4.651883542537689209e-01 5.606576055288314819e-02 3.981376998126506805e-03 1.665834133746102452e-04 4.105758762307232246e-06 5.884607290340682084e-08 1.802064830691563202e-09 1.186187006396721699e-07 3.728184310602955520e-06 6.843525625299662352e-05 7.394666317850351334e-04 4.711268469691276550e-03 1.767325587570667267e-02 3.909046947956085205e-02 5.090769380331039429e-02
3.891470655798912048e-02 1.759382709860801697e-02 4.690104629844427109e-03 7.361440220847725868e-04 6.812693027313798666e-05 3.711945737450150773e-06 1.179151993824234523e-07 9.224681574160342734e-10 -6.476553182643840501e-10 5.896460564258632076e-08 4.105982952751219273e-06 1.665829477133229375e-04 3.981354180723428726e-03 5.606583133339881897e-02 4.651887118816375732e-01 2.274193048477172852e+00 6.550778865814208984e+00 1.111799049377441406e+01 1.111799049377441406e+01 6.550788402557373047e+00 2.274196147918701172e+00 4.651885330677032471e-01 5.606573820114135742e-02 3.981369081884622574e-03 1.665831950958818197e-04 4.105791958863846958e-06 5.884398035505000735e-08 1.734562493638236447e-09 1.180400062139597139e-07 3.711319550347980112e-06 6.812728679506108165e-05 7.361404714174568653e-04 4.690081812441349030e-03 1.759378053247928619e-02 3.891466930508613586e-02 5.067877098917961121e-02
3.871776908636093140e-02 1.750478893518447876e-02 4.666367080062627792e-03 7.324193138629198074e-04 6.778228998882696033e-05 3.693179223773768172e-06 1.172903196788865898e-07 1.000185489985483400e-09 -5.649479772884546946e-10 5.909967626394063700e-08 4.106198048248188570e-06 1.665831805439665914e-04 3.981355577707290649e-03 5.606578662991523743e-02 4.651882946491241455e-01 2.274190425872802734e+00 6.550777912139892578e+00 1.111798095703125000e+01 1.111798095703125000e+01 6.550785541534423828e+00 2.274194002151489258e+00 4.651880860328674316e-01 5.606569722294807434e-02 3.981372341513633728e-03 1.665832533035427332e-04 4.105853349756216630e-06 5.895340038364338398e-08 1.857675346883524981e-09 1.175034896050419775e-07 3.692625114126713015e-06 6.778254464734345675e-05 7.324151811189949512e-04 4.666346590965986252e-03 1.750473864376544952e-02 3.871773183345794678e-02 5.042228847742080688e-02
3.848376125097274780e-02 1.739898882806301117e-02 4.638168960809707642e-03 7.279925630427896976e-04 6.737265357514843345e-05 3.670807245725882240e-06 1.164982634804800909e-07 9.128412470360558473e-10 -5.070687203456714087e-10 5.912199085855718295e-08 4.106389951630262658e-06 1.665830932324752212e-04 3.981353715062141418e-03 5.606578662991523743e-02 4.651880264282226562e-01 2.274189233779907227e+00 6.550771713256835938e+00 1.111798667907714844e+01 1.111798667907714844e+01 6.550780296325683594e+00 2.274193048477172852e+00 4.651878774166107178e-01 5.606569722294807434e-02 3.981371410191059113e-03 1.665831659920513630e-04 4.105848347535356879e-06 5.896564658769420930e-08 1.864385756888964352e-09 1.168509413673746167e-07 3.670288378998520784e-06 6.737256626365706325e-05 7.279890705831348896e-04 4.638147540390491486e-03 1.739894226193428040e-02 3.848372772336006165e-02 5.011752247810363770e-02
3.820242360234260559e-02 1.727179996669292450e-02 4.604257643222808838e-03 7.226700545288622379e-04 6.688002031296491623e-05 3.643925083451904356e-06 1.155810309683147352e-07 7.204055685328114578e-10 -6.702160493254893936e-10 5.907580202801909763e-08 4.106430424144491553e-06 1.665831514401361346e-04 3.981349524110555649e-03 5.606575682759284973e-02 4.651879966259002686e-01 2.274188041687011719e+00 6.550766468048095703e+00 1.111797142028808594e+01 1.111797142028808594e+01 6.550774574279785156e+00 2.274192810058593750e+00 4.651877880096435547e-01 5.606567859649658203e-02 3.981366753578186035e-03 1.665832824073731899e-04 4.105821972189005464e-06 5.880989206730191654e-08 1.712220143446074871e-09 1.158850935212285549e-07 3.643360741989454255e-06 6.688015128020197153e-05 7.226658635772764683e-04 4.604234360158443451e-03 1.727175153791904449e-02 3.820238634943962097e-02 4.975116625428199768e-02
3.786871954798698425e-02 1.712094433605670929e-02 4.564033355563879013e-03 7.163580157794058323e-04 6.629573181271553040e-05 3.612120281104580499e-06 1.146571833032794530e-07 8.762799375006125047e-10 -6.845936595389900958e-10 5.910048272994572471e-08 4.106465894437860698e-06 1.665833260631188750e-04 3.981351852416992188e-03 5.606574192643165588e-02 4.651881456375122070e-01 2.274188280105590820e+00 6.550768375396728516e+00 1.111796569824218750e+01 1.111796569824218750e+01 6.550775527954101562e+00 2.274192333221435547e+00 4.651880264282226562e-01 5.606565997004508972e-02 3.981369547545909882e-03 1.665830350248143077e-04 4.105833795620128512e-06 5.886717246994521702e-08 1.765630308625532052e-09 1.149007715639527305e-07 3.611590955188148655e-06 6.629625568166375160e-05 7.163538248278200626e-04 4.564011935144662857e-03 1.712089404463768005e-02 3.786867856979370117e-02 4.931655898690223694e-02
3.748240694403648376e-02 1.694623008370399475e-02 4.517480265349149704e-03 7.090494036674499512e-04 6.561943882843479514e-05 3.575238906705635600e-06 1.135223968162790698e-07 9.544752765933139926e-10 -6.313061184926027636e-10 5.908955458266973437e-08 4.106502274225931615e-06 1.665830495767295361e-04 3.981351386755704880e-03 5.606573820114135742e-02 4.651878774166107178e-01 2.274188518524169922e+00 6.550766468048095703e+00 1.111797523498535156e+01 1.111797428131103516e+01 6.550774574279785156e+00 2.274192571640014648e+00 4.651876986026763916e-01 5.606564879417419434e-02 3.981370013207197189e-03 1.665830641286447644e-04 4.105902917217463255e-06 5.903819300101531553e-08 1.865110288434834729e-09 1.138459779781442194e-07 3.574723677957081236e-06 6.561986810993403196e-05 7.090455619618296623e-04 4.517459310591220856e-03 1.694618724286556244e-02 3.748236596584320068e-02 4.881343990564346313e-02
3.704685717821121216e-02 1.674935966730117798e-02 4.464980680495500565e-03 7.008100510574877262e-04 6.485707854153588414e-05 3.533799599608755670e-06 1.123062602914615127e-07 1.012439465597481103e-09 -6.495748938739609457e-10 5.917905099295239779e-08 4.106465439690509811e-06 1.665831368882209063e-04 3.981350921094417572e-03 5.606573447585105896e-02 4.651877880096435547e-01 2.274185895919799805e+00 6.550766468048095703e+00 1.111796951293945312e+01 1.111796951293945312e+01 6.550773143768310547e+00 2.274189710617065430e+00 4.651876091957092285e-01 5.606563389301300049e-02 3.981366287916898727e-03 1.665829913690686226e-04 4.105977950530359522e-06 5.910093037186925358e-08 1.945732241992459421e-09 1.125113726629933808e-07 3.533282324497122318e-06 6.485734775196760893e-05 7.008063839748501778e-04 4.464961588382720947e-03 1.674931496381759644e-02 3.704682365059852600e-02 4.824626073241233826e-02
3.656852990388870239e-02 1.653308235108852386e-02 4.407334607094526291e-03 6.917621940374374390e-04 6.401973951142281294e-05 3.488182528599281795e-06 1.109106264607362391e-07 1.101855384710859198e-09 -6.742943425841474436e-10 5.916025358487786434e-08 4.106432697881245986e-06 1.665832241997122765e-04 3.981347661465406418e-03 5.606574565172195435e-02 4.651877284049987793e-01 2.274187326431274414e+00 6.550767898559570312e+00 1.111797332763671875e+01 1.111797332763671875e+01 6.550776004791259766e+00 2.274191141128540039e+00 4.651875495910644531e-01 5.606564879417419434e-02 3.981364425271749496e-03 1.665830932324752212e-04 4.105981133761815727e-06 5.919683587762847310e-08 1.910623437240133171e-09 1.110722607222669467e-07 3.487688672976219095e-06 6.401998689398169518e-05 6.917584687471389771e-04 4.407316446304321289e-03 1.653304509818553925e-02 3.656848147511482239e-02 4.762328416109085083e-02
3.605328500270843506e-02 1.630013622343540192e-02 4.345237277448177338e-03 6.820147973485291004e-04 6.311772449407726526e-05 3.439131660343264230e-06 1.094123902589672070e-07 1.145076700126423930e-09 -6.468727220543257772e-10 5.924272983293121797e-08 4.106535016035195440e-06 1.665832096477970481e-04 3.981349524110555649e-03 5.606571957468986511e-02 4.651876986026763916e-01 2.274188041687011719e+00 6.550768375396728516e+00 1.111796951293945312e+01 1.111796951293945312e+01 6.550774574279785156e+00 2.274191379547119141e+00 4.651874601840972900e-01 5.606563389301300049e-02 3.981366287916898727e-03 1.665830495767295361e-04 4.106107098778011277e-06 5.924323787098728644e-08 1.915048564171684120e-09 1.095064945388912747e-07 3.438622570683946833e-06 6.311801553238183260e-05 6.820115377195179462e-04 4.345216788351535797e-03 1.630009710788726807e-02 3.605325147509574890e-02 4.695234075188636780e-02
3.551903739571571350e-02 1.605859957635402679e-02 4.280845634639263153e-03 6.719088996760547161e-04 6.218241469468921423e-05 3.388181085028918460e-06 1.076991864579213143e-07 1.254345183276939224e-09 -7.049765216038395010e-10 5.921758017279898922e-08 4.106494998268317431e-06 1.665831805439665914e-04 3.981349989771842957e-03 5.606571212410926819e-02 4.651876688003540039e-01 2.274188280105590820e+00 6.550765991210937500e+00 1.111797142028808594e+01 1.111797142028808594e+01 6.550772666931152344e+00 2.274192333221435547e+00 4.651874899864196777e-01 5.606561526656150818e-02 3.981366287916898727e-03 1.665831077843904495e-04 4.106057986064115539e-06 5.923396173557193833e-08 1.900946289268290457e-09 1.078208526905655162e-07 3.387699962331680581e-06 6.218273483682423830e-05 6.719056982547044754e-04 4.280827939510345459e-03 1.605854928493499756e-02 3.551900014281272888e-02 4.625658318400382996e-02
3.498887270689010620e-02 1.581889390945434570e-02 4.216947592794895172e-03 6.618797779083251953e-04 6.125432264525443316e-05 3.337617727083852515e-06 1.060471745972790814e-07 1.284387929345598423e-09 -5.999800101186281154e-10 5.926113999521476217e-08 4.106596406927565113e-06 1.665831223363056779e-04 3.981348592787981033e-03 5.606571957468986511e-02 4.651878774166107178e-01 2.274187564849853516e+00 6.550764560699462891e+00 1.111797237396240234e+01 1.111797142028808594e+01 6.550772666931152344e+00 2.274191856384277344e+00 4.651877284049987793e-01 5.606563761830329895e-02 3.981365822255611420e-03 1.665829622652381659e-04 4.106130745640257373e-06 5.920777823575917864e-08 1.977195518421126508e-09 1.062085743797069881e-07 3.337123871460789815e-06 6.125452637206763029e-05 6.618764600716531277e-04 4.216928500682115555e-03 1.581885665655136108e-02 3.498883172869682312e-02 4.556613415479660034e-02
3.447826951742172241e-02 1.558807026594877243e-02 4.155414644628763199e-03 6.522214971482753754e-04 6.036060221958905458e-05 3.288993639216641895e-06 1.045747239913907833e-07 1.296939888817405517e-09 -6.131035124035122408e-10 5.923421753095681197e-08 4.106480901100439951e-06 1.665833115112036467e-04 3.981348592787981033e-03 5.606569722294807434e-02 4.651876091957092285e-01 2.274187564849853516e+00 6.550766944885253906e+00 1.111796188354492188e+01 1.111796188354492188e+01 6.550773143768310547e+00 2.274191379547119141e+00 4.651874899864196777e-01 5.606560781598091125e-02 3.981366753578186035e-03 1.665830350248143077e-04 4.106090273126028478e-06 5.918058221254796081e-08 2.009985289319615731e-09 1.046668671733641531e-07 3.288567086201510392e-06 6.036075137672014534e-05 6.522183539345860481e-04 4.155397415161132812e-03 1.558802742511034012e-02 3.447823226451873779e-02 4.490120336413383484e-02
3.400958329439163208e-02 1.537614222615957260e-02 4.098919685930013657e-03 6.433542585000395775e-04 5.954002335784025490e-05 3.244311756134266034e-06 1.031690501918092195e-07 1.270983873702391520e-09 -4.759019289757304705e-10 5.920992052210749534e-08 4.106451342522632331e-06 1.665833406150341034e-04 3.981347661465406418e-03 5.606573820114135742e-02 4.651876688003540039e-01 2.274186372756958008e+00 6.550761699676513672e+00 1.111796474456787109e+01 1.111796379089355469e+01 6.550769329071044922e+00 2.274189949035644531e+00 4.651875197887420654e-01 5.606565251946449280e-02 3.981364890933036804e-03 1.665830641286447644e-04 4.106083906663116068e-06 5.916018608331796713e-08 1.959920892247168922e-09 1.033474674727585807e-07 3.243830406063352711e-06 5.954018706688657403e-05 6.433514645323157310e-04 4.098901059478521347e-03 1.537610683590173721e-02 3.400955349206924438e-02 4.429076611995697021e-02
3.359942138195037842e-02 1.519070472568273544e-02 4.049487877637147903e-03 6.355945370160043240e-04 5.882202458451502025e-05 3.205144821549765766e-06 1.019046393935241213e-07 1.235206270600031075e-09 -4.186488378188357729e-10 5.918806778026919346e-08 4.106481810595141724e-06 1.665834279265254736e-04 3.981346264481544495e-03 5.606570094823837280e-02 4.651876986026763916e-01 2.274187326431274414e+00 6.550762176513671875e+00 1.111796474456787109e+01 1.111796474456787109e+01 6.550771713256835938e+00 2.274190902709960938e+00 4.651875495910644531e-01 5.606561526656150818e-02 3.981363028287887573e-03 1.665830204728990793e-04 4.105986590730026364e-06 5.909753042487864150e-08 1.921904413393349387e-09 1.021972053649733425e-07 3.204714857929502614e-06 5.882209006813354790e-05 6.355916848406195641e-04 4.049468785524368286e-03 1.519066281616687775e-02 3.359938040375709534e-02 4.375663027167320251e-02
3.324984014034271240e-02 1.503265928477048874e-02 4.007356241345405579e-03 6.289822049438953400e-04 5.821009108331054449e-05 3.171839807691867463e-06 1.009041810107191850e-07 1.318901987623632976e-09 -3.257283054391990618e-10 5.923462609302987403e-08 4.106384039914701134e-06 1.665834279265254736e-04 3.981348592787981033e-03 5.606568977236747742e-02 4.651874303817749023e-01 2.274185419082641602e+00 6.550764083862304688e+00 1.111796569824218750e+01 1.111796474456787109e+01 6.550773620605468750e+00 2.274189233779907227e+00 4.651873111724853516e-01 5.606560781598091125e-02 3.981364425271749496e-03 1.665830641286447644e-04 4.105952484678709880e-06 5.914575496035467950e-08 1.921063530474498293e-09 1.012071706441020069e-07 3.171443722749245353e-06 5.821028025820851326e-05 6.289790035225450993e-04 4.007338546216487885e-03 1.503261830657720566e-02 3.324979171156883240e-02 4.330135509371757507e-02
3.294828906655311584e-02 1.489632204174995422e-02 3.971011843532323837e-03 6.232777377590537071e-04 5.768206392531283200e-05 3.143037247355096042e-06 1.000516576254995016e-07 1.346627254150689623e-09 -3.662763703449201103e-10 5.927650192916189553e-08 4.106419964955421165e-06 1.665834279265254736e-04 3.981347661465406418e-03 5.606565997004508972e-02 4.651874303817749023e-01 2.274187088012695312e+00 6.550760269165039062e+00 1.111796760559082031e+01 1.111796760559082031e+01 6.550768375396728516e+00 2.274191141128540039e+00 4.651873111724853516e-01 5.606558918952941895e-02 3.981365356594324112e-03 1.665830059209838510e-04 4.106075266463449225e-06 5.921826584653899772e-08 1.922045633762081707e-09 1.002676199846064264e-07 3.142700506941764615e-06 5.768226765212602913e-05 6.232746527530252934e-04 3.970995079725980759e-03 1.489628013223409653e-02 3.294825553894042969e-02 4.290860518813133240e-02
3.268345445394515991e-02 1.477659959346055984e-02 3.939094021916389465e-03 6.182677461765706539e-04 5.721856723539531231e-05 3.117881988146109506e-06 9.927470046022790484e-08 1.377791103429615305e-09 -3.613769838928249101e-10 5.931419622129396885e-08 4.106461801711702719e-06 1.665835879975929856e-04 3.981346730142831802e-03 5.606564134359359741e-02 4.651872217655181885e-01 2.274185419082641602e+00 6.550758361816406250e+00 1.111796474456787109e+01 1.111796474456787109e+01 6.550766944885253906e+00 2.274188995361328125e+00 4.651871025562286377e-01 5.606557801365852356e-02 3.981363028287887573e-03 1.665830641286447644e-04 4.106121650693239644e-06 5.919452306102357397e-08 1.982913611087155914e-09 9.949420842758627259e-08 3.117478399872197770e-06 5.721866909880191088e-05 6.182648940011858940e-04 3.939078189432621002e-03 1.477656140923500061e-02 3.268341347575187683e-02 4.256377369165420532e-02
3.244567662477493286e-02 1.466908864676952362e-02 3.910440485924482346e-03 6.137702148407697678e-04 5.680216781911440194e-05 3.095163265243172646e-06 9.860302441211388214e-08 1.339613309170317734e-09 -4.563095179488385611e-10 5.921563328570300655e-08 4.106229880562750623e-06 1.665834133746102452e-04 3.981344401836395264e-03 5.606565997004508972e-02 4.651871323585510254e-01 2.274186372756958008e+00 6.550757884979248047e+00 1.111795997619628906e+01 1.111795902252197266e+01 6.550766468048095703e+00 2.274189710617065430e+00 4.651870131492614746e-01 5.606558918952941895e-02 3.981362562626600266e-03 1.665830204728990793e-04 4.106070718989940360e-06 5.906050404291818268e-08 1.818891592897387000e-09 9.871561701402242761e-08 3.094775138379191048e-06 5.680249523720704019e-05 6.137672462500631809e-04 3.910420928150415421e-03 1.466905232518911362e-02 3.244563564658164978e-02 4.225413128733634949e-02
3.222694993019104004e-02 1.457018684595823288e-02 3.884071949869394302e-03 6.096314173191785812e-04 5.641916141030378640e-05 3.074230789934517816e-06 9.786144516965578077e-08 1.226605816917469838e-09 -4.589641999785953885e-10 5.925945956164468953e-08 4.106153937755152583e-06 1.665833988226950169e-04 3.981343004852533340e-03 5.606563761830329895e-02 4.651871323585510254e-01 2.274185180664062500e+00 6.550758361816406250e+00 1.111795806884765625e+01 1.111795711517333984e+01 6.550765991210937500e+00 2.274189472198486328e+00 4.651870131492614746e-01 5.606556311249732971e-02 3.981361165642738342e-03 1.665828895056620240e-04 4.106084816157817841e-06 5.901259925167323672e-08 1.762311296893415147e-09 9.800327660514085437e-08 3.073855623370036483e-06 5.641944153467193246e-05 6.096286815591156483e-04 3.884054720401763916e-03 1.457015052437782288e-02 3.222692385315895081e-02 4.196925833821296692e-02
3.202081844210624695e-02 1.447702664881944656e-02 3.859238466247916222e-03 6.057338905520737171e-04 5.605831393040716648e-05 3.054499302379554138e-06 9.718613114273466635e-08 1.095922907978774674e-09 -4.696323330222185177e-10 5.919950041288757348e-08 4.106218966626329347e-06 1.665832533035427332e-04 3.981345333158969879e-03 5.606563016772270203e-02 4.651870429515838623e-01 2.274184465408325195e+00 6.550755500793457031e+00 1.111795520782470703e+01 1.111795520782470703e+01 6.550763607025146484e+00 2.274188041687011719e+00 4.651869535446166992e-01 5.606554821133613586e-02 3.981363493949174881e-03 1.665828167460858822e-04 4.106012966076377779e-06 5.904444222437632561e-08 1.683583050748893584e-09 9.735732220406134729e-08 3.054165517824003473e-06 5.605857222690246999e-05 6.057308637537062168e-04 3.859221935272216797e-03 1.447698287665843964e-02 3.202079236507415771e-02 4.170083627104759216e-02
3.182274475693702698e-02 1.438745111227035522e-02 3.835358424112200737e-03 6.019867141731083393e-04 5.571161818807013333e-05 3.035698000530828722e-06 9.660173105885405676e-08 1.094208390561846045e-09 -3.384998670252770125e-10 5.917868506344348134e-08 4.106144388060783967e-06 1.665831805439665914e-04 3.981340210884809494e-03 5.606561526656150818e-02 4.651868641376495361e-01 2.274183750152587891e+00 6.550754547119140625e+00 1.111795806884765625e+01 1.111795806884765625e+01 6.550762176513671875e+00 2.274187564849853516e+00 4.651867449283599854e-01 5.606553703546524048e-02 3.981358837336301804e-03 1.665828312980011106e-04 4.106063897779677063e-06 5.898584376495819015e-08 1.729497101088384170e-09 9.682386092890737928e-08 3.035398322026594542e-06 5.571192377828992903e-05 6.019833381287753582e-04 3.835340263321995735e-03 1.438741479068994522e-02 3.182271495461463928e-02 4.144289717078208923e-02
3.162936493754386902e-02 1.430002227425575256e-02 3.812053473666310310e-03 5.983283044770359993e-04 5.537305332836695015e-05 3.017270728378207423e-06 9.599339279020568938e-08 1.152681727845106252e-09 -2.784294461655179020e-10 5.922614576547857723e-08 4.106207597942557186e-06 1.665833842707797885e-04 3.981341142207384109e-03 5.606561899185180664e-02 4.651870429515838623e-01 2.274183750152587891e+00 6.550753593444824219e+00 1.111794757843017578e+01 1.111794757843017578e+01 6.550761699676513672e+00 2.274187803268432617e+00 4.651869237422943115e-01 5.606552958488464355e-02 3.981359302997589111e-03 1.665829477133229375e-04 4.106102096557151526e-06 5.901918243012005405e-08 1.817813122251266122e-09 9.627154895497369580e-08 3.017000835825456306e-06 5.537326069315895438e-05 5.983253358863294125e-04 3.812036011368036270e-03 1.429998409003019333e-02 3.162933140993118286e-02 4.119100049138069153e-02
3.143868595361709595e-02 1.421381067484617233e-02 3.789072856307029724e-03 5.947212339378893375e-04 5.503930151462554932e-05 2.999163598360610195e-06 9.532912059739828692e-08 1.124595083723534117e-09 -2.988724545627263751e-10 5.913641842880679178e-08 4.106263531866716221e-06 1.665833842707797885e-04 3.981339745223522186e-03 5.606559664011001587e-02 4.651868641376495361e-01 2.274184226989746094e+00 6.550754547119140625e+00 1.111794853210449219e+01 1.111794853210449219e+01 6.550761699676513672e+00 2.274188280105590820e+00 4.651868045330047607e-01 5.606551840901374817e-02 3.981357906013727188e-03 1.665828458499163389e-04 4.106048891117097810e-06 5.900276534021031694e-08 1.751536804484032928e-09 9.568492487233015709e-08 2.998805484821787104e-06 5.503948341356590390e-05 5.947179743088781834e-04 3.789055161178112030e-03 1.421377621591091156e-02 3.143864870071411133e-02 4.094265773892402649e-02
3.124975785613059998e-02 1.412840746343135834e-02 3.766305278986692429e-03 5.911479238420724869e-04 5.470852192956954241e-05 2.981130592161207460e-06 9.482607765676220879e-08 9.937669576132179827e-10 -3.255490321762977146e-10 5.908882272365190147e-08 4.106251253688242286e-06 1.665833842707797885e-04 3.981340210884809494e-03 5.606561899185180664e-02 4.651868343353271484e-01 2.274182796478271484e+00 6.550752162933349609e+00 1.111794757843017578e+01 1.111794757843017578e+01 6.550760746002197266e+00 2.274187088012695312e+00 4.651867449283599854e-01 5.606554076075553894e-02 3.981358837336301804e-03 1.665828021941706538e-04 4.105977041035657749e-06 5.903100941395678092e-08 1.690696027623062037e-09 9.509625442660762928e-08 2.980788394779665396e-06 5.470892938319593668e-05 5.911447224207222462e-04 3.766288049519062042e-03 1.412837114185094833e-02 3.124972619116306305e-02 4.069668054580688477e-02
3.106247261166572571e-02 1.404372509568929672e-02 3.743731882423162460e-03 5.876047071069478989e-04 5.438062726170755923e-05 2.963247879961272702e-06 9.415936830237114918e-08 8.884383784213412127e-10 -4.075070281217563206e-10 5.901280530906660715e-08 4.106170763407135382e-06 1.665835152380168438e-04 3.981339279562234879e-03 5.606559291481971741e-02 4.651866257190704346e-01 2.274182319641113281e+00 6.550752162933349609e+00 1.111795139312744141e+01 1.111795139312744141e+01 6.550758838653564453e+00 2.274186611175537109e+00 4.651865661144256592e-01 5.606551840901374817e-02 3.981356509029865265e-03 1.665827585384249687e-04 4.105879270355217159e-06 5.896918153780461580e-08 1.699196006121894698e-09 9.446617355024500284e-08 2.962870667033712380e-06 5.438101652543991804e-05 5.876016803085803986e-04 3.743715584278106689e-03 1.404368970543146133e-02 3.106243908405303955e-02 4.045270010828971863e-02
3.087721392512321472e-02 1.395995449274778366e-02 3.721401328220963478e-03 5.840997328050434589e-04 5.405602496466599405e-05 2.945527285191928968e-06 9.356487140621538856e-08 9.488650976052781516e-10 -3.322572772468390667e-10 5.904378141963206872e-08 4.106240794499171898e-06 1.665835297899320722e-04 3.981340210884809494e-03 5.606559664011001587e-02 4.651866853237152100e-01 2.274182796478271484e+00 6.550753116607666016e+00 1.111794853210449219e+01 1.111794853210449219e+01 6.550761699676513672e+00 2.274187326431274414e+00 4.651865661144256592e-01 5.606552585959434509e-02 3.981358371675014496e-03 1.665829913690686226e-04 4.105945208721095696e-06 5.907573452645920042e-08 1.777351044118802292e-09 9.396103450853843242e-08 2.945150072264368646e-06 5.405656702350825071e-05 5.840967642143368721e-04 3.721383865922689438e-03 1.395991723984479904e-02 3.087716922163963318e-02 4.021145775914192200e-02
3.069474361836910248e-02 1.387748215347528458e-02 3.699412103742361069e-03 5.806481349281966686e-04 5.373660314944572747e-05 2.928058620454976335e-06 9.298481273845027317e-08 9.328782191175832850e-10 -3.473173137980012370e-10 5.900541566461470211e-08 4.106162577954819426e-06 1.665836316533386707e-04 3.981342073529958725e-03 5.606563389301300049e-02 4.651870429515838623e-01 2.274184703826904297e+00 6.550755977630615234e+00 1.111795330047607422e+01 1.111795234680175781e+01 6.550763130187988281e+00 2.274188518524169922e+00 4.651869833469390869e-01 5.606555193662643433e-02 3.981359768658876419e-03 1.665829622652381659e-04 4.105950210941955447e-06 5.902703037463652436e-08 1.597417309540105634e-09 9.331382244681662996e-08 2.927665718743810430e-06 5.373695239541120827e-05 5.806450499221682549e-04 3.699395107105374336e-03 1.387744490057229996e-02 3.069470636546611786e-02 3.997386619448661804e-02
3.052650019526481628e-02 1.380140241235494614e-02 3.679133951663970947e-03 5.774652236141264439e-04 5.344195960788056254e-05 2.911918727477313951e-06 9.248332588640550966e-08 8.977983356750485200e-10 -3.608704168822640668e-10 5.910335687531187432e-08 4.106226697331294417e-06 1.665836171014234424e-04 3.981342539191246033e-03 5.606564879417419434e-02 4.651871025562286377e-01 2.274184226989746094e+00 6.550758361816406250e+00 1.111795902252197266e+01 1.111795902252197266e+01 6.550765991210937500e+00 2.274188280105590820e+00 4.651870131492614746e-01 5.606557428836822510e-02 3.981361165642738342e-03 1.665831950958818197e-04 4.106064807274378836e-06 5.903064348444786447e-08 1.566146878850815938e-09 9.275647983031376498e-08 2.911592673626728356e-06 5.344238525140099227e-05 5.774620221927762032e-04 3.679116023704409599e-03 1.380137074738740921e-02 3.052647784352302551e-02 3.975471109151840210e-02
3.037837892770767212e-02 1.373444963246583939e-02 3.661282593384385109e-03 5.746641545556485653e-04 5.318261537468060851e-05 2.897728791140252724e-06 9.206884499235457042e-08 9.407312706599668672e-10 -3.482328869708339880e-10 5.902603561480646022e-08 4.106163032702170312e-06 1.665836171014234424e-04 3.981351386755704880e-03 5.606571212410926819e-02 4.651877582073211670e-01 2.274188995361328125e+00 6.550767898559570312e+00 1.111797618865966797e+01 1.111797618865966797e+01 6.550775527954101562e+00 2.274193048477172852e+00 4.651876688003540039e-01 5.606565251946449280e-02 3.981369081884622574e-03 1.665834279265254736e-04 4.105983407498570159e-06 5.900742294784322439e-08 1.562681317679448512e-09 9.232005027115519624e-08 2.897448666772106662e-06 5.318312469171360135e-05 5.746611277572810650e-04 3.661266993731260300e-03 1.373441331088542938e-02 3.037835657596588135e-02 3.956192731857299805e-02
3.024769760668277740e-02 1.367535628378391266e-02 3.645530436187982559e-03 5.721910274587571621e-04 5.295387018122710288e-05 2.885225057980278507e-06 9.170540948844063678e-08 7.889670583516306124e-10 -4.279216980762612366e-10 5.905584288257159642e-08 4.106104825041256845e-06 1.665840682107955217e-04 3.981359302997589111e-03 5.606590211391448975e-02 4.651891589164733887e-01 2.274194955825805664e+00 6.550787448883056641e+00 1.111800479888916016e+01 1.111800479888916016e+01 6.550795078277587891e+00 2.274199008941650391e+00 4.651890695095062256e-01 5.606581270694732666e-02 3.981377929449081421e-03 1.665836898609995842e-04 4.106061624042922631e-06 5.898052535258102580e-08 1.517281300600359373e-09 9.180475757375461399e-08 2.884911964429193176e-06 5.295434311847202480e-05 5.721881752833724022e-04 3.645513672381639481e-03 1.367532089352607727e-02 3.024766966700553894e-02 3.939162567257881165e-02
3.014072030782699585e-02 1.362697780132293701e-02 3.632636973634362221e-03 5.701680202037096024e-04 5.276645970297977328e-05 2.874959591281367466e-06 9.135294476436683908e-08 8.572696441611071805e-10 -3.837412332341472165e-10 5.908286127009887423e-08 4.106131200387608260e-06 1.665850286372005939e-04 3.981382120400667191e-03 5.606619268655776978e-02 4.651916623115539551e-01 2.274206876754760742e+00 6.550822734832763672e+00 1.111807060241699219e+01 1.111807060241699219e+01 6.550830841064453125e+00 2.274210691452026367e+00 4.651916027069091797e-01 5.606611445546150208e-02 3.981399815529584885e-03 1.665847812546417117e-04 4.106074356968747452e-06 5.895585530879543512e-08 1.646265346266773122e-09 9.150099344878981356e-08 2.874780193451442756e-06 5.276706360746175051e-05 5.701651098206639290e-04 3.632620209828019142e-03 1.362694147974252701e-02 3.014069236814975739e-02 3.925231844186782837e-02
3.005433641374111176e-02 1.358794048428535461e-02 3.622227348387241364e-03 5.685338401235640049e-04 5.261523619992658496e-05 2.866764816644717939e-06 9.116604360315250233e-08 9.249492283203153420e-10 -3.853693197886087773e-10 5.904119149136022315e-08 4.106242158741224557e-06 1.665866438997909427e-04 3.981420304626226425e-03 5.606672167778015137e-02 4.651960730552673340e-01 2.274228811264038086e+00 6.550884246826171875e+00 1.111816883087158203e+01 1.111816883087158203e+01 6.550893306732177734e+00 2.274232625961303711e+00 4.651959538459777832e-01 5.606664344668388367e-02 3.981438931077718735e-03 1.665861782385036349e-04 4.106088454136624932e-06 5.899677901766153809e-08 1.575494401606647443e-09 9.126452482632885221e-08 2.866528120648581535e-06 5.261582555249333382e-05 5.685305804945528507e-04 3.622209886088967323e-03 1.358790509402751923e-02 3.005430288612842560e-02 3.913984447717666626e-02
2.999122999608516693e-02 1.355939731001853943e-02 3.614619374275207520e-03 5.673395935446023941e-04 5.250485264696180820e-05 2.860920403691125102e-06 9.095104047673885361e-08 1.060369125838178661e-09 -3.619941568722140346e-10 5.907041966679571487e-08 4.106436335860053077e-06 1.665895106270909309e-04 3.981484100222587585e-03 5.606764554977416992e-02 4.652037322521209717e-01 2.274266242980957031e+00 6.550991058349609375e+00 1.111835289001464844e+01 1.111835289001464844e+01 6.550999164581298828e+00 2.274269819259643555e+00 4.652036130428314209e-01 5.606758221983909607e-02 3.981502261012792587e-03 1.665889431023970246e-04 4.106118467461783439e-06 5.901429034338434576e-08 1.519488757040221572e-09 9.117653121393232141e-08 2.860640051949303597e-06 5.250533286016434431e-05 5.673366249538958073e-04 3.614603541791439056e-03 1.355936471372842789e-02 2.999120764434337616e-02 3.905760496854782104e-02
2.994998544454574585e-02 1.354076154530048370e-02 3.609650768339633942e-03 5.665596108883619308e-04 5.243264604359865189e-05 2.856951141438912600e-06 9.082349095024255803e-08 9.835641190392152566e-10 -3.575105489428409555e-10 5.903101651938413852e-08 4.106519554625265300e-06 1.665930758463218808e-04 3.981577232480049133e-03 5.606894195079803467e-02 4.652144908905029297e-01 2.274317979812622070e+00 6.551144599914550781e+00 1.111861610412597656e+01 1.111861610412597656e+01 6.551154136657714844e+00 2.274321794509887695e+00 4.652143716812133789e-01 5.606887862086296082e-02 3.981595393270254135e-03 1.665927266003564000e-04 4.106178948859451339e-06 5.900345811937768303e-08 1.477370892288831783e-09 9.099773023990564980e-08 2.856649643945274875e-06 5.243304985924623907e-05 5.665567587129771709e-04 3.609634470194578171e-03 1.354072522372007370e-02 2.994996123015880585e-02 3.900401294231414795e-02
2.993774972856044769e-02 1.353523135185241699e-02 3.608176950365304947e-03 5.663283518515527248e-04 5.241118196863681078e-05 2.855724915207247250e-06 9.092318009606970008e-08 1.077939071336686538e-09 -3.700218742519467696e-10 5.899653743313137966e-08 4.106530923309037462e-06 1.665993331698700786e-04 3.981729503720998764e-03 5.607109516859054565e-02 4.652322530746459961e-01 2.274406671524047852e+00 6.551395416259765625e+00 1.111903953552246094e+01 1.111903953552246094e+01 6.551403522491455078e+00 2.274410724639892578e+00 4.652321934700012207e-01 5.607102066278457642e-02 3.981747198849916458e-03 1.665991148911416531e-04 4.106283086002804339e-06 5.904827915514943015e-08 1.389797832374028985e-09 9.093225372680535656e-08 2.855384991562459618e-06 5.241156395641155541e-05 5.663252086378633976e-04 3.608160652220249176e-03 1.353519503027200699e-02 2.993771992623806000e-02 3.898802399635314941e-02
2.995127625763416290e-02 1.354133524000644684e-02 3.609805600717663765e-03 5.665843491442501545e-04 5.243482519290409982e-05 2.857008894352475181e-06 9.092034503055401728e-08 9.621243801660739337e-10 -3.564265271815969527e-10 5.893489429809051217e-08 4.106907908862922341e-06 1.666120369918644428e-04 3.982032649219036102e-03 5.607533454895019531e-02 4.652677178382873535e-01 2.274579286575317383e+00 6.551891326904296875e+00 1.111988162994384766e+01 1.111988162994384766e+01 6.551900863647460938e+00 2.274583339691162109e+00 4.652676284313201904e-01 5.607527121901512146e-02 3.982050344347953796e-03 1.666116295382380486e-04 4.106606866116635501e-06 5.906628786078726989e-08 1.458829834710684281e-09 9.096971353983462905e-08 2.856639866877230816e-06 5.243524356046691537e-05 5.665817297995090485e-04 3.609788604080677032e-03 1.354129798710346222e-02 2.995124645531177521e-02 3.900563716888427734e-02
2.997701428830623627e-02 1.355298422276973724e-02 3.612911561504006386e-03 5.670714890584349632e-04 5.247996523394249380e-05 2.859453161363489926e-06 9.095215602883399697e-08 8.827274466938206388e-10 -4.021144806021226259e-10 5.901490496285077825e-08 4.107589120394550264e-06 1.666318275965750217e-04 3.982505761086940765e-03 5.608199536800384521e-02 4.653228521347045898e-01 2.274848222732543945e+00 6.552666664123535156e+00 1.112120437622070312e+01 1.112120437622070312e+01 6.552676200866699219e+00 2.274852275848388672e+00 4.653227925300598145e-01 5.608192458748817444e-02 3.982524853199720383e-03 1.666314637986943126e-04 4.107101631234399974e-06 5.913896927722817054e-08 1.406867511377640767e-09 9.106392440116906073e-08 2.859109372366219759e-06 5.248023444437421858e-05 5.670682876370847225e-04 3.612894564867019653e-03 1.355295255780220032e-02 2.997699752449989319e-02 3.903920203447341919e-02
3.001405857503414154e-02 1.356971915811300278e-02 3.617371898144483566e-03 5.677718436345458031e-04 5.254481220617890358e-05 2.862958126570447348e-06 9.112113019682510640e-08 8.754261759946757593e-10 -3.935103354280045096e-10 5.905970468234045256e-08 4.108412213099654764e-06 1.666662719799205661e-04 3.983329050242900848e-03 5.609361454844474792e-02 4.654192328453063965e-01 2.275318861007690430e+00 6.554025173187255859e+00 1.112350463867187500e+01 1.112350463867187500e+01 6.554033756256103516e+00 2.275323390960693359e+00 4.654191732406616211e-01 5.609354004263877869e-02 3.983348608016967773e-03 1.666658645262941718e-04 4.107931090402416885e-06 5.915463674455168075e-08 1.348328004802112901e-09 9.114573629176447866e-08 2.862653445845353417e-06 5.254511415841989219e-05 5.677688168361783028e-04 3.617355367168784142e-03 1.356968190521001816e-02 3.001402691006660461e-02 3.908733651041984558e-02
3.005422279238700867e-02 1.358788833022117615e-02 3.622213145717978477e-03 5.685322685167193413e-04 5.261517799226567149e-05 2.866724798877839930e-06 9.105291098876477918e-08 6.618954273562849266e-10 -4.187613866779571481e-10 5.911414646675439144e-08 4.110121608391636983e-06 1.667364704189822078e-04 3.985008224844932556e-03 5.611726641654968262e-02 4.656154811382293701e-01 2.276279211044311523e+00 6.556787014007568359e+00 1.112819862365722656e+01 1.112819862365722656e+01 6.556796550750732422e+00 2.276283025741577148e+00 4.656154215335845947e-01 5.611720681190490723e-02 3.985026851296424866e-03 1.667361066211014986e-04 4.109747806069208309e-06 5.911390488222423301e-08 1.235757052242547616e-09 9.125392352871131152e-08 2.866395789169473574e-06 5.261538535705767572e-05 5.685290670953691006e-04 3.622195683419704437e-03 1.358785107731819153e-02 3.005419112741947174e-02 3.913970291614532471e-02
3.007944114506244659e-02 1.359928213059902191e-02 3.625250421464443207e-03 5.690088728442788124e-04 5.265944128041155636e-05 2.869214313250267878e-06 9.111704457609448582e-08 8.277633023467956264e-10 -4.496008565446629746e-10 5.914920819805047358e-08 4.112916030862834305e-06 1.668532931944355369e-04 3.987802192568778992e-03 5.615655705332756042e-02 4.659417867660522461e-01 2.277873992919921875e+00 6.561385154724121094e+00 1.113599491119384766e+01 1.113599395751953125e+01 6.561393737792968750e+00 2.277878046035766602e+00 4.659417271614074707e-01 5.615650489926338196e-02 3.987821284681558609e-03 1.668529876042157412e-04 4.112671376788057387e-06 5.910531442054889339e-08 1.267357219170150984e-09 9.132371303621766856e-08 2.868818000933970325e-06 5.265946310828439891e-05 5.690061952918767929e-04 3.625234588980674744e-03 1.359924953430891037e-02 3.007941320538520813e-02 3.917257487773895264e-02
3.008610382676124573e-02 1.360228657722473145e-02 3.626052988693118095e-03 5.691344267688691616e-04 5.267098458716645837e-05 2.869763648050138727e-06 9.111280974138935562e-08 6.376268402163987048e-10 -4.853795143588968131e-10 5.914433742759683810e-08 4.117421212868066505e-06 1.670418714638799429e-04 3.992305137217044830e-03 5.622001737356185913e-02 4.664679765701293945e-01 2.280446767807006836e+00 6.568795680999755859e+00 1.114857196807861328e+01 1.114857196807861328e+01 6.568803787231445312e+00 2.280450582504272461e+00 4.664678871631622314e-01 5.621994659304618835e-02 3.992322832345962524e-03 1.670414931140840054e-04 4.117267963010817766e-06 5.907774891511508031e-08 1.251117542899748969e-09 9.127075628612146829e-08 2.869397121685324237e-06 5.267100277706049383e-05 5.691315745934844017e-04 3.626036457717418671e-03 1.360225118696689606e-02 3.008606657385826111e-02 3.918119519948959351e-02
3.007230162620544434e-02 1.359605975449085236e-02 3.624391509220004082e-03 5.688735400326550007e-04 5.264694482320919633e-05 2.868441924874787219e-06 9.118691224330177647e-08 5.575717110239963858e-10 -5.584007700676352215e-10 5.927292434648734343e-08 4.126267413084860891e-06 1.673978840699419379e-04 4.000815097242593765e-03 5.633981153368949890e-02 4.674619138240814209e-01 2.285307884216308594e+00 6.582792758941650391e+00 1.117233467102050781e+01 1.117233467102050781e+01 6.582801342010498047e+00 2.285311460494995117e+00 4.674618542194366455e-01 5.633974075317382812e-02 4.000832792371511459e-03 1.673973747529089451e-04 4.126028670725645497e-06 5.915944711887277663e-08 1.361844637060016794e-09 9.122233990410677507e-08 2.868162482627667487e-06 5.264700666884891689e-05 5.688704550266265869e-04 3.624373581260442734e-03 1.359601784497499466e-02 3.007227368652820587e-02 3.916325792670249939e-02
3.002218902111053467e-02 1.357340067625045776e-02 3.618353512138128281e-03 5.679254536516964436e-04 5.255911310086958110e-05 2.863619101844960824e-06 9.099029085746224155e-08 5.869373875810879326e-10 -4.823992316715930428e-10 5.957044635351849138e-08 4.142240868532098830e-06 1.680411951383575797e-04 4.016180522739887238e-03 5.655623972415924072e-02 4.692575037479400635e-01 2.294084787368774414e+00 6.608078956604003906e+00 1.121523666381835938e+01 1.121523666381835938e+01 6.608088016510009766e+00 2.294088125228881836e+00 4.692574441432952881e-01 5.655616149306297302e-02 4.016199614852666855e-03 1.680404966464266181e-04 4.141955741943093017e-06 5.930550273092194402e-08 1.364334090148133782e-09 9.113176702157943510e-08 2.863354893634095788e-06 5.255918949842453003e-05 5.679226596839725971e-04 3.618336748331785202e-03 1.357336621731519699e-02 3.002215363085269928e-02 3.909797593951225281e-02
2.992297522723674774e-02 1.352853886783123016e-02 3.606393234804272652e-03 5.660486058332026005e-04 5.238532685325480998e-05 2.854167860277811997e-06 9.074632600913901115e-08 5.864689844869985791e-10 -4.953043530875334000e-10 5.991127238758053863e-08 4.168301984464051202e-06 1.691015204414725304e-04 4.041522741317749023e-03 5.691307038068771362e-02 4.722184836864471436e-01 2.308560132980346680e+00 6.649775505065917969e+00 1.128600597381591797e+01 1.128600597381591797e+01 6.649783611297607422e+00 2.308563709259033203e+00 4.722184240818023682e-01 5.691300332546234131e-02 4.041540902107954025e-03 1.691008219495415688e-04 4.168040049989940599e-06 5.974726491331239231e-08 1.423782092224712414e-09 9.083711205448707915e-08 2.853930482160649262e-06 5.238553058006800711e-05 5.660460446961224079e-04 3.606376470997929573e-03 1.352850254625082016e-02 2.992295101284980774e-02 3.896875679492950439e-02
2.977046556770801544e-02 1.345959212630987167e-02 3.588013118132948875e-03 5.631632520817220211e-04 5.211836105445399880e-05 2.839647777364007197e-06 9.034680203967582202e-08 6.108918371161564664e-10 -4.055570324013046957e-10 6.052058409977689735e-08 4.208086011203704402e-06 1.707156043266877532e-04 4.080098588019609451e-03 5.745631456375122070e-02 4.767258763313293457e-01 2.330595254898071289e+00 6.713244915008544922e+00 1.139373493194580078e+01 1.139373493194580078e+01 6.713253021240234375e+00 2.330599069595336914e+00 4.767258167266845703e-01 5.745624005794525146e-02 4.080116748809814453e-03 1.707149785943329334e-04 4.207837719150120392e-06 6.033599220245378092e-08 1.519806946959079141e-09 9.045067628221659106e-08 2.839401304299826734e-06 5.211860479903407395e-05 5.631602252833545208e-04 3.587997518479824066e-03 1.345955394208431244e-02 2.977043204009532928e-02 3.877016901969909668e-02
2.956840582191944122e-02 1.336823776364326477e-02 3.563662990927696228e-03 5.593415116891264915e-04 5.176457852940075099e-05 2.820371491907280870e-06 8.973450604798927088e-08 7.425745573996778148e-10 -3.057966102559817045e-10 6.148538034267403418e-08 4.263576101948274300e-06 1.729617360979318619e-04 4.133774433284997940e-03 5.821217224001884460e-02 4.829971790313720703e-01 2.361254215240478516e+00 6.801560878753662109e+00 1.154361915588378906e+01 1.154361915588378906e+01 6.801570415496826172e+00 2.361258268356323242e+00 4.829970896244049072e-01 5.821210145950317383e-02 4.133793059736490250e-03 1.729610521579161286e-04 4.263258233550004661e-06 6.120279749666224234e-08 1.638070457055107454e-09 8.986744148842262803e-08 2.820189820340601727e-06 5.176490230951458216e-05 5.593387759290635586e-04 3.563645994290709496e-03 1.336820609867572784e-02 2.956837788224220276e-02 3.850704059004783630e-02
2.933013439178466797e-02 1.326051820069551468e-02 3.534944495186209679e-03 5.548344342969357967e-04 5.134739694767631590e-05 2.797624574668589048e-06 8.895278824638808146e-08 7.679696878426511830e-10 -3.790318614527166119e-10 6.251910633636725834e-08 4.333953256718814373e-06 1.758144207997247577e-04 4.201957490295171738e-03 5.917230993509292603e-02 4.909638166427612305e-01 2.400201559066772461e+00 6.913743972778320312e+00 1.173401832580566406e+01 1.173401832580566406e+01 6.913753986358642578e+00 2.400205373764038086e+00 4.909636974334716797e-01 5.917224287986755371e-02 4.201976116746664047e-03 1.758137950673699379e-04 4.333574452175525948e-06 6.222654747034539469e-08 1.606758948113906627e-09 8.905310266982269241e-08 2.797467004711506888e-06 5.134769526193849742e-05 5.548315239138901234e-04 3.534927731379866600e-03 1.326048467308282852e-02 2.933009713888168335e-02 3.819673880934715271e-02
2.907783538103103638e-02 1.314645167440176010e-02 3.504537045955657959e-03 5.500612314790487289e-04 5.090574632049538195e-05 2.773570031422423199e-06 8.821589858598599676e-08 6.914939176816403688e-10 -3.599195941283994671e-10 6.367793048411840573e-08 4.415104285726556554e-06 1.791126269381493330e-04 4.280782304704189301e-03 6.028233841061592102e-02 5.001738071441650391e-01 2.445225715637207031e+00 7.043442249298095703e+00 1.195414352416992188e+01 1.195414352416992188e+01 7.043451309204101562e+00 2.445229530334472656e+00 5.001737475395202637e-01 6.028226390480995178e-02 4.280800931155681610e-03 1.791118411347270012e-04 4.414800514496164396e-06 6.341055325265188003e-08 1.584795072950839767e-09 8.836181564220169093e-08 2.773422465907060541e-06 5.090602280688472092e-05 5.500581464730203152e-04 3.504521213471889496e-03 1.314641535282135010e-02 2.907780185341835022e-02 3.786814957857131958e-02
2.883915603160858154e-02 1.303853001445531845e-02 3.475770354270935059e-03 5.455464706756174564e-04 5.048788079875521362e-05 2.750798785200458951e-06 8.752208913165304693e-08 6.930430118678998497e-10 -2.750159822095810114e-10 6.489330672820869950e-08 4.500210707192309201e-06 1.825625367928296328e-04 4.363231826573610306e-03 6.144343689084053040e-02 5.098077654838562012e-01 2.492324352264404297e+00 7.179102897644042969e+00 1.218438529968261719e+01 1.218438529968261719e+01 7.179113864898681641e+00 2.492328405380249023e+00 5.098077058792114258e-01 6.144336238503456116e-02 4.363252781331539154e-03 1.825616200221702456e-04 4.499870556173846126e-06 6.461217338937785826e-08 1.537213356606059733e-09 8.768412129711578018e-08 2.750686462604789995e-06 5.048820457886904478e-05 5.455438513308763504e-04 3.475753357633948326e-03 1.303849183022975922e-02 2.883912995457649231e-02 3.755731880664825439e-02
2.864007838070392609e-02 1.294853165745735168e-02 3.451777389273047447e-03 5.417807842604815960e-04 5.013948612031526864e-05 2.731840368142002262e-06 8.687245411920230254e-08 6.489066506354390640e-10 -1.816536782106581427e-10 6.609919722677659593e-08 4.580027507472550496e-06 1.857953757280483842e-04 4.440496675670146942e-03 6.253147870302200317e-02 5.188352465629577637e-01 2.536458253860473633e+00 7.306233406066894531e+00 1.240015220642089844e+01 1.240015220642089844e+01 7.306241035461425781e+00 2.536462783813476562e+00 5.188351869583129883e-01 6.253140419721603394e-02 4.440518096089363098e-03 1.857944589573889971e-04 4.579628694045823067e-06 6.576624400622677058e-08 1.605921284841826946e-09 8.714157928579879808e-08 2.731715312620508485e-06 5.013971895095892251e-05 5.417775828391313553e-04 3.451761789619922638e-03 1.294849533587694168e-02 2.864005044102668762e-02 3.729806840419769287e-02
2.849922701716423035e-02 1.288484875112771988e-02 3.434801241382956505e-03 5.391162703745067120e-04 4.989294393453747034e-05 2.718434643611544743e-06 8.645930904549459228e-08 7.085199094092331507e-10 -1.727835374776276467e-10 6.710858002634267905e-08 4.646497927751624957e-06 1.884928205981850624e-04 4.504962358623743057e-03 6.343928724527359009e-02 5.263679027557373047e-01 2.573281764984130859e+00 7.412301063537597656e+00 1.258017063140869141e+01 1.258017063140869141e+01 7.412309169769287109e+00 2.573286533355712891e+00 5.263678431510925293e-01 6.343922019004821777e-02 4.504982847720384598e-03 1.884918747236952186e-04 4.646106390282511711e-06 6.682048336870138883e-08 1.598943644154360300e-09 8.670409812339130440e-08 2.718292762438068166e-06 4.989307490177452564e-05 5.391132435761392117e-04 3.434786340221762657e-03 1.288481429219245911e-02 2.849920652806758881e-02 3.711462765932083130e-02
2.841820195317268372e-02 1.284821424633264542e-02 3.425035160034894943e-03 5.375828477554023266e-04 4.975105184712447226e-05 2.710655280679930001e-06 8.621379521400740487e-08 6.193637269724661110e-10 -2.160292639219463240e-10 6.780166472708515357e-08 4.693852588388836011e-06 1.904117234516888857e-04 4.550830461084842682e-03 6.408519297838211060e-02 5.317267179489135742e-01 2.599481105804443359e+00 7.487767696380615234e+00 1.270825767517089844e+01 1.270825767517089844e+01 7.487775802612304688e+00 2.599485635757446289e+00 5.317265987396240234e-01 6.408512592315673828e-02 4.550850950181484222e-03 1.904108648886904120e-04 4.693449682235950604e-06 6.758760662251006579e-08 1.636017654682575539e-09 8.646167515280467342e-08 2.710518856474664062e-06 4.975124102202244103e-05 5.375801702030003071e-04 3.425019327551126480e-03 1.284817978739738464e-02 2.841816097497940063e-02 3.700910136103630066e-02
2.838156931102275848e-02 1.283165998756885529e-02 3.420620225369930267e-03 5.368898273445665836e-04 4.968686698703095317e-05 2.707129169721156359e-06 8.603152679143022397e-08 7.605572283075900941e-10 -1.163802804127200829e-10 6.817290199023773312e-08 4.719075604953104630e-06 1.914332970045506954e-04 4.575245548039674759e-03 6.442899256944656372e-02 5.345795154571533203e-01 2.613427400588989258e+00 7.527941226959228516e+00 1.277643585205078125e+01 1.277643585205078125e+01 7.527949333190917969e+00 2.613431692123413086e+00 5.345794558525085449e-01 6.442893296480178833e-02 4.575267434120178223e-03 1.914327003760263324e-04 4.718674972536973655e-06 6.797672824632172706e-08 1.603190580290458911e-09 8.637620396712009097e-08 2.707002749957609922e-06 4.968710345565341413e-05 5.368868587538599968e-04 3.420604858547449112e-03 1.283162645995616913e-02 2.838154137134552002e-02 3.696138784289360046e-02
2.836274914443492889e-02 1.282314769923686981e-02 3.418352454900741577e-03 5.365342949517071247e-04 4.965389234712347388e-05 2.705278348003048450e-06 8.600714807016629493e-08 7.510281285760811443e-10 -1.284259643075102986e-10 6.812852149096215726e-08 4.722495759779121727e-06 1.915730972541496158e-04 4.578591790050268173e-03 6.447613984346389771e-02 5.349705815315246582e-01 2.615338802337646484e+00 7.533446311950683594e+00 1.278578853607177734e+01 1.278578853607177734e+01 7.533455371856689453e+00 2.615343570709228516e+00 5.349704623222351074e-01 6.447605043649673462e-02 4.578613210469484329e-03 1.915726461447775364e-04 4.722100584331201389e-06 6.802785890158702387e-08 1.588388198747736624e-09 8.630082248828330194e-08 2.705108954614843242e-06 4.965406697010621428e-05 5.365314427763223648e-04 3.418337088078260422e-03 1.282311417162418365e-02 2.836271561682224274e-02 3.693691268563270569e-02
2.833291329443454742e-02 1.280965935438871384e-02 3.414755687117576599e-03 5.359697970561683178e-04 4.960166916134767234e-05 2.702549636524054222e-06 8.597984191283103428e-08 9.369803821712707759e-10 -1.746512101608033163e-10 6.788949491465245956e-08 4.707245352619793266e-06 1.909582788357511163e-04 4.563896916806697845e-03 6.426920741796493530e-02 5.332536101341247559e-01 2.606945037841796875e+00 7.509273052215576172e+00 1.274474906921386719e+01 1.274474906921386719e+01 7.509282588958740234e+00 2.606950044631958008e+00 5.332535505294799805e-01 6.426912546157836914e-02 4.563918337225914001e-03 1.909578131744638085e-04 4.706898380391066894e-06 6.777709415928256931e-08 1.559327778011265764e-09 8.620059332997698220e-08 2.702319306990830228e-06 4.960201476933434606e-05 5.359668284654617310e-04 3.414740785956382751e-03 1.280962489545345306e-02 2.833289094269275665e-02 3.689804673194885254e-02
2.826903946697711945e-02 1.278078369796276093e-02 3.407058306038379669e-03 5.347615806385874748e-04 4.948986315866932273e-05 2.696497631404781714e-06 8.570680876118785818e-08 9.304836900980717473e-10 -2.098912432746402601e-10 6.738432034580910113e-08 4.678171990235568956e-06 1.897798792924731970e-04 4.535728599876165390e-03 6.387256085872650146e-02 5.299629569053649902e-01 2.590856075286865234e+00 7.462929248809814453e+00 1.266609382629394531e+01 1.266609382629394531e+01 7.462936878204345703e+00 2.590860843658447266e+00 5.299628973007202148e-01 6.387249380350112915e-02 4.535749088972806931e-03 1.897793408716097474e-04 4.677847755374386907e-06 6.744384251078372472e-08 1.604711807878800300e-09 8.594025757702183910e-08 2.696200454010977410e-06 4.949006688548251987e-05 5.347584956325590611e-04 3.407042939215898514e-03 1.278074923902750015e-02 2.826900593936443329e-02 3.681486845016479492e-02
2.815813571214675903e-02 1.273064501583576202e-02 3.393692197278141975e-03 5.326638929545879364e-04 4.929566057398915291e-05 2.685987510631093755e-06 8.546367524786546710e-08 1.133657390184339420e-09 -1.768387380973734935e-10 6.685849740506455419e-08 4.640408860723255202e-06 1.882433862192556262e-04 4.499008413404226303e-03 6.335543096065521240e-02 5.256721973419189453e-01 2.569882392883300781e+00 7.402507305145263672e+00 1.256354522705078125e+01 1.256354522705078125e+01 7.402516841888427734e+00 2.569886207580566406e+00 5.256721973419189453e-01 6.335535645484924316e-02 4.499028436839580536e-03 1.882429496617987752e-04 4.639944563678000122e-06 6.695801602063511382e-08 1.743279187671475938e-09 8.565513098801602609e-08 2.685622348508331925e-06 4.929586430080235004e-05 5.326615064404904842e-04 3.393677994608879089e-03 1.273060869425535202e-02 2.815810777246952057e-02 3.667043894529342651e-02
2.799743227660655975e-02 1.265798974782228470e-02 3.374323481693863869e-03 5.296238232403993607e-04 4.901431384496390820e-05 2.670734374987659976e-06 8.492984449048890383e-08 1.113690362153363367e-09 -1.149877137951449413e-10 6.620111747679402470e-08 4.598231953423237428e-06 1.865310623543336987e-04 4.458080511540174484e-03 6.277910619974136353e-02 5.208902359008789062e-01 2.546502828598022461e+00 7.335163593292236328e+00 1.244925975799560547e+01 1.244925975799560547e+01 7.335175514221191406e+00 2.546507358551025391e+00 5.208902359008789062e-01 6.277905404567718506e-02 4.458101466298103333e-03 1.865304657258093357e-04 4.597711722453823313e-06 6.635248439579299884e-08 1.677311067815878687e-09 8.520784433585504303e-08 2.670294406925677322e-06 4.901452120975591242e-05 5.296209710650146008e-04 3.374309511855244637e-03 1.265795528888702393e-02 2.799740806221961975e-02 3.646112233400344849e-02
2.779185771942138672e-02 1.256504375487565994e-02 3.349547972902655602e-03 5.257351440377533436e-04 4.865431765210814774e-05 2.651074282766785473e-06 8.420119002039427869e-08 1.071913224848231039e-09 -2.255305386889006058e-10 6.553466391778783873e-08 4.554983206617180258e-06 1.847808889579027891e-04 4.416252486407756805e-03 6.219005584716796875e-02 5.160024166107177734e-01 2.522607803344726562e+00 7.266344070434570312e+00 1.233245372772216797e+01 1.233245372772216797e+01 7.266352653503417969e+00 2.522613286972045898e+00 5.160023570060729980e-01 6.218999251723289490e-02 4.416273441165685654e-03 1.847804378485307097e-04 4.554500719677889720e-06 6.563610099874495063e-08 1.599257060114211981e-09 8.447403843092615716e-08 2.650599526532460004e-06 4.865460141445510089e-05 5.257328157313168049e-04 3.349533537402749062e-03 1.256501395255327225e-02 2.779183536767959595e-02 3.619343787431716919e-02
2.755061350762844086e-02 1.245598122477531433e-02 3.320470685139298439e-03 5.211712559685111046e-04 4.823217386729083955e-05 2.628213451316696592e-06 8.370424353643102222e-08 1.080880940307338278e-09 -2.343303329155332904e-10 6.495728399613653892e-08 4.513192379818065092e-06 1.830838300520554185e-04 4.375695716589689255e-03 6.161894276738166809e-02 5.112637281417846680e-01 2.499442338943481445e+00 7.199609279632568359e+00 1.221919155120849609e+01 1.221919155120849609e+01 7.199617385864257812e+00 2.499447107315063477e+00 5.112636685371398926e-01 6.161887571215629578e-02 4.375715740025043488e-03 1.830833061831071973e-04 4.512608938966877759e-06 6.507017502599410363e-08 1.561586193687958257e-09 8.379520011203567265e-08 2.627710273372940719e-06 4.823231211048550904e-05 5.211687530390918255e-04 3.320456016808748245e-03 1.245594862848520279e-02 2.755058743059635162e-02 3.587925061583518982e-02
2.728432230651378632e-02 1.233557611703872681e-02 3.288375679403543472e-03 5.161336739547550678e-04 4.776601053890772164e-05 2.602840368126635440e-06 8.291075914712564554e-08 1.119991877018833293e-09 -1.927796117184854552e-10 6.438130384367468650e-08 4.473967237572651356e-06 1.814912975532934070e-04 4.337629768997430801e-03 6.108286976814270020e-02 5.068162083625793457e-01 2.477699995040893555e+00 7.136980533599853516e+00 1.211289215087890625e+01 1.211289119720458984e+01 7.136987686157226562e+00 2.477704286575317383e+00 5.068161487579345703e-01 6.108280643820762634e-02 4.337648861110210419e-03 1.814905699575319886e-04 4.473363333090674132e-06 6.448711786788408062e-08 1.573151720002385900e-09 8.300798270965970005e-08 2.602355380076915026e-06 4.776609057444147766e-05 5.161311710253357887e-04 3.288361476734280586e-03 1.233553979545831680e-02 2.728428877890110016e-02 3.553244471549987793e-02
2.700299397110939026e-02 1.220838818699121475e-02 3.254469949752092361e-03 5.108116893097758293e-04 4.727350096800364554e-05 2.576031192802474834e-06 8.203751633573119761e-08 1.158297679992870144e-09 -1.554835843409207996e-10 6.388422235659163562e-08 4.437729785422561690e-06 1.800256432034075260e-04 4.302597139030694962e-03 6.058957427740097046e-02 5.027229785919189453e-01 2.457687854766845703e+00 7.079332828521728516e+00 1.201505851745605469e+01 1.201505851745605469e+01 7.079342365264892578e+00 2.457693338394165039e+00 5.027228593826293945e-01 6.058949977159500122e-02 4.302615299820899963e-03 1.800251193344593048e-04 4.437252300704130903e-06 6.392584595005246229e-08 1.560984230764006497e-09 8.215015157020388870e-08 2.575513917690841481e-06 4.727350460598245263e-05 5.108091281726956367e-04 3.254455048590898514e-03 1.220835093408823013e-02 2.700296789407730103e-02 3.516607731580734253e-02
2.671525441110134125e-02 1.207830570638179779e-02 3.219792153686285019e-03 5.053693894296884537e-04 4.676976823247969151e-05 2.548614929764880799e-06 8.128492368086881470e-08 1.223815937478889282e-09 -1.385191822356190983e-10 6.339860902926375275e-08 4.404818355396855623e-06 1.786913489922881126e-04 4.270711913704872131e-03 6.014053896069526672e-02 4.989973604679107666e-01 2.439474582672119141e+00 7.026871204376220703e+00 1.192601966857910156e+01 1.192601966857910156e+01 7.026881694793701172e+00 2.439478397369384766e+00 4.989973604679107666e-01 6.014049053192138672e-02 4.270732402801513672e-03 1.786911743693053722e-04 4.404422725201584399e-06 6.354677140052444884e-08 1.640889979448445501e-09 8.125977046802290715e-08 2.548073780417325906e-06 4.676979369833134115e-05 5.053667118772864342e-04 3.219776554033160210e-03 1.207827404141426086e-02 2.671523578464984894e-02 3.479138016700744629e-02
2.642818726599216461e-02 1.194850448518991470e-02 3.185194451361894608e-03 4.999389639124274254e-04 4.626718509825877845e-05 2.521182977943681180e-06 8.043311083838489139e-08 1.064440424691781573e-09 -1.894984447137204597e-10 6.305852906507425359e-08 4.375108346721390262e-06 1.774842676240950823e-04 4.241864662617444992e-03 5.973429977893829346e-02 4.956266582012176514e-01 2.422996759414672852e+00 6.979406833648681641e+00 1.184546566009521484e+01 1.184546566009521484e+01 6.979416370391845703e+00 2.423001050949096680e+00 4.956266283988952637e-01 5.973422154784202576e-02 4.241884686052799225e-03 1.774839038262143731e-04 4.374756827019155025e-06 6.319443457414308796e-08 1.596592302810506681e-09 8.032517229139557458e-08 2.520726638977066614e-06 4.626725058187730610e-05 4.999363445676863194e-04 3.185180015861988068e-03 1.194847188889980316e-02 2.642815746366977692e-02 3.441750630736351013e-02
2.614696510136127472e-02 1.182136964052915573e-02 3.151302458718419075e-03 4.946189583279192448e-04 4.577499566948972642e-05 2.494367208782932721e-06 7.963804193877876969e-08 1.230404778063132198e-09 -1.774382307750954624e-10 6.268535912568040658e-08 4.348309630586300045e-06 1.763955078786239028e-04 4.215843509882688522e-03 5.936784669756889343e-02 4.925861358642578125e-01 2.408132791519165039e+00 6.936593532562255859e+00 1.177280616760253906e+01 1.177280616760253906e+01 6.936601161956787109e+00 2.408137083053588867e+00 4.925860166549682617e-01 5.936777591705322266e-02 4.215863533318042755e-03 1.763951149769127369e-04 4.347963113104924560e-06 6.282230913257080829e-08 1.618347567067246473e-09 7.944666435832914431e-08 2.493907231837511063e-06 4.577499566948972642e-05 4.946162807755172253e-04 3.151287324726581573e-03 1.182133704423904419e-02 2.614693343639373779e-02 3.405128791928291321e-02
2.587534300982952118e-02 1.169856451451778412e-02 3.118562279269099236e-03 4.894798621535301208e-04 4.529950820142403245e-05 2.468365664753946476e-06 7.885950026320642792e-08 1.223520174065129140e-09 -1.914219616150347747e-10 6.224992432635190198e-08 4.324036126490682364e-06 1.754147669998928905e-04 4.192401189357042313e-03 5.903777852654457092e-02 4.898470640182495117e-01 2.394743442535400391e+00 6.898020744323730469e+00 1.170733642578125000e+01 1.170733642578125000e+01 6.898030757904052734e+00 2.394747734069824219e+00 4.898470044136047363e-01 5.903769284486770630e-02 4.192421212792396545e-03 1.754144177539274096e-04 4.323806933825835586e-06 6.234854765807540389e-08 1.560901075059462073e-09 7.867234330660721753e-08 2.467982767484500073e-06 4.529949728748761117e-05 4.894774174317717552e-04 3.118548542261123657e-03 1.169853098690509796e-02 2.587531693279743195e-02 3.369750827550888062e-02
2.561579085886478424e-02 1.158122345805168152e-02 3.087282413616776466e-03 4.845709481742233038e-04 4.484505188884213567e-05 2.443524863338097930e-06 7.808201019088301109e-08 1.127296367364749585e-09 -1.543376954016295599e-10 6.199029911613251898e-08 4.302313300286186859e-06 1.745315676089376211e-04 4.171297885477542877e-03 5.874055251479148865e-02 4.873814284801483154e-01 2.382687568664550781e+00 6.863302707672119141e+00 1.164839458465576172e+01 1.164839458465576172e+01 6.863312244415283203e+00 2.382692813873291016e+00 4.873814284801483154e-01 5.874048545956611633e-02 4.171315114945173264e-03 1.745313929859548807e-04 4.302048182580620050e-06 6.201202751299206284e-08 1.583846609420902496e-09 7.788553801901798579e-08 2.443230641802074388e-06 4.484501187107525766e-05 4.845681251026690006e-04 3.087268443778157234e-03 1.158119365572929382e-02 2.561576664447784424e-02 3.335952386260032654e-02
2.536627463996410370e-02 1.146839931607246399e-02 3.057209309190511703e-03 4.798502777703106403e-04 4.440826160134747624e-05 2.419697921141050756e-06 7.727764028686578968e-08 1.016893902416882156e-09 -1.375188296570684088e-10 6.175665134833252523e-08 4.282764166418928653e-06 1.737369748298078775e-04 4.152301233261823654e-03 5.847308784723281860e-02 4.851620197296142578e-01 2.371835947036743164e+00 6.832042694091796875e+00 1.159535789489746094e+01 1.159535789489746094e+01 6.832051277160644531e+00 2.371840953826904297e+00 4.851619005203247070e-01 5.847300961613655090e-02 4.152320325374603271e-03 1.737367274472489953e-04 4.282477220840519294e-06 6.171284638867291505e-08 1.496280210844247449e-09 7.710711003028336563e-08 2.419422798993764445e-06 4.440819247975014150e-05 4.798479203600436449e-04 3.057195106521248817e-03 1.146837137639522552e-02 2.536624111235141754e-02 3.303455188870429993e-02
2.512528002262115479e-02 1.135945133864879608e-02 3.028163686394691467e-03 4.752915410790592432e-04 4.398631426738575101e-05 2.396714762653573416e-06 7.662458756385603920e-08 1.116213788066033885e-09 -1.306606073336880058e-10 6.148007258843790623e-08 4.265102234057849273e-06 1.730213116388767958e-04 4.135204479098320007e-03 5.823227390646934509e-02 4.831645488739013672e-01 2.362073183059692383e+00 6.803914546966552734e+00 1.154761219024658203e+01 1.154761219024658203e+01 6.803925037384033203e+00 2.362077236175537109e+00 4.831645488739013672e-01 5.823222175240516663e-02 4.135224968194961548e-03 1.730213552946224809e-04 4.264832568878773600e-06 6.148666642502575996e-08 1.511484049032674193e-09 7.638497123707566061e-08 2.396498075540876016e-06 4.398638702696189284e-05 4.752891836687922478e-04 3.028150880709290504e-03 1.135941781103610992e-02 2.512525394558906555e-02 3.272070735692977905e-02
2.489199861884117126e-02 1.125397253781557083e-02 3.000046359375119209e-03 4.708783817477524281e-04 4.357780562713742256e-05 2.374443511143908836e-06 7.586431394202008960e-08 1.061764454135527558e-09 -1.989939185653710751e-10 6.123117657352850074e-08 4.249135145073523745e-06 1.723776222206652164e-04 4.119819030165672302e-03 5.801566690206527710e-02 4.813668727874755859e-01 2.353283643722534180e+00 6.778598308563232422e+00 1.150464534759521484e+01 1.150464534759521484e+01 6.778608798980712891e+00 2.353287935256958008e+00 4.813668131828308105e-01 5.801558494567871094e-02 4.119837190955877304e-03 1.723775640130043030e-04 4.248936420481186360e-06 6.119655182601491106e-08 1.411191830058555752e-09 7.558546144537103828e-08 2.374184532527578995e-06 4.357795114628970623e-05 4.708760825451463461e-04 3.000033088028430939e-03 1.125393994152545929e-02 2.489197254180908203e-02 3.241688013076782227e-02
2.466614171862602234e-02 1.115186512470245361e-02 2.972827292978763580e-03 4.666060849558562040e-04 4.318244100431911647e-05 2.352870069444179535e-06 7.516404565421908046e-08 1.061393972712210143e-09 -1.777095137711626194e-10 6.107345740247183130e-08 4.234900643496075645e-06 1.717982086120173335e-04 4.105969332158565521e-03 5.782058462500572205e-02 4.797486960887908936e-01 2.345373630523681641e+00 6.755810737609863281e+00 1.146597766876220703e+01 1.146597671508789062e+01 6.755819320678710938e+00 2.345377683639526367e+00 4.797486364841461182e-01 5.782053247094154358e-02 4.105988424271345139e-03 1.717980630928650498e-04 4.234687366988509893e-06 6.103792316025646869e-08 1.472590827056308171e-09 7.493332532249041833e-08 2.352696128582465462e-06 4.318253195378929377e-05 4.666036693379282951e-04 2.972814254462718964e-03 1.115183252841234207e-02 2.466611191630363464e-02 3.212278708815574646e-02
2.444797009229660034e-02 1.105322316288948059e-02 2.946532797068357468e-03 4.624790744855999947e-04 4.280041684978641570e-05 2.332043550268281251e-06 7.435848914383313968e-08 1.051748910185779096e-09 -9.232643816137198201e-11 6.093143412044810248e-08 4.222153620503377169e-06 1.712767116259783506e-04 4.093511030077934265e-03 5.764510855078697205e-02 4.782922565937042236e-01 2.338252067565917969e+00 6.735303401947021484e+00 1.143116760253906250e+01 1.143116664886474609e+01 6.735313415527343750e+00 2.338255882263183594e+00 4.782922267913818359e-01 5.764503404498100281e-02 4.093528259545564651e-03 1.712766970740631223e-04 4.221864401188213378e-06 6.090952098247726099e-08 1.453348108526597571e-09 7.430881510117615107e-08 2.331905534447287209e-06 4.280060966266319156e-05 4.624766879715025425e-04 2.946519758552312851e-03 1.105319149792194366e-02 2.444794587790966034e-02 3.183865174651145935e-02
2.423797734081745148e-02 1.095829904079437256e-02 2.921225503087043762e-03 4.585066053550690413e-04 4.243282455718144774e-05 2.312045353392022662e-06 7.363679088712160592e-08 9.820145807637459257e-10 -8.170882720426320134e-11 6.073737068845730391e-08 4.210485712974332273e-06 1.708074269117787480e-04 4.082285799086093903e-03 5.748714506626129150e-02 4.769819080829620361e-01 2.331843376159667969e+00 6.716847896575927734e+00 1.139984989166259766e+01 1.139984989166259766e+01 6.716856002807617188e+00 2.331848382949829102e+00 4.769818782806396484e-01 5.748708546161651611e-02 4.082303959876298904e-03 1.708073541522026062e-04 4.210276983940275386e-06 6.072162506143286009e-08 1.374967806277993532e-09 7.371905752506791032e-08 2.311942353117046878e-06 4.243304647388868034e-05 4.585043643601238728e-04 2.921211998909711838e-03 1.095826830714941025e-02 2.423795312643051147e-02 3.156522661447525024e-02
2.403687126934528351e-02 1.086736191064119339e-02 2.896985271945595741e-03 4.547021817415952682e-04 4.208071914035826921e-05 2.292915951329632662e-06 7.306880434043705463e-08 8.882095614559659680e-10 -3.903947651262562601e-11 6.056276191657161689e-08 4.199983322905609384e-06 1.703850139165297151e-04 4.072192125022411346e-03 5.734496936202049255e-02 4.758020639419555664e-01 2.326078176498413086e+00 6.700235843658447266e+00 1.137165355682373047e+01 1.137165355682373047e+01 6.700243473052978516e+00 2.326081752777099609e+00 4.758020043373107910e-01 5.734491348266601562e-02 4.072211217135190964e-03 1.703848975012078881e-04 4.199874638288747519e-06 6.061763002662701183e-08 1.367543078778510335e-09 7.312579697327237227e-08 2.292756335009471513e-06 4.208094833302311599e-05 4.546998825389891863e-04 2.896972931921482086e-03 1.086733210831880569e-02 2.403684519231319427e-02 3.130329400300979614e-02
2.384524419903755188e-02 1.078073773533105850e-02 2.873891731724143028e-03 4.510773287620395422e-04 4.174523928668349981e-05 2.274611688335426152e-06 7.248078759403142612e-08 8.555262054343870659e-10 -3.375060300681020919e-11 6.043872247118997620e-08 4.190669187664752826e-06 1.700048451311886311e-04 4.063108935952186584e-03 5.721710622310638428e-02 4.747405648231506348e-01 2.320889234542846680e+00 6.685287475585937500e+00 1.134628486633300781e+01 1.134628486633300781e+01 6.685295104980468750e+00 2.320893526077270508e+00 4.747405648231506348e-01 5.721703171730041504e-02 4.063128028064966202e-03 1.700047578196972609e-04 4.190532763459486887e-06 6.047441303280720604e-08 1.304834462700910080e-09 7.252867817442165688e-08 2.274447069794405252e-06 4.174563582637347281e-05 4.510750295594334602e-04 2.873878926038742065e-03 1.078070700168609619e-02 2.384521253407001495e-02 3.105373494327068329e-02
2.366369590163230896e-02 1.069865562021732330e-02 2.852011704817414284e-03 4.476428148336708546e-04 4.142737816437147558e-05 2.257277174066985026e-06 7.188900497112626908e-08 7.516041122812566755e-10 -4.554722571326053071e-11 6.029393517792414059e-08 4.182217708148527890e-06 1.696627587080001831e-04 4.054931923747062683e-03 5.710193142294883728e-02 4.737854897975921631e-01 2.316218852996826172e+00 6.671835899353027344e+00 1.132345962524414062e+01 1.132345962524414062e+01 6.671844959259033203e+00 2.316223382949829102e+00 4.737854897975921631e-01 5.710188671946525574e-02 4.054952412843704224e-03 1.696627296041697264e-04 4.182098109595244750e-06 6.031061872135978774e-08 1.307374541958949976e-09 7.193686712980706943e-08 2.257038659081445076e-06 4.142772741033695638e-05 4.476408066693693399e-04 2.851999597623944283e-03 1.069862768054008484e-02 2.366367168724536896e-02 3.081732429563999176e-02
2.349263988435268402e-02 1.062131766229867935e-02 2.831395016983151436e-03 4.444072837941348553e-04 4.112794704269617796e-05 2.241038146166829392e-06 7.137666102607909124e-08 7.832853810008089113e-10 -8.099985265852538419e-11 6.016374243245081743e-08 4.174602509010583162e-06 1.693547819741070271e-04 4.047573078423738480e-03 5.699825286865234375e-02 4.729253649711608887e-01 2.312016725540161133e+00 6.659728527069091797e+00 1.130290126800537109e+01 1.130290031433105469e+01 6.659736633300781250e+00 2.312021017074584961e+00 4.729253053665161133e-01 5.699819326400756836e-02 4.047591704875230789e-03 1.693548256298527122e-04 4.174497462372528389e-06 6.019418208325078012e-08 1.307146946238901819e-09 7.144056723973335465e-08 2.240721869384287857e-06 4.112828173674643040e-05 4.444052174221724272e-04 2.831380581483244896e-03 1.062129065394401550e-02 2.349261194467544556e-02 3.059455193579196930e-02
2.333228476345539093e-02 1.054881233721971512e-02 2.812066813930869102e-03 4.413735587149858475e-04 4.084728425368666649e-05 2.225765229013632052e-06 7.098228138602280524e-08 7.797204548687375336e-10 -8.807161250290462817e-11 6.007958575082739117e-08 4.167693077761214226e-06 1.690776261966675520e-04 4.040950443595647812e-03 5.690499395132064819e-02 4.721517860889434814e-01 2.308233737945556641e+00 6.648836135864257812e+00 1.128441238403320312e+01 1.128441238403320312e+01 6.648843288421630859e+00 2.308237552642822266e+00 4.721517264842987061e-01 5.690492689609527588e-02 4.040969535708427429e-03 1.690776844043284655e-04 4.167681709077442065e-06 6.010541397927227081e-08 1.319059084181617436e-09 7.098899601487573818e-08 2.225480784545652568e-06 4.084755710209719837e-05 4.413714923430234194e-04 2.812053309753537178e-03 1.054878346621990204e-02 2.333226613700389862e-02 3.038568980991840363e-02
2.318345755338668823e-02 1.048152334988117218e-02 2.794130472466349602e-03 4.385579668451100588e-04 4.058670310769230127e-05 2.211563696619123220e-06 7.049130346103993361e-08 6.513012351661018329e-10 -9.443648640861113108e-11 5.990452223159081768e-08 4.161472134001087397e-06 1.688282936811447144e-04 4.034988582134246826e-03 5.682108923792839050e-02 4.714550375938415527e-01 2.304828643798828125e+00 6.639024734497070312e+00 1.126776885986328125e+01 1.126776885986328125e+01 6.639034748077392578e+00 2.304832458496093750e+00 4.714550077915191650e-01 5.682101473212242126e-02 4.035007208585739136e-03 1.688285701675340533e-04 4.161445303907385096e-06 5.998408880714123370e-08 1.240045843786674595e-09 7.052172890098518110e-08 2.211217633885098621e-06 4.058700142195448279e-05 4.385559877846390009e-04 2.794116735458374023e-03 1.048149075359106064e-02 2.318343520164489746e-02 3.019187971949577332e-02
2.304650843143463135e-02 1.041961368173360825e-02 2.777625573799014091e-03 4.359679005574434996e-04 4.034697849419899285e-05 2.198461970692733303e-06 7.008648594819533173e-08 6.795601859010957924e-10 -6.705077465474218457e-11 5.984627904354056227e-08 4.155940132477553561e-06 1.686037430772557855e-04 4.029628355056047440e-03 5.674554407596588135e-02 4.708284139633178711e-01 2.301763057708740234e+00 6.630202770233154297e+00 1.125278949737548828e+01 1.125278949737548828e+01 6.630211830139160156e+00 2.301766633987426758e+00 4.708283841609954834e-01 5.674548447132110596e-02 4.029647447168827057e-03 1.686038885964080691e-04 4.155935585004044697e-06 5.991785911874103476e-08 1.275662464550464392e-09 7.009969493765311199e-08 2.198205265813157894e-06 4.034720041090622544e-05 4.359658923931419849e-04 2.777612302452325821e-03 1.041958853602409363e-02 2.304649166762828827e-02 3.001355566084384918e-02
2.292148023843765259e-02 1.036308892071247101e-02 2.762557938694953918e-03 4.336025158409029245e-04 4.012805220554582775e-05 2.186504616474849172e-06 6.971194466132146772e-08 7.412122027261602852e-10 -6.723922113538449707e-11 5.986014173231524182e-08 4.151092525717103854e-06 1.684018207015469670e-04 4.024794325232505798e-03 5.667750164866447449e-02 4.702643156051635742e-01 2.299005031585693359e+00 6.622253894805908203e+00 1.123930263519287109e+01 1.123930263519287109e+01 6.622261524200439453e+00 2.299008846282958984e+00 4.702642858028411865e-01 5.667743459343910217e-02 4.024812486022710800e-03 1.684019807726144791e-04 4.151030225330032408e-06 5.982684569971752353e-08 1.321461606806906275e-09 6.975133004516465007e-08 2.186314077334827743e-06 4.012834324385039508e-05 4.336005076766014099e-04 2.762545598670840263e-03 1.036306098103523254e-02 2.292145788669586182e-02 2.985072508454322815e-02
2.280801907181739807e-02 1.031178049743175507e-02 2.748882630839943886e-03 4.314562247600406408e-04 3.992942947661504149e-05 2.175720737795927562e-06 6.944952701815054752e-08 7.666897117175608400e-10 -6.740884239686550927e-11 5.983949336041405331e-08 4.146664196014171466e-06 1.682199945207685232e-04 4.020450171083211899e-03 5.661636963486671448e-02 4.697564244270324707e-01 2.296522140502929688e+00 6.615102767944335938e+00 1.122717761993408203e+01 1.122717761993408203e+01 6.615110874176025391e+00 2.296526193618774414e+00 4.697563946247100830e-01 5.661630257964134216e-02 4.020467866212129593e-03 1.682200963841751218e-04 4.146619630773784593e-06 5.976369266136316583e-08 1.305028529685614558e-09 6.941282748584853834e-08 2.175552026528748684e-06 3.992974961875006557e-05 4.314542748034000397e-04 2.748869359493255615e-03 1.031175628304481506e-02 2.280799485743045807e-02 2.970295213162899017e-02
2.270556986331939697e-02 1.026545930653810501e-02 2.736533526331186295e-03 4.295178514439612627e-04 3.975004437961615622e-05 2.165972091461298987e-06 6.914641659250264638e-08 7.502968801809117849e-10 -6.756178255740152849e-11 5.978773742754128762e-08 4.142608304391615093e-06 1.680561690591275692e-04 4.016534890979528427e-03 5.656127259135246277e-02 4.692991375923156738e-01 2.294288158416748047e+00 6.608665943145751953e+00 1.121624279022216797e+01 1.121624279022216797e+01 6.608675003051757812e+00 2.294292449951171875e+00 4.692991077899932861e-01 5.656121298670768738e-02 4.016553517431020737e-03 1.680562127148732543e-04 4.142592842981684953e-06 5.978507999770954484e-08 1.322757792188156145e-09 6.909941419053211575e-08 2.165789965147268958e-06 3.975044819526374340e-05 4.295157850719988346e-04 2.736520953476428986e-03 1.026543509215116501e-02 2.270555123686790466e-02 2.956950850784778595e-02
2.261339686810970306e-02 1.022379193454980850e-02 2.725423080846667290e-03 4.277742700651288033e-04 3.958868182962760329e-05 2.157147264369996265e-06 6.887964332236151677e-08 7.024292814072907731e-10 -1.173696695389025990e-10 5.977430816983542172e-08 4.139030352234840393e-06 1.679090200923383236e-04 4.013015422970056534e-03 5.651167035102844238e-02 4.688880145549774170e-01 2.292276144027709961e+00 6.602875232696533203e+00 1.120640373229980469e+01 1.120640373229980469e+01 6.602883338928222656e+00 2.292279481887817383e+00 4.688880145549774170e-01 5.651160702109336853e-02 4.013034515082836151e-03 1.679089909885078669e-04 4.139071734243771061e-06 5.982486328548475285e-08 1.235532454124665946e-09 6.878973124457843369e-08 2.156976051992387511e-06 3.958904926548711956e-05 4.277723492123186588e-04 2.725411672145128250e-03 1.022376399487257004e-02 2.261337451636791229e-02 2.944948896765708923e-02
2.253071218729019165e-02 1.018641237169504166e-02 2.715459559112787247e-03 4.262104339431971312e-04 3.944393392885103822e-05 2.149223519154475071e-06 6.865839452530053677e-08 5.910518185991975315e-10 -1.539183086540774070e-10 5.966290927972295322e-08 4.135671133553842083e-06 1.677763211773708463e-04 4.009849391877651215e-03 5.646704509854316711e-02 4.685177803039550781e-01 2.290470123291015625e+00 6.597658157348632812e+00 1.119754791259765625e+01 1.119754791259765625e+01 6.597667217254638672e+00 2.290474653244018555e+00 4.685177803039550781e-01 5.646697804331779480e-02 4.009867552667856216e-03 1.677763502812013030e-04 4.135790277359774336e-06 5.974911942985272617e-08 1.247199232778939404e-09 6.848720346397385583e-08 2.149058673239778727e-06 3.944432683056220412e-05 4.262082802597433329e-04 2.715447451919317245e-03 1.018638536334037781e-02 2.253068238496780396e-02 2.934181317687034607e-02
2.246136032044887543e-02 1.015505380928516388e-02 2.707099774852395058e-03 4.248981422279030085e-04 3.932256004191003740e-05 2.142635594282182865e-06 6.840884481107423198e-08 6.046402822867946725e-10 -1.785338266113711825e-10 5.966195004702967708e-08 4.132712547288974747e-06 1.676570682320743799e-04 4.006996750831604004e-03 5.642687529325485229e-02 4.681845605373382568e-01 2.288838624954223633e+00 6.592971801757812500e+00 1.118959140777587891e+01 1.118959140777587891e+01 6.592980384826660156e+00 2.288842439651489258e+00 4.681845307350158691e-01 5.642682313919067383e-02 4.007014445960521698e-03 1.676570682320743799e-04 4.132795311306836084e-06 5.967108052118419437e-08 1.241439728794091479e-09 6.822247655691171531e-08 2.142432776963687502e-06 3.932282561436295509e-05 4.248965415172278881e-04 2.707087667658925056e-03 1.015502586960792542e-02 2.246133238077163696e-02 2.925148792564868927e-02
2.240780368447303772e-02 1.013084221631288528e-02 2.700646873563528061e-03 4.238852125126868486e-04 3.922875839634798467e-05 2.137467618013033643e-06 6.827090714978112374e-08 6.603316227149491624e-10 -1.592954657070322355e-10 5.966109739574676496e-08 4.130128672841237858e-06 1.675497333053499460e-04 4.004431422799825668e-03 5.639073997735977173e-02 4.678846001625061035e-01 2.287372589111328125e+00 6.588744163513183594e+00 1.118242740631103516e+01 1.118242740631103516e+01 6.588752746582031250e+00 2.287376165390014648e+00 4.678846001625061035e-01 5.639067292213439941e-02 4.004448186606168747e-03 1.675497769610956311e-04 4.130198703933274373e-06 5.959871174354702816e-08 1.260795357005406458e-09 6.807051988744206028e-08 2.137335286533925682e-06 3.922900577890686691e-05 4.238834662828594446e-04 2.700635464861989021e-03 1.013081613928079605e-02 2.240777388215065002e-02 2.918175421655178070e-02
2.236583642661571503e-02 1.011187117546796799e-02 2.695588162168860435e-03 4.230913473293185234e-04 3.915530396625399590e-05 2.133378075086511672e-06 6.810611097307628370e-08 6.276695274642918321e-10 -1.750948275258679132e-10 5.959410387390562391e-08 4.127799002162646502e-06 1.674532395554706454e-04 4.002122674137353897e-03 5.635823681950569153e-02 4.676149487495422363e-01 2.286054134368896484e+00 6.584942340850830078e+00 1.117598533630371094e+01 1.117598438262939453e+01 6.584951400756835938e+00 2.286058664321899414e+00 4.676149189472198486e-01 5.635818094015121460e-02 4.002140834927558899e-03 1.674531667958945036e-04 4.127809461351716891e-06 5.952295722977396508e-08 1.263577797949722026e-09 6.790462947492414969e-08 2.133302814399939962e-06 3.915556226274929941e-05 4.230893391650170088e-04 2.695575589314103127e-03 1.011184323579072952e-02 2.236580848693847656e-02 2.912708930671215057e-02
2.233179286122322083e-02 1.009647920727729797e-02 2.691484987735748291e-03 4.224476870149374008e-04 3.909571387339383364e-05 2.130107532138936222e-06 6.796960860810941085e-08 6.117261142080110403e-10 -1.562004692257090710e-10 5.956694337783119408e-08 4.125691248191287741e-06 1.673662336543202400e-04 4.000041168183088303e-03 5.632893368601799011e-02 4.673719108104705811e-01 2.284866809844970703e+00 6.581524848937988281e+00 1.117017650604248047e+01 1.117017650604248047e+01 6.581533908843994141e+00 2.284871101379394531e+00 4.673719108104705811e-01 5.632886290550231934e-02 4.000059794634580612e-03 1.673662191024050117e-04 4.125673513044603169e-06 5.944653125311560871e-08 1.224988332992893447e-09 6.781121442145376932e-08 2.130027041857829317e-06 3.909600854967720807e-05 4.224456206429749727e-04 2.691472880542278290e-03 1.009645033627748489e-02 2.233176492154598236e-02 2.908276766538619995e-02
2.230271324515342712e-02 1.008332706987857819e-02 2.687979489564895630e-03 4.218970425426959991e-04 3.904477125615812838e-05 2.127341076629818417e-06 6.786417117154996959e-08 6.180729816840369040e-10 -1.474739358409138390e-10 5.947624259761141730e-08 4.123803591937758029e-06 1.672878861427307129e-04 3.998171072453260422e-03 5.630264431238174438e-02 4.671532809734344482e-01 2.283796548843383789e+00 6.578446865081787109e+00 1.116495418548583984e+01 1.116495418548583984e+01 6.578456878662109375e+00 2.283800363540649414e+00 4.671532809734344482e-01 5.630258470773696899e-02 3.998189233243465424e-03 1.672877260716632009e-04 4.123689905100036412e-06 5.941919667407091765e-08 1.217014822252338035e-09 6.773755245603751973e-08 2.127234438376035541e-06 3.904513869201764464e-05 4.218950634822249413e-04 2.687967848032712936e-03 1.008330285549163818e-02 2.230268903076648712e-02 2.904487773776054382e-02
2.227631025016307831e-02 1.007139775902032852e-02 2.684798557311296463e-03 4.213979118503630161e-04 3.899858711520209908e-05 2.124796537827933207e-06 6.777772654231739580e-08 6.320639567292118954e-10 -1.147849176819093486e-10 5.949396708615495299e-08 4.122096015635179356e-06 1.672175276326015592e-04 3.996489103883504868e-03 5.627888813614845276e-02 4.669567346572875977e-01 2.282836437225341797e+00 6.575671195983886719e+00 1.116024780273437500e+01 1.116024780273437500e+01 6.575679302215576172e+00 2.282840728759765625e+00 4.669567346572875977e-01 5.627880245447158813e-02 3.996508195996284485e-03 1.672174694249406457e-04 4.122010977880563587e-06 5.947900660885352409e-08 1.239108815553890963e-09 6.764711457662997418e-08 2.124684897353290580e-06 3.899895091308280826e-05 4.213959327898919582e-04 2.684786682948470116e-03 1.007137168198823929e-02 2.227628789842128754e-02 2.901050262153148651e-02
2.225109562277793884e-02 1.005998719483613968e-02 2.681757789105176926e-03 4.209209582768380642e-04 3.895430927514098585e-05 2.122334308296558447e-06 6.772409477662222343e-08 6.001591446036513844e-10 -1.019214157516046271e-10 5.944367842403153190e-08 4.120573976251762360e-06 1.671540667302906513e-04 3.994974307715892792e-03 5.625756829977035522e-02 4.667791128158569336e-01 2.281967639923095703e+00 6.573178768157958984e+00 1.115601253509521484e+01 1.115601253509521484e+01 6.573188781738281250e+00 2.281971216201782227e+00 4.667790532112121582e-01 5.625750869512557983e-02 3.994992468506097794e-03 1.671540667302906513e-04 4.120474386581918225e-06 5.947709524889432942e-08 1.306445618354246108e-09 6.755708170658181189e-08 2.122224714184994809e-06 3.895464760717004538e-05 4.209187463857233524e-04 2.681746380403637886e-03 1.005996484309434891e-02 2.225106768310070038e-02 2.897766977548599243e-02
2.222608774900436401e-02 1.004868932068347931e-02 2.678745426237583160e-03 4.204478464089334011e-04 3.891049709636718035e-05 2.119997361660352908e-06 6.753597858732973691e-08 6.614725434062052045e-10 -6.550918835168673127e-11 5.939842395719097112e-08 4.119056939089205116e-06 1.670969068072736263e-04 3.993610385805368423e-03 5.623838305473327637e-02 4.666202664375305176e-01 2.281189680099487305e+00 6.570940971374511719e+00 1.115220737457275391e+01 1.115220737457275391e+01 6.570948123931884766e+00 2.281193971633911133e+00 4.666202366352081299e-01 5.623832717537879944e-02 3.993628546595573425e-03 1.670970814302563667e-04 4.119011009606765583e-06 5.948198023020268010e-08 1.282641215460955664e-09 6.751876213684226968e-08 2.119904365827096626e-06 3.891088636009953916e-05 4.204458673484623432e-04 2.678733319044113159e-03 1.004866044968366623e-02 2.222606725990772247e-02 2.894510142505168915e-02
2.220087125897407532e-02 1.003728620707988739e-02 2.675706520676612854e-03 4.199708637315779924e-04 3.886638296535238624e-05 2.117565145454136655e-06 6.751546521854834282e-08 6.845763400598059434e-10 -6.585171297146530378e-11 5.932465541036435752e-08 4.117701791983563453e-06 1.670455822022631764e-04 3.992382902652025223e-03 5.622111633419990540e-02 4.664770066738128662e-01 2.280490636825561523e+00 6.568922519683837891e+00 1.114879131317138672e+01 1.114879131317138672e+01 6.568931102752685547e+00 2.280495405197143555e+00 4.664770066738128662e-01 5.622104927897453308e-02 3.992400132119655609e-03 1.670458877924829721e-04 4.117629941902123392e-06 5.935997293704531330e-08 1.207706268324670873e-09 6.743653102603275329e-08 2.117441681548370980e-06 3.886679041897878051e-05 4.199687391519546509e-04 2.675694180652499199e-03 1.003725826740264893e-02 2.220084518194198608e-02 2.891225926578044891e-02
2.217535302042961121e-02 1.002574805170297623e-02 2.672629896551370621e-03 4.194879147689789534e-04 3.882168675772845745e-05 2.115101551680709235e-06 6.744050295992565225e-08 6.453504397541109938e-10 -6.615998027204028631e-11 5.932437474598373228e-08 4.116549916943768039e-06 1.669993071118369699e-04 3.991278354078531265e-03 5.620554089546203613e-02 4.663478136062622070e-01 2.279859304428100586e+00 6.567105770111083984e+00 1.114570903778076172e+01 1.114570903778076172e+01 6.567114353179931641e+00 2.279863357543945312e+00 4.663477838039398193e-01 5.620548874139785767e-02 3.991296980530023575e-03 1.669995253905653954e-04 4.116463060199748725e-06 5.928777113695105072e-08 1.165098462152514003e-09 6.733170465622606571e-08 2.114995595547952689e-06 3.882207602146081626e-05 4.194859357085078955e-04 2.672617323696613312e-03 1.002571731805801392e-02 2.217532321810722351e-02 2.887900359928607941e-02
2.214961871504783630e-02 1.001411397010087967e-02 2.669529756531119347e-03 4.190013860352337360e-04 3.877665949403308332e-05 2.112557012878824025e-06 6.733473156828040374e-08 6.224648574360003295e-10 -4.988051985344021944e-11 5.935734748163667973e-08 4.115634965273784474e-06 1.669577759457752109e-04 3.990286495536565781e-03 5.619156733155250549e-02 4.662320613861083984e-01 2.279291391372680664e+00 6.565474987030029297e+00 1.114293479919433594e+01 1.114293479919433594e+01 6.565481185913085938e+00 2.279294967651367188e+00 4.662320315837860107e-01 5.619151517748832703e-02 3.990304656326770782e-03 1.669579505687579513e-04 4.115475803700974211e-06 5.930937874154551537e-08 1.217516309992561219e-09 6.725611001456854865e-08 2.112477886839769781e-06 3.877695780829526484e-05 4.189993487671017647e-04 2.669518114998936653e-03 1.001408603042364120e-02 2.214959450066089630e-02 2.884552814066410065e-02
2.212396450340747833e-02 1.000251155346632004e-02 2.666438231244683266e-03 4.185159341432154179e-04 3.873170135193504393e-05 2.110089781126589514e-06 6.724224732579386909e-08 5.325362373298503371e-10 -2.695064831026439123e-11 5.932071545089456777e-08 4.114620423933956772e-06 1.669203047640621662e-04 3.989392425864934921e-03 5.617896839976310730e-02 4.661274254322052002e-01 2.278782606124877930e+00 6.564000129699707031e+00 1.114043807983398438e+01 1.114043807983398438e+01 6.564009666442871094e+00 2.278786659240722656e+00 4.661273658275604248e-01 5.617890134453773499e-02 3.989410120993852615e-03 1.669206103542819619e-04 4.114572675462113693e-06 5.923395463014458073e-08 1.106374325487990973e-09 6.716305733789340593e-08 2.110007017108728178e-06 3.873200694215483963e-05 4.185138386674225330e-04 2.666426124051213264e-03 1.000248827040195465e-02 2.212393842637538910e-02 2.881210483610630035e-02
2.209865488111972809e-02 9.991073049604892731e-03 2.663386752828955650e-03 4.180371179245412350e-04 3.868742714985273778e-05 2.107738055201480165e-06 6.713970179816897144e-08 6.285512110792979001e-10 2.680003441390965691e-11 5.935399371992389206e-08 4.113839622732484713e-06 1.668865734245628119e-04 3.988587763160467148e-03 5.616764724254608154e-02 4.660335779190063477e-01 2.278322696685791016e+00 6.562675952911376953e+00 1.113818931579589844e+01 1.113818931579589844e+01 6.562683582305908203e+00 2.278327465057373047e+00 4.660335481166839600e-01 5.616757273674011230e-02 3.988604992628097534e-03 1.668869081186130643e-04 4.113745490030851215e-06 5.928144730660278583e-08 1.165992746798849566e-09 6.712919287110707955e-08 2.107633008563425392e-06 3.868773274007253349e-05 4.180350224487483501e-04 2.663374645635485649e-03 9.991046972572803497e-03 2.209862880408763885e-02 2.877914719283580780e-02
2.207395993173122406e-02 9.979905560612678528e-03 2.660410245880484581e-03 4.175699432380497456e-04 3.864414611598476768e-05 2.105353814840782434e-06 6.703864130486181239e-08 6.611555747326747223e-10 8.947730577302248633e-12 5.931769209155390854e-08 4.113066552235977724e-06 1.668563490966334939e-04 3.987859934568405151e-03 5.615742877125740051e-02 4.659486114978790283e-01 2.277907609939575195e+00 6.561481952667236328e+00 1.113616180419921875e+01 1.113616180419921875e+01 6.561491012573242188e+00 2.277912139892578125e+00 4.659486114978790283e-01 5.615735799074172974e-02 3.987879026681184769e-03 1.668565673753619194e-04 4.113019258511485532e-06 5.927883961476254626e-08 1.168650731742104654e-09 6.703388066853221972e-08 2.105235807903227396e-06 3.864446262014098465e-05 4.175678186584264040e-04 2.660398138687014580e-03 9.979879483580589294e-03 2.207393385469913483e-02 2.874697744846343994e-02
2.205011807382106781e-02 9.969126433134078979e-03 2.657536184415221214e-03 4.171189211774617434e-04 3.860243305098265409e-05 2.103056885971454903e-06 6.695035636994361994e-08 6.884297576448261680e-10 -2.367549038762017943e-11 5.931818947146894061e-08 4.112379428988788277e-06 1.668291661189869046e-04 3.987207543104887009e-03 5.614824965596199036e-02 4.658722579479217529e-01 2.277534246444702148e+00 6.560410499572753906e+00 1.113434028625488281e+01 1.113434028625488281e+01 6.560418605804443359e+00 2.277537822723388672e+00 4.658722281455993652e-01 5.614819005131721497e-02 3.987226635217666626e-03 1.668292534304782748e-04 4.112325314054032788e-06 5.928254864784321398e-08 1.182866804505522396e-09 6.694315146660301252e-08 2.102903863487881608e-06 3.860272045130841434e-05 4.171168548054993153e-04 2.657524077221751213e-03 9.969102218747138977e-03 2.205009013414382935e-02 2.871593646705150604e-02
2.202908135950565338e-02 9.959619492292404175e-03 2.655002055689692497e-03 4.167210718151181936e-04 3.856554030789993703e-05 2.101040308843948878e-06 6.683616504687961424e-08 6.539926933335493686e-10 -6.959391396499370330e-11 5.931857671725992986e-08 4.111819180252496153e-06 1.668044424150139093e-04 3.986619412899017334e-03 5.613998696208000183e-02 4.658037722110748291e-01 2.277199506759643555e+00 6.559441089630126953e+00 1.113269615173339844e+01 1.113269519805908203e+01 6.559450149536132812e+00 2.277203083038330078e+00 4.658037126064300537e-01 5.613991990685462952e-02 3.986638505011796951e-03 1.668046897975727916e-04 4.111702764930669218e-06 5.929195268095099891e-08 1.142445915647272159e-09 6.683937670004524989e-08 2.100888423228752799e-06 3.856588955386541784e-05 4.167190636508166790e-04 2.654990181326866150e-03 9.959593415260314941e-03 2.202906459569931030e-02 2.868854627013206482e-02
2.201318554580211639e-02 9.952432475984096527e-03 2.653085859492421150e-03 4.164201964158564806e-04 3.853774251183494925e-05 2.099561470458866097e-06 6.688382825359440176e-08 6.840530364371488758e-10 -6.124946383412321893e-11 5.938518299331008166e-08 4.111311227461555973e-06 1.667823526076972485e-04 3.986092284321784973e-03 5.613251402974128723e-02 4.657421112060546875e-01 2.276898384094238281e+00 6.558575630187988281e+00 1.113122272491455078e+01 1.113122272491455078e+01 6.558585643768310547e+00 2.276902437210083008e+00 4.657420814037322998e-01 5.613246560096740723e-02 3.986111376434564590e-03 1.667824981268495321e-04 4.111154339625500143e-06 5.922652235312853009e-08 1.161797880122605875e-09 6.681651854023584747e-08 2.099437551805749536e-06 3.853817179333418608e-05 4.164182755630463362e-04 2.653074217960238457e-03 9.952408261597156525e-03 2.201316133141517639e-02 2.866784110665321350e-02
2.200424484908580780e-02 9.948386810719966888e-03 2.652007853612303734e-03 4.162513650953769684e-04 3.852215741062536836e-05 2.098743379974621348e-06 6.695229615161224501e-08 6.707493449553680875e-10 -5.373968978150678311e-11 5.927953949935726996e-08 4.110794179723598063e-06 1.667624601395800710e-04 3.985615912824869156e-03 5.612584948539733887e-02 4.656864404678344727e-01 2.276625156402587891e+00 6.557789325714111328e+00 1.112989139556884766e+01 1.112989139556884766e+01 6.557799339294433594e+00 2.276629209518432617e+00 4.656864404678344727e-01 5.612579360604286194e-02 3.985635470598936081e-03 1.667624601395800710e-04 4.110675035917665809e-06 5.921732082470043679e-08 1.139743854849939453e-09 6.680716069240588695e-08 2.098614686474320479e-06 3.852253939840011299e-05 4.162492696195840836e-04 2.651996677741408348e-03 9.948363527655601501e-03 2.200421690940856934e-02 2.865619026124477386e-02
2.200310304760932922e-02 9.947868064045906067e-03 2.651870716363191605e-03 4.162295372225344181e-04 3.852006921079009771e-05 2.098647200909908861e-06 6.692742715586064151e-08 7.001686452845490294e-10 -4.698102323841268912e-11 5.928385249376333377e-08 4.110334430151851848e-06 1.667445030761882663e-04 3.985186573117971420e-03 5.611976608633995056e-02 4.656364321708679199e-01 2.276381254196166992e+00 6.557083129882812500e+00 1.112868881225585938e+01 1.112868881225585938e+01 6.557091712951660156e+00 2.276384592056274414e+00 4.656364321708679199e-01 5.611971020698547363e-02 3.985206130892038345e-03 1.667444885242730379e-04 4.110183908778708428e-06 5.919252643593608809e-08 1.237119517938367608e-09 6.682438424832071178e-08 2.098471213685115799e-06 3.852053851005621254e-05 4.162273253314197063e-04 2.651858143508434296e-03 9.947841987013816833e-03 2.200307697057723999e-02 2.865470387041568756e-02
2.200978435575962067e-02 9.950895793735980988e-03 2.652677940204739571e-03 4.163561388850212097e-04 3.853181624435819685e-05 2.099343419104116037e-06 6.694659759887144901e-08 7.794208056743912039e-10 -5.745482561936299248e-11 5.928768587182275951e-08 4.109977908228756860e-06 1.667284668656066060e-04 3.984803799539804459e-03 5.611433461308479309e-02 4.655911922454833984e-01 2.276160001754760742e+00 6.556449890136718750e+00 1.112761974334716797e+01 1.112761974334716797e+01 6.556458473205566406e+00 2.276164770126342773e+00 4.655911326408386230e-01 5.611427873373031616e-02 3.984822891652584076e-03 1.667284523136913776e-04 4.109796464035753161e-06 5.920926682279059605e-08 1.304358621112555738e-09 6.686769182806528988e-08 2.099193579851998948e-06 3.853224188787862659e-05 4.163538687862455845e-04 2.652664901688694954e-03 9.950868785381317139e-03 2.200976200401782990e-02 2.866342291235923767e-02
2.202300354838371277e-02 9.956871159374713898e-03 2.654269570484757423e-03 4.166060825809836388e-04 3.855491377180442214e-05 2.100599203913589008e-06 6.698589771758634015e-08 7.721025485629695595e-10 -2.548916806788259493e-11 5.935738300877346774e-08 4.109662768314592540e-06 1.667139877099543810e-04 3.984455019235610962e-03 5.610947683453559875e-02 4.655508399009704590e-01 2.275963068008422852e+00 6.555879592895507812e+00 1.112664699554443359e+01 1.112664699554443359e+01 6.555888175964355469e+00 2.275967836380004883e+00 4.655507802963256836e-01 5.610942468047142029e-02 3.984473645687103271e-03 1.667140313657000661e-04 4.109504516236484051e-06 5.924924195710445929e-08 1.350832667945667254e-09 6.693805687518761260e-08 2.100454821629682556e-06 3.855532850138843060e-05 4.166040453128516674e-04 2.654257230460643768e-03 9.956841357052326202e-03 2.202297560870647430e-02 2.868063189089298248e-02
2.204601094126701355e-02 9.967275895178318024e-03 2.657043281942605972e-03 4.170414176769554615e-04 3.859517892124131322e-05 2.102772214129799977e-06 6.705956678842994734e-08 8.389873240588485714e-10 1.983672427707805497e-11 5.938697711371787591e-08 4.109307155886199325e-06 1.667007163632661104e-04 3.984145820140838623e-03 5.610508099198341370e-02 4.655143022537231445e-01 2.275782823562622070e+00 6.555367469787597656e+00 1.112578296661376953e+01 1.112578296661376953e+01 6.555376052856445312e+00 2.275787591934204102e+00 4.655142426490783691e-01 5.610501393675804138e-02 3.984162583947181702e-03 1.667007745709270239e-04 4.109213477931916714e-06 5.931549651450040983e-08 1.340473287925192380e-09 6.700744137333458639e-08 2.102645794366253540e-06 3.859565185848623514e-05 4.170392930973321199e-04 2.657031640410423279e-03 9.967249818146228790e-03 2.204599417746067047e-02 2.871059253811836243e-02
2.207679301500320435e-02 9.981190785765647888e-03 2.660751808434724808e-03 4.176235524937510490e-04 3.864909740514121950e-05 2.105690100506762974e-06 6.714996914070070488e-08 8.960792108325676963e-10 6.062979285292868781e-11 5.941363312444991607e-08 4.109057044843211770e-06 1.666889293119311333e-04 3.983864560723304749e-03 5.610110238194465637e-02 4.654813110828399658e-01 2.275624990463256836e+00 6.554900169372558594e+00 1.112499904632568359e+01 1.112499904632568359e+01 6.554910182952880859e+00 2.275629043579101562e+00 4.654812812805175781e-01 5.610104650259017944e-02 3.983881324529647827e-03 1.666889293119311333e-04 4.108961093152174726e-06 5.935478597507426457e-08 1.426649354208109344e-09 6.711641731271811295e-08 2.105610064973006956e-06 3.864957398036494851e-05 4.176214279141277075e-04 2.660739701241254807e-03 9.981162846088409424e-03 2.207676321268081665e-02 2.875066176056861877e-02
2.211551740765571594e-02 9.998694993555545807e-03 2.665418898686766624e-03 4.183558048680424690e-04 3.871688386425375938e-05 2.109400611516321078e-06 6.726955348312912975e-08 8.439814402905199131e-10 1.139004515704478138e-10 5.940448843944068358e-08 4.108690973225748166e-06 1.666783209657296538e-04 3.983609378337860107e-03 5.609754100441932678e-02 4.654520153999328613e-01 2.275478601455688477e+00 6.554488658905029297e+00 1.112428951263427734e+01 1.112428951263427734e+01 6.554496765136718750e+00 2.275482892990112305e+00 4.654519855976104736e-01 5.609746649861335754e-02 3.983628004789352417e-03 1.666784082772210240e-04 4.108724169782362878e-06 5.940056979625296663e-08 1.444633301872499942e-09 6.727936607830997673e-08 2.109293973262538202e-06 3.871740409522317350e-05 4.183537675999104977e-04 2.665407024323940277e-03 9.998664259910583496e-03 2.211549319326877594e-02 2.880108915269374847e-02
2.216323651373386383e-02 1.002026908099651337e-02 2.671170746907591820e-03 4.192585474811494350e-04 3.880040458170697093e-05 2.113967866534949280e-06 6.742441627238804358e-08 8.498685644120484994e-10 1.370093205554923088e-10 5.942940717318379029e-08 4.108504526811884716e-06 1.666688476689159870e-04 3.983380272984504700e-03 5.609434843063354492e-02 4.654254913330078125e-01 2.275349855422973633e+00 6.554116249084472656e+00 1.112366104125976562e+01 1.112366104125976562e+01 6.554124832153320312e+00 2.275354146957397461e+00 4.654254615306854248e-01 5.609429255127906799e-02 3.983399365097284317e-03 1.666689495323225856e-04 4.108466328034410253e-06 5.940097835832602868e-08 1.539465332989209401e-09 6.743796632235898869e-08 2.113860773533815518e-06 3.880090662278234959e-05 4.192564520053565502e-04 2.671158174052834511e-03 1.002024300396442413e-02 2.216320671141147614e-02 2.886324934661388397e-02
2.222120948135852814e-02 1.004647370427846909e-02 2.678156597539782524e-03 4.203553544357419014e-04 3.890185325872153044e-05 2.119465534633491188e-06 6.751015035888485727e-08 7.403045398923779885e-10 9.157982011620546814e-11 5.935247671118304424e-08 4.108268512936774641e-06 1.666602474870160222e-04 3.983175847679376602e-03 5.609145760536193848e-02 4.654014408588409424e-01 2.275232076644897461e+00 6.553776741027832031e+00 1.112308502197265625e+01 1.112308502197265625e+01 6.553786277770996094e+00 2.275236845016479492e+00 4.654014408588409424e-01 5.609140545129776001e-02 3.983194008469581604e-03 1.666604221099987626e-04 4.108218490728177130e-06 5.938099789659645467e-08 1.450234266009431394e-09 6.756080495051719481e-08 2.119297050739987753e-06 3.890236257575452328e-05 4.203531716484576464e-04 2.678145188838243484e-03 1.004644762724637985e-02 2.222118526697158813e-02 2.893873676657676697e-02
2.229227498173713684e-02 1.007860992103815079e-02 2.686723368242383003e-03 4.216997185721993446e-04 3.902631942764855921e-05 2.126245135514182039e-06 6.781544925615889952e-08 7.327585205274544933e-10 3.413582264077952289e-11 5.938251845805098128e-08 4.108118901058332995e-06 1.666527241468429565e-04 3.982993774116039276e-03 5.608887970447540283e-02 4.653800427913665771e-01 2.275125265121459961e+00 6.553475856781005859e+00 1.112256908416748047e+01 1.112256908416748047e+01 6.553483486175537109e+00 2.275129318237304688e+00 4.653799831867218018e-01 5.608881637454032898e-02 3.983013331890106201e-03 1.666526659391820431e-04 4.108047505724243820e-06 5.940602321174992539e-08 1.421815332136588950e-09 6.775205463327438338e-08 2.126071422026143409e-06 3.902681419276632369e-05 4.216976813040673733e-04 2.686711261048913002e-03 1.007858477532863617e-02 2.229225449264049530e-02 2.903128229081630707e-02
2.237438596785068512e-02 1.011573616415262222e-02 2.696618204936385155e-03 4.232526407577097416e-04 3.917007779818959534e-05 2.134076112270122394e-06 6.806688901406232617e-08 7.445938865480172808e-10 -1.756317487278113987e-11 5.927722668275237083e-08 4.107920631213346496e-06 1.666457537794485688e-04 3.982827533036470413e-03 5.608656629920005798e-02 4.653609395027160645e-01 2.275032997131347656e+00 6.553201198577880859e+00 1.112211132049560547e+01 1.112211132049560547e+01 6.553209781646728516e+00 2.275036811828613281e+00 4.653609097003936768e-01 5.608651414513587952e-02 3.982846159487962723e-03 1.666457974351942539e-04 4.107897439098451287e-06 5.935302027637590072e-08 1.357660872614019354e-09 6.797001361746879411e-08 2.133872385456925258e-06 3.917049980373121798e-05 4.232504579704254866e-04 2.696606330573558807e-03 1.011571381241083145e-02 2.237436734139919281e-02 2.913822047412395477e-02
2.246818318963050842e-02 1.015813648700714111e-02 2.707922598347067833e-03 4.250273632351309061e-04 3.933439802494831383e-05 2.143068513760226779e-06 6.835628596491005737e-08 7.614556207791167708e-10 1.869191086634192089e-11 5.931480728804672253e-08 4.107814675080589950e-06 1.666394819039851427e-04 3.982679452747106552e-03 5.608448758721351624e-02 4.653432071208953857e-01 2.274948835372924805e+00 6.552958011627197266e+00 1.112169075012207031e+01 1.112169075012207031e+01 6.552966594696044922e+00 2.274953365325927734e+00 4.653432071208953857e-01 5.608443170785903931e-02 3.982698544859886169e-03 1.666395983193069696e-04 4.107799213670659810e-06 5.933838309601924266e-08 1.430453422379684980e-09 6.828645382483955473e-08 2.142868424925836734e-06 3.933470725314691663e-05 4.250251513440161943e-04 2.707910491153597832e-03 1.015811227262020111e-02 2.246815711259841919e-02 2.926036529242992401e-02
2.256195247173309326e-02 1.020053122192621231e-02 2.719225594773888588e-03 4.268014163244515657e-04 3.949860183638520539e-05 2.152081151507445611e-06 6.854361345176585019e-08 6.690099030315366235e-10 -8.113351657179634913e-11 5.924935919665585971e-08 4.107576387468725443e-06 1.666338503127917647e-04 3.982546273618936539e-03 5.608262121677398682e-02 4.653277099132537842e-01 2.274872541427612305e+00 6.552737712860107422e+00 1.112132549285888672e+01 1.112132549285888672e+01 6.552745819091796875e+00 2.274877071380615234e+00 4.653277099132537842e-01 5.608255043625831604e-02 3.982564900070428848e-03 1.666339376242831349e-04 4.107590939383953810e-06 5.928667334842430137e-08 1.340162869567507187e-09 6.851127665186140803e-08 2.151813077944098040e-06 3.949885649490170181e-05 4.267991753295063972e-04 2.719213953241705894e-03 1.020050514489412308e-02 2.256193384528160095e-02 2.938250079751014709e-02
2.264684252440929413e-02 1.023891661316156387e-02 2.729457803070545197e-03 4.284075694158673286e-04 3.964715506299398839e-05 2.160130634365486912e-06 6.878156000311719254e-08 7.296470649897912608e-10 -8.819194680098618733e-11 5.925670265582994034e-08 4.107499535166425630e-06 1.666288299020379782e-04 3.982427529990673065e-03 5.608088150620460510e-02 4.653136432170867920e-01 2.274803161621093750e+00 6.552539825439453125e+00 1.112098026275634766e+01 1.112098026275634766e+01 6.552547454833984375e+00 2.274807453155517578e+00 4.653135836124420166e-01 5.608082190155982971e-02 3.982445690780878067e-03 1.666290045250207186e-04 4.107466793357161805e-06 5.925612356350029586e-08 1.314631070670202462e-09 6.876641833741814480e-08 2.159868699891376309e-06 3.964736242778599262e-05 4.284053575247526169e-04 2.729444066062569618e-03 1.023889239877462387e-02 2.264682389795780182e-02 2.949307672679424286e-02
2.271686494350433350e-02 1.027057599276304245e-02 2.737893490120768547e-03 4.297321429476141930e-04 3.976974403485655785e-05 2.166879994547343813e-06 6.897916193793207640e-08 8.204394386090996250e-10 -6.970921756499492972e-11 5.923010348851676099e-08 4.107366748939966783e-06 1.666241587372496724e-04 3.982317633926868439e-03 5.607935413718223572e-02 4.653009772300720215e-01 2.274739503860473633e+00 6.552363395690917969e+00 1.112067604064941406e+01 1.112067604064941406e+01 6.552371501922607422e+00 2.274744272232055664e+00 4.653009474277496338e-01 5.607929080724716187e-02 3.982336726039648056e-03 1.666245225351303816e-04 4.107365384697914124e-06 5.929704371965272003e-08 1.282939754432277368e-09 6.897172966091602575e-08 2.166577587559004314e-06 3.976998777943663299e-05 4.297297564335167408e-04 2.737881615757942200e-03 1.027054805308580399e-02 2.271684445440769196e-02 2.958425320684909821e-02
2.276868000626564026e-02 1.029400620609521866e-02 2.744141966104507446e-03 4.307123308535665274e-04 3.986047522630542517e-05 2.171797405026154593e-06 6.911383820806804579e-08 9.011164037175944941e-10 -9.446745469210426904e-11 5.930559510147759283e-08 4.107374479644931853e-06 1.666200114414095879e-04 3.982219845056533813e-03 5.607799813151359558e-02 4.652896821498870850e-01 2.274685621261596680e+00 6.552199840545654297e+00 1.112040710449218750e+01 1.112040710449218750e+01 6.552207946777343750e+00 2.274689674377441406e+00 4.652896523475646973e-01 5.607793852686882019e-02 3.982239868491888046e-03 1.666202588239684701e-04 4.107270797248929739e-06 5.931124036351320683e-08 1.267431604112800869e-09 6.912108574397279881e-08 2.171535243178368546e-06 3.986073352280072868e-05 4.307102062739431858e-04 2.744128461927175522e-03 1.029397826641798019e-02 2.276865579187870026e-02 2.965173125267028809e-02
2.280057407915592194e-02 1.030842773616313934e-02 2.747985301539301872e-03 4.313155368436127901e-04 3.991631820099428296e-05 2.174830342482891865e-06 6.921915485236240784e-08 8.836985587734602632e-10 -1.415844386176701164e-10 5.920790613345161546e-08 4.107251697860192508e-06 1.666164607740938663e-04 3.982131369411945343e-03 5.607673153281211853e-02 4.652790129184722900e-01 2.274634838104248047e+00 6.552052497863769531e+00 1.112016677856445312e+01 1.112016677856445312e+01 6.552062511444091797e+00 2.274638652801513672e+00 4.652789831161499023e-01 5.607666820287704468e-02 3.982150461524724960e-03 1.666165626375004649e-04 4.107087079319171607e-06 5.920322720953663520e-08 1.200255894673318835e-09 6.916017269986696192e-08 2.174540668420377187e-06 3.991662379121407866e-05 4.313129757065325975e-04 2.747974125668406487e-03 1.030839700251817703e-02 2.280055172741413116e-02 2.969324775040149689e-02
2.281273342669010162e-02 1.031391415745019913e-02 2.749449107795953751e-03 4.315456317272037268e-04 3.993770587840117514e-05 2.176015414079301991e-06 6.932723550789887668e-08 8.111074034644616404e-10 -9.292752678469184957e-11 5.925247137383848894e-08 4.107203039893647656e-06 1.666129246586933732e-04 3.982052672654390335e-03 5.607561767101287842e-02 4.652697741985321045e-01 2.274591207504272461e+00 6.551923274993896484e+00 1.111994075775146484e+01 1.111994075775146484e+01 6.551931381225585938e+00 2.274595975875854492e+00 4.652697741985321045e-01 5.607556551694869995e-02 3.982071764767169952e-03 1.666131574893370271e-04 4.107004315301310271e-06 5.930127500164417143e-08 1.210464506407049612e-09 6.930354601308863494e-08 2.175790996261639521e-06 3.993797145085409284e-05 4.315432743169367313e-04 2.749437233433127403e-03 1.031388901174068451e-02 2.281270921230316162e-02 2.970908954739570618e-02
2.280680276453495026e-02 1.031124312430620193e-02 2.748737344518303871e-03 4.314334073569625616e-04 3.992730489699169993e-05 2.175372628698823974e-06 6.929533924449060578e-08 8.006200147292474867e-10 -1.650342085213196697e-10 5.922635537558562646e-08 4.107166205358225852e-06 1.666099415160715580e-04 3.981978632509708405e-03 5.607461556792259216e-02 4.652616083621978760e-01 2.274547576904296875e+00 6.551804542541503906e+00 1.111973571777343750e+01 1.111973571777343750e+01 6.551813602447509766e+00 2.274552345275878906e+00 4.652616083621978760e-01 5.607455223798751831e-02 3.981998190283775330e-03 1.666101888986304402e-04 4.106940195924835280e-06 5.920864865061048476e-08 1.170275654160946033e-09 6.925553464043332497e-08 2.175182089558802545e-06 3.992751953774131835e-05 4.314311663620173931e-04 2.748722909018397331e-03 1.031121145933866501e-02 2.280678041279315948e-02 2.970140799880027771e-02
2.278528921306133270e-02 1.030151452869176865e-02 2.746145008131861687e-03 4.310265940148383379e-04 3.988962271250784397e-05 2.173298980778781697e-06 6.925796469658962451e-08 7.435819182610714506e-10 -1.802597099365144118e-10 5.923596546608678182e-08 4.107193035451928154e-06 1.666071912040933967e-04 3.981916233897209167e-03 5.607370659708976746e-02 4.652541577816009521e-01 2.274510622024536133e+00 6.551702499389648438e+00 1.111955165863037109e+01 1.111955165863037109e+01 6.551709175109863281e+00 2.274514436721801758e+00 4.652541279792785645e-01 5.607362464070320129e-02 3.981934860348701477e-03 1.666074967943131924e-04 4.106935648451326415e-06 5.917491563423027401e-08 1.132185456498291387e-09 6.916599915030019474e-08 2.173123675675014965e-06 3.988979733549058437e-05 4.310240328777581453e-04 2.746132900938391685e-03 1.030148565769195557e-02 2.278526872396469116e-02 2.967338822782039642e-02
2.275105752050876617e-02 1.028604246675968170e-02 2.742016687989234924e-03 4.303790046833455563e-04 3.982970883953385055e-05 2.170083007513312623e-06 6.916550177038516267e-08 7.646838717789705697e-10 -1.525702064686385029e-10 5.921148371612616756e-08 4.107084805582417175e-06 1.666048628976568580e-04 3.981857560575008392e-03 5.607287585735321045e-02 4.652470648288726807e-01 2.274479389190673828e+00 6.551605224609375000e+00 1.111939430236816406e+01 1.111939430236816406e+01 6.551611900329589844e+00 2.274483203887939453e+00 4.652470648288726807e-01 5.607280135154724121e-02 3.981876652687788010e-03 1.666050229687243700e-04 4.106872438569553196e-06 5.921624435245576024e-08 1.182017261847079226e-09 6.911452032909437548e-08 2.169903154936037026e-06 3.982989437645301223e-05 4.303766472730785608e-04 2.742004813626408577e-03 1.028601545840501785e-02 2.275103144347667694e-02 2.962879091501235962e-02
2.270707115530967712e-02 1.026614382863044739e-02 2.736714202910661697e-03 4.295461985748261213e-04 3.975264553446322680e-05 2.165895921280025505e-06 6.896605242445730255e-08 7.960914705229527044e-10 -1.773204638677583489e-10 5.918945333860392566e-08 4.106992491870187223e-06 1.666025636950507760e-04 3.981804475188255310e-03 5.607214942574501038e-02 4.652411043643951416e-01 2.274448633193969727e+00 6.551521301269531250e+00 1.111925125122070312e+01 1.111925125122070312e+01 6.551528930664062500e+00 2.274452924728393555e+00 4.652410745620727539e-01 5.607207864522933960e-02 3.981823567301034927e-03 1.666029129410162568e-04 4.106822871108306572e-06 5.919612888760639180e-08 1.214445877195657886e-09 6.893385062767265481e-08 2.165668547604582272e-06 3.975279469159431756e-05 4.295442777220159769e-04 2.736703725531697273e-03 1.026611682027578354e-02 2.270705252885818481e-02 2.957146614789962769e-02
2.265808731317520142e-02 1.024399884045124054e-02 2.730811247602105141e-03 4.286201146896928549e-04 3.966697477153502405e-05 2.161245220122509636e-06 6.887352554940662230e-08 8.678215923652032870e-10 -1.664817173008259488e-10 5.913650369393508299e-08 4.106970209249993786e-06 1.666007738094776869e-04 3.981756977736949921e-03 5.607150867581367493e-02 4.652360081672668457e-01 2.274423360824584961e+00 6.551442146301269531e+00 1.111912155151367188e+01 1.111912155151367188e+01 6.551449298858642578e+00 2.274428129196166992e+00 4.652359485626220703e-01 5.607143417000770569e-02 3.981777001172304153e-03 1.666009338805451989e-04 4.106700998818268999e-06 5.917518564046986285e-08 1.147242523202862685e-09 6.880670611053574248e-08 2.161058773708646186e-06 3.966709118685685098e-05 4.286178445909172297e-04 2.730798441916704178e-03 1.024397090077400208e-02 2.265806868672370911e-02 2.950770966708660126e-02
2.261131443083286285e-02 1.022285968065261841e-02 2.725175581872463226e-03 4.277357656974345446e-04 3.958508023060858250e-05 2.156713890144601464e-06 6.872010516190130147e-08 9.292743796684987956e-10 -1.650052317003769531e-10 5.915520162602661003e-08 4.106891992705641314e-06 1.665992458583787084e-04 3.981722053140401840e-03 5.607097595930099487e-02 4.652315676212310791e-01 2.274400711059570312e+00 6.551384449005126953e+00 1.111902046203613281e+01 1.111902046203613281e+01 6.551391124725341797e+00 2.274404764175415039e+00 4.652315676212310791e-01 5.607092753052711487e-02 3.981741610914468765e-03 1.665992604102939367e-04 4.106681444682180882e-06 5.911726574936437828e-08 1.294155671516250550e-09 6.867864499326969963e-08 2.156608616132871248e-06 3.958523666369728744e-05 4.277332627680152655e-04 2.725163940340280533e-03 1.022283453494310379e-02 2.261129394173622131e-02 2.944681234657764435e-02
2.256783470511436462e-02 1.020319014787673950e-02 2.719934098422527313e-03 4.269129713065922260e-04 3.950891186832450330e-05 2.152547494915779680e-06 6.856445367020569392e-08 8.842049870061430283e-10 -1.305606733836839339e-10 5.917215517570184602e-08 4.106770575162954628e-06 1.665982854319736362e-04 3.981699235737323761e-03 5.607068911194801331e-02 4.652290940284729004e-01 2.274389266967773438e+00 6.551345825195312500e+00 1.111896228790283203e+01 1.111896228790283203e+01 6.551355838775634766e+00 2.274393081665039062e+00 4.652290046215057373e-01 5.607062205672264099e-02 3.981717862188816071e-03 1.665983145358040929e-04 4.106670985493110493e-06 5.918825607409416989e-08 1.387204240366202157e-09 6.855082546053381520e-08 2.152427668988821097e-06 3.950908649130724370e-05 4.269105556886643171e-04 2.719922224059700966e-03 1.020316127687692642e-02 2.256781421601772308e-02 2.939014881849288940e-02
2.252803742885589600e-02 1.018520444631576538e-02 2.715135226026177406e-03 4.261596768628805876e-04 3.943919728044420481e-05 2.148703515558736399e-06 6.850071088138065534e-08 9.398778422209375094e-10 -1.243911501580541312e-10 5.922106893763157132e-08 4.106764208700042218e-06 1.665989839239045978e-04 3.981717862188816071e-03 5.607092007994651794e-02 4.652310311794281006e-01 2.274399757385253906e+00 6.551374912261962891e+00 1.111900615692138672e+01 1.111900615692138672e+01 6.551385879516601562e+00 2.274403572082519531e+00 4.652310013771057129e-01 5.607087537646293640e-02 3.981736488640308380e-03 1.665990275796502829e-04 4.106653705093776807e-06 5.914185763344903535e-08 1.472278965408690965e-09 6.841649735633836826e-08 2.148648718502954580e-06 3.943936462746933103e-05 4.261574067641049623e-04 2.715123584493994713e-03 1.018517557531595230e-02 2.252800948917865753e-02 2.933832071721553802e-02
2.249191328883171082e-02 1.016887649893760681e-02 2.710783155634999275e-03 4.254768427927047014e-04 3.937587825930677354e-05 2.145251755791832693e-06 6.826329723708113306e-08 8.813339502644623735e-10 -1.271039662409378934e-10 5.926666446498529695e-08 4.106927008251659572e-06 1.666040625423192978e-04 3.981835208833217621e-03 5.607258155941963196e-02 4.652446806430816650e-01 2.274466514587402344e+00 6.551567554473876953e+00 1.111934089660644531e+01 1.111934089660644531e+01 6.551577091217041016e+00 2.274471282958984375e+00 4.652446806430816650e-01 5.607252568006515503e-02 3.981855697929859161e-03 1.666039170231670141e-04 4.106790584046393633e-06 5.913415179747971706e-08 1.455580433962211373e-09 6.825192855330897146e-08 2.145137841580435634e-06 3.937604560633189976e-05 4.254741361364722252e-04 2.710771281272172928e-03 1.016884762793779373e-02 2.249189652502536774e-02 2.929129824042320251e-02
2.245922945439815521e-02 1.015408802777528763e-02 2.706844592466950417e-03 4.248582408763468266e-04 3.931861283490434289e-05 2.142155608453322202e-06 6.815738373688873253e-08 8.565799181070588020e-10 -7.156330389390674895e-11 5.927843815811684181e-08 4.107339009351562709e-06 1.666191528784111142e-04 3.982201218605041504e-03 5.607767775654792786e-02 4.652872085571289062e-01 2.274674177169799805e+00 6.552168846130371094e+00 1.112035083770751953e+01 1.112035083770751953e+01 6.552177429199218750e+00 2.274678230285644531e+00 4.652871787548065186e-01 5.607761442661285400e-02 3.982219845056533813e-03 1.666191528784111142e-04 4.107157110411208123e-06 5.914155565278633730e-08 1.473993482825619594e-09 6.817061404262858559e-08 2.142083076250855811e-06 3.931882747565396130e-05 4.248556506354361773e-04 2.706831786781549454e-03 1.015405822545289993e-02 2.245920710265636444e-02 2.924870699644088745e-02
2.242953889071941376e-02 1.014069002121686935e-02 2.703268779441714287e-03 4.242970317136496305e-04 3.926664430764503777e-05 2.139363914466230199e-06 6.802969210184528492e-08 8.032600140595036464e-10 -6.289185144892073254e-11 5.926494850427843630e-08 4.108333087060600519e-06 1.666582102188840508e-04 3.983129747211933136e-03 5.609081313014030457e-02 4.653959870338439941e-01 2.275205373764038086e+00 6.553699493408203125e+00 1.112294292449951172e+01 1.112294292449951172e+01 6.553706169128417969e+00 2.275210142135620117e+00 4.653959274291992188e-01 5.609075352549552917e-02 3.983147908002138138e-03 1.666581520112231374e-04 4.108104349143104628e-06 5.921845769307765295e-08 1.397065241270922797e-09 6.806157415439884062e-08 2.139229309250367805e-06 3.926680074073374271e-05 4.242942959535866976e-04 2.703257603570818901e-03 1.014065835624933243e-02 2.242951467633247375e-02 2.921008504927158356e-02
2.240252308547496796e-02 1.012845151126384735e-02 2.700009150430560112e-03 4.237855609972029924e-04 3.921935422113165259e-05 2.136797775165177882e-06 6.801518281918106368e-08 8.328804868007466666e-10 -7.975731186604662071e-11 5.927213209133697092e-08 4.110557711101137102e-06 1.667472242843359709e-04 3.985257819294929504e-03 5.612075328826904297e-02 4.656445086002349854e-01 2.276420354843139648e+00 6.557199478149414062e+00 1.112889003753662109e+01 1.112889003753662109e+01 6.557209491729736328e+00 2.276424646377563477e+00 4.656445086002349854e-01 5.612069740891456604e-02 3.985275514423847198e-03 1.667472242843359709e-04 4.110272129764780402e-06 5.924300694459816441e-08 1.444924402349556658e-09 6.799519525202413206e-08 2.136653165507595986e-06 3.921948155038990080e-05 4.237831744831055403e-04 2.699997043237090111e-03 1.012842543423175812e-02 2.240249700844287872e-02 2.917486242949962616e-02
2.237776480615139008e-02 1.011725701391696930e-02 2.697023563086986542e-03 4.233170475345104933e-04 3.917609501513652503e-05 2.134540636689052917e-06 6.790263995526402141e-08 8.274642082639616092e-10 -8.634146175801049594e-11 5.931558533234237984e-08 4.115104275115299970e-06 1.669304037932306528e-04 3.989638295024633408e-03 5.618247017264366150e-02 4.661563038825988770e-01 2.278923988342285156e+00 6.564404964447021484e+00 1.114112663269042969e+01 1.114112663269042969e+01 6.564413070678710938e+00 2.278927803039550781e+00 4.661563038825988770e-01 5.618240684270858765e-02 3.989658318459987640e-03 1.669304183451458812e-04 4.114782768738223240e-06 5.924690071879012976e-08 1.488610901212439330e-09 6.793663231974278460e-08 2.134309397661127150e-06 3.917616777471266687e-05 4.233149520587176085e-04 2.697012387216091156e-03 1.011723000556230545e-02 2.237773872911930084e-02 2.914263494312763214e-02
2.235614135861396790e-02 1.010749023407697678e-02 2.694421680644154549e-03 4.229085170663893223e-04 3.913819455192424357e-05 2.132589315806399100e-06 6.790069306816803874e-08 8.536349405119381117e-10 -4.204844111788119676e-11 5.945176440036448184e-08 4.123607595829525962e-06 1.672743092058226466e-04 3.997855354100465775e-03 5.629815906286239624e-02 4.671165049076080322e-01 2.283617019653320312e+00 6.577927589416503906e+00 1.116407299041748047e+01 1.116407299041748047e+01 6.577935695648193359e+00 2.283621549606323242e+00 4.671165049076080322e-01 5.629810318350791931e-02 3.997875377535820007e-03 1.672743237577378750e-04 4.123299277125624940e-06 5.945399550455476856e-08 1.423072437667372014e-09 6.788045681105359108e-08 2.132281224476173520e-06 3.913840191671624780e-05 4.229063342791050673e-04 2.694408642128109932e-03 1.010746322572231293e-02 2.235611341893672943e-02 2.911448664963245392e-02
2.233932167291641235e-02 1.009987853467464447e-02 2.692392561584711075e-03 4.225901502650231123e-04 3.910877057933248580e-05 2.130928578480961733e-06 6.777618466458079638e-08 8.316632937876988763e-10 -1.304705258761695852e-12 5.967725513755794964e-08 4.138339136261492968e-06 1.678708213148638606e-04 4.012115765362977982e-03 5.649895220994949341e-02 4.687826037406921387e-01 2.291761398315429688e+00 6.601388931274414062e+00 1.120389366149902344e+01 1.120389366149902344e+01 6.601397037506103516e+00 2.291765928268432617e+00 4.687826037406921387e-01 5.649890005588531494e-02 4.012135323137044907e-03 1.678709231782704592e-04 4.138064014114206657e-06 5.971453731490328209e-08 1.354473866399530380e-09 6.783922401609743247e-08 2.130675284206517972e-06 3.910889063263311982e-05 4.225877928547561169e-04 2.692378824576735497e-03 1.009985525161027908e-02 2.233929932117462158e-02 2.909254468977451324e-02
2.232903242111206055e-02 1.009523682296276093e-02 2.691153436899185181e-03 4.223955038469284773e-04 3.909082806785590947e-05 2.129894028257695027e-06 6.776355832016633940e-08 8.356939029674492758e-10 -7.934140844323422925e-11 5.998632701675887802e-08 4.160987828072393313e-06 1.687967596808448434e-04 4.034244921058416367e-03 5.681062117218971252e-02 4.713681936264038086e-01 2.304403066635131836e+00 6.637799263000488281e+00 1.126568603515625000e+01 1.126568603515625000e+01 6.637806892395019531e+00 2.304407119750976562e+00 4.713681340217590332e-01 5.681055039167404175e-02 4.034264944493770599e-03 1.687968760961666703e-04 4.160903245065128431e-06 6.001000230071440456e-08 1.339160449198573133e-09 6.779544747814725270e-08 2.129630047420505434e-06 3.909091901732608676e-05 4.223930300213396549e-04 2.691141096875071526e-03 1.009520608931779861e-02 2.232900075614452362e-02 2.907914854586124420e-02
2.233070880174636841e-02 1.009599212557077408e-02 2.691355068236589432e-03 4.224273143336176872e-04 3.909374572685919702e-05 2.130017264789785258e-06 6.780394556926694349e-08 8.403625573194517528e-10 -1.397078286391462143e-10 6.044995615184234339e-08 4.194206667307298630e-06 1.701481087366119027e-04 4.066538996994495392e-03 5.726535618305206299e-02 4.751415550708770752e-01 2.322849273681640625e+00 6.690937042236328125e+00 1.135587120056152344e+01 1.135587120056152344e+01 6.690945148468017578e+00 2.322853803634643555e+00 4.751415550708770752e-01 5.726530775427818298e-02 4.066557157784700394e-03 1.701479777693748474e-04 4.194211669528158382e-06 6.049828726872874540e-08 1.398363091986709605e-09 6.777666783364111325e-08 2.129797621819307096e-06 3.909381484845653176e-05 4.224248987156897783e-04 2.691343426704406738e-03 1.009596511721611023e-02 2.233069203794002533e-02 2.908136509358882904e-02
2.234987728297710419e-02 1.010465528815984726e-02 2.693665912374854088e-03 4.227895988151431084e-04 3.912725878763012588e-05 2.131818519046646543e-06 6.775174199447064893e-08 8.021508457467518838e-10 -1.507031305303385693e-10 6.116053441473923158e-08 4.239865120325703174e-06 1.719983702059835196e-04 4.110759124159812927e-03 5.788808315992355347e-02 4.803082048892974854e-01 2.348108291625976562e+00 6.763695240020751953e+00 1.147935867309570312e+01 1.147935867309570312e+01 6.763703346252441406e+00 2.348111867904663086e+00 4.803082048892974854e-01 5.788801982998847961e-02 4.110779147595167160e-03 1.719982101349160075e-04 4.239789632265456021e-06 6.122057527591096004e-08 1.365041302214820007e-09 6.777986527595203370e-08 2.131623432433116250e-06 3.912729152943938971e-05 4.227874160278588533e-04 2.693654038012027740e-03 1.010462176054716110e-02 2.234985493123531342e-02 2.910633943974971771e-02
2.239370159804821014e-02 1.012447196990251541e-02 2.698945812880992889e-03 4.236187669448554516e-04 3.920391827705316246e-05 2.136007651643012650e-06 6.792554785306492704e-08 7.801856383160554742e-10 -1.418729855817701946e-10 6.205342373277744628e-08 4.298272415326209739e-06 1.743710890877991915e-04 4.167466890066862106e-03 5.868668109178543091e-02 4.869342148303985596e-01 2.380501508712768555e+00 6.856999397277832031e+00 1.163771057128906250e+01 1.163771057128906250e+01 6.857008457183837891e+00 2.380505800247192383e+00 4.869341552257537842e-01 5.868659541010856628e-02 4.167486447840929031e-03 1.743709872243925929e-04 4.298285148252034560e-06 6.207878300301672425e-08 1.403446026060350960e-09 6.791990614374299184e-08 2.135826662197359838e-06 3.920400558854453266e-05 4.236167005728930235e-04 2.698934171348810196e-03 1.012444309890270233e-02 2.239367552101612091e-02 2.916338853538036346e-02
2.247218415141105652e-02 1.015994977205991745e-02 2.708408981561660767e-03 4.251033242326229811e-04 3.934133201255463064e-05 2.143539632015745156e-06 6.813668562699604081e-08 6.652277062535461027e-10 -1.565916701862235527e-10 6.307738686928132665e-08 4.368486315797781572e-06 1.772144751157611609e-04 4.235421307384967804e-03 5.964361876249313354e-02 4.948741197586059570e-01 2.419317245483398438e+00 6.968811511993408203e+00 1.182748126983642578e+01 1.182748126983642578e+01 6.968819618225097656e+00 2.419321060180664062e+00 4.948740601539611816e-01 5.964355170726776123e-02 4.235441796481609344e-03 1.772142713889479637e-04 4.368368990981252864e-06 6.304505006937688449e-08 1.438558050459448623e-09 6.817244013745948905e-08 2.143340452676056884e-06 3.934140113415196538e-05 4.251009377185255289e-04 2.708395477384328842e-03 1.015991903841495514e-02 2.247216738760471344e-02 2.926560863852500916e-02
2.259842120110988617e-02 1.021702680736780167e-02 2.723619574680924416e-03 4.274912062101066113e-04 3.956234286306425929e-05 2.155609308829298243e-06 6.854961043245566543e-08 6.528374507652756620e-10 -1.348405415102504890e-10 6.418598985646895017e-08 4.446770162758184597e-06 1.803882623789831996e-04 4.311276134103536606e-03 6.071176379919052124e-02 5.037366151809692383e-01 2.462645292282104492e+00 7.093617439270019531e+00 1.203929805755615234e+01 1.203929805755615234e+01 7.093628406524658203e+00 2.462649106979370117e+00 5.037366151809692383e-01 6.071169674396514893e-02 4.311296157538890839e-03 1.803880149964243174e-04 4.446633738552918658e-06 6.415914555191193358e-08 1.461247678413712947e-09 6.855844958408852108e-08 2.155347374355187640e-06 3.956233558710664511e-05 4.274888779036700726e-04 2.723608398810029030e-03 1.021699793636798859e-02 2.259840071201324463e-02 2.943002432584762573e-02
2.278670854866504669e-02 1.030214503407478333e-02 2.746309619396924973e-03 4.310529329814016819e-04 3.989200558862648904e-05 2.173563188989646733e-06 6.916541650525687146e-08 6.685981768228543842e-10 -1.387896464422055942e-10 6.540301455970620736e-08 4.527760665951063856e-06 1.836719748098403215e-04 4.389755893498659134e-03 6.181697174906730652e-02 5.129069685935974121e-01 2.507474899291992188e+00 7.222745418548583984e+00 1.225846195220947266e+01 1.225846099853515625e+01 7.222754478454589844e+00 2.507479906082153320e+00 5.129069685935974121e-01 6.181688979268074036e-02 4.389775916934013367e-03 1.836717565311118960e-04 4.527562396106077358e-06 6.529826634960045340e-08 1.395322413166866227e-09 6.912235761546980939e-08 2.173285110984579660e-06 3.989193646702915430e-05 4.310506337787955999e-04 2.746297046542167664e-03 1.030211616307497025e-02 2.278668805956840515e-02 2.967518009245395660e-02
2.304809167981147766e-02 1.042031124234199524e-02 2.777817659080028534e-03 4.359977028798311949e-04 4.034967423649504781e-05 2.198547235821024515e-06 6.995563239797775168e-08 6.931335505555580312e-10 -1.666638355102278979e-10 6.652545891938643763e-08 4.604800778906792402e-06 1.867954124463722110e-04 4.464411176741123199e-03 6.286823004484176636e-02 5.216295123100280762e-01 2.550117254257202148e+00 7.345578193664550781e+00 1.246692752838134766e+01 1.246692752838134766e+01 7.345587730407714844e+00 2.550122499465942383e+00 5.216295123100280762e-01 6.286817044019699097e-02 4.464430734515190125e-03 1.867954852059483528e-04 4.604552941600559279e-06 6.642570582471307716e-08 1.433628882274717853e-09 6.989131406953674741e-08 2.198255515395430848e-06 4.034965968457981944e-05 4.359953454695641994e-04 2.777804853394627571e-03 1.042028516530990601e-02 2.304806374013423920e-02 3.001561760902404785e-02
2.338528074324131012e-02 1.057276967912912369e-02 2.818457549437880516e-03 4.423764185048639774e-04 4.093995084986090660e-05 2.230689005955355242e-06 7.099887966433016118e-08 6.489864756709096127e-10 -1.093361998161235249e-10 6.745935365870536771e-08 4.671099304687231779e-06 1.894863526104018092e-04 4.528719466179609299e-03 6.377384811639785767e-02 5.291434526443481445e-01 2.586851835250854492e+00 7.451391220092773438e+00 1.264651966094970703e+01 1.264651966094970703e+01 7.451402187347412109e+00 2.586856842041015625e+00 5.291434526443481445e-01 6.377377361059188843e-02 4.528738092631101608e-03 1.894861343316733837e-04 4.670855560107156634e-06 6.733547053272559424e-08 1.503068225439108119e-09 7.097727205973569653e-08 2.230407062597805634e-06 4.093990719411522150e-05 4.423740901984274387e-04 2.818441949784755707e-03 1.057274173945188522e-02 2.338525466620922089e-02 3.045471198856830597e-02
2.378837205469608307e-02 1.075499597936868668e-02 2.867034636437892914e-03 4.500009818002581596e-04 4.164558777119964361e-05 2.269058768433751538e-06 7.213997577082409407e-08 6.113166639565292826e-10 -1.996629389600101945e-10 6.816100039941375144e-08 4.721135610452620313e-06 1.915203029057011008e-04 4.577326122671365738e-03 6.445831805467605591e-02 5.348222851753234863e-01 2.614616394042968750e+00 7.531365871429443359e+00 1.278224945068359375e+01 1.278224945068359375e+01 7.531375408172607422e+00 2.614621162414550781e+00 5.348222851753234863e-01 6.445824354887008667e-02 4.577346146106719971e-03 1.915198663482442498e-04 4.721004643215565011e-06 6.802419960649785935e-08 1.516484937624795748e-09 7.209850849676513462e-08 2.268847993036615662e-06 4.164556230534799397e-05 4.499986825976520777e-04 2.867019968107342720e-03 1.075496897101402283e-02 2.378834970295429230e-02 3.097964264452457428e-02
2.423447370529174805e-02 1.095670554786920547e-02 2.920798957347869873e-03 4.584403359331190586e-04 4.242668001097626984e-05 2.311626531081856228e-06 7.346638142280426109e-08 7.450431938060830817e-10 -3.075993904033680337e-10 6.858134327103471151e-08 4.751769210997736081e-06 1.927612174768000841e-04 4.606979433447122574e-03 6.487592309713363647e-02 5.382876396179199219e-01 2.631555795669555664e+00 7.580160140991210938e+00 1.286505794525146484e+01 1.286505794525146484e+01 7.580169200897216797e+00 2.631560802459716797e+00 5.382875800132751465e-01 6.487584114074707031e-02 4.607001319527626038e-03 1.927607954712584615e-04 4.751511823997134343e-06 6.837559141104065930e-08 1.496750723362083590e-09 7.335702889577078167e-08 2.311367779839201830e-06 4.242659997544251382e-05 4.584378330036997795e-04 2.920785686001181602e-03 1.095667760819196701e-02 2.423445321619510651e-02 3.156064823269844055e-02
2.469184249639511108e-02 1.116348057985305786e-02 2.975924871861934662e-03 4.670922935474663973e-04 4.322730092098936439e-05 2.355168362555559725e-06 7.471489027466304833e-08 6.749817371698441093e-10 -3.737713194507108483e-10 6.870929070146303275e-08 4.761904165206942707e-06 1.931787846842780709e-04 4.616961348801851273e-03 6.501644849777221680e-02 5.394539237022399902e-01 2.637256860733032227e+00 7.596575736999511719e+00 1.289294242858886719e+01 1.289294242858886719e+01 7.596588611602783203e+00 2.637260913848876953e+00 5.394539237022399902e-01 6.501637399196624756e-02 4.616982303559780121e-03 1.931783917825669050e-04 4.761729087476851419e-06 6.843600885986234061e-08 1.437535535053768854e-09 7.467652096693200292e-08 2.355007836740696803e-06 4.322734093875624239e-05 4.670896450988948345e-04 2.975909737870097160e-03 1.116344612091779709e-02 2.469181269407272339e-02 3.215626999735832214e-02
2.512645348906517029e-02 1.135997567325830460e-02 3.028307110071182251e-03 4.753137181978672743e-04 4.398821329232305288e-05 2.396632453383062966e-06 7.600706908306165133e-08 5.663852165049831910e-10 -3.361709244309452060e-10 6.850277145531435963e-08 4.753640496346633881e-06 1.928411802509799600e-04 4.608892370015382767e-03 6.490284204483032227e-02 5.385109186172485352e-01 2.632647275924682617e+00 7.583304882049560547e+00 1.287039756774902344e+01 1.287039756774902344e+01 7.583315372467041016e+00 2.632652044296264648e+00 5.385108590126037598e-01 6.490275263786315918e-02 4.608913790434598923e-03 1.928409619722515345e-04 4.753414941660594195e-06 6.830556742443150142e-08 1.296180274223956985e-09 7.601149576430543675e-08 2.396394847892224789e-06 4.398828241392038763e-05 4.753112443722784519e-04 3.028293373063206673e-03 1.135994307696819305e-02 2.512642741203308105e-02 3.272224962711334229e-02
2.550919540226459503e-02 1.153301913291215897e-02 3.074434120208024979e-03 4.825539072044193745e-04 4.465824531507678330e-05 2.433110466881771572e-06 7.711548732913797721e-08 6.838780097773167199e-10 -3.871082066009279288e-10 6.818334696845340659e-08 4.730026830657152459e-06 1.918868947541341186e-04 4.586086608469486237e-03 6.458169966936111450e-02 5.358465313911437988e-01 2.619620084762573242e+00 7.545784473419189453e+00 1.280672168731689453e+01 1.280672168731689453e+01 7.545793533325195312e+00 2.619626760482788086e+00 5.358465313911437988e-01 6.458163261413574219e-02 4.586108494549989700e-03 1.918866764754056931e-04 4.729820375359850004e-06 6.802370933201018488e-08 1.328993359805963337e-09 7.711528837717196438e-08 2.432864675938617438e-06 4.465821257326751947e-05 4.825513460673391819e-04 3.074419684708118439e-03 1.153299026191234589e-02 2.550917491316795349e-02 3.322069719433784485e-02
2.582038938999176025e-02 1.167372055351734161e-02 3.111942671239376068e-03 4.884410300292074680e-04 4.520296715782023966e-05 2.462766360622481443e-06 7.804371193742554169e-08 6.302509070188477835e-10 -3.766549572237209986e-10 6.766974536276393337e-08 4.695562893175520003e-06 1.904890668811276555e-04 4.552682396024465561e-03 6.411129981279373169e-02 5.319433212280273438e-01 2.600538730621337891e+00 7.490819931030273438e+00 1.271343326568603516e+01 1.271343326568603516e+01 7.490832328796386719e+00 2.600544214248657227e+00 5.319432616233825684e-01 6.411122530698776245e-02 4.552704282104969025e-03 1.904889650177210569e-04 4.695365987572586164e-06 6.755121972901179106e-08 1.243649516702305391e-09 7.805480350953075686e-08 2.462499878674861975e-06 4.520296351984143257e-05 4.884383524768054485e-04 3.111928235739469528e-03 1.167368795722723007e-02 2.582036703824996948e-02 3.362597152590751648e-02
2.605137601494789124e-02 1.177815068513154984e-02 3.139780368655920029e-03 4.928107955493032932e-04 4.560732850222848356e-05 2.484847072992124595e-06 7.885148534114705399e-08 6.896013760027130957e-10 -3.188715125279628637e-10 6.705608512902472285e-08 4.654060830944217741e-06 1.888086553663015366e-04 4.512520972639322281e-03 6.354573369026184082e-02 5.272505283355712891e-01 2.577598094940185547e+00 7.424734592437744141e+00 1.260128021240234375e+01 1.260128021240234375e+01 7.424744129180908203e+00 2.577602386474609375e+00 5.272504687309265137e-01 6.354565173387527466e-02 4.512540064752101898e-03 1.888086117105558515e-04 4.653967607737286016e-06 6.692778953265587916e-08 1.229415014236678871e-09 7.884401753699421533e-08 2.484553533577127382e-06 4.560731031233444810e-05 4.928078269585967064e-04 3.139765700325369835e-03 1.177811715751886368e-02 2.605134807527065277e-02 3.392679616808891296e-02
2.620111405849456787e-02 1.184584759175777435e-02 3.157826839014887810e-03 4.956430057063698769e-04 4.586937575368210673e-05 2.499125685062608682e-06 7.922793088255275507e-08 6.271144159519792538e-10 -2.925306386014625559e-10 6.644015826395843760e-08 4.610302767105167732e-06 1.870256528491154313e-04 4.469906445592641830e-03 6.294556707143783569e-02 5.222713351249694824e-01 2.553256034851074219e+00 7.354623317718505859e+00 1.248227977752685547e+01 1.248227977752685547e+01 7.354632377624511719e+00 2.553261041641235352e+00 5.222713351249694824e-01 6.294551491737365723e-02 4.469925537705421448e-03 1.870255655376240611e-04 4.609998086380073801e-06 6.626655135733017232e-08 1.215341272065018074e-09 7.930822221169364639e-08 2.498864432709524408e-06 4.586950672091916203e-05 4.956401535309851170e-04 3.157812869176268578e-03 1.184581685811281204e-02 2.620108425617218018e-02 3.412180766463279724e-02
2.628117054700851440e-02 1.188203971832990646e-02 3.167472779750823975e-03 4.971572197973728180e-04 4.600954707711935043e-05 2.506807277313782834e-06 7.950258407163346419e-08 6.453786949300877041e-10 -2.528472153873195793e-10 6.581801414995425148e-08 4.566125880955951288e-06 1.852316636359319091e-04 4.427025094628334045e-03 6.234181299805641174e-02 5.172619819641113281e-01 2.528764963150024414e+00 7.284077167510986328e+00 1.236253929138183594e+01 1.236253929138183594e+01 7.284087181091308594e+00 2.528770685195922852e+00 5.172619819641113281e-01 6.234175339341163635e-02 4.427046515047550201e-03 1.852315763244405389e-04 4.565778453979874030e-06 6.562915189078921685e-08 1.252359771442002057e-09 7.963637216334973346e-08 2.506565806470462121e-06 4.600962347467429936e-05 4.971543676219880581e-04 3.167459275573492050e-03 1.188200898468494415e-02 2.628114260733127594e-02 3.422603383660316467e-02
2.630262263119220734e-02 1.189174130558967590e-02 3.170060925185680389e-03 4.975633346475660801e-04 4.604707282851450145e-05 2.508836814740789123e-06 7.945850910573426518e-08 5.686832116325035713e-10 -3.085588728968247096e-10 6.514932238133042119e-08 4.523427378444466740e-06 1.834982540458440781e-04 4.385602660477161407e-03 6.175842508673667908e-02 5.124213695526123047e-01 2.505101442337036133e+00 7.215912818908691406e+00 1.224686050415039062e+01 1.224686050415039062e+01 7.215922832489013672e+00 2.505106925964355469e+00 5.124213099479675293e-01 6.175835803151130676e-02 4.385624080896377563e-03 1.834981667343527079e-04 4.523001280176686123e-06 6.502047256162768463e-08 1.186862275126543409e-09 7.964033699181527481e-08 2.508536454115528613e-06 4.604716741596348584e-05 4.975608899258077145e-04 3.170046722516417503e-03 1.189170684665441513e-02 2.630259282886981964e-02 3.425398096442222595e-02
2.627612091600894928e-02 1.187975984066724777e-02 3.166866255924105644e-03 4.970617592334747314e-04 4.600074680638499558e-05 2.506268401702982374e-06 7.944539959225949133e-08 5.493253074639881106e-10 -2.843976998345709717e-10 6.455673684513385524e-08 4.483300017454894260e-06 1.818716409616172314e-04 4.346726462244987488e-03 6.121096014976501465e-02 5.078788399696350098e-01 2.482897281646728516e+00 7.151948928833007812e+00 1.213828849792480469e+01 1.213828849792480469e+01 7.151958465576171875e+00 2.482901573181152344e+00 5.078788399696350098e-01 6.121090054512023926e-02 4.346743691712617874e-03 1.818717428250238299e-04 4.482947588257957250e-06 6.448208722531489911e-08 1.182115294540153627e-09 7.959656045386509504e-08 2.506006694602547213e-06 4.600081592798233032e-05 4.970589652657508850e-04 3.166851121932268143e-03 1.187972724437713623e-02 2.627609297633171082e-02 3.421945869922637939e-02
2.621210180222988129e-02 1.185080781579017639e-02 3.159146290272474289e-03 4.958501085638999939e-04 4.588870069710537791e-05 2.500124764992506243e-06 7.932605683436122490e-08 4.656770524746889350e-10 -2.710379143344709973e-10 6.401087659924087347e-08 4.446321781870210543e-06 1.803729828679934144e-04 4.310905467718839645e-03 6.070657819509506226e-02 5.036936998367309570e-01 2.462433338165283203e+00 7.093000411987304688e+00 1.203826713562011719e+01 1.203826713562011719e+01 7.093010902404785156e+00 2.462438583374023438e+00 5.036936998367309570e-01 6.070648506283760071e-02 4.310924094170331955e-03 1.803729974199086428e-04 4.446042112249415368e-06 6.396634688599078800e-08 1.257706383483991885e-09 7.943894786421878962e-08 2.499905122022028081e-06 4.588868250721134245e-05 4.958472563885152340e-04 3.159131156280636787e-03 1.185077428817749023e-02 2.621207386255264282e-02 3.413607925176620483e-02
2.611993066966533661e-02 1.180914323776960373e-02 3.148042596876621246e-03 4.941070219501852989e-04 4.572728721541352570e-05 2.491337227183976211e-06 7.911523880466120318e-08 3.490005506812110525e-10 -2.259563786077833925e-10 6.357937110124112223e-08 4.412660928210243583e-06 1.790057431207969785e-04 4.278230480849742889e-03 6.024641171097755432e-02 4.998757541179656982e-01 2.443769216537475586e+00 7.039244174957275391e+00 1.194702053070068359e+01 1.194702053070068359e+01 7.039252758026123047e+00 2.443774461746215820e+00 4.998756945133209229e-01 6.024632602930068970e-02 4.278250504285097122e-03 1.790057431207969785e-04 4.412345333548728377e-06 6.355504211796869640e-08 1.263891213909573707e-09 7.924252543034526752e-08 2.491133272997103631e-06 4.572752004605717957e-05 4.941041697748005390e-04 3.148029092699289322e-03 1.180911343544721603e-02 2.611990086734294891e-02 3.401606902480125427e-02
2.600243873894214630e-02 1.175601966679096222e-02 3.133882768452167511e-03 4.918844788335263729e-04 4.552163591142743826e-05 2.480114289937773719e-06 7.887243214099726174e-08 3.474715515316972869e-10 -2.019626688110065516e-10 6.305594268951608683e-08 4.382114184409147128e-06 1.777678844518959522e-04 4.248644225299358368e-03 5.982978641986846924e-02 4.964188039302825928e-01 2.426870346069335938e+00 6.990562438964843750e+00 1.186439418792724609e+01 1.186439418792724609e+01 6.990572929382324219e+00 2.426874399185180664e+00 4.964188039302825928e-01 5.982972308993339539e-02 4.248664714395999908e-03 1.777678844518959522e-04 4.381895905680721626e-06 6.315364231568310061e-08 1.236321711672871970e-09 7.893255116186992382e-08 2.479903287166962400e-06 4.552177051664330065e-05 4.918816848658025265e-04 3.133868565782904625e-03 1.175598800182342529e-02 2.600241266191005707e-02 3.386304154992103577e-02
2.586273849010467529e-02 1.169286668300628662e-02 3.117043990641832352e-03 4.892417928203940392e-04 4.527701094048097730e-05 2.466819751134607941e-06 7.839416582555713831e-08 4.226705929699647868e-10 -2.134907667317165192e-10 6.264986751602918957e-08 4.354484644863987342e-06 1.766507193678990006e-04 4.221948329359292984e-03 5.945384874939918518e-02 4.932999610900878906e-01 2.411618947982788086e+00 6.946641445159912109e+00 1.178984928131103516e+01 1.178984928131103516e+01 6.946650028228759766e+00 2.411623954772949219e+00 4.932999610900878906e-01 5.945379287004470825e-02 4.221965558826923370e-03 1.766507630236446857e-04 4.354342763690510765e-06 6.273768349274178036e-08 1.218590783835793445e-09 7.849428129702573642e-08 2.466582145643769763e-06 4.527713099378161132e-05 4.892394645139575005e-04 3.117029089480638504e-03 1.169283129274845123e-02 2.586270682513713837e-02 3.368112444877624512e-02
2.570436336100101471e-02 1.162125915288925171e-02 3.097955603152513504e-03 4.862461064476519823e-04 4.499985152506269515e-05 2.451705540806869976e-06 7.774462318366204272e-08 3.672088466633027792e-10 -2.900964746199719002e-10 6.218489545517513761e-08 4.329660441726446152e-06 1.756443525664508343e-04 4.197899717837572098e-03 5.911515653133392334e-02 4.904895722866058350e-01 2.397881507873535156e+00 6.907063961029052734e+00 1.172268295288085938e+01 1.172268295288085938e+01 6.907074451446533203e+00 2.397886037826538086e+00 4.904895722866058350e-01 5.911508575081825256e-02 4.197918809950351715e-03 1.756444107741117477e-04 4.329516286816215143e-06 6.227042348427858087e-08 1.205877286913903390e-09 7.795783574238157598e-08 2.451411546644521877e-06 4.499996794038452208e-05 4.862436035182327032e-04 3.097941167652606964e-03 1.162123028188943863e-02 2.570434100925922394e-02 3.347487002611160278e-02
2.553111501038074493e-02 1.154292654246091843e-02 3.077075118198990822e-03 4.829683457501232624e-04 4.469661871553398669e-05 2.435178203086252324e-06 7.726995931989222299e-08 5.439140804419650976e-10 -2.928150222292202898e-10 6.186554202258776058e-08 4.307377366785658523e-06 1.747384521877393126e-04 4.176244139671325684e-03 5.881025642156600952e-02 4.879596233367919922e-01 2.385514020919799805e+00 6.871437549591064453e+00 1.166222858428955078e+01 1.166222858428955078e+01 6.871445655822753906e+00 2.385518550872802734e+00 4.879595935344696045e-01 5.881020799279212952e-02 4.176261834800243378e-03 1.747385977068915963e-04 4.307165454520145431e-06 6.199913826776537462e-08 1.201821087093435381e-09 7.744364438622142188e-08 2.434911266391281970e-06 4.469670238904654980e-05 4.829659883398562670e-04 3.077059052884578705e-03 1.154289208352565765e-02 2.553109265863895416e-02 3.324923291802406311e-02
2.534688822925090790e-02 1.145964581519365311e-02 3.054873086512088776e-03 4.794838605448603630e-04 4.437425741343759000e-05 2.417667928966693580e-06 7.677808611106229364e-08 6.284440745574215725e-10 -3.283762428640812914e-10 6.167747557128677727e-08 4.287188858143053949e-06 1.739228464430198073e-04 4.156751558184623718e-03 5.853576585650444031e-02 4.856825768947601318e-01 2.374380826950073242e+00 6.839369297027587891e+00 1.160779285430908203e+01 1.160779285430908203e+01 6.839376449584960938e+00 2.374384403228759766e+00 4.856825172901153564e-01 5.853570997714996338e-02 4.156771115958690643e-03 1.739230938255786896e-04 4.287152933102333918e-06 6.172187738684442593e-08 1.209398581281106999e-09 7.689661174481443595e-08 2.417425321254995652e-06 4.437429743120446801e-05 4.794814158231019974e-04 3.054858883842825890e-03 1.145961228758096695e-02 2.534686774015426636e-02 3.300933912396430969e-02
2.515561133623123169e-02 1.137315668165683746e-02 3.031819360330700874e-03 4.758653522003442049e-04 4.403929051477462053e-05 2.399386175966355950e-06 7.614593044991124771e-08 6.155286835785034327e-10 -2.693185119362340174e-10 6.144190223267287365e-08 4.269210421625757590e-06 1.731891243252903223e-04 4.139211494475603104e-03 5.828872695565223694e-02 4.836327135562896729e-01 2.364358663558959961e+00 6.810507297515869141e+00 1.155880355834960938e+01 1.155880355834960938e+01 6.810516357421875000e+00 2.364363670349121094e+00 4.836326539516448975e-01 5.828866362571716309e-02 4.139231052249670029e-03 1.731891534291207790e-04 4.268973498255945742e-06 6.149053177750829491e-08 1.262482229869021921e-09 7.633553167352147284e-08 2.399212462478317320e-06 4.403945058584213257e-05 4.758629947900772095e-04 3.031804924830794334e-03 1.137312874197959900e-02 2.515558525919914246e-02 3.276022523641586304e-02
2.496094629168510437e-02 1.128515321761369705e-02 3.008355153724551201e-03 4.721828445326536894e-04 4.369853195385076106e-05 2.380856585659785196e-06 7.554386627361964202e-08 5.728589269615724788e-10 -3.072293808248360847e-10 6.113065609270051937e-08 4.252770850143861026e-06 1.725284091662615538e-04 4.123422317206859589e-03 5.806640908122062683e-02 4.817879498004913330e-01 2.355339765548706055e+00 6.784532546997070312e+00 1.151471519470214844e+01 1.151471519470214844e+01 6.784541130065917969e+00 2.355344295501708984e+00 4.817879199981689453e-01 5.806634947657585144e-02 4.123440477997064590e-03 1.725284528220072389e-04 4.252623512002173811e-06 6.116028572478171554e-08 1.258665727199570483e-09 7.571358651148329955e-08 2.380613523200736381e-06 4.369861562736332417e-05 4.721804871223866940e-04 3.008341882377862930e-03 1.128512248396873474e-02 2.496091462671756744e-02 3.250670805573463440e-02
2.476799115538597107e-02 1.119791530072689056e-02 2.985101426020264626e-03 4.685326712206006050e-04 4.336080019129440188e-05 2.362451823501032777e-06 7.501972731915884651e-08 5.520492396549059322e-10 -2.751215089080716325e-10 6.085046067028088146e-08 4.238046585669508204e-06 1.719337742542847991e-04 4.109214525669813156e-03 5.786632373929023743e-02 4.801276624202728271e-01 2.347223997116088867e+00 6.761150360107421875e+00 1.147503471374511719e+01 1.147503471374511719e+01 6.761158466339111328e+00 2.347228050231933594e+00 4.801276028156280518e-01 5.786626413464546204e-02 4.109233617782592773e-03 1.719338033581152558e-04 4.237944267515558749e-06 6.088512094493125915e-08 1.216193812325627732e-09 7.510996624660037924e-08 2.362182158321957104e-06 4.336084748501889408e-05 4.685304593294858932e-04 2.985087921842932701e-03 1.119788456708192825e-02 2.476796507835388184e-02 3.225542977452278137e-02
2.458078786730766296e-02 1.111327391117811203e-02 2.962540369480848312e-03 4.649915208574384451e-04 4.303301466279663146e-05 2.344580707358545624e-06 7.448038985558014247e-08 4.267339814845172441e-10 -2.710595081722999566e-10 6.063145718826490338e-08 4.224785698170308024e-06 1.713985984679311514e-04 4.096425604075193405e-03 5.768623203039169312e-02 4.786336123943328857e-01 2.339920997619628906e+00 6.740108489990234375e+00 1.143932723999023438e+01 1.143932723999023438e+01 6.740117549896240234e+00 2.339925765991210938e+00 4.786335825920104980e-01 5.768616870045661926e-02 4.096444230526685715e-03 1.713986857794225216e-04 4.224704298394499347e-06 6.071968527976423502e-08 1.125784354627512585e-09 7.454833905740088085e-08 2.344333097425987944e-06 4.303301466279663146e-05 4.649890761356800795e-04 2.962527098134160042e-03 1.111324224621057510e-02 2.458075247704982758e-02 3.201163932681083679e-02
2.439946867525577545e-02 1.103130169212818146e-02 2.940686419606208801e-03 4.615612560883164406e-04 4.271554644219577312e-05 2.327307356608798727e-06 7.397719770096955472e-08 5.478174025519422230e-10 -1.846198194321857500e-10 6.053355861013187678e-08 4.212916337564820424e-06 1.709171338006854057e-04 4.084917716681957245e-03 5.752416700124740601e-02 4.772887825965881348e-01 2.333346843719482422e+00 6.721172809600830078e+00 1.140719223022460938e+01 1.140719223022460938e+01 6.721182346343994141e+00 2.333351135253906250e+00 4.772887229919433594e-01 5.752409249544143677e-02 4.084935411810874939e-03 1.709172211121767759e-04 4.212847670714836568e-06 6.061321045081058401e-08 1.177305697375174987e-09 7.403851753906565136e-08 2.327110223632189445e-06 4.271561556379310787e-05 4.615591315086930990e-04 2.940672915428876877e-03 1.103126909583806992e-02 2.439944446086883545e-02 3.177549317479133606e-02
2.423765882849693298e-02 1.095814444124698639e-02 2.921187784522771835e-03 4.585007554851472378e-04 4.243230796419084072e-05 2.311895514139905572e-06 7.351335540306536132e-08 5.522765578191979330e-10 -1.482160089105732936e-10 6.037933530933514703e-08 4.202304353384533897e-06 1.704837195575237274e-04 4.074558615684509277e-03 5.737829580903053284e-02 4.760785996913909912e-01 2.327429294586181641e+00 6.704135894775390625e+00 1.137826061248779297e+01 1.137826061248779297e+01 6.704143524169921875e+00 2.327433824539184570e+00 4.760785400867462158e-01 5.737822875380516052e-02 4.074578639119863510e-03 1.704838941805064678e-04 4.202128366159740835e-06 6.051963197251097881e-08 1.163211305055256162e-09 7.355487241511582397e-08 2.311730895598884672e-06 4.243248622515238822e-05 4.584986309055238962e-04 2.921173349022865295e-03 1.095811650156974792e-02 2.423763461410999298e-02 3.156478703022003174e-02
2.410309016704559326e-02 1.089729554951190948e-02 2.904967637732625008e-03 4.559548688121140003e-04 4.219663242110982537e-05 2.299026846230844967e-06 7.312063843301075394e-08 7.166848781103851707e-10 -1.651234843302873401e-10 6.017435794092307333e-08 4.192623691778862849e-06 1.700936554698273540e-04 4.065233748406171799e-03 5.724703148007392883e-02 4.749895632266998291e-01 2.322104930877685547e+00 6.688788414001464844e+00 1.135222911834716797e+01 1.135222911834716797e+01 6.688796997070312500e+00 2.322109222412109375e+00 4.749895334243774414e-01 5.724697560071945190e-02 4.065252374857664108e-03 1.700937864370644093e-04 4.192523192614316940e-06 6.033221922052689479e-08 1.134699445515252592e-09 7.313141026088487706e-08 2.298884055562666617e-06 4.219683614792302251e-05 4.559525114018470049e-04 2.904954366385936737e-03 1.089726667851209641e-02 2.410306222736835480e-02 3.138951212167739868e-02
2.399608492851257324e-02 1.084892172366380692e-02 2.892069984227418900e-03 4.539305809885263443e-04 4.200932744424790144e-05 2.288830273755593225e-06 7.286501357839370030e-08 7.973903204394616751e-10 -1.637828622724768479e-10 6.005606678627373185e-08 4.183972123428247869e-06 1.697427069302648306e-04 4.056847188621759415e-03 5.712889507412910461e-02 4.740089476108551025e-01 2.317312955856323242e+00 6.674987316131591797e+00 1.132879829406738281e+01 1.132879829406738281e+01 6.674996376037597656e+00 2.317317485809326172e+00 4.740089476108551025e-01 5.712884292006492615e-02 4.056866746395826340e-03 1.697427069302648306e-04 4.183844339422648773e-06 6.020262333095161011e-08 1.151759243533945209e-09 7.283549052772286814e-08 2.288711584697011858e-06 4.200945841148495674e-05 4.539284564089030027e-04 2.892056480050086975e-03 1.084889378398656845e-02 2.399605885148048401e-02 3.125017881393432617e-02
2.391240000724792480e-02 1.081108581274747849e-02 2.881983527913689613e-03 4.523476818576455116e-04 4.186281512374989688e-05 2.280882881677825935e-06 7.259193779418637860e-08 8.131103568231878853e-10 -1.377412350844764433e-10 6.001573638059198856e-08 4.176262336841318756e-06 1.694268285064026713e-04 4.049295559525489807e-03 5.702254921197891235e-02 4.731267690658569336e-01 2.312998771667480469e+00 6.662564277648925781e+00 1.130771827697753906e+01 1.130771827697753906e+01 6.662572860717773438e+00 2.313002347946166992e+00 4.731267690658569336e-01 5.702249705791473389e-02 4.049314185976982117e-03 1.694268430583178997e-04 4.176100901531754062e-06 6.007174846445195726e-08 1.241025948672813684e-09 7.259529866132652387e-08 2.280710987179190852e-06 4.186296064290218055e-05 4.523452662397176027e-04 2.881970489397644997e-03 1.081105694174766541e-02 2.391237206757068634e-02 3.114118985831737518e-02
2.384586632251739502e-02 1.078100781887769699e-02 2.873964374884963036e-03 4.510891158133745193e-04 4.174638525000773370e-05 2.274551206937758252e-06 7.233781929016913637e-08 7.672398272262626051e-10 -1.888093570379112407e-10 5.997957686076915707e-08 4.169381554675055668e-06 1.691425277385860682e-04 4.042500630021095276e-03 5.692686513066291809e-02 4.723329544067382812e-01 2.309118747711181641e+00 6.651385307312011719e+00 1.128874492645263672e+01 1.128874492645263672e+01 6.651393413543701172e+00 2.309123277664184570e+00 4.723329246044158936e-01 5.692680552601814270e-02 4.042519722133874893e-03 1.691425859462469816e-04 4.169115527474787086e-06 6.000687591267706011e-08 1.283813277908052441e-09 7.238331534153985558e-08 2.274384314659982920e-06 4.174645437160506845e-05 4.510868166107684374e-04 2.873951569199562073e-03 1.078098081052303314e-02 2.384584955871105194e-02 3.105454519391059875e-02
2.379057556390762329e-02 1.075600925832986832e-02 2.867301693186163902e-03 4.500433278735727072e-04 4.164960409980267286e-05 2.269288415845949203e-06 7.217763453581937938e-08 7.704528681706790394e-10 -1.851005321240606349e-10 5.994697716005248367e-08 4.163055564276874065e-06 1.688865595497190952e-04 4.036386962980031967e-03 5.684076994657516479e-02 4.716181457042694092e-01 2.305624961853027344e+00 6.641325473785400391e+00 1.127166080474853516e+01 1.127166080474853516e+01 6.641332626342773438e+00 2.305629491806030273e+00 4.716181159019470215e-01 5.684071406722068787e-02 4.036406520754098892e-03 1.688866177573800087e-04 4.162777258898131549e-06 5.996499652383135981e-08 1.275169303482925898e-09 7.224308262721024221e-08 2.269073092975304462e-06 4.164965503150597215e-05 4.500407958403229713e-04 2.867288421839475632e-03 1.075598038733005524e-02 2.379054948687553406e-02 3.098252415657043457e-02
2.374265156686306000e-02 1.073433645069599152e-02 2.861525630578398705e-03 4.491363069973886013e-04 4.156569048063829541e-05 2.264745262436917983e-06 7.206057262010290287e-08 7.402311541504502657e-10 -1.569266938616920015e-10 5.991766016677502193e-08 4.157360763201722875e-06 1.686562900431454182e-04 4.030882380902767181e-03 5.676323547959327698e-02 4.709751307964324951e-01 2.302481651306152344e+00 6.632261753082275391e+00 1.125629425048828125e+01 1.125629425048828125e+01 6.632269859313964844e+00 2.302485227584838867e+00 4.709751307964324951e-01 5.676316842436790466e-02 4.030900076031684875e-03 1.686563482508063316e-04 4.157127023063367233e-06 5.995608631792492815e-08 1.213874556427185780e-09 7.211699681874961243e-08 2.264538352392264642e-06 4.156576687819324434e-05 4.491340660024434328e-04 2.861513756215572357e-03 1.073430851101875305e-02 2.374262735247612000e-02 3.092012554407119751e-02
2.369983308017253876e-02 1.071498636156320572e-02 2.856367034837603569e-03 4.483266966417431831e-04 4.149071901338174939e-05 2.260636847495334223e-06 7.191244577597899479e-08 8.227213355027629405e-10 -1.729628384961046095e-10 5.982497697232247447e-08 4.152306701143970713e-06 1.684489834588021040e-04 4.025927744805812836e-03 5.669348314404487610e-02 4.703966379165649414e-01 2.299650430679321289e+00 6.624116897583007812e+00 1.124245834350585938e+01 1.124245834350585938e+01 6.624124526977539062e+00 2.299655199050903320e+00 4.703966379165649414e-01 5.669341608881950378e-02 4.025946836918592453e-03 1.684490562183782458e-04 4.152050678385421634e-06 5.985973672295585857e-08 1.177189234979891808e-09 7.193749240741453832e-08 2.260394012409960851e-06 4.149084270466119051e-05 4.483243683353066444e-04 2.856353064998984337e-03 1.071496121585369110e-02 2.369980700314044952e-02 3.086437657475471497e-02
2.365708723664283752e-02 1.069566514343023300e-02 2.851212397217750549e-03 4.475178720895200968e-04 4.141578756389208138e-05 2.256574816783540882e-06 7.184341654919990106e-08 8.172820198382169110e-10 -1.791169434994799303e-10 5.977471317919480498e-08 4.147756499151000753e-06 1.682624715613201261e-04 4.021470900624990463e-03 5.663067847490310669e-02 4.698752462863922119e-01 2.297104597091674805e+00 6.616782188415527344e+00 1.123001575469970703e+01 1.123001575469970703e+01 6.616789817810058594e+00 2.297109603881835938e+00 4.698751568794250488e-01 5.663062632083892822e-02 4.021488595753908157e-03 1.682626025285571814e-04 4.147483650740468875e-06 5.983866202541321400e-08 1.150826212104050228e-09 7.180695860142805032e-08 2.256312200188403949e-06 4.141601311857812107e-05 4.475155728869140148e-04 2.851200290024280548e-03 1.069563440978527069e-02 2.365705929696559906e-02 3.080869652330875397e-02
2.360898815095424652e-02 1.067391782999038696e-02 2.845416311174631119e-03 4.466080863494426012e-04 4.133159745833836496e-05 2.251972091471543536e-06 7.164034343531966442e-08 8.196307521579626609e-10 -1.598206289532555502e-10 5.979575945502801915e-08 4.143657861277461052e-06 1.680945861153304577e-04 4.017455503344535828e-03 5.657416582107543945e-02 4.694062769412994385e-01 2.294810533523559570e+00 6.610178470611572266e+00 1.121880531311035156e+01 1.121880531311035156e+01 6.610185623168945312e+00 2.294814586639404297e+00 4.694062173366546631e-01 5.657410249114036560e-02 4.017473664134740829e-03 1.680946443229913712e-04 4.143325440963963047e-06 5.983459061553730862e-08 1.193029453006033691e-09 7.169722948674461804e-08 2.251713340228889138e-06 4.133180846110917628e-05 4.466056998353451490e-04 2.845403971150517464e-03 1.067389268428087234e-02 2.360896579921245575e-02 3.074607253074645996e-02
2.355436235666275024e-02 1.064921356737613678e-02 2.838831627741456032e-03 4.455745220184326172e-04 4.123592225369066000e-05 2.246756821477902122e-06 7.145722236145957140e-08 7.358552100988902112e-10 -2.335161786160000474e-10 5.974837335998017807e-08 4.139905286137945950e-06 1.679434062680229545e-04 4.013842437416315079e-03 5.652330443263053894e-02 4.689843654632568359e-01 2.292748451232910156e+00 6.604232788085937500e+00 1.120871353149414062e+01 1.120871353149414062e+01 6.604239940643310547e+00 2.292753219604492188e+00 4.689843356609344482e-01 5.652324110269546509e-02 4.013860132545232773e-03 1.679434353718534112e-04 4.139623342780396342e-06 5.975870465135812992e-08 1.113787728712622993e-09 7.147081504399466212e-08 2.246505573566537350e-06 4.123612598050385714e-05 4.455723392311483622e-04 2.838818589225411415e-03 1.064918283373117447e-02 2.355433814227581024e-02 3.067490458488464355e-02
2.349408343434333801e-02 1.062195748090744019e-02 2.831567777320742607e-03 4.444342048373073339e-04 4.113043178222142160e-05 2.241016318293986842e-06 7.127255940986287897e-08 7.732502416146758151e-10 -2.087797296157489768e-10 5.967270055862172740e-08 4.136598818149650469e-06 1.678075641393661499e-04 4.010589793324470520e-03 5.647755414247512817e-02 4.686045646667480469e-01 2.290892839431762695e+00 6.598886489868164062e+00 1.119963836669921875e+01 1.119963836669921875e+01 6.598895072937011719e+00 2.290897130966186523e+00 4.686045050621032715e-01 5.647748708724975586e-02 4.010607022792100906e-03 1.678074913797900081e-04 4.136197730986168608e-06 5.970691319134857622e-08 1.089625056849286011e-09 7.129020218599180225e-08 2.240750973214744590e-06 4.113067552680149674e-05 4.444318765308707952e-04 2.831554040312767029e-03 1.062193047255277634e-02 2.349406108260154724e-02 3.059640899300575256e-02
2.342957258224487305e-02 1.059279870241880417e-02 2.823792863637208939e-03 4.432139394339174032e-04 4.101757076568901539e-05 2.234942257928196341e-06 7.115891520470540854e-08 7.748284236441804751e-10 -1.865171350701189112e-10 5.963757132576574804e-08 4.133550191909307614e-06 1.676850806688889861e-04 4.007665440440177917e-03 5.643633380532264709e-02 4.682628214359283447e-01 2.289220571517944336e+00 6.594073772430419922e+00 1.119146347045898438e+01 1.119146251678466797e+01 6.594083309173583984e+00 2.289224863052368164e+00 4.682627618312835693e-01 5.643627047538757324e-02 4.007685929536819458e-03 1.676851243246346712e-04 4.133214588364353403e-06 5.972592020953015890e-08 1.117252179660965794e-09 7.112550548526996863e-08 2.234607563877943903e-06 4.101778540643863380e-05 4.432116693351417780e-04 2.823779592290520668e-03 1.059276890009641647e-02 2.342954836785793304e-02 3.051239810883998871e-02
2.336361631751060486e-02 1.056297589093446732e-02 2.815844025462865829e-03 4.419662873260676861e-04 4.090206493856385350e-05 2.228541916338144802e-06 7.094726584000454750e-08 6.996723755925415844e-10 -1.995941745214224738e-10 5.960610849342629081e-08 4.130875367991393432e-06 1.675749954301863909e-04 4.005030728876590729e-03 5.639924854040145874e-02 4.679552018642425537e-01 2.287715435028076172e+00 6.589736461639404297e+00 1.118411350250244141e+01 1.118411350250244141e+01 6.589745521545410156e+00 2.287720441818237305e+00 4.679552018642425537e-01 5.639918893575668335e-02 4.005049820989370346e-03 1.675748790148645639e-04 4.130547040404053405e-06 5.973482331000923296e-08 1.078107603191824637e-09 7.087040643227737746e-08 2.228273842774797231e-06 4.090230504516512156e-05 4.419642209541052580e-04 2.815831918269395828e-03 1.056294981390237808e-02 2.336359396576881409e-02 3.042650595307350159e-02
2.330766059458255768e-02 1.053768396377563477e-02 2.809100784361362457e-03 4.409079847391694784e-04 4.080420694663189352e-05 2.223246383437071927e-06 7.077542107936096727e-08 6.682499553711807039e-10 -2.279203353827696787e-10 5.954459680879153893e-08 4.128464752284344286e-06 1.674758095759898424e-04 4.002662841230630875e-03 5.636586248874664307e-02 4.676780700683593750e-01 2.286362648010253906e+00 6.585838317871093750e+00 1.117749500274658203e+01 1.117749500274658203e+01 6.585846424102783203e+00 2.286366939544677734e+00 4.676780104637145996e-01 5.636578798294067383e-02 4.002680536359548569e-03 1.674756204010918736e-04 4.128088221477810293e-06 5.967487481939315330e-08 1.065197485772273467e-09 7.070412522125479882e-08 2.222969669674057513e-06 4.080437429365701973e-05 4.409058019518852234e-04 2.809088211506605148e-03 1.053765788674354553e-02 2.330763824284076691e-02 3.035365603864192963e-02
2.327161282300949097e-02 1.052138302475214005e-02 2.804755931720137596e-03 4.402258782647550106e-04 4.074117168784141541e-05 2.219875796072301455e-06 7.079398756104637869e-08 7.341375840574926315e-10 -1.209593258888475020e-10 5.952237458473064180e-08 4.126169642404420301e-06 1.673864171607419848e-04 4.000530112534761429e-03 5.633584037423133850e-02 4.674292504787445068e-01 2.285141468048095703e+00 6.582331180572509766e+00 1.117154502868652344e+01 1.117154502868652344e+01 6.582338809967041016e+00 2.285145759582519531e+00 4.674292802810668945e-01 5.633578076958656311e-02 4.000549670308828354e-03 1.673864171607419848e-04 4.125890882278326899e-06 5.963534732700281893e-08 1.103249047673671157e-09 7.070872243275516666e-08 2.219668658653972670e-06 4.074138996656984091e-05 4.402238118927925825e-04 2.804743126034736633e-03 1.052135415375232697e-02 2.327159233391284943e-02 3.030668199062347412e-02
2.325806580483913422e-02 1.051525678485631943e-02 2.803123556077480316e-03 4.399697936605662107e-04 4.071745570399798453e-05 2.218596819147933275e-06 7.072467411717298091e-08 8.927774630684837120e-10 -9.919989829576536522e-11 5.956864157496966072e-08 4.124295173824066296e-06 1.673062215559184551e-04 3.998607862740755081e-03 5.630879476666450500e-02 4.672046601772308350e-01 2.284046888351440430e+00 6.579170227050781250e+00 1.116617965698242188e+01 1.116617870330810547e+01 6.579177856445312500e+00 2.284051656723022461e+00 4.672046601772308350e-01 5.630873888731002808e-02 3.998625092208385468e-03 1.673060760367661715e-04 4.123945018363883719e-06 5.962626659083980485e-08 1.109846770042111075e-09 7.067602325605548685e-08 2.218391273345332593e-06 4.071762668900191784e-05 4.399676399771124125e-04 2.803110284730792046e-03 1.051522791385650635e-02 2.325804159045219421e-02 3.028904460370540619e-02
2.326632663607597351e-02 1.051898766309022903e-02 2.804115181788802147e-03 4.401258192956447601e-04 4.073186210007406771e-05 2.219356247223913670e-06 7.074730490330694010e-08 8.099657611282395919e-10 -9.617364543634820961e-11 5.957708637538416951e-08 4.122548034501960501e-06 1.672338839853182435e-04 3.996880259364843369e-03 5.628445371985435486e-02 4.670026600360870361e-01 2.283059597015380859e+00 6.576329231262207031e+00 1.116134166717529297e+01 1.116134166717529297e+01 6.576338291168212891e+00 2.283063650131225586e+00 4.670026600360870361e-01 5.628438666462898254e-02 3.996899817138910294e-03 1.672338985372334719e-04 4.122150130569934845e-06 5.961195626014159643e-08 1.194430221396203251e-09 7.070817531484863139e-08 2.219183443230576813e-06 4.073202580912038684e-05 4.401235783006995916e-04 2.804103773087263107e-03 1.051896158605813980e-02 2.326629869639873505e-02 3.029979579150676727e-02
2.329599298536777496e-02 1.053240243345499039e-02 2.807693788781762123e-03 4.406869120430201292e-04 4.078385609318502247e-05 2.222185685241129249e-06 7.084533137913240353e-08 7.851062577834966305e-10 -1.100067467674215038e-10 5.948537662447961338e-08 4.120974608667893335e-06 1.671687787165865302e-04 3.995328675955533981e-03 5.626254528760910034e-02 4.668210744857788086e-01 2.282173156738281250e+00 6.573769569396972656e+00 1.115701103210449219e+01 1.115701103210449219e+01 6.573777675628662109e+00 2.282177686691284180e+00 4.668209850788116455e-01 5.626248568296432495e-02 3.995346836745738983e-03 1.671686623012647033e-04 4.120508037885883823e-06 5.954782977823924739e-08 1.142834493705890964e-09 7.076144470374856610e-08 2.221989234385546297e-06 4.078403071616776288e-05 4.406848165672272444e-04 2.807681681588292122e-03 1.053237542510032654e-02 2.329597249627113342e-02 3.033844195306301117e-02
2.335163578391075134e-02 1.055756211280822754e-02 2.814399078488349915e-03 4.417395684868097305e-04 4.088123023393563926e-05 2.227431650680955499e-06 7.097127507904588128e-08 7.606626439837782527e-10 -1.472916372202703883e-10 5.946905545783920388e-08 4.119552613701671362e-06 1.671101781539618969e-04 3.993926104158163071e-03 5.624286457896232605e-02 4.666576385498046875e-01 2.281373977661132812e+00 6.571464538574218750e+00 1.115310096740722656e+01 1.115310096740722656e+01 6.571474552154541016e+00 2.281378269195556641e+00 4.666576385498046875e-01 5.624280497431755066e-02 3.993944264948368073e-03 1.671100617386400700e-04 4.119130608160048723e-06 5.952696113808997325e-08 1.193521059761337710e-09 7.092411635767348344e-08 2.227238610430504195e-06 4.088147034053690732e-05 4.417374439071863890e-04 2.814386971294879913e-03 1.055753137916326523e-02 2.335161156952381134e-02 3.041090816259384155e-02
2.343463152647018433e-02 1.059508416801691055e-02 2.824401948601007462e-03 4.433096619322896004e-04 4.102652019355446100e-05 2.235366309832897969e-06 7.124938861124974210e-08 7.531506529545595185e-10 -1.146208614133392700e-10 5.955370951937766222e-08 4.118269771424820647e-06 1.670576166361570358e-04 3.992667421698570251e-03 5.622510612010955811e-02 4.665102660655975342e-01 2.280653953552246094e+00 6.569394111633300781e+00 1.114957523345947266e+01 1.114957523345947266e+01 6.569403648376464844e+00 2.280658006668090820e+00 4.665102362632751465e-01 5.622505024075508118e-02 3.992685582488775253e-03 1.670575147727504373e-04 4.117895514355041087e-06 5.951501336198816716e-08 1.188141918184726364e-09 7.123619383264667704e-08 2.235226702396175824e-06 4.102678576600737870e-05 4.433075082488358021e-04 2.824390074238181114e-03 1.059505622833967209e-02 2.343460731208324432e-02 3.051899559795856476e-02
2.354645542800426483e-02 1.064563263207674026e-02 2.837880048900842667e-03 4.454251029528677464e-04 4.122221798752434552e-05 2.246022859253571369e-06 7.144527813807144412e-08 6.573963595712939423e-10 -1.845579383763507053e-10 5.946433745407375682e-08 4.117262960789958015e-06 1.670103229116648436e-04 3.991534467786550522e-03 5.620916560292243958e-02 4.663782119750976562e-01 2.280005693435668945e+00 6.567528247833251953e+00 1.114641761779785156e+01 1.114641761779785156e+01 6.567535400390625000e+00 2.280009508132934570e+00 4.663781821727752686e-01 5.620909109711647034e-02 3.991552628576755524e-03 1.670101628405973315e-04 4.116756372241070494e-06 5.956869131296116393e-08 1.198529275825421792e-09 7.146238090172118973e-08 2.245794803457101807e-06 4.122246173210442066e-05 4.454229783732444048e-04 2.837867010384798050e-03 1.064560469239950180e-02 2.354642748832702637e-02 3.066462278366088867e-02
2.368578687310218811e-02 1.070863939821720123e-02 2.854672493413090706e-03 4.480608622543513775e-04 4.146606079302728176e-05 2.259269422211218625e-06 7.185227701711482950e-08 7.243692312641769604e-10 -1.647173231145160344e-10 5.945013725749959121e-08 4.116078798688249663e-06 1.669675111770629883e-04 3.990516997873783112e-03 5.619480833411216736e-02 4.662588238716125488e-01 2.279422521591186523e+00 6.565849781036376953e+00 1.114356803894042969e+01 1.114356803894042969e+01 6.565858840942382812e+00 2.279426574707031250e+00 4.662588238716125488e-01 5.619474127888679504e-02 3.990535158663988113e-03 1.669675693847239017e-04 4.115680440008873120e-06 5.952988857416130486e-08 1.289338302790099533e-09 7.194027062951136031e-08 2.259071834487258457e-06 4.146631181356497109e-05 4.480586794670671225e-04 2.854659454897046089e-03 1.070860959589481354e-02 2.368576079607009888e-02 3.084607981145381927e-02
2.384800836443901062e-02 1.078197732567787170e-02 2.874223049730062485e-03 4.511292790994048119e-04 4.175000503892078996e-05 2.274691496495506726e-06 7.226791609582505771e-08 6.780604411282808996e-10 -1.551391654031064604e-10 5.940425396033788275e-08 4.115084720979211852e-06 1.669291814323514700e-04 3.989599179476499557e-03 5.618188902735710144e-02 4.661515951156616211e-01 2.278899431228637695e+00 6.564337253570556641e+00 1.114101696014404297e+01 1.114101696014404297e+01 6.564346790313720703e+00 2.278903484344482422e+00 4.661515951156616211e-01 5.618182569742202759e-02 3.989619668573141098e-03 1.669290504651144147e-04 4.114689545531291515e-06 5.945027581333306443e-08 1.256652892855925074e-09 7.244160826758161420e-08 2.274561893500504084e-06 4.175027424935251474e-05 4.511274164542555809e-04 2.874210011214017868e-03 1.078194566071033478e-02 2.384797669947147369e-02 3.105733357369899750e-02
2.402308769524097443e-02 1.086113229393959045e-02 2.895324258133769035e-03 4.544411494862288237e-04 4.205645018373616040e-05 2.291300688739283942e-06 7.284897662884759484e-08 6.932956986283045353e-10 -9.684807816823237658e-11 5.942916203593995306e-08 4.114122930332086980e-06 1.668946497375145555e-04 3.988775424659252167e-03 5.617021769285202026e-02 4.660552442073822021e-01 2.278428316116333008e+00 6.562982559204101562e+00 1.113869571685791016e+01 1.113869476318359375e+01 6.562992095947265625e+00 2.278432607650756836e+00 4.660551846027374268e-01 5.617015808820724487e-02 3.988792654126882553e-03 1.668946642894297838e-04 4.113857357879169285e-06 5.948408343670053000e-08 1.301009189269564104e-09 7.298017834500569734e-08 2.291247483299230225e-06 4.205674122204072773e-05 4.544390831142663956e-04 2.895311452448368073e-03 1.086110342293977737e-02 2.402306348085403442e-02 3.128534182906150818e-02
2.419540286064147949e-02 1.093904115259647369e-02 2.916092285886406898e-03 4.577009822241961956e-04 4.235816959408111870e-05 2.307800059497822076e-06 7.337749963198803016e-08 6.987294076665762077e-10 -6.094307697379619526e-11 5.938541391969920369e-08 4.113392606086563319e-06 1.668635668465867639e-04 3.988029435276985168e-03 5.615980178117752075e-02 4.659682214260101318e-01 2.278004407882690430e+00 6.561758518218994141e+00 1.113663196563720703e+01 1.113663196563720703e+01 6.561768531799316406e+00 2.278008699417114258e+00 4.659681618213653564e-01 5.615973100066184998e-02 3.988047130405902863e-03 1.668633631197735667e-04 4.113131581107154489e-06 5.945834047338394157e-08 1.295856200123068902e-09 7.356335629538079957e-08 2.307694785486091860e-06 4.235848973621614277e-05 4.576989158522337675e-04 2.916078548878431320e-03 1.093901414424180984e-02 2.419538050889968872e-02 3.150974586606025696e-02
2.435317821800708771e-02 1.101037021726369858e-02 2.935106633231043816e-03 4.606853472068905830e-04 4.263440132490359247e-05 2.322958152944920585e-06 7.386492484329210129e-08 6.932716622998214007e-10 1.276341272254954973e-11 5.934600366686026973e-08 4.112737315153935924e-06 1.668356999289244413e-04 3.987357020378112793e-03 5.615038052201271057e-02 4.658901989459991455e-01 2.277621269226074219e+00 6.560660839080810547e+00 1.113476181030273438e+01 1.113476085662841797e+01 6.560670375823974609e+00 2.277625560760498047e+00 4.658901989459991455e-01 5.615032464265823364e-02 3.987376112490892410e-03 1.668355544097721577e-04 4.112505848752334714e-06 5.949465275989496149e-08 1.321083464844718947e-09 7.405456159403911442e-08 2.322802629350917414e-06 4.263473965693265200e-05 4.606832808349281549e-04 2.935093594714999199e-03 1.101034134626388550e-02 2.435314655303955078e-02 3.171520680189132690e-02
2.448836527764797211e-02 1.107148919254541397e-02 2.951400587335228920e-03 4.632427298929542303e-04 4.287112460588105023e-05 2.335889803362078965e-06 7.432667814555315999e-08 7.711439820035081993e-10 -6.991202755601833019e-11 5.924430368509092659e-08 4.112007445655763149e-06 1.668104232521727681e-04 3.986760042607784271e-03 5.614192783832550049e-02 4.658199250698089600e-01 2.277276754379272461e+00 6.559670925140380859e+00 1.113308429718017578e+01 1.113308429718017578e+01 6.559679031372070312e+00 2.277280807495117188e+00 4.658198654651641846e-01 5.614184960722923279e-02 3.986777737736701965e-03 1.668102486291900277e-04 4.111777343496214598e-06 5.942320058238692582e-08 1.296793339378154997e-09 7.443664173933939310e-08 2.335755880267242901e-06 4.287145566195249557e-05 4.632405762095004320e-04 2.951386151835322380e-03 1.107145845890045166e-02 2.448833920061588287e-02 3.189125657081604004e-02
2.460257336497306824e-02 1.112312730401754379e-02 2.965166000649333000e-03 4.654032527469098568e-04 4.307101698941551149e-05 2.346726205360027961e-06 7.462730877705325838e-08 8.091501357831987207e-10 -8.637113246834360325e-11 5.931833513272977143e-08 4.111422640562523156e-06 1.667878677835687995e-04 3.986216150224208832e-03 5.613431707024574280e-02 4.657565951347351074e-01 2.276968002319335938e+00 6.558781147003173828e+00 1.113156509399414062e+01 1.113156509399414062e+01 6.558787345886230469e+00 2.276971817016601562e+00 4.657565951347351074e-01 5.613425001502037048e-02 3.986234776675701141e-03 1.667876204010099173e-04 4.111206635570852086e-06 5.944388092871122353e-08 1.449372066808507498e-09 7.478278973849228350e-08 2.346625024074455723e-06 4.307136987335979939e-05 4.654014192055910826e-04 2.965152263641357422e-03 1.112310029566287994e-02 2.460254915058612823e-02 3.204000741243362427e-02
2.469937689602375031e-02 1.116688828915357590e-02 2.976833377033472061e-03 4.672344075515866280e-04 4.324052133597433567e-05 2.355985316171427257e-06 7.490415754318746622e-08 8.226599401695011693e-10 -1.508547869955023657e-10 5.921938850406149868e-08 4.110833742743125185e-06 1.667671604081988335e-04 3.985727205872535706e-03 5.612745508551597595e-02 4.656997323036193848e-01 2.276689291000366211e+00 6.557975769042968750e+00 1.113021087646484375e+01 1.113021087646484375e+01 6.557982444763183594e+00 2.276693105697631836e+00 4.656996726989746094e-01 5.612739548087120056e-02 3.985745832324028015e-03 1.667671022005379200e-04 4.110595455131260678e-06 5.939686786859965650e-08 1.387873704850051126e-09 7.504530685764621012e-08 2.355843207624275237e-06 4.324088149587623775e-05 4.672323702834546566e-04 2.976819872856140137e-03 1.116686034947633743e-02 2.469934336841106415e-02 3.216607123613357544e-02
2.478268742561340332e-02 1.120455935597419739e-02 2.986874198541045189e-03 4.688104090746492147e-04 4.338642611401155591e-05 2.363928160775685683e-06 7.513954614069007221e-08 8.503402426640604972e-10 -1.674978211685385077e-10 5.922969492644369893e-08 4.110421286895871162e-06 1.667488540988415480e-04 3.985288087278604507e-03 5.612123012542724609e-02 4.656485021114349365e-01 2.276439905166625977e+00 6.557257175445556641e+00 1.112898635864257812e+01 1.112898540496826172e+01 6.557264804840087891e+00 2.276444435119628906e+00 4.656484425067901611e-01 5.612116679549217224e-02 3.985306713730096817e-03 1.667487958911806345e-04 4.110160261916462332e-06 5.945837244780705078e-08 1.414279804379248162e-09 7.529642687131854473e-08 2.363814246564288624e-06 4.338676444604061544e-05 4.688084009103477001e-04 2.986861160025000572e-03 1.120453048497438431e-02 2.478265948593616486e-02 3.227457404136657715e-02
2.485342696309089661e-02 1.123654283583164215e-02 2.995399991050362587e-03 4.701486614067107439e-04 4.351018287707120180e-05 2.370640913795796223e-06 7.536306156907812692e-08 8.141997076549500889e-10 -2.487045014376576546e-10 5.917281598044610291e-08 4.109927886020159349e-06 1.667324540903791785e-04 3.984894137829542160e-03 5.611569434404373169e-02 4.656023979187011719e-01 2.276213407516479492e+00 6.556603908538818359e+00 1.112787818908691406e+01 1.112787818908691406e+01 6.556611537933349609e+00 2.276217460632324219e+00 4.656023085117340088e-01 5.611562356352806091e-02 3.984914626926183701e-03 1.667322503635659814e-04 4.109645033167907968e-06 5.932121283080959984e-08 1.307372321512900726e-09 7.541859048387777875e-08 2.370484480707091279e-06 4.351064126240089536e-05 4.701467114500701427e-04 2.995386486873030663e-03 1.123651303350925446e-02 2.485339902341365814e-02 3.236670419573783875e-02
2.490352652966976166e-02 1.125919166952371597e-02 3.001437289640307426e-03 4.710962239187210798e-04 4.359787271823734045e-05 2.375465555815026164e-06 7.545431657263179659e-08 7.858119710490996113e-10 -2.390058984058640590e-10 5.915461187555592915e-08 4.109614110348047689e-06 1.667174510657787323e-04 3.984540700912475586e-03 5.611064285039901733e-02 4.655604362487792969e-01 2.276010274887084961e+00 6.556016921997070312e+00 1.112688732147216797e+01 1.112688732147216797e+01 6.556025505065917969e+00 2.276014566421508789e+00 4.655604362487792969e-01 5.611056834459304810e-02 3.984558396041393280e-03 1.667172618908807635e-04 4.109247129235882312e-06 5.925902968328955467e-08 1.378647196403903763e-09 7.558053027878486319e-08 2.375287749600829557e-06 4.359825834399089217e-05 4.710940411314368248e-04 3.001423319801688194e-03 1.125916000455617905e-02 2.490350417792797089e-02 3.243193402886390686e-02
2.493002265691757202e-02 1.127117127180099487e-02 3.004630329087376595e-03 4.715975082945078611e-04 4.364434789749793708e-05 2.377985765633638948e-06 7.556356962368226959e-08 7.385325129227737762e-10 -2.137205828978139266e-10 5.923756773995592084e-08 4.109268502361373976e-06 1.667040633037686348e-04 3.984218463301658630e-03 5.610613524913787842e-02 4.655230045318603516e-01 2.275828838348388672e+00 6.555492877960205078e+00 1.112598609924316406e+01 1.112598609924316406e+01 6.555501461029052734e+00 2.275832176208496094e+00 4.655229449272155762e-01 5.610607564449310303e-02 3.984238021075725555e-03 1.667038741288706660e-04 4.109000201424350962e-06 5.924590595896006562e-08 1.384844128260453999e-09 7.567710014200201840e-08 2.377870032432838343e-06 4.364471897133626044e-05 4.715955001302063465e-04 3.004617290571331978e-03 1.127114146947860718e-02 2.492999844253063202e-02 3.246644511818885803e-02
2.493217214941978455e-02 1.127214450389146805e-02 3.004889702424407005e-03 4.716383991762995720e-04 4.364808410173282027e-05 2.378290673732408322e-06 7.563085091533139348e-08 7.435815296830128318e-10 -1.578497471621531645e-10 5.924609780549872085e-08 4.109025212528649718e-06 1.666920288698747754e-04 3.983928821980953217e-03 5.610207095742225647e-02 4.654895365238189697e-01 2.275663614273071289e+00 6.555015087127685547e+00 1.112518787384033203e+01 1.112518787384033203e+01 6.555023193359375000e+00 2.275667428970336914e+00 4.654895365238189697e-01 5.610200762748718262e-02 3.983950242400169373e-03 1.666917669354006648e-04 4.108740995434345677e-06 5.929384272462812078e-08 1.410819683300701399e-09 7.570029225689722807e-08 2.378091949140070938e-06 4.364839696791023016e-05 4.716360126622021198e-04 3.004876431077718735e-03 1.127211656421422958e-02 2.493214607238769531e-02 3.246924653649330139e-02
2.491094358265399933e-02 1.126254629343748093e-02 3.002332057803869247e-03 4.712369118351489305e-04 4.361093670013360679e-05 2.376231122980243526e-06 7.557059689133893698e-08 7.439867055758497827e-10 -1.655153514246165969e-10 5.922057866314389685e-08 4.108798293600557372e-06 1.666810421738773584e-04 3.983670379966497421e-03 5.609840154647827148e-02 4.654590487480163574e-01 2.275514125823974609e+00 6.554587364196777344e+00 1.112445545196533203e+01 1.112445545196533203e+01 6.554594516754150391e+00 2.275518417358398438e+00 4.654590189456939697e-01 5.609833076596260071e-02 3.983689472079277039e-03 1.666808384470641613e-04 4.108481334696989506e-06 5.922159118654235499e-08 1.370783708765088704e-09 7.563906478935678024e-08 2.376053998887073249e-06 4.361120954854413867e-05 4.712343506980687380e-04 3.002318553626537323e-03 1.126251742243766785e-02 2.491091564297676086e-02 3.244160860776901245e-02
2.486855722963809967e-02 1.124337874352931976e-02 2.997222589328885078e-03 4.704350139945745468e-04 4.353665281087160110e-05 2.372187509536161087e-06 7.545273916775840917e-08 6.491495119220758170e-10 -1.641357882942173774e-10 5.919763523820620321e-08 4.108595931029412895e-06 1.666712341830134392e-04 3.983435221016407013e-03 5.609511956572532654e-02 4.654319882392883301e-01 2.275381326675415039e+00 6.554204463958740234e+00 1.112380695343017578e+01 1.112380695343017578e+01 6.554212570190429688e+00 2.275385379791259766e+00 4.654319286346435547e-01 5.609505996108055115e-02 3.983452916145324707e-03 1.666711032157763839e-04 4.108221219212282449e-06 5.915661915878445143e-08 1.371410429662489605e-09 7.547141933628154220e-08 2.371939444856252521e-06 4.353686017566360533e-05 4.704325692728161812e-04 2.997209085151553154e-03 1.124334894120693207e-02 2.486853115260601044e-02 3.238638862967491150e-02
2.480804547667503357e-02 1.121602207422256470e-02 2.989929635077714920e-03 4.692903894465416670e-04 4.343079854152165353e-05 2.366387434449279681e-06 7.536760193715963396e-08 6.786586848051001652e-10 -1.794512732855579884e-10 5.924321655470521364e-08 4.108415851078461856e-06 1.666625321377068758e-04 3.983227536082267761e-03 5.609215795993804932e-02 4.654073715209960938e-01 2.275260686874389648e+00 6.553856372833251953e+00 1.112321567535400391e+01 1.112321567535400391e+01 6.553865909576416016e+00 2.275265216827392578e+00 4.654073119163513184e-01 5.609209835529327393e-02 3.983244299888610840e-03 1.666622993070632219e-04 4.108024768356699497e-06 5.915981660109537188e-08 1.468204890997526491e-09 7.530380941034309217e-08 2.366232138228951953e-06 4.343105320003814995e-05 4.692878283094614744e-04 2.989915665239095688e-03 1.121599320322275162e-02 2.480801939964294434e-02 3.230759501457214355e-02
2.473284676671028137e-02 1.118202880024909973e-02 2.980867400765419006e-03 4.678677651099860668e-04 4.329917283030226827e-05 2.359232667004107498e-06 7.517407141222065547e-08 6.607210334408364361e-10 -2.760190132011786091e-10 5.911867972940854088e-08 4.108125267521245405e-06 1.666544994805008173e-04 3.983039874583482742e-03 5.608951672911643982e-02 4.653851091861724854e-01 2.275153160095214844e+00 6.553548812866210938e+00 1.112268257141113281e+01 1.112268257141113281e+01 6.553556919097900391e+00 2.275157213211059570e+00 4.653850793838500977e-01 5.608946084976196289e-02 3.983058501034975052e-03 1.666544412728399038e-04 4.107779659534571692e-06 5.915007506018810091e-08 1.365214385984359069e-09 7.500666043824821827e-08 2.359009613428497687e-06 4.329939474700950086e-05 4.678652621805667877e-04 2.980853896588087082e-03 1.118199899792671204e-02 2.473282068967819214e-02 3.220966830849647522e-02
2.464647777378559113e-02 1.114297192543745041e-02 2.970456844195723534e-03 4.662339633796364069e-04 4.314791658543981612e-05 2.350974227738333866e-06 7.484104003196989652e-08 6.383680251076384593e-10 -2.470322002512403969e-10 5.910593614544268348e-08 4.107988843315979466e-06 1.666473108343780041e-04 3.982866182923316956e-03 5.608711764216423035e-02 4.653651714324951172e-01 2.275053977966308594e+00 6.553264617919921875e+00 1.112221527099609375e+01 1.112221527099609375e+01 6.553271770477294922e+00 2.275058746337890625e+00 4.653651118278503418e-01 5.608705058693885803e-02 3.982886206358671188e-03 1.666471944190561771e-04 4.107618678972357884e-06 5.920855628005483595e-08 1.349384159965438812e-09 7.475465935158354114e-08 2.350752083657425828e-06 4.314822581363841891e-05 4.662314895540475845e-04 2.970443107187747955e-03 1.114294491708278656e-02 2.464644424617290497e-02 3.209716826677322388e-02
2.455228380858898163e-02 1.110038999468088150e-02 2.959107747301459312e-03 4.644521686714142561e-04 4.298302155802957714e-05 2.342083462281152606e-06 7.457530415422297665e-08 6.803385632636604896e-10 -2.126658155132687966e-10 5.909445377483280026e-08 4.107864697289187461e-06 1.666408788878470659e-04 3.982712514698505402e-03 5.608494207262992859e-02 4.653472304344177246e-01 2.274967432022094727e+00 6.553015232086181641e+00 1.112178897857666016e+01 1.112178897857666016e+01 6.553024291992187500e+00 2.274971485137939453e+00 4.653471708297729492e-01 5.608488246798515320e-02 3.982731606811285019e-03 1.666408643359318376e-04 4.107439053768757731e-06 5.923254420281409693e-08 1.422496120895289096e-09 7.450836392308701761e-08 2.341793333471287042e-06 4.298338171793147922e-05 4.644498985726386309e-04 2.959092846140265465e-03 1.110036391764879227e-02 2.455226145684719086e-02 3.197452425956726074e-02
2.445333451032638550e-02 1.105565112084150314e-02 2.947177970781922340e-03 4.625802685040980577e-04 4.280983557691797614e-05 2.332606982236029580e-06 7.433789050992345437e-08 6.042839562070412285e-10 -1.651790787482454448e-10 5.908411537802749081e-08 4.107763288629939780e-06 1.666351454332470894e-04 3.982576075941324234e-03 5.608299374580383301e-02 4.653310477733612061e-01 2.274888753890991211e+00 6.552785396575927734e+00 1.112140655517578125e+01 1.112140655517578125e+01 6.552795886993408203e+00 2.274893283843994141e+00 4.653310477733612061e-01 5.608294159173965454e-02 3.982594236731529236e-03 1.666351454332470894e-04 4.107315817236667499e-06 5.920384182900306769e-08 1.359684032031793777e-09 7.424079484508183668e-08 2.332315034436760470e-06 4.281009387341327965e-05 4.625777364708483219e-04 2.947164233773946762e-03 1.105562318116426468e-02 2.445331402122974396e-02 3.184564784169197083e-02
2.435220219194889069e-02 1.100992411375045776e-02 2.934989519417285919e-03 4.606672737281769514e-04 4.263280061422847211e-05 2.322967475265613757e-06 7.394352508072188357e-08 6.310361677641651568e-10 -1.803899807306663661e-10 5.907486766432157310e-08 4.107532731723040342e-06 1.666299795033410192e-04 3.982451744377613068e-03 5.608126148581504822e-02 4.653167426586151123e-01 2.274816751480102539e+00 6.552582263946533203e+00 1.112105464935302734e+01 1.112105464935302734e+01 6.552590847015380859e+00 2.274821043014526367e+00 4.653166830539703369e-01 5.608119443058967590e-02 3.982468973845243454e-03 1.666300522629171610e-04 4.107154836674453691e-06 5.914928635775140719e-08 1.338621880009327469e-09 7.399103196803480387e-08 2.322715545233222656e-06 4.263304072082974017e-05 4.606649745255708694e-04 2.934975782409310341e-03 1.100989989936351776e-02 2.435217052698135376e-02 3.171394020318984985e-02
2.425106056034564972e-02 1.096420083194971085e-02 2.922800369560718536e-03 4.587538714986294508e-04 4.245575473760254681e-05 2.313322511326987296e-06 7.360220166674480424e-08 5.226589161466677069e-10 -1.692444517864544196e-10 5.909965850037224300e-08 4.107452696189284325e-06 1.666252646828070283e-04 3.982341848313808441e-03 5.607970058917999268e-02 4.653037786483764648e-01 2.274753332138061523e+00 6.552398204803466797e+00 1.112074565887451172e+01 1.112074565887451172e+01 6.552405834197998047e+00 2.274757862091064453e+00 4.653037786483764648e-01 5.607964098453521729e-02 3.982360940426588058e-03 1.666251773713156581e-04 4.107057975488714874e-06 5.908531619525092538e-08 1.306951324941962866e-09 7.364843668256071396e-08 2.313028517164639197e-06 4.245599848218262196e-05 4.587515140883624554e-04 2.922787331044673920e-03 1.096417196094989777e-02 2.425102889537811279e-02 3.158224001526832581e-02
2.415163256227970123e-02 1.091924961656332016e-02 2.910817973315715790e-03 4.568728618323802948e-04 4.228168836561962962e-05 2.303885594301391393e-06 7.326985951294773258e-08 4.768599404236795181e-10 -1.923271819581628961e-10 5.918808554383758747e-08 4.107392214791616425e-06 1.666212192503735423e-04 3.982238471508026123e-03 5.607825145125389099e-02 4.652919769287109375e-01 2.274698257446289062e+00 6.552235126495361328e+00 1.112046527862548828e+01 1.112046527862548828e+01 6.552243709564208984e+00 2.274702072143554688e+00 4.652919173240661621e-01 5.607818439602851868e-02 3.982257097959518433e-03 1.666210737312212586e-04 4.107038876099977642e-06 5.907075006916784332e-08 1.289677697968727443e-09 7.332548079830303323e-08 2.303563860550639220e-06 4.228193938615731895e-05 4.568704462144523859e-04 2.910804469138383865e-03 1.091922074556350708e-02 2.415161207318305969e-02 3.145275264978408813e-02
2.405522391200065613e-02 1.087566372007131577e-02 2.899196697399020195e-03 4.550492740236222744e-04 4.211288251099176705e-05 2.294671958225080743e-06 7.297099102743231924e-08 4.770323025482525736e-10 -2.379367536331500332e-10 5.913526734957486042e-08 4.107332642888650298e-06 1.666173920966684818e-04 3.982146736234426498e-03 5.607699230313301086e-02 4.652814269065856934e-01 2.274645805358886719e+00 6.552083492279052734e+00 1.112021732330322266e+01 1.112021732330322266e+01 6.552093029022216797e+00 2.274650335311889648e+00 4.652813971042633057e-01 5.607694014906883240e-02 3.982165362685918808e-03 1.666173193370923400e-04 4.106896540179150179e-06 5.904211519691671128e-08 1.263772309023636353e-09 7.299296811424937914e-08 2.294312707817880437e-06 4.211309351376257837e-05 4.550469748210161924e-04 2.899184590205550194e-03 1.087563391774892807e-02 2.405520342290401459e-02 3.132715448737144470e-02
2.396276593208312988e-02 1.083386223763227463e-02 2.888054586946964264e-03 4.533001047093421221e-04 4.195118526695296168e-05 2.285897835463401861e-06 7.277913738334973459e-08 5.020214799422717533e-10 -2.541500898622928162e-10 5.908781375296712213e-08 4.107147560716839507e-06 1.666140015004202724e-04 3.982069902122020721e-03 5.607586726546287537e-02 4.652719497680664062e-01 2.274600267410278320e+00 6.551952838897705078e+00 1.111999416351318359e+01 1.111999416351318359e+01 6.551964282989501953e+00 2.274604320526123047e+00 4.652719199657440186e-01 5.607580393552780151e-02 3.982088994234800339e-03 1.666138268774375319e-04 4.106741471332497895e-06 5.905938849082303932e-08 1.252280501518043820e-09 7.272107183098341920e-08 2.285529944856534712e-06 4.195127985440194607e-05 4.532977472990751266e-04 2.888041781261563301e-03 1.083383150398731232e-02 2.396274544298648834e-02 3.120678476989269257e-02
2.387491986155509949e-02 1.079414319247007370e-02 2.877465682104229927e-03 4.516383341979235411e-04 4.179734969511628151e-05 2.277486373714054935e-06 7.258415735122980550e-08 5.038172101734517128e-10 -2.107935215267531248e-10 5.911127942681559944e-08 4.107112090423470363e-06 1.666107855271548033e-04 3.981993999332189560e-03 5.607484281063079834e-02 4.652635455131530762e-01 2.274559497833251953e+00 6.551835536956787109e+00 1.111978816986083984e+01 1.111978816986083984e+01 6.551845073699951172e+00 2.274564266204833984e+00 4.652634859085083008e-01 5.607477948069572449e-02 3.982014488428831100e-03 1.666107127675786614e-04 4.106727828911971301e-06 5.916985656995166210e-08 1.237502988971073137e-09 7.252864264728486887e-08 2.277163503094925545e-06 4.179745155852288008e-05 4.516359767876565456e-04 2.877453574910759926e-03 1.079411618411540985e-02 2.387489564716815948e-02 3.109236806631088257e-02
2.379208616912364960e-02 1.075669936835765839e-02 2.867481904104351997e-03 4.500717623159289360e-04 4.165236168773844838e-05 2.269610831717727706e-06 7.234717003257173928e-08 4.557633437318742153e-10 -2.048860248127226669e-10 5.909928546543596894e-08 4.107016138732433319e-06 1.666080206632614136e-04 3.981932997703552246e-03 5.607393383979797363e-02 4.652558565139770508e-01 2.274521112442016602e+00 6.551727294921875000e+00 1.111960506439208984e+01 1.111960411071777344e+01 6.551734924316406250e+00 2.274525403976440430e+00 4.652558267116546631e-01 5.607388168573379517e-02 3.981952089816331863e-03 1.666080934228375554e-04 4.106668711756356061e-06 5.909309308549381967e-08 1.212219213897469672e-09 7.228781129242634051e-08 2.269246124342316762e-06 4.165250720689073205e-05 4.500692884903401136e-04 2.867469564080238342e-03 1.075666770339012146e-02 2.379206568002700806e-02 3.098451532423496246e-02
2.371446043252944946e-02 1.072160806506872177e-02 2.858127932995557785e-03 4.486036486923694611e-04 4.151650864514522254e-05 2.262136604258557782e-06 7.213453301346817170e-08 5.335854535992723413e-10 -1.830126883373139890e-10 5.915470779882525676e-08 4.106991582375485450e-06 1.666056923568248749e-04 3.981873393058776855e-03 5.607309564948081970e-02 4.652490317821502686e-01 2.274486541748046875e+00 6.551631927490234375e+00 1.111943721771240234e+01 1.111943721771240234e+01 6.551639556884765625e+00 2.274490594863891602e+00 4.652489721775054932e-01 5.607303231954574585e-02 3.981892485171556473e-03 1.666055613895878196e-04 4.106645064894109964e-06 5.911901723720802693e-08 1.277714822833786457e-09 7.209560237697587581e-08 2.261872623421368189e-06 4.151663233642466366e-05 4.486010002437978983e-04 2.858115127310156822e-03 1.072158012539148331e-02 2.371443621814250946e-02 3.088343888521194458e-02
2.364214323461055756e-02 1.068889535963535309e-02 2.849409356713294983e-03 4.472351283766329288e-04 4.138979420531541109e-05 2.255261733807856217e-06 7.192061701744023594e-08 5.467121755309278797e-10 -1.964399892750989807e-10 5.913830136705655605e-08 4.106912001589080319e-06 1.666033786023035645e-04 3.981820307672023773e-03 5.607237294316291809e-02 4.652429521083831787e-01 2.274456262588500977e+00 6.551542758941650391e+00 1.111928749084472656e+01 1.111928749084472656e+01 6.551550388336181641e+00 2.274460792541503906e+00 4.652429521083831787e-01 5.607229471206665039e-02 3.981839399784803391e-03 1.666032330831512809e-04 4.106581855012336746e-06 5.912957590226142202e-08 1.249141901027428503e-09 7.189093054194017895e-08 2.255046183563536033e-06 4.138978692935779691e-05 4.472325963433831930e-04 2.849397482350468636e-03 1.068887207657098770e-02 2.364211715757846832e-02 3.078922629356384277e-02
2.357499115169048309e-02 1.065854635089635849e-02 2.841320354491472244e-03 4.459654446691274643e-04 4.127228748984634876e-05 2.248916189273586497e-06 7.172474880690060672e-08 5.212735243453892053e-10 -2.168033252925027909e-10 5.912362510684943118e-08 4.106901087652659044e-06 1.666014723014086485e-04 3.981771878898143768e-03 5.607167258858680725e-02 4.652370512485504150e-01 2.274428844451904297e+00 6.551464557647705078e+00 1.111915397644042969e+01 1.111915397644042969e+01 6.551472663879394531e+00 2.274432897567749023e+00 4.652370214462280273e-01 5.607161670923233032e-02 3.981790971010923386e-03 1.666012976784259081e-04 4.106524556846125051e-06 5.910596101443843509e-08 1.247667746895331220e-09 7.165012760879108100e-08 2.248684950245660730e-06 4.127228748984634876e-05 4.459629999473690987e-04 2.841308247298002243e-03 1.065852027386426926e-02 2.357497066259384155e-02 3.070179000496864319e-02
2.351296506822109222e-02 1.063049398362636566e-02 2.833844861015677452e-03 4.447917162906378508e-04 4.116361014894209802e-05 2.243050403194501996e-06 7.147428249254517141e-08 5.977189854178277528e-10 -1.771812141448947386e-10 5.911037348482750531e-08 4.106818778382148594e-06 1.665993622737005353e-04 3.981728572398424149e-03 5.607104301452636719e-02 4.652320444583892822e-01 2.274403572082519531e+00 6.551391601562500000e+00 1.111903285980224609e+01 1.111903285980224609e+01 6.551399230957031250e+00 2.274408102035522461e+00 4.652320146560668945e-01 5.607098713517189026e-02 3.981746267527341843e-03 1.665994204813614488e-04 4.106443611817667261e-06 5.913823741821033764e-08 1.223129375560461085e-09 7.149164815700714826e-08 2.242762320747715421e-06 4.116370473639108241e-05 4.447893006727099419e-04 2.833832288160920143e-03 1.063046790659427643e-02 2.351293526589870453e-02 3.062099963426589966e-02
2.345577813684940338e-02 1.060464326292276382e-02 2.826951909810304642e-03 4.437098687049001455e-04 4.106357664568349719e-05 2.237614808109356090e-06 7.140614854961313540e-08 7.306774629789458686e-10 -1.415211420274786747e-10 5.919780932117646444e-08 4.106819233129499480e-06 1.665978634264320135e-04 3.981688991189002991e-03 5.607052147388458252e-02 4.652273952960968018e-01 2.274382114410400391e+00 6.551325798034667969e+00 1.111892890930175781e+01 1.111892890930175781e+01 6.551333427429199219e+00 2.274386882781982422e+00 4.652273654937744141e-01 5.607046186923980713e-02 3.981707617640495300e-03 1.665977906668558717e-04 4.106460437469650060e-06 5.922524692891784071e-08 1.267271176885742534e-09 7.134023860544402851e-08 2.237352873635245487e-06 4.106358028366230428e-05 4.437073948793113232e-04 2.826937939971685410e-03 1.060461718589067459e-02 2.345574647188186646e-02 3.054652921855449677e-02
2.340322919189929962e-02 1.058090198785066605e-02 2.820620778948068619e-03 4.427159146871417761e-04 4.097154669580049813e-05 2.232572342109051533e-06 7.129999346489057643e-08 8.513746929672549868e-10 -9.287080132702740798e-11 5.921026868804801779e-08 4.106814685655990615e-06 1.665963063715025783e-04 3.981654066592454910e-03 5.607000365853309631e-02 4.652231931686401367e-01 2.274361848831176758e+00 6.551265239715576172e+00 1.111882495880126953e+01 1.111882495880126953e+01 6.551276683807373047e+00 2.274365901947021484e+00 4.652231633663177490e-01 5.606992915272712708e-02 3.981673158705234528e-03 1.665962336119264364e-04 4.106419055460719392e-06 5.920422196936669934e-08 1.458962950451336837e-09 7.117023415048606694e-08 2.232376118627144024e-06 4.097169585293158889e-05 4.427138192113488913e-04 2.820607973262667656e-03 1.058087404817342758e-02 2.340321056544780731e-02 3.047812730073928833e-02
2.335060574114322662e-02 1.055710110813379288e-02 2.814277075231075287e-03 4.417200980242341757e-04 4.087934576091356575e-05 2.227503046015044674e-06 7.108980781822538120e-08 8.058179123970887758e-10 -1.153123568853331449e-10 5.922145263070888177e-08 4.106748292542761192e-06 1.665950112510472536e-04 3.981621004641056061e-03 5.606955289840698242e-02 4.652196168899536133e-01 2.274343490600585938e+00 6.551215171813964844e+00 1.111873912811279297e+01 1.111873912811279297e+01 6.551224708557128906e+00 2.274348020553588867e+00 4.652195870876312256e-01 5.606950074434280396e-02 3.981639631092548370e-03 1.665948220761492848e-04 4.106320375285577029e-06 5.920568924011604395e-08 1.371306845854292078e-09 7.096416254626092268e-08 2.227283857791917399e-06 4.087943671038374305e-05 4.417179152369499207e-04 2.814264502376317978e-03 1.055707316845655441e-02 2.335057593882083893e-02 3.040956519544124603e-02
2.329465560615062714e-02 1.053178962320089340e-02 2.807532204315066338e-03 4.406617081258445978e-04 4.078141864738427103e-05 2.222174998678383417e-06 7.093862564033770468e-08 8.424257957884151438e-10 -1.520668729826368804e-10 5.923152457398828119e-08 4.106686446903040633e-06 1.665937597863376141e-04 3.981589805334806442e-03 5.606915056705474854e-02 4.652161896228790283e-01 2.274327993392944336e+00 6.551168918609619141e+00 1.111865806579589844e+01 1.111865806579589844e+01 6.551177024841308594e+00 2.274332284927368164e+00 4.652161598205566406e-01 5.606909096240997314e-02 3.981609828770160675e-03 1.665936433710157871e-04 4.106295364181278273e-06 5.923342172309276066e-08 1.339277688749973549e-09 7.072895868986961432e-08 2.221910335720167495e-06 4.078150595887564123e-05 4.406594671308994293e-04 2.807519864290952682e-03 1.053176354616880417e-02 2.329462580382823944e-02 3.033667244017124176e-02
2.323358692228794098e-02 1.050418894737958908e-02 2.800173126161098480e-03 4.395068390294909477e-04 4.067456029588356614e-05 2.216377197328256443e-06 7.075681907053876785e-08 8.391552452913231264e-10 -1.437536062409705551e-10 5.927376633962921915e-08 4.106698725081514567e-06 1.665927120484411716e-04 3.981569316238164902e-03 5.606881156563758850e-02 4.652132689952850342e-01 2.274315834045410156e+00 6.551127433776855469e+00 1.111858654022216797e+01 1.111858654022216797e+01 6.551136970520019531e+00 2.274319171905517578e+00 4.652132689952850342e-01 5.606874078512191772e-02 3.981588408350944519e-03 1.665925374254584312e-04 4.106275810045190156e-06 5.927499557856208412e-08 1.396778692708267045e-09 7.057145268163367291e-08 2.216060238424688578e-06 4.067465852131135762e-05 4.395046562422066927e-04 2.800159854814410210e-03 1.050416007637977600e-02 2.323355711996555328e-02 3.025717847049236298e-02
2.316684462130069733e-02 1.047401968389749527e-02 2.792127896100282669e-03 4.382444894872605801e-04 4.055777753819711506e-05 2.210010734415845945e-06 7.051938410995717277e-08 8.579448262935329694e-10 -2.024983791759638052e-10 5.921245005424680130e-08 4.106640972167951986e-06 1.665917807258665562e-04 3.981548827141523361e-03 5.606855079531669617e-02 4.652112126350402832e-01 2.274302244186401367e+00 6.551094532012939453e+00 1.111853122711181641e+01 1.111853122711181641e+01 6.551103115081787109e+00 2.274306058883666992e+00 4.652112126350402832e-01 5.606849119067192078e-02 3.981568850576877594e-03 1.665916497586295009e-04 4.106247160962084308e-06 5.923248380668155733e-08 1.351703304841578301e-09 7.032023319197833189e-08 2.209658305218908936e-06 4.055778845213353634e-05 4.382422775961458683e-04 2.792114159092307091e-03 1.047398895025253296e-02 2.316682785749435425e-02 3.017027862370014191e-02
2.310273051261901855e-02 1.044502388685941696e-02 2.784399315714836121e-03 4.370312963146716356e-04 4.044552770210430026e-05 2.203924623245256953e-06 7.034714144538156688e-08 8.024146347374028210e-10 -1.808623667498565624e-10 5.919051915270756581e-08 4.106674168724566698e-06 1.665915187913924456e-04 3.981539513915777206e-03 5.606839805841445923e-02 4.652099311351776123e-01 2.274296760559082031e+00 6.551080226898193359e+00 1.111850738525390625e+01 1.111850738525390625e+01 6.551087856292724609e+00 2.274300813674926758e+00 4.652099013328552246e-01 5.606833472847938538e-02 3.981559071689844131e-03 1.665914314799010754e-04 4.106194410269381478e-06 5.921856782720169576e-08 1.350015432777240676e-09 7.013088065832562279e-08 2.203519215981941670e-06 4.044553861604072154e-05 4.370293463580310345e-04 2.784386510029435158e-03 1.044499501585960388e-02 2.310270443558692932e-02 3.008675575256347656e-02
2.304334193468093872e-02 1.041817944496870041e-02 2.777243265882134438e-03 4.359077720437198877e-04 4.034146695630624890e-05 2.198227775807026774e-06 7.021516523764148587e-08 8.238425497353318860e-10 -1.117155118413037940e-10 5.913807754609479161e-08 4.106732831132831052e-06 1.665923628024756908e-04 3.981560003012418747e-03 5.606872215867042542e-02 4.652125835418701172e-01 2.274309635162353516e+00 6.551113605499267578e+00 1.111856937408447266e+01 1.111856937408447266e+01 6.551124572753906250e+00 2.274314403533935547e+00 4.652125835418701172e-01 5.606865510344505310e-02 3.981580026447772980e-03 1.665922609390690923e-04 4.106169853912433609e-06 5.923518742179112451e-08 1.337409183399529411e-09 6.999491120041057002e-08 2.197854655605624430e-06 4.034157609567046165e-05 4.359058220870792866e-04 2.777230925858020782e-03 1.041814591735601425e-02 2.304332144558429718e-02 3.000942990183830261e-02
2.298599667847156525e-02 1.039225421845912933e-02 2.770331688225269318e-03 4.348232760094106197e-04 4.024113513878546655e-05 2.192796046074363403e-06 7.005438362739369040e-08 7.675844959642574850e-10 -1.653701481307834342e-10 5.905908295744666248e-08 4.106734650122234598e-06 1.665967283770442009e-04 3.981665242463350296e-03 5.607017874717712402e-02 4.652247130870819092e-01 2.274368524551391602e+00 6.551290035247802734e+00 1.111886215209960938e+01 1.111886215209960938e+01 6.551298618316650391e+00 2.274372816085815430e+00 4.652246832847595215e-01 5.607010796666145325e-02 3.981685731559991837e-03 1.665966701693832874e-04 4.106220785615732893e-06 5.917144463296608592e-08 1.254082837576220300e-09 6.978102362609206466e-08 2.192360398112214170e-06 4.024113877676427364e-05 4.348209185991436243e-04 2.770320046693086624e-03 1.039222534745931625e-02 2.298597246408462524e-02 2.993477322161197662e-02
2.292873710393905640e-02 1.036636531352996826e-02 2.763431286439299583e-03 4.337399732321500778e-04 4.014092337456531823e-05 2.187343852710910141e-06 6.979953326435861527e-08 7.376509958412214019e-10 -1.805183363901008420e-10 5.905736699673980183e-08 4.107023869437398389e-06 1.666095922701060772e-04 3.981973510235548019e-03 5.607449635863304138e-02 4.652605950832366943e-01 2.274544477462768555e+00 6.551792144775390625e+00 1.111971759796142578e+01 1.111971759796142578e+01 6.551802158355712891e+00 2.274548292160034180e+00 4.652605950832366943e-01 5.607443675398826599e-02 3.981992136687040329e-03 1.666095340624451637e-04 4.106576852791476995e-06 5.914151657293587050e-08 1.316740605439292722e-09 6.959870546552338055e-08 2.186912979595945217e-06 4.014097430626861751e-05 4.337377613410353661e-04 2.763418480753898621e-03 1.036633923649787903e-02 2.292871847748756409e-02 2.986015379428863525e-02
2.287277579307556152e-02 1.034106500446796417e-02 2.756685018539428711e-03 4.326811467763036489e-04 4.004295624326914549e-05 2.182048092436161824e-06 6.964333465475647245e-08 7.655546196971840800e-10 -1.278605277210687063e-10 5.906327515958764707e-08 4.107728727831272408e-06 1.666419557295739651e-04 3.982744645327329636e-03 5.608538538217544556e-02 4.653506875038146973e-01 2.274985790252685547e+00 6.553065776824951172e+00 1.112187290191650391e+01 1.112187290191650391e+01 6.553074836730957031e+00 2.274989843368530273e+00 4.653506875038146973e-01 5.608532205224037170e-02 3.982764203101396561e-03 1.666418102104216814e-04 4.107365384697914124e-06 5.917714673842056072e-08 1.339487187834720316e-09 6.948931741135311313e-08 2.181645641030627303e-06 4.004297807114198804e-05 4.326790513005107641e-04 2.756672445684671402e-03 1.034103799611330032e-02 2.287274785339832306e-02 2.978728525340557098e-02
2.281907759606838226e-02 1.031678915023803711e-02 2.750215819105505943e-03 4.316654813010245562e-04 3.994885264546610415e-05 2.176849648094503209e-06 6.941944974414582248e-08 7.720429850976984198e-10 -1.465586402238372443e-10 5.905161870600750262e-08 4.109542260266607627e-06 1.667160540819168091e-04 3.984513692557811737e-03 5.611030384898185730e-02 4.655575454235076904e-01 2.275995254516601562e+00 6.555975437164306641e+00 1.112682151794433594e+01 1.112682151794433594e+01 6.555984497070312500e+00 2.275999307632446289e+00 4.655574858188629150e-01 5.611023679375648499e-02 3.984534647315740585e-03 1.667158358031883836e-04 4.109256224182900041e-06 5.923576651412076899e-08 1.407251648544161071e-09 6.930672213911748258e-08 2.176427869926556014e-06 3.994889266323298216e-05 4.316635604482144117e-04 2.750203013420104980e-03 1.031676307320594788e-02 2.281905338168144226e-02 2.971738204360008240e-02
2.276846393942832947e-02 1.029390189796686172e-02 2.744113095104694366e-03 4.307078488636761904e-04 3.986022420576773584e-05 2.172064114347449504e-06 6.926761386694124667e-08 8.772231274711828064e-10 -8.860705225099962945e-11 5.913927125789086858e-08 4.113438990316353738e-06 1.668720215093344450e-04 3.988241311162710190e-03 5.616277828812599182e-02 4.659931361675262451e-01 2.278125286102294922e+00 6.562108039855957031e+00 1.113722038269042969e+01 1.113722038269042969e+01 6.562116146087646484e+00 2.278128862380981445e+00 4.659931063652038574e-01 5.616271123290061951e-02 3.988259937614202499e-03 1.668718468863517046e-04 4.113117483939277008e-06 5.931834934358448663e-08 1.458316689628702534e-09 6.918740069750128896e-08 2.171585720134316944e-06 3.986027513747103512e-05 4.307058406993746758e-04 2.744101453572511673e-03 1.029387395828962326e-02 2.276844158768653870e-02 2.965143322944641113e-02
2.272140234708786011e-02 1.027262769639492035e-02 2.738442271947860718e-03 4.298177373129874468e-04 3.977780579589307308e-05 2.167561660826322623e-06 6.913754901916036033e-08 8.901395731619743401e-10 -5.250798407185897076e-11 5.924340840124386887e-08 4.120897301618242636e-06 1.671753561822697520e-04 3.995492123067378998e-03 5.626486986875534058e-02 4.668403565883636475e-01 2.282266378402709961e+00 6.574038505554199219e+00 1.115746593475341797e+01 1.115746593475341797e+01 6.574047565460205078e+00 2.282270431518554688e+00 4.668402969837188721e-01 5.626480653882026672e-02 3.995511215180158615e-03 1.671752252150326967e-04 4.120625362702412531e-06 5.935448399441156653e-08 1.458942300303078810e-09 6.906453364763365244e-08 2.167119191653910093e-06 3.977786400355398655e-05 4.298155545257031918e-04 2.738430397585034370e-03 1.027259882539510727e-02 2.272137254476547241e-02 2.959015779197216034e-02
2.267834730446338654e-02 1.025317516177892685e-02 2.733252709731459618e-03 4.290030919946730137e-04 3.970244870288297534e-05 2.163447788916528225e-06 6.898041959857437178e-08 9.700643621712856657e-10 -1.090489244043313377e-11 5.940168179563443118e-08 4.134397840971359983e-06 1.677210384514182806e-04 4.008531104773283005e-03 5.644848197698593140e-02 4.683636426925659180e-01 2.289714813232421875e+00 6.595489978790283203e+00 1.119388389587402344e+01 1.119388389587402344e+01 6.595499515533447266e+00 2.289718627929687500e+00 4.683635830879211426e-01 5.644842609763145447e-02 4.008550196886062622e-03 1.677209220360964537e-04 4.134093614993616939e-06 5.959931215215874545e-08 1.497000856609531638e-09 6.898805082755643525e-08 2.163044882763642818e-06 3.970247780671343207e-05 4.290009965188801289e-04 2.733241068199276924e-03 1.025314629077911377e-02 2.267831936478614807e-02 2.953408099710941315e-02
2.263990975916385651e-02 1.023578271269798279e-02 2.728621941059827805e-03 4.282763693481683731e-04 3.963521521654911339e-05 2.159826863135094754e-06 6.875725233612683951e-08 8.940280182834214884e-10 -5.301353106501593970e-12 5.972609784521409892e-08 4.156670911470428109e-06 1.686278556007891893e-04 4.030203912407159805e-03 5.675369501113891602e-02 4.708960354328155518e-01 2.302094697952270508e+00 6.631153106689453125e+00 1.125440692901611328e+01 1.125440692901611328e+01 6.631161212921142578e+00 2.302099227905273438e+00 4.708960354328155518e-01 5.675362795591354370e-02 4.030224867165088654e-03 1.686276955297216773e-04 4.156427166890352964e-06 5.995203622433109558e-08 1.501337387743717500e-09 6.891200143854803173e-08 2.159381665478576906e-06 3.963522976846434176e-05 4.282743029762059450e-04 2.728609135374426842e-03 1.023575384169816971e-02 2.263988181948661804e-02 2.948401682078838348e-02
2.260749973356723785e-02 1.022112183272838593e-02 2.724712016060948372e-03 4.276629188098013401e-04 3.957838271162472665e-05 2.156659093088819645e-06 6.859042400719772559e-08 8.980390875379384852e-10 -6.771278416445314363e-12 6.025752696814379306e-08 4.190907930023968220e-06 1.700198918115347624e-04 4.063477739691734314e-03 5.722226947546005249e-02 4.747837483882904053e-01 2.321100234985351562e+00 6.685898780822753906e+00 1.134731960296630859e+01 1.134731960296630859e+01 6.685909271240234375e+00 2.321105480194091797e+00 4.747837185859680176e-01 5.722219496965408325e-02 4.063496831804513931e-03 1.700199354672804475e-04 4.190747858956456184e-06 6.038305855327052996e-08 1.576478836362582570e-09 6.882450520606653299e-08 2.156310983991716057e-06 3.957830267609097064e-05 4.276610270608216524e-04 2.724698744714260101e-03 1.022109109908342361e-02 2.260747924447059631e-02 2.944182045757770538e-02
2.258449047803878784e-02 1.021072827279567719e-02 2.721941797062754631e-03 4.272281657904386520e-04 3.953797204303555191e-05 2.154363755835220218e-06 6.855156442497900571e-08 8.913129678767006681e-10 1.894456293227708699e-11 6.096006188727187691e-08 4.239719146426068619e-06 1.719918800517916679e-04 4.110607784241437912e-03 5.788595229387283325e-02 4.802905619144439697e-01 2.348020553588867188e+00 6.763444423675537109e+00 1.147893142700195312e+01 1.147893142700195312e+01 6.763452053070068359e+00 2.348024606704711914e+00 4.802905619144439697e-01 5.788587033748626709e-02 4.110626876354217529e-03 1.719918654998764396e-04 4.239451300236396492e-06 6.119118722835992230e-08 1.570478969092903299e-09 6.873990798794693546e-08 2.154049525415757671e-06 3.953800114686600864e-05 4.272255464456975460e-04 2.721928991377353668e-03 1.021070033311843872e-02 2.258446998894214630e-02 2.941183187067508698e-02
2.257784642279148102e-02 1.020772196352481842e-02 2.721141325309872627e-03 4.271021171007305384e-04 3.952636689064092934e-05 2.153735522369970568e-06 6.852591383221806609e-08 9.556363478324669813e-10 -5.136550906836845343e-12 6.187813994529278716e-08 4.303118657844606787e-06 1.745643530739471316e-04 4.172089975327253342e-03 5.875175818800926208e-02 4.874744415283203125e-01 2.383142232894897461e+00 6.864606380462646484e+00 1.165062141418457031e+01 1.165062141418457031e+01 6.864615917205810547e+00 2.383147239685058594e+00 4.874744415283203125e-01 5.875169858336448669e-02 4.172110464423894882e-03 1.745642803143709898e-04 4.302847173676127568e-06 6.209719316530026845e-08 1.619115952422589544e-09 6.870487823107396252e-08 2.153355580958304927e-06 3.952637052861973643e-05 4.270996723789721727e-04 2.721128286793828011e-03 1.020769029855728149e-02 2.257782220840454102e-02 2.940319851040840149e-02
2.259942330420017242e-02 1.021747663617134094e-02 2.723741345107555389e-03 4.275102401152253151e-04 3.956414366257376969e-05 2.155820311600109562e-06 6.859433909767176374e-08 1.030097784848749143e-09 5.004773678818352778e-11 6.297907617636155919e-08 4.379086476546945050e-06 1.776467834133654833e-04 4.245762247592210770e-03 5.978919193148612976e-02 4.960822463035583496e-01 2.425224065780639648e+00 6.985823154449462891e+00 1.185635185241699219e+01 1.185635185241699219e+01 6.985832691192626953e+00 2.425228357315063477e+00 4.960822463035583496e-01 5.978913232684135437e-02 4.245782271027565002e-03 1.776468125171959400e-04 4.378819539851974696e-06 6.319339718174887821e-08 1.642026736803359199e-09 6.881426628524422995e-08 2.155486754418234341e-06 3.956412547267973423e-05 4.275079700164496899e-04 2.723728539422154427e-03 1.021745149046182632e-02 2.259940840303897858e-02 2.943132072687149048e-02
2.266555465757846832e-02 1.024737674742937088e-02 2.731712069362401962e-03 4.287610936444252729e-04 3.967990778619423509e-05 2.162154487450607121e-06 6.878021707734660595e-08 9.998510908104663031e-10 9.328428307586733581e-11 6.418596143475951976e-08 4.462267497729044408e-06 1.810243556974455714e-04 4.326484166085720062e-03 6.092595681548118591e-02 5.055140256881713867e-01 2.471333742141723633e+00 7.118642330169677734e+00 1.208177280426025391e+01 1.208177280426025391e+01 7.118651390075683594e+00 2.471338510513305664e+00 5.055140256881713867e-01 6.092588603496551514e-02 4.326504189521074295e-03 1.810243556974455714e-04 4.462099241209216416e-06 6.445119282716404996e-08 1.668039484314931542e-09 6.905211336061256588e-08 2.161848897230811417e-06 3.967995144193992019e-05 4.287590854801237583e-04 2.731699729338288307e-03 1.024734787642955780e-02 2.266553044319152832e-02 2.951743640005588531e-02
2.279321476817131042e-02 1.030508987605571747e-02 2.747095888480544090e-03 4.311759839765727520e-04 3.990342884208075702e-05 2.174289875256363302e-06 6.920538453414337710e-08 9.840185333231943332e-10 1.000615978963281805e-10 6.538652286280921544e-08 4.545000138023169711e-06 1.843834033934399486e-04 4.406765103340148926e-03 6.205646321177482605e-02 5.148941874504089355e-01 2.517190933227539062e+00 7.250734329223632812e+00 1.230595874786376953e+01 1.230595874786376953e+01 7.250741481781005859e+00 2.517194747924804688e+00 5.148941278457641602e-01 6.205638870596885681e-02 4.406785592436790466e-03 1.843834324972704053e-04 4.544906005321536213e-06 6.567707089288887801e-08 1.712830433042711320e-09 6.946191177803484607e-08 2.174033170376787893e-06 3.990347977378405631e-05 4.311738885007798672e-04 2.747083548456430435e-03 1.030506286770105362e-02 2.279318682849407196e-02 2.968366816639900208e-02
2.299325354397296906e-02 1.039553061127662659e-02 2.771205501630902290e-03 4.349601804278790951e-04 4.025367888971231878e-05 2.193391310356673785e-06 6.982273959010854014e-08 9.480348728274634595e-10 8.950194058110483297e-11 6.645502281799053890e-08 4.618701495928689837e-06 1.873730070656165481e-04 4.478217102587223053e-03 6.306265294551849365e-02 5.232427716255187988e-01 2.558004140853881836e+00 7.368300914764404297e+00 1.250548934936523438e+01 1.250548934936523438e+01 7.368310928344726562e+00 2.558009147644042969e+00 5.232427716255187988e-01 6.306258589029312134e-02 4.478237591683864594e-03 1.873730361694470048e-04 4.618640105036320165e-06 6.667348628752733930e-08 1.689031470242241539e-09 7.002254420740428031e-08 2.193075488321483135e-06 4.025362432003021240e-05 4.349579685367643833e-04 2.771192928776144981e-03 1.039549894630908966e-02 2.299322374165058136e-02 2.994419261813163757e-02
2.326349169015884399e-02 1.051771361380815506e-02 2.803776878863573074e-03 4.400722973514348269e-04 4.072669980814680457e-05 2.219160023742006160e-06 7.051755090969891171e-08 8.639050030900818911e-10 4.572383444090277749e-11 6.728099322117486736e-08 4.675624950323253870e-06 1.896849134936928749e-04 4.533474799245595932e-03 6.384076178073883057e-02 5.296987891197204590e-01 2.589567422866821289e+00 7.459209918975830078e+00 1.265978908538818359e+01 1.265978908538818359e+01 7.459219455718994141e+00 2.589571475982666016e+00 5.296987891197204590e-01 6.384069472551345825e-02 4.533495288342237473e-03 1.896849425975233316e-04 4.675566742662340403e-06 6.743073299730895087e-08 1.712277319931843067e-09 7.082770281385819544e-08 2.218874215031974018e-06 4.072669980814680457e-05 4.400704056024551392e-04 2.803763607516884804e-03 1.051768101751804352e-02 2.326346561312675476e-02 3.029610961675643921e-02
2.358563058078289032e-02 1.066335011273622513e-02 2.842599060386419296e-03 4.461661155801266432e-04 4.129073568037711084e-05 2.249867520731640980e-06 7.148177161298008286e-08 8.243960514242587578e-10 2.918577532429189603e-11 6.782706662988857715e-08 4.711128440249012783e-06 1.911219587782397866e-04 4.567817319184541702e-03 6.432444602251052856e-02 5.337118506431579590e-01 2.609186410903930664e+00 7.515726089477539062e+00 1.275570487976074219e+01 1.275570487976074219e+01 7.515736103057861328e+00 2.609190702438354492e+00 5.337117910385131836e-01 6.432437896728515625e-02 4.567838739603757858e-03 1.911220460897311568e-04 4.710988832812290639e-06 6.800161145292804576e-08 1.732118781738734015e-09 7.180806704809583607e-08 2.249632188977557234e-06 4.129056105739437044e-05 4.461640492081642151e-04 2.842586021870374680e-03 1.066332031041383743e-02 2.358561009168624878e-02 3.071562759578227997e-02
2.392860874533653259e-02 1.081841159611940384e-02 2.883938373997807503e-03 4.526542034000158310e-04 4.189123865216970444e-05 2.282523382746148854e-06 7.252473466223818832e-08 7.319126971161438178e-10 2.846016304569598532e-11 6.810451225192082347e-08 4.723654910776531324e-06 1.916331239044666290e-04 4.580028820782899857e-03 6.449639797210693359e-02 5.351385474205017090e-01 2.616160869598388672e+00 7.535812854766845703e+00 1.278979778289794922e+01 1.278979778289794922e+01 7.535820484161376953e+00 2.616164922714233398e+00 5.351385474205017090e-01 6.449631601572036743e-02 4.580050241202116013e-03 1.916330802487209439e-04 4.723548499896423891e-06 6.807840691180899739e-08 1.712840647094537871e-09 7.278403302279912168e-08 2.282354898852645420e-06 4.189116589259356260e-05 4.526519333012402058e-04 2.883924869820475578e-03 1.081838179379701614e-02 2.392858639359474182e-02 3.116230852901935577e-02
2.425696514546871185e-02 1.096687093377113342e-02 2.923513064160943031e-03 4.588656302075833082e-04 4.246599564794450998e-05 2.313893673999700695e-06 7.355613007575811935e-08 7.573186522336072812e-10 9.989096355633719782e-11 6.797186813400912797e-08 4.715574050351278856e-06 1.913025480462238193e-04 4.572129808366298676e-03 6.438516080379486084e-02 5.342155098915100098e-01 2.611647844314575195e+00 7.522816181182861328e+00 1.276774215698242188e+01 1.276774215698242188e+01 7.522827148437500000e+00 2.611653089523315430e+00 5.342154502868652344e-01 6.438508629798889160e-02 4.572151694446802139e-03 1.913025917019695044e-04 4.715434897661907598e-06 6.807978536471637199e-08 1.799362214782718183e-09 7.385077793742311769e-08 2.313673348908196203e-06 4.246604294166900218e-05 4.588631272781640291e-04 2.923499559983611107e-03 1.096683740615844727e-02 2.425693720579147339e-02 3.158988058567047119e-02
2.453990280628204346e-02 1.109478529542684555e-02 2.957612741738557816e-03 4.642181738745421171e-04 4.296146289561875165e-05 2.340970240766182542e-06 7.442026372928012279e-08 8.194950829043534668e-10 5.442607822758738223e-11 6.760323856269678799e-08 4.691149115387815982e-06 1.903091324493288994e-04 4.548383411020040512e-03 6.405080109834671021e-02 5.314412713050842285e-01 2.598085641860961914e+00 7.483747005462646484e+00 1.270143985748291016e+01 1.270143985748291016e+01 7.483755111694335938e+00 2.598090171813964844e+00 5.314412117004394531e-01 6.405073404312133789e-02 4.548406694084405899e-03 1.903091906569898129e-04 4.690920377470320091e-06 6.772703642354827025e-08 1.843468266926606702e-09 7.472900875882260152e-08 2.340676701351185329e-06 4.296135375625453889e-05 4.642155836336314678e-04 2.957599470391869545e-03 1.109475549310445786e-02 2.453987859189510345e-02 3.195837885141372681e-02
2.475748397409915924e-02 1.119316462427377701e-02 2.983837388455867767e-03 4.683340666815638542e-04 4.334235563874244690e-05 2.361721726629184559e-06 7.508877075679265545e-08 8.226700431990252582e-10 -2.128111749322147972e-11 6.707578137365999282e-08 4.655619704863056540e-06 1.888683618744835258e-04 4.513955209404230118e-03 6.356589496135711670e-02 5.274178981781005859e-01 2.578418731689453125e+00 7.427098751068115234e+00 1.260528659820556641e+01 1.260528659820556641e+01 7.427109241485595703e+00 2.578423261642456055e+00 5.274178385734558105e-01 6.356582790613174438e-02 4.513977561146020889e-03 1.888684346340596676e-04 4.655390057450858876e-06 6.720775758140007383e-08 1.871885313420307284e-09 7.533981971619141405e-08 2.361452288823784329e-06 4.334224286139942706e-05 4.683316219598054886e-04 2.983822021633386612e-03 1.119313389062881470e-02 2.475745230913162231e-02 3.224173188209533691e-02
2.490204200148582458e-02 1.125852204859256744e-02 3.001260804012417793e-03 4.710687207989394665e-04 4.359540980658493936e-05 2.375487838435219601e-06 7.541973445768235251e-08 6.682341346930797954e-10 -4.093421088202653380e-11 6.652856399114170927e-08 4.614231784216826782e-06 1.871846470749005675e-04 4.473708570003509521e-03 6.299915909767150879e-02 5.227161645889282227e-01 2.555428028106689453e+00 7.360880374908447266e+00 1.249290180206298828e+01 1.249290180206298828e+01 7.360889911651611328e+00 2.555434226989746094e+00 5.227161645889282227e-01 6.299909204244613647e-02 4.473729059100151062e-03 1.871846616268157959e-04 4.613971668732119724e-06 6.656310347352700774e-08 1.796791715413803558e-09 7.572621996132511413e-08 2.375198391746380366e-06 4.359529339126311243e-05 4.710663924925029278e-04 3.001246368512511253e-03 1.125849317759275436e-02 2.490201964974403381e-02 3.243001177906990051e-02
2.497614361345767975e-02 1.129201799631118774e-02 3.010190324857831001e-03 4.724706523120403290e-04 4.372502371552400291e-05 2.382490720265195705e-06 7.557085979215116822e-08 6.275430730617870267e-10 -1.437944056360829226e-12 6.588054901612849790e-08 4.570760211208835244e-06 1.854195288615301251e-04 4.431524313986301422e-03 6.240510568022727966e-02 5.177870392799377441e-01 2.531331539154052734e+00 7.291468620300292969e+00 1.237510299682617188e+01 1.237510299682617188e+01 7.291479110717773438e+00 2.531336784362792969e+00 5.177869796752929688e-01 6.240503862500190735e-02 4.431543871760368347e-03 1.854193687904626131e-04 4.570400960801634938e-06 6.588297907228479744e-08 1.757421541626058570e-09 7.594881168415668071e-08 2.382231741648865864e-06 4.372496186988428235e-05 4.724680329672992229e-04 3.010176587849855423e-03 1.129198446869850159e-02 2.497611753642559052e-02 3.252652660012245178e-02
2.498862147331237793e-02 1.129765901714563370e-02 3.011694876477122307e-03 4.727064515464007854e-04 4.374685886432416737e-05 2.383636683589429595e-06 7.559025050341006136e-08 5.609087638802634501e-10 -1.153529355368831943e-10 6.521148776528207236e-08 4.527883902483154088e-06 1.836843293858692050e-04 4.390046000480651855e-03 6.182101741433143616e-02 5.129405260086059570e-01 2.507640838623046875e+00 7.223226070404052734e+00 1.225926685333251953e+01 1.225926685333251953e+01 7.223235607147216797e+00 2.507645130157470703e+00 5.129405260086059570e-01 6.182094290852546692e-02 4.390065558254718781e-03 1.836840383475646377e-04 4.527641067397780716e-06 6.514884631769746193e-08 1.644970049063942952e-09 7.586567107864539139e-08 2.383309947617817670e-06 4.374686614028178155e-05 4.727041232399642467e-04 3.011680906638503075e-03 1.129763294011354446e-02 2.498859725892543793e-02 3.254275023937225342e-02
2.495113760232925415e-02 1.128072012215852737e-02 3.007177961990237236e-03 4.719976277556270361e-04 4.368129157228395343e-05 2.380070782237453386e-06 7.552927172582712956e-08 7.203151408674557388e-10 -1.022213702572827287e-10 6.468039259743818548e-08 4.487475962378084660e-06 1.820431643864139915e-04 4.350824747234582901e-03 6.126869469881057739e-02 5.083578228950500488e-01 2.485236644744873047e+00 7.158687114715576172e+00 1.214974212646484375e+01 1.214974212646484375e+01 7.158697605133056641e+00 2.485240936279296875e+00 5.083577632904052734e-01 6.126862764358520508e-02 4.350844305008649826e-03 1.820428733481094241e-04 4.487251317186746746e-06 6.457956658323382726e-08 1.658231219003880597e-09 7.578880456549086375e-08 2.379792704232386313e-06 4.368126610643230379e-05 4.719951830338686705e-04 3.007163526490330696e-03 1.128069125115871429e-02 2.495111152529716492e-02 3.249394893646240234e-02
2.487556077539920807e-02 1.124654710292816162e-02 2.998065901920199394e-03 4.705676110461354256e-04 4.354896373115479946e-05 2.372807102801743895e-06 7.530435652824962744e-08 7.023514547732645497e-10 -1.319149373069095077e-10 6.408907182731127250e-08 4.450077994988532737e-06 1.805268548196181655e-04 4.314587451517581940e-03 6.075841188430786133e-02 5.041238665580749512e-01 2.464536666870117188e+00 7.099062442779541016e+00 1.204854297637939453e+01 1.204854297637939453e+01 7.099071979522705078e+00 2.464540958404541016e+00 5.041238069534301758e-01 6.075834110379219055e-02 4.314607474952936172e-03 1.805269421311095357e-04 4.449810603546211496e-06 6.393175766561398632e-08 1.555634843164455106e-09 7.553607161980835372e-08 2.372587459831265733e-06 4.354901466285809875e-05 4.705653118435293436e-04 2.998051932081580162e-03 1.124651543796062469e-02 2.487553283572196960e-02 3.239552676677703857e-02
2.477252483367919922e-02 1.119996700435876846e-02 2.985649276524782181e-03 4.686183528974652290e-04 4.336859274189919233e-05 2.362962050028727390e-06 7.497504128650689381e-08 7.544811997384215374e-10 -1.338588961896647334e-10 6.355041648475889815e-08 4.415982857608469203e-06 1.791444374248385429e-04 4.281547851860523224e-03 6.029316037893295288e-02 5.002633929252624512e-01 2.445664405822753906e+00 7.044701576232910156e+00 1.195626735687255859e+01 1.195626735687255859e+01 7.044711589813232422e+00 2.445669412612915039e+00 5.002633929252624512e-01 6.029306724667549133e-02 4.281566478312015533e-03 1.791444665286689997e-04 4.415698640514165163e-06 6.345092629089776892e-08 1.434999452598617609e-09 7.524078426968117128e-08 2.362756276852451265e-06 4.336870551924221218e-05 4.686160827986896038e-04 2.985636703670024872e-03 1.119993999600410461e-02 2.477250993251800537e-02 3.226133808493614197e-02
2.465097419917583466e-02 1.114501431584358215e-02 2.971000503748655319e-03 4.663191502913832664e-04 4.315581827540881932e-05 2.351419652768527158e-06 7.468381824082825915e-08 8.386499272816649864e-10 -8.596087730516899228e-11 6.312922806728238356e-08 4.385238298709737137e-06 1.778927544364705682e-04 4.251633770763874054e-03 5.987183004617691040e-02 4.967681467533111572e-01 2.428576707839965820e+00 6.995482921600341797e+00 1.187273979187011719e+01 1.187273979187011719e+01 6.995490550994873047e+00 2.428580760955810547e+00 4.967681467533111572e-01 5.987177044153213501e-02 4.251653328537940979e-03 1.778927835403010249e-04 4.384922249300871044e-06 6.305639033143961569e-08 1.495221613190267362e-09 7.498296383801061893e-08 2.351252760490751825e-06 4.315593469073064625e-05 4.663167637772858143e-04 2.970987930893898010e-03 1.114497892558574677e-02 2.465094998478889465e-02 3.210306167602539062e-02
2.451805770397186279e-02 1.108491886407136917e-02 2.954979892820119858e-03 4.638048412743955851e-04 4.292317316867411137e-05 2.338730610063066706e-06 7.428010206922408543e-08 9.309574777738305329e-10 -7.597518447699513899e-11 6.274903086023186916e-08 4.357497800810961053e-06 1.767632929841056466e-04 4.224637523293495178e-03 5.949171632528305054e-02 4.936140477657318115e-01 2.413157463073730469e+00 6.951065540313720703e+00 1.179736614227294922e+01 1.179736614227294922e+01 6.951075553894042969e+00 2.413161516189575195e+00 4.936140477657318115e-01 5.949166789650917053e-02 4.224657081067562103e-03 1.767633948475122452e-04 4.357074431027285755e-06 6.269197427855033311e-08 1.470472299480718448e-09 7.453633088516653515e-08 2.338539843549369834e-06 4.292319863452576101e-05 4.638024256564676762e-04 2.954966854304075241e-03 1.108489092439413071e-02 2.451803721487522125e-02 3.192995861172676086e-02
2.437928505241870880e-02 1.102216448634862900e-02 2.938252175226807594e-03 4.611793556250631809e-04 4.268019256414845586e-05 2.325469267816515639e-06 7.392083745116906357e-08 8.908951909525342217e-10 -1.001050700666361593e-10 6.240654215616814326e-08 4.332370735937729478e-06 1.757458376232534647e-04 4.200318828225135803e-03 5.914926901459693909e-02 4.907724559307098389e-01 2.399265527725219727e+00 6.911057949066162109e+00 1.172944545745849609e+01 1.172944545745849609e+01 6.911066532135009766e+00 2.399270296096801758e+00 4.907723367214202881e-01 5.914920568466186523e-02 4.200337454676628113e-03 1.757458230713382363e-04 4.331992386141791940e-06 6.229124949186370941e-08 1.375606739628665309e-09 7.406378443874928053e-08 2.325322157048503868e-06 4.268027259968221188e-05 4.611770273186266422e-04 2.938239136710762978e-03 1.102213095873594284e-02 2.437925338745117188e-02 3.174917772412300110e-02
2.423884160816669464e-02 1.095867156982421875e-02 2.921326551586389542e-03 4.585224087350070477e-04 4.243434523232281208e-05 2.312042170160566457e-06 7.351785313858272275e-08 9.324482297401459618e-10 -8.870944950833958842e-11 6.216433945382959791e-08 4.309821179049322382e-06 1.748297654557973146e-04 4.178424365818500519e-03 5.884090811014175415e-02 4.882138073444366455e-01 2.386760473251342773e+00 6.875024795532226562e+00 1.166831588745117188e+01 1.166831588745117188e+01 6.875035762786865234e+00 2.386765480041503906e+00 4.882137477397918701e-01 5.884086340665817261e-02 4.178443457931280136e-03 1.748297654557973146e-04 4.309491941967280582e-06 6.205187474961348926e-08 1.490970014117465325e-09 7.366293885979757761e-08 2.312015794814215042e-06 4.243438161211088300e-05 4.585203423630446196e-04 2.921312581747770309e-03 1.095864083617925644e-02 2.423881739377975464e-02 3.156629204750061035e-02
2.409980818629264832e-02 1.089582778513431549e-02 2.904573455452919006e-03 4.558928485494107008e-04 4.219097536406479776e-05 2.298692834301618859e-06 7.307281180146674160e-08 8.518782346200737265e-10 -5.361800239911396204e-11 6.184706080603064038e-08 4.289383468858432025e-06 1.740050647640600801e-04 4.158716183155775070e-03 5.856342241168022156e-02 4.859116077423095703e-01 2.375501632690429688e+00 6.842600822448730469e+00 1.161327552795410156e+01 1.161327552795410156e+01 6.842608928680419922e+00 2.375506401062011719e+00 4.859115779399871826e-01 5.856334790587425232e-02 4.158736672252416611e-03 1.740051084198057652e-04 4.289141998015111312e-06 6.179509171033714665e-08 1.442238883875290867e-09 7.327375328713969793e-08 2.298649405929609202e-06 4.219088441459462047e-05 4.558905784506350756e-04 2.904558787122368813e-03 1.089580170810222626e-02 2.409978583455085754e-02 3.138526529073715210e-02
2.396448329091072083e-02 1.083464082330465317e-02 2.888263203203678131e-03 4.533331084530800581e-04 4.195397559669800103e-05 2.285800746903987601e-06 7.258645240426631062e-08 8.362802672579050522e-10 -3.031471948466979427e-11 6.162772336892885505e-08 4.271061698091216385e-06 1.732628588797524571e-04 4.140977747738361359e-03 5.831364169716835022e-02 4.838387668132781982e-01 2.365370273590087891e+00 6.813413143157958984e+00 1.156374073028564453e+01 1.156374073028564453e+01 6.813421249389648438e+00 2.365375280380249023e+00 4.838387370109558105e-01 5.831358209252357483e-02 4.140997771173715591e-03 1.732631208142265677e-04 4.270862064004177228e-06 6.159256571436344530e-08 1.406066707509978642e-09 7.289956016620635637e-08 2.285773007315583527e-06 4.195392830297350883e-05 4.533306637313216925e-04 2.888250164687633514e-03 1.083460729569196701e-02 2.396445907652378082e-02 3.120903111994266510e-02
2.383442036807537079e-02 1.077582500874996185e-02 2.872587647289037704e-03 4.508724377956241369e-04 4.172619082964956760e-05 2.273358859383733943e-06 7.214671171595909982e-08 8.522509364894403916e-10 -3.417687313711503805e-11 6.139723041087563615e-08 4.254762188793392852e-06 1.725950860418379307e-04 4.125016741454601288e-03 5.808883160352706909e-02 4.819740355014801025e-01 2.356250286102294922e+00 6.787147521972656250e+00 1.151916599273681641e+01 1.151916599273681641e+01 6.787156581878662109e+00 2.356254339218139648e+00 4.819740355014801025e-01 5.808876454830169678e-02 4.125033970922231674e-03 1.725950714899227023e-04 4.254412488080561161e-06 6.136511387921927962e-08 1.387551296083699981e-09 7.248977595963879139e-08 2.273265408803126775e-06 4.172623812337405980e-05 4.508701385930180550e-04 2.872573677450418472e-03 1.077579800039529800e-02 2.383439801633358002e-02 3.103962913155555725e-02
2.371064573526382446e-02 1.071987114846706390e-02 2.857669023796916008e-03 4.485309473238885403e-04 4.150951281189918518e-05 2.261516328871948645e-06 7.173748883815278532e-08 7.817705927060103477e-10 -4.538969460704533887e-12 6.115658379712840542e-08 4.239965164742898196e-06 1.719938009046018124e-04 4.110644105821847916e-03 5.788645893335342407e-02 4.802950024604797363e-01 2.348045349121093750e+00 6.763508796691894531e+00 1.147902202606201172e+01 1.147902202606201172e+01 6.763515472412109375e+00 2.348048925399780273e+00 4.802950024604797363e-01 5.788639932870864868e-02 4.110664129257202148e-03 1.719938009046018124e-04 4.239573627273784950e-06 6.110853689733630745e-08 1.302144725379150714e-09 7.213822073026676662e-08 2.261444933537859470e-06 4.150952736381441355e-05 4.485285317059606314e-04 2.857655286788940430e-03 1.071984041482210159e-02 2.371061965823173523e-02 3.087844327092170715e-02
2.359379641711711884e-02 1.066705118864774704e-02 2.843586495146155357e-03 4.463210352696478367e-04 4.130499291932210326e-05 2.250376383017282933e-06 7.132297241696505807e-08 7.824957348745442687e-10 -7.720613731665437740e-11 6.097315008446457796e-08 4.226584678690414876e-06 1.714528043521568179e-04 4.097714088857173920e-03 5.770439282059669495e-02 4.787844121456146240e-01 2.340656995773315430e+00 6.742226600646972656e+00 1.144291305541992188e+01 1.144291305541992188e+01 6.742235660552978516e+00 2.340661287307739258e+00 4.787843823432922363e-01 5.770432949066162109e-02 4.097733180969953537e-03 1.714529062155634165e-04 4.226249529892811552e-06 6.092884063946257811e-08 1.313529618407471844e-09 7.171452409693301888e-08 2.250304305562167428e-06 4.130505112698301673e-05 4.463184450287371874e-04 2.843573689460754395e-03 1.066701859235763550e-02 2.359377220273017883e-02 3.072628565132617950e-02
2.348424866795539856e-02 1.061751972883939743e-02 2.830382902175188065e-03 4.442485223989933729e-04 4.111320231459103525e-05 2.239912191726034507e-06 7.104937083113327390e-08 7.976361793282649160e-10 -5.982209866361998252e-11 6.084122361471600016e-08 4.214605269226012751e-06 1.709657663013786077e-04 4.086076747626066208e-03 5.754049494862556458e-02 4.774239957332611084e-01 2.334010601043701172e+00 6.723081111907958984e+00 1.141043186187744141e+01 1.141043186187744141e+01 6.723090171813964844e+00 2.334014654159545898e+00 4.774239659309387207e-01 5.754042789340019226e-02 4.086095374077558517e-03 1.709660282358527184e-04 4.214264208712847903e-06 6.070373359534642077e-08 1.278838035467799727e-09 7.138116586702381028e-08 2.239840341644594446e-06 4.111328598810359836e-05 4.442462231963872910e-04 2.830369630828499794e-03 1.061748899519443512e-02 2.348422631621360779e-02 3.058360889554023743e-02
2.338208630681037903e-02 1.057132426649332047e-02 2.818070584908127785e-03 4.423155914992094040e-04 4.093427196494303644e-05 2.230199015684775077e-06 7.074684305052869604e-08 8.340277357632430721e-10 -6.901183791097054154e-11 6.072242086929691141e-08 4.203817297820933163e-06 1.705276663415133953e-04 4.075605422258377075e-03 5.739297345280647278e-02 4.762002229690551758e-01 2.328026533126831055e+00 6.705842494964599609e+00 1.138118457794189453e+01 1.138118457794189453e+01 6.705854892730712891e+00 2.328031539916992188e+00 4.762001633644104004e-01 5.739289894700050354e-02 4.075623117387294769e-03 1.705276954453438520e-04 4.203406660963082686e-06 6.049393874718589359e-08 1.312655872887091846e-09 7.110135413768148283e-08 2.230084191978676245e-06 4.093445022590458393e-05 4.423133796080946922e-04 2.818057779222726822e-03 1.057129818946123123e-02 2.338206022977828979e-02 3.045056946575641632e-02
2.328724600374698639e-02 1.052845828235149384e-02 2.806639298796653748e-03 4.405215440783649683e-04 4.076821278431452811e-05 2.221176828243187629e-06 7.055257356114452705e-08 8.357362579758387255e-10 -7.728261086636933896e-11 6.054926160459217499e-08 4.194059329165611416e-06 1.701331493677571416e-04 4.066176712512969971e-03 5.726026743650436401e-02 4.750992953777313232e-01 2.322640895843505859e+00 6.690340042114257812e+00 1.135486125946044922e+01 1.135486125946044922e+01 6.690348148345947266e+00 2.322645664215087891e+00 4.750992953777313232e-01 5.726019665598869324e-02 4.066194873303174973e-03 1.701332366792485118e-04 4.193692348053446040e-06 6.037949873416437185e-08 1.277160932566800966e-09 7.079019326283741975e-08 2.221061322416062467e-06 4.076842742506414652e-05 4.405192739795893431e-04 2.806626027449965477e-03 1.052842568606138229e-02 2.328722178936004639e-02 3.032705187797546387e-02
2.319953776895999908e-02 1.048879791051149368e-02 2.796069951727986336e-03 4.388626548461616039e-04 4.061471918248571455e-05 2.212835852333228104e-06 7.034507376602050499e-08 8.828054398613005560e-10 -1.849888991989345755e-11 6.042659350669055129e-08 4.185265424894168973e-06 1.697781553957611322e-04 4.057691432535648346e-03 5.714077502489089966e-02 4.741079211235046387e-01 2.317798614501953125e+00 6.676382064819335938e+00 1.133116436004638672e+01 1.133116436004638672e+01 6.676390171051025391e+00 2.317802429199218750e+00 4.741079211235046387e-01 5.714070796966552734e-02 4.057710990309715271e-03 1.697781990515068173e-04 4.184983936283970252e-06 6.026613164067384787e-08 1.382840175701005592e-09 7.055717077264489490e-08 2.212703293480444700e-06 4.061489016748964787e-05 4.388604429550468922e-04 2.796057611703872681e-03 1.048876997083425522e-02 2.319951541721820831e-02 3.021284937858581543e-02
2.311872318387031555e-02 1.045225653797388077e-02 2.786328317597508430e-03 4.373333940748125315e-04 4.047326001455076039e-05 2.205189730375423096e-06 7.004739899230116862e-08 8.051304067890896476e-10 -6.493443976962609554e-11 6.025005205856359680e-08 4.177347364020533860e-06 1.694587699603289366e-04 4.050058312714099884e-03 5.703327059745788574e-02 4.732159078121185303e-01 2.313434362411499023e+00 6.663820266723632812e+00 1.130983829498291016e+01 1.130983829498291016e+01 6.663828849792480469e+00 2.313439130783081055e+00 4.732158780097961426e-01 5.703319981694221497e-02 4.050075076520442963e-03 1.694588281679898500e-04 4.177040864306036383e-06 6.011435971231549047e-08 1.331751042776829763e-09 7.033503379716421477e-08 2.205001010224805214e-06 4.047345282742753625e-05 4.373312694951891899e-04 2.786316676065325737e-03 1.045222766697406769e-02 2.311869896948337555e-02 3.010758012533187866e-02
2.304444275796413422e-02 1.041867956519126892e-02 2.777377376332879066e-03 4.359284648671746254e-04 4.034327139379456639e-05 2.198118863816489466e-06 6.980547340162956971e-08 7.621279163316785343e-10 -9.016971891373515291e-11 6.005790709195935051e-08 4.170227839495055377e-06 1.691712968749925494e-04 4.043186083436012268e-03 5.693650990724563599e-02 4.724130928516387939e-01 2.309509754180908203e+00 6.652516841888427734e+00 1.129065895080566406e+01 1.129065895080566406e+01 6.652525424957275391e+00 2.309514522552490234e+00 4.724130630493164062e-01 5.693644657731056213e-02 4.043204244226217270e-03 1.691713696345686913e-04 4.169868589087855071e-06 5.994307628043316072e-08 1.277194128235237258e-09 7.013579050862972508e-08 2.197890353272669017e-06 4.034342782688327134e-05 4.359265149105340242e-04 2.777364803478121758e-03 1.041865255683660507e-02 2.304442226886749268e-02 3.001085296273231506e-02
2.297635748982429504e-02 1.038789004087448120e-02 2.769168699160218239e-03 4.346403584349900484e-04 4.022409120807424188e-05 2.191654175476287492e-06 6.962409315747208893e-08 7.917224098541453259e-10 -1.128814125506139021e-10 6.001742747230309760e-08 4.163887297181645408e-06 1.689125201664865017e-04 4.037003032863140106e-03 5.684942379593849182e-02 4.716902971267700195e-01 2.305977106094360352e+00 6.642336368560791016e+00 1.127338314056396484e+01 1.127338314056396484e+01 6.642345428466796875e+00 2.305981874465942383e+00 4.716902375221252441e-01 5.684936791658401489e-02 4.037021659314632416e-03 1.689126220298931003e-04 4.163536232226761058e-06 5.993074125854036538e-08 1.305849317567719936e-09 6.990414647134457482e-08 2.191424528064089827e-06 4.022428765892982483e-05 4.346383211668580770e-04 2.769155893474817276e-03 1.038786116987466812e-02 2.297633327543735504e-02 2.992217242717742920e-02
2.291406318545341492e-02 1.035972684621810913e-02 2.761662937700748444e-03 4.334621480666100979e-04 4.011501005152240396e-05 2.185665607612463646e-06 6.947752240193949547e-08 6.734851565326493983e-10 -1.250436143518385279e-10 5.994793639274575980e-08 4.158112005825387314e-06 1.686796458670869470e-04 4.031436983495950699e-03 5.677106231451034546e-02 4.710398912429809570e-01 2.302798032760620117e+00 6.633178234100341797e+00 1.125784587860107422e+01 1.125784587860107422e+01 6.633187294006347656e+00 2.302801847457885742e+00 4.710398614406585693e-01 5.677101388573646545e-02 4.031456075608730316e-03 1.686797477304935455e-04 4.157734110776800662e-06 5.990513329834357137e-08 1.360610624168145932e-09 6.969840882220523781e-08 2.185444827773608267e-06 4.011517376056872308e-05 4.334600234869867563e-04 2.761650364845991135e-03 1.035969704389572144e-02 2.291404455900192261e-02 2.984106168150901794e-02
2.285720221698284149e-02 1.033401861786842346e-02 2.754807705059647560e-03 4.323863540776073933e-04 4.001551133114844561e-05 2.180219780711922795e-06 6.936413399216689868e-08 8.071455726010867693e-10 -3.664855918739107210e-11 5.998476382274020580e-08 4.152915607846807688e-06 1.684701710473746061e-04 4.026430193334817886e-03 5.670046433806419373e-02 4.704546928405761719e-01 2.299934864044189453e+00 6.624934196472167969e+00 1.124386596679687500e+01 1.124386596679687500e+01 6.624943733215332031e+00 2.299939155578613281e+00 4.704546630382537842e-01 5.670040100812911987e-02 4.026447422802448273e-03 1.684700400801375508e-04 4.152608198637608439e-06 5.987163120835248264e-08 1.500366164641775413e-09 6.960620169138564961e-08 2.180104729632148519e-06 4.001567504019476473e-05 4.323844041209667921e-04 2.754794666543602943e-03 1.033399347215890884e-02 2.285716496407985687e-02 2.976699173450469971e-02
2.280535921454429626e-02 1.031058747321367264e-02 2.748559229075908661e-03 4.314057587180286646e-04 3.992481288150884211e-05 2.175345343857770786e-06 6.919115946857345989e-08 8.343077895212047679e-10 -1.504199716173548751e-11 5.991850571263057645e-08 4.148237167100887746e-06 1.682814618106931448e-04 4.021916538476943970e-03 5.663700774312019348e-02 4.699277579784393311e-01 2.297361850738525391e+00 6.617519378662109375e+00 1.123125839233398438e+01 1.123125839233398438e+01 6.617527008056640625e+00 2.297366142272949219e+00 4.699277579784393311e-01 5.663694813847541809e-02 4.021935164928436279e-03 1.682815345702692866e-04 4.148010702920146286e-06 5.979248385301616509e-08 1.519120274018348482e-09 6.944299713040891220e-08 2.175184363295556977e-06 3.992484926129691303e-05 4.314036923460662365e-04 2.748548286035656929e-03 1.031055953353643417e-02 2.280532568693161011e-02 2.969948947429656982e-02
2.275818958878517151e-02 1.028925366699695587e-02 2.742874901741743088e-03 4.305132897570729256e-04 3.984213981311768293e-05 2.170825382563634776e-06 6.904269866936374456e-08 7.635520549165164539e-10 -8.665873574287275005e-11 5.979265438327274751e-08 4.143957539781695232e-06 1.681116264080628753e-04 4.017860163003206253e-03 5.657983943819999695e-02 4.694535732269287109e-01 2.295042276382446289e+00 6.610837459564208984e+00 1.121992397308349609e+01 1.121992397308349609e+01 6.610844135284423828e+00 2.295046567916870117e+00 4.694535434246063232e-01 5.657978355884552002e-02 4.017878323793411255e-03 1.681117428233847022e-04 4.143797013966832310e-06 5.967600458234301186e-08 1.383738790217137193e-09 6.923811213255248731e-08 2.170691686842474155e-06 3.984222348663024604e-05 4.305110778659582138e-04 2.742862794548273087e-03 1.028922852128744125e-02 2.275815606117248535e-02 2.963804081082344055e-02
2.271528542041778564e-02 1.026986539363861084e-02 2.737704198807477951e-03 4.297018458601087332e-04 3.976715015596710145e-05 2.166719923479831778e-06 6.891553283594475943e-08 7.505775445615370245e-10 -3.521578514908974000e-11 5.971249805725165061e-08 4.140119472140213475e-06 1.679587294347584248e-04 4.014208447188138962e-03 5.652843788266181946e-02 4.690270423889160156e-01 2.292957544326782227e+00 6.604830741882324219e+00 1.120973014831542969e+01 1.120973014831542969e+01 6.604840278625488281e+00 2.292961597442626953e+00 4.690269827842712402e-01 5.652835965156555176e-02 4.014227073639631271e-03 1.679587294347584248e-04 4.139983047934947535e-06 5.959157078905263916e-08 1.407797878272276648e-09 6.917760941860251478e-08 2.166591912100557238e-06 3.976722655352205038e-05 4.297000123187899590e-04 2.737691393122076988e-03 1.026983652263879776e-02 2.271526493132114410e-02 2.958219312131404877e-02
2.267632819712162018e-02 1.025224756449460983e-02 2.733010798692703247e-03 4.289651114959269762e-04 3.969889439758844674e-05 2.163017370548914187e-06 6.885187531224801205e-08 7.585616024208263752e-10 -2.203113559640090813e-11 5.970656502540805377e-08 4.136714323976775631e-06 1.678214466664940119e-04 4.010921344161033630e-03 5.648212879896163940e-02 4.686428010463714600e-01 2.291077852249145508e+00 6.599423885345458984e+00 1.120055294036865234e+01 1.120055198669433594e+01 6.599432468414306641e+00 2.291081905364990234e+00 4.686427712440490723e-01 5.648206174373626709e-02 4.010939504951238632e-03 1.678213593550026417e-04 4.136605184612562880e-06 5.961421578604131355e-08 1.361599610838482022e-09 6.906765293024363928e-08 2.162890496038016863e-06 3.969907993450760841e-05 4.289631906431168318e-04 2.732998458668589592e-03 1.025222335010766983e-02 2.267630398273468018e-02 2.953145839273929596e-02
2.264101617038249969e-02 1.023627817630767822e-02 2.728751394897699356e-03 4.282969457563012838e-04 3.963696144637651742e-05 2.159627001674380153e-06 6.884580017185726319e-08 7.295286041930637566e-10 -1.886200180420405381e-12 5.960195181842209422e-08 4.133647507842397317e-06 1.676975080044940114e-04 4.007962066680192947e-03 5.644047632813453674e-02 4.682969748973846436e-01 2.289389133453369141e+00 6.594552516937255859e+00 1.119228553771972656e+01 1.119228553771972656e+01 6.594561576843261719e+00 2.289393186569213867e+00 4.682969748973846436e-01 5.644042044878005981e-02 4.007982090115547180e-03 1.676974934525787830e-04 4.133585207455325872e-06 5.963247673435034812e-08 1.336282418051837340e-09 6.891862369684531586e-08 2.159455789296771400e-06 3.963720155297778547e-05 4.282948211766779423e-04 2.728738822042942047e-03 1.023625209927558899e-02 2.264099568128585815e-02 2.948545105755329132e-02
2.260899543762207031e-02 1.022180262953042984e-02 2.724894322454929352e-03 4.276911204215139151e-04 3.958095112466253340e-05 2.156635446226573549e-06 6.884138770146819297e-08 8.048106625579976026e-10 1.624414318335265506e-11 5.957402393619304348e-08 4.130970864935079589e-06 1.675861858529970050e-04 4.005298018455505371e-03 5.640296638011932373e-02 4.679858386516571045e-01 2.287868022918701172e+00 6.590171813964843750e+00 1.118485450744628906e+01 1.118485450744628906e+01 6.590179920196533203e+00 2.287873029708862305e+00 4.679858088493347168e-01 5.640291422605514526e-02 4.005317110568284988e-03 1.675860548857599497e-04 4.130846264160936698e-06 5.968593796978893806e-08 1.416677553045531113e-09 6.881638370259679505e-08 2.156435812139534391e-06 3.958116576541215181e-05 4.276892868801951408e-04 2.724881516769528389e-03 1.022177655249834061e-02 2.260897122323513031e-02 2.944376319646835327e-02
2.258000336587429047e-02 1.020869333297014236e-02 2.721399534493684769e-03 4.271427751518785954e-04 3.953026680392213166e-05 2.153892182832350954e-06 6.875409042095270706e-08 8.611810708991640695e-10 7.726144377051546996e-12 5.954881387992827513e-08 4.128483851673081517e-06 1.674858649494126439e-04 4.002902191132307053e-03 5.636923015117645264e-02 4.677058458328247070e-01 2.286498308181762695e+00 6.586229801177978516e+00 1.117816352844238281e+01 1.117816352844238281e+01 6.586238384246826172e+00 2.286501884460449219e+00 4.677058458328247070e-01 5.636916309595108032e-02 4.002920351922512054e-03 1.674857630860060453e-04 4.128380624024430290e-06 5.969089755808454356e-08 1.402408633666141213e-09 6.873506919191640918e-08 2.153682999050943181e-06 3.953051418648101389e-05 4.271408834028989077e-04 2.721387194469571114e-03 1.020866539329290390e-02 2.257997728884220123e-02 2.940600737929344177e-02
2.255375497043132782e-02 1.019683666527271271e-02 2.718238392844796181e-03 4.266461182851344347e-04 3.948438461520709097e-05 2.151391527149826288e-06 6.880436131950773415e-08 7.970509807719849960e-10 8.338356047299377849e-12 5.949301851160271326e-08 4.126316525798756629e-06 1.673956139711663127e-04 4.000744316726922989e-03 5.633889138698577881e-02 4.674541354179382324e-01 2.285268068313598633e+00 6.582676410675048828e+00 1.117214488983154297e+01 1.117214488983154297e+01 6.582684993743896484e+00 2.285272598266601562e+00 4.674541354179382324e-01 5.633881315588951111e-02 4.000763408839702606e-03 1.673954102443531156e-04 4.126128715142840520e-06 5.961708637869378435e-08 1.389864778822413882e-09 6.865409574174918816e-08 2.151242597392410971e-06 3.948465018766000867e-05 4.266443138476461172e-04 2.718225819990038872e-03 1.019680965691804886e-02 2.255373261868953705e-02 2.937182039022445679e-02
2.253003604710102081e-02 1.018610410392284393e-02 2.715378766879439354e-03 4.261973954271525145e-04 3.944279160350561142e-05 2.149123702110955492e-06 6.866257962201416376e-08 7.755522335450848459e-10 1.716781057592431381e-11 5.947600456579493766e-08 4.124227871216135100e-06 1.673143706284463406e-04 3.998802509158849716e-03 5.631149932742118835e-02 4.672269821166992188e-01 2.284158706665039062e+00 6.579487323760986328e+00 1.116671848297119141e+01 1.116671752929687500e+01 6.579494476318359375e+00 2.284162521362304688e+00 4.672269523143768311e-01 5.631143599748611450e-02 3.998820204287767410e-03 1.673142542131245136e-04 4.124170118302572519e-06 5.959423532431173953e-08 1.419964590354538814e-09 6.856747347683267435e-08 2.149010015273233876e-06 3.944311902159824967e-05 4.261957074049860239e-04 2.715366426855325699e-03 1.018607709556818008e-02 2.253001369535923004e-02 2.934093959629535675e-02
2.250859886407852173e-02 1.017641555517911911e-02 2.712794579565525055e-03 4.257918917573988438e-04 3.940523674828000367e-05 2.147021632481482811e-06 6.846549638339638477e-08 6.092612525598894990e-10 -6.594826074124426896e-11 5.939438096902449615e-08 4.122430254938080907e-06 1.672412327025085688e-04 3.997053951025009155e-03 5.628694593906402588e-02 4.670229554176330566e-01 2.283158302307128906e+00 6.576611995697021484e+00 1.116183757781982422e+01 1.116183757781982422e+01 6.576619148254394531e+00 2.283163309097290039e+00 4.670229554176330566e-01 5.628688260912895203e-02 3.997072577476501465e-03 1.672411890467628837e-04 4.122343398194061592e-06 5.949535264448968519e-08 1.294499285542372036e-09 6.841380439936983748e-08 2.146889301002374850e-06 3.940554233849979937e-05 4.257901746314018965e-04 2.712782006710767746e-03 1.017638854682445526e-02 2.250857651233673096e-02 2.931302040815353394e-02
2.248922549188137054e-02 1.016765460371971130e-02 2.710460685193538666e-03 4.254258237779140472e-04 3.937139626941643655e-05 2.145258577002095990e-06 6.836245347585645504e-08 6.934647855949549466e-10 2.481561484080074820e-11 5.935410030133425607e-08 4.120788617001380771e-06 1.671754143899306655e-04 3.995486069470643997e-03 5.626479163765907288e-02 4.668395817279815674e-01 2.282262086868286133e+00 6.574023723602294922e+00 1.115744495391845703e+01 1.115744495391845703e+01 6.574032783508300781e+00 2.282265901565551758e+00 4.668395221233367920e-01 5.626472085714340210e-02 3.995504230260848999e-03 1.671752252150326967e-04 4.120781795791117474e-06 5.948404790956374200e-08 1.390600634643135436e-09 6.841111854782866430e-08 2.145102826034417376e-06 3.937166184186935425e-05 4.254239611327648163e-04 2.710448112338781357e-03 1.016763225197792053e-02 2.248919568955898285e-02 2.928778529167175293e-02
2.247173897922039032e-02 1.015975233167409897e-02 2.708351938053965569e-03 4.250949423294514418e-04 3.934073538403026760e-05 2.143531673937104642e-06 6.837458954578323755e-08 7.506222865494294183e-10 3.199737697023863348e-11 5.938399283422768349e-08 4.119397999602369964e-06 1.671164791332557797e-04 3.994070924818515778e-03 5.624485760927200317e-02 4.666739702224731445e-01 2.281455278396606445e+00 6.571695327758789062e+00 1.115349483489990234e+01 1.115349483489990234e+01 6.571704387664794922e+00 2.281459331512451172e+00 4.666739106178283691e-01 5.624478310346603394e-02 3.994088619947433472e-03 1.671161298872902989e-04 4.119312052353052422e-06 5.955286042080842890e-08 1.418112405282556665e-09 6.837597510411796975e-08 2.143477786376024596e-06 3.934106280212290585e-05 4.250928468536585569e-04 2.708339598029851913e-03 1.015972532331943512e-02 2.247171103954315186e-02 2.926501445472240448e-02
2.245595306158065796e-02 1.015261095017194748e-02 2.706449246034026146e-03 4.247961624059826136e-04 3.931303945137187839e-05 2.142024868589942344e-06 6.830561716242300463e-08 7.441145477571353695e-10 -3.604491358166761472e-11 5.934468916279911355e-08 4.118002834729850292e-06 1.670630736043676734e-04 3.992798272520303726e-03 5.622692033648490906e-02 4.665253758430480957e-01 2.280725240707397461e+00 6.569602966308593750e+00 1.114994430541992188e+01 1.114994430541992188e+01 6.569611072540283203e+00 2.280729770660400391e+00 4.665253758430480957e-01 5.622686818242073059e-02 3.992815967649221420e-03 1.670629717409610748e-04 4.117970547667937353e-06 5.940689007388755272e-08 1.374725444591717860e-09 6.826458331943285884e-08 2.142000084859319031e-06 3.931338142137974501e-05 4.247942997608333826e-04 2.706437604501843452e-03 1.015258394181728363e-02 2.245592325925827026e-02 2.924445271492004395e-02
2.244170010089874268e-02 1.014617085456848145e-02 2.704732585698366165e-03 4.245266900397837162e-04 3.928811202058568597e-05 2.140666993000195362e-06 6.827681886534264777e-08 7.548140446012041593e-10 -1.138395558375471239e-10 5.927627100277277350e-08 4.116880973015213385e-06 1.670151832513511181e-04 3.991650883108377457e-03 5.621077865362167358e-02 4.663914740085601807e-01 2.280073642730712891e+00 6.567719459533691406e+00 1.114674663543701172e+01 1.114674663543701172e+01 6.567728042602539062e+00 2.280079364776611328e+00 4.663914144039154053e-01 5.621072277426719666e-02 3.991669975221157074e-03 1.670149213168770075e-04 4.116739546589087695e-06 5.935147839863930130e-08 1.367167157262372257e-09 6.820598486001472338e-08 2.140673586836783215e-06 3.928839214495383203e-05 4.245247982908040285e-04 2.704720245674252510e-03 1.014614570885896683e-02 2.244167588651180267e-02 2.922590263187885284e-02
2.242885343730449677e-02 1.014036592096090317e-02 2.703185193240642548e-03 4.242835857439786196e-04 3.926557837985455990e-05 2.139379148502484895e-06 6.813471742361798533e-08 6.381977168956609603e-10 -1.507410585244173262e-10 5.928088597784153535e-08 4.115941464988281950e-06 1.669719786150380969e-04 3.990620840340852737e-03 5.619629099965095520e-02 4.662710428237915039e-01 2.279483795166015625e+00 6.566023826599121094e+00 1.114386272430419922e+01 1.114386272430419922e+01 6.566030502319335938e+00 2.279487848281860352e+00 4.662710428237915039e-01 5.619624257087707520e-02 3.990638535469770432e-03 1.669719349592924118e-04 4.115757292311172932e-06 5.933650015776947839e-08 1.319270248600901141e-09 6.816227937633811962e-08 2.139355501640238799e-06 3.926579665858298540e-05 4.242816357873380184e-04 2.703171921893954277e-03 1.014033891260623932e-02 2.242883294820785522e-02 2.920917049050331116e-02
2.241726592183113098e-02 1.013512909412384033e-02 2.701787510886788368e-03 4.240642883814871311e-04 3.924532211385667324e-05 2.138267291229567491e-06 6.812379638176935259e-08 6.946733188684106608e-10 -1.094468404794213257e-10 5.925197399392345687e-08 4.114891453355085105e-06 1.669332123128697276e-04 3.989691380411386490e-03 5.618320778012275696e-02 4.661626219749450684e-01 2.278953313827514648e+00 6.564497470855712891e+00 1.114127635955810547e+01 1.114127635955810547e+01 6.564504623413085938e+00 2.278957605361938477e+00 4.661626219749450684e-01 5.618315935134887695e-02 3.989710472524166107e-03 1.669332268647849560e-04 4.114795956411398947e-06 5.932075453074503457e-08 1.343715361201702763e-09 6.819445275141333696e-08 2.138222271241829731e-06 3.924551856471225619e-05 4.240624839439988136e-04 2.701774705201387405e-03 1.013510022312402725e-02 2.241724543273448944e-02 2.919407933950424194e-02
2.240681834518909454e-02 1.013040263205766678e-02 2.700528362765908241e-03 4.238668188918381929e-04 3.922705582226626575e-05 2.137337787644355558e-06 6.815741215859816293e-08 7.910314070436186284e-10 -1.136740909735145522e-10 5.929210900035286613e-08 4.114018338441383094e-06 1.668982295086607337e-04 3.988857846707105637e-03 5.617142096161842346e-02 4.660652279853820801e-01 2.278479099273681641e+00 6.563123703002929688e+00 1.113893985748291016e+01 1.113893985748291016e+01 6.563132286071777344e+00 2.278483390808105469e+00 4.660652279853820801e-01 5.617136135697364807e-02 3.988875076174736023e-03 1.668981421971693635e-04 4.113881459488766268e-06 5.932533397867700842e-08 1.413168804198505768e-09 6.816593156599992653e-08 2.137295496140723117e-06 3.922724863514304161e-05 4.238648689351975918e-04 2.700516022741794586e-03 1.013037562370300293e-02 2.240680344402790070e-02 2.918047457933425903e-02
2.239741571247577667e-02 1.012614462524652481e-02 2.699394244700670242e-03 4.236885870341211557e-04 3.921056122635491192e-05 2.136466719093732536e-06 6.810357433550962014e-08 7.349513775345428712e-10 -1.174784852731036722e-10 5.932826141474834003e-08 4.113292106922017410e-06 1.668667100602760911e-04 3.988107666373252869e-03 5.616088956594467163e-02 4.659773409366607666e-01 2.278045892715454102e+00 6.561887264251708984e+00 1.113684654235839844e+01 1.113684654235839844e+01 6.561895847320556641e+00 2.278050661087036133e+00 4.659773111343383789e-01 5.616084113717079163e-02 3.988126758486032486e-03 1.668667537160217762e-04 4.113065642741275951e-06 5.935427438430451730e-08 1.366731061658299495e-09 6.810655861499981256e-08 2.136418515874538571e-06 3.921075040125288069e-05 4.236867825966328382e-04 2.699381904676556587e-03 1.012611482292413712e-02 2.239739336073398590e-02 2.916821837425231934e-02
2.238892391324043274e-02 1.012231130152940750e-02 2.698371419683098793e-03 4.235279920976608992e-04 3.919568916899152100e-05 2.135675231329514645e-06 6.809060693058199831e-08 6.979322675348953453e-10 -1.374594466030387707e-10 5.936079006119143742e-08 4.112651822651969269e-06 1.668383629294112325e-04 3.987427800893783569e-03 5.615136027336120605e-02 4.658983945846557617e-01 2.277662992477416992e+00 6.560770511627197266e+00 1.113495826721191406e+01 1.113495826721191406e+01 6.560780525207519531e+00 2.277666807174682617e+00 4.658983349800109863e-01 5.615130811929702759e-02 3.987445030361413956e-03 1.668382901698350906e-04 4.112389888177858666e-06 5.935768143672248698e-08 1.351099898627694529e-09 6.804096841506179771e-08 2.135560407623415813e-06 3.919586015399545431e-05 4.235264204908162355e-04 2.698358613997697830e-03 1.012228336185216904e-02 2.238889411091804504e-02 2.915715798735618591e-02
2.238127775490283966e-02 1.011885330080986023e-02 2.697448944672942162e-03 4.233836370985955000e-04 3.918227230315096676e-05 2.134982878487790003e-06 6.800028984343953198e-08 7.567118598394984019e-10 -1.223286194562689388e-10 5.939002178934060794e-08 4.112067017558729276e-06 1.668129407335072756e-04 3.986820112913846970e-03 5.614276602864265442e-02 4.658268392086029053e-01 2.277312040328979492e+00 6.559770584106445312e+00 1.113325214385986328e+01 1.113325214385986328e+01 6.559779167175292969e+00 2.277317047119140625e+00 4.658268094062805176e-01 5.614271014928817749e-02 3.986837808042764664e-03 1.668128679739311337e-04 4.111764155823038891e-06 5.935863711670208431e-08 1.330970222923610891e-09 6.806041596973955166e-08 2.134833039235672913e-06 3.918252332368865609e-05 4.233814252074807882e-04 2.697438001632690430e-03 1.011882349848747253e-02 2.238125912845134735e-02 2.914719469845294952e-02
2.237438783049583435e-02 1.011573337018489838e-02 2.696618670597672462e-03 4.232531646266579628e-04 3.917020512744784355e-05 2.134285523425205611e-06 6.787159634313866263e-08 6.699155674638745950e-10 -1.666598387073392473e-10 5.941637581940995005e-08 4.111469479539664462e-06 1.667898759478703141e-04 3.986273892223834991e-03 5.613504350185394287e-02 4.657629132270812988e-01 2.277000904083251953e+00 6.558866977691650391e+00 1.113171958923339844e+01 1.113171958923339844e+01 6.558874130249023438e+00 2.277004480361938477e+00 4.657629132270812988e-01 5.613498762249946594e-02 3.986292518675327301e-03 1.667899487074464560e-04 4.111235284653957933e-06 5.930589352942661208e-08 1.267918103842191613e-09 6.801759866448264802e-08 2.134164788003545254e-06 3.917052890756167471e-05 4.232512728776782751e-04 2.696607029065489769e-03 1.011570543050765991e-02 2.237436175346374512e-02 2.913822792470455170e-02
2.236774191260337830e-02 1.011273171752691269e-02 2.695818897336721420e-03 4.231275815982371569e-04 3.915862907888367772e-05 2.133662519554491155e-06 6.784533468362496933e-08 7.139051572124799350e-10 -1.817227618383654431e-10 5.947322279098443687e-08 4.111001999262953177e-06 1.667692267801612616e-04 3.985776100307703018e-03 5.612803250551223755e-02 4.657053053379058838e-01 2.276717901229858398e+00 6.558053016662597656e+00 1.113034057617187500e+01 1.113034057617187500e+01 6.558061599731445312e+00 2.276722192764282227e+00 4.657052457332611084e-01 5.612796545028686523e-02 3.985795192420482635e-03 1.667692267801612616e-04 4.110725967620965093e-06 5.925843282739151618e-08 1.327799425965281443e-09 6.799464102869023918e-08 2.133594762199209072e-06 3.915896377293393016e-05 4.231255152262747288e-04 2.695807022973895073e-03 1.011270470917224884e-02 2.236772328615188599e-02 2.912959083914756775e-02
2.236323244869709015e-02 1.011069305241107941e-02 2.695273375138640404e-03 4.230421909596771002e-04 3.915070192306302488e-05 2.133237785528763197e-06 6.784546258131740615e-08 7.503913601603073857e-10 -1.538871807760244792e-10 5.952439963152755809e-08 4.110580903216032311e-06 1.667507021920755506e-04 3.985331859439611435e-03 5.612184852361679077e-02 4.656534790992736816e-01 2.276462793350219727e+00 6.557325839996337891e+00 1.112910175323486328e+01 1.112910175323486328e+01 6.557333469390869141e+00 2.276466846466064453e+00 4.656534194946289062e-01 5.612177774310112000e-02 3.985350020229816437e-03 1.667507021920755506e-04 4.110303507331991568e-06 5.928579938085931644e-08 1.450436992733727948e-09 6.797033336169988615e-08 2.133158204742358066e-06 3.915101115126162767e-05 4.230401245877146721e-04 2.695261500775814056e-03 1.011066418141126633e-02 2.236320264637470245e-02 2.912370488047599792e-02
2.236204966902732849e-02 1.011015567928552628e-02 2.695132279768586159e-03 4.230198101140558720e-04 3.914863191312178969e-05 2.133102952939225361e-06 6.785736417214138783e-08 7.521848144342868636e-10 -1.785057240910603582e-10 5.953723558604906430e-08 4.110198915441287681e-06 1.667339529376477003e-04 3.984934184700250626e-03 5.611620470881462097e-02 4.656066298484802246e-01 2.276236295700073242e+00 6.556665897369384766e+00 1.112798690795898438e+01 1.112798595428466797e+01 6.556674003601074219e+00 2.276240587234497070e+00 4.656065702438354492e-01 5.611614137887954712e-02 3.984951414167881012e-03 1.667337928665801883e-04 4.109884230274474248e-06 5.932312774348247331e-08 1.529913751241451791e-09 6.794452644953707932e-08 2.133055659214733168e-06 3.914893386536277831e-05 4.230178019497543573e-04 2.695120172575116158e-03 1.011013146489858627e-02 2.236202731728553772e-02 2.912216819822788239e-02
2.236535027623176575e-02 1.011165603995323181e-02 2.695529954507946968e-03 4.230822669342160225e-04 3.915447814506478608e-05 2.133412408511503600e-06 6.792026141511087189e-08 7.693214398862835424e-10 -2.172192425931029902e-10 5.941637937212362885e-08 4.109728706680471078e-06 1.667187752900645137e-04 3.984571434557437897e-03 5.611112341284751892e-02 4.655643999576568604e-01 2.276029348373413086e+00 6.556072711944580078e+00 1.112697696685791016e+01 1.112697696685791016e+01 6.556079864501953125e+00 2.276032924652099609e+00 4.655643403530120850e-01 5.611106753349304199e-02 3.984590992331504822e-03 1.667187025304883718e-04 4.109499514015624300e-06 5.933572211347382108e-08 1.540978789016378414e-09 6.793678863914465182e-08 2.133328280251589604e-06 3.915466004400514066e-05 4.230804333928972483e-04 2.695517614483833313e-03 1.011162810027599335e-02 2.236532792448997498e-02 2.912646345794200897e-02
2.237755991518497467e-02 1.011717040091753006e-02 2.697000978514552116e-03 4.233132349327206612e-04 3.917581489076837897e-05 2.134600435965694487e-06 6.798318707978978637e-08 7.185164685452605227e-10 -1.527203363771434397e-10 5.940702862972102594e-08 4.109434485144447535e-06 1.667050819378346205e-04 3.984250128269195557e-03 5.610658973455429077e-02 4.655266702175140381e-01 2.275846004486083984e+00 6.555537223815917969e+00 1.112608242034912109e+01 1.112608146667480469e+01 6.555545330047607422e+00 2.275851011276245117e+00 4.655266702175140381e-01 5.610652640461921692e-02 3.984269220381975174e-03 1.667051983531564474e-04 4.109142537345178425e-06 5.935759617159419577e-08 1.566466734104210445e-09 6.802335406064230483e-08 2.134499482053797692e-06 3.917596404789946973e-05 4.233111685607582331e-04 2.696988405659794807e-03 1.011714152991771698e-02 2.237753756344318390e-02 2.914236672222614288e-02
2.240350469946861267e-02 1.012889295816421509e-02 2.700126031413674355e-03 4.238039255142211914e-04 3.922123505617491901e-05 2.136999682988971472e-06 6.806495633782105870e-08 7.597161233441340755e-10 -1.526202636492612896e-10 5.943164183008775581e-08 4.109171641175635159e-06 1.666928583290427923e-04 3.983955364674329758e-03 5.610246956348419189e-02 4.654927253723144531e-01 2.275678634643554688e+00 6.555062294006347656e+00 1.112525653839111328e+01 1.112525653839111328e+01 6.555071353912353516e+00 2.275683164596557617e+00 4.654926657676696777e-01 5.610241740942001343e-02 3.983975388109683990e-03 1.666929456405341625e-04 4.108894245291594416e-06 5.935463676109975495e-08 1.595464760306697372e-09 6.809848684952157782e-08 2.136927150786505081e-06 3.922138785128481686e-05 4.238019755575805902e-04 2.700113691389560699e-03 1.012886594980955124e-02 2.240347489714622498e-02 2.917614951729774475e-02
2.245046198368072510e-02 1.015013083815574646e-02 2.705788705497980118e-03 4.246924072504043579e-04 3.930345701519399881e-05 2.141540107913897373e-06 6.819670517188569647e-08 6.063921031973507070e-10 -1.111381681129230969e-10 5.948692560764357040e-08 4.108864686713786796e-06 1.666821626713499427e-04 3.983695060014724731e-03 5.609877035021781921e-02 4.654620289802551270e-01 2.275527238845825195e+00 6.554627418518066406e+00 1.112452793121337891e+01 1.112452793121337891e+01 6.554635047912597656e+00 2.275532245635986328e+00 4.654619693756103516e-01 5.609871447086334229e-02 3.983714152127504349e-03 1.666821772232651711e-04 4.108643224753905088e-06 5.938447600328800036e-08 1.604707811075911650e-09 6.824289755513746059e-08 2.141357754226191901e-06 3.930371167371049523e-05 4.246903699822723866e-04 2.705775434151291847e-03 1.015010196715593338e-02 2.245044149458408356e-02 2.923732064664363861e-02
2.252229303121566772e-02 1.018260885030031204e-02 2.714443951845169067e-03 4.260508867446333170e-04 3.942925104638561606e-05 2.148433395632309839e-06 6.841739974561278359e-08 7.177880512188039575e-10 -9.863956179634314481e-11 5.943738656810637622e-08 4.108656867174431682e-06 1.666721509536728263e-04 3.983459901064634323e-03 5.609546601772308350e-02 4.654344916343688965e-01 2.275393724441528320e+00 6.554241180419921875e+00 1.112386512756347656e+01 1.112386512756347656e+01 6.554247856140136719e+00 2.275397539138793945e+00 4.654344916343688965e-01 5.609539523720741272e-02 3.983477596193552017e-03 1.666722819209098816e-04 4.108404482394689694e-06 5.938104052916060027e-08 1.609780642120028915e-09 6.849333544778346550e-08 2.148216481145936996e-06 3.942947296309284866e-05 4.260488494765013456e-04 2.714432543143630028e-03 1.018257904797792435e-02 2.252226136624813080e-02 2.933084405958652496e-02
2.262204326689243317e-02 1.022770069539546967e-02 2.726468024775385857e-03 4.279379500076174736e-04 3.960388494306243956e-05 2.157915560019318946e-06 6.862369872351337108e-08 7.414679425998826900e-10 -6.255549550582273355e-11 5.952523807195575500e-08 4.108402208657935262e-06 1.666631287662312388e-04 3.983245231211185455e-03 5.609245225787162781e-02 4.654095172882080078e-01 2.275272369384765625e+00 6.553892612457275391e+00 1.112327194213867188e+01 1.112327194213867188e+01 6.553900718688964844e+00 2.275277376174926758e+00 4.654094874858856201e-01 5.609238520264625549e-02 3.983263392001390457e-03 1.666633324930444360e-04 4.108158009330509230e-06 5.939234881680022227e-08 1.505399138679308635e-09 6.878300951029814314e-08 2.157704102501156740e-06 3.960401954827830195e-05 4.279359418433159590e-04 2.726455917581915855e-03 1.022767554968595505e-02 2.262200973927974701e-02 2.946075797080993652e-02
2.275214716792106628e-02 1.028652768582105637e-02 2.742147305980324745e-03 4.303989990148693323e-04 3.983166971011087298e-05 2.170398147427476943e-06 6.909273508881597081e-08 8.124504402573506923e-10 -7.147190478340448294e-11 5.947183367993602587e-08 4.108177563466597348e-06 1.666550670051947236e-04 3.983055241405963898e-03 5.608975514769554138e-02 4.653872549533843994e-01 2.275163412094116211e+00 6.553573608398437500e+00 1.112274169921875000e+01 1.112274169921875000e+01 6.553583621978759766e+00 2.275167703628540039e+00 4.653872251510620117e-01 5.608969554305076599e-02 3.983074333518743515e-03 1.666552852839231491e-04 4.107895165361696854e-06 5.930150237531961466e-08 1.510500391432856304e-09 6.920008388533460675e-08 2.170138941437471658e-06 3.983189526479691267e-05 4.303972527850419283e-04 2.742134733125567436e-03 1.028649508953094482e-02 2.275211177766323090e-02 2.963018417358398438e-02
2.291366271674633026e-02 1.035955082625150681e-02 2.761614741757512093e-03 4.334546683821827173e-04 4.011441706097684801e-05 2.185817493227659725e-06 6.975702149247808848e-08 7.728546691510018718e-10 -6.293990328920529009e-11 5.948993830884319323e-08 4.107971562916645780e-06 1.666478201514109969e-04 3.982883878052234650e-03 5.608732625842094421e-02 4.653671383857727051e-01 2.275065422058105469e+00 6.553289890289306641e+00 1.112226009368896484e+01 1.112226009368896484e+01 6.553298473358154297e+00 2.275069713592529297e+00 4.653671085834503174e-01 5.608727410435676575e-02 3.982902504503726959e-03 1.666480384301394224e-04 4.107753738935571164e-06 5.931905278089288913e-08 1.477403088756545912e-09 6.970689270247021341e-08 2.185585799452383071e-06 4.011468627140857279e-05 4.334524564910680056e-04 2.761601004749536514e-03 1.035951822996139526e-02 2.291363291442394257e-02 2.984051220118999481e-02
2.310505509376525879e-02 1.044607441872358322e-02 2.784679410979151726e-03 4.370752139948308468e-04 4.044951856485567987e-05 2.204016936957486905e-06 7.026471848803339526e-08 8.417352925782495277e-10 -1.380452280264066189e-10 5.950630210804774833e-08 4.107926088181557134e-06 1.666413882048800588e-04 3.982728812843561172e-03 5.608512088656425476e-02 4.653489887714385986e-01 2.274976015090942383e+00 6.553034782409667969e+00 1.112183094024658203e+01 1.112183094024658203e+01 6.553043842315673828e+00 2.274980306625366211e+00 4.653489887714385986e-01 5.608507618308067322e-02 3.982747904956340790e-03 1.666416355874389410e-04 4.107578206458128989e-06 5.934603564128337894e-08 1.532914573054711127e-09 7.019323788881592918e-08 2.203810936407535337e-06 4.044962406624108553e-05 4.370727401692420244e-04 2.784667303785681725e-03 1.044605020433664322e-02 2.310503087937831879e-02 3.008976951241493225e-02
2.332377433776855469e-02 1.054497156292200089e-02 2.811041427776217461e-03 4.412126145325601101e-04 4.083248859387822449e-05 2.224830950581235811e-06 7.095914611454645637e-08 6.926256235217920221e-10 -2.221967471127683780e-10 5.938857228215965733e-08 4.107675977138569579e-06 1.666355383349582553e-04 3.982589580118656158e-03 5.608321726322174072e-02 4.653328657150268555e-01 2.274896383285522461e+00 6.552810192108154297e+00 1.112144184112548828e+01 1.112144184112548828e+01 6.552819728851318359e+00 2.274899959564208984e+00 4.653328061103820801e-01 5.608315393328666687e-02 3.982608206570148468e-03 1.666356693021953106e-04 4.107350832782685757e-06 5.926323254357157566e-08 1.457233556045878231e-09 7.076443608866611612e-08 2.224649733761907555e-06 4.083261592313647270e-05 4.412102571222931147e-04 2.811029553413391113e-03 1.054494734853506088e-02 2.332374639809131622e-02 3.037464432418346405e-02
2.356722950935363770e-02 1.065503992140293121e-02 2.840385772287845612e-03 4.458182665985077620e-04 4.125868144910782576e-05 2.248024884465849027e-06 7.165322557511899504e-08 5.356622367891361591e-10 -3.062120002006452069e-10 5.928257706955264439e-08 4.107460426894249395e-06 1.666301541263237596e-04 3.982461988925933838e-03 5.608143657445907593e-02 4.653179943561553955e-01 2.274826049804687500e+00 6.552606105804443359e+00 1.112108898162841797e+01 1.112108898162841797e+01 6.552614688873291016e+00 2.274830102920532227e+00 4.653179943561553955e-01 5.608138069510459900e-02 3.982481546700000763e-03 1.666304597165435553e-04 4.107205768377752975e-06 5.925390311745104555e-08 1.309013564210204095e-09 7.144608105136285303e-08 2.247771590191405267e-06 4.125874329474754632e-05 4.458159964997321367e-04 2.840371802449226379e-03 1.065500918775796890e-02 2.356719970703125000e-02 3.069168329238891602e-02
2.383163198828697205e-02 1.077457610517740250e-02 2.872252138331532478e-03 4.508198762778192759e-04 4.172157423454336822e-05 2.273243808303959668e-06 7.248001310244944762e-08 6.148081488355217061e-10 -2.990406533509570863e-10 5.925349810809166229e-08 4.107390395802212879e-06 1.666255557211115956e-04 3.982349764555692673e-03 5.607987567782402039e-02 4.653048813343048096e-01 2.274760723114013672e+00 6.552421569824218750e+00 1.112078189849853516e+01 1.112078189849853516e+01 6.552429676055908203e+00 2.274764537811279297e+00 4.653048515319824219e-01 5.607981607317924500e-02 3.982369322329759598e-03 1.666258467594161630e-04 4.107122094865189865e-06 5.921526735619409010e-08 1.328030574399008401e-09 7.224415554674123996e-08 2.272990286655840464e-06 4.172170156380161643e-05 4.508176643867045641e-04 2.872237702831625938e-03 1.077454537153244019e-02 2.383160591125488281e-02 3.103603795170783997e-02
2.411034516990184784e-02 1.090057287365198135e-02 2.905837725847959518e-03 4.560918314382433891e-04 4.220940172672271729e-05 2.299858579135616310e-06 7.336568330629233969e-08 6.994926304848547716e-10 -2.925870379311135139e-10 5.919413936794626352e-08 4.107267614017473534e-06 1.666210882831364870e-04 3.982253838330507278e-03 5.607842653989791870e-02 4.652931392192840576e-01 2.274703741073608398e+00 6.552249908447265625e+00 1.112049484252929688e+01 1.112049388885498047e+01 6.552258968353271484e+00 2.274707794189453125e+00 4.652930796146392822e-01 5.607835203409194946e-02 3.982271999120712280e-03 1.666213793214410543e-04 4.106979758944362402e-06 5.917438272717845393e-08 1.355210943465579021e-09 7.309335359195756610e-08 2.299600510013988242e-06 4.220960181555710733e-05 4.560892120935022831e-04 2.905823057517409325e-03 1.090054586529731750e-02 2.411030791699886322e-02 3.139894083142280579e-02
2.439736202359199524e-02 1.103035639971494675e-02 2.940433565527200699e-03 4.615221987478435040e-04 4.271200305083766580e-05 2.327261199752683751e-06 7.413135705292006605e-08 6.774005245624437066e-10 -4.026765032527634958e-10 5.914073142321285559e-08 4.107089807803276926e-06 1.666172611294314265e-04 3.982157446444034576e-03 5.607717856764793396e-02 4.652825891971588135e-01 2.274651527404785156e+00 6.552104949951171875e+00 1.112023639678955078e+01 1.112023639678955078e+01 6.552112102508544922e+00 2.274655580520629883e+00 4.652825295925140381e-01 5.607711523771286011e-02 3.982177004218101501e-03 1.666174357524141669e-04 4.106783762836130336e-06 5.895119059573517006e-08 1.238068203512909804e-09 7.389949274738683016e-08 2.326989033463178203e-06 4.271219222573563457e-05 4.615196667145937681e-04 2.940418431535363197e-03 1.103032473474740982e-02 2.439733967185020447e-02 3.177276626229286194e-02
2.468911185860633850e-02 1.116225030273199081e-02 2.975594950839877129e-03 4.670402267947793007e-04 4.322261884226463735e-05 2.355075594095978886e-06 7.500006660166036454e-08 7.371994126259551194e-10 -4.106943674031526825e-10 5.912582778933028749e-08 4.106993856112239882e-06 1.666138559812679887e-04 3.982080146670341492e-03 5.607602000236511230e-02 4.652731716632843018e-01 2.274605751037597656e+00 6.551970005035400391e+00 1.112001514434814453e+01 1.112001514434814453e+01 6.551976680755615234e+00 2.274609804153442383e+00 4.652731418609619141e-01 5.607596412301063538e-02 3.982097376137971878e-03 1.666141324676573277e-04 4.106742835574550554e-06 5.900859179064354976e-08 1.240121227930046643e-09 7.471540897086015320e-08 2.354775915591744706e-06 4.322287713875994086e-05 4.670380731113255024e-04 2.975582610815763474e-03 1.116222050040960312e-02 2.468907646834850311e-02 3.215270861983299255e-02
2.497969195246696472e-02 1.129362266510725021e-02 3.010617801919579506e-03 4.725377657450735569e-04 4.373132105683907866e-05 2.382826551183825359e-06 7.582472250078353682e-08 6.720156653372555411e-10 -4.675814735399796973e-10 5.914548850682876946e-08 4.106910637347027659e-06 1.666109164943918586e-04 3.982003778219223022e-03 5.607495456933975220e-02 4.652645885944366455e-01 2.274564266204833984e+00 6.551846981048583984e+00 1.111980438232421875e+01 1.111980438232421875e+01 6.551854610443115234e+00 2.274568080902099609e+00 4.652645587921142578e-01 5.607490241527557373e-02 3.982023335993289948e-03 1.666111493250355124e-04 4.106717369722900912e-06 5.899194732705836941e-08 1.188181997235915333e-09 7.560176840115673258e-08 2.382503907938371412e-06 4.373167394078336656e-05 4.725354956462979317e-04 3.010603599250316620e-03 1.129359565675258636e-02 2.497966401278972626e-02 3.253113478422164917e-02
2.526291273534297943e-02 1.142168603837490082e-02 3.044753102585673332e-03 4.778951697517186403e-04 4.422719939611852169e-05 2.409831267868867144e-06 7.673277480080287205e-08 6.857845402663542700e-10 -4.277164178390080451e-10 5.906384004106257635e-08 4.106894721189746633e-06 1.666080643190070987e-04 3.981941379606723785e-03 5.607404187321662903e-02 4.652567505836486816e-01 2.274526119232177734e+00 6.551740646362304688e+00 1.111962795257568359e+01 1.111962795257568359e+01 6.551747322082519531e+00 2.274531126022338867e+00 4.652566909790039062e-01 5.607397109270095825e-02 3.981959540396928787e-03 1.666083844611421227e-04 4.106613232579547912e-06 5.899028820977036958e-08 1.231032165094347874e-09 7.654725919792326749e-08 2.409566604910651222e-06 4.422744677867740393e-05 4.778928414452821016e-04 3.044737735763192177e-03 1.142165251076221466e-02 2.526289038360118866e-02 3.289998322725296021e-02
2.553403005003929138e-02 1.154425553977489471e-02 3.077427856624126434e-03 4.830235266126692295e-04 4.470178464544005692e-05 2.435596798022743315e-06 7.753836683832560084e-08 6.340209468547186589e-10 -5.077359643834711278e-10 5.912280798270330706e-08 4.106821052118903026e-06 1.666055759415030479e-04 3.981881309300661087e-03 5.607324838638305664e-02 4.652499556541442871e-01 2.274489641189575195e+00 6.551644325256347656e+00 1.111945629119873047e+01 1.111945629119873047e+01 6.551652431488037109e+00 2.274493932723999023e+00 4.652499556541442871e-01 5.607317760586738586e-02 3.981900401413440704e-03 1.666059397393837571e-04 4.106600954401073977e-06 5.899438448864202655e-08 1.118093062579816888e-09 7.727977191507306998e-08 2.435410351608879864e-06 4.470208295970223844e-05 4.830212565138936043e-04 3.077414119616150856e-03 1.154422108083963394e-02 2.553400024771690369e-02 3.325305506587028503e-02
2.578766830265522003e-02 1.165892928838729858e-02 3.107998520135879517e-03 4.878219042439013720e-04 4.514586180448532104e-05 2.459881443428457715e-06 7.829933679204259533e-08 6.640086813725076809e-10 -5.052482321410423083e-10 5.907654809789164574e-08 4.106756023247726262e-06 1.666032476350665092e-04 3.981825895607471466e-03 5.607245489954948425e-02 4.652434587478637695e-01 2.274461507797241211e+00 6.551553726196289062e+00 1.111930847167968750e+01 1.111930847167968750e+01 6.551561832427978516e+00 2.274465560913085938e+00 4.652434289455413818e-01 5.607238039374351501e-02 3.981844987720251083e-03 1.666035241214558482e-04 4.106498181499773636e-06 5.895350341234006919e-08 1.152903883472333746e-09 7.806596613590954803e-08 2.459602001181337982e-06 4.514608735917136073e-05 4.878193722106516361e-04 3.107984783127903938e-03 1.165889482945203781e-02 2.578763663768768311e-02 3.358336165547370911e-02
2.602072246372699738e-02 1.176429819315671921e-02 3.136086976155638695e-03 4.922302905470132828e-04 4.555392297334037721e-05 2.482106083334656432e-06 7.892389675134836580e-08 7.137642699106550026e-10 -5.444009132382632288e-10 5.903488897729403106e-08 4.106765572942094877e-06 1.666011376073583961e-04 3.981776535511016846e-03 5.607175827026367188e-02 4.652379155158996582e-01 2.274432659149169922e+00 6.551474094390869141e+00 1.111917495727539062e+01 1.111917495727539062e+01 6.551480293273925781e+00 2.274436712265014648e+00 4.652378559112548828e-01 5.607169121503829956e-02 3.981795161962509155e-03 1.666015159571543336e-04 4.106440428586211056e-06 5.894042232057472575e-08 1.229925161716494131e-09 7.875025431758331251e-08 2.481802312104264274e-06 4.555402483674697578e-05 4.922280786558985710e-04 3.136074170470237732e-03 1.176426280289888382e-02 2.602069266140460968e-02 3.388690203428268433e-02
2.623010799288749695e-02 1.185895223170518875e-02 3.161319764330983162e-03 4.961909144185483456e-04 4.592054392560385168e-05 2.502030383766395971e-06 7.958553283060609829e-08 7.419858616408703256e-10 -5.216899134907748703e-10 5.912988854106515646e-08 4.106698270334163681e-06 1.665994641371071339e-04 3.981732763350009918e-03 5.607112124562263489e-02 4.652327597141265869e-01 2.274406909942626953e+00 6.551399230957031250e+00 1.111904716491699219e+01 1.111904716491699219e+01 6.551407337188720703e+00 2.274411201477050781e+00 4.652327001094818115e-01 5.607105791568756104e-02 3.981751855462789536e-03 1.665996533120051026e-04 4.106395408598473296e-06 5.887965670581252198e-08 1.227709267581644781e-09 7.940828083974338369e-08 2.501864855730673298e-06 4.592059849528595805e-05 4.961885861121118069e-04 3.161305096000432968e-03 1.185891684144735336e-02 2.623007260262966156e-02 3.415955603122711182e-02
2.641296386718750000e-02 1.194161642342805862e-02 3.183359280228614807e-03 4.996504285372793674e-04 4.624066787073388696e-05 2.519400595701881684e-06 8.021818587167217629e-08 7.259930989711449456e-10 -4.764138528123851302e-10 5.924848167637719598e-08 4.106639607925899327e-06 1.665977033553645015e-04 3.981692716479301453e-03 5.607056245207786560e-02 4.652281105518341064e-01 2.274384260177612305e+00 6.551336765289306641e+00 1.111893844604492188e+01 1.111893844604492188e+01 6.551346302032470703e+00 2.274387836456298828e+00 4.652281105518341064e-01 5.607051029801368713e-02 3.981709945946931839e-03 1.665981399128213525e-04 4.106443157070316374e-06 5.892042409527675773e-08 1.217595246849612067e-09 7.995765827217837796e-08 2.519265990486019291e-06 4.624077337211929262e-05 4.996481584385037422e-04 3.183345776051282883e-03 1.194158662110567093e-02 2.641293592751026154e-02 3.439769893884658813e-02
2.657283470034599304e-02 1.201390847563743591e-02 3.202626248821616173e-03 5.026744911447167397e-04 4.652058123610913754e-05 2.534737632231554016e-06 8.075912916183369816e-08 7.757569586708257248e-10 -3.859961239527365251e-10 5.928895419060609129e-08 4.106724645680515096e-06 1.665962918195873499e-04 3.981656860560178757e-03 5.607007071375846863e-02 4.652237594127655029e-01 2.274364233016967773e+00 6.551275253295898438e+00 1.111883640289306641e+01 1.111883640289306641e+01 6.551282882690429688e+00 2.274368762969970703e+00 4.652237296104431152e-01 5.606999993324279785e-02 3.981675952672958374e-03 1.665966410655528307e-04 4.106494543520966545e-06 5.901506128225264547e-08 1.281971528932501769e-09 8.059208767008385621e-08 2.534619397920323536e-06 4.652078496292233467e-05 5.026722792536020279e-04 3.202612744644284248e-03 1.201387308537960052e-02 2.657280676066875458e-02 3.460581973195075989e-02
2.671581879258155823e-02 1.207854878157377243e-02 3.219860140234231949e-03 5.053796339780092239e-04 4.677088509197346866e-05 2.548295242377207614e-06 8.112147042993456125e-08 7.522508727042520604e-10 -3.956817928862932376e-10 5.932542279651897843e-08 4.106659162061987445e-06 1.665949530433863401e-04 3.981625661253929138e-03 5.606961995363235474e-02 4.652201533317565918e-01 2.274346113204956055e+00 6.551225185394287109e+00 1.111875438690185547e+01 1.111875438690185547e+01 6.551233291625976562e+00 2.274349689483642578e+00 4.652201235294342041e-01 5.606954917311668396e-02 3.981643822044134140e-03 1.665952731855213642e-04 4.106478172616334632e-06 5.901253175011333951e-08 1.287585704723426261e-09 8.096567682969180169e-08 2.548225438658846542e-06 4.677105607697740197e-05 5.053771892562508583e-04 3.219845239073038101e-03 1.207851897925138474e-02 2.671579644083976746e-02 3.479209169745445251e-02
2.684798091650009155e-02 1.213830802589654922e-02 3.235790412873029709e-03 5.078791873529553413e-04 4.700221688835881650e-05 2.560920620453543961e-06 8.144510132979121408e-08 7.973205429223639840e-10 -3.381721846995588976e-10 5.935820723834694945e-08 4.106672349735163152e-06 1.665934541961178184e-04 3.981597721576690674e-03 5.606919527053833008e-02 4.652164876461029053e-01 2.274329423904418945e+00 6.551178455352783203e+00 1.111866188049316406e+01 1.111866188049316406e+01 6.551185131072998047e+00 2.274333238601684570e+00 4.652164280414581299e-01 5.606912076473236084e-02 3.981615882366895676e-03 1.665941235842183232e-04 4.106512733415002003e-06 5.905236122316637193e-08 1.283624428971563702e-09 8.136036910855182214e-08 2.560847178756375797e-06 4.700227873399853706e-05 5.078766844235360622e-04 3.235774580389261246e-03 1.213827822357416153e-02 2.684795483946800232e-02 3.496416658163070679e-02
2.697418257594108582e-02 1.219536270946264267e-02 3.250997513532638550e-03 5.102668073959648609e-04 4.722320591099560261e-05 2.572885705376393162e-06 8.177934063269276521e-08 7.219848607853407430e-10 -2.946911603629587262e-10 5.928834667656701640e-08 4.106621418031863868e-06 1.665923628024756908e-04 3.981571178883314133e-03 5.606883764266967773e-02 4.652137160301208496e-01 2.274314403533935547e+00 6.551131725311279297e+00 1.111859416961669922e+01 1.111859226226806641e+01 6.551138877868652344e+00 2.274318695068359375e+00 4.652137160301208496e-01 5.606878176331520081e-02 3.981589805334806442e-03 1.665929303271695971e-04 4.106402229808736593e-06 5.905440758624536102e-08 1.217239420370219705e-09 8.184395738908278872e-08 2.572880930529208854e-06 4.722327503259293735e-05 5.102641880512237549e-04 3.250983078032732010e-03 1.219532452523708344e-02 2.697415649890899658e-02 3.512854501605033875e-02
2.709881961345672607e-02 1.225170399993658066e-02 3.266022074967622757e-03 5.126252071931958199e-04 4.744137913803569973e-05 2.584729372756555676e-06 8.211864610530028585e-08 6.955735432079279690e-10 -2.886728356354950620e-10 5.932490765303555236e-08 4.106438609596807510e-06 1.665914896875619888e-04 3.981545101851224899e-03 5.606846883893013000e-02 4.652107059955596924e-01 2.274301528930664062e+00 6.551092147827148438e+00 1.111852836608886719e+01 1.111852836608886719e+01 6.551099777221679688e+00 2.274305582046508789e+00 4.652107059955596924e-01 5.606840178370475769e-02 3.981563728302717209e-03 1.665917516220360994e-04 4.106383585167350248e-06 5.906352029683148430e-08 1.364455215480120387e-09 8.222924918754870305e-08 2.584755748102907091e-06 4.744144462165422738e-05 5.126225296407938004e-04 3.266006940975785255e-03 1.225167419761419296e-02 2.709879167377948761e-02 3.529088199138641357e-02
2.722406014800071716e-02 1.230833213776350021e-02 3.281117882579565048e-03 5.149937933310866356e-04 4.766054917126893997e-05 2.596734020698932000e-06 8.255153005620741169e-08 7.007809332826298032e-10 -2.666991627542358856e-10 5.922529666690934391e-08 4.106476808374281973e-06 1.665904419496655464e-04 3.981524612754583359e-03 5.606817826628684998e-02 4.652082622051239014e-01 2.274289608001708984e+00 6.551057815551757812e+00 1.111846256256103516e+01 1.111846256256103516e+01 6.551065444946289062e+00 2.274293661117553711e+00 4.652082026004791260e-01 5.606812983751296997e-02 3.981542773544788361e-03 1.665909076109528542e-04 4.106278993276646361e-06 5.906950306666658435e-08 1.458371867713026404e-09 8.267185336308102706e-08 2.596754256956046447e-06 4.766077108797617257e-05 5.149911157786846161e-04 3.281102515757083893e-03 1.230829115957021713e-02 2.722403220832347870e-02 3.545394912362098694e-02
2.734866179525852203e-02 1.236466784030199051e-02 3.296132897958159447e-03 5.173512618057429790e-04 4.787878788192756474e-05 2.608708882689825259e-06 8.297234188603397342e-08 6.413075070987872550e-10 -2.800362997046335067e-10 5.920185941477029701e-08 4.106570486328564584e-06 1.665895688347518444e-04 3.981506451964378357e-03 5.606794729828834534e-02 4.652063548564910889e-01 2.274277925491333008e+00 6.551025867462158203e+00 1.111841297149658203e+01 1.111841297149658203e+01 6.551033496856689453e+00 2.274281978607177734e+00 4.652062952518463135e-01 5.606788024306297302e-02 3.981524612754583359e-03 1.665901363594457507e-04 4.106235792278312147e-06 5.909588907115903567e-08 1.452723163986036070e-09 8.306113130629455554e-08 2.608666818559868261e-06 4.787906800629571080e-05 5.173488752916455269e-04 3.296117531135678291e-03 1.236463524401187897e-02 2.734863944351673126e-02 3.561629727482795715e-02
2.747263386845588684e-02 1.242072135210037231e-02 3.311074804514646530e-03 5.196960992179811001e-04 4.809576785191893578e-05 2.620507530082250014e-06 8.337871548746988992e-08 7.450740024950164297e-10 -2.506480301089908380e-10 5.924701795834153017e-08 4.106725555175216869e-06 1.665890158619731665e-04 3.981488291174173355e-03 5.606769025325775146e-02 4.652041196823120117e-01 2.274267911911010742e+00 6.550998210906982422e+00 1.111836814880371094e+01 1.111836814880371094e+01 6.551006793975830078e+00 2.274272441864013672e+00 4.652040600776672363e-01 5.606763064861297607e-02 3.981506917625665665e-03 1.665894960751757026e-04 4.106287178728962317e-06 5.920465540043551300e-08 1.514756209353151917e-09 8.346076896259546629e-08 2.620452278279117309e-06 4.809605525224469602e-05 5.196937127038836479e-04 3.311059204861521721e-03 1.242068689316511154e-02 2.747260034084320068e-02 3.577768802642822266e-02
2.759545482695102692e-02 1.247624494135379791e-02 3.325875382870435715e-03 5.220195744186639786e-04 4.831073601962998509e-05 2.632300947880139574e-06 8.383572946968342876e-08 7.287720982240841749e-10 -2.904257667690757216e-10 5.918835555007717630e-08 4.106733285880181938e-06 1.665885356487706304e-04 3.981477115303277969e-03 5.606751143932342529e-02 4.652025401592254639e-01 2.274260520935058594e+00 6.550976276397705078e+00 1.111832523345947266e+01 1.111832523345947266e+01 6.550984382629394531e+00 2.274264097213745117e+00 4.652024805545806885e-01 5.606743320822715759e-02 3.981494810432195663e-03 1.665887830313295126e-04 4.106246251467382535e-06 5.921204859760109684e-08 1.593503773378301958e-09 8.378822258237050846e-08 2.632139739944250323e-06 4.831100159208290279e-05 5.220168968662619591e-04 3.325859783217310905e-03 1.247620675712823868e-02 2.759542502462863922e-02 3.593762964010238647e-02
2.771565318107604980e-02 1.253058854490518570e-02 3.340365132316946983e-03 5.242933984845876694e-04 4.852124038734473288e-05 2.643779907884891145e-06 8.422452424383664038e-08 7.430756010506911480e-10 -3.013900240489419957e-10 5.916865575272822753e-08 4.106807409698376432e-06 1.665878226049244404e-04 3.981462679803371429e-03 5.606730654835700989e-02 4.652010500431060791e-01 2.274252653121948242e+00 6.550951957702636719e+00 1.111829185485839844e+01 1.111829185485839844e+01 6.550962448120117188e+00 2.274256706237792969e+00 4.652009904384613037e-01 5.606725066900253296e-02 3.981481306254863739e-03 1.665882300585508347e-04 4.106150754523696378e-06 5.921870638303516898e-08 1.603475574540880189e-09 8.418990660175040830e-08 2.643616426212247461e-06 4.852158235735259950e-05 5.242911283858120441e-04 3.340350463986396790e-03 1.253055036067962646e-02 2.771562710404396057e-02 3.609417751431465149e-02
2.783319540321826935e-02 1.258372329175472260e-02 3.354530315846204758e-03 5.265162908472120762e-04 4.872691715718246996e-05 2.655006937857251614e-06 8.457119804461399326e-08 7.414626135293644893e-10 -3.029792527975416760e-10 5.918400347582064569e-08 4.106677351956022903e-06 1.665874442551285028e-04 3.981449641287326813e-03 5.606718361377716064e-02 4.651997387409210205e-01 2.274245262145996094e+00 6.550937175750732422e+00 1.111826324462890625e+01 1.111826324462890625e+01 6.550945758819580078e+00 2.274250030517578125e+00 4.651996791362762451e-01 5.606711283326148987e-02 3.981469664722681046e-03 1.665877789491787553e-04 4.106132564629660919e-06 5.918340306720892841e-08 1.627385448621510022e-09 8.454543376501533203e-08 2.654841182447853498e-06 4.872731005889363587e-05 5.265135550871491432e-04 3.354514949023723602e-03 1.258368883281946182e-02 2.783317118883132935e-02 3.624726831912994385e-02
2.794807218015193939e-02 1.263566128909587860e-02 3.368374658748507500e-03 5.286898231133818626e-04 4.892794095212593675e-05 2.665899273779359646e-06 8.486345848268683767e-08 7.151739200850215639e-10 -2.961313971816537105e-10 5.916487921808766259e-08 4.106560027139494196e-06 1.665872114244848490e-04 3.981447312980890274e-03 5.606707185506820679e-02 4.651990532875061035e-01 2.274244070053100586e+00 6.550927639007568359e+00 1.111824798583984375e+01 1.111824703216552734e+01 6.550937652587890625e+00 2.274247646331787109e+00 4.651989936828613281e-01 5.606701225042343140e-02 3.981465939432382584e-03 1.665875315666198730e-04 4.106059805053519085e-06 5.926585444626653043e-08 1.646545122468978661e-09 8.489223546348512173e-08 2.665723286554566585e-06 4.892835931968875229e-05 5.286870291456580162e-04 3.368359291926026344e-03 1.263562683016061783e-02 2.794804982841014862e-02 3.639682754874229431e-02
2.805941551923751831e-02 1.268601417541503906e-02 3.381794318556785583e-03 5.307964165695011616e-04 4.912295844405889511e-05 2.676549001989769749e-06 8.534607331966981292e-08 6.397764540366779329e-10 -2.320179742776318221e-10 5.914766276760019537e-08 4.106469077669316903e-06 1.665873423917219043e-04 3.981445915997028351e-03 5.606712028384208679e-02 4.651992619037628174e-01 2.274244785308837891e+00 6.550930023193359375e+00 1.111824989318847656e+01 1.111824989318847656e+01 6.550938129425048828e+00 2.274248600006103516e+00 4.651992321014404297e-01 5.606704950332641602e-02 3.981464542448520660e-03 1.665876188781112432e-04 4.106034339201869443e-06 5.933798163937353820e-08 1.592100340452873297e-09 8.531556972002363182e-08 2.676330723261344247e-06 4.912350777885876596e-05 5.307938554324209690e-04 3.381778020411729813e-03 1.268598064780235291e-02 2.805938571691513062e-02 3.654187172651290894e-02
2.816634066402912140e-02 1.273434609174728394e-02 3.394680097699165344e-03 5.328184342943131924e-04 4.931008515995927155e-05 2.686787865968653932e-06 8.565891818079762743e-08 7.209264296648143500e-10 -2.239849139495930785e-10 5.906612798867172387e-08 4.106392680114367977e-06 1.665878662606701255e-04 3.981458488851785660e-03 5.606728047132492065e-02 4.652008116245269775e-01 2.274251937866210938e+00 6.550950527191162109e+00 1.111828708648681641e+01 1.111828708648681641e+01 6.550958633422851562e+00 2.274256467819213867e+00 4.652007520198822021e-01 5.606722459197044373e-02 3.981477115303277969e-03 1.665881281951442361e-04 4.106042524654185399e-06 5.923321566569939023e-08 1.529949278378239796e-09 8.566502174289780669e-08 2.686563675524666905e-06 4.931071453029289842e-05 5.328158149495720863e-04 3.394663566723465919e-03 1.273430790752172470e-02 2.816631086170673370e-02 3.668109700083732605e-02
2.827097848057746887e-02 1.278165075927972794e-02 3.407291136682033539e-03 5.347984842956066132e-04 4.949323556502349675e-05 2.696743422347935848e-06 8.596237677238605102e-08 7.132494594941363175e-10 -1.505252311684301958e-10 5.919180168234561279e-08 4.106475444132229313e-06 1.665893360041081905e-04 3.981492947787046432e-03 5.606772378087043762e-02 4.652044773101806641e-01 2.274270057678222656e+00 6.551002502441406250e+00 1.111837863922119141e+01 1.111837768554687500e+01 6.551011562347412109e+00 2.274273633956909180e+00 4.652044177055358887e-01 5.606766417622566223e-02 3.981511574238538742e-03 1.665895542828366160e-04 4.106061624042922631e-06 5.935110891641670605e-08 1.616670797233155099e-09 8.603396395301388111e-08 2.696520141398650594e-06 4.949371214024722576e-05 5.347958067432045937e-04 3.407275071367621422e-03 1.278161909431219101e-02 2.827094867825508118e-02 3.681738302111625671e-02
2.837337926030158997e-02 1.282795611768960953e-02 3.419633489102125168e-03 5.367352277971804142e-04 4.967246059095486999e-05 2.706551640585530549e-06 8.614033220055716811e-08 7.104794530476965519e-10 -1.837481555799769239e-10 5.927225288360205013e-08 4.106592768948758021e-06 1.665920281084254384e-04 3.981557674705982208e-03 5.606865882873535156e-02 4.652122557163238525e-01 2.274306774139404297e+00 6.551109313964843750e+00 1.111856079101562500e+01 1.111855983734130859e+01 6.551116943359375000e+00 2.274310350418090820e+00 4.652121961116790771e-01 5.606859549880027771e-02 3.981577232480049133e-03 1.665922609390690923e-04 4.106165306438924745e-06 5.934077762503875419e-08 1.623033929476491721e-09 8.633657699874675018e-08 2.706339955693692900e-06 4.967295535607263446e-05 5.367328412830829620e-04 3.419617423787713051e-03 1.282792072743177414e-02 2.837334573268890381e-02 3.695072978734970093e-02
2.847450599074363708e-02 1.287366915494203568e-02 3.431820310652256012e-03 5.386476987041532993e-04 4.984955376130528748e-05 2.716140443226322532e-06 8.633938364255300257e-08 6.893595139167985053e-10 -2.550334665674114376e-10 5.927936896910068754e-08 4.106824235350359231e-06 1.665970630710944533e-04 3.981675487011671066e-03 5.607032403349876404e-02 4.652258157730102539e-01 2.274374723434448242e+00 6.551305294036865234e+00 1.111888885498046875e+01 1.111888885498046875e+01 6.551312446594238281e+00 2.274379014968872070e+00 4.652257561683654785e-01 5.607025325298309326e-02 3.981694579124450684e-03 1.665971358306705952e-04 4.106233518541557714e-06 5.924412604940698657e-08 1.523221992982826123e-09 8.652581584556173766e-08 2.715954678933485411e-06 4.984987026546150446e-05 5.386452539823949337e-04 3.431805176660418510e-03 1.287363376468420029e-02 2.847447618842124939e-02 3.708244115114212036e-02
2.857644110918045044e-02 1.291976310312747955e-02 3.444107482209801674e-03 5.405767005868256092e-04 5.002808029530569911e-05 2.725862714214599691e-06 8.668606454875771306e-08 7.572738547345636562e-10 -2.446717828341604672e-10 5.932034596867197251e-08 4.107195763936033472e-06 1.666056487010791898e-04 3.981877584010362625e-03 5.607318505644798279e-02 4.652494490146636963e-01 2.274489402770996094e+00 6.551638126373291016e+00 1.111944961547851562e+01 1.111944961547851562e+01 6.551646232604980469e+00 2.274493217468261719e+00 4.652493894100189209e-01 5.607310310006141663e-02 3.981896210461854935e-03 1.666056487010791898e-04 4.106516826141159981e-06 5.924297497017505520e-08 1.627357026912079618e-09 8.685337604674714385e-08 2.725680815274245106e-06 5.002832403988577425e-05 5.405739648267626762e-04 3.444091416895389557e-03 1.291972678154706955e-02 2.857640944421291351e-02 3.721520304679870605e-02
2.868027053773403168e-02 1.296670921146869659e-02 3.456621663644909859e-03 5.425403942354023457e-04 5.020975368097424507e-05 2.735692760325036943e-06 8.696405018326913705e-08 6.942227903650177723e-10 -2.684391042784284309e-10 5.926020207880355883e-08 4.107428594579687342e-06 1.666196621954441071e-04 3.982217516750097275e-03 5.607793107628822327e-02 4.652891457080841064e-01 2.274683952331542969e+00 6.552195549011230469e+00 1.112039756774902344e+01 1.112039756774902344e+01 6.552202701568603516e+00 2.274688243865966797e+00 4.652890861034393311e-01 5.607787147164344788e-02 3.982235211879014969e-03 1.666198513703420758e-04 4.106921096536098048e-06 5.931780933110530896e-08 1.598706389493997904e-09 8.712130039612020482e-08 2.735499037953559309e-06 5.021001925342716277e-05 5.425378913059830666e-04 3.456606762483716011e-03 1.296667102724313736e-02 2.868023887276649475e-02 3.735037893056869507e-02
2.878589555621147156e-02 1.301446370780467987e-02 3.469352377578616142e-03 5.445386050269007683e-04 5.039487950853072107e-05 2.745799065451137722e-06 8.731132794537188602e-08 8.320194533339986265e-10 -2.732389037252147546e-10 5.937569369507400552e-08 4.108115717826876789e-06 1.666436728555709124e-04 3.982792142778635025e-03 5.608604475855827332e-02 4.653564095497131348e-01 2.275012731552124023e+00 6.553140640258789062e+00 1.112200450897216797e+01 1.112200355529785156e+01 6.553150653839111328e+00 2.275016784667968750e+00 4.653563201427459717e-01 5.608597397804260254e-02 3.982810769230127335e-03 1.666438911342993379e-04 4.107509084860794246e-06 5.925452128963115683e-08 1.722261666614599562e-09 8.750843960569909541e-08 2.745644906099187210e-06 5.039509414928033948e-05 5.445362185128033161e-04 3.469336545094847679e-03 1.301443204283714294e-02 2.878585830330848694e-02 3.748796507716178894e-02
2.889083512127399445e-02 1.306190900504589081e-02 3.482000436633825302e-03 5.465241265483200550e-04 5.057857924839481711e-05 2.755845571300596930e-06 8.779671389902432566e-08 8.960179265216083877e-10 -2.278247729359250684e-10 5.942084158050420228e-08 4.109048404643544927e-06 1.666861789999529719e-04 3.983805887401103973e-03 5.610031262040138245e-02 4.654748141765594482e-01 2.275592327117919922e+00 6.554808616638183594e+00 1.112483501434326172e+01 1.112483501434326172e+01 6.554815769195556641e+00 2.275595664978027344e+00 4.654747247695922852e-01 5.610023811459541321e-02 3.983824513852596283e-03 1.666863681748509407e-04 4.108603661734377965e-06 5.928997737214558583e-08 1.768488910869336905e-09 8.787767313833683147e-08 2.755686182354111224e-06 5.057891758042387664e-05 5.465213325805962086e-04 3.481982508674263954e-03 1.306187827140092850e-02 2.889080159366130829e-02 3.762464225292205811e-02
2.898927591741085052e-02 1.310641132295131683e-02 3.493861760944128036e-03 5.483858403749763966e-04 5.075094304629601538e-05 2.765270437521394342e-06 8.811143459297454683e-08 1.009494376980057950e-09 -2.365115603364387198e-10 5.947445202991730184e-08 4.110978807148057967e-06 1.667603355599567294e-04 3.985583782196044922e-03 5.612536519765853882e-02 4.656827449798583984e-01 2.276606321334838867e+00 6.557734012603759766e+00 1.112979984283447266e+01 1.112979984283447266e+01 6.557743549346923828e+00 2.276611566543579102e+00 4.656827151775360107e-01 5.612529814243316650e-02 3.985602408647537231e-03 1.667608448769897223e-04 4.110491317987907678e-06 5.929629409706649312e-08 1.728606147111122482e-09 8.820781971508040442e-08 2.765102408375241794e-06 5.075121589470654726e-05 5.483830464072525501e-04 3.493846161291003227e-03 1.310637407004833221e-02 2.898924052715301514e-02 3.775280341506004333e-02
2.907465584576129913e-02 1.314501743763685226e-02 3.504154039546847343e-03 5.500010447576642036e-04 5.090050399303436279e-05 2.773368350972305052e-06 8.830831887962631299e-08 1.105419200619905951e-09 -1.116700551473392977e-10 5.948035664005146828e-08 4.114362582186004147e-06 1.668941986281424761e-04 3.988781478255987167e-03 5.617037788033485413e-02 4.660562872886657715e-01 2.278433561325073242e+00 6.562996864318847656e+00 1.113873004913330078e+01 1.113873004913330078e+01 6.563004493713378906e+00 2.278437852859497070e+00 4.660562276840209961e-01 5.617030709981918335e-02 3.988799173384904861e-03 1.668945624260231853e-04 4.113900558877503499e-06 5.939213210126581544e-08 1.805570026824909746e-09 8.854597410845599370e-08 2.773190544758108445e-06 5.090066042612306774e-05 5.499984836205840111e-04 3.504137741401791573e-03 1.314497832208871841e-02 2.907462045550346375e-02 3.786398097872734070e-02
2.913800999522209167e-02 1.317365281283855438e-02 3.511790418997406960e-03 5.511994822882115841e-04 5.101149145048111677e-05 2.779470605673850514e-06 8.866679479524464114e-08 1.082061107382514820e-09 -1.645236030745067524e-10 5.942819214510564052e-08 4.120086487091612071e-06 1.671315258136019111e-04 3.994449507445096970e-03 5.625019967555999756e-02 4.667183756828308105e-01 2.281671285629272461e+00 6.572322845458984375e+00 1.115456199645996094e+01 1.115456199645996094e+01 6.572331428527832031e+00 2.281675100326538086e+00 4.667182564735412598e-01 5.625012889504432678e-02 3.994467202574014664e-03 1.671315258136019111e-04 4.119608092878479511e-06 5.948328052340912109e-08 1.756641498928956935e-09 8.875378654238375020e-08 2.779267333608004265e-06 5.101164060761220753e-05 5.511968047358095646e-04 3.511773655191063881e-03 1.317361835390329361e-02 2.913797646760940552e-02 3.794650733470916748e-02
2.917074039578437805e-02 1.318844594061374664e-02 3.515735734254121780e-03 5.518190446309745312e-04 5.106868411530740559e-05 2.782493083941517398e-06 8.868163092756731203e-08 1.015513340085760774e-09 -2.032502222082399612e-10 5.961251048347548931e-08 4.129826720600249246e-06 1.675284438533708453e-04 4.003936424851417542e-03 5.638377740979194641e-02 4.678267240524291992e-01 2.287089586257934570e+00 6.587927818298339844e+00 1.118104457855224609e+01 1.118104362487792969e+01 6.587937355041503906e+00 2.287093639373779297e+00 4.678266048431396484e-01 5.638371780514717102e-02 4.003955516964197159e-03 1.675284875091165304e-04 4.129413810005644336e-06 5.954875703650941432e-08 1.886126144157174167e-09 8.878868129613692872e-08 2.782321416816557758e-06 5.106890966999344528e-05 5.518163088709115982e-04 3.515718970447778702e-03 1.318841334432363510e-02 2.917070873081684113e-02 3.798913583159446716e-02
2.916816994547843933e-02 1.318729482591152191e-02 3.515421412885189056e-03 5.517703248187899590e-04 5.106416938360780478e-05 2.782195679174037650e-06 8.858852851290066610e-08 9.680388712851595301e-10 -3.035126316941472169e-10 5.977480554975045379e-08 4.145255388721125200e-06 1.681532157817855477e-04 4.018865525722503662e-03 5.659402906894683838e-02 4.695712924003601074e-01 2.295617341995239258e+00 6.612493515014648438e+00 1.122273540496826172e+01 1.122273540496826172e+01 6.612502098083496094e+00 2.295620918273925781e+00 4.695712327957153320e-01 5.659395828843116760e-02 4.018883686512708664e-03 1.681531139183789492e-04 4.144801096117589623e-06 5.978851902455062373e-08 1.804359661683463401e-09 8.875077384118412738e-08 2.782071533147245646e-06 5.106442404212430120e-05 5.517675890587270260e-04 3.515406046062707901e-03 1.318725943565368652e-02 2.916813828051090240e-02 3.798576816916465759e-02
2.912987768650054932e-02 1.316996943205595016e-02 3.510804614052176476e-03 5.510450573638081551e-04 5.099707050248980522e-05 2.778555426630191505e-06 8.853115218698803801e-08 1.024661022697159751e-09 -2.106517044131450689e-10 6.013372910729231080e-08 4.166955022810725495e-06 1.690326171228662133e-04 4.039877559989690781e-03 5.688991025090217590e-02 4.720261991024017334e-01 2.307619571685791016e+00 6.647068023681640625e+00 1.128141880035400391e+01 1.128141880035400391e+01 6.647076129913330078e+00 2.307623624801635742e+00 4.720261394977569580e-01 5.688983947038650513e-02 4.039896186441183090e-03 1.690323988441377878e-04 4.166580310993595049e-06 6.017127418544987449e-08 1.912681790727788211e-09 8.864900991056856583e-08 2.778404905257048085e-06 5.099736881675198674e-05 5.510424962267279625e-04 3.510788315907120705e-03 1.316993404179811478e-02 2.912984229624271393e-02 3.793590143322944641e-02
2.906447462737560272e-02 1.314041297882795334e-02 3.502925625070929527e-03 5.498088430613279343e-04 5.088260877528227866e-05 2.772350853774696589e-06 8.832326869878670550e-08 9.721424776287790337e-10 -2.170216645280831358e-10 6.052117385024757823e-08 4.195410383545095101e-06 1.701886212686076760e-04 4.067506175488233566e-03 5.727897584438323975e-02 4.752543270587921143e-01 2.323402643203735352e+00 6.692526340484619141e+00 1.135856914520263672e+01 1.135856914520263672e+01 6.692536354064941406e+00 2.323407411575317383e+00 4.752542674541473389e-01 5.727891251444816589e-02 4.067524801939725876e-03 1.701884029898792505e-04 4.195042038190877065e-06 6.050019152326058247e-08 1.832275109414638337e-09 8.845521648481735610e-08 2.772193511191289872e-06 5.088290345156565309e-05 5.498063983395695686e-04 3.502910025417804718e-03 1.314037665724754333e-02 2.906444855034351349e-02 3.785077482461929321e-02
2.898466028273105621e-02 1.310432609170675278e-02 3.493307624012231827e-03 5.482985288836061954e-04 5.074281216366216540e-05 2.764723376458277926e-06 8.804486384406118304e-08 1.028363949551192036e-09 -1.802280824581004026e-10 6.106858307930451701e-08 4.230208105582278222e-06 1.715990802040323615e-04 4.101213533431291580e-03 5.775367841124534607e-02 4.791930913925170898e-01 2.342656850814819336e+00 6.747990608215332031e+00 1.145270156860351562e+01 1.145270061492919922e+01 6.747998714447021484e+00 2.342660903930664062e+00 4.791930019855499268e-01 5.775360018014907837e-02 4.101232159882783890e-03 1.715988910291343927e-04 4.229846581438323483e-06 6.106990468879303080e-08 1.842339725222075231e-09 8.818523866693794844e-08 2.764524651865940541e-06 5.074303771834820509e-05 5.482960259541869164e-04 3.493292024359107018e-03 1.310428790748119354e-02 2.898463606834411621e-02 3.774682432413101196e-02
2.890719473361968994e-02 1.306929532438516617e-02 3.483971348032355309e-03 5.468330928124487400e-04 5.060714465798810124e-05 2.757378979367786087e-06 8.777497129131006659e-08 1.041715380623031706e-09 -1.377333941343650281e-10 6.165694799165066797e-08 4.270264071237761527e-06 1.732282689772546291e-04 4.140149801969528198e-03 5.830195546150207520e-02 4.837424755096435547e-01 2.364897012710571289e+00 6.812051773071289062e+00 1.156142807006835938e+01 1.156142807006835938e+01 6.812062263488769531e+00 2.364902019500732422e+00 4.837424159049987793e-01 5.830189213156700134e-02 4.140168428421020508e-03 1.732279924908652902e-04 4.269980763638159260e-06 6.163028842820494901e-08 1.774885238781109820e-09 8.795854711252104607e-08 2.757164338618167676e-06 5.060737385065294802e-05 5.468307645060122013e-04 3.483953885734081268e-03 1.306925993412733078e-02 2.890716493129730225e-02 3.764592111110687256e-02
2.885010838508605957e-02 1.304348744451999664e-02 3.477090271189808846e-03 5.457533407025039196e-04 5.050734034739434719e-05 2.751988176896702498e-06 8.762874159629063797e-08 1.033044871867616621e-09 -1.893536022423703002e-10 6.222705906111514196e-08 4.316076228860765696e-06 1.750850642565637827e-04 4.184529185295104980e-03 5.892691388726234436e-02 4.889277517795562744e-01 2.390246868133544922e+00 6.885073184967041016e+00 1.168536090850830078e+01 1.168535995483398438e+01 6.885081768035888672e+00 2.390250921249389648e+00 4.889276325702667236e-01 5.892684310674667358e-02 4.184548277407884598e-03 1.750847441144287586e-04 4.315690603107213974e-06 6.224971116353117395e-08 1.703389873597416226e-09 8.775665349958217121e-08 2.751653710220125504e-06 5.050739491707645357e-05 5.457503721117973328e-04 3.477072576060891151e-03 1.304345391690731049e-02 2.885008230805397034e-02 3.757159411907196045e-02
2.882815711200237274e-02 1.303356606513261795e-02 3.474444150924682617e-03 5.453383200801908970e-04 5.046885416959412396e-05 2.749846316874027252e-06 8.760429892618049053e-08 1.014898387552420900e-09 -2.343391591885790604e-10 6.301155508481315337e-08 4.369023827166529372e-06 1.772368559613823891e-04 4.235955420881509781e-03 5.965109914541244507e-02 4.949365258216857910e-01 2.419621944427490234e+00 6.969687938690185547e+00 1.182896614074707031e+01 1.182896614074707031e+01 6.969695091247558594e+00 2.419626474380493164e+00 4.949364662170410156e-01 5.965102836489677429e-02 4.235974978655576706e-03 1.772364485077559948e-04 4.368712779978523031e-06 6.298920851577349822e-08 1.710427688372817556e-09 8.765493930695811287e-08 2.749612121988320723e-06 5.046895967097952962e-05 5.453354096971452236e-04 3.474429016932845116e-03 1.303352974355220795e-02 2.882812172174453735e-02 3.754298388957977295e-02
2.885037474334239960e-02 1.304360479116439819e-02 3.477121237665414810e-03 5.457591614685952663e-04 5.050767140346579254e-05 2.751960437308298424e-06 8.781996285733839613e-08 9.116509214202039857e-10 -2.149299349607503018e-10 6.391199036670514033e-08 4.432331934367539361e-06 1.798086450435221195e-04 4.297423176467418671e-03 6.051668152213096619e-02 5.021181702613830566e-01 2.454731941223144531e+00 7.070822238922119141e+00 1.200061321258544922e+01 1.200061321258544922e+01 7.070830345153808594e+00 2.454736232757568359e+00 5.021181702613830566e-01 6.051661074161529541e-02 4.297441802918910980e-03 1.798082375898957253e-04 4.432140030985465273e-06 6.401729990557214478e-08 1.750635858499549613e-09 8.771245774141789298e-08 2.751666215772274882e-06 5.050790423410944641e-05 5.457561346702277660e-04 3.477105638012290001e-03 1.304357126355171204e-02 2.885035052895545959e-02 3.757192939519882202e-02
2.891849726438522339e-02 1.307441107928752899e-02 3.485331311821937561e-03 5.470470059663057327e-04 5.062694253865629435e-05 2.758503342192852870e-06 8.797199058108162717e-08 8.787595096038103293e-10 -1.126867904543971122e-10 6.492174975392117631e-08 4.505384367803344503e-06 1.827722007874399424e-04 4.368255846202373505e-03 6.151419878005981445e-02 5.103946328163146973e-01 2.495193481445312500e+00 7.187371253967285156e+00 1.219842147827148438e+01 1.219842147827148438e+01 7.187381744384765625e+00 2.495197296142578125e+00 5.103945732116699219e-01 6.151412054896354675e-02 4.368275403976440430e-03 1.827719679567962885e-04 4.505122888076584786e-06 6.508178529429642367e-08 1.661522364138079411e-09 8.795736761157968431e-08 2.758187520157662220e-06 5.062729178462177515e-05 5.470442702062427998e-04 3.485315944999456406e-03 1.307437382638454437e-02 2.891846001148223877e-02 3.766060993075370789e-02
2.903116680681705475e-02 1.312534976750612259e-02 3.498911391943693161e-03 5.491785705089569092e-04 5.082415009383112192e-05 2.769271759461844340e-06 8.838090082008420723e-08 8.574397858396309857e-10 -5.248752821263025226e-11 6.601496949087959365e-08 4.581618668453302234e-06 1.858623872976750135e-04 4.442110192030668259e-03 6.255418807268142700e-02 5.190237164497375488e-01 2.537378787994384766e+00 7.308884143829345703e+00 1.240465641021728516e+01 1.240465641021728516e+01 7.308894157409667969e+00 2.537383079528808594e+00 5.190235972404479980e-01 6.255412101745605469e-02 4.442130215466022491e-03 1.858621108112856746e-04 4.581383109325543046e-06 6.621000636641838355e-08 1.763256096687371155e-09 8.827385755694194813e-08 2.768889089566073380e-06 5.082444477011449635e-05 5.491760093718767166e-04 3.498895093798637390e-03 1.312531344592571259e-02 2.903113327920436859e-02 3.780736401677131653e-02
2.918815985321998596e-02 1.319633796811103821e-02 3.517832839861512184e-03 5.521489074453711510e-04 5.109894118504598737e-05 2.784169055303209461e-06 8.870973999819398159e-08 7.823769410109093769e-10 2.073335210114879423e-12 6.701029775513234199e-08 4.653357791539747268e-06 1.887678372440859675e-04 4.511550068855285645e-03 6.353203952312469482e-02 5.271373391151428223e-01 2.577043294906616211e+00 7.423139095306396484e+00 1.259856796264648438e+01 1.259856796264648438e+01 7.423148155212402344e+00 2.577048301696777344e+00 5.271372199058532715e-01 6.353197246789932251e-02 4.511570092290639877e-03 1.887676189653575420e-04 4.652965344575932249e-06 6.723900725091880304e-08 1.804637439484224615e-09 8.880338953076716280e-08 2.783883246593177319e-06 5.109924313728697598e-05 5.521457642316818237e-04 3.517817938700318336e-03 1.319630071520805359e-02 2.918812632560729980e-02 3.801183030009269714e-02
2.939204871654510498e-02 1.328849885612726212e-02 3.542405785992741585e-03 5.560058634728193283e-04 5.145585237187333405e-05 2.803608822432579473e-06 8.943487017631923663e-08 9.279874646495045454e-10 -8.161611664281309686e-11 6.793274565097817685e-08 4.715065188065636903e-06 1.912721636472269893e-04 4.571398720145225525e-03 6.437487900257110596e-02 5.341303944587707520e-01 2.611231088638305664e+00 7.521617412567138672e+00 1.276569843292236328e+01 1.276569747924804688e+01 7.521627426147460938e+00 2.611235857009887695e+00 5.341303348541259766e-01 6.437478959560394287e-02 4.571418277919292450e-03 1.912719162646681070e-04 4.714688202511752024e-06 6.807901087313439348e-08 1.886181655308405425e-09 8.936622464261745336e-08 2.803407369356136769e-06 5.145632530911825597e-05 5.560028366744518280e-04 3.542389022186398506e-03 1.328846719115972519e-02 2.939201705157756805e-02 3.827733546495437622e-02
2.963569387793540955e-02 1.339866500347852707e-02 3.571769921109080315e-03 5.606145132333040237e-04 5.188242721487767994e-05 2.826860963978106156e-06 9.013276525138280704e-08 9.845253501339357172e-10 -1.165539470493470731e-10 6.867796997767072753e-08 4.762539902003481984e-06 1.931964507093653083e-04 4.617391154170036316e-03 6.502247601747512817e-02 5.395036935806274414e-01 2.637499809265136719e+00 7.597282886505126953e+00 1.289412879943847656e+01 1.289412879943847656e+01 7.597290992736816406e+00 2.637505054473876953e+00 5.395036339759826660e-01 6.502240151166915894e-02 4.617411177605390549e-03 1.931961305672302842e-04 4.762174285133369267e-06 6.867179536129697226e-08 1.887302092384857133e-09 9.009075085941731231e-08 2.826693389579304494e-06 5.188285649637691677e-05 5.606116028502583504e-04 3.571754321455955505e-03 1.339862775057554245e-02 2.963565662503242493e-02 3.859465569257736206e-02
2.990234270691871643e-02 1.351920887827873230e-02 3.603907767683267593e-03 5.656580906361341476e-04 5.234922355157323182e-05 2.852302714018151164e-06 9.095694508687302005e-08 9.153641178372140530e-10 -1.412393119126775787e-10 6.910494931844368693e-08 4.792916570295346901e-06 1.944324321812018752e-04 4.646931309252977371e-03 6.543851643800735474e-02 5.429554581642150879e-01 2.654375791549682617e+00 7.645893573760986328e+00 1.297661781311035156e+01 1.297661781311035156e+01 7.645903110504150391e+00 2.654380559921264648e+00 5.429553985595703125e-01 6.543842703104019165e-02 4.646949935704469681e-03 1.944321556948125362e-04 4.792580512003041804e-06 6.914914507660796517e-08 1.894771006760720411e-09 9.089011143714742502e-08 2.852104444173164666e-06 5.234960553934797645e-05 5.656551802530884743e-04 3.603891003876924515e-03 1.351917255669832230e-02 2.990229986608028412e-02 3.894190117716789246e-02
3.016869910061359406e-02 1.363964565098285675e-02 3.636012319475412369e-03 5.706975935027003288e-04 5.281555786496028304e-05 2.877728775274590589e-06 9.164122616311942693e-08 9.110586729477176959e-10 -1.404105026692192837e-10 6.931313834002139629e-08 4.805788194062188268e-06 1.949606521520763636e-04 4.659559112042188644e-03 6.561633944511413574e-02 5.444310903549194336e-01 2.661589145660400391e+00 7.666666984558105469e+00 1.301189327239990234e+01 1.301189327239990234e+01 7.666677474975585938e+00 2.661593437194824219e+00 5.444310307502746582e-01 6.561625748872756958e-02 4.659580998122692108e-03 1.949604629771783948e-04 4.805616754310904071e-06 6.927250240096327616e-08 1.833477702994912306e-09 9.160832803445373429e-08 2.877433644243865274e-06 5.281584162730723619e-05 5.706939846277236938e-04 3.635995555669069290e-03 1.363961026072502136e-02 3.016866184771060944e-02 3.928878530859947205e-02
3.041085414588451385e-02 1.374912168830633163e-02 3.665194846689701080e-03 5.752778961323201656e-04 5.323950608726590872e-05 2.900872232203255408e-06 9.243696297289716313e-08 1.141042704766448423e-09 -1.252224851588934484e-10 6.915426098430543789e-08 4.800438546226359904e-06 1.947463169926777482e-04 4.654443357139825821e-03 6.554429233074188232e-02 5.438332557678222656e-01 2.658666133880615234e+00 7.658251285552978516e+00 1.299760150909423828e+01 1.299760150909423828e+01 7.658261775970458984e+00 2.658671379089355469e+00 5.438331365585327148e-01 6.554421037435531616e-02 4.654463846236467361e-03 1.947462151292711496e-04 4.800233455171110108e-06 6.910784833280558814e-08 1.858388887221451569e-09 9.236782005928034778e-08 2.900517984016914852e-06 5.323970253812149167e-05 5.752749275416135788e-04 3.665178781375288963e-03 1.374908350408077240e-02 3.041082248091697693e-02 3.960413858294487000e-02
3.059949539601802826e-02 1.383441127836704254e-02 3.687931457534432411e-03 5.788467824459075928e-04 5.356985275284387171e-05 2.918941618190729059e-06 9.299343162183504319e-08 1.027226192995556175e-09 -1.714885317083414407e-10 6.877911573610617779e-08 4.779572009283583611e-06 1.939052599482238293e-04 4.634341225028038025e-03 6.526121497154235840e-02 5.414845347404479980e-01 2.647183895111083984e+00 7.625177383422851562e+00 1.294146823883056641e+01 1.294146823883056641e+01 7.625185966491699219e+00 2.647188901901245117e+00 5.414843559265136719e-01 6.526113301515579224e-02 4.634361248463392258e-03 1.939050853252410889e-04 4.779335995408473536e-06 6.878315161884529516e-08 1.838024843436869560e-09 9.293392366771513480e-08 2.918575091825914569e-06 5.356998372008092701e-05 5.788436392322182655e-04 3.687914460897445679e-03 1.383437402546405792e-02 3.059946931898593903e-02 3.984980657696723938e-02
3.071507066488265991e-02 1.388665754348039627e-02 3.701857291162014008e-03 5.810324219055473804e-04 5.377229899750091136e-05 2.930033360826200806e-06 9.347536433779168874e-08 1.142089423034065021e-09 -1.156915327427121554e-10 6.825195697501840186e-08 4.745673777506453916e-06 1.925267861224710941e-04 4.601396154612302780e-03 6.479729712009429932e-02 5.376349687576293945e-01 2.628366470336914062e+00 7.570972442626953125e+00 1.284947013854980469e+01 1.284947013854980469e+01 7.570982456207275391e+00 2.628371000289916992e+00 5.376349687576293945e-01 6.479720771312713623e-02 4.601417575031518936e-03 1.925267133628949523e-04 4.745404112327378243e-06 6.827232112982528633e-08 1.806266691772862032e-09 9.337516360119479941e-08 2.929593392764218152e-06 5.377232082537375391e-05 5.810294533148407936e-04 3.701841225847601891e-03 1.388662215322256088e-02 3.071503899991512299e-02 4.000031203031539917e-02
3.074119240045547485e-02 1.389846485108137131e-02 3.705006791278719902e-03 5.815268377773463726e-04 5.381805749493651092e-05 2.932441702796495520e-06 9.358863906072656391e-08 1.218556588966634990e-09 -1.825963824586551709e-10 6.766780558109530830e-08 4.705187620857032016e-06 1.908870035549625754e-04 4.562206566333770752e-03 6.424546241760253906e-02 5.330564975738525391e-01 2.605978012084960938e+00 7.506488323211669922e+00 1.274002742767333984e+01 1.274002742767333984e+01 7.506496429443359375e+00 2.605983972549438477e+00 5.330564379692077637e-01 6.424537301063537598e-02 4.562227055430412292e-03 1.908870908664539456e-04 4.705017090600449592e-06 6.765518634210820892e-08 1.767882396030984182e-09 9.342437579107354395e-08 2.932109737230348401e-06 5.381788650993257761e-05 5.815236363559961319e-04 3.704989561811089516e-03 1.389842387288808823e-02 3.074115887284278870e-02 4.003433510661125183e-02
3.068728558719158173e-02 1.387409679591655731e-02 3.698509186506271362e-03 5.805072723887860775e-04 5.372358282329514623e-05 2.927212790382327512e-06 9.332156025720905745e-08 1.221143519636314068e-09 -1.361828150248101110e-10 6.709232280854848796e-08 4.660897957364795730e-06 1.890874555101618171e-04 4.519197158515453339e-03 6.363974511623382568e-02 5.280309319496154785e-01 2.581412792205810547e+00 7.435725688934326172e+00 1.261992168426513672e+01 1.261992168426513672e+01 7.435733318328857422e+00 2.581417322158813477e+00 5.280308127403259277e-01 6.363967061042785645e-02 4.519217181950807571e-03 1.890877028927206993e-04 4.660647846321808174e-06 6.702918398104884545e-08 1.731753296319027413e-09 9.323516536596798687e-08 2.926924935309216380e-06 5.372364103095605969e-05 5.805042455904185772e-04 3.698491724207997322e-03 1.387406326830387115e-02 3.068725578486919403e-02 3.996410220861434937e-02
3.056395240128040314e-02 1.381833013147115707e-02 3.683647140860557556e-03 5.781741929240524769e-04 5.350757783162407577e-05 2.915375716838752851e-06 9.303560233320240513e-08 1.196565180272557427e-09 -8.684999247554614499e-11 6.645735339816383203e-08 4.615208126779180020e-06 1.872339198598638177e-04 4.474893212318420410e-03 6.301584094762802124e-02 5.228546261787414551e-01 2.556107044219970703e+00 7.362830638885498047e+00 1.249620532989501953e+01 1.249620532989501953e+01 7.362841129302978516e+00 2.556112289428710938e+00 5.228546261787414551e-01 6.301577389240264893e-02 4.474913701415061951e-03 1.872338034445419908e-04 4.614956196746788919e-06 6.637520044705524924e-08 1.689646089708674026e-09 9.287296620641427580e-08 2.915095365096931346e-06 5.350777064450085163e-05 5.781711079180240631e-04 3.683629445731639862e-03 1.381829194724559784e-02 3.056391887366771698e-02 3.980351984500885010e-02
3.038448095321655273e-02 1.373720727860927582e-02 3.662018803879618645e-03 5.747792311012744904e-04 5.319344199961051345e-05 2.898236971304868348e-06 9.243296261729483376e-08 1.133048987966844834e-09 -1.257082771211059935e-10 6.576435396254964871e-08 4.570336841425159946e-06 1.854110596468672156e-04 4.431327339261770248e-03 6.240233778953552246e-02 5.177638530731201172e-01 2.531218051910400391e+00 7.291146278381347656e+00 1.237454128265380859e+01 1.237454128265380859e+01 7.291155338287353516e+00 2.531223058700561523e+00 5.177637934684753418e-01 6.240227445960044861e-02 4.431346897035837173e-03 1.854111324064433575e-04 4.570077180687803775e-06 6.576218680720558041e-08 1.629093304700290901e-09 9.226439345866310759e-08 2.897971171478275210e-06 5.319357296684756875e-05 5.747760878875851631e-04 3.662002040073275566e-03 1.373716909438371658e-02 3.038445301353931427e-02 3.956981003284454346e-02
3.016452491283416748e-02 1.363774668425321579e-02 3.635508706793189049e-03 5.706181400455534458e-04 5.280842742649838328e-05 2.877282895497046411e-06 9.174746651297027711e-08 1.061395638046747081e-09 -1.941352772982796182e-10 6.506776628611987690e-08 4.527147666522068903e-06 1.836593582993373275e-04 4.389459732919931412e-03 6.181276962161064148e-02 5.128720402717590332e-01 2.507303714752197266e+00 7.222261428833007812e+00 1.225762367248535156e+01 1.225762271881103516e+01 7.222270965576171875e+00 2.507308244705200195e+00 5.128719806671142578e-01 6.181269884109497070e-02 4.389479290693998337e-03 1.836593582993373275e-04 4.526845259533729404e-06 6.509779382213309873e-08 1.584889330885630443e-09 9.158041791579307755e-08 2.877033693948760629e-06 5.280855111777782440e-05 5.706151714548468590e-04 3.635491477325558662e-03 1.363771501928567886e-02 3.016449883580207825e-02 3.928335383534431458e-02
2.991279959678649902e-02 1.352395024150609970e-02 3.605166682973504066e-03 5.658564041368663311e-04 5.236764263827353716e-05 2.853314526873873547e-06 9.094247133134558680e-08 1.009324734901895226e-09 -2.559071843322158202e-10 6.448507861023244914e-08 4.486831585381878540e-06 1.820217876229435205e-04 4.350312985479831696e-03 6.126147136092185974e-02 5.082978010177612305e-01 2.484943866729736328e+00 7.157845497131347656e+00 1.214830780029296875e+01 1.214830780029296875e+01 7.157854557037353516e+00 2.484948396682739258e+00 5.082978010177612305e-01 6.126140803098678589e-02 4.350332077592611313e-03 1.820215693442150950e-04 4.486425950744887814e-06 6.449533174190946738e-08 1.582308062353376954e-09 9.083669993970033829e-08 2.853036448868806474e-06 5.236781362327747047e-05 5.658532609231770039e-04 3.605149453505873680e-03 1.352391391992568970e-02 2.991277538239955902e-02 3.895550966262817383e-02
2.964059449732303619e-02 1.340087968856096268e-02 3.572360612452030182e-03 5.607068887911736965e-04 5.189116927795112133e-05 2.827399384841555730e-06 9.011187529495146009e-08 9.697043168443997274e-10 -2.039786395346965264e-10 6.401566565727989655e-08 4.449777406989596784e-06 1.805164356483146548e-04 4.314338788390159607e-03 6.075491011142730713e-02 5.040946602821350098e-01 2.464394569396972656e+00 7.098651409149169922e+00 1.204784011840820312e+01 1.204784011840820312e+01 7.098660945892333984e+00 2.464399099349975586e+00 5.040946006774902344e-01 6.075482442975044250e-02 4.314356483519077301e-03 1.805162028176710010e-04 4.449323114386061206e-06 6.399570651183239534e-08 1.648177039292875179e-09 9.007521128978623892e-08 2.827176331265945919e-06 5.189140210859477520e-05 5.607040948234498501e-04 3.572343848645687103e-03 1.340084616094827652e-02 2.964056469500064850e-02 3.860105574131011963e-02
2.936291508376598358e-02 1.327533461153507233e-02 3.538894467055797577e-03 5.554541712626814842e-04 5.140501525602303445e-05 2.800859647322795354e-06 8.924303074309136719e-08 9.464612427123597627e-10 -1.159072490763968233e-10 6.355346471309530898e-08 4.415970579429995269e-06 1.791434042388573289e-04 4.281512461602687836e-03 6.029266119003295898e-02 5.002592802047729492e-01 2.445645570755004883e+00 7.044648170471191406e+00 1.195618534088134766e+01 1.195618534088134766e+01 7.044656276702880859e+00 2.445650100708007812e+00 5.002592206001281738e-01 6.029259413480758667e-02 4.281532019376754761e-03 1.791430113371461630e-04 4.415453531692037359e-06 6.355847403938241769e-08 1.605980459729039467e-09 8.927268169145463617e-08 2.800617721732123755e-06 5.140527719049714506e-05 5.554518429562449455e-04 3.538878634572029114e-03 1.327529922127723694e-02 2.936287969350814819e-02 3.823941573500633240e-02
2.908919565379619598e-02 1.315158791840076447e-02 3.505905857309699059e-03 5.502762505784630775e-04 5.092586798127740622e-05 2.774786025838693604e-06 8.828499886703866650e-08 8.872574341900474337e-10 -1.608468080949165824e-10 6.306808586487022694e-08 4.385256943351123482e-06 1.778981240931898355e-04 4.251759499311447144e-03 5.987365916371345520e-02 4.967826008796691895e-01 2.428648233413696289e+00 6.995686054229736328e+00 1.187310504913330078e+01 1.187310504913330078e+01 6.995696067810058594e+00 2.428652763366699219e+00 4.967825412750244141e-01 5.987358093261718750e-02 4.251778125762939453e-03 1.778979640221223235e-04 4.384789463074412197e-06 6.310760625183320371e-08 1.541358263246195293e-09 8.838442511205357732e-08 2.774440872599370778e-06 5.092591527500189841e-05 5.502734566107392311e-04 3.505890723317861557e-03 1.315154973417520523e-02 2.908916212618350983e-02 3.788296505808830261e-02
2.883196063339710236e-02 1.303528062999248505e-02 3.474900266155600548e-03 5.454100901260972023e-04 5.047544618719257414e-05 2.750332214418449439e-06 8.752945745982287917e-08 9.581487825371937106e-10 -1.102444663336754616e-10 6.266260044185401057e-08 4.357562829682137817e-06 1.767730136634781957e-04 4.224867094308137894e-03 5.949493870139122009e-02 4.936405122280120850e-01 2.413285732269287109e+00 6.951433658599853516e+00 1.179799079895019531e+01 1.179799079895019531e+01 6.951442718505859375e+00 2.413289785385131836e+00 4.936403930187225342e-01 5.949486792087554932e-02 4.224884323775768280e-03 1.767726062098518014e-04 4.357013494882266968e-06 6.267472230092607788e-08 1.559449680499369606e-09 8.767138126586360158e-08 2.749951590885757469e-06 5.047557715442962945e-05 5.454074125736951828e-04 3.474883968010544777e-03 1.303524523973464966e-02 2.883192338049411774e-02 3.754793107509613037e-02
2.860177494585514069e-02 1.293121278285980225e-02 3.447159193456172943e-03 5.410555750131607056e-04 5.007247455068863928e-05 2.728371555349440314e-06 8.678108542881091125e-08 9.515848109487023976e-10 -1.971663388111721815e-10 6.229669224921963178e-08 4.332500793680083007e-06 1.757573627401143312e-04 4.200590774416923523e-03 5.915312841534614563e-02 4.908043146133422852e-01 2.399421930313110352e+00 6.911504745483398438e+00 1.173021793365478516e+01 1.173021697998046875e+01 6.911513805389404297e+00 2.399425745010375977e+00 4.908043146133422852e-01 5.915305390954017639e-02 4.200609866529703140e-03 1.757570134941488504e-04 4.332001935836160555e-06 6.227523385859967675e-08 1.497811319417508003e-09 8.695899822441788274e-08 2.728027084231143817e-06 5.007270738133229315e-05 5.410530138760805130e-04 3.447142196819186211e-03 1.293117646127939224e-02 2.860174886882305145e-02 3.724818304181098938e-02
2.840461209416389465e-02 1.284208241850137711e-02 3.423398826271295547e-03 5.373265594244003296e-04 4.972740498487837613e-05 2.709619593588286079e-06 8.624382275002062670e-08 9.601638373268883697e-10 -1.346671524293796551e-10 6.203298141826962819e-08 4.309969881433062255e-06 1.748418872011825442e-04 4.178708884865045547e-03 5.884496122598648071e-02 4.882473051548004150e-01 2.386919498443603516e+00 6.875490665435791016e+00 1.166910648345947266e+01 1.166910648345947266e+01 6.875499248504638672e+00 2.386923074722290039e+00 4.882471561431884766e-01 5.884489417076110840e-02 4.178727045655250549e-03 1.748414360918104649e-04 4.309518317313631997e-06 6.203652702652107109e-08 1.535453431067423935e-09 8.644984461625426775e-08 2.709271939238533378e-06 4.972755414200946689e-05 5.373238236643373966e-04 3.423383925110101700e-03 1.284205075353384018e-02 2.840458601713180542e-02 3.699141368269920349e-02
2.824369259178638458e-02 1.276932097971439362e-02 3.404002403840422630e-03 5.342822987586259842e-04 4.944562169839628041e-05 2.694234126465744339e-06 8.572936849304824136e-08 8.271513474156222401e-10 -2.025970224917017504e-10 6.169609179096369189e-08 4.289613571017980576e-06 1.740167062962427735e-04 4.158995114266872406e-03 5.856727436184883118e-02 4.859435558319091797e-01 2.375659704208374023e+00 6.843053817749023438e+00 1.161405086517333984e+01 1.161405086517333984e+01 6.843063831329345703e+00 2.375663995742797852e+00 4.859435260295867920e-01 5.856722220778465271e-02 4.159013275057077408e-03 1.740164734655991197e-04 4.289128355594584718e-06 6.166240495986130554e-08 1.482405753705506868e-09 8.589547917381423758e-08 2.693874421311193146e-06 4.944576721754856408e-05 5.342797376215457916e-04 3.403986338526010513e-03 1.276928652077913284e-02 2.824365906417369843e-02 3.678181022405624390e-02
2.811945043504238129e-02 1.271314732730388641e-02 3.389027668163180351e-03 5.319315823726356030e-04 4.922817242913879454e-05 2.682431158973486163e-06 8.548222041326880571e-08 8.543828422524768484e-10 -1.975079128024859187e-10 6.139261898852055310e-08 4.271213583706412464e-06 1.732737728161737323e-04 4.141236655414104462e-03 5.831726640462875366e-02 4.838691651821136475e-01 2.365515708923339844e+00 6.813838958740234375e+00 1.156445693969726562e+01 1.156445598602294922e+01 6.813847541809082031e+00 2.365519762039184570e+00 4.838691055774688721e-01 5.831719189882278442e-02 4.141253884881734848e-03 1.732735836412757635e-04 4.270821136742597446e-06 6.136090746622357983e-08 1.454761977548457708e-09 8.551975128057165421e-08 2.682026888578548096e-06 4.922824882669374347e-05 5.319290794432163239e-04 3.389011835679411888e-03 1.271311752498149872e-02 2.811941877007484436e-02 3.662003576755523682e-02
2.802621573209762573e-02 1.267100032418966293e-02 3.377793356776237488e-03 5.301679484546184540e-04 4.906488902634009719e-05 2.673420112841995433e-06 8.515054616964334855e-08 7.547152902631637517e-10 -2.757127304242601440e-10 6.108632533141644672e-08 4.254771283740410581e-06 1.726049522403627634e-04 4.125251434743404388e-03 5.809211730957031250e-02 4.820015728473663330e-01 2.356385469436645508e+00 6.787537574768066406e+00 1.151982116699218750e+01 1.151982116699218750e+01 6.787548065185546875e+00 2.356389522552490234e+00 4.820014238357543945e-01 5.809206143021583557e-02 4.125271458178758621e-03 1.726049231365323067e-04 4.254264240444172174e-06 6.115831041597630247e-08 1.353158363137652032e-09 8.513536897680751281e-08 2.672971731954021379e-06 4.906497269985266030e-05 5.301649798639118671e-04 3.377778222784399986e-03 1.267096400260925293e-02 2.802619524300098419e-02 3.649864718317985535e-02
2.796283364295959473e-02 1.264233794063329697e-02 3.370154649019241333e-03 5.289690452627837658e-04 4.895403981208801270e-05 2.667396756805828772e-06 8.498341941276521538e-08 6.898490112483557368e-10 -3.212620447445857508e-10 6.097616278566420078e-08 4.239918325765756890e-06 1.720030413707718253e-04 4.110861103981733322e-03 5.788949504494667053e-02 4.803200364112854004e-01 2.348166227340698242e+00 6.763860225677490234e+00 1.147964382171630859e+01 1.147964382171630859e+01 6.763869285583496094e+00 2.348171234130859375e+00 4.803200066089630127e-01 5.788943544030189514e-02 4.110878333449363708e-03 1.720027648843824863e-04 4.239458121446659788e-06 6.090873938546792488e-08 1.338736344003166323e-09 8.486116342965033255e-08 2.666985665200627409e-06 4.895387974102050066e-05 5.289662512950599194e-04 3.370138583704829216e-03 1.264230627566576004e-02 2.796279825270175934e-02 3.641606122255325317e-02
2.792835049331188202e-02 1.262675598263740540e-02 3.365999320521950722e-03 5.283168866299092770e-04 4.889362753601744771e-05 2.664061184987076558e-06 8.489911351716727950e-08 6.335388325062751846e-10 -3.539782078565423262e-10 6.071143587860206026e-08 4.226529654260957614e-06 1.714609825285151601e-04 4.097909666597843170e-03 5.770712718367576599e-02 4.788068532943725586e-01 2.340768814086914062e+00 6.742543697357177734e+00 1.144347286224365234e+01 1.144347286224365234e+01 6.742550849914550781e+00 2.340772867202758789e+00 4.788068532943725586e-01 5.770706385374069214e-02 4.097927361726760864e-03 1.714608515612781048e-04 4.226068540447158739e-06 6.072544778135124943e-08 1.369069746459672388e-09 8.476000346036016708e-08 2.663677605596603826e-06 4.889357660431414843e-05 5.283142090775072575e-04 3.365983720868825912e-03 1.262672059237957001e-02 2.792831882834434509e-02 3.637117892503738403e-02
2.792179211974143982e-02 1.262378226965665817e-02 3.365209558978676796e-03 5.281926132738590240e-04 4.888204784947447479e-05 2.663418399606598541e-06 8.486221503289925749e-08 5.269813474484408289e-10 -3.668660375488741465e-10 6.044002986982377479e-08 4.214498403598554432e-06 1.709732896415516734e-04 4.086253698915243149e-03 5.754298716783523560e-02 4.774445593357086182e-01 2.334108352661132812e+00 6.723368644714355469e+00 1.141091537475585938e+01 1.141091537475585938e+01 6.723378181457519531e+00 2.334112882614135742e+00 4.774445593357086182e-01 5.754291638731956482e-02 4.086273256689310074e-03 1.709733041934669018e-04 4.213963620713911951e-06 6.054232670749115641e-08 1.403619331874494947e-09 8.468374090853103553e-08 2.662980705281370319e-06 4.888198964181356132e-05 5.281899939291179180e-04 3.365193493664264679e-03 1.262374874204397202e-02 2.792175859212875366e-02 3.636264428496360779e-02
2.794041857123374939e-02 1.263221446424722672e-02 3.367452416568994522e-03 5.285457009449601173e-04 4.891476783086545765e-05 2.665219881237135269e-06 8.489598712912993506e-08 6.090647985956820776e-10 -3.867434428261873336e-10 6.032833255176228704e-08 4.203586286166682839e-06 1.705343893263489008e-04 4.075762815773487091e-03 5.739524215459823608e-02 4.762189388275146484e-01 2.328115224838256836e+00 6.706111431121826172e+00 1.138162136077880859e+01 1.138162040710449219e+01 6.706120967864990234e+00 2.328119277954101562e+00 4.762188792228698730e-01 5.739517509937286377e-02 4.075779579579830170e-03 1.705342001514509320e-04 4.203141088510164991e-06 6.040679068064491730e-08 1.431760598968878639e-09 8.472262891245918581e-08 2.664783551153959706e-06 4.891474236501380801e-05 5.285425577312707901e-04 3.367437282577157021e-03 1.263217814266681671e-02 2.794039808213710785e-02 3.638692200183868408e-02
2.798084728419780731e-02 1.265048887580633163e-02 3.372323932126164436e-03 5.293096182867884636e-04 4.898544284515082836e-05 2.669070681804441847e-06 8.504520820906691370e-08 5.815294357169875639e-10 -2.804568799419371317e-10 6.022771970037865685e-08 4.194051598460646346e-06 1.701391884125769138e-04 4.066317807883024216e-03 5.726227536797523499e-02 4.751155972480773926e-01 2.322723865509033203e+00 6.690573215484619141e+00 1.135524845123291016e+01 1.135524845123291016e+01 6.690581798553466797e+00 2.322727680206298828e+00 4.751155674457550049e-01 5.726219713687896729e-02 4.066335968673229218e-03 1.701391447568312287e-04 4.193474524072371423e-06 6.041273792334322934e-08 1.520664372200997150e-09 8.491322489589947509e-08 2.668571369213168509e-06 4.898545739706605673e-05 5.293069407343864441e-04 3.372309030964970589e-03 1.265045255422592163e-02 2.798081189393997192e-02 3.643952310085296631e-02
2.804291807115077972e-02 1.267853938043117523e-02 3.379805479198694229e-03 5.304836668074131012e-04 4.909415292786434293e-05 2.674988991202553734e-06 8.513845983770806924e-08 6.871326285740053663e-10 -2.841401280928579354e-10 6.023655885201151250e-08 4.185255420452449471e-06 1.697836123639717698e-04 4.057820886373519897e-03 5.714255571365356445e-02 4.741224944591522217e-01 2.317867279052734375e+00 6.676590442657470703e+00 1.133151721954345703e+01 1.133151721954345703e+01 6.676597595214843750e+00 2.317871570587158203e+00 4.741224646568298340e-01 5.714248493313789368e-02 4.057839978486299515e-03 1.697835250524803996e-04 4.184689260000595823e-06 6.031014976315418608e-08 1.560769291586439067e-09 8.510893678703723708e-08 2.674632924026809633e-06 4.909418566967360675e-05 5.304812220856547356e-04 3.379790112376213074e-03 1.267850864678621292e-02 2.804288826882839203e-02 3.652037307620048523e-02
2.812731638550758362e-02 1.271670591086149216e-02 3.389976685866713524e-03 5.320805357769131660e-04 4.924187669530510902e-05 2.683036427697516046e-06 8.541350382529344643e-08 6.890438219997463420e-10 -3.040119544994723810e-10 6.011192255073183333e-08 4.177399659965885803e-06 1.694636157480999827e-04 4.050168674439191818e-03 5.703485757112503052e-02 4.732291102409362793e-01 2.313498020172119141e+00 6.664004802703857422e+00 1.131016635894775391e+01 1.131016635894775391e+01 6.664012908935546875e+00 2.313502788543701172e+00 4.732290506362915039e-01 5.703479424118995667e-02 4.050188697874546051e-03 1.694634411251172423e-04 4.176813945377944037e-06 6.022440146580265719e-08 1.658518877789560975e-09 8.537902118632700876e-08 2.682714011825737543e-06 4.924202949041500688e-05 5.320778582245111465e-04 3.389962017536163330e-03 1.271667424589395523e-02 2.812728099524974823e-02 3.663030266761779785e-02
2.823936566710472107e-02 1.276736054569482803e-02 3.403481328859925270e-03 5.342000513337552547e-04 4.943801832268945873e-05 2.693682745302794501e-06 8.560250819300563307e-08 7.114596134449868714e-10 -3.715666940795614437e-10 5.999987706672982313e-08 4.170216016063932329e-06 1.691756187938153744e-04 4.043288994580507278e-03 5.693792179226875305e-02 4.724245369434356689e-01 2.309568166732788086e+00 6.652678489685058594e+00 1.129094791412353516e+01 1.129094791412353516e+01 6.652686595916748047e+00 2.309571981430053711e+00 4.724245369434356689e-01 5.693785473704338074e-02 4.043306689709424973e-03 1.691753714112564921e-04 4.169688963884254918e-06 6.008986730421383982e-08 1.565714558005026902e-09 8.571121412614957080e-08 2.693431724765105173e-06 4.943815292790532112e-05 5.341976066119968891e-04 3.403466194868087769e-03 1.276732701808214188e-02 2.823933586478233337e-02 3.677618876099586487e-02
2.838605083525180817e-02 1.283368375152349472e-02 3.421160159632563591e-03 5.369750433601438999e-04 4.969484143657609820e-05 2.707585281314095482e-06 8.605872636735512060e-08 5.163939276187079486e-10 -3.330253572908503656e-10 5.993210550059302477e-08 4.163866378803504631e-06 1.689163764240220189e-04 4.037093371152877808e-03 5.685070157051086426e-02 4.717009663581848145e-01 2.306029319763183594e+00 6.642480850219726562e+00 1.127362728118896484e+01 1.127362728118896484e+01 6.642488479614257812e+00 2.306033849716186523e+00 4.717008471488952637e-01 5.685063451528549194e-02 4.037112928926944733e-03 1.689162018010392785e-04 4.163320681982440874e-06 5.988947293644741876e-08 1.525665815904631017e-09 8.619232971796009224e-08 2.707447947614127770e-06 4.969495057594031096e-05 5.369721911847591400e-04 3.421144327148795128e-03 1.283364929258823395e-02 2.838601917028427124e-02 3.696724772453308105e-02
2.857154235243797302e-02 1.291755121201276779e-02 3.443517722189426422e-03 5.404838593676686287e-04 5.001965109840966761e-05 2.725197873587603681e-06 8.653402971958712442e-08 3.801589876228916864e-10 -4.390709740231812930e-10 5.980487571832782123e-08 4.158026058576069772e-06 1.686831528786569834e-04 4.031519405543804169e-03 5.677217990159988403e-02 4.710494279861450195e-01 2.302843809127807617e+00 6.633306503295898438e+00 1.125806522369384766e+01 1.125806522369384766e+01 6.633316993713378906e+00 2.302847862243652344e+00 4.710493683815002441e-01 5.677210912108421326e-02 4.031538031995296478e-03 1.686829200480133295e-04 4.157510375080164522e-06 5.970036198732486810e-08 1.459478093934762910e-09 8.666780360044867848e-08 2.725055310293100774e-06 5.001970203011296690e-05 5.404813564382493496e-04 3.443501656875014305e-03 1.291751675307750702e-02 2.857151441276073456e-02 3.720882162451744080e-02
2.879639528691768646e-02 1.301919948309659958e-02 3.470615018159151077e-03 5.447373259812593460e-04 5.041319309384562075e-05 2.746658310570637695e-06 8.721298172531533055e-08 4.127668762343716935e-10 -2.696028400528405200e-10 5.975665118285178323e-08 4.152974725002422929e-06 1.684733142610639334e-04 4.026500042527914047e-03 5.670152604579925537e-02 4.704630374908447266e-01 2.299975156784057617e+00 6.625056266784667969e+00 1.124405479431152344e+01 1.124405479431152344e+01 6.625065803527832031e+00 2.299980163574218750e+00 4.704629182815551758e-01 5.670145899057388306e-02 4.026517271995544434e-03 1.684728631516918540e-04 4.152406745561165735e-06 5.979391204391504289e-08 1.584114839303651934e-09 8.752753899443632690e-08 2.746496420513722114e-06 5.041321855969727039e-05 5.447347648441791534e-04 3.470599185675382614e-03 1.301916316151618958e-02 2.879636175930500031e-02 3.750162571668624878e-02
2.905477210879325867e-02 1.313602179288864136e-02 3.501756349578499794e-03 5.496251978911459446e-04 5.086541932541877031e-05 2.771291065073455684e-06 8.802332018831293681e-08 5.414548254201179134e-10 -1.915869823898574964e-10 5.977940986667817924e-08 4.148362677369732410e-06 1.682843285379931331e-04 4.021981731057167053e-03 5.663790181279182434e-02 4.699352979660034180e-01 2.297397375106811523e+00 6.617620944976806641e+00 1.123144054412841797e+01 1.123144054412841797e+01 6.617629528045654297e+00 2.297401428222656250e+00 4.699352383613586426e-01 5.663783475756645203e-02 4.021999426186084747e-03 1.682838919805362821e-04 4.147936124354600906e-06 5.978103700954306987e-08 1.671473626174702076e-09 8.830288322769774823e-08 2.771092340481118299e-06 5.086568125989288092e-05 5.496224621310830116e-04 3.501740284264087677e-03 1.313598733395338058e-02 2.905474416911602020e-02 3.783814236521720886e-02
2.934482507407665253e-02 1.326715201139450073e-02 3.536714706569910049e-03 5.551120266318321228e-04 5.137327025295235217e-05 2.798973582684993744e-06 8.881261237547732890e-08 4.917067308873868114e-10 -3.366119050163263182e-10 5.956817616947773786e-08 4.144138529227348045e-06 1.681142603047192097e-04 4.017918370664119720e-03 5.658067762851715088e-02 4.694605469703674316e-01 2.295073747634887695e+00 6.610939502716064453e+00 1.122008991241455078e+01 1.122008895874023438e+01 6.610947132110595703e+00 2.295078039169311523e+00 4.694604873657226562e-01 5.658060684800148010e-02 4.017935134470462799e-03 1.681138237472623587e-04 4.143635578657267615e-06 5.960635718338380684e-08 1.564449569890768998e-09 8.907008464120735880e-08 2.798761670419480652e-06 5.137338303029537201e-05 5.551092908717691898e-04 3.536698175594210625e-03 1.326711475849151611e-02 2.934479340910911560e-02 3.821584954857826233e-02
2.966557443141937256e-02 1.341217011213302612e-02 3.575372509658336639e-03 5.611793603748083115e-04 5.193480319576337934e-05 2.829649247360066511e-06 8.981338339708599960e-08 4.986722701438850436e-10 -2.601738546825771436e-10 5.957668136602478626e-08 4.140397777518955991e-06 1.679609704297035933e-04 4.014258738607168198e-03 5.652917176485061646e-02 4.690327048301696777e-01 2.292986154556274414e+00 6.604915618896484375e+00 1.120986557006835938e+01 1.120986557006835938e+01 6.604923725128173828e+00 2.292990207672119141e+00 4.690326452255249023e-01 5.652909725904464722e-02 4.014277365058660507e-03 1.679606357356533408e-04 4.139972588745877147e-06 5.964568572380812839e-08 1.628388313079653926e-09 9.011552037918590941e-08 2.829315462804515846e-06 5.193497418076731265e-05 5.611766828224062920e-04 3.575355745851993561e-03 1.341213006526231766e-02 2.966554276645183563e-02 3.863358125090599060e-02
3.001411445438861847e-02 1.356975268572568893e-02 3.617379581555724144e-03 5.677726003341376781e-04 5.254498682916164398e-05 2.862987912521930411e-06 9.089326624689419987e-08 6.767199023371972544e-10 -3.155558869760710650e-10 5.948504622210748494e-08 4.136899860895937309e-06 1.678232947597280145e-04 4.010964650660753250e-03 5.648276582360267639e-02 4.686483442783355713e-01 2.291104793548583984e+00 6.599494457244873047e+00 1.120067310333251953e+01 1.120067310333251953e+01 6.599502563476562500e+00 2.291108846664428711e+00 4.686482250690460205e-01 5.648269504308700562e-02 4.010982811450958252e-03 1.678228727541863918e-04 4.136542884225491434e-06 5.942401415381937113e-08 1.728237220000039542e-09 9.114668131360303960e-08 2.862591145458281972e-06 5.254511779639869928e-05 5.677698063664138317e-04 3.617363749071955681e-03 1.356971915811300278e-02 3.001408651471138000e-02 3.908747434616088867e-02
3.038777038455009460e-02 1.373868342489004135e-02 3.662412753328680992e-03 5.748408730141818523e-04 5.319902993505820632e-05 2.898578486565384082e-06 9.210921803060045931e-08 7.624562647912114244e-10 -3.819566052332135087e-10 5.953499382371774118e-08 4.133629317948361859e-06 1.676993269938975573e-04 4.008002579212188721e-03 5.644103512167930603e-02 4.683020114898681641e-01 2.289412498474121094e+00 6.594621658325195312e+00 1.119240283966064453e+01 1.119240283966064453e+01 6.594630718231201172e+00 2.289416551589965820e+00 4.683019220829010010e-01 5.644096061587333679e-02 4.008020740002393723e-03 1.676990505075082183e-04 4.133431502850726247e-06 5.939685010503126250e-08 1.732983201385707162e-09 9.230341646571105230e-08 2.898302909670746885e-06 5.319915726431645453e-05 5.748381372541189194e-04 3.662395523861050606e-03 1.373864430934190750e-02 3.038773499429225922e-02 3.957406803965568542e-02
3.078313358128070831e-02 1.391743030399084091e-02 3.710062941536307335e-03 5.823204410262405872e-04 5.389123180066235363e-05 2.936292503363802098e-06 9.331545669510887819e-08 8.251316852003753866e-10 -4.086031513139687377e-10 5.944747272224049084e-08 4.130810339120216668e-06 1.675876410445198417e-04 4.005333874374628067e-03 5.640347301959991455e-02 4.679905176162719727e-01 2.287889957427978516e+00 6.590233802795410156e+00 1.118495559692382812e+01 1.118495559692382812e+01 6.590242385864257812e+00 2.287894248962402344e+00 4.679904580116271973e-01 5.640342086553573608e-02 4.005352500826120377e-03 1.675874373177066445e-04 4.130542947677895427e-06 5.931673996428799001e-08 1.788433401372913067e-09 9.352947216711982037e-08 2.936008968390524387e-06 5.389130456023849547e-05 5.823173560202121735e-04 3.710046410560607910e-03 1.391739677637815475e-02 3.078310191631317139e-02 4.008897766470909119e-02
3.119758889079093933e-02 1.410481240600347519e-02 3.760015824809670448e-03 5.901605472899973392e-04 5.461680848384276032e-05 2.975835968754836358e-06 9.447827409303499735e-08 7.759887732383674575e-10 -4.822560684125676289e-10 5.933564040105920867e-08 4.128274667891673744e-06 1.674869854468852282e-04 4.002934321761131287e-03 5.636968463659286499e-02 4.677101373672485352e-01 2.286517858505249023e+00 6.586285591125488281e+00 1.117825317382812500e+01 1.117825317382812500e+01 6.586294174194335938e+00 2.286521434783935547e+00 4.677100777626037598e-01 5.636962130665779114e-02 4.002952948212623596e-03 1.674867671681568027e-04 4.128051386942388490e-06 5.921560841670725495e-08 1.630230950233624299e-09 9.472027073798017227e-08 2.975468987642670982e-06 5.461699402076192200e-05 5.901574040763080120e-04 3.759998129680752754e-03 1.410477608442306519e-02 3.119756095111370087e-02 4.062872752547264099e-02
3.162758797407150269e-02 1.429922226816415787e-02 3.811839502304792404e-03 5.982946022413671017e-04 5.536960816243663430e-05 3.016948539880104363e-06 9.575939685646517319e-08 9.428615665996176176e-10 -4.492023419899737746e-10 5.936741587220240035e-08 4.126121439185226336e-06 1.673966617090627551e-04 4.000776913017034531e-03 5.633927881717681885e-02 4.674577713012695312e-01 2.285282611846923828e+00 6.582734107971191406e+00 1.117222118377685547e+01 1.117222118377685547e+01 6.582742214202880859e+00 2.285286903381347656e+00 4.674576818943023682e-01 5.633920058608055115e-02 4.000796005129814148e-03 1.673963852226734161e-04 4.125914983887923881e-06 5.926258594968203397e-08 1.625654055814607091e-09 9.602743489267595578e-08 3.016570872205193155e-06 5.536983735510148108e-05 5.982916918583214283e-04 3.811821807175874710e-03 1.429918408393859863e-02 3.162755072116851807e-02 4.118869453668594360e-02
3.206807747483253479e-02 1.449837069958448410e-02 3.864929545670747757e-03 6.066276109777390957e-04 5.614086694549769163e-05 3.058891479668091051e-06 9.723338223466271302e-08 8.778073268267405638e-10 -4.525678720668224742e-10 5.932981039791229705e-08 4.124052793486043811e-06 1.673153310548514128e-04 3.998835571110248566e-03 5.631189048290252686e-02 4.672304987907409668e-01 2.284174442291259766e+00 6.579527854919433594e+00 1.116679000854492188e+01 1.116679000854492188e+01 6.579536437988281250e+00 2.284178256988525391e+00 4.672304391860961914e-01 5.631181970238685608e-02 3.998852334916591644e-03 1.673150836722925305e-04 4.123960934521164745e-06 5.917823031609259488e-08 1.707013197460582887e-09 9.746358387019427028e-08 3.058575657632900402e-06 5.614104156848043203e-05 6.066243513487279415e-04 3.864911850541830063e-03 1.449833158403635025e-02 3.206804767251014709e-02 4.176232963800430298e-02
3.251529857516288757e-02 1.470057200640439987e-02 3.918828908354043961e-03 6.150871049612760544e-04 5.692374179488979280e-05 3.101501306446152739e-06 9.854269222842049203e-08 9.227388297894378866e-10 -5.549377624092244332e-10 5.929599211640379508e-08 4.122067366552073509e-06 1.672419457463547587e-04 3.997081425040960312e-03 5.628727376461029053e-02 4.670256972312927246e-01 2.283173799514770508e+00 6.576655387878417969e+00 1.116190338134765625e+01 1.116190242767333984e+01 6.576663017272949219e+00 2.283177614212036133e+00 4.670256376266479492e-01 5.628719553351402283e-02 3.997096791863441467e-03 1.672418438829481602e-04 4.122094651393126696e-06 5.906175459813312045e-08 1.656103920666396334e-09 9.874358397610194515e-08 3.101244374192901887e-06 5.692396007361821830e-05 6.150843109935522079e-04 3.918810747563838959e-03 1.470053009688854218e-02 3.251526504755020142e-02 4.234478995203971863e-02
3.296562656760215759e-02 1.490417215973138809e-02 3.973102662712335587e-03 6.236064364202320576e-04 5.771212090621702373e-05 3.144417632938711904e-06 9.982773008232470602e-08 8.017477792776617207e-10 -5.642862288546268701e-10 5.933164359817055811e-08 4.120412540942197666e-06 1.671761565376073122e-04 3.995507955551147461e-03 5.626508221030235291e-02 4.668420255184173584e-01 2.282271862030029297e+00 6.574060440063476562e+00 1.115751361846923828e+01 1.115751361846923828e+01 6.574069023132324219e+00 2.282276630401611328e+00 4.668419957160949707e-01 5.626500025391578674e-02 3.995525185018777847e-03 1.671760401222854853e-04 4.120535777474287897e-06 5.907611821953651088e-08 1.604703037116905762e-09 1.000853018240377423e-07 3.144080665151705034e-06 5.771237920271232724e-05 6.236034678295254707e-04 3.973085433244705200e-03 1.490413025021553040e-02 3.296558931469917297e-02 4.293125495314598083e-02
