8.016498390904858965e-35 6.236987767553367925e-31 2.959024959203792831e-27 8.271623109800265474e-24 1.362368730696824030e-20 1.322123387611580486e-17 7.559872392264195551e-15 2.546979120665593399e-12 5.055914575891051754e-10 5.913449996342023951e-08 4.075250672030961141e-06 1.654740481171756983e-04 3.958888351917266846e-03 5.580634623765945435e-02 4.635123908519744873e-01 2.268341302871704102e+00 6.540646076202392578e+00 1.111221408843994141e+01 1.112364673614501953e+01 6.560862541198730469e+00 2.280038356781005859e+00 4.668633341789245605e-01 5.632555112242698669e-02 4.003934562206268311e-03 1.677009277045726776e-04 4.138578333368059248e-06 6.017778275690943701e-08 5.155663673761523569e-10 2.602574189145001604e-12 7.740832511115604275e-15 1.356567767344717346e-17 1.400738602009347266e-20 8.522122734809576889e-24 3.054958418628637630e-27 6.452324226691801129e-31 8.016498390904858965e-35
2.074925460475143560e-34 2.532593409990682022e-31 1.268768076919809229e-27 3.745174734382834680e-24 6.513615154296776661e-21 6.674886803701741300e-18 4.030254760836477629e-15 1.433789285215647524e-12 3.005435900149677764e-10 3.711873119982556091e-08 2.701171979424543679e-06 1.158172090072184801e-04 2.925914479419589043e-03 4.355290532112121582e-02 3.819796144962310791e-01 1.973933100700378418e+00 6.010213375091552734e+00 1.078239154815673828e+01 1.139742851257324219e+01 7.098487377166748047e+00 2.604907035827636719e+00 5.632290244102478027e-01 7.175400108098983765e-02 5.386078264564275742e-03 2.382137317908927798e-04 6.207651495060417801e-06 9.531410682939167600e-08 8.622868530316907254e-10 4.596394445610663126e-12 1.443592492181462739e-14 2.671424290556958229e-17 2.912759492036072593e-20 1.871284090089901706e-23 7.083427046268391057e-27 1.579794254002297337e-30 2.074925460475143560e-34
5.334026940401870326e-34 1.022948097927377613e-31 5.411340253748231613e-28 1.686672967783907993e-24 3.097540574108551811e-21 3.351788988419224671e-18 2.136992551638556767e-15 8.027793924406112502e-13 1.776865599101284943e-10 2.317273128937813453e-08 1.780611228241468780e-06 8.061814151005819440e-05 2.150595420971512794e-03 3.380277007818222046e-02 3.130513429641723633e-01 1.708217740058898926e+00 5.492098808288574219e+00 1.040402412414550781e+01 1.161263370513916016e+01 7.637081146240234375e+00 2.959317207336425781e+00 6.756505966186523438e-01 9.089089930057525635e-02 7.204193621873855591e-03 3.364465956110507250e-04 9.257960300601553172e-06 1.501009592175250873e-07 1.433887231172548127e-09 8.070785359470811215e-12 2.676610221983254101e-14 5.230195846107054682e-17 6.021699729740727512e-20 4.085000392906123190e-23 1.632789848304690070e-26 3.845241009223409635e-30 5.334026940401870326e-34
2.019280726231833920e-33 2.795979434988044591e-32 1.597930834089721925e-28 5.380864607938440207e-25 1.067594518360456377e-21 1.248060654772818207e-18 8.596701494317424662e-16 3.488904044141039051e-13 8.342901369751132279e-11 1.175464259262071209e-08 9.758364285517018288e-07 4.773139880853705108e-05 1.375637250021100044e-03 2.335961163043975830e-02 2.337197065353393555e-01 1.377819895744323730e+00 4.785827636718750000e+00 9.794667243957519531e+00 1.181105041503906250e+01 8.391785621643066406e+00 3.513075828552246094e+00 8.665376901626586914e-01 1.259375214576721191e-01 1.078423205763101578e-02 5.441136891022324562e-04 1.617552152310963720e-05 2.833315022598981159e-07 2.924132269654933225e-09 1.778143257635811381e-11 6.370961700905009018e-14 1.344959280064270666e-16 1.672932722327577935e-19 1.226077406282277693e-22 5.294530561135404708e-26 1.347076051420853971e-29 2.019280726231833920e-33
5.928962814781269316e-33 9.627179714431513934e-33 5.860099866013064672e-29 2.101734499648659018e-25 4.441323247104809049e-22 5.529897299348822814e-19 4.056800244007835368e-16 1.753558371642496838e-13 4.466033792782653222e-11 6.701913690676519764e-09 5.925625146119273268e-07 3.087016011704690754e-05 9.475767146795988083e-04 1.713771931827068329e-02 1.826245188713073730e-01 1.146654367446899414e+00 4.242038726806640625e+00 9.246606826782226562e+00 1.187565135955810547e+01 8.986687660217285156e+00 4.006904602050781250e+00 1.052652478218078613e+00 1.629403531551361084e-01 1.486071199178695679e-02 7.985760457813739777e-04 2.528486220398917794e-05 4.717081196758954320e-07 5.185035067967191935e-09 3.358131134278963259e-11 1.281478178780104393e-13 2.881325506895351767e-16 3.817115926493327039e-19 2.979546066810507552e-22 1.370360846819496921e-25 3.713414113795641446e-29 5.928962814781269316e-33
1.898403540110824199e-32 2.991179088149716599e-33 1.950064855855946023e-29 7.490645981858419308e-26 1.695299193336935966e-22 2.260720286271340985e-19 1.776277456531224976e-16 8.223275034004162709e-14 2.243084884501200804e-11 3.605039822218714107e-09 3.413824174458568450e-07 1.904766031657345593e-05 6.261998787522315979e-04 1.212960854172706604e-02 1.384365856647491455e-01 9.309336543083190918e-01 3.688539743423461914e+00 8.611093521118164062e+00 1.184481143951416016e+01 9.599873542785644531e+00 4.584269523620605469e+00 1.289856195449829102e+00 2.138358652591705322e-01 2.088745869696140289e-02 1.202147104777395725e-03 4.076603363500908017e-05 8.145300967044022400e-07 9.589137484056209360e-09 6.651526551770814422e-11 2.718507927448876593e-13 6.546413776258659840e-16 9.288463831121998017e-19 7.765290781409114099e-22 3.825061297747982409e-25 1.110126844062326433e-28 1.898403540110824199e-32
7.901888729440792518e-32 6.964691070961779156e-34 4.943834331535806963e-30 2.067089207805549469e-26 5.092309189012954612e-23 7.391689831182976645e-20 6.321686141533641333e-17 3.185631283503936872e-14 9.458572813869636775e-12 1.654700043651757824e-09 1.705606962332240073e-07 1.035887999023543671e-05 3.706865827552974224e-04 7.815723307430744171e-03 9.709543734788894653e-02 7.107159495353698730e-01 3.065222978591918945e+00 7.789226531982421875e+00 1.166252136230468750e+01 1.028864288330078125e+01 5.347995758056640625e+00 1.637912988662719727e+00 2.955686151981353760e-01 3.142623975872993469e-02 1.968758879229426384e-03 7.267092587426304817e-05 1.580510115672950633e-06 2.025341316880258091e-08 1.529214532780542868e-10 6.803076981962141723e-13 1.783244487810848808e-15 2.754100331037143303e-18 2.506208218122572260e-21 1.343774163553672618e-24 4.245143450103095010e-28 7.901888729440792518e-32
4.338368318517656442e-31 1.177514502149022920e-34 9.266818814424930030e-31 4.292122466643538415e-27 1.171314871568452307e-23 1.883426277532741867e-20 1.784392363038166194e-17 9.960794057520087896e-15 3.276198539889363381e-12 6.349114012316192657e-10 7.249705902268033242e-08 4.877459105046000332e-06 1.933458843268454075e-04 4.515933804214000702e-03 6.214744597673416138e-02 5.039257407188415527e-01 2.407569169998168945e+00 6.777292251586914062e+00 1.124089813232421875e+01 1.098533058166503906e+01 6.325464248657226562e+00 2.146042823791503906e+00 4.289948642253875732e-01 5.052802711725234985e-02 3.506540087983012199e-03 1.433816069038584828e-04 3.454426860116655007e-06 4.903684924784101895e-08 4.101485817642469556e-10 2.021262063972573131e-12 5.869157360094932885e-15 1.004131585498738887e-17 1.012221723374706912e-20 6.012163366331264745e-24 2.103977930699958156e-27 4.338368318517656442e-31
3.026396534497103578e-30 4.136033811375836551e-34 1.307143605543759433e-31 6.814012847097441066e-28 2.092878549911421634e-24 3.787550972748775971e-21 4.038667568169223695e-18 2.537355379652510637e-15 9.392842406641399577e-13 2.048705372015291459e-10 2.632856244133563450e-08 1.993610794670530595e-06 8.894586062524467707e-05 2.338157501071691513e-03 3.621509671211242676e-02 3.305007219314575195e-01 1.777152299880981445e+00 5.630433559417724609e+00 1.051057529449462891e+01 1.156055068969726562e+01 7.491994857788085938e+00 2.860772132873535156e+00 6.436305046081542969e-01 8.532115072011947632e-02 6.664123386144638062e-03 3.066886856686323881e-04 8.316111234307754785e-06 1.328644714249094250e-07 1.250728187685012927e-09 6.937232906178980585e-12 2.267134505302970116e-14 4.365477777356370612e-17 4.952863471109161258e-20 3.310912328085004228e-23 1.304069968355138941e-26 3.026396534497103578e-30
2.873381851805368405e-29 4.514889395832121072e-33 1.262540295247853309e-32 7.563308651247176740e-29 2.669529708652159225e-25 5.551743547262099582e-22 6.802850196897622713e-19 4.911518956467284414e-16 2.089352183019116405e-13 5.236890782134295819e-11 7.733890861061354371e-09 6.729626420565182343e-07 3.450264193816110492e-05 1.042279647663235664e-03 1.855150237679481506e-02 1.945544183254241943e-01 1.202189803123474121e+00 4.376932144165039062e+00 9.389313697814941406e+00 1.186766815185546875e+01 8.838201522827148438e+00 3.878191709518432617e+00 1.002679944038391113e+00 1.527431160211563110e-01 1.370969042181968689e-02 7.250399794429540634e-04 2.259245593450032175e-05 4.147916854435607092e-07 4.487118676621548730e-09 2.860017431216554940e-11 1.074085820827221094e-13 2.376695834750149712e-16 3.098703360636428355e-19 2.380427035223046920e-22 1.077419568336970122e-25 2.873381851805368405e-29
2.409986435854718357e-28 4.327723511874350135e-32 1.293057193886955325e-33 8.852964305082340517e-30 3.570983806428992739e-26 8.487090684186160108e-23 1.188483669087328230e-19 9.806132855843047104e-17 4.767281675758378023e-14 1.365538411512989825e-11 2.304653134999057329e-09 2.291798466558248037e-07 1.342822906735818833e-05 4.635778605006635189e-04 9.429616853594779968e-03 1.130150854587554932e-01 7.980720400810241699e-01 3.320602655410766602e+00 8.140596389770507812e+00 1.175884437561035156e+01 1.000782489776611328e+01 5.018589973449707031e+00 1.482829570770263672e+00 2.581470012664794922e-01 2.647949010133743286e-02 1.600369811058044434e-03 5.699004032067023218e-05 1.195756340166553855e-06 1.478273858879219915e-08 1.076797123689132718e-10 4.621447538891154672e-13 1.168664062820966992e-15 1.741295425943540899e-18 1.528704492902937677e-21 7.907330200605209954e-25 2.409986435854718357e-28
3.537802344603133930e-27 7.543358838209766950e-31 9.466135473083173938e-35 5.333799974483245620e-31 2.554587759788239728e-27 7.209051136294719202e-24 1.198677119173395759e-20 1.174333591826629946e-17 6.778666610505763163e-15 2.305528164214809550e-12 4.620219207218667634e-10 5.455314777691455674e-08 3.795269549300428480e-06 1.555728958919644356e-04 3.757475409656763077e-03 5.347138270735740662e-02 4.483467936515808105e-01 2.215012788772583008e+00 6.447677612304687500e+00 1.105854225158691406e+01 1.117531299591064453e+01 6.654086112976074219e+00 2.334449529647827148e+00 4.825556576251983643e-01 5.877284705638885498e-02 4.217678681015968323e-03 1.783361076377332211e-04 4.442933459358755499e-06 6.521813844528878690e-08 5.640699018982786583e-10 2.874523752707802693e-12 8.631042115823245320e-15 1.526982028217789512e-17 1.591725235042464779e-20 9.776066053034498856e-24 3.537802344603133930e-27
5.116562924619962240e-26 1.298884770313978173e-29 1.942648963804782785e-33 2.904321222820282364e-32 1.656104751766153626e-28 5.564200812692460982e-25 1.101500239694285838e-21 1.284778271585857983e-18 8.829652495471302341e-16 3.575375401559249822e-13 8.530438855292032940e-11 1.199185462041896244e-08 9.932680313795572147e-07 4.847472882829606533e-05 1.393910381011664867e-03 2.361662127077579498e-02 2.357603162527084351e-01 1.386716127395629883e+00 4.805869579315185547e+00 9.813512802124023438e+00 1.180709743499755859e+01 8.370073318481445312e+00 3.496089458465576172e+00 8.604042530059814453e-01 1.247640550136566162e-01 1.065966673195362091e-02 5.366188124753534794e-04 1.591672298673074692e-05 2.781694661280198488e-07 2.864381176692631925e-09 1.737893509656807112e-11 6.212679703370208029e-14 1.308596287987541561e-16 1.624043116951426214e-19 1.187548177493835123e-22 5.116562924619962240e-26
2.685524356543581002e-25 7.611586900128103775e-29 1.271132424268394967e-32 4.484267033309231218e-33 2.855025332022927564e-29 1.070969767620173265e-25 2.367088091513356205e-22 3.082586263388715457e-19 2.365308535565499711e-16 1.069351516515791578e-13 2.848541021116535177e-11 4.470938286260661698e-09 4.134615210205083713e-07 2.252887497888877988e-05 7.232940406538546085e-04 1.368210278451442719e-02 1.524958908557891846e-01 1.001459836959838867e+00 3.875014305114746094e+00 8.834473609924316406e+00 1.186739540100097656e+01 9.392846107482910156e+00 4.380324363708496094e+00 1.203599929809570312e+00 1.948608905076980591e-01 1.858807913959026337e-02 1.044750795699656010e-03 3.459839354036375880e-05 6.750993861714960076e-07 7.761523868055064668e-09 5.257667912150765233e-11 2.098474117997323196e-13 4.934975945754716160e-16 6.838130483998775035e-19 5.582686079843978220e-22 2.685524356543581002e-25
1.986629241169919217e-24 6.445129373716745750e-28 1.231992370904729277e-31 4.398504710347664123e-34 3.206820811416114843e-30 1.376931287788010195e-26 3.483440941222270836e-23 5.192517404728806866e-20 4.560467408792270719e-17 2.360011837375993599e-14 7.195855022956720859e-12 1.292756346416013002e-09 1.368438091731150053e-07 8.534810149285476655e-06 3.136390587314963341e-04 6.791011430323123932e-03 8.663804829120635986e-02 6.512486338615417480e-01 2.884380817413330078e+00 7.527080535888671875e+00 1.157354927062988281e+01 1.048512935638427734e+01 5.596908569335937500e+00 1.760311245918273926e+00 3.262101113796234131e-01 3.561829030513763428e-02 2.291482174769043922e-03 8.686125511303544044e-05 1.940001538969227113e-06 2.552977029779412987e-08 1.979506003557673921e-10 9.043438740918841034e-13 2.434340291398626697e-15 3.860949881513737081e-18 3.608018448598173747e-21 1.986629241169919217e-24
8.012454692303480360e-24 2.860021374854600340e-27 6.015147063072964840e-31 8.330207297836854969e-35 6.690240521716309489e-31 3.160590283474433232e-27 8.797610317852669073e-24 1.442861643792616475e-20 1.394295640519383449e-17 7.938741759241571549e-15 2.663235951216869069e-12 5.264243485569863878e-10 6.131016050403559348e-08 4.207260644761845469e-06 1.701095025055110455e-04 4.052515141665935516e-03 5.688424408435821533e-02 4.704598784446716309e-01 2.292560577392578125e+00 6.582449913024902344e+00 1.113576507568359375e+01 1.109992408752441406e+01 6.519092559814453125e+00 2.255907058715820312e+00 4.599617719650268555e-01 5.525732412934303284e-02 3.911343868821859360e-03 1.631276827538385987e-04 4.008643372799269855e-06 5.804098179851280292e-08 4.951528631558232973e-10 2.488904048136841851e-12 7.371350810292647687e-15 1.286348487863152082e-17 1.322580535439456453e-20 8.012454692303480360e-24
3.130191236674836369e-23 1.228073466084398594e-26 2.838917974919485667e-30 3.864621349320586165e-34 1.395391022745300694e-31 7.245622895801856460e-28 2.216760083175971496e-24 3.996057840455392133e-21 4.244322039242769988e-18 2.656174620394502126e-15 9.794113220093492167e-13 2.127891612913046515e-10 2.723913183899639989e-08 2.054496690107043833e-06 9.130287799052894115e-05 2.390730427578091621e-03 3.688489273190498352e-02 3.352987468242645264e-01 1.795881509780883789e+00 5.667542934417724609e+00 1.053846740722656250e+01 1.154589462280273438e+01 7.453235149383544922e+00 2.834843158721923828e+00 6.353015899658203125e-01 8.388765156269073486e-02 6.526568438857793808e-03 2.991827204823493958e-04 8.080815860012080520e-06 1.286009023715450894e-07 1.205859190278602000e-09 6.662175585508967046e-12 2.168726386897554953e-14 4.159707335560944384e-17 4.700863543729734934e-20 3.130191236674836369e-23
1.516928781206581886e-22 6.649828108969706409e-26 1.717608120833944761e-29 2.613894074348726045e-33 2.168591357457708541e-32 1.258207625255750699e-28 4.301109271764917245e-25 8.663340638203280108e-22 1.028147244300082822e-18 7.189309136246713628e-16 2.962033287916276958e-13 7.190466277950946505e-11 1.028489915455566006e-08 8.667652764415834099e-07 4.304049798520281911e-05 1.259253709577023983e-03 2.170789800584316254e-02 2.204917669296264648e-01 1.319564700126647949e+00 4.653040885925292969e+00 9.667415618896484375e+00 1.183453559875488281e+01 8.536095619201660156e+00 3.627723217010498047e+00 9.083973169326782227e-01 1.340247392654418945e-01 1.165096368640661240e-02 5.967663018964231014e-04 1.801005964807700366e-05 3.202524112566607073e-07 3.355348887623677001e-09 2.071320198693271664e-11 7.534051778713274361e-14 1.614644114907097224e-16 2.038848990987480868e-19 1.516928781206581886e-22
1.065812424777576935e-21 5.371185777669444155e-25 1.594873781414871761e-28 2.790247430659847412e-32 2.023539321859672288e-33 1.349709911083080421e-29 5.304173769404149373e-26 1.228179436604765810e-22 1.675589910798433825e-19 1.346915661474632083e-16 6.379498437760616758e-14 1.780322417266333446e-11 2.927358355719889005e-09 2.836083581314596813e-07 1.618956594029441476e-05 5.445182323455810547e-04 1.079089939594268799e-02 1.260007470846176147e-01 8.668674230575561523e-01 3.513983726501464844e+00 8.392941474914550781e+00 1.181126022338867188e+01 9.793659210205078125e+00 4.784766197204589844e+00 1.377346754074096680e+00 2.336109280586242676e-01 2.334593795239925385e-02 1.374657847918570042e-03 4.769199949805624783e-05 9.749080618348671123e-07 1.174220809474491034e-08 8.332978057579154552e-11 3.484361508088867909e-13 8.584413163835132900e-16 1.246110369683571306e-18 1.065812424777576935e-21
1.027789520996896316e-20 6.111340142627008181e-24 2.141158200869348183e-27 4.420022387905435492e-31 1.154541623196361023e-34 9.096670238923066873e-31 4.217994578642040340e-27 1.152381499868333325e-23 1.855075631389767179e-20 1.759511431957061164e-17 9.833039466217510793e-15 3.237794797897319832e-12 6.281815623232489543e-10 7.180924654903719784e-08 4.836642801819834858e-06 1.919441565405577421e-04 4.488247912377119064e-03 6.183607131242752075e-02 5.019662976264953613e-01 2.400911092758178711e+00 6.766169548034667969e+00 1.123510551452636719e+01 1.099205017089843750e+01 6.336467742919921875e+00 2.152199268341064453e+00 4.307101070880889893e-01 5.078738182783126831e-02 3.528516273945569992e-03 1.444427762180566788e-04 3.483912223600782454e-06 4.951146337361933547e-08 4.145814525013946650e-10 2.045419606258591649e-12 5.946002306652211147e-15 1.018420303399979887e-17 1.027789520996896316e-20
9.408495751315626440e-20 6.600857364397958140e-23 2.728698220848261215e-26 6.646161552430531155e-30 9.537070358259308325e-34 5.823726976897491733e-32 3.186216129535466476e-28 1.027101434547962391e-24 1.950832167440115393e-21 2.183190198420394238e-18 1.439572304407204378e-15 5.592889432831649188e-13 1.280287542648750332e-10 1.726823839476310241e-08 1.372334395455254707e-06 6.425895844586193562e-05 1.772875897586345673e-03 2.881949022412300110e-02 2.760331630706787109e-01 1.557779431343078613e+00 5.179830551147460938e+00 1.014828300476074219e+01 1.171485805511474609e+01 7.967985153198242188e+00 3.193203926086425781e+00 7.540019750595092773e-01 1.049024909734725952e-01 8.599336259067058563e-03 4.153480404056608677e-04 1.182020969281438738e-05 1.982021018420709879e-07 1.958191830908617703e-09 1.139912383235630600e-11 3.909822430549735051e-14 7.901331119757986883e-17 9.408495751315626440e-20
8.175651549199815738e-19 6.767612714777582877e-22 3.300808005965254593e-25 9.485646736288130399e-29 1.606153750914119460e-32 3.541962476357268891e-33 2.286424608597977229e-29 8.696267033688349281e-26 1.948823184839119905e-22 2.573191381578427108e-19 2.001897784573310711e-16 9.176599774117152886e-14 2.478497615476804583e-11 3.944197857208564528e-09 3.698244483985035913e-07 2.043159656750503927e-05 6.650878931395709515e-04 1.275622658431529999e-02 1.441546380519866943e-01 9.598484039306640625e-01 3.765685558319091797e+00 8.704683303833007812e+00 1.185576057434082031e+01 9.514205932617187500e+00 4.498653411865234375e+00 1.253314018249511719e+00 2.057335376739501953e-01 1.989830099046230316e-02 1.133951591327786446e-03 3.807504981523379683e-05 7.532743211413617246e-07 8.780746796333005477e-09 6.030878574314613161e-11 2.440595468777839727e-13 5.819327576478264871e-16 8.175651549199815738e-19
6.743890623991221145e-18 6.586326672741531937e-21 3.790089318882498208e-24 1.285027836771795687e-27 2.567163993551755004e-31 2.045408613655003604e-34 1.558818450687580241e-30 6.994871246681510443e-27 1.849427436533305221e-23 2.881088814332948546e-20 2.644535792129187001e-17 1.430229192185810544e-14 4.557557022749625375e-12 8.557073938320058915e-10 9.466319284001656342e-08 6.170299002405954525e-06 2.369725843891501427e-04 5.362421739846467972e-03 7.149687409400939941e-02 5.616722106933593750e-01 2.599821090698242188e+00 7.090408802032470703e+00 1.139374732971191406e+01 1.078770637512207031e+01 6.018085956573486328e+00 1.978130340576171875e+00 3.831063508987426758e-01 4.371687769889831543e-02 2.939323196187615395e-03 1.164426575996913016e-04 2.717974439292447641e-06 3.738034237699139339e-08 3.029089756800829036e-10 1.446259344922706802e-12 4.068580037084419329e-15 6.743890623991221145e-18
8.815312757069879070e-17 1.059109907097649762e-19 7.497492446490264578e-23 3.127191923418237532e-26 7.685370780930347833e-30 1.112737554332266476e-33 5.011068353113291832e-32 2.766269753315503231e-28 8.997479272243085509e-25 1.724324629836059259e-21 1.947051226642124939e-18 1.295415661234876597e-15 5.078136804288757578e-13 1.172928143500229226e-10 1.596250243096619670e-08 1.279960770261823200e-06 6.047278293408453465e-05 1.683429349213838577e-03 2.761167660355567932e-02 2.668442726135253906e-01 1.519464969635009766e+00 5.097908496856689453e+00 1.007764339447021484e+01 1.173798370361328125e+01 8.055541992187500000e+00 3.257341146469116211e+00 7.760670185089111328e-01 1.089434772729873657e-01 9.010966867208480835e-03 4.391450784169137478e-04 1.260990302398568019e-05 2.133447054575299262e-07 2.126769649279935948e-09 1.249191895758006154e-11 4.323093532460076105e-14 8.815312757069879070e-17
1.061996356740285696e-15 1.569574591933910598e-18 1.366829124435431504e-21 7.013045430972396367e-25 2.120178757095646364e-28 3.776581524421400120e-32 1.486286608314053790e-33 1.009367621096282532e-29 4.038590044313689444e-26 9.520983777254577540e-23 1.322510451269588190e-19 1.082392499828585422e-16 5.219541365417655621e-14 1.483038344907150474e-11 2.482781535917411020e-09 2.449000646720378427e-07 1.423338471795432270e-05 4.874134610872715712e-04 9.834452532231807709e-03 1.169149056077003479e-01 8.189496994018554688e-01 3.379976034164428711e+00 8.219307899475097656e+00 1.177672100067138672e+01 9.942153930664062500e+00 4.945425033569335938e+00 1.449420452117919922e+00 2.502945363521575928e-01 2.546688169240951538e-02 1.526750158518552780e-03 5.392940511228516698e-05 1.122405137721216306e-06 1.376399971775299491e-08 9.945020501556101067e-11 4.233781565349953313e-13 1.061996356740285696e-15
1.179238083321310776e-14 2.143874800214116364e-17 2.296513489975761539e-20 1.449441036567327732e-23 5.390166387346643903e-27 1.181047009977379731e-30 1.523546059897525905e-34 3.398242496263905068e-31 1.672517815641713308e-27 4.850224895482269385e-24 8.287428045321451556e-21 8.343363865961014067e-18 4.949174547291303183e-15 1.729760974213123692e-12 3.562142247837130071e-10 4.322158275726906140e-08 3.089989149884786457e-06 1.301621960010379553e-04 3.230546601116657257e-03 4.724296927452087402e-02 4.070635437965393066e-01 2.066591501235961914e+00 6.181793689727783203e+00 1.089536762237548828e+01 1.131452846527099609e+01 6.923056125640869141e+00 2.495897769927978516e+00 5.301784276962280273e-01 6.635670363903045654e-02 4.893443547189235687e-03 2.126237668562680483e-04 5.443458121590083465e-06 8.211235069666145137e-08 7.298051052373466518e-10 3.821805719117499223e-12 1.179238083321310776e-14
1.206949850392907697e-13 2.699063074887539555e-16 3.556341551519273762e-19 2.760921786626280517e-22 1.262926866213578850e-25 3.403852472523543386e-29 5.405215061958660374e-33 1.055651967071986033e-32 6.390945742143841354e-29 2.279679333153559940e-25 4.791308392790949299e-22 5.933347405291202223e-19 4.329210275009554628e-16 1.861170722747274020e-13 4.714435092312285747e-11 7.036362603685120121e-09 6.187654548739374150e-07 3.206093242624774575e-05 9.787891758605837822e-04 1.760635152459144592e-02 1.866022795438766479e-01 1.165289640426635742e+00 4.287612915039062500e+00 9.295331954956054688e+00 1.187358188629150391e+01 8.936454772949218750e+00 3.962929964065551758e+00 1.035461425781250000e+00 1.594110727310180664e-01 1.446008589118719101e-02 7.728417403995990753e-04 2.433748522889800370e-05 4.515740101851406507e-07 4.936875797056927695e-09 3.180050667239697759e-11 1.206954458252140761e-13
1.138727675521755689e-12 3.132175796532370507e-15 5.076244051066951618e-18 4.847346648117149138e-21 2.727328018759698894e-24 9.041299309155266972e-28 1.766013812110410545e-31 3.024429644819403924e-34 2.253235155667481981e-30 9.886162020113181944e-27 2.555724423919894444e-23 3.892800496849485554e-20 3.493671763372842157e-17 1.847426291806675280e-14 5.755998108702975458e-12 1.056665643872634064e-09 1.142936554288098705e-07 7.284185358003014699e-06 2.735271700657904148e-04 6.051890552043914795e-03 7.889420539140701294e-02 6.059910655021667480e-01 2.742553234100341797e+00 7.313262939453125000e+00 1.149040126800537109e+01 1.063715744018554688e+01 5.802075386047363281e+00 1.864694595336914062e+00 3.531014919281005859e-01 3.939659520983695984e-02 2.589907031506299973e-03 1.003174547804519534e-04 2.289484200446167961e-06 3.078696053648855013e-08 2.439249358054951244e-10 1.138727675521755689e-12
9.904109650460402037e-12 3.350696998506708102e-14 6.679171102966398451e-17 7.844676552836889097e-20 5.428764044888233738e-23 2.213547397835652349e-26 5.317979325153946683e-30 7.526369822433515524e-34 7.330165305272882777e-32 3.955670642413103348e-28 1.257744641711955718e-24 2.356350394550526430e-21 2.601072538100292597e-18 1.691720142640298300e-15 6.482991227185763705e-13 1.463802967727190207e-10 1.947447003658453468e-08 1.526568667031824589e-06 7.050617568893358111e-05 1.918695634230971336e-03 3.076470270752906799e-02 2.906475663185119629e-01 1.617893457412719727e+00 5.306375980377197266e+00 1.025449371337890625e+01 1.167606830596923828e+01 7.833335876464843750e+00 3.096446037292480469e+00 7.211865186691284180e-01 9.896889328956604004e-02 8.002346381545066833e-03 3.812429204117506742e-04 1.070176040229853243e-05 1.770015813917780179e-07 1.724880904774295232e-09 9.904109650460402037e-12
7.941106106024165001e-11 3.304242459072764815e-13 8.101000872925263017e-16 1.170228335805559897e-18 9.960343076969913366e-22 4.994953853104321231e-25 1.475940023999803922e-28 2.569630650897520492e-32 2.200320447911897579e-33 1.460487144535080649e-29 5.711489771863374740e-26 1.316031530848991758e-22 1.786713354288807563e-19 1.429262616419919060e-16 6.736474035930542503e-14 1.870757541932999146e-11 3.061058517772607956e-09 2.951204010059882421e-07 1.676439205766655505e-05 5.611096275970339775e-04 1.106548588722944260e-02 1.285762190818786621e-01 8.802747726440429688e-01 3.550951480865478516e+00 8.439886093139648438e+00 1.181941604614257812e+01 9.752646446228027344e+00 4.741500854492187500e+00 1.358239650726318359e+00 2.292472422122955322e-01 2.279812842607498169e-02 1.335857785306870937e-03 4.612009070115163922e-05 9.381842573930043727e-07 1.124465498492099869e-08 7.941061697103179995e-11
5.870729458123946642e-10 3.004374310097701617e-12 9.059137649563252237e-15 1.609471456751782623e-17 1.684812296081803849e-20 1.039161658396117003e-23 3.776417360992934903e-27 8.086242566425167608e-31 1.018787637710733674e-34 4.974686450307036787e-31 2.392711422032548168e-27 6.780682309819794930e-24 1.132217195922594717e-20 1.113908875260243828e-17 6.457132480211557127e-15 2.205425512352698902e-12 4.438276413054609293e-10 5.262683444584581594e-08 3.676739197544520721e-06 1.513525348855182528e-04 3.670957172289490700e-03 5.246095359325408936e-02 4.417336583137512207e-01 2.191554069519042969e+00 6.406377792358398438e+00 1.103414344787597656e+01 1.119778347015380859e+01 6.695645332336425781e+00 2.358956336975097656e+00 4.896826148033142090e-01 5.989307537674903870e-02 4.316229373216629028e-03 1.832742564147338271e-04 4.585280748869990930e-06 6.759147197499260074e-08 5.870729458123946642e-10
4.001857067947867108e-09 2.518742853174771312e-11 9.340507425674438036e-14 2.040914239706211920e-16 2.627548780050525054e-19 1.993143788631588220e-22 8.908267238990674165e-26 2.345936897122481153e-29 3.639984011536462390e-33 1.563304483901151583e-32 9.247619850755096677e-29 3.223065270717658117e-25 6.618838344327203794e-22 8.008655157258782055e-19 5.709623574919032128e-16 2.398375280928538578e-13 5.936031527431495647e-11 8.656591887756803771e-09 7.438070497300941497e-07 3.765679866774007678e-05 1.123286085203289986e-03 1.974260248243808746e-02 2.044494748115539551e-01 1.247483730316162109e+00 4.484899520874023438e+00 9.500269889831542969e+00 1.185732173919677734e+01 8.719755172729492188e+00 3.778235435485839844e+00 9.645859599113464355e-01 1.450975537300109863e-01 1.286012865602970123e-02 6.715826457366347313e-04 2.066431443381588906e-05 3.746315542230149731e-07 4.001857067947867108e-09
2.515367114597211184e-08 1.947021710524410310e-10 8.879945390116716908e-13 2.386226490653977489e-15 3.778220239729858571e-18 3.524706659071165437e-21 1.937442777653257605e-24 6.274823240594471258e-28 1.197398982753250342e-31 4.531368632769199489e-34 3.297350803548082822e-30 1.413390682379216079e-26 3.569626835016925172e-23 5.311842408616129229e-20 4.657372941041837996e-17 2.406016737840216413e-14 7.323671183390167982e-12 1.313477104858407074e-09 1.387979438050024328e-07 8.642045031592715532e-06 3.170374548062682152e-04 6.852946244180202484e-03 8.727824687957763672e-02 6.549416780471801758e-01 2.895788192749023438e+00 7.543957710266113281e+00 1.157970619201660156e+01 1.047281074523925781e+01 5.580794811248779297e+00 1.752249956130981445e+00 3.241627514362335205e-01 3.533427417278289795e-02 2.269336720928549767e-03 8.587530464865267277e-05 1.914698486871202476e-06 2.515376351652776066e-08
1.457786993341869675e-07 1.387697512456043114e-09 7.783349485757096176e-12 2.572216629959361150e-14 5.008558756673881299e-17 5.746189778388895604e-20 3.884368767792539081e-23 1.547145438496140752e-26 3.630782315226622450e-30 5.019059657583769448e-34 1.084925449827307311e-31 5.719048969857896866e-28 1.776324840294786627e-24 3.250755991641610003e-21 3.505176191332229666e-18 2.226916110417915054e-15 8.336180053539199442e-13 1.838645347085332560e-10 2.389413999992484605e-08 1.829611164794187061e-06 8.254446584032848477e-05 2.194241154938936234e-03 3.436752781271934509e-02 3.171626031398773193e-01 1.724566459655761719e+00 5.525167942047119141e+00 1.042986106872558594e+01 1.160055541992187500e+01 7.602313995361328125e+00 2.935486078262329102e+00 6.678535938262939453e-01 8.952592313289642334e-02 7.071075029671192169e-03 3.290706372354179621e-04 9.023093298310413957e-06 1.457781451108530746e-07
7.791018106217961758e-07 9.120556754282915790e-09 6.290996196200993040e-11 2.556711895147778524e-13 6.122331908139217425e-16 8.638008288489393322e-19 7.180928371241334967e-22 3.517312853555424336e-25 1.015094479110211812e-28 1.726135724618581082e-32 3.293218320831672423e-33 2.134973841206395253e-29 8.154815095057606119e-26 1.835273788835138453e-22 2.433638257422488655e-19 1.901405266315468485e-16 8.753165970905654736e-14 2.374250449022063947e-11 3.794421665759273310e-09 3.573013884761166992e-07 1.982391768251545727e-05 6.480560987256467342e-04 1.248262822628021240e-02 1.416652202606201172e-01 9.473052024841308594e-01 3.732340812683105469e+00 8.664430618286132812e+00 1.185130882263183594e+01 9.551240921020507812e+00 4.535449981689453125e+00 1.268960714340209961e+00 2.091906964778900146e-01 2.031911537051200867e-02 1.162879983894526958e-03 3.921277311746962368e-05 7.790987410771776922e-07
3.839825694740284234e-06 5.527840585273224860e-08 4.688925359097595447e-10 2.343457459336173443e-12 6.900957839298550028e-15 1.197345094723365134e-17 1.224073987359474548e-20 7.373314064867080049e-24 2.616855386006212328e-27 5.472218195874492606e-31 9.210585411896182781e-35 7.353007276399191303e-31 3.453847206467405545e-27 9.558974687361297291e-24 1.558773235183450485e-20 1.497682298304426208e-17 8.478679523337036283e-15 2.828162617291019032e-12 5.558315474551989155e-10 6.436595612058226834e-08 4.391672518977429718e-06 1.765513734426349401e-04 4.181955475360155106e-03 5.836587771773338318e-02 4.799562692642211914e-01 2.325476646423339844e+00 6.638803482055664062e+00 1.116697120666503906e+01 1.106744480133056641e+01 6.462886810302734375e+00 2.223682165145874023e+00 4.508016705513000488e-01 5.384765565395355225e-02 3.789789974689483643e-03 1.571544999023899436e-04 3.839810233330354095e-06
1.745190456858836114e-05 3.089556628310674569e-07 3.222723421458795201e-09 1.980675345958360367e-11 7.172525241924340711e-14 1.530371086449092773e-16 1.923947658543212599e-19 1.425120517968236356e-22 6.219779970190889619e-26 1.599448406700588305e-29 2.423319073102578158e-33 2.336602707905624156e-32 1.349694834662734515e-28 4.593534585911622927e-25 9.211527528088306498e-22 1.088374471495221906e-18 7.576989234062310452e-16 3.107999697448543541e-13 7.511594124487430690e-11 1.069660271468819701e-08 8.974900538305519149e-07 4.436895324033685029e-05 1.292410073801875114e-03 2.218117564916610718e-02 2.243048548698425293e-01 1.336463928222656250e+00 4.691839218139648438e+00 9.705021858215332031e+00 1.182816219329833984e+01 8.493860244750976562e+00 3.593850612640380859e+00 8.959452509880065918e-01 1.316046714782714844e-01 1.139012537896633148e-02 5.808300920762121677e-04 1.745180270518176258e-05
7.313549576792865992e-05 1.592101398273371160e-06 2.042133573354476539e-08 1.543358774114267362e-10 6.872539104647856778e-13 1.803122657017012728e-15 2.787469210537838715e-18 2.538974142733440469e-21 1.362610189818087328e-24 4.308804101449842897e-28 8.027921119505730307e-32 6.853028291183277641e-34 4.868375493535053631e-30 2.037465785996149415e-26 5.024081871497837654e-23 7.299445621951389361e-20 6.248798956422408788e-17 3.151882102753536530e-14 9.367154621409135018e-12 1.640277025316549953e-09 1.692343545300900587e-07 1.028789665724616498e-05 3.684994881041347980e-04 7.776943966746330261e-03 9.670504182577133179e-02 7.085273265838623047e-01 3.058662891387939453e+00 7.779914379119873047e+00 1.165960884094238281e+01 1.029580688476562500e+01 5.356780052185058594e+00 1.642154693603515625e+00 2.966144084930419922e-01 3.156732395291328430e-02 1.979461871087551117e-03 7.313527748920023441e-05
2.826741547323763371e-04 7.566873591713374481e-06 1.193479164385280455e-07 1.109106917418500871e-09 6.073041375342924653e-12 1.959303419919559974e-14 3.724472690504123003e-17 4.171540006881968833e-20 2.752958582886872700e-23 1.070441954963334276e-26 2.452420886662905350e-30 3.309052413408240952e-34 1.620065491457231068e-31 8.337115765799128765e-28 2.527981290288538769e-24 4.516378275661471457e-21 4.754212298842401031e-18 2.948732600596085801e-15 1.077596996010288244e-12 2.320322406434982554e-10 2.943764343399379868e-08 2.200511062255827710e-06 9.691972809378057718e-05 2.515176311135292053e-03 3.845873475074768066e-02 3.464855551719665527e-01 1.839259386062622070e+00 5.752667427062988281e+00 1.060135364532470703e+01 1.151120567321777344e+01 7.364568233489990234e+00 2.776136159896850586e+00 6.165977716445922852e-01 8.069198578596115112e-02 6.221901625394821167e-03 2.826741547323763371e-04
1.007616054266691208e-03 3.316640504635870457e-05 6.432339318962476682e-07 7.350215547319294274e-09 4.948862847298229894e-11 1.963243749427551199e-13 4.588913753011275316e-16 6.319991786125918338e-19 5.128493544537845829e-22 2.452025472902687613e-25 6.907675755488474838e-29 1.146562789986261662e-32 4.974636256698256675e-33 3.147952355253488495e-29 1.173697576628865797e-25 2.578365489206206495e-22 3.337383741449190263e-19 2.545283184522337261e-16 1.143737611130485332e-13 3.028267914206850264e-11 4.724107327547244495e-09 4.342247166277957149e-07 2.351664079469628632e-05 7.504194509238004684e-04 1.410923525691032410e-02 1.563027501106262207e-01 1.020227670669555664e+00 3.923704624176025391e+00 8.891214370727539062e+00 1.187116241455078125e+01 9.338830947875976562e+00 4.328711032867431641e+00 1.182204246520996094e+00 1.902365684509277344e-01 1.803678832948207855e-02 1.007616054266691208e-03
3.312316257506608963e-03 1.340577582595869899e-04 3.196822262907517143e-06 4.491718996746385528e-08 3.718566843335935346e-10 1.813832070651777428e-12 5.213071473656643098e-15 8.827825352759846209e-18 8.808033227759879456e-21 5.178165023404864476e-24 1.793650912830898456e-27 3.660720980847715290e-31 1.408590059226798826e-34 1.097033582368178251e-30 5.029267915811875286e-27 1.358469123660697518e-23 2.162062713106082797e-20 2.027473282671164267e-17 1.120217166369810030e-14 3.646883142693901902e-12 6.995304890899944894e-10 7.906086807452084031e-08 5.264781066216528416e-06 2.065687585854902864e-04 4.775482229888439178e-03 6.504892557859420776e-02 5.220677852630615234e-01 2.468773126602172852e+00 6.878659248352050781e+00 1.129255580902099609e+01 1.092315673828125000e+01 6.225454330444335938e+00 2.090555191040039062e+00 4.136370420455932617e-01 4.822160303592681885e-02 3.312335116788744926e-03
9.376939386129379272e-03 4.604912246577441692e-04 1.332442298007663339e-05 2.271630847872074810e-07 2.281916433588548898e-09 1.350597585159096781e-11 4.709978880437087900e-14 9.677957580333260233e-17 1.171688154490351138e-19 8.358059545818418003e-23 3.512911934150664396e-26 8.699566241961050760e-30 1.269240025300364937e-33 4.406928615106343573e-32 2.451432688999174721e-28 8.034640024756237181e-25 1.551622808087555084e-21 1.765521271338534559e-18 1.183644687526106548e-15 4.675637047674152669e-13 1.088247825187238504e-10 1.492382040169104584e-08 1.205861167363764253e-06 5.740946653531864285e-05 1.610425184480845928e-03 2.661710605025291443e-02 2.592079043388366699e-01 1.487322092056274414e+00 5.028365135192871094e+00 1.001650047302246094e+01 1.175635242462158203e+01 8.130102157592773438e+00 3.312736511230468750e+00 7.953258752822875977e-01 1.125040650367736816e-01 9.376939386129379272e-03
2.469767816364765167e-02 1.471257768571376801e-03 5.164031608728691936e-05 1.067965172296680976e-06 1.301341256976229488e-08 9.343052720378608456e-11 3.952359002145494626e-13 9.851202817221958383e-16 1.446731860320038703e-18 1.251877878426661622e-21 6.382600614509473574e-25 1.917337528310973724e-28 3.393626917695401356e-32 1.657641174898303380e-33 1.118624197440239823e-29 4.447365439447573683e-26 1.041825310351468167e-22 1.437982926077430183e-19 1.169439362665500694e-16 5.603660642602113773e-14 1.582074402040056782e-11 2.631830309240967836e-09 2.579575379968446214e-07 1.489726673753466457e-05 5.069114849902689457e-04 1.016316749155521393e-02 1.200574934482574463e-01 8.356353044509887695e-01 3.426992893218994141e+00 8.280851364135742188e+00 1.178974056243896484e+01 9.890099525451660156e+00 4.888375282287597656e+00 1.423626065254211426e+00 2.442823052406311035e-01 2.469777129590511322e-02
6.062280386686325073e-02 4.380655474960803986e-03 1.865143713075667620e-04 4.678949608205584809e-06 6.916015848901224672e-08 6.023259668808123024e-10 3.090815797746060412e-12 9.344994328602633515e-15 1.664760208894826992e-17 1.747421628957685191e-20 1.080713565515094924e-23 3.938086853872599275e-27 8.455255633826261418e-31 1.068417032161324693e-34 4.756810453173087113e-31 2.294105734809866079e-27 6.518976126790913821e-24 1.091470634377402030e-20 1.076733476016701892e-17 6.258561275837310617e-15 2.143405244958707101e-12 4.325138025507158090e-10 5.142409520431101555e-08 3.602495780796743929e-06 1.486986584495753050e-04 3.616369795054197311e-03 5.182105675339698792e-02 4.375291466712951660e-01 2.176582574844360352e+00 6.379872322082519531e+00 1.101829910278320312e+01 1.121203327178955078e+01 6.722355842590332031e+00 2.374794721603393555e+00 4.943058788776397705e-01 6.062260270118713379e-02
1.444293856620788574e-01 1.278637349605560303e-02 6.669767899438738823e-04 2.049937575065996498e-05 3.712258376253885217e-07 3.960992867035884046e-09 2.490172651414823690e-11 9.224223354543578668e-14 2.013239026341453759e-16 2.588954083632449319e-19 1.961651577770951581e-22 8.757719298205066101e-26 2.303653255656736295e-29 3.570315767441087097e-33 1.593505284762477793e-32 9.415417700866049843e-29 3.277907866924754384e-25 6.723865139546667105e-22 8.126491171420023612e-19 5.787072561846821114e-16 2.428174306588759546e-13 6.003024466405548765e-11 8.744259538673304633e-09 7.505004759877920151e-07 3.795236261794343591e-05 1.130822813138365746e-03 1.985262706875801086e-02 2.053578197956085205e-01 1.251609563827514648e+00 4.494629383087158203e+00 9.510141372680664062e+00 1.185621929168701172e+01 8.709095001220703125e+00 3.769356250762939453e+00 9.612288475036621094e-01 1.444293856620788574e-01
3.182880282402038574e-01 3.452276438474655151e-02 2.206266159191727638e-03 8.307649113703519106e-05 1.843173095039674081e-06 2.409430877037266328e-08 1.855828130059578029e-10 8.422145359593402603e-13 2.252040378182898483e-15 3.548118032062001268e-18 3.293745149687359053e-21 1.801539595838818438e-24 5.805831373151985713e-28 1.102447368620664329e-31 4.936533525671313805e-34 3.574465039155563116e-30 1.524612058146810093e-26 3.831520766941248881e-23 5.673418563999542994e-20 4.949829264054861355e-17 2.544490022870528334e-14 7.706929712469889893e-12 1.375396796454708692e-09 1.446232573698580381e-07 8.960178092820569873e-06 3.270894812885671854e-04 7.035243324935436249e-03 8.915773779153823853e-02 6.657462120056152344e-01 2.929023504257202148e+00 7.592846870422363281e+00 1.159721946716308594e+01 1.043686962127685547e+01 5.534190177917480469e+00 1.729034185409545898e+00 3.182889521121978760e-01
6.488342881202697754e-01 8.622021973133087158e-02 6.750742904841899872e-03 3.114279825240373611e-04 8.465143764624372125e-06 1.355728613816609140e-07 1.279331196535338222e-09 7.113157285409954511e-12 2.330283860839388321e-14 4.497991449742875603e-17 5.115584114765120057e-20 3.428008632045476602e-23 1.353480548487569007e-26 3.148707191897902922e-30 4.314764513175999837e-34 1.255255756755807593e-31 6.559473760444960330e-28 2.019623348530788036e-24 3.663815173647856638e-21 3.916232843392493580e-18 2.466419334935278374e-15 9.152429248510118853e-13 2.001109555838098686e-10 2.577926139224473445e-08 1.956792630153358914e-06 8.751435962039977312e-05 2.306119771674275398e-03 3.580593690276145935e-02 3.275607824325561523e-01 1.765615701675415039e+00 5.607481002807617188e+00 1.049318885803222656e+01 1.156946754455566406e+01 7.516001224517822266e+00 2.876908779144287109e+00 6.488342881202697754e-01
1.223468422889709473e+00 1.991854608058929443e-01 1.910689286887645721e-02 1.079906360246241093e-03 3.596273745642974973e-05 7.056394224491668865e-07 8.157980957435029268e-09 5.557145021928278084e-11 2.230420438186636600e-13 5.274558865847253641e-16 7.349406684714738676e-19 6.033812533692570001e-22 2.918714105317240907e-25 8.318908746328620983e-29 1.396987902433534001e-32 4.077304644240816540e-33 2.610441557808916736e-29 9.847095532674857946e-26 2.188572276540951788e-22 2.866072255040843309e-19 2.211448044721410250e-16 1.005394498123507452e-13 2.693140155329842855e-11 4.250587881671208379e-09 3.952876568291685544e-07 2.165900696127209812e-05 6.992476992309093475e-04 1.330130640417337418e-02 1.490805447101593018e-01 9.844986796379089355e-01 3.830686092376708984e+00 8.782263755798339844e+00 1.186321067810058594e+01 9.442036628723144531e+00 4.427872180938720703e+00 1.223468422889709473e+00
2.134014368057250977e+00 4.256473779678344727e-01 5.002324283123016357e-02 3.463833825662732124e-03 1.413232821505516768e-04 3.397324007892166264e-06 4.812022780242841691e-08 4.015938692703002744e-10 1.974717698388639420e-12 5.721356040029688256e-15 9.766926810913748741e-18 9.823821521291367743e-21 5.821967818791120968e-24 2.032984493682950306e-27 4.182684906299272026e-31 1.223778699637274547e-34 9.609830887181315498e-31 4.441175192457522005e-27 1.209317141272207241e-23 1.940242276505197620e-20 1.834144464469148129e-17 1.021604658914222405e-14 3.352720445021217799e-12 6.483075187802000983e-10 7.386407219200918917e-08 4.958474619343178347e-06 1.961233501788228750e-04 4.570656921714544296e-03 6.276178359985351562e-02 5.077872276306152344e-01 2.420653581619262695e+00 6.799109458923339844e+00 1.125219154357910156e+01 1.097210311889648438e+01 6.303898811340332031e+00 2.134010314941406250e+00
3.114670276641845703e+00 7.273249626159667969e-01 1.000719070434570312e-01 8.112599141895771027e-03 3.875055990647524595e-04 1.090583009499823675e-05 1.808468539366003824e-07 1.766977786310519605e-09 1.017225626648299297e-11 3.450392776398539252e-14 6.895818308072406951e-17 8.120382313349348791e-20 5.634135461864747775e-23 2.303296657690470846e-26 5.547994041191775693e-30 7.872524439746870218e-34 7.017101772290137056e-32 3.796680069937833012e-28 1.210336467890888572e-24 2.273439674529506966e-21 2.516088208761747672e-18 1.640728547457352606e-15 6.303914096457419181e-13 1.427095663864008657e-10 1.903564772476329381e-08 1.496041704740491696e-06 6.927677895873785019e-05 1.890177605673670769e-03 3.038649447262287140e-02 2.878234088420867920e-01 1.606344580650329590e+00 5.282266616821289062e+00 1.023451805114746094e+01 1.168374443054199219e+01 7.858925819396972656e+00 3.114670276641845703e+00
4.492412567138671875e+00 1.250664591789245605e+00 2.051496207714080811e-01 1.982750743627548218e-02 1.129103009589016438e-03 3.788488538702949882e-05 7.489634299417957664e-07 8.724201805421216704e-09 5.987713797006577465e-11 2.421357114378713815e-13 5.769306575173754198e-16 8.099533355256920440e-19 6.699772191541513886e-22 3.265340080109419258e-25 9.376991787356878762e-29 1.586566488546367683e-32 3.586094575048968515e-33 2.313269664610304812e-29 8.791796856715449403e-26 1.968803453846557692e-22 2.597689627888892137e-19 2.019507864244523632e-16 9.250510513841847526e-14 2.496683415564859843e-11 3.970251682972048002e-09 3.719990786521520931e-07 2.053676871582865715e-05 6.680284859612584114e-04 1.280321925878524780e-02 1.445811092853546143e-01 9.619966745376586914e-01 3.771377086639404297e+00 8.711521148681640625e+00 1.185647201538085938e+01 9.507883071899414062e+00 4.492412567138671875e+00
6.289333343505859375e+00 2.125902652740478516e+00 4.233984947204589844e-01 4.968439787626266479e-02 3.435265738517045975e-03 1.399470638716593385e-04 3.359217771503608674e-06 4.750956605903411401e-08 3.959035876910377283e-10 1.943850679378411606e-12 5.623444960557721917e-15 9.585512040510456370e-18 9.626978384897889438e-21 5.696829235674101423e-24 1.986284544391448611e-27 4.080590870941654712e-31 1.256340581921273096e-34 9.848985683053850220e-31 4.544829897622409671e-27 1.235711717186087597e-23 1.979612519371027174e-20 1.868594055440144072e-17 1.039225739425837791e-14 3.405479240617403924e-12 6.575254229979066167e-10 7.480193175979366060e-08 5.013924692320870236e-06 1.980228844331577420e-04 4.608036018908023834e-03 6.318060308694839478e-02 5.104094743728637695e-01 2.429534912109375000e+00 6.813848972320556641e+00 1.125976753234863281e+01 1.096310043334960938e+01 6.289333343505859375e+00
8.200000762939453125e+00 3.365320920944213867e+00 8.137805461883544922e-01 1.159459352493286133e-01 9.733550250530242920e-03 4.814542771782726049e-04 1.403138230671174824e-05 2.409450985396688338e-07 2.437822610446005456e-09 1.453286362779193652e-11 5.104663368979238391e-14 1.056464225743090251e-16 1.288262201229566482e-19 9.256081760926465068e-23 3.918413556527881436e-26 9.773874039064555759e-30 1.436297976361366750e-33 3.905155039399227988e-32 2.187998213416055439e-28 7.223031822295111737e-25 1.404938603491649594e-21 1.610152040280275940e-18 1.087272031644590832e-15 4.325956368296524079e-13 1.014126560505701491e-10 1.400766080905668787e-08 1.140008748734544497e-06 5.466646689455956221e-05 1.544531667605042458e-03 2.571221254765987396e-02 2.522045373916625977e-01 1.457573413848876953e+00 4.963354587554931641e+00 9.958354949951171875e+00 1.177246093750000000e+01 8.200000762939453125e+00
1.003889083862304688e+01 5.053687572479248047e+00 1.498989820480346680e+00 2.619728147983551025e-01 2.697625383734703064e-02 1.636704779230058193e-03 5.850994784850627184e-05 1.232398972206283361e-06 1.529481252759978815e-08 1.118421535939440048e-10 4.818760408059619138e-13 1.223283076600529228e-15 1.829726823689747429e-18 1.612559220681129780e-21 8.373527767106263168e-25 2.561954586270266734e-28 4.618457354168875682e-32 1.209745868482348858e-33 8.315002418733606809e-30 3.367038918674864133e-26 8.033268471743374669e-23 1.129305746348606805e-19 9.353863584123553693e-17 4.565033924876574223e-14 1.312694310889872540e-11 2.224078254897676743e-09 2.220244965656092972e-07 1.305924524785950780e-05 4.525930271483957767e-04 9.241851046681404114e-03 1.111932396888732910e-01 7.882520556449890137e-01 3.292451381683349609e+00 8.102909088134765625e+00 1.174979782104492188e+01 1.003889656066894531e+01
1.135995101928710938e+01 7.017526149749755859e+00 2.554226875305175781e+00 5.477751493453979492e-01 6.921694427728652954e-02 5.153363570570945740e-03 2.260638575535267591e-04 5.843106009706389159e-06 8.898618375496880617e-08 7.984805039384923475e-10 4.221591826114590162e-12 1.315098271709343181e-14 2.413808318636300864e-17 2.610482977726047724e-20 1.663409301916759311e-23 6.245215726966411843e-27 1.381542335719167193e-30 1.799454099078450356e-34 2.900688886501523955e-31 1.441349022195896705e-27 4.219883222582704239e-24 7.279559359920304952e-21 7.398947772371458333e-18 4.431066092796002651e-15 1.563555274836092579e-12 3.250730795656409100e-10 3.982152918524661800e-08 2.874264055208186619e-06 1.222353603225201368e-04 3.062907373532652855e-03 4.522126913070678711e-02 3.933818936347961426e-01 2.016293525695800781e+00 6.089204788208007812e+00 1.083516120910644531e+01 1.135995101928710938e+01
1.187617111206054688e+01 9.002646446228027344e+00 4.020975112915039062e+00 1.058176636695861816e+00 1.640791893005371094e-01 1.499050855636596680e-02 8.069503819569945335e-04 2.559442509664222598e-05 4.783045142175978981e-07 5.266685754179434298e-09 3.416925076216159596e-11 1.306169528005746150e-13 2.941910861936695683e-16 3.904193229576784262e-19 3.052775835315556825e-22 1.406480075960205355e-25 3.817954493956642040e-29 6.106454380231772827e-33 9.348245190556954803e-33 5.700249486188246960e-29 2.047931350943707875e-25 4.335146355794405921e-22 5.407032544051141694e-19 3.973586139082796800e-16 1.720573011322612533e-13 4.389653918135394406e-11 6.598575019722829893e-09 5.844380552844086196e-07 3.049967926926910877e-05 9.378266404382884502e-04 1.699076592922210693e-02 1.813733130693435669e-01 1.140769362449645996e+00 4.227560997009277344e+00 9.231016159057617188e+00 1.187617015838623047e+01
1.147059059143066406e+01 1.067002391815185547e+01 5.848069190979003906e+00 1.888536572456359863e+00 3.593409359455108643e-01 4.028585553169250488e-02 2.661142963916063309e-03 1.035740278894081712e-04 2.375207259319722652e-06 3.209370902368391398e-08 2.555043954188818134e-10 1.198536062063659813e-12 3.312593179022826038e-15 5.394509236372241993e-18 5.176098838921909602e-21 2.926341059067950531e-24 9.747820931463891283e-28 1.913190289261329148e-31 2.781852151025320408e-34 2.082741078866025138e-30 9.182070536208385447e-27 2.385151870283213857e-23 3.650507663205339721e-20 3.292018364922214859e-17 1.749200963111277596e-14 5.476206727667021212e-12 1.010150185720704030e-09 1.097911024316999828e-07 7.030845608824165538e-06 2.652870607562363148e-04 5.897832568734884262e-03 7.725719362497329712e-02 5.962787270545959473e-01 2.711610317230224609e+00 7.265634059906005859e+00 1.147059059143066406e+01
1.042218494415283203e+01 1.160418224334716797e+01 7.612684249877929688e+00 2.942581176757812500e+00 6.701728701591491699e-01 8.993104845285415649e-02 7.110532373189926147e-03 3.312513581477105618e-04 9.092526852327864617e-06 1.470546351356460946e-07 1.401331495287649886e-09 7.868039553216021886e-12 2.602913612187625347e-14 5.073651915181394195e-17 5.827022126341518891e-20 3.943175508377506715e-23 1.572198705584707671e-26 3.693449517741275715e-30 5.111342851785530867e-34 1.066069580044637162e-31 5.625531108065799758e-28 1.749112294508282604e-24 3.204279184870570234e-21 3.458727311600386365e-18 2.199728893909893776e-15 8.243066602561799350e-13 1.820009559727608917e-10 2.367682938597681641e-08 1.814877464312303346e-06 8.196561248041689396e-05 2.181142568588256836e-03 3.419824317097663879e-02 3.159303069114685059e-01 1.719672918319702148e+00 5.515316486358642578e+00 1.042218494415283203e+01
9.123997688293457031e+00 1.187792491912841797e+01 9.110933303833007812e+00 4.117666244506835938e+00 1.096497893333435059e+00 1.720409393310546875e-01 1.590461656451225281e-02 8.663277258165180683e-04 2.780376598821021616e-05 5.257708153294515796e-07 5.858125540214587090e-09 3.845733453911037714e-11 1.487561159321804105e-13 3.390280870423063126e-16 4.552622179708634039e-19 3.602129986904820641e-22 1.679263493124006487e-25 4.612540225937344904e-29 7.465077526600725978e-33 7.649281899478394014e-33 4.719619523432844733e-29 1.715764826765681348e-25 3.675109339404116556e-22 4.638255018647420538e-19 3.449113396659182675e-16 1.511211674461859777e-13 3.901298728514746017e-11 5.934146507513560209e-09 5.318335070114699192e-07 2.808433055179193616e-05 8.738070609979331493e-04 1.601908728480339050e-02 1.730308234691619873e-01 1.101226568222045898e+00 4.129497528076171875e+00 9.123997688293457031e+00
7.514217376708984375e+00 1.156881427764892578e+01 1.049447345733642578e+01 5.609172821044921875e+00 1.766463518142700195e+00 3.277769386768341064e-01 3.583598509430885315e-02 2.308486960828304291e-03 8.761916251387447119e-05 1.959483597602229565e-06 2.581971259019155696e-08 2.004581917125491941e-10 9.169954292426174547e-13 2.471609105803105472e-15 3.925131652422339052e-18 3.672826514783926267e-21 2.024922916092062793e-24 6.577865428448886239e-28 1.259025096941154341e-31 4.301452498830418221e-34 3.139496394323051740e-30 1.349773364456216905e-26 3.419206206520658464e-23 5.103401941540716053e-20 4.488084142110205480e-17 2.325568259015434180e-14 7.100036704399403931e-12 1.277205230465483510e-09 1.353713230400899192e-07 8.454067028651479632e-06 3.110759425908327103e-04 6.744323763996362686e-03 8.615363389253616333e-02 6.484494805335998535e-01 2.875716924667358398e+00 7.514217376708984375e+00
5.902782440185546875e+00 1.070855903625488281e+01 1.144647216796875000e+01 7.209077835083007812e+00 2.675194501876831055e+00 5.849227309226989746e-01 7.535398006439208984e-02 5.719833076000213623e-03 2.558162668719887733e-04 6.741170636814786121e-06 1.046681177285790909e-07 9.575501502823158262e-10 5.161452862334492409e-12 1.639277940007708573e-14 3.067586066763102284e-17 3.382303396872970296e-20 2.197313044697417852e-23 8.410784126915896046e-27 1.896936235164882033e-30 2.519260258787304683e-34 2.103747445033863613e-31 1.065772268182975209e-27 3.181230892230043182e-24 5.594989078791158219e-21 5.797893374660770298e-18 3.540024489975921070e-15 1.273520351674495288e-12 2.699493129032504157e-10 3.371452095279892092e-08 2.480960802131448872e-06 1.075709224096499383e-04 2.748097293078899384e-03 4.136535897850990295e-02 3.668673038482666016e-01 1.917124986648559570e+00 5.902782440185546875e+00
4.393976688385009766e+00 9.407022476196289062e+00 1.186626243591308594e+01 8.819485664367675781e+00 3.862246513366699219e+00 9.965572357177734375e-01 1.515071839094161987e-01 1.357151661068201065e-02 7.162977126426994801e-04 2.227543154731392860e-05 4.081560973645537160e-07 4.406511155963244164e-09 2.802992733752507348e-11 1.050570153332368306e-13 2.320010007639727780e-16 3.018734640942098714e-19 2.314328569301195594e-22 1.045418562900064692e-25 2.782470435266445610e-29 4.363334745890526703e-33 1.306095740492077675e-32 7.808575829664891226e-29 2.750594287867834806e-25 5.708887163937021841e-22 6.981409539826382032e-19 5.030389972098176822e-16 2.135609939758753573e-13 5.342103148731069950e-11 7.873605767372282571e-09 6.837518640168127604e-07 3.498553633107803762e-05 1.054743654094636440e-03 1.873583160340785980e-02 1.960947811603546143e-01 1.209291458129882812e+00 4.393976688385009766e+00
3.193496227264404297e+00 7.968378067016601562e+00 1.171496391296386719e+01 1.014796257019042969e+01 5.179455757141113281e+00 1.557596564292907715e+00 2.759906649589538574e-01 2.881385013461112976e-02 1.772456569597125053e-03 6.424185994546860456e-05 1.371897269564215094e-06 1.726227694121007517e-08 1.279796546516109856e-10 5.590468409380489057e-13 1.438874772775140462e-15 2.182074745364366480e-18 1.949738414950470081e-21 1.026482375952590202e-24 3.184198958659963895e-28 5.819820221422533860e-32 9.543043338929424073e-34 6.650523482828014433e-30 2.730353596154060932e-26 6.604685548598814666e-23 9.413557062688685278e-20 7.905310189376611968e-17 3.911537502861335558e-14 1.140392988374649974e-11 1.958927242640129407e-09 1.982671165023930371e-07 1.182364667329238728e-05 4.154541529715061188e-04 8.601164445281028748e-03 1.049201190471649170e-01 7.541023492813110352e-01 3.193496227264404297e+00
2.132462024688720703e+00 6.301119327545166016e+00 1.097038173675537109e+01 1.125363636016845703e+01 6.801914691925048828e+00 2.422340631484985352e+00 5.082854032516479492e-01 6.284168362617492676e-02 4.577783402055501938e-03 1.964852126548066735e-04 4.968979283148655668e-06 7.404180024650486303e-08 6.500596727576635203e-10 3.362743026744108299e-12 1.024946034484551169e-14 1.840683988955869855e-17 1.947694979953844333e-20 1.214309763055260503e-23 4.460752655528207135e-27 9.654952943134239497e-31 1.229881283151343261e-34 4.163041455301550944e-31 2.023962089672479423e-27 5.797897305990112234e-24 9.785969930331397263e-21 9.732005726993597571e-18 5.702486687063704207e-15 1.968813350197717860e-12 4.004993003903223325e-10 4.800297759288696398e-08 3.390006440895376727e-06 1.410604454576969147e-04 3.458381164819002151e-03 4.995829984545707703e-02 4.252185225486755371e-01 2.132462024688720703e+00
1.306974411010742188e+00 4.623981475830078125e+00 9.639011383056640625e+00 1.183903884887695312e+01 8.567770957946777344e+00 3.653297901153564453e+00 9.178483486175537109e-01 1.358692348003387451e-01 1.185061596333980560e-02 6.090159295126795769e-04 1.844096732384059578e-05 3.290076904249872314e-07 3.458505704045933271e-09 2.142130917093254538e-11 7.817486621149866144e-14 1.680963088907964703e-16 2.129672517517008327e-19 1.589769799057538245e-22 6.992392189657095193e-26 1.812108086527057835e-29 2.766812848750251215e-33 2.050276675553094481e-32 1.193503119879144929e-28 4.093576730895504986e-25 8.272734583261285671e-22 9.850586824091596269e-19 6.910963521867109858e-16 2.856808214470041296e-13 6.958253417899129545e-11 9.985667404066589370e-09 8.443530532531440258e-07 4.206648372928611934e-05 1.234857132658362389e-03 2.135821431875228882e-02 2.176634371280670166e-01 1.306974411010742188e+00
7.403883934020996094e-01 3.153265476226806641e+00 7.912772655487060547e+00 1.169942569732666016e+01 1.019217872619628906e+01 5.231615543365478516e+00 1.582240700721740723e+00 2.819530367851257324e-01 2.960387989878654480e-02 1.831418485380709171e-03 6.675594340777024627e-05 1.433716079191071913e-06 1.814278505207767012e-08 1.352709610991098543e-10 5.942662811495025288e-13 1.538244019465805079e-15 2.346012430195332205e-18 2.108153801622353446e-21 1.116210077717983206e-24 3.482222413820548787e-28 6.400706624055103333e-32 8.654108796898686022e-34 6.065219078717427459e-30 2.504252502170910462e-26 6.092232038236382745e-23 8.732459131251936519e-20 7.375027197981527368e-17 3.670011140149455342e-14 1.076040732211902551e-11 1.858914799868216505e-09 1.892152283744508168e-07 1.134818649006774649e-05 4.010122502222657204e-04 8.349431678652763367e-03 1.024297550320625305e-01 7.403883934020996094e-01
3.930142521858215332e-01 2.014941692352294922e+00 6.086698532104492188e+00 1.083350563049316406e+01 1.136115932464599609e+01 7.020106315612792969e+00 2.555831670761108398e+00 5.482620000839233398e-01 6.929603964090347290e-02 5.160588305443525314e-03 2.264418726554140449e-04 5.854329174326267093e-06 8.918004823499359190e-08 8.004384377535700423e-10 4.233032761119526199e-12 1.319006989947742875e-14 2.421610947918391064e-17 2.619560477155250256e-20 1.669639252029651730e-23 6.270184638323414601e-27 1.387425826004354841e-30 1.807586132263240478e-34 2.888190560365841065e-31 1.435521543370169807e-27 4.203976631289827757e-24 7.253974114274414282e-21 7.374882606810453098e-18 4.417732523656799082e-15 1.559257714264794537e-12 3.242667800940068901e-10 3.973306661464448553e-08 2.868620413210010156e-06 1.220269768964499235e-04 3.058478934690356255e-03 4.516720026731491089e-02 3.930142521858215332e-01
1.954871714115142822e-01 1.206482648849487305e+00 4.387239933013916016e+00 9.400032043457031250e+00 1.186682891845703125e+01 8.826871871948242188e+00 3.868533134460449219e+00 9.989675879478454590e-01 1.519936025142669678e-01 1.362593472003936768e-02 7.197399972938001156e-04 2.240020148747134954e-05 4.107622544324840419e-07 4.438125422723260272e-09 2.825392003691362675e-11 1.059791767147807984e-13 2.342223446681471807e-16 3.050033345863515321e-19 2.340197905847161696e-22 1.057939387839635880e-25 2.818020092774295879e-29 4.422589212063570425e-33 1.288743827569208331e-32 7.710892061032463003e-29 2.718331109439459831e-25 5.646381107468674585e-22 6.910399186166001680e-19 4.983100652048561268e-16 2.117229053752792134e-13 5.300338640212842733e-11 7.818117708779936947e-09 6.794707019253110047e-07 3.479397128103300929e-05 1.049799146130681038e-03 1.866305246949195862e-02 1.954871714115142822e-01
9.111264348030090332e-02 6.769139766693115234e-01 2.963164329528808594e+00 7.642691612243652344e+00 1.161456012725830078e+01 1.039982795715332031e+01 5.486772060394287109e+00 1.705591440200805664e+00 3.123925924301147461e-01 3.371273726224899292e-02 2.143631689250469208e-03 8.031159813981503248e-05 1.772854488990560640e-06 2.305841206862169201e-08 1.767084673032215392e-10 7.979115415265858324e-13 2.122831219551648933e-15 3.327685152164582582e-18 3.073553346086472692e-21 1.672640907217062941e-24 5.363374968483267504e-28 1.013284829067007917e-31 5.387256171507484402e-34 3.881051645285052065e-30 1.647015229097120847e-26 4.118265395101844904e-23 6.067309047000223632e-20 5.266895864652562393e-17 2.693829385361397322e-14 8.118060910999869151e-12 1.441469832386133021e-09 1.508094982227703440e-07 9.296404641645494848e-06 3.376504173502326012e-04 7.225896697491407394e-03 9.111264348030090332e-02
3.979228809475898743e-02 3.558829128742218018e-01 1.875338196754455566e+00 5.822637081146240234e+00 1.065190410614013672e+01 1.148159503936767578e+01 7.291951656341552734e+00 2.728683233261108398e+00 6.016304492950439453e-01 7.815759629011154175e-02 5.982488393783569336e-03 2.698113676160573959e-04 7.169797754613682628e-06 1.122584478707722155e-07 1.035607377630753945e-09 5.629129540968280665e-12 1.802820689771316570e-14 3.401964564964803127e-17 3.782513410506585354e-20 2.477952678312508465e-23 9.564866060838859181e-27 2.175329408626056976e-30 2.913523589529244258e-34 1.830418442295353184e-31 9.350887732890654167e-28 2.814632241216639797e-24 4.991782157371067821e-21 5.216305581106880476e-18 3.211679579511080018e-15 1.165109133303976474e-12 2.490440076385880275e-10 3.136490533961477922e-08 2.327454694750485942e-06 1.017619215417653322e-04 2.621565014123916626e-03 3.979228809475898743e-02
1.628452353179454803e-02 1.753202378749847412e-01 1.112131834030151367e+00 4.156693935394287109e+00 9.153926849365234375e+00 1.187775039672851562e+01 9.080877304077148438e+00 4.090604782104492188e+00 1.085713744163513184e+00 1.697894036769866943e-01 1.564491726458072662e-02 8.493834175169467926e-04 2.717041934374719858e-05 5.121074195812980179e-07 5.687123660891302279e-09 3.721225411146278361e-11 1.434667001084383164e-13 3.258971175961741318e-16 4.361960150442458234e-19 3.439904086516357701e-22 1.598390459196879883e-25 4.376038135252469015e-29 7.059009615264890133e-33 8.089058580691997480e-33 4.974652972227925368e-29 1.802549263841791469e-25 3.848308862964055530e-22 4.840864637886159136e-19 3.587946331878898772e-16 1.566883423139917020e-13 4.031708994434168858e-11 6.112364836496908538e-09 5.460075271912501194e-07 2.873780795198399574e-05 8.912215707823634148e-04 1.628452353179454803e-02
6.244595162570476532e-03 8.093057572841644287e-02 6.180004477500915527e-01 2.780571460723876953e+00 7.371306419372558594e+00 1.151390266418457031e+01 1.059661769866943359e+01 5.746181488037109375e+00 1.835941672325134277e+00 3.456256985664367676e-01 3.833692520856857300e-02 2.505523851141333580e-03 9.648232662584632635e-05 2.189064161939313635e-06 2.926454456542160187e-08 2.305108742772787878e-10 1.069806786560545397e-12 2.925405736745175997e-15 4.713456282881300804e-18 4.474604443037193140e-21 2.502898668946131477e-24 8.248856174237694908e-28 1.601826403560437373e-31 3.348076529968136947e-34 2.479853727466463304e-30 1.081672976915429554e-26 2.779932577135637889e-23 4.209634259029449986e-20 3.755919119543183924e-17 1.974482250334357036e-14 6.115924173349940318e-12 1.116188808047979819e-09 1.200263852751959348e-07 7.604738129884935915e-06 2.838985528796911240e-04 6.244595162570476532e-03
2.243845257908105850e-03 3.500706329941749573e-02 3.217973411083221436e-01 1.742915391921997070e+00 5.562088489532470703e+00 1.045843791961669922e+01 1.158678722381591797e+01 7.563560485839843750e+00 2.909089088439941406e+00 6.592543721199035645e-01 8.802738040685653687e-02 6.925486028194427490e-03 3.210332070011645555e-04 8.768347470322623849e-06 1.411063550449398463e-07 1.337976174298205478e-09 7.475057031691711984e-12 2.460632067026458092e-14 4.772531702432490424e-17 5.453992104413659920e-20 3.672430872640965342e-23 1.456983259261245632e-26 3.405863414219382090e-30 4.689710936067327146e-34 1.158382326909062222e-31 6.082370839041687941e-28 1.881741900781280877e-24 3.430248933907431858e-21 3.684226879544845484e-18 2.331500538964824398e-15 8.693521163366524362e-13 1.909952473955200958e-10 2.472362581329434761e-08 1.885691517600207590e-06 8.474235073663294315e-05 2.243845257908105850e-03
7.555063348263502121e-04 1.418890431523323059e-02 1.570099890232086182e-01 1.023700714111328125e+00 3.932658195495605469e+00 8.901593208312988281e+00 1.187176322937011719e+01 9.328882217407226562e+00 4.319280624389648438e+00 1.178312778472900391e+00 1.893987953662872314e-01 1.793747395277023315e-02 1.000942429527640343e-03 3.290996028226800263e-05 6.375493057930725627e-07 7.277132674232689169e-09 4.894201710570200703e-11 1.939390759531783859e-13 4.528121668991242146e-16 6.229252140880382585e-19 5.049253034588246952e-22 2.411451891356842160e-25 6.785863093918412654e-29 1.125081145003762843e-32 5.070098152928534644e-33 3.204828075776781675e-29 1.193563929191209012e-25 2.619088382399887655e-22 3.386320521969651648e-19 2.579721161877532960e-16 1.157926293911260007e-13 3.062356965233270500e-11 4.771959272176218292e-09 4.381348048809741158e-07 2.370250876992940903e-05 7.555063348263502121e-04
2.383610262768343091e-04 5.388917401432991028e-03 7.178457081317901611e-02 5.634171962738037109e-01 2.605516433715820312e+00 7.099452018737792969e+00 1.139786529541015625e+01 1.078175926208496094e+01 6.009274482727050781e+00 1.973433494567871094e+00 3.818477988243103027e-01 4.353339597582817078e-02 2.924316329881548882e-03 1.157428050646558404e-04 2.699173819564748555e-06 3.708823825832041621e-08 3.002623150116789930e-10 1.432305446122383863e-12 4.025707040942669290e-15 6.666719222333392705e-18 6.505050119106444871e-21 3.739850317703045461e-24 1.266862850722324156e-27 2.528520792262823125e-31 2.078107560417017955e-34 1.582327491348093399e-30 7.093919512605412718e-27 1.873891906470381327e-23 2.916573247024339541e-20 2.674657077826937972e-17 1.445190335133163251e-14 4.601034830908901085e-12 8.630817172061711062e-10 9.539215284348756541e-08 6.212123935256386176e-06 2.383610262768343091e-04
7.046812243061140180e-05 1.917831832543015480e-03 3.075324743986129761e-02 2.905621826648712158e-01 1.617537379264831543e+00 5.305634975433349609e+00 1.025388050079345703e+01 1.167630481719970703e+01 7.834117889404296875e+00 3.096996784210205078e+00 7.213726639747619629e-01 9.900249540805816650e-02 8.005706593394279480e-03 3.814353258349001408e-04 1.070791586244013160e-05 1.771170587971937493e-07 1.726170983928909664e-09 9.912121470834200920e-12 3.353701932590387458e-14 6.685670095603105079e-17 7.852999411515850381e-20 5.434876770270610314e-23 2.216250787179989825e-26 5.324839322106249421e-30 7.536699479041366376e-34 7.320328768545201875e-32 3.950664187522668728e-28 1.256291757139764920e-24 2.353790092840090081e-21 2.598424112574050941e-18 1.690146037786944590e-15 6.477466132914777575e-13 1.462683724140489971e-10 1.946084360326949536e-08 1.525619381936849095e-06 7.046812243061140180e-05
1.952120874193497002e-05 6.395459058694541454e-04 1.234537083655595779e-02 1.404127776622772217e-01 9.409643411636352539e-01 3.715425252914428711e+00 8.643892288208007812e+00 1.184889030456542969e+01 9.570031166076660156e+00 4.554246902465820312e+00 1.276983618736267090e+00 2.109710574150085449e-01 2.053656615316867828e-02 1.177867408841848373e-03 3.980481051257811487e-05 7.925792715468560345e-07 9.298562808623955789e-09 6.427641752182466917e-11 2.617936791828034959e-13 6.282477780498627821e-16 8.883323174802713357e-19 7.400822906809585084e-22 3.632924856558155484e-25 1.050742359045225830e-28 1.790603949047903207e-32 3.173330754017261216e-33 2.061707403613428360e-29 7.892167554449763462e-26 1.780009475476720086e-22 2.365467201214696570e-19 1.852180211283580838e-16 8.545049298138915339e-14 2.322792652664773527e-11 3.720270980167583730e-09 3.510822352836839855e-07 1.952120874193497002e-05
5.067248821433167905e-06 1.998430088860914111e-04 4.643796011805534363e-03 6.358103454113006592e-02 5.129152536392211914e-01 2.437997817993164062e+00 6.827879905700683594e+00 1.126693725585937500e+01 1.095452117919921875e+01 6.275501728057861328e+00 2.118210792541503906e+00 4.212678074836730957e-01 4.936452955007553101e-02 3.408282063901424408e-03 1.386521180393174291e-04 3.323414603073615581e-06 4.693654176435302361e-08 3.905685774796552323e-10 1.914955607279500427e-12 5.531996742473305889e-15 9.416189823482076711e-18 9.443513925560176021e-21 5.580380744288996544e-24 1.942923965030519945e-27 3.985790072734279198e-31 1.287842452990868032e-34 1.008147119417755961e-30 4.645655796884981365e-27 1.261324847487256019e-23 2.017763640185621347e-20 1.901904949579899518e-17 1.056263637753268592e-14 3.456377111604735930e-12 6.663999907452478055e-10 7.570488946839759592e-08 5.067248821433167905e-06
1.232535055351036135e-06 5.851547030033543706e-05 1.636837725527584553e-03 2.697786316275596619e-02 2.619853913784027100e-01 1.499042034149169922e+00 5.053815841674804688e+00 1.003900337219238281e+01 1.174976444244384766e+01 8.102787971496582031e+00 3.292359828948974609e+00 7.882204651832580566e-01 1.111874133348464966e-01 9.241247549653053284e-03 4.525528347585350275e-04 1.305806290474720299e-05 2.220011765530216508e-07 2.223794037803372703e-09 1.312516588469758716e-11 4.564354265639697372e-14 9.352473258949974564e-17 1.129107481495535501e-19 8.031829589452251543e-23 3.366332641645658446e-26 8.313163005173440094e-30 1.209459709076320558e-33 4.619443593929215581e-32 2.562502031856958806e-28 8.375156764875544558e-25 1.612842049403756859e-21 1.830040945527364441e-18 1.223474717804845513e-15 4.819394666330523158e-13 1.118562534263567443e-10 1.529670967670426762e-08 1.232535055351036135e-06
2.809190959851548541e-07 1.605462784937117249e-05 5.406135460361838341e-04 1.072615105658769608e-02 1.253904551267623901e-01 8.636835813522338867e-01 3.505172729492187500e+00 8.381691932678222656e+00 1.180922317504882812e+01 9.803442001342773438e+00 4.795147418975830078e+00 1.381953239440917969e+00 2.346671968698501587e-01 2.347877994179725647e-02 1.384103903546929359e-03 4.807607911061495543e-05 9.839154699875507504e-07 1.186442943890142487e-08 8.429658360231684355e-11 3.528877765088950236e-13 8.704274678618720805e-16 1.265004622440354426e-18 1.083240470010247836e-21 5.465350131773413282e-25 1.624704871435350229e-28 2.845816868979857115e-32 1.983282864776832209e-33 1.324462323681655907e-29 5.210973551237780052e-26 1.207994568632949902e-22 1.650008187132495042e-19 1.327921477028046432e-16 6.296857160041982593e-14 1.759298436099232532e-11 2.896217043968363214e-09 2.809190959851548541e-07
5.999588381655485136e-08 4.127588908886536956e-06 1.673142978688701987e-04 3.996102139353752136e-03 5.623521283268928528e-02 4.662808179855346680e-01 2.278010845184326172e+00 6.557361125946044922e+00 1.112166786193847656e+01 1.111419105529785156e+01 6.544144630432128906e+00 2.270364046096801758e+00 4.640934467315673828e-01 5.589629709720611572e-02 3.966653253883123398e-03 1.658577966736629605e-04 4.086158241989323869e-06 5.931376279022515519e-08 5.073050868276141045e-10 2.556503619910444058e-12 7.590936478571799761e-15 1.328027223797555211e-17 1.368953379178430231e-20 8.314455890371050752e-24 2.975403452636850762e-27 6.273735601751033948e-31 7.968790424622633518e-35 6.414628473849632013e-31 3.038095746407560748e-27 8.478120862377254071e-24 1.394021960058902037e-20 1.350541756582268539e-17 7.709182278008500089e-15 2.592847594615199647e-12 5.138286462980090619e-10 5.999588381655485136e-08
1.044174169351208548e-08 8.784992360233445652e-07 4.354817065177485347e-05 1.271941233426332474e-03 2.188925258815288544e-02 2.219536304473876953e-01 1.326059937477111816e+00 4.667980194091796875e+00 9.681936264038085938e+00 1.183212661743164062e+01 8.519817352294921875e+00 3.614641904830932617e+00 9.035822153091430664e-01 1.330876052379608154e-01 1.154971867799758911e-02 5.905758007429540157e-04 1.779293597792275250e-05 3.158500589961477090e-07 3.303599171999849204e-09 2.035903563790686377e-11 7.392586434500081349e-14 1.581614726873405825e-16 1.993777728867056350e-19 1.480862313055366897e-22 6.480661201928135854e-26 1.671074343185457227e-29 2.538738292015926145e-33 2.231916266694062139e-32 1.292711502803798698e-28 4.411597130150172159e-25 8.870711344257986277e-22 1.050968330219808303e-18 7.336421289130248477e-16 3.017476947562297562e-13 7.312730976316572651e-11 1.044174169351208548e-08
2.013104349884997646e-09 2.031486019404837862e-07 1.207896639243699610e-05 4.231726052239537239e-04 8.735097944736480713e-03 1.062400490045547485e-01 7.613295316696166992e-01 3.214582920074462891e+00 7.997309684753417969e+00 1.172278594970703125e+01 1.012475681304931641e+01 5.152354240417480469e+00 1.544877886772155762e+00 2.729277610778808594e-01 2.840996347367763519e-02 1.742452615872025490e-03 6.296783249126747251e-05 1.340721837550518103e-06 1.682018968551801663e-08 1.243342095946786685e-10 5.415193033569964953e-13 1.389645217880720526e-15 2.101188061985256116e-18 1.871921843111005823e-21 9.826050449356791522e-25 3.039055822484837785e-28 5.538207627543213853e-32 1.004200579336494508e-33 6.977403447271907091e-30 2.856086006643437237e-26 6.888435660763191728e-23 9.788998833090019170e-20 8.196267991991934261e-17 4.043562834283968843e-14 1.175395197838824402e-11 2.013104349884997646e-09
3.447965524205898191e-10 4.197873337830060336e-08 3.011367653016350232e-06 1.272827212233096361e-04 3.169844159856438637e-03 4.651329293847084045e-02 4.021423459053039551e-01 2.048565864562988281e+00 6.148760795593261719e+00 1.087408542633056641e+01 1.133091640472412109e+01 6.956717491149902344e+00 2.516583204269409180e+00 5.363933444023132324e-01 6.736346334218978882e-02 4.984630271792411804e-03 2.173245011363178492e-04 5.582741323451045901e-06 8.450019350902948645e-08 7.535919666068480183e-10 3.959839400824449740e-12 1.225988796295591002e-14 2.236473368450242537e-17 2.403844213422351612e-20 1.522353556770733323e-23 5.680652860114615177e-27 1.248957763652632991e-30 1.616339400280444965e-34 3.211897254299801941e-31 1.586191857744444235e-27 4.615580191376542476e-24 7.913380041940526837e-21 7.993885020241035192e-18 4.757994552414797698e-15 1.668639185159470628e-12 3.447965524205898191e-10
6.577897948556454821e-11 9.493614783195880591e-09 8.073194521784898825e-07 4.045112291350960732e-05 1.194202341139316559e-03 2.077283710241317749e-02 2.129008919000625610e-01 1.285660505294799805e+00 4.574490070343017578e+00 9.590175628662109375e+00 1.184616756439208984e+01 8.621761322021484375e+00 3.697273731231689453e+00 9.341844320297241211e-01 1.390760689973831177e-01 1.219943538308143616e-02 6.305145798251032829e-04 1.920047907333355397e-05 3.445098002430313500e-07 3.642147472504575489e-09 2.268690617313051661e-11 8.326560198713278682e-14 1.800626080344539881e-16 2.294272799868023170e-19 1.722397259628874316e-22 7.618946812521630431e-26 1.985752488188718409e-29 3.049201856648289343e-33 1.862643973401253244e-32 1.090467312301886102e-28 3.761452484731617648e-25 7.644872489513447418e-22 9.154755254981629549e-19 6.459369494225255734e-16 2.685407506173437264e-13 6.577897948556454821e-11
1.166606481556309305e-11 1.999508114636228129e-09 2.019255305185652105e-07 1.201518171001225710e-05 4.212427011225372553e-04 8.701713755726814270e-03 1.059109717607498169e-01 7.595290541648864746e-01 3.209337472915649414e+00 7.990125656127929688e+00 1.172086429595947266e+01 1.013053131103515625e+01 5.159080505371093750e+00 1.548025250434875488e+00 2.736857831478118896e-01 2.850980311632156372e-02 1.749859773553907871e-03 6.328136078082025051e-05 1.348401497125450987e-06 1.692897555471972737e-08 1.252281334185312289e-10 5.458184902315532661e-13 1.401715331499975899e-15 2.120974222237524538e-18 1.890940938747973362e-21 9.933308908411297918e-25 3.074503766817500102e-28 5.606739535943328626e-32 9.915702598788936611e-34 6.894746446104006465e-30 2.824363013045863994e-26 6.816940250289925163e-23 9.694348691498638978e-20 8.123027435323019064e-17 4.010427244200559516e-14 1.166606481556309305e-11
1.701849165064439617e-12 3.510074453316747167e-10 4.265541519998805597e-08 3.054204171348828822e-06 1.288516214117407799e-04 3.202945459634065628e-03 4.691152647137641907e-02 4.048303067684173584e-01 2.058420896530151367e+00 6.166855812072753906e+00 1.088577079772949219e+01 1.132196903228759766e+01 6.938288211822509766e+00 2.505244255065917969e+00 5.329826474189758301e-01 6.681052595376968384e-02 4.934513010084629059e-03 2.147370978491380811e-04 5.506057277671061456e-06 8.318458810663287295e-08 7.404638013852604672e-10 3.883656417291714291e-12 1.200167843931490910e-14 2.185282799934030887e-17 2.344453776352037949e-20 1.481997326125798889e-23 5.519756820700616719e-27 1.211288718042114557e-30 1.564722456104254622e-34 3.312615020871476521e-31 1.632913762637311945e-27 4.742696448782951097e-24 8.116042523190286403e-21 8.183422704259598295e-18 4.861804792847916612e-15 1.701849165064439617e-12
2.326989512538291116e-13 5.775365255478170923e-11 8.445535826240302413e-09 7.276794349309056997e-07 3.694211773108690977e-05 1.105021452531218529e-03 1.947557739913463593e-02 2.022429704666137695e-01 1.237439990043640137e+00 4.461115837097167969e+00 9.476073265075683594e+00 1.185989379882812500e+01 8.745821952819824219e+00 3.800038814544677734e+00 9.728384017944335938e-01 1.467446386814117432e-01 1.304220780730247498e-02 6.829735357314348221e-04 2.107302680087741464e-05 3.831055437331087887e-07 4.103639206221032509e-09 2.589972680766550184e-11 9.631346691322748010e-14 2.110291267344463441e-16 2.724360189486141453e-19 2.072335830967170318e-22 9.288041518798788754e-26 2.452675395295790585e-29 3.816125962535428062e-33 1.491772420044150627e-32 8.848881935453347198e-29 3.092705513091820153e-25 6.368674269192537189e-22 7.727302079608057986e-19 5.524338294080706133e-16 2.326989512538291116e-13
2.982138733002848152e-14 8.906325330015896213e-12 1.567239227284744629e-09 1.624973293701259536e-07 9.926985512720420957e-06 3.573233843781054020e-04 7.578212302178144455e-03 9.469789266586303711e-02 6.972384452819824219e-01 3.024751663208007812e+00 7.731545448303222656e+00 1.164418220520019531e+01 1.033282566070556641e+01 5.402509212493896484e+00 1.664331436157226562e+00 3.021006584167480469e-01 3.230955079197883606e-02 2.035981742665171623e-03 7.559404912171885371e-05 1.653744902796461247e-06 2.131623055845466297e-08 1.618922773616304767e-10 7.244532664735237049e-13 1.910100800672862725e-15 2.967357832710970750e-18 2.716139629784498250e-21 1.464892810105299040e-24 4.654948601459644216e-28 8.715557102872348764e-32 6.295418770546301863e-34 4.494445662402888422e-30 1.890229366194118539e-26 4.683958812413280823e-23 6.838803602222240061e-20 5.883361811452811883e-17 2.982138733002848152e-14
3.582108686685540541e-15 1.287360409246707249e-12 2.725999981301185926e-10 3.401162729232964921e-08 2.500273467376246117e-06 1.082982344087213278e-04 2.763862255960702896e-03 4.156037792563438416e-02 3.682222962379455566e-01 1.922241926193237305e+00 5.912545204162597656e+00 1.071535778045654297e+01 1.144211387634277344e+01 7.199004650115966797e+00 2.668740987777709961e+00 5.829182863235473633e-01 7.501994818449020386e-02 5.688654258847236633e-03 2.541631693020462990e-04 6.690874670312041417e-06 1.037803230019562761e-07 9.484633078926663075e-10 5.107326887798802062e-12 1.620427221766564119e-14 3.029234664842693709e-17 3.336604899203683303e-20 2.165443064126488975e-23 8.280260002724884298e-27 1.865604326619420584e-30 2.474921851653486131e-34 2.139633641872376900e-31 1.082844866767990300e-27 3.228912406354769409e-24 5.673004165899699534e-21 5.872842555602975030e-18 3.582108686685540541e-15
4.032929267367433082e-16 1.744098030061203009e-13 4.444126316949237321e-11 6.672334240676036643e-09 5.902387556488974951e-07 3.076457869610749185e-05 9.447908960282802582e-04 1.709575578570365906e-02 1.822671741247177124e-01 1.144975066184997559e+00 4.237914085388183594e+00 9.242168426513671875e+00 1.187580585479736328e+01 8.991228103637695312e+00 4.010906219482421875e+00 1.054224967956542969e+00 1.632645726203918457e-01 1.489753648638725281e-02 8.009531302377581596e-04 2.537271211622282863e-05 4.735750280815409496e-07 5.208147690893838444e-09 3.374786561316511779e-11 1.288462609175256013e-13 2.898445366248341261e-16 3.841729719595608068e-19 3.000257893867011096e-22 1.380529017368762882e-25 3.742909429967378153e-29 5.979053567805684043e-33 9.546962510563462506e-33 5.814184492432657728e-29 2.086260746473715990e-25 4.410778552854651472e-22 5.494654235375235378e-19 4.032929267367433082e-16
4.255623890670143261e-17 2.214683853516731527e-14 6.790738110717953191e-12 1.226850288027492297e-09 1.305964332232179004e-07 8.191062079276889563e-06 3.027054190170019865e-04 6.591179873794317245e-03 8.456167578697204590e-02 6.392244100570678711e-01 2.847067356109619141e+00 7.471533775329589844e+00 1.155284976959228516e+01 1.052533721923828125e+01 5.650010108947753906e+00 1.787023901939392090e+00 3.330266475677490234e-01 3.656722605228424072e-02 2.365781692788004875e-03 9.018304990604519844e-05 2.025524736382067204e-06 2.680537036781061033e-08 2.090136397292496895e-10 9.602645284836897055e-13 2.599399696005940882e-15 4.145970678000521274e-18 3.896258984227009512e-21 2.157378578535459833e-24 7.038522352574549924e-28 1.353026441440535617e-31 3.991121071858372739e-34 2.925974710383192017e-30 1.263402956095831375e-26 3.214228588908030756e-23 4.818293463909001239e-20 4.255623890670143261e-17
4.209044026888302187e-18 2.635855994055765969e-15 9.725590558590235801e-13 2.114366737249184780e-10 2.708386404037810280e-08 2.044130724243586883e-06 9.090302773984149098e-05 2.381830010563135147e-03 3.677145019173622131e-02 3.344878852367401123e-01 1.792727112770080566e+00 5.661294937133789062e+00 1.053379344940185547e+01 1.154838371276855469e+01 7.459750175476074219e+00 2.839193105697631836e+00 6.366974115371704102e-01 8.412707597017288208e-02 6.549498997628688812e-03 3.004331374540925026e-04 8.119897756841965020e-06 1.293078071284980979e-07 1.213295131030633911e-09 6.707683020135135621e-12 2.184969260100692867e-14 4.193595932640506864e-17 4.742398027120127058e-20 3.159848935723163440e-23 1.240546250627436986e-26 2.869621887362963817e-30 3.909628089277694498e-34 1.380165314616839933e-31 7.171159703397040567e-28 2.195426720500853369e-24 3.960259660742599189e-21 4.209044026888302187e-18
3.901796473751911864e-19 2.940239824750440559e-16 1.305482008303118779e-13 3.415315946719843510e-11 5.264446656383370282e-09 4.781293228006688878e-07 2.558595224400050938e-05 8.067210437729954720e-04 1.498696208000183105e-02 1.640481054782867432e-01 1.058030486106872559e+00 4.020591735839843750e+00 9.002212524414062500e+00 1.187615776062011719e+01 9.231439590454101562e+00 4.227954864501953125e+00 1.140929102897644043e+00 1.814060211181640625e-01 1.699475198984146118e-02 9.380904375575482845e-04 3.050968734896741807e-05 5.846576982548867818e-07 6.601368340852786787e-09 4.391714075735464462e-11 1.721442541464945908e-13 3.975830246997428662e-16 5.410375904689504462e-19 4.337975652762635393e-22 2.049369173202989609e-25 5.704555745173275295e-29 9.355736762991539094e-33 6.101657628596448630e-33 3.815071617571137396e-29 1.405460966278272960e-25 3.050808100673573533e-22 3.901796473751911864e-19
3.390195863139462583e-20 3.074204504280261569e-17 1.642514283492577803e-14 5.170814297572601248e-12 9.591145655463151343e-10 1.048221491828371654e-07 6.749920430593192577e-06 2.561004075687378645e-04 5.725189112126827240e-03 7.541138678789138794e-02 5.852664709091186523e-01 2.676301479339599609e+00 7.210804462432861328e+00 1.144722366333007812e+01 1.070738029479980469e+01 5.901109695434570312e+00 1.916247606277465820e+00 3.666355609893798828e-01 4.133205860853195190e-02 2.745407167822122574e-03 1.074458414223045111e-04 2.477669113432057202e-06 3.366388767744865618e-08 2.694970913097449738e-10 1.271166440337812009e-12 3.532861344099228265e-15 5.785167614526948244e-18 5.581687142124253232e-21 3.173146842888564558e-24 1.062865269524917115e-27 2.097656973703383177e-31 2.526940920508478278e-34 1.902371156805795896e-30 8.433337536936648333e-27 2.202852268201698753e-23 3.390195863139462583e-20
2.760912194077673029e-21 3.012661687679887523e-18 1.936949204001982283e-15 7.337636357893084771e-13 1.637787405694979270e-10 2.153921485614773701e-08 1.669033053985913284e-06 7.620198448421433568e-05 2.049912232905626297e-03 3.249167278409004211e-02 3.034439980983734131e-01 1.669742107391357422e+00 5.413619995117187500e+00 1.034174919128417969e+01 1.164036560058593750e+01 7.719810485839843750e+00 3.016574859619140625e+00 6.945235133171081543e-01 9.421691298484802246e-02 7.530745118856430054e-03 3.546586958691477776e-04 9.841337487159762532e-06 1.609031130556104472e-07 1.550044315123955130e-09 8.797964960727266970e-12 2.942362743426144012e-14 5.797940523955685821e-17 6.731544772403108211e-20 4.604978058582553121e-23 1.856138403211322302e-26 4.408086136148541788e-30 6.167110347911683652e-34 8.891050180989660533e-32 4.742957822128307733e-28 1.490813694767116809e-24 2.760912194077673029e-21
2.107380692691687888e-22 2.767189016664722998e-19 2.140892185448597159e-16 9.759237824336422507e-14 2.621246622536155257e-11 4.148251964153359950e-09 3.868082671942829620e-07 2.125139144482091069e-05 6.879337597638368607e-04 1.312129385769367218e-02 1.474587023258209229e-01 9.764080047607421875e-01 3.809429645538330078e+00 8.757011413574218750e+00 1.186094856262207031e+01 9.465635299682617188e+00 4.450896263122558594e+00 1.233135342597961426e+00 2.012994289398193359e-01 1.936163008213043213e-02 1.097248401492834091e-03 3.663858660729601979e-05 7.208413990156259388e-07 8.356094483019660402e-09 5.707394973297752472e-11 2.296898294392585305e-13 5.446414968702454739e-16 7.609243760657192803e-19 6.263889812043157773e-22 3.038202866631067566e-25 8.682628440416549547e-29 1.462003907230339312e-32 3.894510497242150617e-33 2.500077346052021427e-29 9.456249466802450016e-26 2.107380692691687888e-22
1.507685792643415918e-23 2.382291150145230174e-20 2.217901509337201959e-17 1.216615021481506562e-14 3.932187908617379435e-12 7.488251130283174462e-10 8.402366091786461766e-08 5.554976269195321947e-06 2.163870376534759998e-04 4.966506734490394592e-03 6.716364622116088867e-02 5.351612567901611328e-01 2.512481451034545898e+00 6.950057029724121094e+00 1.132769775390625000e+01 1.087831115722656250e+01 6.155292034149169922e+00 2.052115678787231445e+00 4.031097888946533203e-01 4.665649682283401489e-02 3.181743435561656952e-03 1.278463605558499694e-04 3.026765625691041350e-06 4.222131266828910157e-08 3.470212450729093234e-10 1.680543508172926970e-12 4.795220379897203317e-15 8.061716312012221121e-18 7.985857704147651155e-21 4.661052894966649870e-24 1.602906907435283836e-27 3.247874434401068872e-31 1.597533097788471130e-34 1.235217081047453042e-30 5.622079937901955050e-27 1.507685792643415918e-23
1.010992401825283567e-24 1.922302312294313665e-21 2.153569687865482870e-18 1.421541725817238901e-15 5.528784895181271253e-13 1.266967919466566173e-10 1.710711217128846329e-08 1.360964006380527280e-06 6.379476690199226141e-05 1.761955209076404572e-03 2.867262624204158783e-02 2.749207615852355957e-01 1.553156852722167969e+00 5.169998168945312500e+00 1.013989448547363281e+01 1.171771144866943359e+01 7.978470802307128906e+00 3.200829505920410156e+00 7.566125988960266113e-01 1.053784936666488647e-01 8.647581562399864197e-03 4.181260592304170132e-04 1.191207229567226022e-05 1.999540444330705213e-07 1.977626951088495844e-09 1.152463107584322799e-11 3.957087207819703911e-14 8.005425513275130013e-17 9.542597238246957595e-20 6.702222835275237272e-23 2.773530788465685046e-26 6.762575742088509773e-30 9.714053889745065828e-34 5.720027216256651173e-32 3.132895314577647561e-28 1.010992401825283567e-24
6.353956582002832872e-26 1.453788354352692101e-22 1.959858929355378027e-19 1.556779323813215713e-16 7.285947019319838347e-14 2.009185873230734387e-11 3.264469583541540487e-09 3.125182388430403080e-07 1.762800820870324969e-05 5.858680233359336853e-04 1.147272624075412750e-02 1.323723047971725464e-01 8.999017477035522461e-01 3.604639768600463867e+00 8.507343292236328125e+00 1.183024215698242188e+01 9.693055152893066406e+00 4.679440498352050781e+00 1.331052899360656738e+00 2.230816930532455444e-01 2.202910557389259338e-02 1.281740842387080193e-03 4.394106872496195138e-05 8.875823596099507995e-07 1.056349585581983774e-08 7.407643942691777283e-11 3.060701919774949653e-13 7.451070904310262265e-16 1.068794072420326049e-18 9.033051597923270056e-22 4.498196308173071782e-25 1.319808013044490341e-28 2.281639383860257195e-32 2.482540845838989635e-33 1.636266620096026760e-29 6.353956582002832872e-26
3.742998624597927587e-27 1.030543668550939538e-23 1.671783232081813327e-20 1.597982083479543579e-17 8.999514153373074782e-15 2.986376337194007746e-12 5.838844963079736772e-10 6.726337176132801687e-08 4.565582912618992850e-06 1.825920480769127607e-04 4.302678629755973816e-03 5.973914638161659241e-02 4.887045323848724365e-01 2.355607271194458008e+00 6.689977645874023438e+00 1.119473361968994141e+01 1.103749275207519531e+01 6.411999702453613281e+00 2.194746732711791992e+00 4.426318109035491943e-01 5.259749293327331543e-02 3.682631999254226685e-03 1.519211073173210025e-04 3.692712652991758659e-06 5.288521265356393997e-08 4.462688552031579547e-10 2.218846634205462465e-12 6.500033851957040185e-15 1.121964373655591488e-17 1.141062212363230100e-20 6.837589946661533500e-24 2.414136814884872850e-27 5.022200872362754306e-31 1.008587698741205986e-34 8.010162691248987845e-31 3.742998624597927587e-27
2.066551237794183782e-28 6.847008452831806618e-25 1.336608961250794609e-21 1.537367487603545913e-18 1.041876783144154300e-15 4.160295155250515187e-13 9.788220234341338255e-11 1.356894507864581101e-08 1.108290462070726790e-06 5.333766966941766441e-05 1.512434799224138260e-03 2.526894584298133850e-02 2.487508654594421387e-01 1.442812204360961914e+00 4.930870532989501953e+00 9.928941726684570312e+00 1.178012180328369141e+01 8.234994888305664062e+00 3.391911506652832031e+00 8.231765031814575195e-01 1.177080944180488586e-01 9.917201474308967590e-03 4.923107335343956947e-04 1.439966581529006362e-05 2.481633316619991092e-07 2.519932262856627858e-09 1.507677663270534651e-11 5.314796996599979728e-14 1.103930165397098127e-16 1.351019618822140423e-19 9.741933619387396117e-23 4.139000944191844576e-26 1.036145946645302637e-29 1.528186369765144964e-33 3.675220115917932796e-32 2.066582534155780075e-28
1.069452723315964755e-29 4.263891800332721435e-26 1.001611642649325275e-22 1.386312055138539618e-19 1.130548903683503562e-16 5.432351955964899448e-14 1.538000629630609239e-11 2.565593293368806371e-09 2.521651367715094239e-07 1.460345629311632365e-05 4.982964019291102886e-04 1.001815311610698700e-02 1.186738461256027222e-01 8.283034563064575195e-01 3.406380176544189453e+00 8.253952980041503906e+00 1.178415298461914062e+01 9.912923812866210938e+00 4.913290023803710938e+00 1.434863090515136719e+00 2.468956708908081055e-01 2.503143809735774994e-02 1.495290431194007397e-03 5.262940976535901427e-05 1.091449348677997477e-06 1.333655763602337174e-08 9.601812400727993690e-11 4.073071632575142598e-13 1.018044452381970492e-15 1.499253383121363487e-18 1.300913068398416243e-21 6.651022370424501156e-25 2.003565865634186669e-28 3.556171925538405628e-32 1.580429563148510689e-33 1.069469123813147427e-29
5.187318802240838401e-31 2.488746955744445490e-27 7.034966100591451538e-24 1.171696490919962024e-20 1.149824892021173779e-17 6.648444188711360656e-15 2.265053162392449693e-12 4.546732990107216210e-10 5.377575718057414633e-08 3.747542905330192298e-06 1.538751384941861033e-04 3.722699126228690147e-03 5.306579917669296265e-02 4.456960558891296387e-01 2.205627202987670898e+00 6.431179046630859375e+00 1.104883670806884766e+01 1.118432140350341797e+01 6.670676231384277344e+00 2.344215393066406250e+00 4.853895306587219238e-01 5.921780318021774292e-02 4.256783053278923035e-03 1.802910846890881658e-04 4.499226179177640006e-06 6.615591274794496712e-08 5.731495278382681136e-10 2.925672291237413347e-12 8.799529674526334472e-15 1.559405522996398070e-17 1.628254306374630749e-20 1.001733442773091399e-23 3.631244998830902717e-27 7.755782422346862526e-31 9.746524166121646781e-35 5.187437292071401287e-31
2.358272946263033026e-32 1.361453840679433832e-28 4.631027172584514566e-25 9.281720750088106635e-22 1.096065493433163388e-18 7.626430547193543963e-16 3.126538199345330060e-13 7.552191511051020711e-11 1.074858957395008474e-08 9.013551789394114166e-07 4.453630754142068326e-05 1.296561560593545437e-03 2.224028110504150391e-02 2.247799783945083618e-01 1.338562846183776855e+00 4.696641921997070312e+00 9.709651947021484375e+00 1.182734298706054688e+01 8.488630294799804688e+00 3.589678287506103516e+00 8.944141864776611328e-01 1.313078552484512329e-01 1.135823316872119904e-02 5.788923008367419243e-04 1.738392711558844894e-05 3.075868448831897695e-07 3.206694909607676891e-09 1.969727159156775542e-11 7.129015531116139615e-14 1.520275777206801598e-16 1.910184407126095910e-19 1.414154089208215938e-22 6.168598921179183255e-26 1.585415900569850618e-29 2.400714684078250201e-33 2.358272946263033026e-32
1.004736990469553335e-33 6.980970931567330635e-30 2.857448332448898993e-26 6.891615716844318671e-23 9.793070112667428603e-20 8.199613772133588748e-17 4.045059033281998839e-14 1.175771806305458966e-11 2.013688105151345553e-09 2.032008978858357295e-07 1.208186040457803756e-05 4.232553765177726746e-04 8.736530318856239319e-03 1.062541306018829346e-01 7.614063620567321777e-01 3.214807033538818359e+00 7.997618675231933594e+00 1.172287178039550781e+01 1.012450981140136719e+01 5.152067184448242188e+00 1.544736504554748535e+00 2.728954553604125977e-01 2.840571105480194092e-02 1.742137130349874496e-03 6.295378261711448431e-05 1.340394760518393014e-06 1.681553740695562738e-08 1.242936586987042347e-10 5.413313027002875089e-13 1.389131068881737166e-15 2.100330689280344902e-18 1.871100720950204893e-21 9.821478014334904232e-25 3.037549263785840869e-28 5.535207765959915375e-32 1.004736990469553335e-33
1.543922978962541785e-34 3.355040727882484358e-31 1.652540144328584511e-27 4.795911427727350111e-24 8.200880234765256303e-21 8.262564863726834324e-18 4.905098764364452038e-15 1.715681091120357937e-12 3.535863268844252616e-10 4.293637445584863599e-08 3.071971150347962976e-06 1.295019756071269512e-04 3.216646378859877586e-03 4.707580804824829102e-02 4.059399962425231934e-01 2.062481880187988281e+00 6.174278259277343750e+00 1.089055252075195312e+01 1.131827163696289062e+01 6.930712699890136719e+00 2.500583171844482422e+00 5.315858125686645508e-01 6.658443063497543335e-02 4.914009943604469299e-03 2.136827970389276743e-04 5.474829322338337079e-06 8.264925099865649827e-08 7.351403930044853041e-10 3.852757522737615403e-12 1.189716050285435922e-14 2.164590711474894389e-17 2.320474585875949946e-20 1.465709715015700658e-23 5.454909218729142978e-27 1.196145435577533455e-30 1.543969929859952558e-34
4.720769884538952089e-33 1.207848804271114002e-32 7.254497219873728271e-29 2.567339434394664947e-25 5.353027844406243849e-22 6.576565634551850771e-19 4.760570273728279619e-16 2.030414139771175019e-13 5.102441733018103776e-11 7.555108538781496463e-09 6.591336614292231388e-07 3.388208278920501471e-05 1.026200712658464909e-03 1.831330358982086182e-02 1.925588548183441162e-01 1.192966938018798828e+00 4.354724884033203125e+00 9.366147994995117188e+00 1.186936187744140625e+01 8.862604141235351562e+00 3.899072647094726562e+00 1.010716795921325684e+00 1.543707102537155151e-01 1.389211788773536682e-02 7.366049103438854218e-04 2.301294807693921030e-05 4.236201505136705237e-07 4.594552294179266028e-09 2.936172138756631966e-11 1.105575456487525865e-13 2.452785069099799528e-16 3.206238391231970490e-19 2.469479965091636501e-22 1.120672318732172436e-25 2.996495418867553405e-29 4.720769884538952089e-33
1.338763933383138638e-31 4.035518024120992010e-34 2.956583078645835331e-30 1.275796392325161013e-26 3.243703903315070730e-23 4.859270569738200405e-20 4.289165071892433469e-17 2.230683289450828555e-14 6.835441934693875510e-12 1.234158886198599703e-09 1.312909887474233983e-07 8.229366358136758208e-06 3.039246366824954748e-04 6.613519508391618729e-03 8.479488641023635864e-02 6.405761837959289551e-01 2.851274967193603516e+00 7.477836608886718750e+00 1.155523014068603516e+01 1.052080154418945312e+01 5.643977165222167969e+00 1.783978462219238281e+00 3.322474658489227295e-01 3.645842522382736206e-02 2.357241697609424591e-03 8.980020356830209494e-05 2.015666268562199548e-06 2.665761300590929750e-08 2.077291116897583834e-10 9.537589901881249332e-13 2.580155107444323179e-15 4.112624132376364793e-18 3.862459689695625227e-21 2.137342103188525049e-24 6.968526354675740224e-28 1.338712916928312951e-31
3.524072254612648111e-30 4.862595849359553501e-34 1.118595957363955668e-31 5.885753613984167227e-28 1.824723626197585059e-24 3.333219395974932945e-21 3.587573306509861859e-18 2.275103603028975387e-15 8.500919152637509413e-13 1.871571786438153140e-10 2.427758971634830232e-08 1.855550408436101861e-06 8.356182661373168230e-05 2.217225730419158936e-03 3.466433286666870117e-02 3.193151950836181641e-01 1.733098983764648438e+00 5.542376518249511719e+00 1.044321632385253906e+01 1.159417724609375000e+01 7.584243774414062500e+00 2.923157453536987305e+00 6.638345122337341309e-01 8.882430195808410645e-02 7.002827711403369904e-03 3.252988972235471010e-04 8.903465641196817160e-06 1.435812748695752816e-07 1.364297785855228540e-09 7.638119303710055874e-12 2.519579630924726615e-14 4.897072677202964314e-17 5.608133334153795285e-20 3.784109595448741895e-23 1.504426155288094148e-26 3.524126045234141739e-30
8.612498108904118837e-29 1.449487096445989742e-32 3.928501753106100220e-33 2.520743176208404089e-29 9.528817890809378859e-26 2.122556357024222789e-22 2.785649102997492347e-19 2.154081017832938649e-16 9.814381024455393066e-14 2.634700443926440983e-11 4.167492573259323763e-09 3.883985186803329270e-07 2.132797453668899834e-05 6.900680018588900566e-04 1.315519493073225021e-02 1.477643102407455444e-01 9.779349565505981445e-01 3.813459873199462891e+00 8.761806488037109375e+00 1.186138916015625000e+01 9.461159706115722656e+00 4.446523666381835938e+00 1.231301069259643555e+00 2.008978724479675293e-01 1.931303739547729492e-02 1.093945582397282124e-03 3.650977305369451642e-05 7.179324938988429494e-07 8.318249200556238065e-09 5.678651299190207169e-11 2.284141029530034617e-13 5.413376977990392788e-16 7.559365286708128080e-19 6.219720669544491892e-22 3.015157034842134350e-25 8.612498108904118837e-29
1.953976491795369414e-27 4.009794607773550967e-31 1.279732460325155828e-34 1.002157928680542373e-30 4.619606438829177367e-27 1.254702202415744581e-23 2.007958318752600184e-20 1.893319476566089133e-17 1.051872788361291750e-14 3.443295561872394828e-12 6.641223126990780656e-10 7.547220093329087831e-08 5.053524091636063531e-06 1.993743499042466283e-04 4.634630866348743439e-03 6.347813457250595093e-02 5.122720599174499512e-01 2.435826063156127930e+00 6.824281692504882812e+00 1.126510334014892578e+01 1.095671653747558594e+01 6.279034614562988281e+00 2.120180368423461914e+00 4.218108057975769043e-01 4.944611340761184692e-02 3.415179904550313950e-03 1.389833341818302870e-04 3.332532742206240073e-06 4.708233802830363857e-08 3.919304880639629118e-10 1.922310834817642089e-12 5.555279984127432097e-15 9.459247055907299461e-18 9.490243167820886514e-21 5.609897947210103753e-24 1.953931617627665191e-27
4.115228189404701842e-26 1.029801813037869558e-29 1.518261799530847012e-33 3.698708256288888334e-32 2.079091689885818220e-28 6.885643408703071435e-25 1.343648074393164808e-21 1.544869188578789321e-18 1.046569028034587904e-15 4.177422296969268700e-13 9.824846491923722169e-11 1.361446777536912123e-08 1.111586698243627325e-06 5.347609840100631118e-05 1.515784999355673790e-03 2.531527914106845856e-02 2.491123676300048828e-01 1.444366216659545898e+00 4.934285163879394531e+00 9.932045936584472656e+00 1.177932548522949219e+01 8.231313705444335938e+00 3.389107704162597656e+00 8.221837878227233887e-01 1.175214648246765137e-01 9.897713549435138702e-03 4.911567084491252899e-04 1.436045749869663268e-05 2.473929896495974390e-07 2.511166163898792547e-09 1.501851421004118947e-11 5.292299123894547708e-14 1.098833740207036413e-16 1.344280164781364630e-19 9.689527380643029684e-23 4.115228189404701842e-26
8.045864529361400652e-25 2.455082566985031581e-28 4.413961597807313319e-32 1.267178961260091140e-33 8.686169744101791576e-30 3.507810222765180384e-26 8.346844468101071922e-23 1.170209698392383312e-19 9.666594103950251760e-17 4.705003747718095042e-14 1.349287001572996303e-11 2.279910482627656165e-09 2.269850938318995759e-07 1.331509884039405733e-05 4.602172994054853916e-04 9.372266940772533417e-03 1.124588996171951294e-01 7.950826287269592285e-01 3.312039852142333984e+00 8.129170417785644531e+00 1.175613117218017578e+01 1.001726913452148438e+01 5.029232978820800781e+00 1.487714529037475586e+00 2.593023180961608887e-01 2.662935107946395874e-02 1.611321000382304192e-03 5.744692316511645913e-05 1.206763272421085276e-06 1.493637924454560562e-08 1.089253132136036584e-10 4.680446568511298366e-13 1.184986705351912580e-15 1.767684348640360726e-18 1.553660770282764772e-21 8.046018357237918750e-25
1.324198797127362146e-23 4.893722892255846014e-27 1.065595691252046665e-30 1.365806427042935066e-34 3.769698946222618085e-31 1.843752824776165764e-27 5.313391165347397709e-24 9.022034707308864460e-21 9.026249438099066488e-18 5.320759007405818572e-15 1.848065754248007231e-12 3.781976398720132693e-10 4.560251198881815071e-08 3.239901616325369105e-06 1.356238790322095156e-04 3.345093224197626114e-03 4.861239343881607056e-02 4.162519574165344238e-01 2.100050926208496094e+00 6.242676734924316406e+00 1.093401336669921875e+01 1.128378582000732422e+01 6.861160278320312500e+00 2.458145856857299805e+00 5.188992619514465332e-01 6.453976035118103027e-02 4.729758948087692261e-03 2.042273990809917450e-04 5.195891844778088853e-06 7.788874256675626384e-08 6.879459779618457560e-10 3.580113202422685603e-12 1.097770793267571071e-14 1.983326818815331691e-17 2.111228748614291293e-20 1.324198797127362146e-23
2.624469297297708803e-22 1.196184919548805824e-25 3.212367790582503893e-29 5.082840511691448240e-33 1.122260766714155543e-32 6.769832736396927021e-29 2.406113275180758963e-25 5.038862789833399962e-22 6.217405880532857537e-19 4.520199793352046302e-16 1.936278828246207340e-13 4.887010240928191251e-11 7.267519919196274714e-09 6.367933451656426769e-07 3.287624349468387663e-05 1.000063610263168812e-03 1.792423054575920105e-02 1.892884373664855957e-01 1.177799344062805176e+00 4.318033695220947266e+00 9.327579498291015625e+00 1.187183952331542969e+01 8.902962684631347656e+00 3.933844804763793945e+00 1.024160385131835938e+00 1.571035981178283691e-01 1.419945433735847473e-02 7.561724050901830196e-04 2.372688868490513414e-05 4.386607486139837420e-07 4.778335060962035641e-09 3.066898818238072977e-11 1.159809553084867328e-13 2.584311021660467200e-16 3.392811046344837265e-19 2.624529124508760765e-22
4.786798481306688016e-21 2.690775951501057007e-24 8.912065558026994672e-28 1.739084647126292925e-31 3.073047815662925262e-34 2.287495831897904176e-30 1.002710542530332864e-26 2.589739159519938208e-23 3.941002185224025792e-20 3.533625910448133479e-17 1.866865528539572022e-14 5.811152774259920051e-12 1.065808441502724691e-09 1.151784374542330625e-07 7.333701432798989117e-06 2.751329448074102402e-04 6.081758067011833191e-03 7.921123504638671875e-02 6.078660488128662109e-01 2.748504161834716797e+00 7.322400093078613281e+00 1.149413871765136719e+01 1.063082218170166016e+01 5.793282508850097656e+00 1.860151529312133789e+00 3.519170284271240234e-01 3.922832384705543518e-02 2.576458267867565155e-03 9.970492101274430752e-05 2.273413656439515762e-06 3.054265462765215489e-08 2.417669120458043608e-10 1.127609724344003084e-12 3.098779828520975207e-15 5.017390977664416252e-18 4.786798481306688016e-21
7.950390881356019590e-20 5.507487314519497302e-23 2.247942657749661770e-26 5.405767124064316430e-30 7.658879259839881043e-34 7.207334374072409488e-32 3.893304697471469780e-28 1.239171404736592758e-24 2.323866793791305958e-21 2.567790098973608976e-18 1.671781516457524104e-15 6.413027118894187861e-13 1.449475539594402562e-10 1.930339976752293296e-08 1.514661562396213412e-06 7.002713391557335854e-05 1.907586352899670601e-03 3.061770647764205933e-02 2.895507812500000000e-01 1.613408803939819336e+00 5.297033309936523438e+00 1.024676227569580078e+01 1.167906284332275391e+01 7.843265533447265625e+00 3.103499889373779297e+00 7.235602736473083496e-01 9.939515590667724609e-02 8.044887334108352661e-03 3.836582181975245476e-04 1.078044351743301377e-05 1.784830772066925419e-07 1.741074395766872840e-09 1.000720079719075173e-11 3.389004910579231089e-14 6.762314004184308454e-17 7.950390881356019590e-20
1.215958602380247756e-18 1.038041289739529534e-21 5.221264241746388151e-25 1.547421034256357705e-28 2.701983967960417427e-32 2.090785680250369037e-33 1.391906283848220233e-29 5.459491853476015743e-26 1.261720287681825208e-22 1.718082049618312145e-19 1.378472800366877101e-16 6.516473152100646371e-14 1.815068581545453696e-11 2.978849611423584065e-09 2.880470333366247360e-07 1.641142080188728869e-05 5.509305046871304512e-04 1.089727133512496948e-02 1.269996464252471924e-01 8.720762729644775391e-01 3.528380393981933594e+00 8.411270141601562500e+00 1.181449985504150391e+01 9.777697563171386719e+00 4.767866611480712891e+00 1.369870185852050781e+00 2.319009453058242798e-01 2.313075773417949677e-02 1.359399291686713696e-03 4.707293192041106522e-05 9.604268598195631057e-07 1.154561601879322552e-08 8.177945820531107302e-11 3.413006639460536285e-13 8.392499320788949970e-16 1.215958602380247756e-18
1.712567939577941780e-17 1.801681122849469243e-20 1.116803005295869949e-23 4.078687828718633918e-27 8.777667403183356463e-31 1.111593031502523471e-34 4.581602079787544502e-31 2.214602191147594351e-27 6.307308179841106713e-24 1.058418710454156477e-20 1.046524509174020300e-17 6.096722078737220468e-15 2.092736140629769537e-12 4.232562078598789412e-10 5.043766293510998366e-08 3.541372734616743401e-06 1.465066015953198075e-04 3.571196226403117180e-03 5.129008740186691284e-02 4.340306222438812256e-01 2.164097070693969727e+00 6.357670783996582031e+00 1.100491905212402344e+01 1.122388362884521484e+01 6.744751930236816406e+00 2.388122081756591797e+00 4.982124269008636475e-01 6.124024838209152222e-02 4.435364156961441040e-03 1.892731525003910065e-04 4.759002877108287066e-06 7.050272188280359842e-08 6.154124987389764101e-10 3.165163443841212398e-12 9.591453811199322776e-15 1.712567939577941780e-17
2.221044530967107447e-16 2.879530483607081069e-19 2.199671865021773513e-22 9.900583999834335770e-26 2.625622700595549123e-29 4.102497692230845953e-33 1.388478645764725315e-32 8.271445406555412797e-29 2.903125227753942188e-25 6.003669211870988874e-22 7.315369236483947278e-19 5.251953144671812467e-16 2.221637045336788407e-13 5.537266478672364656e-11 8.131837425651156082e-09 7.036305760266259313e-07 3.587287574191577733e-05 1.077608554624021053e-03 1.907292008399963379e-02 1.989030838012695312e-01 1.222180366516113281e+00 4.424801826477050781e+00 9.438864707946777344e+00 1.186350822448730469e+01 8.785638809204101562e+00 3.833549022674560547e+00 9.855898618698120117e-01 1.492986679077148438e-01 1.332555525004863739e-02 7.007814710959792137e-04 2.171409687434788793e-05 3.964362917940889020e-07 4.264524733343932894e-09 2.702949843114144102e-11 1.009399134372854223e-13 2.221078147587201602e-16
2.652520308501810260e-15 4.238029676323079107e-18 3.989692023251071689e-21 2.212890917651088739e-24 7.232479386896385769e-28 1.392657763280768711e-31 3.872781851509185264e-34 2.844381860741203791e-30 1.230291752194343812e-26 3.135427379819331357e-23 4.708312692886687082e-20 4.165695461451338262e-17 2.171607823577524632e-14 6.670315775419988213e-12 1.207185240659214287e-09 1.287261000015860191e-07 8.087748938123695552e-06 2.994057722389698029e-04 6.530640181154012680e-03 8.393023908138275146e-02 6.355515718460083008e-01 2.835618972778320312e+00 7.454393386840820312e+00 1.154633712768554688e+01 1.053763675689697266e+01 5.666428565979003906e+00 1.795324563980102539e+00 3.351519703865051270e-01 3.686463087797164917e-02 2.389158355072140694e-03 9.123211202677339315e-05 2.052640638794400729e-06 2.721135672345553758e-08 2.125470910385729439e-10 9.781812946446644119e-13 2.652520308501810260e-15
2.917095411796369331e-14 5.743568949675840248e-17 6.663434850012462624e-20 4.554924518601917834e-23 1.834542257410128247e-26 4.353541693637618595e-30 6.085867617058035937e-34 9.005403446932003484e-32 4.800516164446264664e-28 1.507714349408184918e-24 2.790092726941650015e-21 3.042169081286032264e-18 1.954406553044893413e-15 7.398051355550494534e-13 1.650025671651178527e-10 2.168336799002190673e-08 1.678913577052298933e-06 7.659545372007414699e-05 2.058917889371514320e-03 3.260941430926322937e-02 3.043106496334075928e-01 1.673228144645690918e+00 5.420769691467285156e+00 1.034747886657714844e+01 1.163789749145507812e+01 7.712265014648437500e+00 3.011319637298583984e+00 6.927824020385742188e-01 9.390871226787567139e-02 7.500371895730495453e-03 3.529571695253252983e-04 9.786645023268647492e-06 1.598862695573188830e-07 1.539067762124091132e-09 8.728968069193765444e-12 2.917050688456754304e-14
2.954043802107231276e-13 7.168193134267255955e-16 1.024865612014931823e-18 8.633645136940374846e-22 4.285157518185216860e-25 1.253216096322385080e-28 2.159491561814405508e-32 2.625041985227344598e-33 1.724501144475528202e-29 6.674809115166759918e-26 1.522261354708131091e-22 2.045509604376122701e-19 1.619485966991839618e-16 7.554916571896400090e-14 2.076537553019619509e-11 3.362947254004211572e-09 3.208967598311573965e-07 1.804196290322579443e-05 5.976741085760295391e-04 1.166573818773031235e-02 1.341622620820999146e-01 9.091019630432128906e-01 3.629628658294677734e+00 8.538454055786132812e+00 1.183487796783447266e+01 9.665297508239746094e+00 4.650867938995361328e+00 1.318615674972534180e+00 2.202781885862350464e-01 2.168162725865840912e-02 1.257418422028422356e-03 4.296658880775794387e-05 8.650756626593647525e-07 1.026224616396120837e-08 7.172889365802959105e-11 2.954043802107231276e-13
2.754665853060833669e-12 8.237715590502132923e-15 1.451481448679256932e-17 1.506831785711375582e-20 9.217707148875445816e-24 3.322089716740008211e-27 7.054828087985427551e-31 8.814931117770560232e-35 5.703897317873537909e-31 2.720777217654386504e-27 7.647025133151614515e-24 1.266326276113455168e-20 1.235574239349238371e-17 7.103413536768904760e-15 2.406156870971010164e-12 4.802308550821976496e-10 5.647305556522042025e-08 3.912968168151564896e-06 1.597468799445778131e-04 3.842611331492662430e-03 5.446164309978485107e-02 4.547984600067138672e-01 2.237765789031982422e+00 6.487504482269287109e+00 1.108175659179687500e+01 1.115336513519287109e+01 6.614099502563476562e+00 2.311007022857666016e+00 4.757737517356872559e-01 5.771213397383689880e-02 4.124782979488372803e-03 1.736993581289425492e-04 4.309893029130762443e-06 6.300889765498141060e-08 5.427476246211426769e-10 2.754665853060833669e-12
2.366808138365428249e-11 8.723200655737228804e-14 1.894324864969810585e-16 2.423744143320588753e-19 1.827337848128615075e-22 8.116704485169280394e-26 2.124347673201515585e-29 3.275882717892920738e-33 1.735183063826478670e-32 1.020102137706861674e-28 3.533518028700926971e-25 7.211894632759242653e-22 8.672512059790511489e-19 6.144981039753205383e-16 2.565373315253222097e-13 6.310321709612765062e-11 9.145695756274108135e-09 7.810107263139798306e-07 3.929686499759554863e-05 1.165001420304179192e-03 2.035005018115043640e-02 2.094442546367645264e-01 1.270101547241210938e+00 4.538123130798339844e+00 9.553930282592773438e+00 1.185097122192382812e+01 8.661506652832031250e+00 3.729914426803588867e+00 9.463954567909240723e-01 1.414860934019088745e-01 1.246299222111701965e-02 6.468360079452395439e-04 1.978050204343162477e-05 3.564077530882059364e-07 3.783726221229244402e-09 2.366808138365428249e-11
1.872711291595052785e-10 8.506500625421464790e-13 2.276736470793044864e-15 3.590367109028759710e-18 3.336082216376190689e-21 1.826409421952042361e-24 5.891549700151800613e-28 1.119775095747265504e-31 4.857391990969760929e-34 3.520633040260786295e-30 1.503015141973638283e-26 3.780719071278101986e-23 5.603452655109481551e-20 4.893301395354212550e-17 2.517822037559173942e-14 7.633185750144377835e-12 1.363502200035782153e-09 1.435082168654844281e-07 8.899384738469962031e-06 3.251702291890978813e-04 7.000552490353584290e-03 8.880089223384857178e-02 6.636968851089477539e-01 2.922746181488037109e+00 7.583640575408935547e+00 1.159395980834960938e+01 1.044367408752441406e+01 5.542953491210937500e+00 1.733392953872680664e+00 3.193893134593963623e-01 3.467432409524917603e-02 2.218021545559167862e-03 8.359691128134727478e-05 1.856448307080427185e-06 2.429052159413913614e-08 1.872682703352168687e-10
1.364672597148341993e-09 7.640481129722598297e-12 2.520464272134839007e-14 4.898791889388094526e-17 5.610488213960157186e-20 3.785653869556802547e-23 1.505114867836207023e-26 3.525874052353588513e-30 4.864991837454315492e-34 1.118016438649000280e-31 5.882880126507141471e-28 1.823937329090306016e-24 3.331846752756299417e-21 3.586232860327219678e-18 2.274305486234425022e-15 8.498196178881312068e-13 1.871000715469861575e-10 2.427124989878848282e-08 1.855127493399777450e-06 8.354503370355814695e-05 2.216870896518230438e-03 3.465947136282920837e-02 3.192798495292663574e-01 1.732959747314453125e+00 5.542095661163330078e+00 1.044299888610839844e+01 1.159428310394287109e+01 7.584539413452148438e+00 2.923358440399169922e+00 6.638996601104736328e-01 8.883632719516754150e-02 7.003929931670427322e-03 3.253603063058108091e-04 8.905411050363909453e-06 1.436169014823462931e-07 1.364672597148341993e-09
9.159014879855931213e-09 6.320319267949514597e-11 2.569864080651657057e-13 6.156688623271035915e-16 8.690661436405690607e-19 7.228088369421619583e-22 3.542128445481414315e-25 1.022759439547629962e-28 1.739877988263662887e-32 3.266946756774763561e-33 2.118892476634038739e-29 8.097067395307517035e-26 1.823132525306190487e-22 2.418654656107914827e-19 1.890636168833416115e-16 8.707573236673565864e-14 2.362960868640406886e-11 3.778215962313424825e-09 3.559431149824376917e-07 1.975783743546344340e-05 6.462053861469030380e-04 1.245273929089307785e-02 1.413925439119338989e-01 9.459270238876342773e-01 3.728665828704833984e+00 8.659976005554199219e+00 1.185079574584960938e+01 9.555316925048828125e+00 4.539521694183349609e+00 1.270699024200439453e+00 2.095753252506256104e-01 2.036604844033718109e-02 1.166114001534879208e-03 3.934073174605146050e-05 7.819991196811315604e-07 9.158892311234012595e-09
5.661208035689924145e-08 4.815517429257454296e-10 2.413475018794852822e-12 7.127085143029347064e-15 1.240069800542341566e-17 1.271307373585316237e-20 7.679300588227826992e-24 2.732990309803723721e-27 5.731118005456659456e-31 8.770611307324713673e-35 7.021270075258152887e-31 3.307258515424270985e-27 9.178795795864514188e-24 1.500980290671129858e-20 1.446225873939340016e-17 8.210299675098352984e-15 2.746289307076210662e-12 5.412651993275119366e-10 6.285382880832912633e-08 4.300532054912764579e-06 1.733742101350799203e-04 4.118217155337333679e-03 5.763699114322662354e-02 4.752947986125946045e-01 2.309347867965698242e+00 6.611244678497314453e+00 1.115178966522216797e+01 1.108339881896972656e+01 6.490355968475341797e+00 2.239398956298828125e+00 4.552601575851440430e-01 5.453267693519592285e-02 3.848766908049583435e-03 1.600491814315319061e-04 3.921464212908176705e-06 5.661284063762650476e-08
3.222567386274022283e-07 3.378956892063911255e-09 2.087521995541852249e-11 7.598794911443246258e-14 1.629712036945363176e-16 2.059493868113155902e-19 1.533475801336752995e-22 6.727572200071983734e-26 1.739035295171468002e-29 2.648559586425467619e-33 2.140579327077613430e-32 1.242951611942530258e-28 4.252264976665895247e-25 8.571427866672210898e-22 1.018012213844776851e-18 7.123925604256970117e-16 2.937346004448782022e-13 7.136129187568229781e-11 1.021487161523282339e-08 8.615273827672353946e-07 4.281325527699664235e-05 1.253569382242858410e-03 2.162653766572475433e-02 2.198328971862792969e-01 1.316642522811889648e+00 4.646306991577148438e+00 9.660850524902343750e+00 1.183559989929199219e+01 8.543424606323242188e+00 3.633634090423583984e+00 9.105793237686157227e-01 1.344494521617889404e-01 1.169688999652862549e-02 5.995820974931120872e-04 1.810881440178491175e-05 3.222567386274022283e-07
1.689260102466505487e-06 2.183377034725708654e-08 1.662789905765293952e-10 7.461311299708506262e-13 1.972698229540850029e-15 3.073054971382996626e-18 2.820667511502176343e-21 1.525446266228129669e-24 4.860625400975562488e-28 9.125818737241536972e-32 6.002966337143774900e-34 4.297671293498967862e-30 1.812422874961643068e-26 4.503541905768166186e-23 6.593671212631564538e-20 5.687948663543284625e-17 2.891040339525648151e-14 8.658150585372226260e-12 1.527770132625505539e-09 1.588385600825859001e-07 9.730352758197113872e-06 3.512051771394908428e-04 7.468991912901401520e-03 9.359080344438552856e-02 6.909847259521484375e-01 3.005876064300537109e+00 7.704439163208007812e+00 1.163533210754394531e+01 1.035340118408203125e+01 5.428187370300292969e+00 1.676841497421264648e+00 3.052095770835876465e-01 3.273195028305053711e-02 2.068295609205961227e-03 7.700458809267729521e-05 1.689242367319820914e-06
8.153850103553850204e-06 1.299189307246706448e-07 1.219722656209398792e-09 6.747102876403232585e-12 2.199068292914330147e-14 4.223088561072717534e-17 4.778428528262773762e-20 3.185750710229552230e-23 1.251359422818798009e-26 2.896281158844132640e-30 3.947810074337821714e-34 1.367160115317082473e-31 7.107596311512484235e-28 2.177204230805474301e-24 3.929591777973482299e-21 4.178856070433179442e-18 2.618379586771541617e-15 9.666818127224141577e-13 2.102772955758780427e-10 2.695077405689971783e-08 2.035259285548818298e-06 9.055903501575812697e-05 2.374163130298256874e-03 3.667417168617248535e-02 3.337903320789337158e-01 1.790006399154663086e+00 5.655913352966308594e+00 1.052977085113525391e+01 1.155051803588867188e+01 7.465372562408447266e+00 2.842937946319580078e+00 6.378983855247497559e-01 8.433414995670318604e-02 6.569350603967905045e-03 3.015121328644454479e-04 8.153763701557181776e-06
3.624039163696579635e-05 7.118840699149586726e-07 8.239362081496892642e-09 5.618633336368361597e-11 2.257681888662155245e-13 5.344803308163052769e-16 7.455640456809158329e-19 6.127781644722496927e-22 2.967506877938390659e-25 8.467340768995652871e-29 1.423532768927009045e-32 4.000774084530531511e-33 2.564350142194530645e-29 9.683790231937628832e-26 2.154675743858946341e-22 2.824783534765258932e-19 2.182010870477465135e-16 9.931210584804284203e-14 2.663222420373756449e-11 4.208037918118634479e-09 3.917653259577491554e-07 2.148977000615559518e-05 6.945545319467782974e-04 1.322659850120544434e-02 1.484089493751525879e-01 9.811512827873229980e-01 3.821902275085449219e+00 8.771850585937500000e+00 1.186230182647705078e+01 9.451793670654296875e+00 4.437383174896240234e+00 1.227453947067260742e+00 2.000562548637390137e-01 1.921172626316547394e-02 1.087037613615393639e-03 3.624039163696579635e-05
1.483148953411728144e-04 3.591817858250578865e-06 5.125216517853914411e-08 4.308993162283059064e-10 2.134565527805998286e-12 6.230312727046379701e-15 1.071460613201982617e-17 1.085653389784394830e-20 6.481757669282586484e-24 2.280146979758936271e-27 4.726065163328460019e-31 1.075751244473242266e-34 8.510073167184767645e-31 3.962001511178044460e-27 1.086865891714913595e-23 1.756679104793603363e-20 1.672928452007665630e-17 9.387262966736517611e-15 3.103535874474094847e-12 6.045683953459501936e-10 6.939115593240785529e-08 4.692738002631813288e-06 1.869883271865546703e-04 4.390104673802852631e-03 6.072916090488433838e-02 4.949801564216613770e-01 2.377090930938720703e+00 6.726236343383789062e+00 1.121409416198730469e+01 1.101599884033203125e+01 6.376022815704345703e+00 2.174420833587646484e+00 4.369231760501861572e-01 5.172898620367050171e-02 3.608495695516467094e-03 1.483165979152545333e-04
5.588760832324624062e-04 1.668663026066496968e-05 2.935601628450967837e-07 3.042947893661107628e-09 1.858476567084821340e-11 6.687873995922521964e-14 1.418031356586021063e-16 1.771551133660710566e-19 1.303967638797627869e-22 5.655444286035332871e-26 1.445212564053490100e-29 2.175933348236150696e-33 2.597919510197234252e-32 1.491220111437329203e-28 5.043431327882415459e-25 1.005045244936277493e-21 1.180054207506924175e-18 8.163849658820348035e-16 3.327705949338066738e-13 7.992159711811552825e-11 1.130980464836284227e-08 9.429934948457230348e-07 4.632633135770447552e-05 1.340970746241509914e-03 2.287038788199424744e-02 2.298240065574645996e-01 1.360769510269165039e+00 4.747255325317382812e+00 9.758119583129882812e+00 1.181835746765136719e+01 8.433634757995605469e+00 3.546010017395019531e+00 8.784817457199096680e-01 1.282309293746948242e-01 1.102852076292037964e-02 5.588707281276583672e-04
1.938864705152809620e-03 7.137716602301225066e-05 1.548242948956612963e-06 1.978669317281855911e-08 1.490045586916011189e-10 6.610983462052022475e-13 1.728280943379990886e-15 2.662125291546759602e-18 2.416079458684103988e-21 1.292004279180025345e-24 4.070820308599314841e-28 7.557200284190699386e-32 7.293693572657705831e-34 5.162902844178778831e-30 2.152912035764146820e-26 5.289612767739592317e-23 7.657579284269904706e-20 6.531793987589050617e-17 3.282718877544582581e-14 9.720793614498290935e-12 1.696070839329877344e-09 1.743594850722729461e-07 1.056125529430573806e-05 3.769235336221754551e-04 7.926134392619132996e-03 9.820482134819030762e-02 7.169219255447387695e-01 3.083754539489746094e+00 7.815436840057373047e+00 1.167062282562255859e+01 1.026838779449462891e+01 5.323248863220214844e+00 1.625995159149169922e+00 2.926369905471801758e-01 3.103155270218849182e-02 1.938864705152809620e-03
6.192743778228759766e-03 2.811022277455776930e-04 7.518180609622504562e-06 1.184759241823485354e-07 1.100018964805826727e-09 6.017984721662372749e-12 1.939841990923445170e-14 3.684286932857316833e-17 4.122910511034373826e-20 2.718469899654972152e-23 1.056116733962586465e-26 2.417350906081829027e-30 3.258690286492679361e-34 1.643985038254938385e-31 8.452725488500805759e-28 2.560749783430514378e-24 4.570909592088532944e-21 4.807449643066313892e-18 2.979091531975100807e-15 1.087736888408241676e-12 2.340097560171727764e-10 2.966243073387886398e-08 2.215367885582963936e-06 9.748831507749855518e-05 2.527730073779821396e-03 3.861640393733978271e-02 3.476005494594573975e-01 1.843564748764038086e+00 5.761043548583984375e+00 1.060746383666992188e+01 1.150772094726562500e+01 7.355865001678466797e+00 2.770421504974365234e+00 6.147878170013427734e-01 8.038397133350372314e-02 6.192743778228759766e-03
1.820919103920459747e-02 1.019202172756195068e-03 3.361226117704063654e-05 6.531355438710306771e-07 7.477809482736574864e-09 5.044459988612359780e-11 2.005041911581212366e-13 4.695498026346652063e-16 6.479177525132920058e-19 5.267806632835366184e-22 2.523519690223835031e-25 7.122819584016650092e-29 1.184541102283009685e-32 4.814137196772858594e-33 3.052264632452485355e-29 1.140193544648481458e-25 2.509661131724484288e-22 3.254742194400548650e-19 2.486995935746012668e-16 1.119700713441210138e-13 2.970325374551663344e-11 4.642632944751312607e-09 4.275571825473889476e-07 2.320039129699580371e-05 7.417512242682278156e-04 1.397295854985713959e-02 1.550909429788589478e-01 1.014271020889282227e+00 3.908284902572631836e+00 8.873314857482910156e+00 1.187006378173828125e+01 9.355930328369140625e+00 4.344986438751220703e+00 1.188932538032531738e+00 1.916862428188323975e-01 1.820932142436504364e-02
4.928801208734512329e-02 3.401871770620346069e-03 1.383444614475592971e-04 3.314918330943328328e-06 4.680064336071154685e-08 3.893116939934770926e-10 1.908148118678898442e-12 5.510322863418962852e-15 9.376150145931447407e-18 9.400237193004594083e-21 5.552923651621874007e-24 1.932722506708095195e-27 3.963592507611091449e-31 1.295446202484009309e-34 1.013754227471178273e-30 4.669819284339241381e-27 1.267488769942381439e-23 2.026982503489039485e-20 1.909931248499624056e-17 1.060353112822612354e-14 3.468634667685988049e-12 6.685375586457098507e-10 7.592091577635073918e-08 5.080051778350025415e-06 2.002801047638058662e-04 4.652375821024179459e-03 6.367649137973785400e-02 5.135149955749511719e-01 2.440011024475097656e+00 6.831213474273681641e+00 1.126864147186279297e+01 1.095246410369873047e+01 6.272196292877197266e+00 2.116386413574218750e+00 4.207606315612792969e-01 4.928839951753616333e-02
1.170884072780609131e-01 9.852533228695392609e-03 4.884828813374042511e-04 1.426981089025503024e-05 2.456153254115633899e-07 2.490911477082136116e-09 1.488437151309085493e-11 5.240270294516041760e-14 1.087076790550248716e-16 1.328709911466731710e-19 9.569118807513715326e-23 4.060509900419936105e-26 1.015214172646989941e-29 1.495406975108496213e-33 3.753974710939973592e-32 2.108210546938737984e-28 6.976302755197530453e-25 1.360129890436353968e-21 1.562447500378577143e-18 1.057537257668583839e-15 4.217573827073467507e-13 9.910292725345826170e-11 1.372077917949354742e-08 1.119296712204231881e-06 5.379882713896222413e-05 1.523587736301124096e-03 2.542315423488616943e-02 2.499549686908721924e-01 1.447965621948242188e+00 4.942220687866210938e+00 9.939258575439453125e+00 1.177747344970703125e+01 8.222763061523437500e+00 3.382601737976074219e+00 8.198779821395874023e-01 1.170891225337982178e-01
2.582889795303344727e-01 2.649797871708869934e-02 1.601721625775098801e-03 5.704655995941720903e-05 1.197094093186024111e-06 1.480144895538160199e-08 1.078316255731515128e-10 4.628682419988150443e-13 1.170667825136815447e-15 1.744540455486586427e-18 1.531775522096075835e-21 7.924182734731059581e-25 2.415454150966833720e-28 4.338243598567034197e-32 1.289808421374870228e-33 8.832119122699886793e-30 3.563119232982488574e-26 8.469725015762986843e-23 1.186219520654405740e-19 9.788795811948425686e-17 4.759560462224386723e-14 1.363532377285370245e-11 2.301600465770547999e-09 2.289086182827304583e-07 1.341428105661179870e-05 4.631635965779423714e-04 9.422557428479194641e-03 1.129466742277145386e-01 7.977042198181152344e-01 3.319540023803710938e+00 8.139194488525390625e+00 1.175851631164550781e+01 1.000899124145507812e+01 5.019906044006347656e+00 1.483427524566650391e+00 2.582889795303344727e-01
5.290374755859375000e-01 6.617245823144912720e-02 4.876805935055017471e-03 2.117638505296781659e-04 5.418186901806620881e-06 8.167744169895740924e-08 7.254872258499744930e-10 3.796862997618166702e-12 1.170806378551162569e-14 2.127238874606694893e-17 2.277251167695786464e-20 1.436401008031843363e-23 5.338088086092446413e-27 1.168909137429432988e-30 1.506707677293847624e-34 3.433790620927121865e-31 1.688956205496041682e-27 4.894870478413252548e-24 8.358322432137361094e-21 8.409473794877477145e-18 4.985270009305597938e-15 1.741293741142069251e-12 3.583607299795232848e-10 4.345476156686345348e-08 3.104742745563271455e-06 1.307002967223525047e-04 3.241863101720809937e-03 4.737869650125503540e-02 4.079769253730773926e-01 2.069929122924804688e+00 6.187891960144042969e+00 1.089927864074707031e+01 1.131147766113281250e+01 6.916850090026855469e+00 2.492086887359619141e+00 5.290374755859375000e-01
1.006087064743041992e+00 1.534327566623687744e-01 1.378694828599691391e-02 7.299386197701096535e-04 2.276990926475264132e-05 4.185172315374074969e-07 4.532431763237809719e-09 2.892129938314447202e-11 1.087351915321846385e-13 2.408751002545600657e-16 3.143996669052535077e-19 2.417783953597458649e-22 1.095564231973668479e-25 2.925028371603096429e-29 4.601256639206880855e-33 1.239004253482101763e-32 7.430557911299210299e-29 2.625696898972586585e-25 5.466442061205506628e-22 6.705740226959662956e-19 4.846840050010538074e-16 2.064112769595283225e-13 5.179334738869556531e-11 7.657401823735199287e-09 6.670571792710688896e-07 3.423780071898363531e-05 1.035417895764112473e-03 1.845000497996807098e-02 1.937049925327301025e-01 1.198263883590698242e+00 4.367486476898193359e+00 9.379484176635742188e+00 1.186840629577636719e+01 8.848575592041015625e+00 3.887052774429321289e+00 1.006087064743041992e+00
1.776397943496704102e+00 3.303098678588867188e-01 3.618850558996200562e-02 2.336075995117425919e-03 8.885075658326968551e-05 1.991186763916630298e-06 2.629228745831824199e-08 2.045566632746798064e-10 9.377073770244770401e-13 2.532714486134504325e-15 4.030634817240721243e-18 3.779281993900730006e-21 2.088006150530324055e-24 6.797087774746166038e-28 1.303677425351489754e-31 4.148288799160639689e-34 3.034211220941370145e-30 1.307287966180616686e-26 3.318410924305673078e-23 4.963267852251429809e-20 4.374029170528943812e-17 2.271186372109455787e-14 6.948545037965825344e-12 1.252564274523138010e-09 1.330397338961120113e-07 8.325715498358476907e-06 3.069945378229022026e-04 6.669761613011360168e-03 8.537950366735458374e-02 6.439676284790039062e-01 2.861819028854370117e+00 7.493561744689941406e+00 1.156113815307617188e+01 1.050945472717285156e+01 5.628935813903808594e+00 1.776397943496704102e+00
2.911986827850341797e+00 6.601991057395935059e-01 8.819174766540527344e-02 6.941430270671844482e-03 3.219052450731396675e-04 8.795941539574414492e-06 1.416130430698103737e-07 1.343362310279871963e-09 7.508426172475601845e-12 2.472714992019040686e-14 4.798072392770167749e-17 5.485375853841804636e-20 3.695127347517260116e-23 1.466642183118336498e-26 3.429933776942299907e-30 4.724947297588186794e-34 1.150052773939135493e-31 6.041490087077152279e-28 1.869850414280753040e-24 3.409962814060709022e-21 3.664087926761323195e-18 2.319764685722379254e-15 8.653407851388905669e-13 1.901941937276774297e-10 2.463105985839320056e-08 1.879441242635948583e-06 8.449705637758597732e-05 2.238338580355048180e-03 3.493598848581314087e-02 3.212828636169433594e-01 1.740883469581604004e+00 5.558025360107421875e+00 1.045530891418457031e+01 1.158832836151123047e+01 7.567828178405761719e+00 2.911986827850341797e+00
4.495860099792480469e+00 1.252130866050720215e+00 2.054728269577026367e-01 1.986672542989253998e-02 1.131767872720956802e-03 3.798944089794531465e-05 7.513400532843661495e-07 8.755391078807406302e-09 6.011526693106006292e-11 2.431984193022873608e-13 5.796992376450353038e-16 8.141321485827333707e-19 6.737087205624640275e-22 3.284867345742033879e-25 9.436920708695133331e-29 1.597354294077451521e-32 3.561585517834323821e-33 2.298474610592211304e-29 8.739098483056356999e-26 1.957712069519150266e-22 2.584158762525114564e-19 2.009770955818039433e-16 9.209598822489464820e-14 2.486589059658150802e-11 3.955844540826092270e-09 3.707977498379477765e-07 2.047862653853371739e-05 6.664040265604853630e-04 1.277719624340534210e-02 1.443450152873992920e-01 9.608057141304016113e-01 3.768234729766845703e+00 8.707744598388671875e+00 1.185608100891113281e+01 9.511371612548828125e+00 4.495860099792480469e+00
6.407438278198242188e+00 2.192162990570068359e+00 4.419050216674804688e-01 5.248706042766571045e-02 3.673121333122253418e-03 1.514582254458218813e-04 3.679738711070967838e-06 5.267554570309584960e-08 4.442927137304764074e-10 2.207975989543253803e-12 6.465315665514980922e-15 1.115410042635905062e-17 1.133868406752789682e-20 6.791346920397477788e-24 2.396740467476206265e-27 4.983651240424147880e-31 1.017079267893454643e-34 8.072004038452527404e-31 3.770170029439331588e-27 1.037518066700089025e-23 1.682352403111738927e-20 1.607293655635053011e-17 9.047811124992567733e-15 3.000938039732226059e-12 5.864696506208133542e-10 6.752949843757960480e-08 4.581517714541405439e-06 1.831456611398607492e-04 4.313671030104160309e-03 5.986383557319641113e-02 4.894967079162597656e-01 2.358325481414794922e+00 6.694574832916259766e+00 1.119720840454101562e+01 1.103477478027343750e+01 6.407438278198242188e+00
7.737655639648437500e+00 3.029029369354248047e+00 6.986587643623352051e-01 9.494855999946594238e-02 7.603100035339593887e-03 3.587121027521789074e-04 9.971849976864177734e-06 1.633329702599439770e-07 1.576296204675031731e-09 8.963366507352965584e-12 3.003110929963685727e-14 5.928400141445099134e-17 6.895311670286975878e-20 4.725598046434466710e-23 1.908211851122059936e-26 4.540075908073559913e-30 6.363500097268067068e-34 8.625986784328392101e-32 4.609889062998274350e-28 1.451548636247806709e-24 2.693121955991146447e-21 2.944030925846669093e-18 1.896242494622835117e-15 7.196360478009533601e-13 1.609192085139099504e-10 2.120120612403297855e-08 1.645823545004532207e-06 7.527947309426963329e-05 2.028768882155418396e-03 3.221477195620536804e-02 3.014018535614013672e-01 1.661521673202514648e+00 5.396731376647949219e+00 1.032816505432128906e+01 1.164616012573242188e+01 7.737655639648437500e+00
9.137115478515625000e+00 4.141397953033447266e+00 1.105992317199707031e+00 1.740281581878662109e-01 1.613486371934413910e-02 8.813823224045336246e-04 2.836862040567211807e-05 5.379957883633323945e-07 6.011578790321436827e-09 3.957886102190499855e-11 1.535352384509150458e-13 3.509299587424133003e-16 4.725859649371380316e-19 3.749925664961746328e-22 1.753219449507509226e-25 4.829662345630270422e-29 7.838984647182033300e-33 7.284728040509785781e-33 4.507616766273343537e-29 1.643382278109545206e-25 3.530221970623687278e-22 4.468161869288141457e-19 3.332172557356846004e-16 1.464163669863752237e-13 3.790771863076969339e-11 5.782613055060892293e-09 5.197425139158440288e-07 2.752496220637112856e-05 8.588673663325607777e-04 1.579039916396141052e-02 1.710514873266220093e-01 1.091768980026245117e+00 4.105815887451171875e+00 9.097780227661132812e+00 1.187787818908691406e+01 9.137115478515625000e+00
1.026903152465820312e+01 5.324048995971679688e+00 1.626380324363708496e+00 2.927314639091491699e-01 3.104405105113983154e-02 1.939809648320078850e-03 7.141802052501589060e-05 1.549256239741225727e-06 1.980187391836807365e-08 1.491276546694564331e-10 6.617215456139469154e-13 1.730002537845285251e-15 2.665001605331759618e-18 2.418901081613447470e-21 1.293611977704865767e-24 4.076227838400668102e-28 7.567990734584072574e-32 7.283104021595727864e-34 5.155817528469310477e-30 2.150121748460718592e-26 5.283219838963681237e-23 7.648966266141696306e-20 6.524870816734226796e-17 3.279539454673768839e-14 9.712322959765096186e-12 1.694715701106019878e-09 1.742351258826602134e-07 1.055476423061918467e-05 3.767233574762940407e-04 7.922537624835968018e-03 9.816878288984298706e-02 7.167240381240844727e-01 3.083154439926147461e+00 7.814587593078613281e+00 1.167036628723144531e+01 1.026903152465820312e+01
1.105587005615234375e+01 6.443125724792480469e+00 2.212420940399169922e+00 4.476166963577270508e-01 5.335883796215057373e-02 3.747816197574138641e-03 1.551021123304963112e-04 3.782035491894930601e-06 5.433746252947457833e-08 4.599828851148402009e-10 2.294311442219143515e-12 6.742381413111283445e-15 1.167495289702654066e-17 1.191151714303723879e-20 7.160540134928153081e-24 2.536236343720151513e-27 5.292980227854331193e-31 9.541488793568209677e-35 7.601653013660265175e-31 3.563428383257161613e-27 9.842260949313404399e-24 1.601732827984649300e-20 1.535856021829258393e-17 8.677193552987343128e-15 2.888577831788863293e-12 5.665617419658985909e-10 6.547553255131788319e-08 4.458434887055773288e-06 1.788741938071325421e-04 4.228440113365650177e-03 5.889526754617691040e-02 4.833377003669738770e-01 2.337141990661621094e+00 6.658662796020507812e+00 1.117781066894531250e+01 1.105587005615234375e+01
1.153886318206787109e+01 7.434919834136962891e+00 2.822650909423828125e+00 6.314011812210083008e-01 8.321763575077056885e-02 6.462448276579380035e-03 2.956964308395981789e-04 7.971932973305229098e-06 1.266329832105839159e-07 1.185220810384635115e-09 6.536111062105387504e-12 2.123683038235055220e-14 4.065752852864721288e-17 4.586297090186579930e-20 3.048259827514219994e-23 1.193727587014163262e-26 2.754388646349595301e-30 3.742671616439947265e-34 1.439169136006929572e-31 7.458989452103226868e-28 2.277820481038019778e-24 4.098492527092720584e-21 4.345056921420090251e-18 2.714148519919901831e-15 9.989592703388283645e-13 2.166308799012028885e-10 2.767975360029595322e-08 2.083891558868344873e-06 9.243790555046871305e-05 2.415973227471113205e-03 3.720504790544509888e-02 3.375840187072753906e-01 1.804787158966064453e+00 5.685093402862548828e+00 1.055157089233398438e+01 1.153886318206787109e+01
1.183118820190429688e+01 8.513582229614257812e+00 3.609639167785644531e+00 9.017339944839477539e-01 1.327299773693084717e-01 1.151106972247362137e-02 5.882149562239646912e-04 1.771020106389187276e-05 3.141797151329228655e-07 3.283985972046821189e-09 2.022508549526236266e-11 7.339198964274179504e-14 1.569120990901404895e-16 1.976730828912045564e-19 1.467254651766921697e-22 6.416995812793724774e-26 1.653572454815838221e-29 2.510363327755014652e-33 2.256692601936725051e-32 1.306234299537692151e-28 4.454787264711022555e-25 8.951582587470858030e-22 1.059841806843394338e-18 7.393537250159197983e-16 3.039026820993162570e-13 7.360041742732192915e-11 1.050244513578491024e-08 8.830298838802264072e-07 4.374418494990095496e-05 1.276831608265638351e-03 2.195907942950725555e-02 2.225177139043807983e-01 1.328554630279541016e+00 4.673708915710449219e+00 9.687503814697265625e+00 1.183118820190429688e+01
1.185264968872070312e+01 9.540462493896484375e+00 4.524711132049560547e+00 1.264374256134033203e+00 2.081786245107650757e-01 2.019543014466762543e-02 1.154364203102886677e-03 3.887766069965437055e-05 7.714820071669237223e-07 9.020215685495713842e-09 6.214088271727646884e-11 2.522351359897367917e-13 6.032313481669766657e-16 8.500457458403716041e-19 7.057849914155518199e-22 3.452784031508345570e-25 9.952558358649434681e-29 1.690181319720361332e-32 3.364016141529791008e-33 2.178128665045421525e-29 8.309281455870866678e-26 1.867698496394618746e-22 2.473547654026640858e-19 1.930184269489617407e-16 8.874709777825784407e-14 2.404176510650835041e-11 3.837487216884483132e-09 3.609123950809589587e-07 1.999943560804240406e-05 6.529813981615006924e-04 1.256176922470331192e-02 1.423875093460083008e-01 9.509474635124206543e-01 3.742041110992431641e+00 8.676191329956054688e+00 1.185264968872070312e+01
1.158747291564941406e+01 1.045704841613769531e+01 5.560285091400146484e+00 1.742017269134521484e+00 3.215659558773040771e-01 3.497510403394699097e-02 2.241381909698247910e-03 8.463291305815801024e-05 1.882915512396721169e-06 2.468254578502637742e-08 1.906404478724255114e-10 8.675483291822883025e-13 2.326241946670032888e-15 3.675215573951692800e-18 3.421179835531325567e-21 1.876458899299015761e-24 6.064116393546299623e-28 1.154632735028809289e-31 4.705407459070651004e-34 3.416612510721493350e-30 1.461297342336673041e-26 3.682545962712071243e-23 5.467972103000659645e-20 4.783815769476693807e-17 2.465997851340724634e-14 7.489887182687837708e-12 1.340362043578124940e-09 1.413328902799548814e-07 8.780615644354838878e-06 3.214210737496614456e-04 6.932526826858520508e-03 8.810059726238250732e-02 6.596751213073730469e-01 2.910374641418457031e+00 7.565467834472656250e+00 1.158747291564941406e+01
1.105728340148925781e+01 1.117650318145751953e+01 6.656268119812011719e+00 2.335732936859130859e+00 4.829234480857849121e-01 5.883077904582023621e-02 4.222773015499114990e-03 1.785906206350773573e-04 4.450275810086168349e-06 6.534067864549797378e-08 5.652570078673591070e-10 2.881139554364309241e-12 8.652870154873988640e-15 1.531175999359555873e-17 1.596450827409100728e-20 9.807445362122380264e-24 3.549957273668150653e-27 7.570633128335285994e-31 9.500092795731293164e-35 5.314468734785102938e-31 2.545891415717353604e-27 7.186044796854853614e-24 1.195098028216326717e-20 1.171086411613991781e-17 6.761547227608806498e-15 2.300192154802704891e-12 4.610501980195635952e-10 5.445108897106365475e-08 3.789004722420941107e-06 1.553501060698181391e-04 3.752889111638069153e-03 5.341831967234611511e-02 4.480004310607910156e-01 2.213778495788574219e+00 6.445526123046875000e+00 1.105728340148925781e+01
1.013320827484130859e+01 1.171996879577636719e+01 7.986813068389892578e+00 3.206895351409912109e+00 7.586995363235473633e-01 1.057580336928367615e-01 8.686179295182228088e-03 4.203503485769033432e-04 1.198567952087614685e-05 2.013629085695356480e-07 1.993267106925600274e-09 1.162570387180927867e-11 3.995067148735050033e-14 8.089263246207584559e-17 9.650811849414500327e-20 6.783996787799171533e-23 2.809781104102128252e-26 6.856559618741837830e-30 9.858172252220763016e-34 5.639002741643172540e-32 3.091039079096279764e-28 9.983379882217938590e-25 1.899841612165371346e-21 2.130202662741472391e-18 1.407351488731006014e-15 5.478243184607600735e-13 1.256456466647293269e-10 1.697962126456786791e-08 1.351977743979659863e-06 6.342757842503488064e-05 1.753289951011538506e-03 2.855622209608554840e-02 2.740380167961120605e-01 1.549489140510559082e+00 5.162202835083007812e+00 1.013320827484130859e+01
8.720579147338867188e+00 1.185740375518798828e+01 9.499515533447265625e+00 4.484155654907226562e+00 1.247163534164428711e+00 2.043789923191070557e-01 1.973408460617065430e-02 1.122702378779649734e-03 3.763393033295869827e-05 7.432978463839390315e-07 8.649922556003275531e-09 5.930836377565640305e-11 2.396075146019610580e-13 5.703658345387993718e-16 7.999646126412313892e-19 6.610863402337526289e-22 3.218912411089735253e-25 9.234434452873335564e-29 1.560979796885606656e-32 3.645423978986877158e-33 2.349286059203115175e-29 8.920066872499550331e-26 1.995578276493972680e-22 2.630517065979883309e-19 2.043079467677630726e-16 9.349561191441049801e-14 2.520934155869625215e-11 4.005047848920639808e-09 3.748974108930269722e-07 2.067694731522351503e-05 6.719349767081439495e-04 1.286586746573448181e-02 1.451491117477416992e-01 9.648435711860656738e-01 3.778926372528076172e+00 8.720579147338867188e+00
7.079464912414550781e+00 1.138873767852783203e+01 1.079489326477050781e+01 6.028766155242919922e+00 1.983821153640747070e+00 3.846327066421508789e-01 4.393970966339111328e-02 2.957573859021067619e-03 1.172958145616576076e-04 2.740916215770994313e-06 3.773780221649758460e-08 3.061342290777702146e-10 1.463279259046601499e-12 4.121047375419718828e-15 6.838471696001453159e-18 6.686165918648261874e-21 3.851756942426340364e-24 1.307346379635829950e-27 2.614621991878633053e-31 2.006156515475895396e-34 1.530815354064551379e-30 6.876843326341660836e-27 1.820225856860376938e-23 2.838737490087660308e-20 2.608565512320073571e-17 1.412331894230095530e-14 4.505445929531282090e-12 8.468677425987891638e-10 9.378879894939018413e-08 6.120073066995246336e-06 2.353031159145757556e-04 5.330536514520645142e-03 7.115025818347930908e-02 5.595643520355224609e-01 2.592941761016845703e+00 7.079464912414550781e+00
5.522070884704589844e+00 1.042744922637939453e+01 1.160170364379882812e+01 7.605588912963867188e+00 2.937705516815185547e+00 6.685793399810791016e-01 8.965305984020233154e-02 7.083444856107234955e-03 3.297548973932862282e-04 9.044963007909245789e-06 1.461799286062159808e-07 1.391957771268437227e-09 7.809804886127480472e-12 2.581811310966089512e-14 5.028911039337381013e-17 5.771542217928792345e-20 3.902831583962693729e-23 1.554931742149705021e-26 3.650280851280774160e-30 5.047980951211324830e-34 1.078965458369768149e-31 5.689500389686135700e-28 1.767713043007715147e-24 3.236045262993950641e-21 3.490525581912996717e-18 2.218344560508175162e-15 8.306753722375770366e-13 1.832776985732920139e-10 2.382574493253741821e-08 1.824953187679057010e-06 8.236155554186552763e-05 2.190122613683342934e-03 3.431431576609611511e-02 3.167740106582641602e-01 1.723031759262084961e+00 5.522070884704589844e+00
4.055832386016845703e+00 9.041961669921875000e+00 1.187716674804687500e+01 9.192434310913085938e+00 4.191920280456542969e+00 1.126326322555541992e+00 1.783129274845123291e-01 1.663294062018394470e-02 9.141618502326309681e-04 2.960357051051687449e-05 5.648493015542044304e-07 6.350037828894983249e-09 4.206290177277693942e-11 1.641675483705570815e-13 3.775241463082381612e-16 5.115294213809814363e-19 4.083772357357747536e-22 1.920876550732196628e-25 5.323848747122743690e-29 8.693853362925941459e-33 6.567091678068656313e-33 4.088512141809699038e-29 1.499699645870655879e-25 3.241244424339208868e-22 4.127600754354520205e-19 3.096982212848664769e-16 1.369141345436419854e-13 3.566429790380354348e-11 5.473646425002698379e-09 4.949826575284532737e-07 2.637356010382063687e-05 8.279804023914039135e-04 1.531556714326143265e-02 1.669221818447113037e-01 1.071925878524780273e+00 4.055832386016845703e+00
2.801081657409667969e+00 7.402395248413085938e+00 1.152620029449462891e+01 1.057466793060302734e+01 5.716320991516113281e+00 1.820662260055541992e+00 3.416738510131835938e-01 3.777998313307762146e-02 2.461383119225502014e-03 9.448527271160855889e-05 2.137058118023560382e-06 2.847979985176607443e-08 2.236200669081256365e-10 1.034581057976491358e-12 2.820233890849345795e-15 4.529741123194498464e-18 4.286753664630961226e-21 2.390197069645600099e-24 7.852819496053570050e-28 1.520112148861896221e-31 3.535681295762046924e-34 2.610450209447338788e-30 1.135059292750657079e-26 2.907981741448560879e-23 4.389735712189252500e-20 3.904331534175203128e-17 2.046069070464964779e-14 6.317843817549295693e-12 1.149413009216004866e-09 1.232120894201216288e-07 7.782074135320726782e-06 2.896075602620840073e-04 6.350199691951274872e-03 8.204124867916107178e-02 6.245204806327819824e-01 2.801081657409667969e+00
1.831200122833251953e+00 5.736920356750488281e+00 1.058983707427978516e+01 1.151773452758789062e+01 7.380924224853515625e+00 2.786905765533447266e+00 6.200134754180908203e-01 8.127321302890777588e-02 6.277140229940414429e-03 2.856559585779905319e-04 7.659348739252891392e-06 1.210030973197717685e-07 1.126366777626230942e-09 6.177722396139007088e-12 1.996393298613931278e-14 3.801309166731928722e-17 4.264653725109017132e-20 2.818920607426557000e-23 1.097919197479906970e-26 2.519560045846278860e-30 3.405270758620372294e-34 1.576066502807082682e-31 8.124131025109233127e-28 2.467415310998837756e-24 4.415595526868548223e-21 4.655771188503690314e-18 2.892416556306699575e-15 1.058782185189843794e-12 2.283548350412445416e-10 2.901904139207545086e-08 2.172812401113333181e-06 9.585932275513187051e-05 2.491767518222332001e-03 3.816356509923934937e-02 3.443977236747741699e-01 1.831200122833251953e+00
1.133222103118896484e+00 4.208962440490722656e+00 9.210908889770507812e+00 1.187674236297607422e+01 9.023153305053710938e+00 4.039119720458984375e+00 1.065326690673828125e+00 1.655564904212951660e-01 1.515921764075756073e-02 8.178529096767306328e-04 2.599807885417249054e-05 4.869267513640807010e-07 5.373574474276665569e-09 3.494048800289917267e-11 1.338640027818971401e-13 3.021792686307676629e-16 4.019162545927646733e-19 3.149573990878223552e-22 1.454307480048590893e-25 3.956619945319753969e-29 6.342428259003623669e-33 9.001306849119387812e-33 5.500856755339621190e-29 1.980695133618007308e-25 4.202234526643955779e-22 5.252906048465667430e-19 3.868914307323642653e-16 1.678995484311052167e-13 4.293107536135210012e-11 6.467851143554526061e-09 5.741375161960604601e-07 3.002931953233201057e-05 9.254142059944570065e-04 1.680330187082290649e-02 1.797722578048706055e-01 1.133222103118896484e+00
6.637964248657226562e-01 2.923041343688964844e+00 7.584073066711425781e+00 1.159412384033203125e+01 1.044335174560546875e+01 5.542523384094238281e+00 1.733179807662963867e+00 3.193354308605194092e-01 3.466714173555374146e-02 2.217464614659547806e-03 8.357234764844179153e-05 1.855820983109879307e-06 2.428088130557171098e-08 1.871857391311237961e-10 8.502476066957198597e-13 2.275563965435808099e-15 3.588380634787713614e-18 3.333931667952587859e-21 1.825148230579820269e-24 5.887190357722680105e-28 1.118894297830194364e-31 4.861262857132820259e-34 3.523157814047256437e-30 1.504030184091528132e-26 3.783185997100909134e-23 5.606851204204338092e-20 4.896045649754418474e-17 2.519118845001420276e-14 7.636764484675317988e-12 1.364074186938069033e-09 1.435607543953665299e-07 8.902354238671250641e-06 3.252638271078467369e-04 7.002184167504310608e-03 8.881831169128417969e-02 6.637964248657226562e-01
3.679876923561096191e-01 1.921355009078979492e+00 5.910841941833496094e+00 1.071419048309326172e+01 1.144287490844726562e+01 7.200744628906250000e+00 2.669854640960693359e+00 5.832643508911132812e-01 7.507766783237457275e-02 5.694078747183084488e-03 2.544504823163151741e-04 6.699626283079851419e-06 1.039334378560852201e-07 9.500256137329188277e-10 5.116638016056107574e-12 1.623681861163094042e-14 3.035874609055779372e-17 3.344377812022267535e-20 2.170868533888237006e-23 8.302717886620394978e-27 1.871006334418511423e-30 2.482868147547296715e-34 2.133357207335596378e-31 1.079849949407970929e-27 3.220633311154474890e-24 5.659451005433474243e-21 5.859682939237868913e-18 3.574805145097840336e-15 1.284953697264223926e-12 2.721396719085333871e-10 3.395957293150786427e-08 2.496930392226204276e-06 1.081709633581340313e-04 2.761108335107564926e-03 4.152660071849822998e-02 3.679876923561096191e-01
1.959905773401260376e-01 1.208801031112670898e+00 4.392800331115722656e+00 9.405801773071289062e+00 1.186635971069335938e+01 8.820749282836914062e+00 3.863322019577026367e+00 9.969736337661743164e-01 1.515912115573883057e-01 1.358100399374961853e-02 7.168970769271254539e-04 2.229670280939899385e-05 4.086001297309849178e-07 4.411893961275836773e-09 2.806855789461160100e-11 1.052154308231641189e-13 2.323855007824670270e-16 3.024036351680680775e-19 2.318738364870253468e-22 1.047562415669519233e-25 2.788526582161882036e-29 4.373484772267892524e-33 1.303081479102981625e-32 7.791495238470606928e-29 2.744954425433570334e-25 5.698008204074172329e-22 6.969011136419977839e-19 5.022184340421650788e-16 2.132426993230879253e-13 5.334844371818192599e-11 7.863910411742836004e-09 6.830088636888831388e-07 3.495238343020901084e-05 1.053889165632426739e-03 1.872333884239196777e-02 1.959905773401260376e-01
9.627997875213623047e-02 7.061418294906616211e-01 3.051513195037841797e+00 7.769734382629394531e+00 1.165641212463378906e+01 1.030360984802246094e+01 5.366378784179687500e+00 1.646798968315124512e+00 2.977609038352966309e-01 3.172209113836288452e-02 1.991240307688713074e-03 7.364516204688698053e-05 1.604868202775833197e-06 2.060640191814400168e-08 1.558952966718152311e-10 6.949121725101370384e-13 1.825142972546782774e-15 2.824299220516609134e-18 2.575201058881890170e-21 1.383487492282374558e-24 4.379330693048331281e-28 8.167850791533264590e-32 6.731913802140195672e-34 4.787196041746362587e-30 2.005548042362599734e-26 4.950588749668189399e-23 7.200162622694858657e-20 6.170203563340070311e-17 3.115434952659541790e-14 9.268358650005303900e-12 1.624637091524050447e-09 1.677956902312871534e-07 1.021098978526424617e-05 3.661188238766044378e-04 7.734768558293581009e-03 9.627997875213623047e-02
4.467830061912536621e-02 3.896827101707458496e-01 2.002594470977783203e+00 6.063760757446289062e+00 1.081831550598144531e+01 1.137214756011962891e+01 7.043568611145019531e+00 2.570457935333251953e+00 5.527079105377197266e-01 7.002424448728561401e-02 5.227194633334875107e-03 2.299043699167668819e-04 5.958017936791293323e-06 9.097489339637832018e-08 8.184862232418765871e-10 4.338784106300286325e-12 1.355157847916788061e-14 2.493815212715899828e-17 2.704097043288462570e-20 1.727620844107758186e-23 6.503369302642021324e-27 1.442430404023963910e-30 1.883755870309120759e-34 2.776783318365528931e-31 1.383406360557537301e-27 4.061025174502465155e-24 7.023849882922747755e-21 7.158050444119477742e-18 4.298029827550821358e-15 1.520594956373744200e-12 3.169740303565760087e-10 3.893217837003248860e-08 2.817429958668071777e-06 1.201339910039678216e-04 3.018212504684925079e-03 4.467830061912536621e-02
1.957862079143524170e-02 2.030953168869018555e-01 1.241323232650756836e+00 4.470335006713867188e+00 9.485441207885742188e+00 1.185891723632812500e+01 8.735719680786132812e+00 3.791575431823730469e+00 9.696353077888488770e-01 1.461048126220703125e-01 1.297142729163169861e-02 6.785450968891382217e-04 2.091355781885795295e-05 3.797979957198549528e-07 4.063923420005721709e-09 2.562143205930844658e-11 9.517685034196587957e-14 2.083097803968456162e-16 2.686403456115497241e-19 2.041250419898138050e-22 9.138883329061050519e-26 2.410766256926262901e-29 3.746884202484210480e-33 1.519084590475124918e-32 9.001682207975492385e-29 3.142667032447861409e-25 6.464451828070465180e-22 7.835230537982445655e-19 5.595407534728894135e-16 2.354387843538086056e-13 5.837049593671039815e-11 8.526674477593587653e-09 7.338875320783699863e-07 3.721725806826725602e-05 1.112069585360586643e-03 1.957862079143524170e-02
8.101714774966239929e-03 9.996245801448822021e-02 7.267166376113891602e-01 3.112889766693115234e+00 7.856398582458496094e+00 1.168299674987792969e+01 1.023648262023925781e+01 5.284632205963134766e+00 1.607482194900512695e+00 2.881013751029968262e-01 3.042368590831756592e-02 1.892977626994252205e-03 6.939647573744878173e-05 1.499010522820753977e-06 1.907832114511620603e-08 1.430677382119327490e-10 6.321384388163764356e-13 1.645630538881350056e-15 2.524278951187247752e-18 2.281432791874440764e-21 1.214916199876149156e-24 3.812004935246565296e-28 7.047363698857706026e-32 7.837744500641915786e-34 5.525141678695405897e-30 2.294352639028736523e-26 5.613584057561929975e-23 8.092859817171207466e-20 6.874281833643976322e-17 3.440443527400090240e-14 1.014543657418265354e-11 1.762800350135762528e-09 1.804654203851896455e-07 1.088562385120894760e-05 3.868867934215813875e-04 8.101714774966239929e-03
3.166545182466506958e-03 4.647321999073028564e-02 4.018715620040893555e-01 2.047588825225830078e+00 6.146935462951660156e+00 1.087292098999023438e+01 1.133180999755859375e+01 6.958567619323730469e+00 2.517721652984619141e+00 5.367391109466552734e-01 6.741960346698760986e-02 4.989722743630409241e-03 2.175835543312132359e-04 5.590489308815449476e-06 8.463327105800999561e-08 7.549200153889046305e-10 3.967580604335996242e-12 1.228582665289967846e-14 2.241632990239103302e-17 2.409867930051070291e-20 1.526465099808745236e-23 5.697060242496838916e-27 1.252784797100718096e-30 1.621649558257040412e-34 3.202037207685104593e-31 1.581636166757493448e-27 4.602956050310290624e-24 7.893332221196053164e-21 7.975122909587107419e-18 4.747714537050445882e-15 1.665320442309492499e-12 3.441802676196203947e-10 4.191144853393780068e-08 3.007105988217517734e-06 1.271263754460960627e-04 3.166545182466506958e-03
1.168927643448114395e-03 2.040686458349227905e-02 2.099096029996871948e-01 1.272201061248779297e+00 4.543067932128906250e+00 9.558864593505859375e+00 1.185033893585205078e+01 8.656111717224121094e+00 3.725481033325195312e+00 9.447333812713623047e-01 1.411574035882949829e-01 1.242678612470626831e-02 6.445950712077319622e-04 1.970071025425568223e-05 3.547690710092865629e-07 3.764218270418950851e-09 2.353281111644456303e-11 8.668101501331515468e-14 1.881290086702750971e-16 2.405762529273393045e-19 1.812681443598332852e-22 8.047364844195517864e-26 2.105018859723712999e-29 3.244215634765737576e-33 1.751914168795319994e-32 1.029421351595886935e-28 3.563745206436733091e-25 7.269233334754030193e-22 8.736561688596258113e-19 6.186658766527261197e-16 2.581329247575148145e-13 6.346012604296902282e-11 9.192246963607431098e-09 7.845267191441962495e-07 3.945175558328628540e-05 1.168927643448114395e-03
4.074022872373461723e-04 8.461000397801399231e-03 1.035350859165191650e-01 7.464918494224548340e-01 3.171183109283447266e+00 7.937636375427246094e+00 1.170645523071289062e+01 1.017248344421386719e+01 5.208302497863769531e+00 1.571204900741577148e+00 2.792781591415405273e-01 2.924882993102073669e-02 1.804843544960021973e-03 6.562135968124493957e-05 1.405780494678765535e-06 1.774425584244454512e-08 1.319671594224303135e-10 5.782634028735078591e-13 1.493017754038345780e-15 2.271302097655002160e-18 2.035878491703749180e-21 1.075211102928997323e-24 3.345832388501419616e-28 6.134545315670166884e-32 9.040879499097835489e-34 6.320172330585917594e-30 2.602878604251003056e-26 6.316097510274898182e-23 9.030408941658683530e-20 7.607367011924401866e-17 3.775980382861830742e-14 1.104327133211180367e-11 1.902954238630627515e-09 1.932071711507887812e-07 1.155828340415610000e-05 4.074022872373461723e-04
1.341073948424309492e-04 3.313362598419189453e-03 4.823390021920204163e-02 4.137169718742370605e-01 2.090861558914184570e+00 6.226010322570800781e+00 1.092350292205810547e+01 1.129227733612060547e+01 6.878101348876953125e+00 2.468442916870117188e+00 5.219692587852478027e-01 6.503219902515411377e-02 4.774017259478569031e-03 2.064937289105728269e-04 5.262561899144202471e-06 7.902330878550856141e-08 6.991676126943957570e-10 3.644678742836804375e-12 1.119486515749508471e-14 2.026019430026541066e-17 2.160429677631144124e-20 1.357370871508448825e-23 5.024914158579593501e-27 1.096037891633257740e-30 1.407000157199563603e-34 3.664214550058359129e-31 1.795239419849029048e-27 5.182413828240384846e-24 8.814788805360251497e-21 8.833957242640701804e-18 5.216393113359300837e-15 1.814911936015572991e-12 3.720517782745957902e-10 4.493835703556214867e-08 3.198188096575904638e-06 1.341073948424309492e-04
4.165907739661633968e-05 1.224626437760889530e-03 2.121119946241378784e-02 2.164709120988845825e-01 1.301638603210449219e+00 4.611654758453369141e+00 9.626903533935546875e+00 1.184088230133056641e+01 8.581217765808105469e+00 3.664217472076416016e+00 9.218941926956176758e-01 1.366621553897857666e-01 1.193646341562271118e-02 6.142951315268874168e-04 1.862711360445246100e-05 3.327983790768485051e-07 3.503361156731443771e-09 2.172908034059339855e-11 7.941050432242607870e-14 1.709944321198270589e-16 2.169474509888499348e-19 1.621781395938172398e-22 7.143321002348505277e-26 1.853836368037745405e-29 2.834468977124804920e-33 2.001942111088808252e-32 1.167030490569813227e-28 4.008371864522583501e-25 8.111892281791707967e-22 9.672636492888829116e-19 6.795728924557898568e-16 2.813199434688329337e-13 6.861623769172098264e-11 9.860940508588100784e-09 8.349956033271155320e-07 4.165907739661633968e-05
1.221306592924520373e-05 4.272125079296529293e-04 8.805026300251483917e-03 1.069278866052627563e-01 7.650804519653320312e-01 3.225518226623535156e+00 8.012259483337402344e+00 1.172675704956054688e+01 1.011272811889648438e+01 5.138379096984863281e+00 1.538337230682373047e+00 2.713590860366821289e-01 2.820318937301635742e-02 1.727128168568015099e-03 6.231862789718434215e-05 1.324889808529405855e-06 1.659615733728969644e-08 1.224876311489708769e-10 5.326642989536556350e-13 1.364848328349850884e-15 2.060531514492815391e-18 1.832930657376465828e-21 9.606817129110688605e-25 2.966754486442596563e-28 5.397833618651068746e-32 1.030984585461964961e-33 7.152575051194155981e-30 2.923326229903422129e-26 7.039749279804168621e-23 9.988658260975299111e-20 8.350691362699253807e-17 4.113527078100816248e-14 1.193889171552386941e-11 2.041649516115739971e-09 2.057182086900866125e-07 1.221306592924520373e-05
3.378617066118749790e-06 1.406478986609727144e-04 3.449806477874517441e-03 4.985747858881950378e-02 4.245417714118957520e-01 2.130040168762207031e+00 6.296772956848144531e+00 1.096769809722900391e+01 1.125590896606445312e+01 6.806330680847167969e+00 2.425007343292236328e+00 5.090733766555786133e-01 6.296642869710922241e-02 4.588922485709190369e-03 1.970512093976140022e-04 4.985568011761642992e-06 7.432224435888201697e-08 6.527944296230714372e-10 3.378410398657827329e-12 1.030190862493949797e-14 1.850936065467852080e-17 1.959424788780758399e-20 1.222186775852163872e-23 4.491693105270776956e-27 9.725927411245927901e-31 1.239722719302744191e-34 4.132473900202768180e-31 2.009997171645727575e-27 5.760353837788833840e-24 9.726831363295257463e-21 9.677511895419216661e-18 5.673216616538384605e-15 1.959544939506008276e-12 3.987918328896000730e-10 4.782039297879236983e-08 3.378617066118749790e-06
8.816969057079404593e-07 4.368665395304560661e-05 1.275394344702363014e-03 2.193891070783138275e-02 2.223511934280395508e-01 1.327828168869018555e+00 4.672041893005371094e+00 9.685876846313476562e+00 1.183146667480468750e+01 8.515413284301757812e+00 3.611106395721435547e+00 9.022819399833679199e-01 1.328330636024475098e-01 1.152237132191658020e-02 5.889041349291801453e-04 1.773436815710738301e-05 3.146685401134163840e-07 3.289634786796113985e-09 2.026365880647418294e-11 7.354585825980822222e-14 1.572764423714680462e-16 1.981698823972250763e-19 1.471228112592083724e-22 6.435577801194755030e-26 1.658601087993288675e-29 2.518649093560373251e-33 2.249425695859941670e-32 1.302254004195751355e-28 4.442094985784082238e-25 8.927847592990057897e-22 1.057233189384131796e-18 7.376888288185322676e-16 3.032709988085718900e-13 7.346100810989852903e-11 1.048476949705445804e-08 8.816969057079404593e-07
2.170071127238770714e-07 1.279972184420330450e-05 4.448315303307026625e-04 9.108737111091613770e-03 1.098989993333816528e-01 7.812492847442626953e-01 3.272298336029052734e+00 8.075767517089843750e+00 1.174308395385742188e+01 1.006115722656250000e+01 5.079034805297851562e+00 1.510699748992919922e+00 2.647554874420166016e-01 2.733877301216125488e-02 1.663340604864060879e-03 5.962801151326857507e-05 1.259468035641475581e-06 1.567395457868769881e-08 1.149344369677507416e-10 4.965773343738877355e-13 1.264133252185117590e-15 1.896123163893306993e-18 1.675734635093887927e-21 8.725978986645432928e-25 2.677234734210210463e-28 4.839582241364345535e-32 1.153168590693302896e-33 7.948105241163993117e-30 3.227394514713607741e-26 7.721600256598863910e-23 1.088502477695014487e-19 9.041279971573645043e-17 4.424734775625160932e-14 1.275893800334326755e-11 2.167768853311713428e-09 2.170071127238770714e-07
5.040908490627771243e-08 3.539612407621461898e-06 1.464434026274830103e-04 3.569860011339187622e-03 5.127506703138351440e-02 4.339316785335540771e-01 2.163734436035156250e+00 6.357025146484375000e+00 1.100452613830566406e+01 1.122422409057617188e+01 6.745415687561035156e+00 2.388499259948730469e+00 4.983233213424682617e-01 6.125828623771667480e-02 4.436961375176906586e-03 1.893537992145866156e-04 4.761342097481247038e-06 7.054102013626106782e-08 6.157868659428800129e-10 3.167288480099283987e-12 9.598734906413920742e-15 1.713972492258056821e-17 1.803282815934010399e-20 1.117864180985573254e-23 4.083045437810804478e-27 8.786709305729881498e-31 1.112884353372875025e-34 4.576603877807848135e-31 2.212338453090961594e-27 6.301245783784483237e-24 1.057478034845447492e-20 1.045654067015430749e-17 6.092093890713422971e-15 2.091274636101259077e-12 4.229905870012373725e-10 5.040908490627771243e-08
1.105361313591401995e-08 9.240142730959632900e-07 4.551153688225895166e-05 1.320808194577693939e-03 2.258444204926490784e-02 2.275410294532775879e-01 1.350736856460571289e+00 4.724431037902832031e+00 9.736337661743164062e+00 1.182249832153320312e+01 8.458440780639648438e+00 3.565651655197143555e+00 8.856264352798461914e-01 1.296082437038421631e-01 1.117589883506298065e-02 5.678056040778756142e-04 1.699745189398527145e-05 2.997952890382293845e-07 3.115609104042960098e-09 1.907778622578515382e-11 6.883056136771509292e-14 1.463195682729212391e-16 1.832695161317893969e-19 1.352528906381074672e-22 5.880957432125060805e-26 1.506744069754062518e-29 2.274395693796902554e-33 2.487187060729011652e-32 1.431348967997406250e-28 4.853442560507052739e-25 9.696597467619982481e-22 1.141481431375081096e-18 7.917236016227258491e-16 3.235551746232773196e-13 7.791031708670459466e-11 1.105361313591401995e-08
2.287886990970378065e-09 2.276931212463750853e-07 1.335154229309409857e-05 4.612977500073611736e-04 9.390858002007007599e-03 1.126389876008033752e-01 7.960487604141235352e-01 3.314804077148437500e+00 8.132863998413085938e+00 1.175700759887695312e+01 1.001422595977783203e+01 5.025775909423828125e+00 1.486132144927978516e+00 2.589279413223266602e-01 2.658081427216529846e-02 1.607773359864950180e-03 5.729924305342137814e-05 1.203179863296099938e-06 1.488629131074503675e-08 1.085207063100668279e-10 4.661290884527824474e-13 1.179682373277969338e-15 1.759113723518545668e-18 1.545561831980561006e-21 8.001117380588870284e-25 2.440403851172641215e-28 4.385828491509083512e-32 1.275496410311624246e-33 8.739745203109444941e-30 3.528100588064079893e-26 8.391793762480565175e-23 1.176089789324898936e-19 9.711535819246992817e-17 4.724968653098057803e-14 1.354526213415141456e-11 2.287886990970378065e-09
4.471977510522862076e-10 5.298366900774453825e-08 3.698736691148951650e-06 1.521391968708485365e-04 3.687043208628892899e-03 5.264985933899879456e-02 4.429725408554077148e-01 2.195956707000732422e+00 6.414134979248046875e+00 1.103875350952148438e+01 1.119358825683593750e+01 6.687844276428222656e+00 2.354328155517578125e+00 4.883344769477844238e-01 5.968090891838073730e-02 4.297547973692417145e-03 1.823364873416721821e-04 4.558091859507840127e-06 6.713828071269745124e-08 5.826697457855800621e-10 2.979509867995222550e-12 8.977055921809574263e-15 1.593635911105067461e-17 1.666918537662949223e-20 1.027270369110815471e-23 3.730299042544638154e-27 7.981250232196162862e-31 1.004975693882941994e-34 5.040396584518002658e-31 2.422338387553045894e-27 6.859196846855537014e-24 1.144436527651078252e-20 1.125028829670916689e-17 6.516396410915625131e-15 2.223935445522240428e-12 4.471977510522862076e-10
8.257394074062673894e-11 1.164636120876139103e-08 9.678414016889291815e-07 4.739016367238946259e-05 1.367243006825447083e-03 2.324137836694717407e-02 2.327799350023269653e-01 1.373714685440063477e+00 4.776557922363281250e+00 9.785904884338378906e+00 1.181284332275390625e+01 8.401826858520507812e+00 3.520956993103027344e+00 8.693914413452148438e-01 1.264845430850982666e-01 1.084243226796388626e-02 5.476251244544982910e-04 1.629666439839638770e-05 2.857519803001196124e-07 2.952214250839801934e-09 1.797097019806681573e-11 6.445640868919452759e-14 1.362147828495326564e-16 1.696110323091313771e-19 1.244373678138122082e-22 5.378870885260010540e-26 1.369992210346631594e-29 2.055860273719500347e-33 2.747092094305284182e-32 1.571633223664086413e-28 5.297805443227719874e-25 1.052246440588476371e-21 1.231390277092883902e-18 8.490682086078748126e-16 3.449545336875470269e-13 8.257394074062673894e-11
1.440330840707382265e-11 2.418192313058398213e-09 2.392156375208287500e-07 1.394322862324770540e-05 4.788352816831320524e-04 9.689303115010261536e-03 1.155203729867935181e-01 8.115064501762390137e-01 3.358867645263671875e+00 8.191455841064453125e+00 1.177055549621582031e+01 9.965522766113281250e+00 4.971282482147216797e+00 1.461185336112976074e+00 2.530518174171447754e-01 2.582149952650070190e-02 1.552460948005318642e-03 5.499428516486659646e-05 1.147866100836836267e-06 1.411660832673078403e-08 1.022913420634097292e-10 4.367319765379018559e-13 1.098642178412058933e-15 1.628424460011572321e-18 1.422085940459806651e-21 7.317634980277610051e-25 2.218626277321645651e-28 3.963292639002196684e-32 1.414728389707747038e-33 9.635571956515170016e-30 3.866357673098236614e-26 9.141270944780599010e-23 1.273404744958406991e-19 1.045192467146401657e-16 5.054729421485881780e-14 1.440330840707382265e-11
2.373510893036168135e-12 4.743291315278952425e-10 5.585184936762743746e-08 3.874992216879036278e-06 1.583989651408046484e-04 3.815209725871682167e-03 5.414313822984695435e-02 4.527266621589660645e-01 2.230468750000000000e+00 6.474757194519042969e+00 1.107435417175292969e+01 1.116042804718017578e+01 6.626873016357421875e+00 2.318486928939819336e+00 4.779341816902160645e-01 5.804958939552307129e-02 4.154296126216650009e-03 1.751677336869761348e-04 4.351979441707953811e-06 6.370676430833555060e-08 5.494815713547041014e-10 2.792468513368451255e-12 8.361569595082603973e-15 1.475227653396061719e-17 1.533476856517099818e-20 9.392482437870781866e-24 3.389602035382536131e-27 7.207485307547055070e-31 9.017512186689175020e-35 5.582785664710577298e-31 2.666462911734755433e-27 7.504126135614449110e-24 1.244279974084356309e-20 1.215648120137325977e-17 6.997901607144751956e-15 2.373510893036168135e-12
3.695467868346236084e-13 8.790066591268796969e-11 1.231927360123563631e-08 1.017311319628788624e-06 4.949585490976460278e-05 1.418962026946246624e-03 2.396792173385620117e-02 2.385378777980804443e-01 1.398787736892700195e+00 4.832968711853027344e+00 9.838830947875976562e+00 1.180159187316894531e+01 8.340718269348144531e+00 3.473233938217163086e+00 8.521814942359924316e-01 1.231962218880653381e-01 1.049375161528587341e-02 5.266507505439221859e-04 1.557361247250810266e-05 2.713454989589081379e-07 2.785641939340166573e-09 1.684973167936920646e-11 6.005246755598492303e-14 1.261059475498650141e-16 1.560230785583905740e-19 1.137427615890692259e-22 4.885742223752294186e-26 1.236532938827718317e-29 1.843809358025813900e-33 3.057198965122124144e-32 1.737967848499791376e-28 5.821674165319152446e-25 1.148932161384043758e-21 1.336029348363877887e-18 9.154071408225619710e-16 3.695467868346236084e-13
5.434986906057218126e-14 1.538667110390079529e-11 2.566587387065055736e-09 2.522595536902372260e-07 1.460775547457160428e-05 4.984321421943604946e-04 1.002043671905994415e-02 1.186956241726875305e-01 8.284192085266113281e-01 3.406694889068603516e+00 8.254368782043457031e+00 1.178424549102783203e+01 9.912565231323242188e+00 4.912895679473876953e+00 1.434685468673706055e+00 2.468557655811309814e-01 2.502632327377796173e-02 1.494896365329623222e-03 5.261366459308192134e-05 1.091070998882059939e-06 1.333142485293592472e-08 9.597660166615895605e-11 4.071209515343898744e-13 1.017528609317092624e-15 1.498390426947317541e-18 1.300114665431685677e-21 6.646738362671085299e-25 2.002160658998513132e-28 3.553540287560502232e-32 1.581600833066509709e-33 1.070195861440599798e-29 4.266741560352832340e-26 1.002215973211596988e-22 1.387084693529452430e-19 1.131157708614342590e-16 5.434986906057218126e-14
7.546449461149056653e-15 2.542825325302366934e-12 5.048458318057669203e-10 5.905810240847131354e-08 4.070455361215863377e-06 1.653088256716728210e-04 3.955541178584098816e-03 5.576769262552261353e-02 4.632628560066223145e-01 2.267460823059082031e+00 6.539122581481933594e+00 1.111134338378906250e+01 1.112450218200683594e+01 6.562377929687500000e+00 2.280916452407836914e+00 4.671164155006408691e-01 5.636486038565635681e-02 4.007295239716768265e-03 1.678680418990552425e-04 4.143354090047068894e-06 6.025659615715994732e-08 5.163242056127614887e-10 2.606813202798985429e-12 7.754695899363315409e-15 1.359153285785374345e-17 1.403638257797257762e-20 8.541038041594966310e-24 3.062205115230383482e-27 6.468841332914075255e-31 8.038014299710974331e-35 6.221071103845493823e-31 2.952036722400583746e-27 8.253124321572832747e-24 1.359529497867721118e-20 1.319584604875532734e-17 7.546449461149056653e-15
9.898828303472515487e-16 3.969808965061105699e-13 9.380435317396518258e-11 1.306042207716018311e-08 1.071356791726429947e-06 5.178452192922122777e-05 1.474764081649482250e-03 2.474644593894481659e-02 2.446641325950622559e-01 1.425263524055480957e+00 4.892014026641845703e+00 9.893447875976562500e+00 1.178894233703613281e+01 8.276912689208984375e+00 3.423965930938720703e+00 8.345605134963989258e-01 1.198542863130569458e-01 1.014168933033943176e-02 5.056378431618213654e-04 1.485376014898065478e-05 2.570992023720464204e-07 2.622002837071590875e-09 1.575547678434041643e-11 5.578264561964356438e-14 1.163633481207664499e-16 1.430270630088109602e-19 1.035818860310242966e-22 4.419988268250911350e-26 1.111284373097886233e-29 1.646122983299175806e-33 3.416959305064872941e-32 1.929798896904266761e-28 6.421072374780970793e-25 1.258938196150164161e-21 1.454331065209986799e-18 9.898828303472515487e-16
1.225424402360967700e-16 5.849368976381177920e-14 1.645110436765406803e-11 2.726143311093665034e-09 2.661847133822448086e-07 1.531339330540504307e-05 5.190718220546841621e-04 1.036694552749395370e-02 1.219948977231979370e-01 8.458623886108398438e-01 3.455615043640136719e+00 8.318023681640625000e+00 1.179721641540527344e+01 9.858396530151367188e+00 4.854008674621582031e+00 1.408193469047546387e+00 2.407084852457046509e-01 2.424274384975433350e-02 1.438613864593207836e-03 5.030074316891841590e-05 1.036269281939894427e-06 1.257872916937685659e-08 8.996429989860388332e-11 3.791138139096900117e-13 9.413202080196759677e-16 1.377065881950210159e-18 1.187017305659057591e-21 6.028710216856341231e-25 1.804105727237507346e-28 3.181002911771490581e-32 1.770724466131376702e-33 1.190317992862993014e-29 4.714473433806617178e-26 1.100120932178725004e-22 1.512641016992198675e-19 1.225424402360967700e-16
1.431768080320893177e-17 8.134704525654748442e-15 2.723204040738780307e-12 5.371394440345511612e-10 6.242698447067596135e-08 4.274750608601607382e-06 1.724715693853795528e-04 4.100075922906398773e-03 5.742924660444259644e-02 4.739608764648437500e-01 2.304725885391235352e+00 6.603367805480957031e+00 1.114745521545410156e+01 1.108800697326660156e+01 6.498284339904785156e+00 2.243940830230712891e+00 4.565534591674804688e-01 5.473097413778305054e-02 3.865867620334029198e-03 1.608895981917157769e-04 3.945268417737679556e-06 5.700240279793433729e-08 4.852613866290766964e-10 2.434039515081254379e-12 7.193600099278385507e-15 1.252608038831297849e-17 1.285185509403524031e-20 7.769382192716824772e-24 2.767423433500439795e-27 5.808042355774469950e-31 8.647784201072655365e-35 6.928549902051732822e-31 3.266349452289552831e-27 9.072419480517271188e-24 1.484796792792213972e-20 1.431768080320893177e-17
1.580803361954164811e-18 1.068986284379264996e-15 4.259267363717483823e-13 9.999544248184832895e-11 1.383135739274621301e-08 1.127304358305991627e-06 5.413443432189524174e-05 1.531698042526841164e-03 2.553521096706390381e-02 2.508267164230346680e-01 1.451696038246154785e+00 4.950452804565429688e+00 9.946784019470214844e+00 1.177566909790039062e+01 8.214021682739257812e+00 3.375931262969970703e+00 8.175207972526550293e-01 1.166449189186096191e-01 9.806285612285137177e-03 4.857475287280976772e-04 1.417700150341261178e-05 2.437957391521194950e-07 2.470209814475765597e-09 1.474724509176184029e-11 5.187260600984615333e-14 1.075099612327174901e-16 1.312878191530349606e-19 9.446485646631677715e-23 4.004834809438798789e-26 1.000377665996109036e-29 1.472175716987393808e-33 3.812110547301416054e-32 2.138803944105329226e-28 7.071116933472175388e-25 1.377358713580576734e-21 1.580803361954164811e-18
1.649352000262193210e-19 1.327418551215614191e-16 6.294688078070653781e-14 1.758749743063781068e-11 2.895446105100063505e-09 2.808534702580800513e-07 1.605138095328584313e-05 5.405207630246877670e-04 1.072457339614629745e-02 1.253761053085327148e-01 8.636085987091064453e-01 3.505012989044189453e+00 8.381571769714355469e+00 1.180942726135253906e+01 9.803916931152343750e+00 4.795544624328613281e+00 1.382113575935363770e+00 2.346992790699005127e-01 2.348286285996437073e-02 1.384387491270899773e-03 4.808749145013280213e-05 9.841791097642271779e-07 1.186815268283680780e-08 8.432575471228886954e-11 3.530227867844237810e-13 8.707653281287081395e-16 1.265543634007009292e-18 1.083735546492590060e-21 5.468074660124820351e-25 1.625608373320510891e-28 2.847486364831612469e-32 1.982069350530600513e-33 1.323824660314131445e-29 5.208384485094941403e-26 1.207486415992242735e-22 1.649352000262193210e-19
1.625830925673791801e-20 1.557250882936819943e-17 8.788342063358999673e-15 2.922304759289673370e-12 5.725595553229823054e-10 6.609562319681572262e-08 4.495619577937759459e-06 1.801670005079358816e-04 4.254302009940147400e-03 5.919002741575241089e-02 4.852174520492553711e-01 2.343662261962890625e+00 6.669857025146484375e+00 1.118421173095703125e+01 1.104998397827148438e+01 6.432584762573242188e+00 2.206362724304199219e+00 4.458929896354675293e-01 5.309522151947021484e-02 3.725189249962568283e-03 1.539954100735485554e-04 3.750897121790330857e-06 5.383077805731772969e-08 4.551888310722063125e-10 2.267889435275671772e-12 6.657364716195369320e-15 1.151508370003841700e-17 1.173537371679675983e-20 7.046878689121194038e-24 2.493218194703334897e-27 5.197489649561893161e-31 9.726869074056432712e-35 7.741699059628530864e-31 3.624872096644925353e-27 1.000143256960346883e-23 1.625830925673791801e-20
1.514278309539235155e-21 1.726060930409422081e-18 1.159248656337525003e-15 4.587346127959968101e-13 1.069618213445089339e-10 1.469424137923169837e-08 1.189421141134516802e-06 5.672693077940493822e-05 1.594084664247930050e-03 2.639375254511833191e-02 2.574885487556457520e-01 1.480082750320434570e+00 5.012757301330566406e+00 1.000310134887695312e+01 1.176143455505371094e+01 8.148041725158691406e+00 3.325934648513793945e+00 7.999029159545898438e-01 1.133525967597961426e-01 9.464400820434093475e-03 4.656092496588826180e-04 1.349640842818189412e-05 2.305059467744285939e-07 2.319606728917733562e-09 1.375345497212077106e-11 4.804679196819192089e-14 9.889999705533063516e-17 1.199489824125229109e-19 8.571601668506849191e-23 3.609088561490287527e-26 8.953713010665328740e-30 1.308685023939153006e-33 4.278158792571928382e-32 2.383876844339903649e-28 7.827452117494793351e-25 1.514278309539235155e-21
1.331543691689257734e-22 1.806291556165201325e-19 1.443722659969632043e-16 6.799306939957866502e-14 1.886605108247785267e-11 3.084565047828391471e-09 2.971383423755469266e-07 1.686524410615675151e-05 5.640186136588454247e-04 1.111377868801355362e-02 1.290320605039596558e-01 8.826745748519897461e-01 3.557739496231079102e+00 8.449109077453613281e+00 1.182265853881835938e+01 9.747356414794921875e+00 4.735064983367919922e+00 1.355278968811035156e+00 2.285606861114501953e-01 2.271129749715328217e-02 1.329687191173434258e-03 4.586954673868604004e-05 9.323271115135867149e-07 1.116546588519895522e-08 7.878446506293101947e-11 3.275556909043686460e-13 8.024105104391149497e-16 1.158174453124284040e-18 9.849665260878681233e-22 4.935532905418548517e-25 1.457192058956166375e-28 2.534783708614569190e-32 2.231632678681926262e-33 1.480133435527153318e-29 5.783553448150478577e-26 1.331543691689257734e-22
1.105584772134902984e-23 1.784876431717571640e-20 1.697805412621830406e-17 9.515632503958801336e-15 3.142442903114606167e-12 6.114356798647690994e-10 7.009709435124023003e-08 4.734976755571551621e-06 1.884528901427984238e-04 4.419321194291114807e-03 6.106260418891906738e-02 4.971268177032470703e-01 2.384629249572753906e+00 6.739717960357666016e+00 1.122354698181152344e+01 1.101250267028808594e+01 6.366626739501953125e+00 2.168686389923095703e+00 4.352650046348571777e-01 5.147286504507064819e-02 3.586492966860532761e-03 1.472412550356239080e-04 3.561687208275543526e-06 5.076328335462676478e-08 4.262976083246883263e-10 2.109245720791075307e-12 6.149264379488351973e-15 1.056292602309597748e-17 1.069092813868428404e-20 6.375463001039033859e-24 2.240155814835713074e-27 4.637791650152330503e-31 1.097815525985791037e-34 8.676578650594562368e-31 4.035022759833497630e-27 1.105584772134902984e-23
8.668141677226891395e-25 1.665440820696095153e-21 1.885388634289053214e-18 1.257633862501716937e-15 4.942466791738042708e-13 1.144541406095100911e-10 1.561607732014635985e-08 1.255389179277699441e-06 5.946388409938663244e-05 1.659569330513477325e-03 2.729005739092826843e-02 2.644122838973999023e-01 1.509489059448242188e+00 5.077389717102050781e+00 1.006279182434082031e+01 1.175070571899414062e+01 8.084942817687988281e+00 3.277588367462158203e+00 7.828904390335083008e-01 1.101831197738647461e-01 9.136850945651531219e-03 4.464217054191976786e-04 1.285172675125068054e-05 2.179946250180364586e-07 2.178634606053719835e-09 1.282930272433757679e-11 4.451292307840193363e-14 9.099987295752248566e-17 1.096122362100276408e-19 7.779424392040288252e-23 3.253137881019847495e-26 8.014896642098619361e-30 1.163448472462236117e-33 4.803089606990243031e-32 2.658201972276046653e-28 8.668141677226891395e-25
6.417384696568095445e-26 1.467438551021146819e-22 1.977083931636029137e-19 1.569563300918549249e-16 7.341154593942800233e-14 2.023244245752398029e-11 3.285362204508146533e-09 3.143300375541002722e-07 1.771977258613333106e-05 5.885669961571693420e-04 1.151866279542446136e-02 1.328237056732177734e-01 9.024450778961181641e-01 3.612666130065917969e+00 8.521229743957519531e+00 1.184251976013183594e+01 9.697362899780273438e+00 4.678729057312011719e+00 1.330059289932250977e+00 2.227826118469238281e-01 2.198665589094161987e-02 1.278511364944279194e-03 4.380440077511593699e-05 8.842953320709057152e-07 1.051803266705064743e-08 7.371346588680438572e-11 3.043892449292734392e-13 7.405869520475628562e-16 1.061682283706324825e-18 8.967675854808346012e-22 4.463018535218938050e-25 1.308652545324113374e-28 2.261150370388630871e-32 2.510360021677152964e-33 1.653565232578546769e-29 6.417384696568095445e-26
4.486917184194685489e-27 1.221092468004441284e-23 1.958036353197891071e-20 1.850012601031997880e-17 1.029822149052010000e-14 3.377897137349372692e-12 6.528083629220304829e-10 7.433447990479180589e-08 4.987279680790379643e-06 1.971531892195343971e-04 4.592107608914375305e-03 6.302128732204437256e-02 5.096061229705810547e-01 2.427971363067626953e+00 6.815848350524902344e+00 1.127362918853759766e+01 1.098689651489257812e+01 6.308871746063232422e+00 2.134501934051513672e+00 4.255093336105346680e-01 4.997916519641876221e-02 3.458884544670581818e-03 1.410427794326096773e-04 3.388699951756279916e-06 4.797024288905049616e-08 4.001162179356754223e-10 1.966394061470033705e-12 5.694055321106734902e-15 9.714912039635189255e-18 9.766211299683890372e-21 5.784646809365114899e-24 2.018735886175390219e-27 4.151325538205775369e-31 1.237508106312894233e-34 9.714400983839504879e-31 4.486917184194685489e-27
2.962843404208032184e-28 9.596716751295465075e-25 1.831478042594704615e-21 2.059519665808509900e-18 1.364468857589480957e-15 5.326728641508182704e-13 1.225201884391680096e-10 1.660443160744762281e-08 1.325886728409386706e-06 6.238170317374169827e-05 1.729319803416728973e-03 2.824620530009269714e-02 2.718430459499359131e-01 1.541477680206298828e+00 5.150192737579345703e+00 1.013858890533447266e+01 1.175977134704589844e+01 8.036853790283203125e+00 3.236242532730102539e+00 7.678272128105163574e-01 1.073379814624786377e-01 8.841190487146377563e-03 4.290771903470158577e-04 1.226952008437365294e-05 2.067169901920351549e-07 2.052117586970325647e-09 1.200319531269311568e-11 4.136724600020680320e-14 8.400123676105422741e-17 1.005031811329259175e-19 7.085067761087305307e-23 2.942751313396907341e-26 7.202356578674643396e-30 1.038369261379021351e-33 5.389692144777273582e-32 2.962843404208032184e-28
1.848284874973049198e-29 7.125164259279195723e-26 1.618406333441274821e-22 2.166049982152529813e-19 1.707974704898108324e-16 7.935866590605411552e-14 2.172484414586506318e-11 3.504188050840184587e-09 3.330325171191361733e-07 1.864883779489900917e-05 6.152978166937828064e-04 1.196152903139591217e-02 1.370126903057098389e-01 9.246878027915954590e-01 3.677028179168701172e+00 8.615222930908203125e+00 1.189332771301269531e+01 9.674010276794433594e+00 4.636358261108398438e+00 1.309227228164672852e+00 2.178313881158828735e-01 2.135467901825904846e-02 1.233485527336597443e-03 4.197993621346540749e-05 8.417960088991094381e-07 9.945974710490190773e-09 6.924000262031881903e-11 2.840089816970314818e-13 6.863983368843242124e-16 9.774372470402491681e-19 8.200998475548618071e-22 4.054071562838168241e-25 1.180930408460942005e-28 2.026664373591333339e-32 2.824752965302281766e-33 1.848284874973049198e-29
1.089429356432482906e-30 4.998600177749430697e-27 1.351349969535439975e-23 2.152537857599505395e-20 2.020320817350540748e-17 1.117219601472771787e-14 3.640205758353998178e-12 6.988412071251559610e-10 7.904972676442412194e-08 5.268509084999095649e-06 2.068919711746275425e-04 4.787116311490535736e-03 6.526245176792144775e-02 5.242281556129455566e-01 2.481102943420410156e+00 6.918889999389648438e+00 1.136830520629882812e+01 1.100580120086669922e+01 6.277901649475097656e+00 2.109963178634643555e+00 4.178327918052673340e-01 4.875261709094047546e-02 3.351662540808320045e-03 1.357659057248383760e-04 3.240320211261860095e-06 4.556602206662319077e-08 3.775485202250905559e-10 1.843201372780933767e-12 5.301968852020402800e-15 8.986108017333093161e-18 8.973694724675663013e-21 5.280085852359419201e-24 1.830455626661132971e-27 3.739229662451564064e-31 1.397418271119179195e-34 1.089429356432482906e-30
6.071683404271243415e-32 3.315719029373466893e-28 1.066872251515132312e-24 2.022725794898337525e-21 2.259385526955410105e-18 1.487117110769535511e-15 5.767004712317613802e-13 1.317724818150622923e-10 1.774043667523983459e-08 1.407254330842988566e-06 6.577309977728873491e-05 1.811302849091589451e-03 2.939054742455482483e-02 2.809856832027435303e-01 1.582808017730712891e+00 5.253389358520507812e+00 1.027350139617919922e+01 1.183762168884277344e+01 8.036684036254882812e+00 3.214821338653564453e+00 7.577121257781982422e-01 1.052250564098358154e-01 8.609967306256294250e-03 4.150985623709857464e-04 1.179120590677484870e-05 1.973521648324094713e-07 1.946220740123294490e-09 1.130866667670149539e-11 3.871662918649571017e-14 7.809962734528849574e-17 9.282651207108193749e-20 6.500404447815838673e-23 2.682348944881033548e-26 6.521046071469121767e-30 9.340423928691163324e-34 6.071683404271243415e-32
3.199613338333709037e-33 2.079763598695166317e-29 7.964779735585028783e-26 1.797236683033808959e-22 2.389572019746316065e-19 1.871897153062190822e-16 8.639969165460947842e-14 2.349691621827965093e-11 3.765091349805516074e-09 3.554753220669226721e-07 1.977467763936147094e-05 6.481657037511467934e-04 1.251755468547344208e-02 1.424364298582077026e-01 9.549710750579833984e-01 3.772478818893432617e+00 8.780729293823242188e+00 1.204209709167480469e+01 9.730600357055664062e+00 4.632812500000000000e+00 1.299622297286987305e+00 2.148113399744033813e-01 2.092013135552406311e-02 1.200436148792505264e-03 4.058649938087910414e-05 8.085024774118210189e-07 9.489770746995418449e-09 6.562966836654027247e-11 2.674309070634789398e-13 6.420795613807294897e-16 9.083127617789131500e-19 7.570893744910545107e-22 3.718011393795293817e-25 1.075913781935880906e-28 1.834267833645990929e-32 3.199613338333709037e-33
1.594374530692487220e-34 1.234499935453903381e-30 5.626945607313454963e-27 1.511196854760373597e-23 2.391430526561660794e-20 2.229673943815056649e-17 1.224884434738960845e-14 3.964717443238896522e-12 7.561327119987026890e-10 8.496766668031341396e-08 5.625669473374728113e-06 2.194685221184045076e-04 5.044607445597648621e-03 6.832031905651092529e-02 5.451797246932983398e-01 2.563286304473876953e+00 7.101040840148925781e+00 1.159084129333496094e+01 1.114739704132080078e+01 6.316833496093750000e+00 2.109079122543334961e+00 4.149098396301269531e-01 4.809300974011421204e-02 3.284568665549159050e-03 1.321726304013282061e-04 3.133731297566555440e-06 4.377825035817295429e-08 3.603488618608707839e-10 1.747647165872834307e-12 4.994059670199255813e-15 8.408568859287344132e-18 8.341688347006802554e-21 4.875688931072351035e-24 1.679292659407084288e-27 3.407533368513934264e-31 1.594374530692487220e-34
8.528179372792040573e-34 6.933907922852215891e-32 3.761755737808800974e-28 1.202460283397935684e-24 2.264839904215796485e-21 2.513330388599495878e-18 1.643344079319355479e-15 6.331086913405337135e-13 1.437120422664861508e-10 1.922106207530305255e-08 1.514703171778819524e-06 7.033236033748835325e-05 1.924148877151310444e-03 3.101633116602897644e-02 2.945843935012817383e-01 1.648527979850769043e+00 5.435636043548583984e+00 1.056022071838378906e+01 1.208817291259765625e+01 8.152968406677246094e+00 3.239950180053710938e+00 7.586271762847900391e-01 1.046612560749053955e-01 8.507674559950828552e-03 4.074773169122636318e-04 1.149883428297471255e-05 1.911960509914933937e-07 1.873151411757589813e-09 1.081272831687796199e-11 3.677572433863005030e-14 7.369866914448176560e-17 8.702017592240277986e-20 6.053880145379433858e-23 2.481718967747184252e-26 5.993677928289094646e-30 8.528179372792040573e-34
1.690560563585295373e-32 3.688218585512531798e-33 2.381597596528687499e-29 9.061397466645716635e-26 2.031167136698730660e-22 2.682899312245569478e-19 2.087901804268368130e-16 9.573795207128144025e-14 2.586569673723726481e-11 4.117499230460452964e-09 3.861961772599897813e-07 2.134279566234908998e-05 6.949759554117918015e-04 1.333358325064182281e-02 1.507270038127899170e-01 1.003928661346435547e+00 3.939870119094848633e+00 9.110244750976562500e+00 1.241202640533447266e+01 9.963752746582031250e+00 4.712707996368408203e+00 1.313365697860717773e+00 2.156594097614288330e-01 2.086499333381652832e-02 1.189398579299449921e-03 3.994953294750303030e-05 7.906085102149518207e-07 9.218949159617295663e-09 6.333855662177256818e-11 2.564011286274037182e-13 6.115651994558933199e-16 8.594354348649790132e-19 7.116810261735950469e-22 3.472064778108078625e-25 9.981029621758554237e-29 1.690560563585295373e-32
3.172747179846795491e-31 1.857110834248211386e-34 1.428320428113529631e-30 6.467670265192859520e-27 1.725678668559104055e-23 2.712817659519788220e-20 2.512723568902126977e-17 1.371310258001159216e-14 4.409583809206196747e-12 8.354579250635651988e-10 9.326547001364815515e-08 6.134701379778562114e-06 2.377509081270545721e-04 5.428979173302650452e-03 7.304358482360839844e-02 5.790465474128723145e-01 2.704657554626464844e+00 7.443554878234863281e+00 1.207014942169189453e+01 1.153220844268798828e+01 6.492018699645996094e+00 2.153349399566650391e+00 4.208397269248962402e-01 4.846032708883285522e-02 3.287936095148324966e-03 1.314373075729236007e-04 3.095924057561205700e-06 4.296621369803688140e-08 3.513451474201900737e-10 1.692807569467214002e-12 4.805586369105701444e-15 8.038165652792223870e-18 7.921597725897071711e-21 4.600166638149429126e-24 1.573854543113694041e-27 3.172747179846795491e-31
5.638743709708025341e-30 7.970086797445273762e-34 8.113483590060558381e-32 4.372940457492854432e-28 1.388543400431549175e-24 2.598095948053066134e-21 2.864152575634260870e-18 1.860404107108032043e-15 7.120057039615435013e-13 1.605569288631869540e-10 2.133243626190051145e-08 1.670015308263828047e-06 7.703291339566931129e-05 2.093581249937415123e-03 3.352513909339904785e-02 3.163141906261444092e-01 1.758467197418212891e+00 5.759963989257812500e+00 1.111652374267578125e+01 1.264112186431884766e+01 8.469734191894531250e+00 3.343654632568359375e+00 7.777509689331054688e-01 1.065926030278205872e-01 8.607434108853340149e-03 4.095381591469049454e-04 1.148105911852326244e-05 1.896428614145406755e-07 1.845696040447819541e-09 1.058397987308001831e-11 3.576079590870279157e-14 7.118929433357149830e-17 8.350717863498128475e-20 5.771183951384432067e-23 2.350125721325444261e-26 5.638743709708025341e-30
9.482816822976096404e-29 1.595475560231249800e-32 4.366442459080513126e-33 2.800806492043227338e-29 1.058556178459905558e-25 2.357147686801102444e-22 3.092654085419251495e-19 2.390788080712297117e-16 1.088974288347699382e-13 2.922570865870888213e-11 4.621434790408329718e-09 4.305938432480616029e-07 2.363820021855644882e-05 7.645892910659313202e-04 1.457166112959384918e-02 1.636280715465545654e-01 1.082615375518798828e+00 4.220468521118164062e+00 9.694164276123046875e+00 1.311981201171875000e+01 1.046194076538085938e+01 4.915463447570800781e+00 1.360767841339111328e+00 2.219583094120025635e-01 2.133171446621417999e-02 1.207923516631126404e-03 4.030206764582544565e-05 7.922899385448545218e-07 9.177105297908383363e-09 6.263214252788529279e-11 2.518579962640377090e-13 5.967330172747600803e-16 8.330185948224855214e-19 6.852240198076754999e-22 3.320797741303555032e-25 9.482816822976096404e-29
1.508278747030247486e-27 3.020160725045087474e-31 2.223554552933380881e-34 1.698590653491878370e-30 7.640147911572631776e-27 2.024719744965923121e-23 3.161488501704219894e-20 2.908640334210832825e-17 1.576710326699464620e-14 5.035949955656260357e-12 9.477221230014265529e-10 1.050892350917820295e-07 6.865771865705028176e-06 2.642949984874576330e-04 5.994538776576519012e-03 8.011052757501602173e-02 6.307994127273559570e-01 2.926603317260742188e+00 8.000167846679687500e+00 1.288551712036132812e+01 1.222846984863281250e+01 6.837695121765136719e+00 2.252759695053100586e+00 4.373081922531127930e-01 5.001817643642425537e-02 3.370757214725017548e-03 1.338447182206436992e-04 3.131426183244911954e-06 4.316696333717118250e-08 3.506114287787909234e-10 1.677917678931384327e-12 4.731326567103443306e-15 7.860368143207625889e-18 7.694955892612510752e-21 4.438126325177528481e-24 1.508278747030247486e-27
2.267006128636788834e-26 5.402193621237816676e-30 7.582547432143281908e-34 9.745879664609609998e-32 5.216333587606704724e-28 1.645200676451789503e-24 3.057144837309483909e-21 3.347224605799157064e-18 2.159321187161127378e-15 8.207619154633472025e-13 1.838176694191062666e-10 2.425618461643352930e-08 1.885981191662722267e-06 8.639873703941702843e-05 2.332086674869060516e-03 3.708934038877487183e-02 3.475532829761505127e-01 1.918956160545349121e+00 6.242674827575683594e+00 1.196586227416992188e+01 1.351402854919433594e+01 8.992759704589843750e+00 3.525889396667480469e+00 8.145391345024108887e-01 1.108706966042518616e-01 8.891880512237548828e-03 4.201823030598461628e-04 1.169901042885612696e-05 1.919236751746211667e-07 1.855130049577269347e-09 1.056548425137915359e-11 3.545321114050044298e-14 7.010018201696987909e-17 8.166162236610183974e-20 5.605317426363937948e-23 2.267006128636788834e-26
3.216492333743936917e-25 9.121240327804406261e-29 1.524020344317433851e-32 5.283963921697295313e-33 3.365670008596405004e-29 1.263224661205299782e-25 2.793422098614917191e-22 3.639633727818476615e-19 2.794123464975521547e-16 1.263873581529642576e-13 3.368430534500532758e-11 5.289575888411945925e-09 4.894283733847260009e-07 2.668185334187000990e-05 8.570544305257499218e-04 1.622066646814346313e-02 1.808824539184570312e-01 1.188490986824035645e+00 4.601053714752197266e+00 1.049509048461914062e+01 1.410530471801757812e+01 1.116982173919677734e+01 5.211676597595214844e+00 1.432768940925598145e+00 2.320796549320220947e-01 2.214976772665977478e-02 1.245572231709957123e-03 4.127021020394749939e-05 8.056945262069348246e-07 9.267731471140905342e-09 6.281220682469168537e-11 2.508220952983364338e-13 5.901816409442216943e-16 8.181604147682900463e-19 6.683099332319741922e-22 3.216492333743936917e-25
4.302516796835057836e-24 1.451893103455427944e-27 2.886809119404754713e-31 2.702875690628111521e-34 2.049736959076857936e-30 9.154673797563488140e-27 2.409005761879648901e-23 3.735062970149305190e-20 3.412150136155536089e-17 1.836637463750907806e-14 5.824861426528826769e-12 1.088473311483539874e-09 1.198471295538183767e-07 7.774845471431035548e-06 2.971830253954976797e-04 6.693040486425161362e-03 8.881576359272003174e-02 6.944313049316406250e-01 3.199114799499511719e+00 8.683560371398925781e+00 1.388779449462890625e+01 1.308688354492187500e+01 7.266188621520996094e+00 2.377084016799926758e+00 4.581893682479858398e-01 5.203750729560852051e-02 3.482215106487274170e-03 1.372971746604889631e-04 3.189594735886203125e-06 4.365941919104443514e-08 3.521154201546750073e-10 1.673204435247155342e-12 4.684973112581425347e-15 7.728594962905478369e-18 7.512347694455760429e-21 4.302516796835057836e-24
5.417329348294874128e-23 2.175269155004967159e-26 5.146390251854811863e-30 7.172741632442823506e-34 1.177236315900771056e-31 6.256186979487608171e-28 1.958914388202015714e-24 3.613998948271060798e-21 3.928520611391968806e-18 2.516171085641680585e-15 9.495451300245427717e-13 2.111414793004584567e-10 2.766199358461562952e-08 2.135316208295989782e-06 9.711967868497595191e-05 2.602675231173634529e-03 4.109607636928558350e-02 3.823429346084594727e-01 2.095882415771484375e+00 6.769370079040527344e+00 1.288240718841552734e+01 1.444485855102539062e+01 9.543265342712402344e+00 3.714908599853515625e+00 8.520535230636596680e-01 1.151454895734786987e-01 9.168518707156181335e-03 4.301494918763637543e-04 1.189066824736073613e-05 1.936692513027082896e-07 1.858589948611211184e-09 1.050926966977838717e-11 3.501177483784118083e-14 6.873107898918641065e-17 7.949305206802043742e-20 5.417329348294874128e-23
6.415554063979287302e-22 3.065216668773262470e-25 8.628891985702607561e-29 1.431147180521254265e-32 6.364943383925686058e-33 4.025010620424606145e-29 1.499582549330037135e-25 3.291903935712798728e-22 4.257821213249329123e-19 3.244873371345877557e-16 1.457046153651928022e-13 3.854928876112495573e-11 6.009527542261139388e-09 5.519740966519748326e-07 2.987191328429616988e-05 9.525237837806344032e-04 1.789599098265171051e-02 1.981108784675598145e-01 1.292176723480224609e+00 4.965955734252929688e+00 1.124478721618652344e+01 1.500262069702148438e+01 1.179371070861816406e+01 5.462624073028564453e+00 1.490787148475646973e+00 2.397177219390869141e-01 2.271182090044021606e-02 1.267859828658401966e-03 4.170208558207377791e-05 8.081869964371435344e-07 9.228578790043684421e-09 6.208828590148485205e-11 2.461389111193396095e-13 5.748931197627552003e-16 7.911865719808186595e-19 6.415554063979287302e-22
7.139255310864533203e-21 4.058502791758020970e-24 1.359400125283236503e-27 2.682669479056773962e-31 3.235219429562100757e-34 2.435334465016640973e-30 1.079575254020002977e-26 2.819771946115471516e-23 4.339554929575693788e-20 3.934955745685386340e-17 2.102339840843320262e-14 6.618130522773046920e-12 1.227572044015801112e-09 1.341563802270684391e-07 8.638605322630610317e-06 3.277506912127137184e-04 7.326729595661163330e-03 9.650531411170959473e-02 7.489486932754516602e-01 3.424683094024658203e+00 9.226907730102539062e+00 1.464736270904541016e+01 1.370030403137207031e+01 7.550373077392578125e+00 2.451718330383300781e+00 4.690751433372497559e-01 5.287880077958106995e-02 3.512271679937839508e-03 1.374555286020040512e-04 3.169599494867725298e-06 4.306385648078503436e-08 3.447290231051169940e-10 1.626055193271191968e-12 4.518876727888435085e-15 7.399572293733935869e-18 7.139255310864533203e-21
7.459578741253705720e-20 5.045489978743725473e-23 2.010739887269481069e-26 4.721484590981723794e-30 6.530860187111428672e-34 1.384725527401419915e-31 7.303530312922233578e-28 2.269707638273500588e-24 4.156015103098184279e-21 4.483799511973303307e-18 2.850265443994247014e-15 1.067594146766936980e-12 2.356023709459975635e-10 3.063509623757454392e-08 2.347073859709780663e-06 1.059501373674720526e-04 2.818016102537512779e-03 4.416316002607345581e-02 4.077895581722259521e-01 2.218602180480957031e+00 7.111977577209472656e+00 1.343287086486816406e+01 1.494908618927001953e+01 9.802299499511718750e+00 3.787117481231689453e+00 8.620899915695190430e-01 1.156290546059608459e-01 9.137948043644428253e-03 4.254982341080904007e-04 1.167387654277263209e-05 1.887115388399251970e-07 1.797425874805469448e-09 1.008684802350501286e-11 3.335466329675539077e-14 6.498210454719397693e-17 7.459578741253705720e-20
7.313108965460146130e-19 5.884965966692145091e-22 2.790289522099523238e-25 7.795154505364942676e-29 1.283036508622378420e-32 7.399274822209632851e-33 4.643207651036173530e-29 1.716734262862488107e-25 3.739884286053624278e-22 4.800465136769069265e-19 3.630560294757466605e-16 1.617883615707277345e-13 4.247870111218077227e-11 6.571498900598271575e-09 5.989943474560277537e-07 3.216991171939298511e-05 1.017991919070482254e-03 1.898074336349964142e-02 2.085165679454803467e-01 1.349696159362792969e+00 5.147531032562255859e+00 1.156722927093505859e+01 1.531535720825195312e+01 1.194792175292968750e+01 5.491931915283203125e+00 1.487377643585205078e+00 2.373490184545516968e-01 2.231626585125923157e-02 1.236296375282108784e-03 4.035446181660518050e-05 7.761194069644261617e-07 8.794895478558828472e-09 5.872025088393684200e-11 2.310150226496332504e-13 5.354660654086724689e-16 7.313108965460146130e-19
6.729529114196075478e-18 6.442650489440542792e-21 3.634261285539213031e-24 1.207845038692510578e-27 2.365471497343316091e-31 3.712040805051410876e-34 2.772479974606490635e-30 1.219540749021587608e-26 3.160780107135686322e-23 4.826797268346958498e-20 4.343040999549237268e-17 2.302460861401157965e-14 7.192428944091666665e-12 1.323759990512485274e-09 1.435529384252731688e-07 9.172355930786579847e-06 3.453168901614844799e-04 7.660013623535633087e-03 1.001151576638221741e-01 7.709699869155883789e-01 3.498184204101562500e+00 9.352235794067382812e+00 1.473179244995117188e+01 1.367298412322998047e+01 7.477151393890380859e+00 2.409225225448608398e+00 4.573893547058105469e-01 5.116371810436248779e-02 3.372145583853125572e-03 1.309535437030717731e-04 2.996370540131465532e-06 4.039516099396678328e-08 3.208893151196434701e-10 1.501829151491496095e-12 4.141602323950738934e-15 6.729529114196075478e-18
5.812486329591308302e-17 6.620129360005897397e-20 4.442588201343549046e-23 1.756524376106956833e-26 4.092439759958395304e-30 5.615246515091832594e-34 1.555975658659438637e-31 8.142522693113159035e-28 2.510604656698782931e-24 4.561045220945768005e-21 4.882237937379377060e-18 3.079240896010186634e-15 1.144322375572215389e-12 2.505556317977664094e-10 3.232412382203619927e-08 2.457081109241698869e-06 1.100467488868162036e-04 2.904098713770508766e-03 4.515479132533073425e-02 4.136790633201599121e-01 2.233010292053222656e+00 7.102077484130859375e+00 1.330906486511230469e+01 1.469525432586669922e+01 9.560319900512695312e+00 3.664676666259765625e+00 8.276872634887695312e-01 1.101448908448219299e-01 8.636338636279106140e-03 3.989913384430110455e-04 1.086085285351146013e-05 1.741891679785112501e-07 1.646142888667156967e-09 9.165512099285066938e-12 3.006936469566665049e-14 5.812486329591308302e-17
4.714401684146999911e-16 6.387354273284939838e-19 5.099004030634511877e-22 2.398253755374428869e-25 6.646832016792420961e-29 1.085307779364912260e-32 8.216638656006586663e-33 5.115000302100284213e-29 1.876102531385082169e-25 4.054486054023598517e-22 5.162779033861303762e-19 3.873451492245169516e-16 1.712357469360603623e-13 4.460079527923710430e-11 6.844774524950025807e-09 6.189302439452148974e-07 3.297560397186316550e-05 1.035187975503504276e-03 1.914712600409984589e-02 2.086675018072128296e-01 1.339905381202697754e+00 5.069449424743652344e+00 1.130094814300537109e+01 1.484350395202636719e+01 1.148746395111083984e+01 5.238166332244873047e+00 1.407348871231079102e+00 2.227880656719207764e-01 2.078020386397838593e-02 1.142022782005369663e-03 3.698001819429919124e-05 7.055299420244409703e-07 7.931480361378362431e-09 5.253333532073689582e-11 2.050201642570664839e-13 4.714401684146999911e-16
3.594728630566682362e-15 5.793293009684056635e-18 5.501190109281269361e-21 3.077877294656380794e-24 1.014606665129422830e-27 1.970738613546230631e-31 4.084846542527295410e-34 3.025760450993986622e-30 1.320110807750346902e-26 3.393553712060319513e-23 5.140092894703698066e-20 4.587421916232923679e-17 2.412200586574941158e-14 7.473558230608468023e-12 1.364302559814234428e-09 1.467435737367850379e-07 9.299841622123494744e-06 3.472711541689932346e-04 7.640454918146133423e-03 9.904589504003524780e-02 7.565225362777709961e-01 3.404666423797607422e+00 9.028064727783203125e+00 1.410529994964599609e+01 1.298486614227294922e+01 7.043000221252441406e+00 2.250848770141601562e+00 4.238406121730804443e-01 4.702472314238548279e-02 3.074096282944083214e-03 1.184065331472083926e-04 2.687209416762925684e-06 3.593219588537976961e-08 2.831110346157572621e-10 1.314226505400029055e-12 3.594728630566682362e-15
2.331476822042301278e-14 4.428986388682476928e-17 4.957327015242679822e-20 3.269172435412312140e-23 1.270382372139895166e-26 2.908438967776269329e-30 3.921591499362196013e-34 1.964458417427527477e-31 1.010255315309571529e-27 3.061182631319188521e-24 5.465343058057676165e-21 5.749224548959987809e-18 3.563589581843246146e-15 1.301406790492343202e-12 2.800324694351985499e-10 3.550338689706222794e-08 2.652156808835570700e-06 1.167362497653812170e-04 3.027392551302909851e-03 4.625924676656723022e-02 4.164824187755584717e-01 2.209337711334228516e+00 6.905496120452880859e+00 1.271730899810791016e+01 1.379947280883789062e+01 8.822596549987792969e+00 3.323515892028808594e+00 7.376776933670043945e-01 9.647242724895477295e-02 7.433729711920022964e-03 3.375032392796128988e-04 9.028308340930379927e-06 1.423057085503387498e-07 1.321547427046709799e-09 7.231425094150756294e-12 2.331476822042301278e-14
1.499640662301279792e-13 3.371658321682085300e-16 4.466510093002449630e-19 3.486087664222595957e-22 1.603306665010120517e-25 4.344303925520382146e-29 6.935835439713976737e-33 1.128560314408609108e-32 6.869260073482133314e-29 2.463473816789707547e-25 5.205383375207630926e-22 6.480760025042310569e-19 4.754274171952219998e-16 2.054913314161743720e-13 5.233206923360711471e-11 7.852537287078575901e-09 6.942587447156256530e-07 3.616660251282155514e-05 1.110072713345289230e-03 2.007533796131610870e-02 2.139151841402053833e-01 1.343036055564880371e+00 4.968225479125976562e+00 1.082885265350341797e+01 1.390692043304443359e+01 1.052314662933349609e+01 4.691674232482910156e+00 1.232473254203796387e+00 1.907631307840347290e-01 1.739718765020370483e-02 9.348275489173829556e-04 2.959654739242978394e-05 5.521257548934954684e-07 6.068480384868735200e-09 3.930075709313030075e-11 1.499640662301279792e-13
9.355981701181237398e-13 2.495133116572488714e-15 3.920706236145180354e-18 3.629832509976775540e-21 1.980214815934340865e-24 6.364460835031114183e-28 1.205319463689090916e-31 5.906567994359173895e-34 4.265692957100102221e-30 1.814596094310889625e-26 4.548139683728292956e-23 6.716752456605187271e-20 5.844713286256374260e-17 2.996555911391474147e-14 9.052009142251904450e-12 1.611153432889977921e-09 1.689645472424672334e-07 1.044075270328903571e-05 3.801225393544882536e-04 8.154245093464851379e-03 1.030650287866592407e-01 7.675491571426391602e-01 3.367972612380981445e+00 8.707597732543945312e+00 1.326465702056884766e+01 1.190582275390625000e+01 6.296371459960937500e+00 1.961952924728393555e+00 3.602089583873748779e-01 3.896617144346237183e-02 2.483637072145938873e-03 9.327126463176682591e-05 2.063919055217411369e-06 2.690810418926048442e-08 2.067060689281419172e-10 9.355981701181237398e-13
5.525539227557718647e-12 1.747866547406173171e-14 3.257663899721662513e-17 3.577469553821468049e-20 2.314671250478423602e-23 8.824550916168049797e-27 1.982269225712542580e-30 2.621883441090234727e-34 2.510805857297061088e-31 1.266857939600965969e-27 3.766264536253465820e-24 6.597540059141097224e-21 6.809264362162512028e-18 4.140792136936690196e-15 1.483662801990415225e-12 3.132248072024168550e-10 3.896209932463534642e-08 2.855667844414710999e-06 1.233185466844588518e-04 3.137740073725581169e-03 4.704049974679946899e-02 4.155231118202209473e-01 2.162648439407348633e+00 6.631990909576416016e+00 1.198310661315917969e+01 1.275739192962646484e+01 8.002413749694824219e+00 2.957654476165771484e+00 6.440826654434204102e-01 8.264245837926864624e-02 6.247873418033123016e-03 2.783097152132540941e-04 7.304357040993636474e-06 1.129597109184032888e-07 1.029223040127646982e-09 5.525539227557718647e-12
3.093203471138394889e-11 1.160543286905096894e-13 2.565567506026709618e-16 3.341584784985193952e-19 2.564630474213222415e-22 1.159646731311715169e-25 3.089690867949897937e-29 4.850210914347686806e-33 1.401530012605111320e-32 8.387699954676594942e-29 2.957626148581464604e-25 6.144887683244543853e-22 7.522654494135141866e-19 5.425963887586591691e-16 2.305939185258398805e-13 5.774138805980655320e-11 8.519125849204556289e-09 7.405958513118093833e-07 3.793333235080353916e-05 1.144800335168838501e-03 2.035660669207572937e-02 2.132790237665176392e-01 1.316614866256713867e+00 4.788913249969482422e+00 1.026322364807128906e+01 1.295971870422363281e+01 9.642168045043945312e+00 4.226893901824951172e+00 1.091780543327331543e+00 1.661562770605087280e-01 1.489931810647249222e-02 7.871802663430571556e-04 2.450566898914985359e-05 4.494760048601165181e-07 4.857636071164961322e-09 3.093203471138394889e-11
1.656248749259958686e-10 7.376740277648119459e-13 1.935862248972418202e-15 2.993300491467318219e-18 2.726934781064777082e-21 1.463797279523173359e-24 4.629780067463905721e-28 8.627856408093374949e-32 7.312198884311021850e-34 5.195953983741978925e-30 2.174975797355838096e-26 5.364531203452793896e-23 7.795748819604377510e-20 6.674989539533820386e-17 3.367532964179513477e-14 1.001011253054517880e-11 1.753209355470630726e-09 1.809288505683070980e-07 1.100112513086060062e-05 3.941246250178664923e-04 8.319506421685218811e-03 1.034734398126602173e-01 7.582762837409973145e-01 3.274112701416015625e+00 8.329661369323730469e+00 1.248616218566894531e+01 1.102798652648925781e+01 5.738930702209472656e+00 1.759678125381469727e+00 3.179090619087219238e-01 3.384075313806533813e-02 2.122486708685755730e-03 7.843461935408413410e-05 1.707877231638121884e-06 2.191046988286871056e-08 1.656248749259958686e-10
8.523027839046903864e-10 4.512627251040957077e-12 1.407779092138603666e-14 2.587549499933061307e-17 2.802493408325912997e-20 1.788260424119916319e-23 6.723654858565100096e-27 1.489509893169877183e-30 1.943240017058055617e-34 2.982822087386698170e-31 1.484277133987813218e-27 4.351819025689560632e-24 7.518190465325483134e-21 7.652459604964872595e-18 4.589432031295876541e-15 1.621742670709913625e-12 3.376564583490448967e-10 4.142323817291071464e-08 2.994127726196893491e-06 1.275152608286589384e-04 3.199793864041566849e-03 4.730965569615364075e-02 4.121399819850921631e-01 2.115470886230468750e+00 6.397923946380615234e+00 1.140079021453857422e+01 1.197011852264404297e+01 7.405075073242187500e+00 2.699153661727905273e+00 5.796872377395629883e-01 7.335454225540161133e-02 5.469154100865125656e-03 2.402678655926138163e-04 6.219016086106421426e-06 9.484693919148412533e-08 8.523027839046903864e-10
4.156704314084436191e-09 2.616223210294421619e-11 9.702078008176628909e-14 2.119949692874428609e-16 2.729198162093810974e-19 2.070282268258698980e-22 9.253140586718581021e-26 2.436775639898658711e-29 3.780889417343576098e-33 1.623652453694047737e-32 9.604383326625141594e-29 3.347612849105247395e-25 6.874579729170655371e-22 8.318065684299421976e-19 5.930144367571952950e-16 2.491031198589149787e-13 6.165344623720869777e-11 8.991188238383074349e-09 7.725554951321100816e-07 3.911205567419528961e-05 1.166696660220623016e-03 2.050564996898174286e-02 2.123521119356155396e-01 1.295707702636718750e+00 4.658270835876464844e+00 9.867594718933105469e+00 1.231580352783203125e+01 9.056941986083984375e+00 3.924351215362548828e+00 1.001893758773803711e+00 1.507102996110916138e-01 1.335769984871149063e-02 6.975561846047639847e-04 2.146404040104243904e-05 3.891267112976493081e-07 4.156704314084436191e-09
1.921037906527089945e-08 1.437270163995307826e-10 6.335913781477242601e-13 1.645685596022921585e-15 2.518467593793756457e-18 2.270941774872117221e-21 1.206555753395003720e-24 3.777045214154805142e-28 6.966661309696352699e-32 8.378664756562099822e-34 5.892415014457282722e-30 2.441410486606323813e-26 5.959734329506737425e-23 8.571984153712088478e-20 7.264506603721582276e-17 3.627389458683155654e-14 1.067220270489777079e-11 1.850077424592200259e-09 1.889654868136858568e-07 1.137210165325086564e-05 4.032434953842312098e-04 8.424832485616207123e-03 1.037105172872543335e-01 7.522312402725219727e-01 3.214752435684204102e+00 8.094928741455078125e+00 1.200999546051025391e+01 1.049881076812744141e+01 5.407602787017822266e+00 1.641107559204101562e+00 2.934517264366149902e-01 3.091746196150779724e-02 1.919246627949178219e-03 7.020056364126503468e-05 1.512862581876106560e-06 1.921037906527089945e-08
8.409104168549674796e-08 7.478433428076414202e-10 3.918696964144707806e-12 1.209867811133562981e-14 2.200835449811252913e-17 2.358942684886213853e-20 1.489763346193337662e-23 5.543455773852290534e-27 1.215385550953600394e-30 1.568506422929074453e-34 3.427837212237947307e-31 1.688215878025419229e-27 4.898626245183009785e-24 8.375051836908819301e-21 8.436693000114147073e-18 5.007495306808603525e-15 1.751213106818139131e-12 3.608568999169392555e-10 4.381130480624051415e-08 3.134037342533702031e-06 1.320960291195660830e-04 3.280523233115673065e-03 4.800249263644218445e-02 4.138585329055786133e-01 2.102361679077148438e+00 6.292635440826416016e+00 1.109741210937500000e+01 1.153130149841308594e+01 7.059962272644042969e+00 2.546794891357421875e+00 5.413185358047485352e-01 6.779213249683380127e-02 5.002259742468595505e-03 2.174879773519933224e-04 5.571261226577917114e-06 8.409104168549674796e-08
3.485269246539246524e-07 3.684173854878736165e-09 2.294610682018749515e-11 8.420680466933103125e-14 1.820688055700257985e-16 2.319568499987777602e-19 1.741188431262218159e-22 7.701100512824576771e-26 2.006896340175829059e-29 3.081423258830282139e-33 1.890165381826673903e-32 1.106493095739753815e-28 3.816251447069893878e-25 7.755153981885896515e-22 9.285613159935987145e-19 6.550925285493973058e-16 2.723070792291781839e-13 6.669580859819390639e-11 9.624724128798334277e-09 8.183657200788729824e-07 4.099896978004835546e-05 1.210226211696863174e-03 2.104880474507808685e-02 2.157029062509536743e-01 1.302421569824218750e+00 4.633589267730712891e+00 9.712854385375976562e+00 1.199620246887207031e+01 8.729873657226562500e+00 3.743172168731689453e+00 9.456689953804016113e-01 1.407686471939086914e-01 1.234619040042161942e-02 6.380302365869283676e-04 1.942680864885915071e-05 3.485269246539246524e-07
1.366928017887403257e-06 1.717349462637685065e-08 1.271275584802111780e-10 5.544800187572140882e-13 1.424909422936403592e-15 2.157584408968508990e-18 1.924938950496826441e-21 1.011888646421227789e-24 3.134141872734152199e-28 5.719640478615230641e-32 9.878213512547321438e-34 6.874006588015386419e-30 2.817779105975179565e-26 6.805670898942299877e-23 9.685119165320137149e-20 8.120896618065082465e-17 4.012114533831490082e-14 1.167941091062552061e-11 2.003197607791662449e-09 2.024378602527576732e-07 1.205390253744553775e-05 4.228942561894655228e-04 8.741838857531547546e-03 1.064734905958175659e-01 7.640949487686157227e-01 3.230902671813964844e+00 8.049398422241210938e+00 1.181600379943847656e+01 1.021986770629882812e+01 5.208194732666015625e+00 1.563855767250061035e+00 2.766774296760559082e-01 2.884109690785408020e-02 1.771456329151988029e-03 6.410625064745545387e-05 1.366928017887403257e-06
5.071301075076917186e-06 7.572029403490887489e-08 6.661466933621795761e-10 3.452888799534981068e-12 1.054608196561154787e-14 1.897743569354267746e-17 2.012166277001536934e-20 1.257072887208114765e-23 4.627221565829284498e-27 1.003580370884585407e-30 1.280846080510441669e-34 4.046330852988068978e-31 1.971359550287419727e-27 5.658596303041659865e-24 9.570179995825193115e-21 9.536740644413717305e-18 5.599443434964324062e-15 1.937201050614123510e-12 3.948693039212969325e-10 4.742450698813627241e-08 3.355962235218612477e-06 1.399264147039502859e-04 3.437553998082876205e-03 4.975849390029907227e-02 4.243819713592529297e-01 2.132592201232910156e+00 6.314318656921386719e+00 1.101570892333984375e+01 1.132311630249023438e+01 6.857832908630371094e+00 2.447232723236083984e+00 5.145486593246459961e-01 6.374621391296386719e-02 4.653055220842361450e-03 2.001220855163410306e-04 5.071301075076917186e-06
1.778909791028127074e-05 3.156338266308011953e-07 3.299725825911536958e-09 2.032484944236578883e-11 7.376866858251757142e-14 1.577450633495364879e-16 1.987550739065151300e-19 1.475544254594473759e-22 6.454311398801007448e-26 1.663486179204571518e-29 2.525947444111041129e-33 2.257422877802173397e-32 1.306946893617115428e-28 4.457966374159063233e-25 8.959506032620642707e-22 1.060965841898277334e-18 7.402567150772520858e-16 3.043330561516843780e-13 7.371646348897087364e-11 1.052082687635902403e-08 8.847106300891027786e-07 4.383495252113789320e-05 1.279697287827730179e-03 2.201210334897041321e-02 2.230942696332931519e-01 1.332219839096069336e+00 4.687390804290771484e+00 9.717481613159179688e+00 1.186981296539306641e+01 8.542823791503906250e+00 3.622651576995849609e+00 9.051376581192016602e-01 1.332535892724990845e-01 1.155844982713460922e-02 5.907356971874833107e-04 1.778909791028127074e-05
5.898588642594404519e-05 1.243561428054817952e-06 1.544739802739059087e-08 1.130607413246664805e-10 4.875501586655561770e-13 1.238814060963147265e-15 1.854654118244186056e-18 1.636018757555601219e-21 8.503095212560419779e-25 2.603950210931359557e-28 4.698494707401251300e-32 1.193428904866981612e-33 8.209863947046907836e-30 3.327446113101337991e-26 7.946079777966003383e-23 1.118046525742052984e-19 9.269014705610314326e-17 4.527852566623899455e-14 1.303170939215281265e-11 2.209919580664632122e-09 2.208101221867764252e-07 1.299962423217948526e-05 4.509295104071497917e-04 9.216252714395523071e-03 1.109858751296997070e-01 7.875040173530578613e-01 3.292302131652832031e+00 8.109870910644531250e+00 1.177051925659179688e+01 1.006572151184082031e+01 5.071794509887695312e+00 1.505725145339965820e+00 2.633857131004333496e-01 2.714665979146957397e-02 1.648522680625319481e-03 5.898588642594404519e-05
1.615229994058609009e-04 3.962451046390924603e-06 5.727447671688423725e-08 4.877672710179581372e-10 2.447700896135440729e-12 7.236707300030051360e-15 1.260691413213288546e-17 1.294026971552464850e-20 7.826053960147902260e-24 2.788769478039055723e-27 5.855276069779211107e-31 8.593817071755411830e-35 6.889627873502785896e-31 3.249227164711972549e-27 9.028855425887346032e-24 1.478248010344980187e-20 1.426040516323453502e-17 8.105870677097264804e-15 2.714686548471734184e-12 5.356790566679592303e-10 6.228111715245177038e-08 4.266563792043598369e-06 1.722130255075171590e-04 4.095639567822217941e-03 5.739195644855499268e-02 4.738491177558898926e-01 2.305137157440185547e+00 6.607251167297363281e+00 1.115866851806640625e+01 1.110379600524902344e+01 6.510255336761474609e+00 2.248995780944824219e+00 4.577766060829162598e-01 5.490047857165336609e-02 3.879459109157323837e-03 1.615229994058609009e-04
4.469771520234644413e-04 1.286994211113778874e-05 2.183412277645402355e-07 2.182535929762252636e-09 1.285414136242835070e-11 4.460690985422927080e-14 9.120735632493038670e-17 1.098810311350161614e-19 7.799866617993823464e-23 3.262259701534047648e-26 8.039238591036351159e-30 1.167062750249030019e-33 4.790006060992003265e-32 2.651426791472935405e-28 8.647532686077992462e-25 1.661760311256696000e-21 1.881551963812879134e-18 1.255290122336664288e-15 4.934300580974881889e-13 1.142804947895648127e-10 1.559506301873625489e-08 1.253917389476555400e-06 5.940437040408141911e-05 1.658194232732057571e-03 2.727217227220535278e-02 2.642877101898193359e-01 1.509020090103149414e+00 5.076689720153808594e+00 1.006314277648925781e+01 1.175314331054687500e+01 8.088016510009765625e+00 3.279422521591186523e+00 7.834581732749938965e-01 1.102835834026336670e-01 9.146635420620441437e-03 4.469771520234644413e-04
9.527982911095023155e-04 3.106673102593049407e-05 5.968378218312864192e-07 6.755946468928186732e-09 4.505768674833987575e-11 1.770652309669717983e-13 4.099793518828095517e-16 5.593194710785029028e-19 4.496000269296508478e-22 2.129402316785088717e-25 5.942298556039511899e-29 9.770052236566331813e-33 5.847538525151717252e-33 3.665444013705816369e-29 1.353768636792370227e-25 2.945962301700204131e-22 3.777246854944036796e-19 2.853701115507428863e-16 1.270252485011461041e-13 3.331514578097660717e-11 5.148228510165608895e-09 4.687511250267561991e-07 2.514755033189430833e-05 7.949046557769179344e-04 1.480481214821338654e-02 1.624663472175598145e-01 1.050471067428588867e+00 4.001959800720214844e+00 8.983148574829101562e+00 1.188097286224365234e+01 9.258547782897949219e+00 4.251099109649658203e+00 1.150066733360290527e+00 1.833244562149047852e-01 1.721765846014022827e-02 9.527982911095023155e-04
2.010127995163202286e-03 7.446385279763489962e-05 1.625304548724670894e-06 2.090157202871978370e-08 1.583855824272006885e-10 7.071175242567839803e-13 1.860159738102749177e-15 2.883211023742635765e-18 2.633102692018643425e-21 1.416867747056349062e-24 4.492168039595062848e-28 8.391737796579579113e-32 6.550501963029699832e-34 4.666052415137059610e-30 1.957900843687250621e-26 4.840593771576516574e-23 7.051365755193640120e-20 6.052497747407244600e-17 3.060879254592786813e-14 9.120587965427695565e-12 1.601279664420474091e-09 1.656459289733902551e-07 1.009624793368857354e-05 3.625831159297376871e-04 7.672376930713653564e-03 9.565569460391998291e-02 7.026825547218322754e-01 3.041409969329833984e+00 7.756367683410644531e+00 1.165492248535156250e+01 1.031876468658447266e+01 5.382835388183593750e+00 1.654500126838684082e+00 2.996280193328857422e-01 3.197196125984191895e-02 2.010127995163202286e-03
4.004122689366340637e-03 1.677053805906325579e-04 4.138596523262094706e-06 6.017650377998506883e-08 5.155317839289352833e-10 2.602335881507489290e-12 7.739931268059725700e-15 1.356378508420565213e-17 1.400527606329660888e-20 8.520545012999134865e-24 3.054311498760317957e-27 6.450615057905705523e-31 8.012563239894489042e-35 6.240949653713379363e-31 2.960803362914440005e-27 8.276341286874392346e-24 1.363109477397713802e-20 1.322847087929503130e-17 7.563721309976519092e-15 2.548188222928349234e-12 5.058162777515917696e-10 5.915920198162893939e-08 4.076809545949799940e-06 1.655328960623592138e-04 3.960193134844303131e-03 5.582417547702789307e-02 4.636473953723907471e-01 2.268929481506347656e+00 6.542167663574218750e+00 1.111449527740478516e+01 1.112564659118652344e+01 6.561880111694335938e+00 2.280317783355712891e+00 4.669139385223388672e-01 5.632951855659484863e-02 4.004122689366340637e-03
7.730852812528610229e-03 3.658860805444419384e-04 1.020325817080447450e-05 1.676486647284036735e-07 1.622987522154062390e-09 9.257871379231286113e-12 3.111511157234680969e-14 6.161706764087925611e-17 7.189477775626146345e-20 4.942677105877546827e-23 2.002144693039274162e-26 4.778251752250729834e-30 6.717877205729927505e-34 8.185624853864872988e-32 4.388322859958675285e-28 1.386159265560744972e-24 2.579839813440079391e-21 2.829159113410511310e-18 1.827976933030058850e-15 6.959114816525169278e-13 1.560995499527706443e-10 2.063096182780554955e-08 1.606581577107135672e-06 7.371479296125471592e-05 1.992845442146062851e-03 3.174432367086410522e-02 2.979329228401184082e-01 1.647550106048583984e+00 5.368165016174316406e+00 1.030578041076660156e+01 1.165744209289550781e+01 7.769500732421875000e+00 3.051036834716796875e+00 7.059520483016967773e-01 9.624136984348297119e-02 7.730722893029451370e-03
1.466588675975799561e-02 7.860183250159025192e-04 2.482168929418548942e-05 4.618464970462810015e-07 5.063125918525201996e-09 3.270542517364027901e-11 1.244766415593387410e-13 2.791392842511810496e-16 3.688295987773146965e-19 2.871392100745003315e-22 1.317137017841817459e-25 3.559722797747663352e-29 5.668515143625298448e-33 1.006939775047498144e-32 6.113084606829803385e-29 2.186645515334385676e-25 4.608573371044188405e-22 5.723189245975034401e-19 4.187515956614895098e-16 1.805271969239352625e-13 4.585626323105884694e-11 6.863095425302390140e-09 6.052163143976940773e-07 3.144612492178566754e-05 9.627026738598942757e-04 1.736562326550483704e-02 1.845647394657135010e-01 1.155777573585510254e+00 4.264493942260742188e+00 9.271029472351074219e+00 1.187561035156250000e+01 8.962957382202148438e+00 3.985764503479003906e+00 1.044347047805786133e+00 1.612268686294555664e-01 1.466565020382404327e-02
2.837837859988212585e-02 1.740094623528420925e-03 6.286740244831889868e-05 1.338244828730239533e-06 1.678546368566458113e-08 1.240441360739197307e-10 5.401281635494803446e-13 1.385755854345165593e-15 2.094795196621140041e-18 1.865799171770336220e-21 9.791710348076389352e-25 3.027729909964382547e-28 5.515886165315449436e-32 1.008439338497162751e-33 7.005118782877854657e-30 2.866742408137325140e-26 6.912370331716321403e-23 9.820951269189294092e-20 8.221013265452580595e-17 4.054795507604097571e-14 1.178354809561188432e-11 2.017684685995391192e-09 2.035614841133792652e-07 1.210060690937098116e-05 4.238317196723073721e-04 8.746575564146041870e-03 1.063531190156936646e-01 7.619557380676269531e-01 3.216448068618774414e+00 8.000019073486328125e+00 1.172391891479492188e+01 1.012327766418457031e+01 5.150376319885253906e+00 1.543900489807128906e+00 2.726904153823852539e-01 2.837837859988212585e-02
4.934569448232650757e-02 3.406710922718048096e-03 1.385759969707578421e-04 3.321219764984562062e-06 4.690258847972472722e-08 3.902458911575479306e-10 1.913190959823563020e-12 5.526466464360682562e-15 9.406022946573187448e-18 9.432524701875438337e-21 5.573398141986432758e-24 1.940337633708202326e-27 3.979998176968907623e-31 1.289605694517101463e-34 1.009666704474950949e-30 4.652107662198678605e-27 1.262956054067072027e-23 2.020296234576711437e-20 1.904088210088671979e-17 1.057375622606424037e-14 3.459692601848196603e-12 6.669795271641021372e-10 7.576306870760163292e-08 5.070696715847589076e-06 1.999654923565685749e-04 4.646218381822109222e-03 6.360800564289093018e-02 5.130870342254638672e-01 2.438585758209228516e+00 6.828926086425781250e+00 1.126767349243164062e+01 1.095425510406494141e+01 6.274807929992675781e+00 2.117782115936279297e+00 4.211449027061462402e-01 4.934569448232650757e-02
8.964951336383819580e-02 7.082960568368434906e-03 3.297338844276964664e-04 9.044057151186279953e-06 1.461669967284251470e-07 1.391813220230631032e-09 7.808935789666016092e-12 2.581474869479440104e-14 5.028216538495081491e-17 5.770656229944565626e-20 3.902173673967739405e-23 1.554729134319555483e-26 3.649582325517741524e-30 5.046629132707879200e-34 1.079211724436265418e-31 5.690754651562417887e-28 1.768069213706422433e-24 3.236796511011210715e-21 3.491202629244371370e-18 2.218731866323307191e-15 8.308126322326137014e-13 1.833020402131069204e-10 2.382872388295709243e-08 1.825155322876526043e-06 8.237139991251751781e-05 2.190327504649758339e-03 3.431706130504608154e-02 3.167951703071594238e-01 1.723115682601928711e+00 5.522268295288085938e+00 1.042769241333007812e+01 1.160181617736816406e+01 7.605575561523437500e+00 2.937663316726684570e+00 6.685613393783569336e-01 8.964951336383819580e-02
1.565593332052230835e-01 1.413832884281873703e-02 7.522791856899857521e-04 2.358452547923661768e-05 4.356443810138443951e-07 4.741486314685516845e-09 3.040643431484468806e-11 1.148898277946244773e-13 2.557802331482755820e-16 3.355192940037456949e-19 2.593211220353741761e-22 1.180874485233146833e-25 3.168507143511515080e-29 5.009101383722381513e-33 1.138702479667503805e-32 6.863028486405825364e-29 2.437171961614474605e-25 5.099662382391573125e-22 6.286980041854692695e-19 4.566772841165639939e-16 1.954554275590894563e-13 4.928912833435106222e-11 7.323586626029054969e-09 6.411543154172250070e-07 3.307267616037279367e-05 1.005196943879127502e-03 1.800078898668289185e-02 1.899325549602508545e-01 1.180795192718505859e+00 4.325308799743652344e+00 9.335279464721679688e+00 1.187147808074951172e+01 8.895052909851074219e+00 3.927013874053955078e+00 1.021499872207641602e+00 1.565613746643066406e-01
2.387695908546447754e-01 2.399757876992225647e-02 1.421079970896244049e-03 4.958343924954533577e-05 1.019323690343298949e-06 1.234705671038227592e-08 8.812175988914816571e-11 3.705688371175713813e-13 9.181715387250447870e-16 1.340437393848172971e-18 1.153013235458452415e-21 5.843446233265186609e-25 1.744992677971943819e-28 3.070328649273633684e-32 1.835767874640235557e-33 1.231474814847994434e-29 4.866981817201215897e-26 1.133397230862609483e-22 1.555093864732980727e-19 1.257171594270752903e-16 5.988286445489029997e-14 1.680640696055668570e-11 2.779172669775675786e-09 2.707856197048386093e-07 1.554537084302864969e-05 5.258400924503803253e-04 1.048006117343902588e-02 1.230669468641281128e-01 8.515026569366455078e-01 3.471349954605102539e+00 8.338314056396484375e+00 1.180118370056152344e+01 9.840997695922851562e+00 4.835289001464843750e+00 1.399807691574096680e+00 2.387724220752716064e-01
3.691291809082031250e-01 4.169039800763130188e-02 2.774428343400359154e-03 1.087837081286124885e-04 2.513271510906633921e-06 3.421067873432548367e-08 2.743864579990429320e-10 1.296667200695322819e-12 3.610476243605560687e-15 5.923325388387086309e-18 5.725808823577413271e-21 3.261180958898061202e-24 1.094342475942987659e-27 2.163854232773329805e-31 2.446290758193790001e-34 1.845014555649513528e-30 8.194436712543100294e-27 2.144495178332707095e-23 3.306559179039828465e-20 3.003973230679814286e-17 1.607993116914049891e-14 5.071511786913784903e-12 9.424556690618146604e-10 1.031930096928590501e-07 6.657598532910924405e-06 2.530696510802954435e-04 5.668013822287321091e-03 7.479785382747650146e-02 5.815871357917785645e-01 2.664451599121093750e+00 7.192310333251953125e+00 1.143923568725585938e+01 1.071992874145507812e+01 5.919059753417968750e+00 1.925669312477111816e+00 3.691291809082031250e-01
5.885135531425476074e-01 7.595376670360565186e-02 5.775723140686750412e-03 2.587888156995177269e-04 6.831794053141493350e-06 1.062677696950231621e-07 9.739418160847890249e-10 5.259381038319466128e-12 1.673412520749109622e-14 3.137165191168612760e-17 3.465307417050972060e-20 2.255233894485822290e-23 8.648279022450041403e-27 1.954051718919923733e-30 2.599838100648768542e-34 2.041330340697291298e-31 1.036006924595973259e-27 3.098145892324676861e-24 5.458663816949380550e-21 5.666839841491543912e-18 3.466255967083070426e-15 1.249243438729286115e-12 2.652795760837989292e-10 3.319139096902290476e-08 2.446898633934324607e-06 1.062876835931092501e-04 2.720236778259277344e-03 4.102018475532531738e-02 3.644654750823974609e-01 1.908018827438354492e+00 5.885403633117675781e+00 1.069639396667480469e+01 1.145421600341796875e+01 7.227066993713378906e+00 2.686719179153442383e+00 5.885075330734252930e-01
9.083285927772521973e-01 1.340099871158599854e-01 1.164917089045047760e-02 5.966709577478468418e-04 1.800632708182092756e-05 3.201787421858171001e-07 3.354480693218420129e-09 2.070748954252632501e-11 7.531758691118467519e-14 1.614103072612038539e-16 2.038150798851697828e-19 1.516310692910123119e-22 6.647017175697274350e-26 1.716849484991788476e-29 2.612632254631515245e-33 2.169592584771021425e-32 1.258736413396106519e-28 4.303032613259459225e-25 8.666815160283107950e-22 1.028524645454560141e-18 7.191756532068686522e-16 2.962933717820526169e-13 7.192499373864791323e-11 1.028731944074934290e-08 8.669510975778393913e-07 4.304885806050151587e-05 1.259465701878070831e-03 2.171090058982372284e-02 2.205146700143814087e-01 1.319667339324951172e+00 4.653276920318603516e+00 9.667647361755371094e+00 1.183450222015380859e+01 8.535854339599609375e+00 3.627508640289306641e+00 9.083200693130493164e-01
1.311781167984008789e+00 2.187445908784866333e-01 2.149166911840438843e-02 1.244181767106056213e-03 4.243737203069031239e-05 8.528817261321819387e-07 1.009944838870069361e-08 7.046470351657063702e-11 2.896781935417952480e-13 7.016612882586954671e-16 1.001388778664604930e-18 8.420310894877687498e-22 4.171977671960895244e-25 1.217925476392054895e-28 2.094914310284044616e-32 2.707113531433818184e-33 1.775230139210687995e-29 6.859059905532771304e-26 1.561449818777848756e-22 2.094370129183864354e-19 1.655199787723837107e-16 7.707482791103129061e-14 2.114665387242808947e-11 3.418533678356538985e-09 3.256147635966044618e-07 1.827456617320422083e-05 6.042903987690806389e-04 1.177367195487022400e-02 1.351590603590011597e-01 9.142104387283325195e-01 3.643465995788574219e+00 8.555604934692382812e+00 1.183734512329101562e+01 9.649948120117187500e+00 4.635118484497070312e+00 1.311792492866516113e+00
1.950079917907714844e+00 3.756157159805297852e-01 4.262776672840118408e-02 2.850502496585249901e-03 1.123060355894267559e-04 2.607107717267354019e-06 3.566015394085297885e-08 2.873915272427751688e-10 1.364687226071414905e-12 3.818188204030101979e-15 6.294376277301835592e-18 6.113568314963684759e-21 3.498835561787658882e-24 1.179820157996251374e-27 2.344110178901303318e-31 2.249606216894739433e-34 1.705054743946824162e-30 7.609800648252933224e-27 2.001006270610617418e-23 3.100205081189124235e-20 2.830104498132598166e-17 1.522234080323162098e-14 4.824229557498505017e-12 9.008250811959328530e-10 9.911069298595975852e-08 6.425088031392078847e-06 2.454107743687927723e-04 5.523010157048702240e-03 7.323609292507171631e-02 5.721920728683471680e-01 2.634063005447387695e+00 7.144599437713623047e+00 1.141819858551025391e+01 1.075186634063720703e+01 5.965347290039062500e+00 1.950096368789672852e+00
2.726453304290771484e+00 6.009241938591003418e-01 7.804010808467864990e-02 5.971333011984825134e-03 2.692198613658547401e-04 7.151439149311045185e-06 1.119322590170668263e-07 1.032251395471917021e-09 5.608951671176587439e-12 1.795752538639658336e-14 3.387489565989615186e-17 3.765110952135147477e-20 2.465611580539049912e-23 9.513926754553772302e-27 2.163001764270113482e-30 2.895956147880441724e-34 1.840993424574220647e-31 9.402112654586493673e-28 2.829037038561201777e-24 5.015549867491329279e-21 5.239222206387355831e-18 3.224670735581356036e-15 1.169415801173523395e-12 2.498743711942807977e-10 3.145947857774444856e-08 2.333662450837437063e-06 1.019976043608039618e-04 2.626699628308415413e-03 3.985641896724700928e-02 3.563308715820312500e-01 1.877050638198852539e+00 5.825972557067871094e+00 1.065427017211914062e+01 1.148016929626464844e+01 7.288521766662597656e+00 2.726453304290771484e+00
3.478951454162597656e+00 8.542441129684448242e-01 1.235875487327575684e-01 1.053527370095252991e-02 5.291397101245820522e-04 1.565919592394493520e-05 2.730464530031895265e-07 2.805238707992430136e-09 1.698135035366199475e-11 6.056786338746664167e-14 1.272848056542061866e-16 1.576024248416957266e-19 1.149831286111152942e-22 4.942809530971630147e-26 1.251930899196371173e-29 1.868204539225222685e-33 3.017987118440981983e-32 1.717091971608848982e-28 5.755894998737298377e-25 1.136834846873847465e-21 1.322980884393583583e-18 9.071379816749918640e-16 3.664893909183231102e-13 8.724080485800200790e-11 1.223608059319758468e-08 1.011218159874260891e-06 4.923821688862517476e-05 1.412624958902597427e-03 2.387914434075355530e-02 2.378365695476531982e-01 1.395744919776916504e+00 4.826148986816406250e+00 9.832502365112304688e+00 1.180300331115722656e+01 8.348108291625976562e+00 3.478974342346191406e+00
4.435072898864746094e+00 1.226500272750854492e+00 1.998454481363296509e-01 1.918663829565048218e-02 1.085319090634584427e-03 3.617347465478815138e-05 7.103784014361735899e-07 8.219757319238851778e-09 5.603928432407201399e-11 2.251107557738746268e-13 5.328029938225049486e-16 7.429975110353169262e-19 6.105055887329400348e-22 2.955712174810172124e-25 8.431435416301198584e-29 1.417118537064953380e-32 4.018998287730107919e-33 2.575368567962302308e-29 9.722805566676629905e-26 2.162779175512866245e-22 2.834650248509368015e-19 2.189047861384576252e-16 9.960424412341906120e-14 2.670338949961603703e-11 4.218178695225560659e-09 3.926099338968924712e-07 2.153034256480168551e-05 6.956801516935229301e-04 1.324450410902500153e-02 1.485691666603088379e-01 9.819507002830505371e-01 3.824001789093017578e+00 8.774354934692382812e+00 1.186252021789550781e+01 9.449449539184570312e+00 4.435100555419921875e+00
5.600692272186279297e+00 1.762195944786071777e+00 3.266942501068115234e-01 3.568501770496368408e-02 2.296734601259231567e-03 8.709396934136748314e-05 1.945987605722621083e-06 2.561892387120678904e-08 1.987222747468209150e-10 9.082430987850109716e-13 2.445807211680318602e-15 3.880719498153754443e-18 3.627863109260560421e-21 1.998364138780760683e-24 6.485823791959161947e-28 1.240291361021534627e-31 4.368606287040987715e-34 3.186017758751194591e-30 1.368515590228620178e-26 3.463537349494820532e-23 5.164859199231418560e-20 4.538026991390442142e-17 2.349312625406045629e-14 7.166102780620242640e-12 1.287964179752520977e-09 1.363893034067586996e-07 8.509856343152932823e-06 3.128476091660559177e-04 6.776582449674606323e-03 8.648800849914550781e-02 6.503819823265075684e-01 2.881720066070556641e+00 7.523091316223144531e+00 1.157209205627441406e+01 1.048800945281982422e+01 5.600692272186279297e+00
6.805092811584472656e+00 2.424242973327636719e+00 5.088531970977783203e-01 6.293128430843353271e-02 4.585856571793556213e-03 1.968917786143720150e-04 4.980908670404460281e-06 7.424348069662300986e-08 6.520392559217214057e-10 3.374103297107411414e-12 1.028746078395818137e-14 1.848107604081288257e-17 1.956117035682826624e-20 1.219969840050221263e-23 4.482981738946324611e-27 9.706360602479880432e-31 1.236836559247238923e-34 4.141059710941174168e-31 2.013927224290244169e-27 5.770892230621681337e-24 9.743397593766192513e-21 9.692771723359594916e-18 5.681340086019026972e-15 1.962111029207846968e-12 3.992760289062147194e-10 4.787178653486989788e-08 3.381822580195148475e-06 1.407636300427839160e-04 3.452213713899254799e-03 4.988525062799453735e-02 4.247311353683471680e-01 2.130722522735595703e+00 6.297968387603759766e+00 1.096845817565917969e+01 1.125527381896972656e+01 6.805092811584472656e+00
8.327217102050781250e+00 3.462784767150878906e+00 8.484233021736145020e-01 1.224829256534576416e-01 1.041826140135526657e-02 5.221405881457030773e-04 1.541868186905048788e-05 2.682713216017873492e-07 2.750240035709339281e-09 1.661235211891654018e-11 5.912372642250668386e-14 1.239772346394067497e-16 1.531817777777562796e-19 1.115156242379002983e-22 4.783392759829316638e-26 1.208930902069280406e-29 1.800150946823297194e-33 3.130129867256603622e-32 1.776944939084921780e-28 5.943636991646978502e-25 1.171392356642006736e-21 1.360235961809629689e-18 9.306749096968207347e-16 3.751867794308388904e-13 8.911754667551008424e-11 1.247270020598989504e-08 1.028518681778223254e-06 4.997231008019298315e-05 1.430589472874999046e-03 2.413061261177062988e-02 2.398217618465423584e-01 1.404353380203247070e+00 4.845453262329101562e+00 9.850421905517578125e+00 1.179899311065673828e+01 8.327247619628906250e+00
9.870516777038574219e+00 4.867093086242675781e+00 1.414072990417480469e+00 2.420660555362701416e-01 2.441595867276191711e-02 1.451000105589628220e-03 5.080845585325732827e-05 1.048268018166709226e-06 1.274307681597974806e-08 9.127368999495288904e-11 3.851983836067329747e-13 9.578318447769776714e-16 1.403280476332934435e-18 1.211391567773899864e-21 6.161570663551729803e-25 1.846574288070568760e-28 3.260635894947183331e-32 1.726716345359490365e-33 1.162440006454710870e-29 4.610630680841959542e-26 1.077490847836213629e-22 1.483674573657269472e-19 1.203724741741292611e-16 5.754189578164106700e-14 1.620778858346660911e-11 2.689780398412722207e-09 2.630116284763062140e-07 1.515309486421756446e-05 5.143930902704596519e-04 1.028859801590442657e-02 1.212509423494338989e-01 8.419488668441772461e-01 3.444650173187255859e+00 8.303817749023437500e+00 1.179437923431396484e+01 9.870516777038574219e+00
1.107516098022460938e+01 6.476113319396972656e+00 2.231261253356933594e+00 4.529464542865753174e-01 5.417767912149429321e-02 3.818118479102849960e-03 1.585446734679862857e-04 3.879016276187030599e-06 5.591902407786619733e-08 4.749665105663325448e-10 2.377040404788477446e-12 7.009310293911320128e-15 1.217774387901893535e-17 1.246632026613233898e-20 7.519370083746939942e-24 2.672308301708965133e-27 5.595835532795666005e-31 8.995786204185598250e-35 7.191228690872923162e-31 3.382382494393006139e-27 9.373690982247512144e-24 1.530619205994670530e-20 1.472629975400400191e-17 8.348024691223060456e-15 2.788418801413783399e-12 5.487610366117223748e-10 6.363219995364488568e-08 4.347474259702721611e-06 1.750109368003904819e-04 4.151078872382640839e-03 5.801283195614814758e-02 4.777043163776397705e-01 2.317673921585083008e+00 6.625515937805175781e+00 1.115966224670410156e+01 1.107516098022460938e+01
1.176268386840820312e+01 8.156991004943847656e+00 3.332914352416992188e+00 8.023795485496520996e-01 1.138182356953620911e-01 9.512605145573616028e-03 4.684478626586496830e-04 1.359219095320440829e-05 2.323727983366552508e-07 2.340722726756894190e-09 1.389248091565598031e-11 4.858248948535343059e-14 1.000984626489117646e-16 1.215239213741268045e-19 8.692798471452660384e-23 3.663764634090672296e-26 9.098306715138507629e-30 1.331052018205912555e-33 4.206820391409225398e-32 2.346609859174767587e-28 7.712350408890127045e-25 1.493485703126036979e-21 1.704056168356709870e-18 1.145609731820836259e-15 4.538045828873793486e-13 1.059138748926713447e-10 1.456477249917043082e-08 1.180113372356572654e-06 5.633913679048418999e-05 1.584764453582465649e-03 2.626552805304527283e-02 2.564960122108459473e-01 1.475815296173095703e+00 5.003324031829833984e+00 9.994216918945312500e+00 1.176268386840820312e+01
1.182453155517578125e+01 9.725278854370117188e+00 4.712863922119140625e+00 1.345675349235534668e+00 2.263890206813812256e-01 2.244132757186889648e-02 1.310677384026348591e-03 4.510425424086861312e-05 9.145459216597373597e-07 1.092602186503199846e-08 7.691074166427114278e-11 3.189797872452798666e-13 7.795055748750561939e-16 1.122392067391312030e-18 9.522224119033074641e-22 4.759877740691051582e-25 1.401919795482197093e-28 2.432728758444116717e-32 2.326117077891098572e-33 1.538960965678461437e-29 5.998871799635389341e-26 1.377779902195092337e-22 1.864469753585469990e-19 1.486611908556057524e-16 6.984091581972717844e-14 1.933317915481236327e-11 3.153165062386165118e-09 3.030105801826721290e-07 1.715689177217427641e-05 5.723806098103523254e-04 1.125121861696243286e-02 1.303111314773559570e-01 8.892729878425598145e-01 3.575590372085571289e+00 8.470980644226074219e+00 1.182453632354736328e+01
1.125078392028808594e+01 1.097373962402343750e+01 6.306601524353027344e+00 2.135499000549316406e+00 4.260669350624084473e-01 5.008577182888984680e-02 3.469147253781557083e-03 1.415789010934531689e-04 3.404411245355731808e-06 4.823398569442360895e-08 4.026539102142123738e-10 1.980507771670581008e-12 5.739521932132977608e-15 9.800629457791609300e-18 9.860579359761692910e-21 5.845400143119805902e-24 2.041728023037473919e-27 4.201716159839084861e-31 1.217943701800136181e-34 9.566526615692503084e-31 4.422308397536315765e-27 1.204510690662786138e-23 1.933053883111655743e-20 1.827851108932722183e-17 1.018410074153652811e-14 3.343129158922542032e-12 6.466266966320688425e-10 7.369183663286094088e-08 4.948275545757496729e-06 1.957742788363248110e-04 4.563781432807445526e-03 6.268548965454101562e-02 5.073004961013793945e-01 2.419023990631103516e+00 6.796380043029785156e+00 1.125078392028808594e+01
1.013305854797363281e+01 1.172000694274902344e+01 7.986994266510009766e+00 3.207029342651367188e+00 7.587451934814453125e-01 1.057664155960083008e-01 8.687177672982215881e-03 4.203999415040016174e-04 1.198728841700358316e-05 2.013943571910203900e-07 1.993609277661789747e-09 1.162791911368810105e-11 3.995904694913295085e-14 8.091140615325834911e-17 9.653166082986008670e-20 6.785805488082662269e-23 2.810605402118325989e-26 6.858650305974436318e-30 9.860706911914723574e-34 5.637237149128237464e-32 3.090142077224681409e-28 9.980634646267769469e-25 1.899341385999039840e-21 2.129698082567815044e-18 1.407061274067453009e-15 5.477228371374154303e-13 1.256245663050492567e-10 1.697686080603943992e-08 1.351778564639971592e-06 6.341947300825268030e-05 1.753100194036960602e-03 2.855384349822998047e-02 2.740167975425720215e-01 1.549414873123168945e+00 5.162027359008789062e+00 1.013305854797363281e+01
8.823776245117187500e+00 1.186659812927246094e+01 9.402975082397460938e+00 4.390048027038574219e+00 1.207663536071777344e+00 1.957412660121917725e-01 1.869376935064792633e-02 1.051877276040613651e-03 3.487445428618229926e-05 6.812671244915691204e-07 7.841432392297065235e-09 5.317890919287471263e-11 2.124900190698941760e-13 5.002833872741626296e-16 6.940069120762513092e-19 5.672506161165677130e-22 2.731856376178506959e-25 7.751535803243217510e-29 1.295954309917152243e-32 4.397712078180324501e-33 2.803053811547084194e-29 1.052674234335351389e-25 2.329297993838669514e-22 3.036834386720524650e-19 2.332933083436868234e-16 1.055922249594207218e-13 2.815999343430686253e-11 4.424840049921385798e-09 4.096677344023191836e-07 2.234763451269827783e-05 7.182906265370547771e-04 1.360323838889598846e-02 1.517883837223052979e-01 9.979609251022338867e-01 3.865897417068481445e+00 8.823776245117187500e+00
7.361288070678710938e+00 1.150990676879882812e+01 1.060362625122070312e+01 5.755810737609863281e+00 1.840862989425659180e+00 3.469054102897644043e-01 3.851750120520591736e-02 2.519869245588779449e-03 9.713260806165635586e-05 2.206072394983493723e-06 2.952177347026463394e-08 2.327655568290509791e-10 1.081365465921413360e-12 2.960037949343088948e-15 4.774060911230917207e-18 4.536739924206703773e-21 2.540220664448269072e-24 8.379973484851577925e-28 1.628927660917515376e-31 3.290017440530833718e-34 2.439322870329206962e-30 1.065057979285200871e-26 2.739968883677141431e-23 4.153234112185258197e-20 3.709346865822978339e-17 1.952046041627485129e-14 6.052461483385673802e-12 1.105711078253079904e-09 1.190201714962313417e-07 7.548578196292510256e-06 2.820836962200701237e-04 6.210954394191503525e-03 8.057719469070434570e-02 6.159154772758483887e-01 2.774002552032470703e+00 7.361319065093994141e+00
5.884281635284423828e+00 1.069561576843261719e+01 1.145470619201660156e+01 7.228174209594726562e+00 2.687474727630615234e+00 5.887368321418762207e-01 7.599321007728576660e-02 5.779410712420940399e-03 2.589803189039230347e-04 6.837799446657299995e-06 1.063736618789334898e-07 9.750333873626004788e-10 5.265716682134602422e-12 1.675613789972434098e-14 3.141675310740496888e-17 3.470686999089407746e-20 2.259096630794327497e-23 8.663684921261183780e-27 1.957749542028966452e-30 2.605202671156837598e-34 2.037358815483603117e-31 1.034133765132062234e-27 3.092744956137081203e-24 5.449791416306825687e-21 5.658513441445585135e-18 3.461559804665255771e-15 1.247705497947615427e-12 2.649822583578043123e-10 3.315805940928839846e-08 2.444730398565297946e-06 1.062033406924456358e-04 2.718453761190176010e-03 4.099748283624649048e-02 3.643112778663635254e-01 1.907433509826660156e+00 5.884281635284423828e+00
4.205980300903320312e+00 9.207703590393066406e+00 1.187681961059570312e+01 9.026444435119628906e+00 4.042013168334960938e+00 1.066477894783020020e+00 1.657924950122833252e-01 1.518647000193595886e-02 8.196009439416229725e-04 2.606286216177977622e-05 4.883265205535280984e-07 5.390790036585713096e-09 3.506485379833890192e-11 1.343884042676740664e-13 3.034718409082777252e-16 4.037756532122073104e-19 3.165424162839158628e-22 1.462072706324843787e-25 3.979202376697355741e-29 6.380797863982401661e-33 8.947338434105198065e-33 5.469802338692592254e-29 1.970197860159844457e-25 4.181350286148007130e-22 5.228674826396692175e-19 3.852581129820415590e-16 1.672468722757960990e-13 4.277919685158337870e-11 6.447293365852146962e-09 5.725145229007466696e-07 2.995469185407273471e-05 9.234439348801970482e-04 1.677376031875610352e-02 1.795163452625274658e-01 1.132024526596069336e+00 4.206007003784179688e+00
2.816109895706176758e+00 7.425107955932617188e+00 1.153505516052246094e+01 1.055856895446777344e+01 5.694554805755615234e+00 1.809578537940979004e+00 3.388205766677856445e-01 3.737831860780715942e-02 2.429637825116515160e-03 9.305319690611213446e-05 2.099850007653003559e-06 2.791990993955550948e-08 2.187218323124184849e-10 1.009605810411984272e-12 2.745839622366711037e-15 4.400186027704911887e-18 4.154595405904276129e-21 2.311212963156025208e-24 7.575934807221336410e-28 1.463161563454387871e-31 3.678938700461262944e-34 2.710011007459160040e-30 1.175651193742133543e-26 3.005091465514353698e-23 4.526058954547112804e-20 4.016332781731618139e-17 2.099942907009180043e-14 6.469249615170813428e-12 1.174265240599936533e-09 1.255879169548279606e-07 7.913979970908258110e-06 2.938456600531935692e-04 6.428258493542671204e-03 8.286081254482269287e-02 6.293116807937622070e-01 2.816109895706176758e+00
1.766182303428649902e+00 5.608581542968750000e+00 1.049404048919677734e+01 1.156905555725097656e+01 7.514841079711914062e+00 2.876157283782958984e+00 6.485847830772399902e-01 8.617583662271499634e-02 6.746578495949506760e-03 3.112024860456585884e-04 8.458063348371069878e-06 1.354421641508452012e-07 1.277953964873290715e-09 7.104633721610742469e-12 2.327229121218410413e-14 4.491598336224575762e-17 5.107767904211347502e-20 3.422235116852345061e-23 1.351062042700605292e-26 3.142708785284978888e-30 4.305251733306474318e-34 1.257682094645339877e-31 6.571297044373553571e-28 2.023017225360275134e-24 3.669565452154163989e-21 3.922035515389553069e-18 2.469800690460717540e-15 9.163804697703836766e-13 2.003363586133843910e-10 2.580535074514500593e-08 1.958517032107920386e-06 8.758160402067005634e-05 2.307665068656206131e-03 3.582493215799331665e-02 3.277012407779693604e-01 1.766166925430297852e+00
1.037568807601928711e+00 3.968357563018798828e+00 8.942657470703125000e+00 1.187387752532958984e+01 9.289365768432617188e+00 4.281978607177734375e+00 1.162989139556884766e+00 1.861084401607513428e-01 1.754776015877723694e-02 9.748949669301509857e-04 3.191206633346155286e-05 6.154875791253289208e-07 6.994204326815633976e-09 4.683142068584444928e-11 1.847572388049417702e-13 4.294719887490747569e-16 5.882169223804663555e-19 4.746631854958045263e-22 2.256923654266328328e-25 6.322953192869680476e-29 1.043716952522896568e-32 5.467166920324856613e-33 3.440563706529102206e-29 1.275695812559745334e-25 2.787070569259312110e-22 3.587559864824907872e-19 2.720917848415680589e-16 1.215915795783548137e-13 3.201505727190578909e-11 4.966771438574824060e-09 4.540070221992209554e-07 2.445270729367621243e-05 7.759608561173081398e-04 1.450898684561252594e-02 1.598428785800933838e-01 1.037568807601928711e+00
5.709640979766845703e-01 2.630096435546875000e+00 7.138312816619873047e+00 1.141538810729980469e+01 1.075603485107421875e+01 5.971447467803955078e+00 1.953343987464904785e+00 3.764768838882446289e-01 4.275261238217353821e-02 2.860663924366235733e-03 1.127801224356517196e-04 2.619781753310235217e-06 3.585532226679788437e-08 2.891485384459713259e-10 1.373902944537541693e-12 3.846414729964404283e-15 6.344922802993113454e-18 6.166567650891032557e-21 3.531403684259708354e-24 1.191570160290460680e-27 2.368918987175407696e-31 2.225223203898571581e-34 1.687440008119526216e-30 7.535495189510562645e-27 1.982828706543790687e-23 3.074012536339603325e-20 2.807960542262308594e-17 1.511279911436090584e-14 4.792547435295002600e-12 8.954779140424307116e-10 9.858517557859158842e-08 6.395068339770659804e-06 2.444139681756496429e-04 5.504167173057794571e-03 7.303258031606674194e-02 5.709640979766845703e-01
2.943099141120910645e-01 1.632813811302185059e+00 5.337387084960937500e+00 1.027999210357666016e+01 1.166601085662841797e+01 7.800433158874511719e+00 3.073164939880371094e+00 7.133694887161254883e-01 9.756806492805480957e-02 7.862851954996585846e-03 3.733484190888702869e-04 1.044518285198137164e-05 1.721766267337443423e-07 1.672276983555320840e-09 9.569993235369889106e-12 3.226860103991771589e-14 6.410907827637081025e-17 7.504225168581401832e-20 5.175798125144839352e-23 2.103360477559787608e-26 5.036420404346685222e-30 7.104237862438731541e-34 7.752310012034533489e-32 4.169550699785896003e-28 1.321382050936134740e-24 2.467258431808338264e-21 2.714382426744797126e-18 1.759513377485861889e-15 6.720214662525592075e-13 1.512303893225208640e-10 2.005226384937941475e-08 1.566630317029193975e-06 7.211335469037294388e-05 1.955918734893202782e-03 3.125678747892379761e-02 2.943099141120910645e-01
1.421072185039520264e-01 9.495419263839721680e-01 3.738276720046997070e+00 8.671651840209960938e+00 1.185213661193847656e+01 9.544635772705078125e+00 4.528891086578369141e+00 1.266154408454895020e+00 2.085672914981842041e-01 2.024342119693756104e-02 1.157666556537151337e-03 3.900780575349926949e-05 7.744175150037335698e-07 9.058927830096763500e-09 6.243734002042700126e-11 2.535602207798942631e-13 6.067115418494485688e-16 8.553383575922155826e-19 7.105152790822956445e-22 3.477596172167875207e-25 1.002878606399517385e-28 1.704067140613037309e-32 3.336339494381664880e-33 2.161245180743883108e-29 8.249276874374746855e-26 1.855102722766518642e-22 2.458028194771497522e-19 1.919011110821945134e-16 8.827376221480498497e-14 2.392521250560442070e-11 3.820727734193951619e-09 3.595137059164699167e-07 1.993103069253265858e-05 6.510737584903836250e-04 1.253110542893409729e-02 1.421072185039520264e-01
6.075729802250862122e-02 4.951632618904113770e-01 2.377697467803955078e+00 6.727270126342773438e+00 1.121462249755859375e+01 1.101537322998046875e+01 6.375037193298339844e+00 2.173850059509277344e+00 4.367580413818359375e-01 5.170465260744094849e-02 3.606457961723208427e-03 1.482176885474473238e-04 3.589018888305872679e-06 5.120691071169858333e-08 4.304744338767818590e-10 2.132236661539499423e-12 6.222851637330490196e-15 1.070030417922878432e-17 1.084134091643682198e-20 6.472020759129443536e-24 2.276461135031367979e-27 4.717957543691968537e-31 1.077454448543862410e-34 8.524496012671616784e-31 3.968548902616983307e-27 1.088516662045179085e-23 1.759166139627517681e-20 1.675124285661748897e-17 9.398403144058806169e-15 3.106916200007470152e-12 6.051598111511680145e-10 6.945309394268406322e-08 4.696313226304482669e-06 1.871154090622439981e-04 4.392586648464202881e-03 6.075729802250862122e-02
3.016925603151321411e-02 2.862008810043334961e-01 1.599712371826171875e+00 5.268328666687011719e+00 1.022294425964355469e+01 1.168811607360839844e+01 7.873719692230224609e+00 3.125260829925537109e+00 7.308931350708007812e-01 1.007131263613700867e-01 8.177066221833229065e-03 3.911672392860054970e-04 1.102558053389657289e-05 1.831084546211059205e-07 1.791772952230985538e-09 1.033055238575109058e-11 3.509397091504273813e-14 7.024129241202652519e-17 8.283922382799617933e-20 5.756314869954102260e-23 2.356802689331041482e-26 5.685455786339645599e-30 8.079797154575456383e-34 6.842114156743678871e-32 3.707513365372592766e-28 1.183765660450781841e-24 2.226848968865527767e-21 2.468222575435754173e-18 1.611930697800127276e-15 6.202606245460373646e-13 1.406281618931970456e-10 1.878604471983180701e-08 1.478689455325365998e-06 6.857488187961280346e-05 1.873868051916360855e-03 3.016971610486507416e-02
1.688266545534133911e-02 1.804516315460205078e-01 1.136416912078857422e+00 4.216868400573730469e+00 9.219436645507812500e+00 1.187651157379150391e+01 9.014486312866210938e+00 4.031416893005371094e+00 1.062280178070068359e+00 1.649287045001983643e-01 1.508725434541702271e-02 8.132141665555536747e-04 2.582560955488588661e-05 4.832515969610540196e-07 5.327964736068224738e-09 3.461135544835514111e-11 1.324771320204351510e-13 2.987566731887090522e-16 3.969853275637595062e-19 3.108132666280939513e-22 1.433810038762070868e-25 3.897208918580607279e-29 6.241220399449732506e-33 9.146805866444324240e-33 5.584880263988375322e-29 2.009025717174339099e-25 4.258194930865141167e-22 5.317845930405674250e-19 3.913011636651089580e-16 1.696507111225223352e-13 4.333773617748448714e-11 6.523154461035574059e-09 5.784836503153201193e-07 3.022832243004813790e-05 9.306661086156964302e-04 1.688266545534133911e-02
1.033589616417884827e-02 1.217016577720642090e-01 8.443091511726379395e-01 3.451296806335449219e+00 8.312366485595703125e+00 1.179608154296875000e+01 9.863201141357421875e+00 4.859182357788085938e+00 1.410500526428222656e+00 2.412450760602951050e-01 2.431089803576469421e-02 1.443523447960615158e-03 5.050077015766873956e-05 1.040995584844495170e-06 1.264342586182465311e-08 9.047963767105926536e-11 3.815066481043655200e-13 9.477788342424900078e-16 1.387365211154684476e-18 1.196593294498422695e-21 6.080872165099883347e-25 1.820763576808998646e-28 3.212265184031609317e-32 1.753145131785821708e-33 1.179251268383334765e-29 4.673136506075453956e-26 1.091132461698019542e-22 1.501123431691192745e-19 1.216799357026652779e-16 5.811567590011113005e-14 1.635426516433113875e-11 2.711760593854251056e-09 2.649188104442146141e-07 1.524980416434118524e-05 5.172166274860501289e-04 1.033589616417884827e-02
6.660641636699438095e-03 8.528349548578262329e-02 6.434177756309509277e-01 2.860089302062988281e+00 7.491003990173339844e+00 1.156016731262207031e+01 1.051130962371826172e+01 5.631370544433593750e+00 1.777639269828796387e+00 3.306228816509246826e-01 3.623264282941818237e-02 2.339494414627552032e-03 8.900562534108757973e-05 1.995173079194501042e-06 2.635188600663695979e-08 2.050731806590988526e-10 9.403187863771256261e-13 2.540339053209213910e-15 4.043818421843591398e-18 3.792772550365516958e-21 2.096003030741775756e-24 6.824837054867383429e-28 1.309369991844216846e-31 4.128967069946479128e-34 3.021322160483473927e-30 1.302082408652531314e-26 3.306130568821916543e-23 4.946162661912628177e-20 4.360020039674745735e-17 2.264498877584293635e-14 6.929897194279943662e-12 1.249529479885325145e-09 1.327533141193271149e-07 8.309774784720502794e-06 3.064926713705062866e-04 6.660530343651771545e-03
4.283313639461994171e-03 5.952016264200210571e-02 4.873076677322387695e-01 2.350819587707519531e+00 6.681840896606445312e+00 1.119037055969238281e+01 1.104228591918945312e+01 6.420065879821777344e+00 2.199301242828369141e+00 4.439196884632110596e-01 5.279367417097091675e-02 3.699468914419412613e-03 1.527385611552745104e-04 3.715642606039182283e-06 5.325803797973094333e-08 4.497852923446288287e-10 2.238173622132189067e-12 6.561944760621277878e-15 1.133575590632059592e-17 1.153825916176478757e-20 6.919852361857980612e-24 2.445223057524232785e-27 5.091063682422625552e-31 9.941736584417284749e-35 7.902297448826573428e-31 3.695667740656644633e-27 1.018347011209226952e-23 1.653365377196723931e-20 1.581637987192230816e-17 8.914842198866693157e-15 2.960667735280031465e-12 5.793551194344104260e-10 6.679455566427350277e-08 4.537611403065966442e-06 1.816226140363141894e-04 4.283313639461994171e-03
2.616439014673233032e-03 3.972885012626647949e-02 3.554316759109497070e-01 1.873629331588745117e+00 5.819310188293457031e+00 1.064954853057861328e+01 1.148303413391113281e+01 7.295392036437988281e+00 2.730896949768066406e+00 6.023318767547607422e-01 7.827531546354293823e-02 5.993673112243413925e-03 2.704045327845960855e-04 7.188039944594493136e-06 1.125829385273391381e-07 1.038973351796812494e-09 5.649418433062436407e-12 1.809898158265394602e-14 3.416518973278796160e-17 3.800000848761265983e-20 2.490301664695019228e-23 9.615795352288235245e-27 2.187679998631728520e-30 2.931007001699062230e-34 1.819961714748178443e-31 9.300516961125150401e-28 2.800432547707435279e-24 4.968323024393379855e-21 5.193494421354505632e-18 3.198721669483983732e-15 1.160817644264844350e-12 2.482161420847006639e-10 3.127072289998977794e-08 2.321322426723781973e-06 1.015288289636373520e-04 2.616439014673233032e-03
1.413193996995687485e-03 2.388677000999450684e-02 2.378997802734375000e-01 1.396006107330322266e+00 4.826760768890380859e+00 9.833017349243164062e+00 1.180287075042724609e+01 8.347436904907226562e+00 3.478479146957397461e+00 8.540577292442321777e-01 1.235552430152893066e-01 1.053151488304138184e-02 5.289245164021849632e-04 1.565182537888176739e-05 2.728990011746645905e-07 2.803551613084209748e-09 1.697000873157605838e-11 6.052116815515040660e-14 1.271779603888439371e-16 1.574658883418361925e-19 1.148760959634949073e-22 4.937830770953795816e-26 1.250584102404792255e-29 1.866071200649472549e-33 3.021329342753957452e-32 1.718873938289893272e-28 5.761516125725063849e-25 1.137879525904300788e-21 1.324095717064151926e-18 9.078435601200546962e-16 3.667528249411827757e-13 8.729718337097125413e-11 1.224356616091881733e-08 1.011715539789292961e-06 4.926039764541201293e-05 1.413167221471667290e-03
8.024616399779915810e-04 1.492117717862129211e-02 1.634731590747833252e-01 1.055227518081665039e+00 4.013484001159667969e+00 8.994127273559570312e+00 1.187590789794921875e+01 9.239360809326171875e+00 4.235277175903320312e+00 1.143895983695983887e+00 1.820399910211563110e-01 1.706881821155548096e-02 9.430047357454895973e-04 3.069666854571551085e-05 5.887559382244944572e-07 6.653479545093432534e-09 4.430240202468738175e-11 1.738035442563207189e-13 4.017652763465905759e-16 5.472107359828571226e-19 4.391389992635001861e-22 2.076433018708859472e-25 5.784939848080245172e-29 9.496024666922486469e-33 6.011063381004528827e-33 3.762006529998746649e-29 1.387128701657551731e-25 3.013565283140492971e-22 3.857547997847036186e-19 2.909457588656035217e-16 1.292939008894905539e-13 3.385425273449982342e-11 5.223071752880059648e-09 4.747691377815499436e-07 2.542902439017780125e-05 8.024768903851509094e-04
5.346668767742812634e-04 1.062734425067901611e-02 1.244572401046752930e-01 8.588045835494995117e-01 3.491622924804687500e+00 8.364374160766601562e+00 1.180603694915771484e+01 9.818443298339843750e+00 4.811117172241210938e+00 1.389062047004699707e+00 2.362965196371078491e-01 2.368485182523727417e-02 1.398744178004562855e-03 4.867206007475033402e-05 9.979050901165464893e-07 1.205494548628394114e-08 8.580454402551396242e-11 3.598375666446357313e-13 8.891711423143072723e-16 1.294578397290656548e-18 1.110563077670248295e-21 5.613383824942662252e-25 1.671757506647917837e-28 2.933471425605561155e-32 1.923104533512439095e-33 1.286536851031471696e-29 5.070900204159309735e-26 1.177641599137197239e-22 1.611429000350904676e-19 1.299195281064202895e-16 6.171696183623898158e-14 1.727499393533449279e-11 2.848853153381014636e-09 2.768314004697458586e-07 1.584951314725913107e-05 5.346668767742812634e-04
3.831015201285481453e-04 8.035212755203247070e-03 9.929902851581573486e-02 7.230176925659179688e-01 3.101909637451171875e+00 7.840984821319580078e+00 1.167839050292968750e+01 1.024854278564453125e+01 5.299155712127685547e+00 1.614418506622314453e+00 2.898013591766357422e-01 3.065082058310508728e-02 1.910099294036626816e-03 7.013541471678763628e-05 1.517352643531921785e-06 1.934210303033978562e-08 1.452736125839848569e-10 6.428729076857209179e-13 1.676258720858473522e-15 2.575294901876149458e-18 2.331192067804766889e-21 1.243366862853397557e-24 3.907410930607891040e-28 7.235104252616235208e-32 7.628326508623078947e-34 5.385967285298161951e-30 2.240085479874144052e-26 5.489534102494115427e-23 7.926287613788048632e-20 6.743356348033573144e-17 3.380225922300708619e-14 9.983524423828882277e-12 1.737412436142449224e-09 1.781409935119881993e-07 1.076255102816503495e-05 3.831092035397887230e-04
2.941258426290005445e-04 6.433636881411075592e-03 8.291494101285934448e-02 6.296338438987731934e-01 2.817098140716552734e+00 7.426594734191894531e+00 1.153562736511230469e+01 1.055750274658203125e+01 5.693061351776123047e+00 1.808850049972534180e+00 3.386253714561462402e-01 3.735197335481643677e-02 2.427521627396345139e-03 9.295780910179018974e-05 2.097375272569479421e-06 2.788264197306489223e-08 2.184036285157731072e-10 1.007946872667864202e-12 2.740930007646188299e-15 4.391597411404773801e-18 4.145885371768677475e-21 2.306094833602951284e-24 7.558032806905770956e-28 1.459503542584063995e-31 3.688776348398447358e-34 2.716841287914273991e-30 1.178430002503093223e-26 3.011711901775330517e-23 4.535165049868585236e-20 4.023798252196031724e-17 2.103541780595474114e-14 6.479520912872072103e-12 1.175916475304461528e-09 1.257486701433663256e-07 7.922903023427352309e-06 2.941258426290005445e-04
2.179786679334938526e-04 4.997208248823881149e-03 6.750296056270599365e-02 5.372468233108520508e-01 2.519427299499511719e+00 6.961303710937500000e+00 1.133314990997314453e+01 1.087114715576171875e+01 6.144258022308349609e+00 2.046098709106445312e+00 4.014747738838195801e-01 4.641383886337280273e-02 3.161615924909710884e-03 1.268930209334939718e-04 3.000781589435064234e-06 4.181182688967055583e-08 3.432651940471487251e-10 1.660411174872478135e-12 4.732383240705143046e-15 7.947185711578741462e-18 7.863430934521968328e-21 4.584364965356947039e-24 1.574761752413997649e-27 3.187268531760243538e-31 1.629740724646040228e-34 1.258552336623140633e-30 5.721629715983375762e-27 1.532633045454487283e-23 2.418913279296308360e-20 2.249429332948538098e-17 1.232512051132280545e-14 3.979018503574849319e-12 7.569072035806811982e-10 8.483029034778155619e-08 5.602093551715370268e-06 2.179740986321121454e-04
1.520705991424620152e-04 3.685764502733945847e-03 5.263346433639526367e-02 4.428698420524597168e-01 2.195574522018432617e+00 6.413494110107421875e+00 1.103835678100585938e+01 1.119394111633300781e+01 6.688466072082519531e+00 2.354731559753417969e+00 4.884464740753173828e-01 5.969934910535812378e-02 4.299099557101726532e-03 1.824142818804830313e-04 4.560451088764239103e-06 6.717762346397648798e-08 5.830524396621683536e-10 2.981563780590779089e-12 8.983843196815922971e-15 1.594956091362702093e-17 1.668394538068473531e-20 1.028301883630482466e-23 3.734272621205897899e-27 7.990268624855671451e-31 1.005914941419897849e-34 5.034902794119999616e-31 2.419864145353491612e-27 6.852660345394875710e-24 1.143389788747029215e-20 1.124085761054544982e-17 6.511329459825149907e-15 2.222401082607738942e-12 4.469037362397898505e-10 5.295409266636852408e-08 3.696904741445905529e-06 1.520705991424620152e-04
9.864116145763546228e-05 2.553130034357309341e-03 3.893491998314857483e-02 3.498534262180328369e-01 1.852210998535156250e+00 5.777891159057617188e+00 1.061967563629150391e+01 1.150065135955810547e+01 7.338351249694824219e+00 2.758961677551269531e+00 6.111582517623901367e-01 7.976979017257690430e-02 6.134498864412307739e-03 2.779666683636605740e-04 7.421194368362193927e-06 1.167410772495713900e-07 1.082027356602566215e-09 5.908909646301641061e-12 1.901335534328085775e-14 3.604766420977899050e-17 4.026788892681444225e-20 2.650406665208141165e-23 1.027853403879912677e-26 2.348649938084178993e-30 3.160226563399485134e-34 1.693093665749241090e-31 8.689829612849234946e-28 2.627924247738478112e-24 4.682518390265670706e-21 4.916070865203714721e-18 3.041026157561861620e-15 1.108422815337961609e-12 2.380287633663158431e-10 3.011949090137022722e-08 2.245527866762131453e-06 9.864116145763546228e-05
6.496806599898263812e-05 1.789551577530801296e-03 2.904297038912773132e-02 2.777270674705505371e-01 1.564777135848999023e+00 5.194713592529296875e+00 1.016093158721923828e+01 1.171048641204833984e+01 7.952087879180908203e+00 3.181691884994506836e+00 7.500607967376708984e-01 1.041865199804306030e-01 8.526715449988842010e-03 4.111739690415561199e-04 1.168251765193417668e-05 1.955763906380525441e-07 1.929130855060634531e-09 1.121148573285379868e-11 3.839204277297607326e-14 7.746228137459393770e-17 9.208796256869425962e-20 6.450383093360136403e-23 2.662175676122752783e-26 6.473753958905031759e-30 9.274248188514676436e-34 5.984347112741024509e-32 3.268750172113480130e-28 1.051995912564474472e-24 1.994855907096730937e-21 2.228841262451430144e-18 1.467276422771287593e-15 5.691505751935499458e-13 1.300711760521267024e-10 1.751576661490616971e-08 1.389729732181876898e-06 6.496806599898263812e-05
4.447152605280280113e-05 1.294974121265113354e-03 2.221734449267387390e-02 2.245971113443374634e-01 1.337743043899536133e+00 4.694794178009033203e+00 9.707848548889160156e+00 1.182766723632812500e+01 8.490632057189941406e+00 3.591299057006835938e+00 8.950035572052001953e-01 1.314237713813781738e-01 1.137048564851284027e-02 5.796384648419916630e-04 1.741020241752266884e-05 3.081171939811611082e-07 3.212905053118220167e-09 1.973929353304981760e-11 7.145736639121297307e-14 1.524149497102611928e-16 1.915483145184351609e-19 1.418390335378125189e-22 6.188400562495395059e-26 1.590844916527145950e-29 2.409389281374341735e-33 2.349911361072046389e-32 1.356902145997117648e-28 4.616549109783380184e-25 9.254503155591809197e-22 1.093080508795189218e-18 7.607111843249041508e-16 3.119391680725391858e-13 7.536294505117169251e-11 1.072856292694268632e-08 8.998646876534621697e-07 4.447152605280280113e-05
2.951997339550871402e-05 9.119648020714521408e-04 1.659939624369144440e-02 1.780277192592620850e-01 1.124965667724609375e+00 4.188578605651855469e+00 9.188741683959960938e+00 1.187723827362060547e+01 9.045648574829101562e+00 4.059143066406250000e+00 1.073225021362304688e+00 1.671949028968811035e-01 1.534658297896385193e-02 8.299908367916941643e-04 2.644861888256855309e-05 4.965901325704180636e-07 5.493675292456146053e-09 3.580804402991688562e-11 1.375244454990612319e-13 3.112021547524960888e-16 4.149323551215928403e-19 3.259708060924704946e-22 1.508840571609904353e-25 4.115049049030924664e-29 6.612190988205891901e-33 8.634640773739145781e-33 5.289756175988443889e-29 1.909348334678523066e-25 4.060735347005886955e-22 5.088454787871882843e-19 3.756967256640962117e-16 1.634445617043622789e-13 4.189307928337271392e-11 6.327151247376150422e-09 5.630247983390290756e-07 2.951997339550871402e-05
1.879408046079333872e-05 6.190353306010365486e-04 1.201326586306095123e-02 1.373688578605651855e-01 9.254893660545349121e-01 3.673927307128906250e+00 8.593130111694335938e+00 1.184248352050781250e+01 9.616098403930664062e+00 4.600710391998291016e+00 1.296919822692871094e+00 2.154155671596527100e-01 2.108130231499671936e-02 1.215599710121750832e-03 4.130009619984775782e-05 8.267613793577766046e-07 9.751583540662522864e-09 6.776823546772448026e-11 2.774942005779462706e-13 6.695018824711730394e-16 9.517304381560558814e-19 7.971645182182405934e-22 3.934129699541905264e-25 1.143969646156963514e-28 1.959845601270748198e-32 2.896211083217776307e-33 1.891713541976043029e-29 7.280128588538877045e-26 1.650768941870296115e-22 2.205481164965049797e-19 1.736137623952027751e-16 8.052853360269313088e-14 2.200662568840883182e-11 3.543652260518115327e-09 3.362034703968674876e-07 1.879408046079333872e-05
1.192898616864113137e-05 4.186290316283702850e-04 8.656455203890800476e-03 1.054639220237731934e-01 7.570882439613342285e-01 3.202195644378662109e+00 7.980363845825195312e+00 1.171823883056640625e+01 1.013838577270507812e+01 5.168215751647949219e+00 1.552333116531372070e+00 2.747191190719604492e-01 2.864644862711429596e-02 1.759976381435990334e-03 6.371144991135224700e-05 1.358924805572314654e-06 1.707813446216732700e-08 1.264559568170398052e-10 5.517198026563918667e-13 1.418287425233887879e-15 2.148220931229561854e-18 1.917169591969936772e-21 1.008108622178635006e-24 3.123351368738236614e-28 5.701731822180453091e-32 9.747335073552721843e-34 6.783922719499442514e-30 2.781722615928339491e-26 6.720684704812305656e-23 9.567021038302292851e-20 8.024324274166251547e-17 3.965611747400871190e-14 1.154761095772949275e-11 1.981128150418953737e-09 2.002740302486927249e-07 1.192872514366172254e-05
7.894690497778356075e-06 2.932269708253443241e-04 6.417071446776390076e-03 8.274141699075698853e-02 6.286205053329467773e-01 2.813924551010131836e+00 7.421815872192382812e+00 1.153377914428710938e+01 1.056091308593750000e+01 5.697654724121093750e+00 1.811184644699096680e+00 3.392263054847717285e-01 3.743640705943107605e-02 2.434181515127420425e-03 9.325788414571434259e-05 2.105163275700761005e-06 2.799974652134551434e-08 2.194200376948174380e-10 1.013161126175998739e-12 2.756418852119680435e-15 4.418588314792379094e-18 4.173354795909470427e-21 2.322508070812205960e-24 7.615514112025952397e-28 1.471310795590898462e-31 3.657748578077768052e-34 2.695453685418576832e-30 1.169724182856880713e-26 2.990933305531809066e-23 4.506007579510944567e-20 3.999896372087944458e-17 2.092044324776033692e-14 6.447262862474545386e-12 1.170626928725937432e-09 1.252434458365314640e-07 7.894878763181623071e-06
4.870391421718522906e-06 1.931072038132697344e-04 4.511260427534580231e-03 6.209405139088630676e-02 5.035952925682067871e-01 2.406419754028320312e+00 6.775405406951904297e+00 1.123990440368652344e+01 1.098648262023925781e+01 6.327316761016845703e+00 2.147099256515502930e+00 4.292843937873840332e-01 5.057259649038314819e-02 3.510269336402416229e-03 1.435621525160968304e-04 3.459443632891634479e-06 4.911793638484596158e-08 4.108918760792334979e-10 2.025330207364173241e-12 5.882070377375824693e-15 1.006544305909433558e-17 1.014855453520378681e-20 6.028910488918654215e-24 2.110304610567270226e-27 4.352261251151154893e-31 1.173580499082354971e-34 9.237739905372028610e-31 4.279421729032282350e-27 1.168080620743136681e-23 1.878562067790017930e-20 1.780103596998201256e-17 9.938822869901258600e-15 3.269688773205325916e-12 6.337464997230313202e-10 7.237966315187804867e-08 4.870507837040349841e-06
2.948613655462395400e-06 1.249733177246525884e-04 3.121054731309413910e-03 4.592385888099670410e-02 3.981578350067138672e-01 2.033900260925292969e+00 6.121795177459716797e+00 1.085656356811523438e+01 1.134415435791015625e+01 6.984221458435058594e+00 2.533583641052246094e+00 5.415186285972595215e-01 6.819753348827362061e-02 5.060329101979732513e-03 2.212393737863749266e-04 5.699201665265718475e-06 8.650339111682114890e-08 7.735818652321313493e-10 4.076236743977279531e-12 1.265547945437798041e-14 2.315084974272587053e-17 2.495286606759387982e-20 1.584683034614055907e-23 5.929724905730461086e-27 1.307349270035379300e-30 1.697060275927174895e-34 3.067152522312429404e-31 1.518934050744067088e-27 4.432110471914313045e-24 7.619896522165426007e-21 7.718911986654932627e-18 4.607104103190916636e-15 1.620258831616649964e-12 3.357209510390646301e-10 4.098893668924574740e-08 2.948543624370358884e-06
1.721904027363052592e-06 7.830063987057656050e-05 2.097832038998603821e-03 3.311762213706970215e-02 3.080366849899291992e-01 1.688197135925292969e+00 5.451347351074218750e+00 1.037186431884765625e+01 1.162718582153320312e+01 7.679988861083984375e+00 2.988892793655395508e+00 6.853840351104736328e-01 9.260115027427673340e-02 7.371869869530200958e-03 3.457736456766724586e-04 9.556095392326824367e-06 1.556097402044542832e-07 1.492959311732988681e-09 8.439934515158675765e-12 2.811233911674884678e-14 5.517217261623359628e-17 6.379914817650791046e-20 4.346835002490374279e-23 1.745024725446218423e-26 4.127387489126986109e-30 5.750271326737965493e-34 9.512612802390909032e-32 5.054055693457608425e-28 1.582145150752824129e-24 2.918263716621888096e-21 3.171522758296462179e-18 2.030927509499846906e-15 7.662279014400419364e-13 1.703403251784862960e-10 2.231149665021803230e-08 1.721904027363052592e-06
1.006941602099686861e-06 4.905542664346285164e-05 1.408173236995935440e-03 2.381641045212745667e-02 2.373433262109756470e-01 1.393589496612548828e+00 4.821340560913085938e+00 9.828010559082031250e+00 1.180398559570312500e+01 8.353311538696289062e+00 3.483047008514404297e+00 8.557000160217285156e-01 1.238682046532630920e-01 1.056462712585926056e-02 5.309112602844834328e-04 1.572016844875179231e-05 2.742578999459510669e-07 2.819141808885206046e-09 1.707472357947992236e-11 6.093357155650958035e-14 1.281232094533103338e-16 1.587331419649645021e-19 1.158703636266609871e-22 4.983629076882533183e-26 1.262944209212728057e-29 1.885554652172367333e-33 2.990646295335206397e-32 1.702391468713962735e-28 5.709687471213977610e-25 1.128323731904109342e-21 1.313777466103165458e-18 9.013222534591438379e-16 3.643517779150506897e-13 8.677565610515358685e-11 1.217777967355004876e-08 1.006918864732142538e-06
5.270067049423232675e-07 2.786155528156086802e-05 8.678459562361240387e-04 1.592809520661830902e-02 1.722419708967208862e-01 1.097468852996826172e+00 4.120072364807128906e+00 9.113609313964843750e+00 1.187792873382568359e+01 9.121335983276367188e+00 4.127062320709228516e+00 1.100262880325317383e+00 1.728268414735794067e-01 1.599574089050292969e-02 8.722702041268348694e-04 2.802675408020149916e-05 5.305913646225235425e-07 5.918423084949608892e-09 3.889796124090239005e-11 1.506322193714493274e-13 3.436950532932202956e-16 4.620612807145312994e-19 3.660097000833398613e-22 1.708247598636507310e-25 4.697382856665571232e-29 7.610960048957618177e-33 7.502458981640843984e-33 4.634305039868243532e-29 1.686665720124341275e-25 3.616931541841663530e-22 4.569986768717653472e-19 3.402316943905750717e-16 1.492341271175021133e-13 3.857104219351370489e-11 5.873609154605219373e-09 5.270067049423232675e-07
2.494404611752543133e-07 1.446502574253827333e-05 4.942190134897828102e-04 9.949561208486557007e-03 1.180163025856018066e-01 8.248198032379150391e-01 3.396527290344238281e+00 8.241081237792968750e+00 1.178143596649169922e+01 9.923825263977050781e+00 4.925216674804687500e+00 1.440270185470581055e+00 2.481546103954315186e-01 2.519293874502182007e-02 1.506917178630828857e-03 5.310968481353484094e-05 1.102873397940129507e-06 1.349374478820664081e-08 9.727905980749795845e-11 4.132128938062057388e-13 1.034171536181218744e-15 1.525043944042577768e-18 1.325060037598358996e-21 6.783604743650799321e-25 2.046125306286498855e-28 3.636477585356356433e-32 1.544767819609447225e-33 1.046722010378972856e-29 4.178633192810631768e-26 9.828953181386688018e-23 1.362213957449397116e-19 1.112423457403445603e-16 5.352134547728128189e-14 1.517343195533982225e-11 2.534491727601562161e-09 2.494404611752543133e-07
1.217404701492341701e-07 7.700411515543237329e-06 2.869724703487008810e-04 6.301598623394966125e-03 8.152948319911956787e-02 6.215240955352783203e-01 2.791641235351562500e+00 7.388136863708496094e+00 1.152060127258300781e+01 1.058477973937988281e+01 5.729994297027587891e+00 1.827673196792602539e+00 3.434813916683197021e-01 3.803516179323196411e-02 2.481542760506272316e-03 9.539644815959036350e-05 2.160782059945631772e-06 2.883664151909215434e-08 2.267551146850621535e-10 1.050593314601278028e-12 2.868026030832275183e-15 4.613115138675555782e-18 4.371970231388828949e-21 2.441341485929020263e-24 8.031936277188930049e-28 1.557052058836486606e-31 3.448226352770791893e-34 2.549708184560688232e-30 1.110256088406069399e-26 2.848519299679173540e-23 4.306129078010308785e-20 3.835600435333682016e-17 2.012874188075247650e-14 6.224431560453158596e-12 1.134056515361692163e-09 1.217404701492341701e-07
6.011688213902743882e-08 4.134784376219613478e-06 1.675705425441265106e-04 4.001216031610965729e-03 5.629483610391616821e-02 4.666601419448852539e-01 2.279343605041503906e+00 6.559695243835449219e+00 1.112297058105468750e+01 1.111288833618164062e+01 6.541867256164550781e+00 2.269028663635253906e+00 4.637164473533630371e-01 5.583710968494415283e-02 3.961555659770965576e-03 1.656058302614837885e-04 4.078991878486704081e-06 5.919513768049000646e-08 5.061716601417742822e-10 2.550223053565670028e-12 7.570467080368452339e-15 1.324147994878865277e-17 1.364637015032809286e-20 8.286409518607728119e-24 2.964721282200306959e-27 6.249422146796366082e-31 7.999449131043127897e-35 6.439394729228236624e-31 3.049115339770361195e-27 8.506928484914114980e-24 1.398416680180516775e-20 1.354474007778223122e-17 7.730065875323054864e-15 2.599172613249045583e-12 5.149718984576168168e-10 6.011526920701726340e-08
2.668630827429296914e-08 2.017608721871511079e-06 8.987750334199517965e-05 2.358921337872743607e-03 3.648035228252410889e-02 3.323989510536193848e-01 1.784585952758789062e+00 5.645151138305664062e+00 1.052169704437255859e+01 1.155475234985351562e+01 7.476593971252441406e+00 2.850433111190795898e+00 6.403121948242187500e-01 8.474836498498916626e-02 6.609213538467884064e-03 3.036836278624832630e-04 8.221803000196814537e-06 1.311505855028372025e-07 1.232676849483027581e-09 6.826477751131765359e-12 2.227477439152060479e-14 4.282463585441773860e-17 4.851140289045599123e-20 3.237869488060056126e-23 1.273341293869253940e-26 2.950387000902877021e-30 4.025852338150363435e-34 1.341565959267193725e-31 6.982470568955589909e-28 2.141283646701461834e-24 3.869096117744872687e-21 4.119170853334415731e-18 2.584016730650855534e-15 9.550240372829810198e-13 2.079848515634807882e-10 2.668702059338556865e-08
1.168396224215939583e-08 9.706384389573941007e-07 4.751058804686181247e-05 1.370161771774291992e-03 2.328286692500114441e-02 2.331068962812423706e-01 1.375155687332153320e+00 4.779786109924316406e+00 9.788981437683105469e+00 1.181221199035644531e+01 8.398326873779296875e+00 3.518186092376708984e+00 8.683966398239135742e-01 1.262920945882797241e-01 1.082213968038558960e-02 5.463911220431327820e-04 1.625430377316661179e-05 2.848981353054114152e-07 2.942314392129219414e-09 1.790415211921914107e-11 6.419310341534284481e-14 1.356092337015846368e-16 1.687939071108996971e-19 1.237920417280179699e-22 5.349280589445653946e-26 1.361904809212974256e-29 2.042911836103208218e-33 2.764185545407766476e-32 1.580821113205028770e-28 5.326803970103644268e-25 1.057590802827393198e-21 1.237195844222087327e-18 8.527881126144196827e-16 3.463218752573771209e-13 8.287313196797541082e-11 1.168431840170569558e-08
5.546466841366282097e-09 5.008440098208666313e-07 2.664733983692713082e-05 8.353199227713048458e-04 1.542891841381788254e-02 1.679084002971649170e-01 1.076682686805725098e+00 4.067825317382812500e+00 9.055442810058593750e+00 1.187741565704345703e+01 9.179132461547851562e+00 4.179708480834960938e+00 1.121407151222229004e+00 1.772719770669937134e-01 1.651182398200035095e-02 9.061571909114718437e-04 2.930128175648860633e-05 5.582461994890763890e-07 6.266763996620738908e-09 4.145036397451562493e-11 1.615394829620336870e-13 3.709360563933922217e-16 5.018615411766147871e-19 4.000723100739996779e-22 1.879151355524244938e-25 5.200242563291970893e-29 8.479506376157312915e-33 6.733375639568038576e-33 4.185786650328944973e-29 1.533145252840247286e-25 3.308665904662424457e-22 4.207179923679125655e-19 3.152179114856491250e-16 1.391450160388024715e-13 3.619277794131292580e-11 5.546636483444444821e-09
3.015301786035706755e-09 2.911774004132894333e-07 1.656812673900276423e-05 5.554405506700277328e-04 1.097200252115726471e-02 1.276989728212356567e-01 8.757249116897583008e-01 3.538448095321655273e+00 8.424020767211914062e+00 1.181671714782714844e+01 9.766553878784179688e+00 4.756098747253417969e+00 1.364686250686645508e+00 2.307143211364746094e-01 2.298234216868877411e-02 1.348862773738801479e-03 4.664625157602131367e-05 9.504313993602409028e-07 1.141047434316533327e-08 8.071437962442473690e-11 3.364101532066232636e-13 8.261344209840502072e-16 1.195372765270793694e-18 1.019117816666049265e-21 5.119279810881349981e-25 1.515096466811005387e-28 2.642156007480966282e-32 2.138871113380677867e-33 1.422046786551326663e-29 5.570357009241095893e-26 1.285643599037919700e-22 1.748322997331426569e-19 1.400906997370499280e-16 6.613463845572126187e-14 1.839706859074752288e-11 3.015221849977933744e-09
1.663209459046299799e-09 1.713479065301726223e-07 1.040051120071439072e-05 3.719789674505591393e-04 7.838482037186622620e-03 9.732572734355926514e-02 7.119982242584228516e-01 3.069069147109985352e+00 7.794695854187011719e+00 1.166422080993652344e+01 1.028443336486816406e+01 5.342868804931640625e+00 1.635428190231323242e+00 2.949602007865905762e-01 3.134383633732795715e-02 1.962521113455295563e-03 7.240082777570933104e-05 1.573726308379264083e-06 2.015542222011390550e-08 1.520977233049336519e-10 6.762690451037056683e-13 1.771678147036972930e-15 2.734755058051365644e-18 2.487237186202838026e-21 1.332798840386945834e-24 4.208222410104219505e-28 7.828922856349376077e-32 7.031538128615180958e-34 4.988621982855809038e-30 2.084614554001891111e-26 5.132643962641267034e-23 7.446372285786413788e-20 6.364687621985578008e-17 3.205613129542844719e-14 9.512527918142943406e-12 1.663209459046299799e-09
9.268509848503470039e-10 1.016626427485789463e-07 6.570553523488342762e-06 2.502021379768848419e-04 5.613903515040874481e-03 7.421496510505676270e-02 5.780923962593078613e-01 2.653186559677124023e+00 7.174628734588623047e+00 1.143147563934326172e+01 1.073177528381347656e+01 5.936173915863037109e+00 1.934700250625610352e+00 3.715187907218933105e-01 4.203638061881065369e-02 2.802368486300110817e-03 1.100774679798632860e-04 2.547584244894096628e-06 3.474044518725349917e-08 2.791327169404667075e-10 1.321450978156168965e-12 3.686045135027800346e-15 6.058133494356690888e-18 5.866519192797359017e-21 3.347293409742439461e-24 1.125259236747241517e-27 2.228943705967061509e-31 2.371663626894623577e-34 1.791917569862418867e-30 7.972807627890816986e-27 2.090110949754589497e-23 3.228463958809446075e-20 2.938387072527219785e-17 1.575636458328935618e-14 4.978521934984048158e-12 9.268208422952284309e-10
4.683166632268864760e-10 5.521927803897597187e-08 3.836057658190838993e-06 1.570247259223833680e-04 3.787043504416942596e-03 5.381646007299423218e-02 4.505931735038757324e-01 2.222959518432617188e+00 6.461646080017089844e+00 1.106669902801513672e+01 1.116765403747558594e+01 6.640099525451660156e+00 2.326219558715820312e+00 4.801765084266662598e-01 5.839949101209640503e-02 4.184946883469820023e-03 1.767005887813866138e-04 4.395848918647971004e-06 6.443535482958395733e-08 5.565115035466305926e-10 2.831972937406002089e-12 8.491303702382914376e-15 1.500123639164315214e-17 1.561504708350722758e-20 9.576565496686820634e-24 3.460691961489757781e-27 7.368617371180370952e-31 9.231407962706305314e-35 5.460579391208130973e-31 2.611599330594985123e-27 7.359348071401047256e-24 1.221974127982197599e-20 1.195400558539375476e-17 6.890750245251188455e-15 2.340290504790343284e-12 4.683166632268864760e-10
2.573306012720877334e-10 3.229968115192605183e-08 2.388623670412926003e-06 1.040844726958312094e-04 2.672228496521711349e-03 4.042443633079528809e-02 3.603039085865020752e-01 1.892219662666320801e+00 5.855160713195800781e+00 1.067503166198730469e+01 1.146749877929687500e+01 7.258328914642333984e+00 2.706875801086425781e+00 5.948042273521423340e-01 7.700833678245544434e-02 5.874637514352798462e-03 2.640447346493601799e-04 6.992590897425543517e-06 1.091126193841773784e-07 1.003184202374995948e-09 5.434389049874255306e-12 1.734569315980406812e-14 3.262116447522912951e-17 3.614701082439450536e-20 2.359901063795813446e-23 9.078282171505357307e-27 2.057691012131357994e-30 2.746561606561727546e-34 1.936879909364015626e-31 9.861070427018721719e-28 2.958103754555769350e-24 5.228669236465208907e-21 5.444995791469109760e-18 3.341237080441887899e-15 1.207996159699464833e-12 2.573306012720877334e-10
1.404346500200048808e-10 1.876330912864432321e-08 1.477035084462841041e-06 6.851088255643844604e-05 1.872310298494994640e-03 3.014947287738323212e-02 2.860458493232727051e-01 1.599076509475708008e+00 5.267053604125976562e+00 1.022183322906494141e+01 1.168851852416992188e+01 7.875138282775878906e+00 3.126230716705322266e+00 7.312357425689697266e-01 1.007749289274215698e-01 8.182991296052932739e-03 3.915196284651756287e-04 1.103687100112438202e-05 1.833216458635433810e-07 1.794115966902154469e-09 1.034551871254008049e-11 3.514984459637542080e-14 7.036547538302788613e-17 8.299770000113397541e-20 5.767922484857886316e-23 2.361888068830597090e-26 5.698529164311750752e-30 8.099708008497470457e-34 6.825951109419872417e-32 3.699262681490837848e-28 1.181244460997695488e-24 2.222529898611457551e-21 2.463688798498351028e-18 1.609257991214184738e-15 6.193196996906458196e-13 1.404346500200048808e-10
7.184450950825649329e-11 1.027729457092618759e-08 8.661774018037249334e-07 4.301535955164581537e-05 1.258604694157838821e-03 2.169894427061080933e-02 2.204151898622512817e-01 1.319237232208251953e+00 4.652314186096191406e+00 9.666683197021484375e+00 1.183465957641601562e+01 8.536931991577148438e+00 3.628376007080078125e+00 9.086489677429199219e-01 1.340721845626831055e-01 1.165591552853584290e-02 5.970837082713842392e-04 1.802082442736718804e-05 3.204719405403011478e-07 3.357943700876830917e-09 2.073111474154565315e-11 7.541215644567972332e-14 1.616320975444864722e-16 2.041169361852662822e-19 1.518724607280099415e-22 6.658359516400155210e-26 1.719982130416955840e-29 2.617766777221708534e-33 2.165482174899783591e-32 1.256481510543093639e-28 4.295602036570343057e-25 8.653238169906657743e-22 1.026987640478860047e-18 7.182132120205509535e-16 2.959301640542699730e-13 7.184450950825649329e-11
3.339704207627747223e-11 5.159544791411008191e-09 4.696318569585855585e-07 2.518790461181197315e-05 7.959312060847878456e-04 1.481981016695499420e-02 1.625787615776062012e-01 1.050905466079711914e+00 4.002470016479492188e+00 8.981615066528320312e+00 1.187547874450683594e+01 9.251565933227539062e+00 4.246626377105712891e+00 1.148539304733276367e+00 1.830236017704010010e-01 1.718487963080406189e-02 9.506909409537911415e-04 3.098827801295556128e-05 5.951567345618968830e-07 6.734899749005762715e-09 4.490566946069307619e-11 1.764159836010331661e-13 4.083569661514623462e-16 5.569445838410748758e-19 4.475390426177831905e-22 2.119027316767235123e-25 5.911654001358772871e-29 9.717060951231263092e-33 5.873923230539892759e-33 3.680949254390902670e-29 1.359075205494178821e-25 2.956777395384166950e-22 3.789855155430876320e-19 2.862385320799153577e-16 1.273749172542998354e-13 3.339704207627747223e-11
1.518016962132051617e-11 2.535582188656348990e-09 2.495294211257714778e-07 1.446956684958422557e-05 4.943527164869010448e-04 9.951829910278320312e-03 1.180380135774612427e-01 8.249346613883972168e-01 3.396896362304687500e+00 8.241502761840820312e+00 1.178151988983154297e+01 9.923460006713867188e+00 4.924818992614746094e+00 1.440090537071228027e+00 2.481127977371215820e-01 2.518682554364204407e-02 1.506531145423650742e-03 5.309258995112031698e-05 1.102467194868950173e-06 1.348854183902403747e-08 9.723689908813781813e-11 4.130148371743469493e-13 1.033638858336514196e-15 1.524176438375162780e-18 1.324200040372148775e-21 6.778865661762684092e-25 2.044689044030472074e-28 3.633841245401049748e-32 1.545933028384699818e-33 1.047464245723946468e-29 4.181420706774940078e-26 9.835511455408333422e-23 1.363008826319272291e-19 1.113021542073545944e-16 5.354949407618443680e-14 1.518016962132051617e-11
7.503117918639112816e-12 1.342463251674530511e-09 1.415317854025488487e-07 8.791304935584776103e-06 3.217649937141686678e-04 6.938648410141468048e-03 8.816438913345336914e-02 6.600487232208251953e-01 2.911502361297607422e+00 7.567146301269531250e+00 1.158806800842285156e+01 1.045582580566406250e+01 5.558721065521240234e+00 1.741222500801086426e+00 3.213722705841064453e-01 3.494782745838165283e-02 2.239259658381342888e-03 8.453703776467591524e-05 1.880463514680741355e-06 2.464619264230805129e-08 1.903281005022350314e-10 8.660077863154036493e-13 2.321721755347010314e-15 3.667445039277369658e-18 3.413399571791282124e-21 1.871791800968501950e-24 6.047992508051889684e-28 1.151422812605018869e-31 4.718517894502165829e-34 3.425880296262472396e-30 1.465020704179557996e-26 3.691323775776646486e-23 5.480336514453766738e-20 4.793608595312586591e-17 2.470697528945270394e-14 7.502845567053384457e-12
3.121334354178051385e-12 6.076829039969311452e-10 6.971207966444126214e-08 4.711749170382972807e-06 1.876481110230088234e-04 4.403077065944671631e-03 6.087666004896163940e-02 4.959183931350708008e-01 2.380276679992675781e+00 6.731609821319580078e+00 1.121692657470703125e+01 1.101279640197753906e+01 6.370743751525878906e+00 2.171431541442871094e+00 4.360904097557067871e-01 5.160175636410713196e-02 3.597700037062168121e-03 1.477897167205810547e-04 3.577156576284323819e-06 5.101528444129144191e-08 4.286746235759864021e-10 2.122391021611158557e-12 6.191388174988255583e-15 1.064193996956826779e-17 1.077755915197787476e-20 6.430827231519707520e-24 2.260980124952394500e-27 4.683780750738421021e-31 1.085993542565372828e-34 8.586380618067266603e-31 3.995408691993385453e-27 1.095415723977879965e-23 1.769606871480298816e-20 1.684256359624334323e-17 9.445891199213671263e-15 3.121238510706003666e-12
1.052000283760512467e-12 2.270366811218949010e-10 2.886798711188021116e-08 2.162859573218156584e-06 9.547438094159588218e-05 2.483305521309375763e-03 3.805626928806304932e-02 3.436390757560729980e-01 1.828282833099365234e+00 5.731184959411621094e+00 1.058564758300781250e+01 1.152010154724121094e+01 7.386889934539794922e+00 2.790860176086425781e+00 6.212633848190307617e-01 8.148504793643951416e-02 6.297372281551361084e-03 2.867439470719546080e-04 7.693132829444948584e-06 1.216129987824388081e-07 1.132726801245098613e-09 6.216349483778582652e-12 2.010087110865602100e-14 3.829661278535551278e-17 4.298904818582394491e-20 2.843393281517047405e-23 1.108118460242195118e-26 2.544478833371846171e-30 3.440914869744173423e-34 1.560309588781485329e-31 8.047694717476392510e-28 2.445832865492896094e-24 4.379295303453898143e-21 4.620455953021657626e-18 2.872217573371763089e-15 1.052000283760512467e-12
2.603234468268045276e-13 6.395042828621910758e-11 9.256313937555660232e-09 7.893602287367684767e-07 3.966447548009455204e-05 1.174293691292405128e-03 2.048494853079319000e-02 2.105461955070495605e-01 1.275082588195800781e+00 4.549816131591796875e+00 9.565582275390625000e+00 1.184947490692138672e+01 8.648775100708007812e+00 3.719413757324218750e+00 9.424700736999511719e-01 1.407083272933959961e-01 1.237760111689567566e-02 6.415438256226480007e-04 1.959224027814343572e-05 3.525399279169505462e-07 3.737671061543323958e-09 2.334866675002267300e-11 8.593861435196928356e-14 1.863733740684129494e-16 2.381466425225120663e-19 1.792904132724590327e-22 7.953372067338434308e-26 2.078798226310542215e-29 3.201313029696601138e-33 1.775142818788331512e-32 1.042184489337341147e-28 3.605177906812170802e-25 7.348391550733996414e-22 8.824425847237406404e-19 6.244253830567001416e-16 2.603334214867913943e-13
3.970090518812773028e-14 1.155941314889830096e-11 1.982956687740511370e-09 2.004397572363814106e-07 1.193709067592862993e-05 4.188911698292940855e-04 8.660713210701942444e-03 1.055086702108383179e-01 7.573329210281372070e-01 3.202909469604492188e+00 7.981342792510986328e+00 1.171848201751708984e+01 1.013759422302246094e+01 5.167350769042968750e+00 1.551899552345275879e+00 2.746148705482482910e-01 2.863267436623573303e-02 1.758956466801464558e-03 6.366804882418364286e-05 1.357861606265942100e-06 1.706305319260081887e-08 1.263358029301997476e-10 5.511401881749811160e-13 1.416664298348711826e-15 2.145460422730319263e-18 1.914515990102518124e-21 1.006613139117562273e-24 3.118420506598119193e-28 5.692163298164759670e-32 9.763025168071314642e-34 6.794747047640006401e-30 2.785991092982683809e-26 6.729968019944946523e-23 9.579763497144730820e-20 8.034181620089923467e-17 3.970090518812773028e-14
4.739609702294643109e-15 1.662782108183269436e-12 3.436890771979506098e-10 4.185914193044482090e-08 3.003710844495799392e-06 1.270033244509249926e-04 3.163886722177267075e-03 4.644182696938514709e-02 4.016640186309814453e-01 2.046794414520263672e+00 6.145536422729492188e+00 1.087197971343994141e+01 1.133252143859863281e+01 6.960060119628906250e+00 2.518622875213623047e+00 5.370045304298400879e-01 6.746367365121841431e-02 4.993635695427656174e-03 2.177895512431859970e-04 5.596610208158381283e-06 8.473863033486850327e-08 7.559678438795458533e-10 3.973695504588814487e-12 1.230703466383303163e-14 2.245750695328392274e-17 2.414635043007047280e-20 1.529718519954057733e-23 5.710029839928331440e-27 1.255837885068221807e-30 1.626093707504866002e-34 3.194084283105181325e-31 1.577997025831076547e-27 4.592977748720150046e-24 7.877512391980976510e-21 7.960386686974475231e-18 4.739609702294643109e-15
5.379759299105053676e-16 2.271043596235866602e-13 5.649191531231778640e-11 8.279183560944147757e-09 7.149548082452383824e-07 3.637625195551663637e-05 1.090541481971740723e-03 1.926336064934730530e-02 2.004822194576263428e-01 1.229412555694580078e+00 4.442005157470703125e+00 9.456560134887695312e+00 1.186184120178222656e+01 8.766746520996093750e+00 3.817641258239746094e+00 9.795206785202026367e-01 1.480801850557327271e-01 1.319042220711708069e-02 6.922674365341663361e-04 2.140742799383588135e-05 3.900503315890091471e-07 4.187419300194505922e-09 2.648738520183435696e-11 9.871829509443610928e-14 2.167831274242632130e-16 2.804799885141743475e-19 2.138282078288750197e-22 9.604835732383903017e-26 2.542045165099542160e-29 3.964008294656656678e-33 1.436591923417469248e-32 8.540456893774991417e-29 2.991658840627863461e-25 6.174050040753264547e-22 7.508154017997087291e-19 5.379533776582847218e-16
4.964676825177943181e-17 2.551587311935572117e-14 7.726186010414970440e-12 1.378533731610787072e-09 1.449138125053650583e-07 8.976205208455212414e-06 3.275847411714494228e-04 7.044324651360511780e-03 8.925226330757141113e-02 6.662777662277221680e-01 2.930675983428955078e+00 7.595238685607910156e+00 1.159807968139648438e+01 1.043511581420898438e+01 5.531897544860839844e+00 1.727918505668640137e+00 3.180035948753356934e-01 3.448308631777763367e-02 2.203193027526140213e-03 8.294036524603143334e-05 1.839702008510357700e-06 2.404341969963752490e-08 1.851452324785896053e-10 8.400314406749320728e-13 2.245598692619029529e-15 3.537105362976776534e-18 3.282721392827634414e-21 1.795085333127526425e-24 5.783684623238990791e-28 1.097973789769739949e-31 4.957220389535862906e-34 3.588839548314706442e-30 1.530264739570784406e-26 3.844905527692314832e-23 5.691891833523324908e-20 4.964676825177943181e-17
4.826503748476472885e-18 2.990065690839727522e-15 1.091356388940867284e-12 2.347199656860254890e-10 2.974223534124575963e-08 2.220694796051247977e-06 9.769005555426701903e-05 2.532196696847677231e-03 3.867309540510177612e-02 3.479972481727600098e-01 1.845100164413452148e+00 5.764002799987792969e+00 1.060963821411132812e+01 1.150647735595703125e+01 7.352766990661621094e+00 2.768370628356933594e+00 6.141455173492431641e-01 8.027433604001998901e-02 6.182465236634016037e-03 2.805425901897251606e-04 7.500860192521940917e-06 1.181657793836166093e-07 1.096827739743844177e-09 5.998649927480004251e-12 1.932949514425047477e-14 3.670033618286293103e-17 4.105659917853521857e-20 2.706249182055650326e-23 1.051044296712257139e-26 2.405134604550795420e-30 3.241182537916379521e-34 1.652598590660023779e-31 8.493964463434997447e-28 2.572556072953278346e-24 4.590530090036092015e-21 4.826503748476472885e-18
3.302671107043402456e-19 2.520905576300358497e-16 1.133652226996753609e-13 3.004015786123304110e-11 4.689896471177235071e-09 4.314370585234428290e-07 2.338388003408908844e-05 7.467960822395980358e-04 1.405247859656810760e-02 1.557964086532592773e-01 1.017747640609741211e+00 3.917258739471435547e+00 8.883769035339355469e+00 1.187071990966796875e+01 9.345970153808593750e+00 4.335472106933593750e+00 1.185008287429809570e+00 1.908382773399353027e-01 1.810873113572597504e-02 1.012429827824234962e-03 3.335149813210591674e-05 6.473414941865485162e-07 7.403206936373862845e-09 4.988517238180278923e-11 1.980508178246395690e-13 4.633030934673423515e-16 6.385863280230813006e-19 5.186081147925448703e-22 2.481593705263601306e-25 6.996574876162066782e-29 1.162257696684853139e-32 4.907217614916767535e-33 3.107626391483557881e-29 1.159643773083320590e-25 2.549543414737561937e-22 3.302671107043402456e-19
2.082036220015845155e-20 1.957970920626498712e-17 1.084815932559084900e-14 3.541657418726362749e-12 6.812319597315763531e-10 7.721055794718267862e-08 5.155880444362992421e-06 2.028693270403891802e-04 4.703219048678874969e-03 6.424309313297271729e-02 5.170556306838989258e-01 2.451919078826904297e+00 6.850924015045166016e+00 1.127861213684082031e+01 1.094034194946289062e+01 6.252747535705566406e+00 2.105633258819580078e+00 4.177867770195007324e-01 4.884318262338638306e-02 3.364411182701587677e-03 1.365484786219894886e-04 3.265369059590739198e-06 4.600939007559645688e-08 3.819666805071619820e-10 1.868353128459121493e-12 5.384854414041025106e-15 9.144430386575742658e-18 9.149614392098097838e-21 5.394122401526810836e-24 1.873716635443936818e-27 3.834909965532224814e-31 1.341357751667014250e-34 1.047531634464090408e-30 4.816071322828097052e-27 1.304534703570736941e-23 2.082036220015845155e-20
1.210287616890471855e-21 1.402145998122817958e-18 9.570468569931097486e-16 3.849222373134009167e-13 9.121157995561901544e-11 1.273566851978102932e-08 1.047700379785965197e-06 5.078563481220044196e-05 1.450469018891453743e-03 2.440779842436313629e-02 2.420077621936798096e-01 1.413796186447143555e+00 4.866531372070312500e+00 9.869945526123046875e+00 1.179450702667236328e+01 8.304426193237304688e+00 3.445164203643798828e+00 8.421161174774169922e-01 1.212858036160469055e-01 1.029209978878498077e-02 5.146017065271735191e-04 1.516026168246753514e-05 2.631527138419187395e-07 2.691401768117884785e-09 1.621815182151209456e-11 5.758451170328332536e-14 1.204689565207774462e-16 1.484959805534023738e-19 1.078502609278813890e-22 4.615223946722125324e-26 1.163673429167141680e-29 1.728560402122342829e-33 3.256852860252649504e-32 1.844631145127303563e-28 6.155532919398394483e-25 1.210287616890471855e-21
6.479858723311538465e-23 9.248336782619167798e-20 7.776610812230711498e-17 3.853175238729619756e-14 1.124822717607498745e-11 1.934843840700750661e-09 1.960870861239527585e-07 1.170962241303641349e-05 4.120040393900126219e-04 8.541021496057510376e-03 1.043277382850646973e-01 7.508376836776733398e-01 3.183968544006347656e+00 7.955228328704833984e+00 1.171136093139648438e+01 1.015843582153320312e+01 5.191775798797607422e+00 1.563391447067260742e+00 2.773923575878143311e-01 2.899869717657566071e-02 1.786219654604792595e-03 6.482742901425808668e-05 1.386277062920271419e-06 1.746667166457882558e-08 1.296650287141432045e-10 5.671731530612622585e-13 1.461757897240807420e-15 2.219746825206715881e-18 1.986079633888642686e-21 1.047032202533597560e-24 3.252309711884461539e-28 5.951975761560904944e-32 9.325018524210660298e-34 6.507431401858349967e-30 2.675177398065717686e-26 6.479858723311538465e-23
3.195365110284114356e-24 5.618349660953678734e-21 5.820035345297589743e-18 3.552580906386018818e-15 1.277610829630848599e-12 2.707368218501926549e-10 3.380178981160497642e-08 2.486699031578609720e-06 1.077882770914584398e-04 2.752762520685791969e-03 4.142370820045471191e-02 3.672685325145721436e-01 1.918650865554809570e+00 5.905663490295410156e+00 1.071058464050292969e+01 1.144517517089843750e+01 7.206097602844238281e+00 2.673263311386108398e+00 5.843286514282226562e-01 7.525418698787689209e-02 5.710625555366277695e-03 2.553230733610689640e-04 6.726213541696779430e-06 1.044046058495951002e-07 9.548202228870650288e-10 5.145198503364589726e-12 1.633623317458428315e-14 3.056117373006177066e-17 3.368631006076263729e-20 2.187788495899960400e-23 8.371863393855763274e-27 1.887509898945864077e-30 2.506119517642057720e-34 2.114417172157407353e-31 1.070834286152305400e-27 3.195365110284114356e-24
1.451287868414824588e-25 3.143633678935292080e-22 4.011781509924259498e-19 3.016795191918876257e-16 1.336558901748885475e-13 3.489234595699386432e-11 5.366735944534184455e-09 4.863868525717407465e-07 2.597286220407113433e-05 8.171577937901020050e-04 1.514872536063194275e-02 1.654625833034515381e-01 1.064882755279541016e+00 4.037971019744873047e+00 9.021886825561523438e+00 1.187671661376953125e+01 9.212188720703125000e+00 4.210116386413574219e+00 1.133699893951416016e+00 1.798712015151977539e-01 1.681525632739067078e-02 9.261872619390487671e-04 3.005864346050657332e-05 5.747853037973982282e-07 6.475889602342022044e-09 4.299026412635242878e-11 1.681547560699811483e-13 3.875370551266292540e-16 5.262454814661826443e-19 4.210467457704076764e-22 1.984886943253125460e-25 5.513041873356516183e-29 9.022901415027962498e-33 6.327498746064211353e-33 3.947877427078451160e-29 1.451287868414824588e-25
5.996355148458459652e-27 1.601413827780707303e-23 2.519689081064555856e-20 2.336111574571439996e-17 1.276072922730495801e-14 4.107261405983386737e-12 7.788811817732721465e-10 8.703287335265486035e-08 5.730067641707137227e-06 2.222713956143707037e-04 5.080334842205047607e-03 6.841537356376647949e-02 5.428680181503295898e-01 2.538009166717529297e+00 6.991434097290039062e+00 1.134760189056396484e+01 1.085195827484130859e+01 6.114742279052734375e+00 2.030111551284790039e+00 3.971204161643981934e-01 4.577215760946273804e-02 3.108393866568803787e-03 1.243782171513885260e-04 2.932376446551643312e-06 4.073348236488527618e-08 3.333952280915042365e-10 1.607819129570420280e-12 4.568587397496895464e-15 7.648775342516561410e-18 7.545216006901239085e-21 4.385477353932625542e-24 1.501800303883317702e-27 3.030495906476387191e-31 1.718468278025304622e-34 1.323003281285505670e-30 5.996355148458459652e-27
2.280703573512864182e-28 7.509595899916025301e-25 1.456782390721480688e-21 1.665242992859343567e-18 1.121487080515981040e-15 4.450511682276003800e-13 1.040551464437378115e-10 1.433544660756069788e-08 1.163654474112263415e-06 5.565216997638344765e-05 1.568291801959276199e-03 2.603892423212528229e-02 2.547415494918823242e-01 1.468364119529724121e+00 4.987039089202880859e+00 9.979625701904296875e+00 1.176672554016113281e+01 8.174509048461914062e+00 3.346095561981201172e+00 8.070054054260253906e-01 1.146808713674545288e-01 9.601995348930358887e-03 4.737020935863256454e-04 1.376943782815942541e-05 2.358212043418461690e-07 2.379735741797617266e-09 1.414945504513154262e-11 4.957019766448772513e-14 1.023218976656747013e-16 1.244461695325176553e-19 8.917942529246358037e-23 3.765243885827577916e-26 9.367663816505137614e-30 1.372928545276475758e-33 4.081373103657409403e-32 2.280703573512864182e-28
7.984576034853057343e-30 3.241437471421706159e-26 7.752655501626880526e-23 1.092621707898557853e-19 9.072377992138698629e-17 4.438870061448940696e-14 1.279559964928456139e-11 2.173416779882586525e-09 2.175161171180661768e-07 1.282581797568127513e-05 4.456215247046202421e-04 9.122150018811225891e-03 1.100298017263412476e-01 7.819500565528869629e-01 3.274341583251953125e+00 8.078557968139648438e+00 1.174377822875976562e+01 1.005888557434082031e+01 5.076466560363769531e+00 1.509509325027465820e+00 2.644752562046051025e-01 2.730180695652961731e-02 1.660623122006654739e-03 5.951374623691663146e-05 1.256670657312497497e-06 1.563508966739846073e-08 1.146168715493445234e-10 4.950654686544653238e-13 1.259931439371144227e-15 1.889286722925709357e-18 1.669215337111847683e-21 8.689147070980663887e-25 2.665314431560668715e-28 4.816673913581933091e-32 1.158758066331462874e-33 7.984576034853057343e-30
2.573518716012300291e-31 1.288100561701568303e-27 3.798298205462228057e-24 6.599910933260084662e-21 6.756460046989270677e-18 4.075697231423723588e-15 1.448502017116493068e-12 3.033427398158039523e-10 3.742929521877158550e-08 2.721043983910931274e-06 1.165590219898149371e-04 2.941755810752511024e-03 4.374722391366958618e-02 3.833087086677551270e-01 1.978902339935302734e+00 6.019499778747558594e+00 1.078867816925048828e+01 1.139307212829589844e+01 7.088950157165527344e+00 2.598883390426635742e+00 5.613912343978881836e-01 7.145008444786071777e-02 5.358017049729824066e-03 2.367490669712424278e-04 6.163432772154919803e-06 9.454377902784472099e-08 8.544976948243743209e-10 4.550454197477238338e-12 1.427804475671000384e-14 2.639648974506346224e-17 2.875381268106332655e-20 1.845397146168531071e-23 6.978989257988115541e-27 1.554958785516316309e-30 2.039748792026786606e-34 2.573518716012300291e-31
7.634102593989431962e-33 4.711093070457177868e-29 1.712762964502282517e-25 3.669253845785714448e-22 4.631165046822075399e-19 3.444339836605812659e-16 1.509232734446530610e-13 3.896769712463665769e-11 5.928116664222216059e-09 5.313397650752449408e-07 2.806184602377470583e-05 8.731907582841813564e-04 1.600980386137962341e-02 1.729484200477600098e-01 1.100842952728271484e+00 4.128513336181640625e+00 9.122938156127929688e+00 1.187792587280273438e+01 9.112007141113281250e+00 4.118624687194824219e+00 1.096890449523925781e+00 1.721207797527313232e-01 1.591361686587333679e-02 8.669320959597826004e-04 2.782608135021291673e-05 5.262544391371193342e-07 5.864150054435413040e-09 3.850202795474544359e-11 1.489457971022567495e-13 3.395017372784990767e-16 4.559557055169125485e-19 3.607864059052691132e-22 1.682232198577482748e-25 4.621100683613592357e-29 7.479766063198219724e-33 7.634102593989431962e-33
2.083311877984291317e-34 1.586160167169062451e-30 7.109719071497187846e-27 1.877879125029730409e-23 2.922199690776834022e-20 2.679488970657105228e-17 1.447547458418782518e-14 4.607985000515402163e-12 8.642799809166490377e-10 9.550782920086930972e-08 6.218910129973664880e-06 2.385815460002049804e-04 5.393163301050662994e-03 7.182964682579040527e-02 5.636939406394958496e-01 2.606438636779785156e+00 7.100889205932617188e+00 1.139853954315185547e+01 1.078082656860351562e+01 6.007871627807617188e+00 1.972700595855712891e+00 3.816472887992858887e-01 4.350383207201957703e-02 2.921954030171036720e-03 1.156302605522796512e-04 2.696152932912809774e-06 3.704117546021734597e-08 2.998424564193413744e-10 1.430103539930283052e-12 4.018942635825896448e-15 6.654578278892645641e-18 6.492038584226857085e-21 3.732028367397326518e-24 1.263957681697713230e-27 2.522394821002947856e-31 2.083311877984291317e-34
1.135023182349430045e-33 4.915196797101752296e-32 2.716307519439452607e-28 8.845497330243205374e-25 1.697054730706302048e-21 1.918562712755492389e-18 1.277870009007214206e-15 5.015321383021464907e-13 1.159774359882348449e-10 1.580120567723497516e-08 1.268526148123783059e-06 6.000035864417441189e-05 1.672224840149283409e-03 2.745913341641426086e-02 2.656804323196411133e-01 1.514596939086914062e+00 5.087383270263671875e+00 1.006848907470703125e+01 1.174084377288818359e+01 8.066802024841308594e+00 3.265683174133300781e+00 7.789474725723266602e-01 1.094729825854301453e-01 9.065356105566024780e-03 4.422991769388318062e-04 1.271515975531656295e-05 2.153751523792379885e-07 2.149489697345075001e-09 1.263992122774171278e-11 4.379447650880441412e-14 8.940518785052845594e-17 1.075362196676726796e-19 7.621667357125466134e-23 3.182540376680806773e-26 7.830439949358547321e-30 1.135023182349430045e-33
3.999654499629770209e-32 1.401643025366683344e-33 9.551185379979243508e-30 3.834807242823680467e-26 9.070967660907302438e-23 1.264343886076683553e-19 1.038274457898600168e-16 5.024127137541120613e-14 1.432429869163698299e-11 2.406161714318955092e-09 2.381603962930967100e-07 1.388862438034266233e-05 4.772384418174624443e-04 9.661899879574775696e-03 1.152581125497817993e-01 8.100959062576293945e-01 3.354883193969726562e+00 8.186216354370117188e+00 1.176936912536621094e+01 9.969907760620117188e+00 4.976211547851562500e+00 1.463420391082763672e+00 2.535735368728637695e-01 2.588908374309539795e-02 1.557342940941452980e-03 5.519823025679215789e-05 1.152745880972361192e-06 1.418438522193810059e-08 1.028379673084778290e-10 4.393035956708202239e-13 1.105714162367803493e-15 1.639732329177901917e-18 1.432862411513849849e-21 7.376746300058083518e-25 2.237734150523640563e-28 3.999654499629770209e-32
7.146221363168639418e-31 8.935807293701112214e-35 5.630743013037684655e-31 2.688115949506506687e-27 7.560591221488358693e-24 1.253054793264024057e-20 1.223530158758221267e-17 7.039781880672319955e-15 2.386550158883782302e-12 4.766720906879129416e-10 5.610012010492937407e-08 3.890012521878816187e-06 1.589376188348978758e-04 3.826059866696596146e-03 5.426990985870361328e-02 4.535567760467529297e-01 2.233376502990722656e+00 6.479872703552246094e+00 1.107731246948242188e+01 1.115761184692382812e+01 6.621810913085937500e+00 2.315505504608154297e+00 4.770672917366027832e-01 5.791493132710456848e-02 4.142439924180507660e-03 1.745804620441049337e-04 4.335139692557277158e-06 6.342733627207053360e-08 5.467887254084757842e-10 2.777342158338802491e-12 8.311995297778651537e-15 1.465653534114127955e-17 1.522862449047425225e-20 9.322313260351372866e-24 3.362533860386151286e-27 7.146221363168639418e-31
3.837125772383524826e-30 5.322116794905140446e-34 1.025143568726408400e-31 5.422503425188386128e-28 1.689849316218780397e-24 3.103126062727202114e-21 3.357229975693445348e-18 2.140233087936514907e-15 8.039155821072674346e-13 1.779085212483266787e-10 2.319941572181960510e-08 1.782381445991632063e-06 8.068881288636475801e-05 2.152160741388797760e-03 3.382353112101554871e-02 3.131973147392272949e-01 1.708814978599548340e+00 5.493340492248535156e+00 1.040496826171875000e+01 1.161219787597656250e+01 7.635835647583007812e+00 2.958438396453857422e+00 6.753568649291992188e-01 9.084068238735198975e-02 7.199178915470838547e-03 3.361701383255422115e-04 9.249185495718847960e-06 1.499385291481303284e-07 1.432163609926817571e-09 8.060086452432724258e-12 2.672714717458831574e-14 5.221747023330438058e-17 6.011468539539212251e-20 4.077375263396256890e-23 1.629524241490987073e-26 3.837125772383524826e-30
1.683629299936985331e-29 2.558877448981388985e-33 2.214428584173672820e-32 1.283239658966680748e-28 4.381111600467906158e-25 8.813849745338676405e-22 1.044661595036974312e-18 7.296012523590298011e-16 3.002362898227306509e-13 7.279114810909703692e-11 1.039891817100624394e-08 8.752667781664058566e-07 4.340929444879293442e-05 1.268448308110237122e-03 2.183969132602214813e-02 2.215568721294403076e-01 1.324282169342041016e+00 4.663922309875488281e+00 9.677972793579101562e+00 1.183279609680175781e+01 8.524290084838867188e+00 3.618207454681396484e+00 9.048852324485778809e-01 1.333427280187606812e-01 1.157714240252971649e-02 5.922517739236354828e-04 1.785170388757251203e-05 3.170435434185492340e-07 3.317626617871383132e-09 2.045519309490373416e-11 7.430957704637058958e-14 1.590515852008966445e-16 2.006001131875117294e-19 1.490594710924131982e-22 6.526338713530761253e-26 1.683629299936985331e-29
6.297053046236317880e-29 1.039110410567214803e-32 5.491304962135023023e-33 3.454952509699551532e-29 1.280635191162076835e-25 2.797157386555574891e-22 3.599459374924366021e-19 2.729369384344706388e-16 1.219413703042529495e-13 3.209790072622453749e-11 4.978494061447236163e-09 4.549476102511107456e-07 2.449705789331346750e-05 7.771679665893316269e-04 1.452779769897460938e-02 1.600109487771987915e-01 1.038379907608032227e+00 3.970436573028564453e+00 8.945039749145507812e+00 1.187398910522460938e+01 9.287061691284179688e+00 4.279813766479492188e+00 1.162080287933349609e+00 1.859187781810760498e-01 1.752534136176109314e-02 9.733806946314871311e-04 3.185420064255595207e-05 6.142117854324169457e-07 6.978082556230447153e-09 4.671143333245808549e-11 1.842375129410336876e-13 4.281373030522183949e-16 5.862570213165985256e-19 4.729587915566457335e-22 2.248262454565067382e-25 6.297053046236317880e-29
2.447416402841398189e-28 4.399066321140868703e-32 1.271496974453943729e-33 8.714517777787125730e-30 3.518359696628555907e-26 8.370478109732769259e-23 1.173245321993482212e-19 9.690193897698634660e-17 4.715627573755737378e-14 1.352018670630616981e-11 2.284121336515454459e-09 2.273531123364591622e-07 1.333436375716701150e-05 4.607774899341166019e-04 9.381989017128944397e-03 1.125546246767044067e-01 7.955859899520874023e-01 3.313503742218017578e+00 8.131099700927734375e+00 1.175660324096679688e+01 1.001569938659667969e+01 5.027429580688476562e+00 1.486878633499145508e+00 2.591076195240020752e-01 2.660366892814636230e-02 1.609445200301706791e-03 5.736911771236918867e-05 1.204889485961757600e-06 1.491022949551279453e-08 1.087144888001212450e-10 4.670471366423345483e-13 1.182179108769119795e-15 1.763213851019817888e-18 1.549388451081381574e-21 8.022363869956800948e-25 2.447416402841398189e-28
9.335851034849850823e-28 1.827182776545279755e-31 2.918687040300727314e-34 2.179067856819864113e-30 9.579697262154596406e-27 2.481671841936263447e-23 3.787598632569225803e-20 3.406342997383168814e-17 1.804989432929466481e-14 5.635085280342178038e-12 1.036625674188940138e-09 1.123529926871924545e-07 7.175261998781934381e-06 2.699840697459876537e-04 5.985820665955543518e-03 7.819397747516632080e-02 6.018368005752563477e-01 2.729362010955810547e+00 7.292967796325683594e+00 1.148202991485595703e+01 1.065122509002685547e+01 5.821650505065917969e+00 1.874811172485351562e+00 3.557488918304443359e-01 3.977289050817489624e-02 2.620010171085596085e-03 1.016919341054745018e-04 2.325610466868965887e-06 3.133694193024894048e-08 2.487944572582279079e-10 1.163843869368685890e-12 3.207740029273400267e-15 5.209587633762031061e-18 4.984706693518185038e-21 2.810363912073715207e-24 9.335851034849850823e-28
3.544600106934843118e-27 7.558516602764750183e-31 9.484507738061431068e-35 5.322991068828564522e-31 2.549614623485843008e-27 7.196171404295175743e-24 1.196622415456511110e-20 1.172508252368909180e-17 6.769266662373608565e-15 2.302506275919657952e-12 4.614850446227336533e-10 5.449484774544544052e-08 3.791781637119129300e-06 1.554456248413771391e-04 3.754902165383100510e-03 5.344067141413688660e-02 4.481517076492309570e-01 2.214331150054931641e+00 6.446451663970947266e+00 1.105784797668457031e+01 1.117600250244140625e+01 6.655312538146972656e+00 2.335152149200439453e+00 4.827654659748077393e-01 5.880513787269592285e-02 4.220522008836269379e-03 1.784779888112097979e-04 4.447044375410769135e-06 6.528664187044341816e-08 5.647367573580197586e-10 2.878295258385010769e-12 8.643205508945817073e-15 1.529379197632968186e-17 1.594363650390824836e-20 9.793654495777306535e-24 3.544600106934843118e-27
1.479945274578999115e-26 3.462879968369858586e-30 4.773148994456631641e-34 1.138824686998951167e-31 5.985472488714705137e-28 1.853742663457045200e-24 3.382432805402395096e-21 3.636753329829202119e-18 2.303891500049070479e-15 8.598982528633392075e-13 1.891158341038590152e-10 2.450468095105406974e-08 1.870948835858143866e-06 8.416298805968835950e-05 2.230826998129487038e-03 3.483879566192626953e-02 3.205831050872802734e-01 1.738131999969482422e+00 5.552454471588134766e+00 1.045103549957275391e+01 1.159042167663574219e+01 7.573658943176269531e+00 2.915929794311523438e+00 6.614881753921508789e-01 8.841492980718612671e-02 6.963192950934171677e-03 3.231050795875489712e-04 8.833949323161505163e-06 1.423086644081195118e-07 1.350759504248344456e-09 7.554251495178743170e-12 2.489183175986148244e-14 4.833030368945638784e-17 5.528609611779625030e-20 3.726482990777984894e-23 1.479945274578999115e-26
5.904496918277339357e-26 1.513069244988605535e-29 2.284676493920797354e-33 2.476262897853232429e-32 1.425367029590139496e-28 4.834688871599620473e-25 9.661267606227626663e-22 1.137643623525564755e-18 7.892965875310462617e-16 3.226341177726965714e-13 7.771046306448425867e-11 1.102777780204178271e-08 9.221237178280716762e-07 4.542924943962134421e-05 1.318767666816711426e-03 2.255617082118988037e-02 2.273091971874237061e-01 1.349729537963867188e+00 4.722107410430908203e+00 9.734144210815429688e+00 1.182291889190673828e+01 8.460941314697265625e+00 3.567611217498779297e+00 8.863589763641357422e-01 1.297479569911956787e-01 1.119104027748107910e-02 5.687129450961947441e-04 1.702906592981889844e-05 3.004394102390506305e-07 3.123119540759944357e-09 1.912884434185357918e-11 6.903044759073995174e-14 1.467880966067610748e-16 1.838970877227757221e-19 1.357517410310202680e-22 5.904496918277339357e-26
2.720085585396477937e-25 7.715841099136430578e-29 1.289711259419935074e-32 4.419406928450703713e-33 2.815937079168819559e-29 1.057262323315826658e-25 2.338664360247412049e-22 3.048314361153053560e-19 2.341081540389454603e-16 1.059267148821596560e-13 2.824192615880072310e-11 4.436317091460750817e-09 4.106214532839658204e-07 2.239276000182144344e-05 7.195483194664120674e-04 1.362314447760581970e-02 1.519665867090225220e-01 9.988433122634887695e-01 3.868173599243164062e+00 8.826480865478515625e+00 1.186680316925048828e+01 9.400424957275390625e+00 4.387589454650878906e+00 1.206639051437377930e+00 1.955186575651168823e-01 1.866711489856243134e-02 1.050074235536158085e-03 3.480468876659870148e-05 6.797058631491381675e-07 7.821210346037332783e-09 5.302668026896384390e-11 2.118195755514834522e-13 4.985803745941486554e-16 6.914174231686540560e-19 5.649747082287944016e-22 2.720085585396477937e-25
1.509602487984831410e-24 4.806711399594872305e-28 9.018672427164085466e-32 6.077566606560315111e-34 4.347369690018965125e-30 1.832165351709963296e-26 4.549179086857012161e-23 6.655916553726179870e-20 5.737834933669622660e-17 2.914216177402062513e-14 8.721533911737466838e-12 1.537815652596918881e-09 1.597747427695139777e-07 9.780377695278730243e-06 3.527702065184712410e-04 7.497075945138931274e-03 9.387408196926116943e-02 6.925939917564392090e-01 3.010717868804931641e+00 7.711432933807373047e+00 1.163761711120605469e+01 1.034811687469482422e+01 5.421549797058105469e+00 1.673622369766235352e+00 3.044049441814422607e-01 3.262299299240112305e-02 2.059917896986007690e-03 7.663910218980163336e-05 1.680032482909155078e-06 2.169971935472858604e-08 1.651411785097423035e-10 7.404788045749233216e-13 1.956436043986514717e-15 3.045456710630624273e-18 2.793331373299929533e-21 1.509602487984831410e-24
9.640383555058295268e-24 3.485175923686763833e-27 7.424433604539335794e-31 9.305177694854466691e-35 5.419329883844555917e-31 2.593215366310836763e-27 7.310582267962094748e-24 1.214423439173880299e-20 1.188653411718902940e-17 6.854470553570865890e-15 2.329114331955928208e-12 4.662805141997239389e-10 5.500424293813921395e-08 3.822872713499236852e-06 1.565565180499106646e-04 3.777612932026386261e-03 5.370518192648887634e-02 4.498777389526367188e-01 2.220397710800170898e+00 6.457158088684082031e+00 1.106408214569091797e+01 1.117013072967529297e+01 6.644554138183593750e+00 2.328868865966796875e+00 4.809332489967346191e-01 5.851962417364120483e-02 4.195405635982751846e-03 1.772227114997804165e-04 4.410952897160314023e-06 6.468646773782893433e-08 5.589340101863626842e-10 2.845516790944691010e-12 8.536093110567827269e-15 1.508669738380968075e-17 1.571119390501944591e-20 9.640383555058295268e-24
6.757087164600272378e-23 2.797728788584548481e-26 6.825976453078076146e-30 9.810149634569826252e-34 5.665263285440542443e-32 3.104701385380519767e-28 1.002421723912896732e-24 1.907162241365822336e-21 2.137904334629800493e-18 1.411960512634371882e-15 5.494852619788992421e-13 1.259876925008285298e-10 1.702132834680014639e-08 1.354883806925499812e-06 6.354774086503311992e-05 1.756090205162763596e-03 2.859411016106605530e-02 2.743288874626159668e-01 1.550684928894042969e+00 5.164763450622558594e+00 1.013538360595703125e+01 1.171923732757568359e+01 7.984052658081054688e+00 3.204925537109375000e+00 7.580085992813110352e-01 1.056347489356994629e-01 8.673514239490032196e-03 4.196203954052180052e-04 1.196149969473481178e-05 2.009011126347104437e-07 1.988134989971968025e-09 1.159216646284821906e-11 3.982698434826063838e-14 8.061694309007927210e-17 9.615208832627481613e-20 6.757087164600272378e-23
4.840306121336036784e-22 2.304591067502373730e-25 6.465839741003092367e-29 1.068747047608543242e-32 5.338379024564797530e-33 3.364352853070376421e-29 1.249114158282191815e-25 2.732840862755309204e-22 3.522817472256148087e-19 2.675456001949766188e-16 1.197311564130054684e-13 3.156840067131128080e-11 4.904462169719181475e-09 4.489266132168268086e-07 2.421297358523588628e-05 7.694298983551561832e-04 1.440702378749847412e-02 1.589439809322357178e-01 1.033166408538818359e+00 3.957054615020751953e+00 8.929678916931152344e+00 1.187326049804687500e+01 9.301839828491210938e+00 4.293759822845458984e+00 1.167801141738891602e+00 1.871438026428222656e-01 1.767008006572723389e-02 9.830491617321968079e-04 3.222393570467829704e-05 6.223712603059539106e-07 7.082538111546909931e-09 4.748768739348818713e-11 1.876152228366678720e-13 4.367097529344647448e-16 5.989634461036021528e-19 4.840306121336036784e-22
3.792945822085626943e-21 2.096003227957002062e-24 6.825150499965832451e-28 1.309369991844216846e-31 4.129165434618180389e-34 3.021322912799858454e-30 1.301953294309059593e-26 3.305991729302597645e-23 4.946163308147481734e-20 4.359838059939984069e-17 2.264499216397472536e-14 6.929660404525472828e-12 1.249529701929930070e-09 1.327462371136789443e-07 8.309774784720502794e-06 3.064806805923581123e-04 6.660415790975093842e-03 8.528350293636322021e-02 6.434044837951660156e-01 2.860090255737304688e+00 7.490942001342773438e+00 1.156017208099365234e+01 1.051131057739257812e+01 5.631432533264160156e+00 1.777639508247375488e+00 3.306307196617126465e-01 3.623264655470848083e-02 2.339534927159547806e-03 8.900758257368579507e-05 1.995223101403098553e-06 2.635259122030220169e-08 2.050731806590988526e-10 9.403495777188242144e-13 2.540427144635728357e-15 4.043973518208445091e-18 3.792945822085626943e-21
3.083963260614674825e-20 1.989657402083745854e-23 7.564012819383093323e-27 1.694123210721465283e-30 2.234317673083097451e-34 2.359450380179534170e-31 1.187016106343962622e-27 3.518953881453510346e-24 6.146586069219048482e-21 6.325376525118485410e-18 3.835633271095277921e-15 1.370331474161157193e-12 2.884772143385561094e-10 3.577985552283280413e-08 2.614908680698135868e-06 1.125953713199123740e-04 2.856740262359380722e-03 4.270562529563903809e-02 3.761443197727203369e-01 1.952096939086914062e+00 5.969094753265380859e+00 1.075443077087402344e+01 1.141645336151123047e+01 7.140743732452392578e+00 2.631597042083740234e+00 5.714384913444519043e-01 7.311012595891952515e-02 5.511441268026828766e-03 2.447966835461556911e-04 6.406493412214331329e-06 9.878796447537752101e-08 8.975132859134760110e-10 4.804752082310237427e-12 1.515443755998203273e-14 2.816383887876058585e-17 3.083963260614674825e-20
2.553353005549991277e-19 1.932559523546104184e-22 8.619089936361699559e-26 2.264741646689715058e-29 3.506468791776174551e-33 1.622322675709680024e-32 9.575084515493043147e-29 3.330062912635375816e-25 6.823869478263641695e-22 8.238268604582197087e-19 5.860654843370394218e-16 2.456353805253830291e-13 6.066416813332864422e-11 8.827028885605159303e-09 7.568115734102320857e-07 3.823020597337745130e-05 1.137922517955303192e-03 1.995644345879554749e-02 2.062090933322906494e-01 1.255482673645019531e+00 4.503736972808837891e+00 9.519367218017578125e+00 1.185516834259033203e+01 8.699118614196777344e+00 3.761032581329345703e+00 9.581030607223510742e-01 1.438058614730834961e-01 1.271801814436912537e-02 6.626981776207685471e-04 2.034634235315024853e-05 3.680646614157012664e-07 3.922989044724545238e-09 2.463783690953569305e-11 9.116555302552190043e-14 1.987631235112486132e-16 2.553353005549991277e-19
2.757697739521136420e-18 2.509644168059578415e-21 1.345806565068361403e-24 4.251919834612421499e-28 7.915771905471179145e-32 6.953678617439993639e-34 4.935395598650575860e-30 2.063844401035245854e-26 5.085091111730182354e-23 7.381551698800373600e-20 6.313954318911985672e-17 3.181903660909660148e-14 9.448679685886141044e-12 1.653085890396255309e-09 1.704170529137627454e-07 1.035083823808236048e-05 3.704464470501989126e-04 7.811601273715496063e-03 9.705267101526260376e-02 7.104832530021667480e-01 3.064494609832763672e+00 7.788211345672607422e+00 1.166222000122070312e+01 1.028943252563476562e+01 5.348934650421142578e+00 1.638382196426391602e+00 2.956807911396026611e-01 3.144186735153198242e-02 1.969922333955764771e-03 7.272150833159685135e-05 1.581773176440037787e-06 2.027131884574373544e-08 1.530770787905311181e-10 6.810507561551271127e-13 1.785376046222614255e-15 2.757697739521136420e-18
3.190601720484028390e-17 3.528975444175693244e-20 2.300018316936124352e-23 8.831662990266682982e-27 1.998313313008045818e-30 2.662406083358688744e-34 1.995393667159247453e-31 1.014124219678353827e-27 3.036862444041677338e-24 5.357795038141577533e-21 5.569937287092181826e-18 3.411522180339155233e-15 1.231240153234947066e-12 2.618047445501758830e-10 3.280246119174989872e-08 2.421473936919937842e-06 1.053273299476131797e-04 2.699398901313543320e-03 4.076100885868072510e-02 3.626624941825866699e-01 1.901158452033996582e+00 5.872304439544677734e+00 1.068719291687011719e+01 1.145999145507812500e+01 7.240549564361572266e+00 2.695441246032714844e+00 5.912203192710876465e-01 7.640910148620605469e-02 5.818314850330352783e-03 2.610491355881094933e-04 6.901039341755677015e-06 1.074889084407004702e-07 9.865115391249901222e-10 5.334367062653777580e-12 1.699593631522382242e-14 3.190601720484028390e-17
3.435537046701472343e-16 4.618342196363854933e-19 3.658313291663385279e-22 1.707278285799216991e-25 4.695021786924374005e-29 7.606549741090126807e-33 7.506526192094689099e-33 4.636961017632175055e-29 1.687626158276447857e-25 3.618672336978432841e-22 4.572222224323078030e-19 3.403604433985577254e-16 1.492962790070398449e-13 3.858313321614126323e-11 5.875427255830345530e-09 5.271659233585523907e-07 2.786768345686141402e-05 8.680426981300115585e-04 1.593060418963432312e-02 1.722681224346160889e-01 1.097573041915893555e+00 4.120386123657226562e+00 9.113960266113281250e+00 1.187793922424316406e+01 9.121000289916992188e+00 4.126806259155273438e+00 1.100139141082763672e+00 1.728052794933319092e-01 1.599273085594177246e-02 8.720910409465432167e-04 2.801998380164150149e-05 5.304337378220225219e-07 5.916756862234251457e-09 3.888464550350079207e-11 1.505745669209274107e-13 3.435537046701472343e-16
2.752499630672734787e-15 4.411564310620885059e-18 4.166403732265897377e-21 2.318242108251997034e-24 7.600888118545789632e-28 1.468238641105024413e-31 3.665893009054539503e-34 2.700867918358916222e-30 1.171979832007747044e-26 2.996174497386097469e-23 4.513559803127039065e-20 4.005928834859171178e-17 2.095023000838348165e-14 6.455200089738877267e-12 1.171998720295164276e-09 1.253746688689716393e-07 7.901968274381943047e-06 2.934603253379464149e-04 6.421158555895090103e-03 8.278644829988479614e-02 6.288707852363586426e-01 2.814749717712402344e+00 7.423057556152343750e+00 1.153426361083984375e+01 1.056003189086914062e+01 5.696522712707519531e+00 1.810578346252441406e+00 3.390780091285705566e-01 3.741448000073432922e-02 2.432494657114148140e-03 9.318187949247658253e-05 2.103138967868289910e-06 2.797001741328131175e-08 2.191598985623599560e-10 1.011836447961655949e-12 2.752499630672734787e-15
2.495191350087612447e-14 4.845344110416348175e-17 5.544324104713571885e-20 3.737686708898295792e-23 1.484785983938419769e-26 3.474974958883887333e-30 4.790844776211314967e-34 1.134783102321953978e-31 5.966050448190532057e-28 1.847946507955933815e-24 3.372859239943730831e-21 3.626917325165334067e-18 2.298150310732580831e-15 8.579372021838560514e-13 1.887241474207712599e-10 2.445920088689490512e-08 1.867875198513502255e-06 8.404630352742969990e-05 2.228118246421217918e-03 3.480495512485504150e-02 3.203302323818206787e-01 1.737132310867309570e+00 5.550504684448242188e+00 1.044948291778564453e+01 1.159115219116210938e+01 7.575767517089843750e+00 2.917364120483398438e+00 6.619547605514526367e-01 8.849615603685379028e-02 6.970850750803947449e-03 3.235404728911817074e-04 8.847522622090764344e-06 1.425616176220501075e-07 1.353405609805236054e-09 7.570609937557204461e-12 2.495191350087612447e-14
2.109631642554371522e-13 4.963428841244172177e-16 6.881100448869373440e-19 5.620382271516507402e-22 2.705081944017240056e-25 7.670469800765313027e-29 1.281648249794057298e-32 4.447447244163615486e-33 2.833025494453502931e-29 1.063175328838523905e-25 2.351079894935887257e-22 3.063094786229669051e-19 2.351553514595477925e-16 1.063615748210164358e-13 2.834732448775412195e-11 4.451225166235417419e-09 4.118497827221290208e-07 2.245240284537430853e-05 7.211655029095709324e-04 1.364868693053722382e-02 1.521951556205749512e-01 9.999759197235107422e-01 3.871174812316894531e+00 8.829944610595703125e+00 1.186706733703613281e+01 9.397150039672851562e+00 4.384437561035156250e+00 1.205325126647949219e+00 1.952335387468338013e-01 1.863241009414196014e-02 1.047766534611582756e-03 3.471452509984374046e-05 6.777110002076369710e-07 7.795117440423382504e-09 5.283003201572711305e-11 2.109631642554371522e-13
1.157024454544186565e-12 3.187187198324748297e-15 5.173347196764857813e-18 4.947292118877932516e-21 2.787855343865044077e-24 9.255570571048013284e-28 1.810682714991092552e-31 2.946789850068774599e-34 2.198841176433464041e-30 9.661316632453771952e-27 2.501431703206782484e-23 3.815646194565882233e-20 3.429668828912674152e-17 1.816227019040689283e-14 5.667442209977835432e-12 1.041938202384073975e-09 1.128732094457518542e-07 7.204489975265460089e-06 2.709341933950781822e-04 6.003557238727807999e-03 7.838027179241180420e-02 6.029542684555053711e-01 2.732918262481689453e+00 7.298439025878906250e+00 1.148429679870605469e+01 1.064744377136230469e+01 5.816370487213134766e+00 1.872107028961181641e+00 3.550336956977844238e-01 3.967100754380226135e-02 2.611902076750993729e-03 1.013193395920097828e-04 2.315867732249898836e-06 3.118758229447848862e-08 2.474730143031678153e-10 1.157024454544186565e-12
6.072733461925938769e-12 1.959140620187097698e-14 3.724319827526923203e-17 4.171224644273432992e-20 2.752845618005245051e-23 1.070353054037101361e-26 2.452329480222185409e-30 3.308771396789997498e-34 1.620252042410706565e-31 8.337631915024224544e-28 2.528214595901257883e-24 4.516589513679227919e-21 4.754543171087422242e-18 2.948790622352972721e-15 1.077649037714567548e-12 2.320465902760915355e-10 2.943844989999888639e-08 2.200619746872689575e-06 9.692183812148869038e-05 2.515264321118593216e-03 3.845901414752006531e-02 3.464919328689575195e-01 1.839299082756042480e+00 5.752700805664062500e+00 1.060140419006347656e+01 1.151120281219482422e+01 7.364521026611328125e+00 2.776128053665161133e+00 6.165887117385864258e-01 8.068932592868804932e-02 6.221801508218050003e-03 2.826632698997855186e-04 7.566713065898511559e-06 1.193416494515986415e-07 1.109061287252188777e-09 6.072733461925938769e-12
3.418811761468631971e-11 1.306932806335175945e-13 2.943922300488628629e-16 3.906922667104267831e-19 3.055236828904356711e-22 1.407619117151634631e-25 3.821512649528897458e-29 6.112267934480558302e-33 9.340050525563784931e-33 5.695167438547495141e-29 2.046292862191660545e-25 4.331677892166330176e-22 5.403222343354569310e-19 3.970815811949683204e-16 1.719517811558241016e-13 4.387037261244230990e-11 6.595246127005793824e-09 5.841910706294584088e-07 3.048762664548121393e-05 9.375195950269699097e-04 1.698586717247962952e-02 1.813326328992843628e-01 1.140589237213134766e+00 4.227091789245605469e+00 9.230537414550781250e+00 1.187619495391845703e+01 9.003158569335937500e+00 4.021451950073242188e+00 1.058357715606689453e+00 1.641146391630172729e-01 1.499478518962860107e-02 8.072103373706340790e-04 2.560457323852460831e-05 4.785156306752469391e-07 5.269303215982290567e-09 3.418811761468631971e-11
1.864518400784831442e-10 8.465441889149438737e-13 2.264800717775047705e-15 3.569842690079787711e-18 3.315644837184057155e-21 1.814327425542903650e-24 5.850165317506807689e-28 1.111349387339441512e-31 4.895483058888691734e-34 3.546461190216149728e-30 1.513452757825843796e-26 3.805086669096016952e-23 5.637222949851812463e-20 4.920389575181854079e-17 2.530668816863590465e-14 7.668941003069473794e-12 1.369225621772329760e-09 1.440479735492772306e-07 8.928614988690242171e-06 3.260980010963976383e-04 7.017180323600769043e-03 8.897323906421661377e-02 6.646918654441833496e-01 2.925769329071044922e+00 7.588107585906982422e+00 1.159553718566894531e+01 1.044038486480712891e+01 5.538748741149902344e+00 1.731289029121398926e+00 3.188541531562805176e-01 3.460128977894783020e-02 2.212316263467073441e-03 8.334612357430160046e-05 1.850001808634260669e-06 2.419560019006894436e-08 1.864518400784831442e-10
9.829788094606328741e-10 5.313225553971179238e-12 1.692264086023201330e-14 3.175521225300451632e-17 3.511250191494903620e-20 2.287409795315795876e-23 8.780704424682152231e-27 1.985805300798912153e-30 2.644772290563912062e-34 2.008130383549277103e-31 1.020208232372673105e-27 3.053648220813422637e-24 5.385827090501748594e-21 5.596495988609728162e-18 3.426730233390632568e-15 1.236264129261810396e-12 2.627723039161367069e-10 3.291113159775704844e-08 2.428562311251880601e-06 1.055952598107978702e-04 2.705129794776439667e-03 4.083333164453506470e-02 3.631673157215118408e-01 1.903075695037841797e+00 5.875975131988525391e+00 1.068973636627197266e+01 1.145837593078613281e+01 7.236817359924316406e+00 2.692997932434082031e+00 5.904582738876342773e-01 7.628143578767776489e-02 5.806361325085163116e-03 2.604183391667902470e-04 6.881598437757929787e-06 1.071474713398856693e-07 9.829788094606328741e-10
5.313506967752346100e-09 3.450590160825051100e-11 1.320383011911216431e-13 2.976762297249269888e-16 3.954469267207757284e-19 3.095026215657235534e-22 1.427398818273919976e-25 3.878436518300800319e-29 6.208949406099814394e-33 9.193913067869558148e-33 5.611792727548756459e-29 2.018013554594168120e-25 4.276185503342994309e-22 5.338459271270495699e-19 3.927175615715957583e-16 1.702073269653492371e-13 4.346815615785537545e-11 6.540813224376051949e-09 5.798759730168967508e-07 3.029197250725701451e-05 9.323269478045403957e-04 1.690803281962871552e-02 1.806682646274566650e-01 1.137438178062438965e+00 4.219386100769042969e+00 9.222162246704101562e+00 1.187644386291503906e+01 9.011716842651367188e+00 4.028964996337890625e+00 1.061314463615417480e+00 1.647289991378784180e-01 1.506445277482271194e-02 8.117401739582419395e-04 2.577103623480070382e-05 4.820838626073964406e-07 5.313506967752346100e-09
2.990756797771609854e-08 2.361611739498670204e-10 1.098828493473202883e-12 3.012243130981213241e-15 4.865752641361501495e-18 4.630633809460708824e-21 2.596803093381830281e-24 8.579551827198594014e-28 1.670129443210447046e-31 3.205576768112224354e-34 2.380200394539345321e-30 1.040763297483129196e-26 2.681628833203702547e-23 4.070745787420394962e-20 3.641266923559658970e-17 1.919086634397104696e-14 5.959025807522611018e-12 1.090314505347578233e-09 1.175358050886643468e-07 7.465838280040770769e-06 2.794050378724932671e-04 6.161335390061140060e-03 8.005338907241821289e-02 6.128308176994323730e-01 2.764255046844482422e+00 7.346433639526367188e+00 1.150392723083496094e+01 1.061407661437988281e+01 5.770111083984375000e+00 1.848207473754882812e+00 3.488124608993530273e-01 3.878740966320037842e-02 2.541382331401109695e-03 9.810716437641531229e-05 2.231549387943232432e-06 2.990756797771609854e-08
1.763687578204553574e-07 1.717941011669665841e-09 9.860273188222468121e-12 3.334326900954892592e-14 6.643953061206340745e-17 7.799685036097393519e-20 5.395506931301564234e-23 2.198971497793343096e-26 5.280382313837246639e-30 7.470688124403002293e-34 7.383718476907644551e-32 3.982654365381426813e-28 1.265841510043144183e-24 2.370353092136757347e-21 2.615481610780660063e-18 1.700293492495051108e-15 6.513174331465587663e-13 1.470037425121972774e-10 1.954813200200078427e-08 1.531698217149823904e-06 7.071105937939137220e-05 1.923480071127414703e-03 3.082846850156784058e-02 2.911195158958435059e-01 1.619826793670654297e+00 5.310377120971679688e+00 1.025780868530273438e+01 1.167479515075683594e+01 7.829078197479248047e+00 3.093405723571777344e+00 7.201727628707885742e-01 9.878592193126678467e-02 7.984222844243049622e-03 3.802095015998929739e-04 1.066812092176405713e-05 1.763687578204553574e-07
9.569496342010097578e-07 1.149837558500621526e-08 8.140942087120350834e-11 3.395892508167852597e-13 8.347007298774289635e-16 1.208763061629225537e-18 1.031465749130390653e-21 5.185637804152409968e-25 1.536047816081643456e-28 2.681158616167662075e-32 2.107316253229799771e-33 1.402234985954658216e-29 5.497783038555927215e-26 1.269929742241406816e-22 1.728535286115509610e-19 1.386240886586587086e-16 6.549924177253613200e-14 1.823612788554029862e-11 2.991354275394542128e-09 2.891315205033606617e-07 1.646523378440178931e-05 5.524944281205534935e-04 1.092325523495674133e-02 1.272418200969696045e-01 8.733463287353515625e-01 3.531847953796386719e+00 8.415710449218750000e+00 1.181527709960937500e+01 9.773832321166992188e+00 4.763769149780273438e+00 1.368072032928466797e+00 2.314872592687606812e-01 2.307931706309318542e-02 1.355729880742728710e-03 4.692424045060761273e-05 9.569496342010097578e-07
4.475216883292887360e-06 6.575415056886413367e-08 5.692756266384435548e-10 2.903776177842765094e-12 8.727725844554640178e-15 1.545513190044692480e-17 1.612678107699345104e-20 9.914091467899208850e-24 3.591050455705552227e-27 7.664845238971769707e-31 9.625049911522365880e-35 5.248988057071417577e-31 2.516539472992914374e-27 7.108155826516951793e-24 1.183091953989517010e-20 1.160228177149130697e-17 6.703482272041576956e-15 2.282223455357668129e-12 4.577767054314563211e-10 5.410543835182579642e-08 3.767687758227111772e-06 1.545951090520247817e-04 3.737507387995719910e-03 5.323783680796623230e-02 4.468261897563934326e-01 2.209605216979980469e+00 6.438209533691406250e+00 1.105296421051025391e+01 1.118050575256347656e+01 6.663599014282226562e+00 2.340063571929931641e+00 4.841805696487426758e-01 5.902878940105438232e-02 4.240092821419239044e-03 1.794573181541636586e-04 4.475216883292887360e-06
1.938819514180067927e-05 3.483457078345963964e-07 3.687845806510381408e-09 2.300264839716348320e-11 8.454302931554594225e-14 1.830693632389699408e-16 2.335894977328042985e-19 1.756001345796096230e-22 7.777851748521923589e-26 2.030008251824860415e-29 3.121408801199456145e-33 1.819967357121062390e-32 1.066980596630083760e-28 3.685326667820691364e-25 7.500675784232757240e-22 8.994012348471496755e-19 6.354890097763805923e-16 2.645631652122004684e-13 6.489161985534508403e-11 9.378686272043523786e-09 7.986178616192773916e-07 4.007049938081763685e-05 1.184608205221593380e-03 2.063366770744323730e-02 2.117674499750137329e-01 1.280556201934814453e+00 4.562609195709228516e+00 9.578342437744140625e+00 1.184778881072998047e+01 8.634735107421875000e+00 3.707927227020263672e+00 9.381561279296875000e-01 1.398604512214660645e-01 1.228488236665725708e-02 6.357990205287933350e-04 1.938819514180067927e-05
7.780700980219990015e-05 1.709437242425337899e-06 2.212977712190422608e-08 1.687889966683897569e-10 7.585853603261916156e-13 2.008646307822322535e-15 3.134025627153667743e-18 2.880934364202948410e-21 1.560371012046913761e-24 4.980032094562598918e-28 9.363994463869271811e-32 5.845406931450394118e-34 4.191172257630853140e-30 1.770148096384761037e-26 4.405499748112402131e-23 6.459679585625338082e-20 5.581213909510872231e-17 2.841261399061639076e-14 8.521807391692615141e-12 1.506067826007040367e-09 1.568201639656763291e-07 9.621651770430617034e-06 3.478257276583462954e-04 7.408392615616321564e-03 9.297546744346618652e-02 6.874926090240478516e-01 2.995328426361083984e+00 7.689216613769531250e+00 1.163029384613037109e+01 1.036487197875976562e+01 5.442605018615722656e+00 1.683884382247924805e+00 3.069677352905273438e-01 3.297085687518119812e-02 2.086608437821269035e-03 7.780700980219990015e-05
2.846738207153975964e-04 7.628706953255459666e-06 1.204592479098209878e-07 1.120669446130762026e-09 6.143355355675561569e-12 1.984140967031897823e-14 3.776063283564565296e-17 4.233874205268948261e-20 2.797060009565434409e-23 1.088860470430684943e-26 2.497284710016840709e-30 3.373753964282651685e-34 1.590381320363091253e-31 8.193040798519408425e-28 2.487139002996852409e-24 4.448550677122473607e-21 4.687781423848267378e-18 2.910847781480716337e-15 1.064893182314841091e-12 2.295567347321281204e-10 2.915508545697775844e-08 2.181871423090342432e-06 9.620748460292816162e-05 2.499415539205074310e-03 3.826054185628890991e-02 3.450788259506225586e-01 1.833846330642700195e+00 5.742061138153076172e+00 1.059362602233886719e+01 1.151559448242187500e+01 7.375584125518798828e+00 2.783365726470947266e+00 6.188963651657104492e-01 8.108193427324295044e-02 6.259063258767127991e-03 2.846738207153975964e-04
8.676827419549226761e-04 2.785423930617980659e-05 5.268743734632153064e-07 5.871798158807450818e-09 3.855892688475748287e-11 1.491829934325422657e-13 3.401034218386252486e-16 4.568126129327292006e-19 3.615168027510823854e-22 1.685875503364439415e-25 4.631764016047867623e-29 7.498512994041927418e-33 7.615435743698374037e-33 4.699751750497167532e-29 1.709050264607569689e-25 3.661538407479418446e-22 4.622502397857113817e-19 3.438395782898455606e-16 1.506843152858372559e-13 3.891158228963575993e-11 5.920098633538373178e-09 5.307252877173596062e-07 2.803350798785686493e-05 8.724346989765763283e-04 1.599825918674468994e-02 1.728486418724060059e-01 1.100366830825805664e+00 4.127324104309082031e+00 9.121629714965820312e+00 1.187793922424316406e+01 9.113330841064453125e+00 4.119816780090332031e+00 1.097366094589233398e+00 1.722204089164733887e-01 1.592509821057319641e-02 8.676827419549226761e-04
2.364896703511476517e-03 9.014160605147480965e-05 2.024527475441573188e-06 2.678980592918378534e-08 2.088838824132466243e-10 9.595822400565445776e-13 2.597498530555828605e-15 4.142511408678824512e-18 3.892577465045651676e-21 2.155347853350194643e-24 7.031067559242313031e-28 1.351573412873484187e-31 3.995747744154812336e-34 2.928970058068183337e-30 1.264676843198246868e-26 3.217420004586192882e-23 4.822415796039841680e-20 4.259184076026571492e-17 2.216257301919551115e-14 6.795381965463143104e-12 1.227569601525146936e-09 1.306680417201278033e-07 8.195202099159359932e-06 3.028288774657994509e-04 6.593551486730575562e-03 8.458521217107772827e-02 6.393647193908691406e-01 2.847485303878784180e+00 7.472190856933593750e+00 1.155311584472656250e+01 1.052487564086914062e+01 5.649375915527343750e+00 1.786717414855957031e+00 3.329443931579589844e-01 3.655651211738586426e-02 2.364896703511476517e-03
6.338462233543395996e-03 2.889662864618003368e-04 7.762384484522044659e-06 1.228543169418117031e-07 1.145714523254071082e-09 6.295114603205309578e-12 2.038108824233258315e-14 3.887673440127365236e-17 4.369320830047958422e-20 2.893630783860780232e-23 1.129014106804016648e-26 2.595755213508387273e-30 3.514739129218178608e-34 1.528883099960556719e-31 7.895776400498155152e-28 2.402328369861315124e-24 4.307014742877108726e-21 4.549763029921344499e-18 2.831608696298023795e-15 1.038430843050552888e-12 2.243674135371520606e-10 2.856512182347614726e-08 2.142773610103176907e-06 9.470291843172162771e-05 2.466245787218213081e-03 3.784089535474777222e-02 3.421103954315185547e-01 1.822337865829467773e+00 5.719606876373291016e+00 1.057713699340820312e+01 1.152486419677734375e+01 7.398951530456542969e+00 2.798823833465576172e+00 6.237950325012207031e-01 8.191686868667602539e-02 6.338462233543395996e-03
1.723104901611804962e-02 9.537620935589075089e-04 3.110653051408007741e-05 5.977378805255284533e-07 6.767996385548258331e-09 4.514941198685562540e-11 1.774757370145291224e-13 4.110200377376298665e-16 5.608590609936172256e-19 4.509682272836661706e-22 2.136323585152271570e-25 5.963386887077444510e-29 9.807125859023328233e-33 5.819566167705962393e-33 3.649017937766069921e-29 1.347973960405456133e-25 2.934227333091881195e-22 3.763275257410133313e-19 2.843633070138127435e-16 1.266143087727197858e-13 3.321452834992300041e-11 5.134158431729929362e-09 4.676001594816625584e-07 2.509140904294326901e-05 7.933440501801669598e-04 1.477916911244392395e-02 1.622256338596343994e-01 1.049168825149536133e+00 3.998038291931152344e+00 8.976630210876464844e+00 1.187529373168945312e+01 9.256420135498046875e+00 4.251202583312988281e+00 1.150383234024047852e+00 1.834163367748260498e-01 1.723104901611804962e-02
4.497760161757469177e-02 3.042794298380613327e-03 1.212920542457140982e-04 2.848660642484901473e-06 3.942192705608249526e-08 3.214239430171517142e-10 1.544235225803269884e-12 4.371083454636189372e-15 7.289970035390047149e-18 7.164162817707755913e-21 4.147969873601851581e-24 1.415187575017329370e-27 2.844585832520958474e-31 1.836327198729585803e-34 1.408458335166555604e-30 6.359097505321984609e-27 1.691817287519035255e-23 2.652029254902517263e-20 2.449251684395218015e-17 1.332882236656715569e-14 4.273508630303624045e-12 8.073742230330083203e-10 8.987287714035119279e-08 5.894221430935431272e-06 2.277786261402070522e-04 5.186195019632577896e-03 6.957717239856719971e-02 5.499722957611083984e-01 2.561483144760131836e+00 7.029216289520263672e+00 1.136542892456054688e+01 1.082763099670410156e+01 6.077849864959716797e+00 2.010155916213989258e+00 3.917186260223388672e-01 4.497760161757469177e-02
1.051035076379776001e-01 8.619610220193862915e-03 4.165236605331301689e-04 1.185883229481987655e-05 1.989441642535894061e-07 1.966374618689314957e-09 1.145230524995932697e-11 3.929727365997032207e-14 7.944981109810165133e-17 9.465128542707098768e-20 6.643376336100646499e-23 2.747637045549387538e-26 6.695123807368269469e-30 9.611747310315140458e-34 5.779736451806669267e-32 3.163377007807464343e-28 1.020240711255255252e-24 1.938747777626990241e-21 2.170552533021809081e-18 1.431926985025287064e-15 5.565544769839392281e-13 1.274650107685459943e-10 1.720040465613692504e-08 1.367503841720463242e-06 6.406326428987085819e-05 1.768224989064037800e-03 2.875737473368644714e-02 2.755599617958068848e-01 1.555823087692260742e+00 5.175700187683105469e+00 1.014473533630371094e+01 1.171607017517089844e+01 7.972440242767333984e+00 3.196425437927246094e+00 7.550971508026123047e-01 1.051035076379776001e-01
2.450262010097503662e-01 2.479225583374500275e-02 1.478086458519101143e-03 5.192019671085290611e-05 1.074629153663408943e-06 1.310465869153176754e-08 9.416407237283763720e-11 3.986439813235403973e-13 9.943748578247779170e-16 1.461549043235124518e-18 1.265650152897921102e-21 6.458260263929220816e-25 1.941523838035074729e-28 3.439379508818106431e-32 1.635189783810574636e-33 1.104311302992989197e-29 4.394179574400957981e-26 1.030218705189642794e-22 1.423015609881165992e-19 1.158221205372505537e-16 5.554056699145007436e-14 1.569374664944778175e-11 2.612810856561509354e-09 2.562897520874685142e-07 1.481305298511870205e-05 5.044351564720273018e-04 1.012162491679191589e-02 1.196599602699279785e-01 8.335398435592651367e-01 3.421121597290039062e+00 8.273175239562988281e+00 1.178817367553710938e+01 9.896645545959472656e+00 4.895472049713134766e+00 1.426809549331665039e+00 2.450262010097503662e-01
5.190479159355163574e-01 6.456279754638671875e-02 4.731909837573766708e-03 2.043350395979359746e-04 5.199176484893541783e-06 7.794227485646842979e-08 6.884979253385381526e-10 3.583217056402077105e-12 1.098781388276940177e-14 1.985386829412833751e-17 2.113551155119261952e-20 1.325822115098125944e-23 4.899872386568274458e-27 1.067077002213178879e-30 1.367763211877321463e-34 3.764614698056441527e-31 1.841335782695959783e-27 5.307055428987115153e-24 9.011652944386470406e-21 9.016965162903771305e-18 5.315548484230783743e-15 1.846442486755361934e-12 3.779095369971230411e-10 4.557021071605049656e-08 3.237905048081302084e-06 1.355485583189874887e-04 3.343577031046152115e-03 4.859367758035659790e-02 4.161290526390075684e-01 2.099622249603271484e+00 6.241870403289794922e+00 1.093352222442626953e+01 1.128421497344970703e+01 6.861971378326416016e+00 2.458656787872314453e+00 5.190479159355163574e-01
1.014383077621459961e+00 1.551127433776855469e-01 1.397563144564628601e-02 7.419057656079530716e-04 2.320653766219038516e-05 4.276805611880263314e-07 4.644283180255115440e-09 2.971408535890063263e-11 1.120132768006945612e-13 2.488135459757865719e-16 3.256209664506006006e-19 2.511040944111024464e-22 1.140842629262058622e-25 3.054269706080524754e-29 4.817233889703306058e-33 1.183737945767810357e-32 7.118477815698272117e-29 2.522211906754398322e-25 5.265036910642699003e-22 6.476314446237720891e-19 4.693368797275491566e-16 2.004213310070890319e-13 5.042740877647666764e-11 7.475318142269316013e-09 6.529551228595664725e-07 3.360350092407315969e-05 1.018993789330124855e-03 1.820579543709754944e-02 1.916589885950088501e-01 1.188812017440795898e+00 4.344668865203857422e+00 9.355628967285156250e+00 1.187009143829345703e+01 8.873655319213867188e+00 3.908550262451171875e+00 1.014383077621459961e+00
1.828955173492431641e+00 3.438130021095275879e-01 3.808191418647766113e-02 2.485250122845172882e-03 9.556619625072926283e-05 2.165149680877220817e-06 2.890409867006837885e-08 2.273401744634639954e-10 1.053553186532163455e-12 2.876957357986361340e-15 4.628556946350695703e-18 4.387943541381625404e-21 2.450784939825420995e-24 8.066018014967292672e-28 1.563981598034583991e-31 3.432691460240706100e-34 2.538624683425655048e-30 1.105771444974767057e-26 2.837641854429262052e-23 4.290994257740002607e-20 3.822863508261590496e-17 2.006870757358288071e-14 6.207501526689362947e-12 1.131233107187767928e-09 1.214727944898186252e-07 7.685167474846821278e-06 2.864929265342652798e-04 6.292519625276327133e-03 8.143626898527145386e-02 6.209769248962402344e-01 2.789919137954711914e+00 7.385527133941650391e+00 1.151954269409179688e+01 1.058662033081054688e+01 5.732502937316894531e+00 1.828955173492431641e+00
3.042252779006958008e+00 7.030486464500427246e-01 9.573081135749816895e-02 7.680230308324098587e-03 3.630597493611276150e-04 1.011188942356966436e-05 1.659491033478843747e-07 1.604580690539592069e-09 9.141395106160299378e-12 3.068740059156485622e-14 6.069358997013525516e-17 7.073383622889182468e-20 4.856709884325819757e-23 1.965011685190719398e-26 4.683980490738512744e-30 6.577485986865802390e-34 8.353199802035045828e-32 4.472901036431412941e-28 1.411081846747005551e-24 2.623151685015823493e-21 2.872916554224260198e-18 1.854069571211990758e-15 7.050041431720666107e-13 1.579417152619555509e-10 2.084955852410530497e-08 1.621586307010147721e-06 7.431424455717206001e-05 2.006562426686286926e-03 3.192397207021713257e-02 2.992576360702514648e-01 1.652841329574584961e+00 5.378882408142089844e+00 1.031372642517089844e+01 1.165222167968750000e+01 7.756575584411621094e+00 3.042252779006958008e+00
4.668602466583251953e+00 1.326318740844726562e+00 2.220160067081451416e-01 2.189662680029869080e-02 1.272480469197034836e-03 4.356893259682692587e-05 8.789992875790630933e-07 1.044830266749841030e-08 7.317591671496259664e-11 3.019844845107005904e-13 7.342416694210032822e-16 1.051943782957161461e-18 8.879386037425031029e-22 4.416466374087648854e-25 1.294162811387516005e-28 2.234675886619411312e-32 2.535595865008392001e-33 1.669202429557478977e-29 6.473598431636078983e-26 1.479406770021925504e-22 1.991855955659548386e-19 1.580258944762206910e-16 7.386981786894689095e-14 2.034430263142539275e-11 3.301516837694862261e-09 3.156653747282689437e-07 1.778400655894074589e-05 5.903103156015276909e-04 1.154555380344390869e-02 1.330498754978179932e-01 9.033798575401306152e-01 3.614115715026855469e+00 8.519136428833007812e+00 1.183203697204589844e+01 9.682517051696777344e+00 4.668602466583251953e+00
6.609640121459960938e+00 2.308392763137817383e+00 4.750242829322814941e-01 5.759439617395401001e-02 4.114566370844841003e-03 1.731890079099684954e-04 4.295381586416624486e-06 6.276675890148908366e-08 5.404092173755259410e-10 2.741631791383647432e-12 8.194780337438759693e-15 1.443316348852745996e-17 1.497674799395185532e-20 9.157568337765921981e-24 3.298905372069474665e-27 7.002067199543119999e-31 8.743262122597012903e-35 5.746925583288777249e-31 2.739921924266567822e-27 7.697485409814981756e-24 1.274055244961997520e-20 1.242608417842266808e-17 7.140747784468558929e-15 2.417622092104609877e-12 4.823139665433018308e-10 5.669087244086767896e-08 3.926322733605047688e-06 1.602162519702687860e-04 3.852233756333589554e-03 5.457362905144691467e-02 4.555213153362274170e-01 2.240326881408691406e+00 6.491944313049316406e+00 1.108433437347412109e+01 1.115091896057128906e+01 6.609640121459960938e+00
8.633127212524414062e+00 3.706559419631958008e+00 9.376634955406188965e-01 1.397597193717956543e-01 1.227426994591951370e-02 6.351304473355412483e-04 1.936485386977437884e-05 3.478670009826601017e-07 3.681955185186325252e-09 2.296336905349694035e-11 8.437839321565401840e-14 1.826947099784875230e-16 2.330528126116222373e-19 1.751805741740023966e-22 7.757939173640915080e-26 2.024501747279958879e-29 3.112349045832477996e-33 1.825376394376371146e-32 1.069866121169261937e-28 3.694983064857695193e-25 7.518349802606563295e-22 9.014412690328585800e-19 6.368212867232931999e-16 2.650531161739466679e-13 6.500484872606904219e-11 9.392882915904010588e-09 7.997259103831311222e-07 4.011741839349269867e-05 1.185793895274400711e-03 2.065146528184413910e-02 2.119075506925582886e-01 1.281208992004394531e+00 4.564080238342285156e+00 9.579858779907226562e+00 1.184758377075195312e+01 8.633127212524414062e+00
1.040298271179199219e+01 5.490750312805175781e+00 1.707566022872924805e+00 3.128840625286102295e-01 3.378055989742279053e-02 2.148846164345741272e-03 8.054281352087855339e-05 1.778676278263446875e-06 2.314368607869710104e-08 1.774431712675550443e-10 8.015409082989810585e-13 2.133483717654555828e-15 3.345710658483031885e-18 3.091652970695863586e-21 1.683145773461438544e-24 5.399097598574248051e-28 1.020531634190392237e-31 5.347871141447687501e-34 3.854113452504320130e-30 1.636345269056424458e-26 4.093115247265950694e-23 6.033109006080277280e-20 5.239525450799917771e-17 2.680884011421920399e-14 8.082746277837671300e-12 1.435760288437393228e-09 1.502786801665934036e-07 9.267394489143043756e-06 3.367486642673611641e-04 7.209717296063899994e-03 9.094601869583129883e-02 6.759710907936096191e-01 2.960268974304199219e+00 7.638499736785888672e+00 1.161311626434326172e+01 1.040298271179199219e+01
1.156503295898437500e+01 7.503978729248046875e+00 2.868847370147705078e+00 6.462259292602539062e-01 8.577048778533935547e-02 6.707285996526479721e-03 3.090564860031008720e-04 8.390345101361162961e-06 1.342101256796013331e-07 1.264975013626212785e-09 7.024569294300508915e-12 2.298545875118948589e-14 4.431215805869429848e-17 5.033799862873207231e-20 3.368998365346961946e-23 1.328645450743102274e-26 3.087030413903478483e-30 4.224776288023226619e-34 1.280884237240740352e-31 6.685484467811300591e-28 2.055823386610475046e-24 3.725150535289306945e-21 3.977072804626381318e-18 2.501604448289511569e-15 9.272001569304855195e-13 2.024722334237338828e-10 2.605268178967889980e-08 1.975071882043266669e-06 8.822705422062426805e-05 2.322118729352951050e-03 3.600973635911941528e-02 3.290300965309143066e-01 1.771367311477661133e+00 5.618964672088623047e+00 1.050192070007324219e+01 1.156503295898437500e+01
1.186138153076171875e+01 9.461301803588867188e+00 4.446687221527099609e+00 1.231358528137207031e+00 2.009128034114837646e-01 1.931471005082130432e-02 1.094079809263348579e-03 3.651415318017825484e-05 7.180218517532921396e-07 8.319633870712550561e-09 5.679532885660698582e-11 2.284635425720688007e-13 5.414516237304449822e-16 7.561390845233117306e-19 6.221219126611177309e-22 3.015872433075556655e-25 8.615065012408122450e-29 1.449864724006191402e-32 3.927233321233166045e-33 2.519994771869077362e-29 9.526170276396230838e-26 2.121990901527360368e-22 2.785077314399065067e-19 2.153581533091854629e-16 9.812664596891076951e-14 2.634205006901702006e-11 4.166841982566893421e-09 3.883358203893294558e-07 2.132536610588431358e-05 6.900026346556842327e-04 1.315394230186939240e-02 1.477549672126770020e-01 9.778792858123779297e-01 3.813325881958007812e+00 8.761620521545410156e+00 1.186138153076171875e+01
1.122336769104003906e+01 1.100550079345703125e+01 6.358655929565429688e+00 2.164632320404052734e+00 4.341874122619628906e-01 5.131310969591140747e-02 3.573214169591665268e-03 1.466028188588097692e-04 3.543975708453217521e-06 5.048070050861497293e-08 4.236505035670745656e-10 2.094984775935504473e-12 6.103705865387332175e-15 1.047863218277376120e-17 1.059861510544079293e-20 6.316797387670010264e-24 2.218061161327713826e-27 4.588950330073404786e-31 1.109654384178628276e-34 8.763082809673834177e-31 4.072346511783744506e-27 1.115181422819097637e-23 1.799325919925680564e-20 1.710426865280409523e-17 9.580781196063918592e-15 3.161785937233485555e-12 6.148390685467575167e-10 7.044186389748574584e-08 4.755442205350846052e-06 1.891541323857381940e-04 4.432930611073970795e-03 6.121368706226348877e-02 4.980367124080657959e-01 2.387541294097900391e+00 6.743809223175048828e+00 1.122336769104003906e+01
9.797389984130859375e+00 1.181048965454101562e+01 8.388673782348632812e+00 3.510613918304443359e+00 8.656575679779052734e-01 1.257673203945159912e-01 1.076635159552097321e-02 5.430290475487709045e-04 1.613770291442051530e-05 2.825847218446142506e-07 2.915407470993613970e-09 1.772323954263299584e-11 6.347845155334902456e-14 1.339695764390473240e-16 1.665794929123069575e-19 1.220399374813114103e-22 5.268502465346186745e-26 1.339993744976923722e-29 2.008132631682223050e-33 2.811357545959089462e-32 1.606120610436985597e-28 5.406874831097774255e-25 1.072460767781936853e-21 1.253276028534965046e-18 8.630057122384706975e-16 3.501184802148782360e-13 8.369760440274376379e-11 1.178832764736625904e-08 9.783285577213973738e-07 4.783888289239257574e-05 1.378243556246161461e-03 2.339668758213520050e-02 2.340112477540969849e-01 1.379104852676391602e+00 4.788699150085449219e+00 9.797389984130859375e+00
7.890362262725830078e+00 1.169298362731933594e+01 1.020988082885742188e+01 5.252684593200683594e+00 1.592261195182800293e+00 2.843853831291198730e-01 2.992801368236541748e-02 1.855678157880902290e-03 6.779430259484797716e-05 1.459381223867239896e-06 1.850931319324899960e-08 1.383260589404855523e-10 6.090570756067670288e-13 1.580187396947943523e-15 2.415430254381394841e-18 2.175623143714410605e-21 1.154528700366254397e-24 3.609796735560488435e-28 6.650862401359243515e-32 8.319796366814904295e-34 5.843916186412412586e-30 2.418500240285475460e-26 5.897301984201374020e-23 8.472034886321540453e-20 7.171724070517224311e-17 3.576801262941339821e-14 1.051151093250934920e-11 1.820015027576005195e-09 1.856855362802889431e-07 1.116208841267507523e-05 3.953303967136889696e-04 8.250094018876552582e-03 1.014405041933059692e-01 7.349251508712768555e-01 3.137179136276245117e+00 7.890362262725830078e+00
6.524046897888183594e+00 1.110277843475341797e+01 1.113299751281738281e+01 6.577468872070312500e+00 2.289691448211669922e+00 4.696300029754638672e-01 5.675604939460754395e-02 4.041317384690046310e-03 1.695501850917935371e-04 4.191403604636434466e-06 6.104740890577886603e-08 5.239204625695492723e-10 2.649158236528448285e-12 7.893027391078256960e-15 1.385531827365506631e-17 1.433147764591373635e-20 8.733614765777519712e-24 3.135911994946038508e-27 6.635091969148611706e-31 8.254662270753589423e-35 6.065149301372762648e-31 2.882476177262200000e-27 8.071575872845269090e-24 1.331612475311483213e-20 1.294501014544352212e-17 7.414108186437097514e-15 2.502161672301994599e-12 4.975198031331728998e-10 5.829062388329475652e-08 4.023939254693686962e-06 1.636635133763775229e-04 3.922260832041501999e-03 5.538273230195045471e-02 4.607781767845153809e-01 2.258781194686889648e+00 6.524046897888183594e+00
5.590207576751708984e+00 1.048003482818603516e+01 1.157612419128417969e+01 7.534080028533935547e+00 2.889138698577880859e+00 6.527811884880065918e-01 8.690476417541503906e-02 6.816708948463201523e-03 3.150441916659474373e-04 8.579312634537927806e-06 1.376514546791440807e-07 1.301363683481326916e-09 7.248686893779332507e-12 2.379112091523399170e-14 4.600534383303114274e-17 5.242056153015356646e-20 3.519075997121638558e-23 1.391935360575555619e-26 3.244251560811834582e-30 4.453479275057760823e-34 1.217435283963016233e-31 6.373690854289590011e-28 1.966115899405778331e-24 3.573120554815742472e-21 3.826391516292190415e-18 2.414162696045608382e-15 8.975203392991293327e-13 1.965889673272158689e-10 2.537278653846897214e-08 1.929486870722030289e-06 8.644933404866605997e-05 2.282268600538372993e-03 3.549967706203460693e-02 3.253588676452636719e-01 1.756973505020141602e+00 5.590207576751708984e+00
4.606564998626708984e+00 9.621924400329589844e+00 1.184163475036621094e+01 8.586742401123046875e+00 3.668731689453125000e+00 9.235600829124450684e-01 1.369903981685638428e-01 1.197212561964988708e-02 6.164785008877515793e-04 1.870458800112828612e-05 3.343687353662971873e-07 3.522035996184058604e-09 2.185766151407975144e-11 7.992993203073672781e-14 1.722075156491932255e-16 2.186223883316932467e-19 1.635206672585330500e-22 7.206273335180306426e-26 1.871358268023192809e-29 2.862945511444467151e-33 1.982198801845984817e-32 1.156236495825873440e-28 3.973858213843032708e-25 8.046405467061328805e-22 9.600478426128531438e-19 6.748687361645354897e-16 2.795420958514455156e-13 6.821994358308103301e-11 9.810030121570889605e-09 8.311776014124916401e-07 4.149185406276956201e-05 1.220444682985544205e-03 2.115071006119251251e-02 2.159796059131622314e-01 1.299467086791992188e+00 4.606564998626708984e+00
3.610603332519531250e+00 8.514816284179687500e+00 1.183137893676757812e+01 9.686414718627929688e+00 4.672624111175537109e+00 1.328069210052490234e+00 2.224109619855880737e-01 2.194564417004585266e-02 1.275865710340440273e-03 4.370643000584095716e-05 8.821332357911160216e-07 1.049089792815038891e-08 7.350815095508167474e-11 3.034945341914840888e-13 7.382523174866931909e-16 1.058089217920547611e-18 8.935996210596628861e-22 4.446234040346163735e-25 1.303636701525199866e-28 2.251807394351501477e-32 2.515786581145128665e-33 1.656920112263703191e-29 6.429472757345443043e-26 1.469854863528274987e-22 1.980067727201872762e-19 1.571512138441724183e-16 7.349458227331323590e-14 2.025018694395974705e-11 3.287754957170818670e-09 3.145078721900063101e-07 1.772606628946959972e-05 5.886783474124968052e-04 1.151848398149013519e-02 1.327988207340240479e-01 9.020881652832031250e-01 3.610603332519531250e+00
2.626315593719482422e+00 7.132411956787109375e+00 1.141272735595703125e+01 1.075997161865234375e+01 5.977254867553710938e+00 1.956390261650085449e+00 3.772975206375122070e-01 4.287166148424148560e-02 2.870257943868637085e-03 1.132281904574483633e-04 2.631702955113723874e-06 3.604191789463584428e-08 2.908190910311247990e-10 1.382713171391158902e-12 3.873304637907939302e-15 6.393350091955030459e-18 6.217381097426223624e-21 3.562471393290027462e-24 1.202823946734498615e-27 2.392659976381225108e-31 2.201642833138824573e-34 1.670953370710825404e-30 7.466684023713539972e-27 1.965712002622305173e-23 3.049428793158012698e-20 2.787078533134529921e-17 1.500996931456423378e-14 4.762635164717865521e-12 8.904540438336994157e-10 9.809345158373616869e-08 6.366653906297869980e-06 2.434849156998097897e-04 5.486332345753908157e-03 7.284072041511535645e-02 5.698121786117553711e-01 2.626315593719482422e+00
1.927330493927001953e+00 5.922241687774658203e+00 1.072208404541015625e+01 1.143777275085449219e+01 7.189061164855957031e+00 2.662358522415161133e+00 5.809448957443237305e-01 7.468986511230468750e-02 5.657866597175598145e-03 2.525377785786986351e-04 6.641254913120064884e-06 1.029107252747962775e-07 9.395459965588770501e-10 5.054370116885920083e-12 1.601971220878840169e-14 2.991856027322647494e-17 3.292003385198309406e-20 2.134248190718248240e-23 8.153353545341409534e-27 1.835071189995229897e-30 2.432284008319773181e-34 2.175734483979350336e-31 1.100057480459962343e-27 3.276761553421855101e-24 5.751562090285228774e-21 5.947789255003342102e-18 3.624321844161379480e-15 1.301170759679393107e-12 2.752569561170759016e-10 3.430882244970234751e-08 2.519526788091752678e-06 1.090232908609323204e-04 2.779520116746425629e-03 4.175447672605514526e-02 3.695734143257141113e-01 1.927330493927001953e+00
1.380958318710327148e+00 4.792934417724609375e+00 9.801323890686035156e+00 1.180966949462890625e+01 8.384143829345703125e+00 3.507066488265991211e+00 8.643755912780761719e-01 1.255219578742980957e-01 1.073994953185319901e-02 5.414595943875610828e-04 1.608348247827962041e-05 2.815028778968553524e-07 2.902878160071509228e-09 1.763875503990597338e-11 6.314613003495506138e-14 1.331955603788243046e-16 1.655519536457571011e-19 1.212297962643111565e-22 5.231074096881360755e-26 1.329850263164356104e-29 1.991972890436278285e-33 2.833774517102858190e-32 1.618310182166876985e-28 5.444814110258247292e-25 1.079479282188349920e-21 1.260881540677083859e-18 8.678353882245963113e-16 3.519120758688210060e-13 8.408676532845049678e-11 1.183823616912604848e-08 9.819516435527475551e-07 4.799346788786351681e-05 1.382046029902994633e-03 2.345021069049835205e-02 2.344361245632171631e-01 1.380958318710327148e+00
9.106422662734985352e-01 3.633829593658447266e+00 8.543639183044433594e+00 1.183563899993896484e+01 9.660678863525390625e+00 4.646103858947753906e+00 1.316565752029418945e+00 2.198143005371093750e-01 2.162389829754829407e-02 1.253410009667277336e-03 4.280584107618778944e-05 8.613915269961580634e-07 1.021275419788025829e-08 7.134717816548175051e-11 2.936641815137752687e-13 7.122352240557445254e-16 1.017721459859464462e-18 8.568423884345129285e-22 4.250856366912009978e-25 1.242459055359253223e-28 2.139904593320241437e-32 2.649548103706112237e-33 1.739752704075752247e-29 6.729834012198672104e-26 1.534020178470227910e-22 2.060091506105725465e-19 1.630216550944571519e-16 7.600419859449258908e-14 2.087977360454296161e-11 3.379726276619976488e-09 3.223140652153233532e-07 1.811203583201859146e-05 5.996573599986732006e-04 1.169830560684204102e-02 1.344643235206604004e-01 9.106422662734985352e-01
5.663419365882873535e-01 2.615068435668945312e+00 7.114566802978515625e+00 1.140473175048828125e+01 1.077179527282714844e+01 5.994555473327636719e+00 1.965611338615417480e+00 3.797509372234344482e-01 4.322792589664459229e-02 2.899414859712123871e-03 1.145799469668418169e-04 2.668039996933657676e-06 3.660349534584383946e-08 2.958990275025996652e-10 1.409307132799186846e-12 3.954869675563792153e-15 6.539698194650362328e-18 6.371184992572802208e-21 3.657499550085213596e-24 1.237007084724433226e-27 2.465317752403291028e-31 2.133969944786222034e-34 1.622474855208337478e-30 7.262511568077182570e-27 1.915581469817320315e-23 2.976756129583827539e-20 2.725757979964748873e-17 1.470505778234341976e-14 4.674608356652898422e-12 8.755660085846272978e-10 9.662146283062611474e-08 6.282742106122896075e-06 2.406975836493074894e-04 5.433487705886363983e-03 7.226680219173431396e-02 5.663419365882873535e-01
3.464202880859375000e-01 1.839022874832153320e+00 5.752163887023925781e+00 1.060101127624511719e+01 1.151142692565917969e+01 7.365078926086425781e+00 2.776495933532714844e+00 6.167048215866088867e-01 8.070916682481765747e-02 6.223686970770359039e-03 2.827644639182835817e-04 7.569846275146119297e-06 1.193978675928519806e-07 1.109677016941645888e-09 6.076278369349097375e-12 1.960538393956656744e-14 3.726935041751570856e-17 4.174360498900318591e-20 2.755072414568502923e-23 1.071280350786724928e-26 2.454613136607414883e-30 3.312029720193683027e-34 1.618744823554082228e-31 8.330319159025386210e-28 2.526113070449749107e-24 4.513076419456578390e-21 4.751153384937179935e-18 2.946845411189603220e-15 1.077000034294117725e-12 2.319204828182819256e-10 2.942407562045445957e-08 2.199665232183178887e-06 9.688534191809594631e-05 2.514463616535067558e-03 3.845001384615898132e-02 3.464202880859375000e-01
2.067418694496154785e-01 1.257896661758422852e+00 4.509423732757568359e+00 9.525104522705078125e+00 1.185450553894042969e+01 8.692893981933593750e+00 3.755915164947509766e+00 9.561560750007629395e-01 1.434190869331359863e-01 1.267545111477375031e-02 6.600447231903672218e-04 2.025198591582011431e-05 3.661084519990254194e-07 3.899787603955928716e-09 2.447460983878713137e-11 9.050166215399113590e-14 1.971937435135538057e-16 2.531424964499093359e-19 1.914866824946062496e-22 8.533798048770170881e-26 2.241073622769241887e-29 3.467204709064817725e-33 1.640519622133996741e-32 9.676059818771050681e-29 3.362960384535355061e-25 6.886131177177987691e-22 8.308712339522978615e-19 5.906417915928175930e-16 2.474089726492434416e-13 6.106198879862745343e-11 8.879038837505959236e-09 7.607713428114948329e-07 3.840485078399069607e-05 1.142367371357977390e-03 2.002058923244476318e-02 2.067418694496154785e-01
1.206281483173370361e-01 8.386605381965637207e-01 3.435442924499511719e+00 8.291874885559082031e+00 1.179198265075683594e+01 9.880726814270019531e+00 4.878213882446289062e+00 1.419041156768798828e+00 2.432171106338500977e-01 2.456242218613624573e-02 1.461511361412703991e-03 5.124092058395035565e-05 1.058472889781114645e-06 1.288344009253705735e-08 9.239088660795147234e-11 3.903821439287663564e-13 9.719556956559695024e-16 1.425738636758902275e-18 1.232352498171610479e-21 6.275651290322200662e-25 1.883197170039928816e-28 3.329239802376285969e-32 1.690381814975573458e-33 1.139374437494966331e-29 4.524941897607491543e-26 1.058732997687506322e-22 1.459709729594930434e-19 1.185705571626335464e-16 5.675301334028166889e-14 1.600537931356615928e-11 2.659389153336633171e-09 2.603689779334672494e-07 1.501909991930006072e-05 5.104864249005913734e-04 1.022293232381343842e-02 1.206281483173370361e-01
6.633925437927246094e-02 5.300752520561218262e-01 2.495530605316162109e+00 6.922489166259765625e+00 1.131423759460449219e+01 1.089574337005615234e+01 6.182406425476074219e+00 2.066909313201904297e+00 4.071458578109741211e-01 4.725585132837295532e-02 3.231592010706663132e-03 1.302147866226732731e-04 3.091384314757306129e-06 4.324493829699349590e-08 3.564183392867903422e-10 1.730811457698044897e-12 4.952632135781995237e-15 8.349449433727566691e-18 8.294325794589606149e-21 4.854392053214099380e-24 1.674152737571503633e-27 3.401615929951894869e-31 1.521792575892759261e-34 1.179885903677411508e-30 5.385357725461497852e-27 1.448159453140705676e-23 2.294702093681241120e-20 2.142232350389831072e-17 1.178437975999334364e-14 3.819541904981349489e-12 7.293837200883501737e-10 8.207199186927027768e-08 5.440979293780401349e-06 2.125435566995292902e-04 4.891791380941867828e-03 6.633925437927246094e-02
3.351494297385215759e-02 3.109519481658935547e-01 1.699828147888183594e+00 5.475096225738525391e+00 1.039061546325683594e+01 1.161877059936523438e+01 7.655038356781005859e+00 2.971656084060668945e+00 6.796955466270446777e-01 9.160239249467849731e-02 7.273690775036811829e-03 3.403176961001008749e-04 9.381347808812279254e-06 1.523819577187168761e-07 1.458295262324327268e-09 8.223383779482063005e-12 2.732091218841589675e-14 5.348146838373441111e-17 6.168999271086254358e-20 4.192355211320202333e-23 1.678828202141695862e-26 3.960742639106957896e-30 5.504512651356969161e-34 9.923456306463754272e-32 5.259240899355221855e-28 1.642162378675330776e-24 3.021429052540519490e-21 3.275209020899371645e-18 2.092018913787616063e-15 7.873324930386671472e-13 1.745782685080854435e-10 2.280948407928917732e-08 1.755839321049279533e-06 7.964205724420025945e-05 2.128454856574535370e-03 3.351494297385215759e-02
1.484555285423994064e-02 1.628091782331466675e-01 1.052004933357238770e+00 4.005272865295410156e+00 8.984806060791015625e+00 1.187559318542480469e+01 9.248458862304687500e+00 4.243734359741210938e+00 1.147339344024658203e+00 1.827726960182189941e-01 1.715485751628875732e-02 9.487327188253402710e-04 3.091373946517705917e-05 5.935343665441905614e-07 6.714071520974584928e-09 4.475262521674849836e-11 1.757490095295743959e-13 4.066578445290498214e-16 5.544558558718442384e-19 4.453846571747373655e-22 2.108198721728879446e-25 5.879179211377758349e-29 9.659870212327881749e-33 5.908595171101365393e-33 3.701536241790186980e-29 1.366149562180781126e-25 2.971136935778596401e-22 3.806939020019510570e-19 2.874300692086857430e-16 1.278656542626210868e-13 3.351285915442758778e-11 5.175651018873850262e-09 4.709351912879355950e-07 2.524909177736844867e-05 7.976188790053129196e-04 1.484555285423994064e-02
6.456505507230758667e-03 8.315661549568176270e-02 6.310320496559143066e-01 2.821516513824462891e+00 7.433184623718261719e+00 1.153820800781250000e+01 1.055281639099121094e+01 5.686749935150146484e+00 1.805612802505493164e+00 3.378001153469085693e-01 3.723508119583129883e-02 2.418382326140999794e-03 9.254443284589797258e-05 2.086704398607253097e-06 2.772156193486807751e-08 2.169895096937324297e-10 1.000817050761382276e-12 2.719622893858006374e-15 4.354733280225735569e-18 4.108182818721808591e-21 2.283711694278210295e-24 7.479223753581445265e-28 1.443249629546938979e-31 3.731927322566943083e-34 2.746646558436435518e-30 1.190517446982858617e-26 3.040724312603186801e-23 4.575587363076005671e-20 4.057109146335787170e-17 2.119605082813794117e-14 6.524231675741898329e-12 1.183313003139119246e-09 1.264479294604825554e-07 7.961854862514883280e-06 2.953681687358766794e-04 6.456505507230758667e-03
2.493473002687096596e-03 3.818564862012863159e-02 3.445482850074768066e-01 1.831797599792480469e+00 5.738059043884277344e+00 1.059069442749023438e+01 1.151727485656738281e+01 7.379747390747070312e+00 2.786108732223510742e+00 6.197670698165893555e-01 8.123008906841278076e-02 6.273141596466302872e-03 2.854344784282147884e-04 7.652658496226649731e-06 1.208829871757188812e-07 1.125077031538523897e-09 6.170117368420324766e-12 1.993624517315946421e-14 3.795689632522488473e-17 4.257715101486375055e-20 2.814248973145838168e-23 1.095915459965766490e-26 2.514510310194242444e-30 3.398450825086939471e-34 1.579269607363638333e-31 8.139211056573785183e-28 2.471853836882063779e-24 4.422696032322006341e-21 4.662884114591033798e-18 2.896602804890267141e-15 1.060128547447636294e-12 2.286256045591628094e-10 2.904901208466981188e-08 2.174855126213515177e-06 9.593454888090491295e-05 2.493473002687096596e-03
8.463608101010322571e-04 1.559876650571823120e-02 1.693862676620483398e-01 1.083788514137268066e+00 4.085736274719238281e+00 9.075468063354492188e+00 1.187770271301269531e+01 9.159320831298828125e+00 4.161586761474609375e+00 1.114108324050903320e+00 1.757337749004364014e-01 1.633282750844955444e-02 8.943784050643444061e-04 2.885792491724714637e-05 5.486008944899367634e-07 6.145228326204232872e-09 4.055690158710767435e-11 1.577078582743612900e-13 3.613593695428370936e-16 4.878221148324819557e-19 3.880477979590244215e-22 1.818602213484489737e-25 5.021751589017915221e-29 8.171041964822159395e-33 6.988368282252224766e-33 4.334605062691069551e-29 1.584253332218220707e-25 3.411353632634598841e-22 4.328480532137257284e-19 3.236005730481513083e-16 1.425334324308899503e-13 3.699317935312862460e-11 5.656750623472817097e-09 5.096864015285973437e-07 2.705860242713242769e-05 8.463608101010322571e-04
2.692416892386972904e-04 5.971939302980899811e-03 7.804435491561889648e-02 6.009621620178222656e-01 2.726534366607666016e+00 7.288678169250488281e+00 1.148022270202636719e+01 1.065418720245361328e+01 5.825792312622070312e+00 1.876988649368286133e+00 3.563105463981628418e-01 3.985410556197166443e-02 2.626466564834117889e-03 1.019891424220986664e-04 2.333381416974589229e-06 3.145444082974790945e-08 2.498439233278304528e-10 1.169221512144213992e-12 3.224191103174973289e-15 5.238184094718601781e-18 5.014688355652181033e-21 2.828388989327562716e-24 9.399243018969356691e-28 1.840600104164435509e-31 2.896791391717998654e-34 2.163463874609308740e-30 9.516213988955726583e-27 2.466063124521198419e-23 3.765757833223558087e-20 3.388148332629452417e-17 1.796005632084297921e-14 5.609861533639737274e-12 1.032371521603181463e-09 1.119469743571244180e-07 7.152101716201286763e-06 2.692416892386972904e-04
7.684144657105207443e-05 2.064585452899336815e-03 3.268299996852874756e-02 3.048533201217651367e-01 1.675396680831909180e+00 5.425241947174072266e+00 1.035102462768554688e+01 1.163635444641113281e+01 7.707534790039062500e+00 3.008049011230468750e+00 6.916964054107666016e-01 9.371791779994964600e-02 7.481450214982032776e-03 3.519090823829174042e-04 9.752714504429604858e-06 1.592602529854048043e-07 1.532267202009052198e-09 8.686121266698876298e-12 2.901436821920247433e-14 5.710059532189072076e-17 6.621626039926735531e-20 4.523981607366804690e-23 1.821135011658073168e-26 4.319895847972450490e-30 6.036209409220525349e-34 9.077486523765952388e-32 4.836692832521634502e-28 1.518276999713867961e-24 2.808407022691456894e-21 3.060806908052923946e-18 1.965375206195362975e-15 7.436236956065434001e-13 1.657675940958114325e-10 2.177409896830795333e-08 1.685172037468873896e-06 7.684144657105207443e-05
1.839574906625784934e-05 6.077439174987375736e-04 1.182973012328147888e-02 1.356783807277679443e-01 9.168589115142822266e-01 3.650651216506958008e+00 8.564458847045898438e+00 1.183859062194824219e+01 9.641946792602539062e+00 4.626999855041503906e+00 1.308267116546630859e+00 2.179560363292694092e-01 2.139430306851863861e-02 1.237394986674189568e-03 4.216668457956984639e-05 8.466760164083098061e-07 1.001636817932194390e-08 6.981841493836071777e-11 2.867629907404162237e-13 6.939260775052507896e-16 9.894732419407785664e-19 8.312409364301853985e-22 4.114463795513494326e-25 1.200087031764654219e-28 2.062169739647538975e-32 2.750494783108930072e-33 1.802086329505506567e-29 6.955736658360352912e-26 1.582051331525366194e-22 2.120133315596681958e-19 1.673932186050161976e-16 7.787756442327598005e-14 2.134635870842949146e-11 3.447706564685404373e-09 3.280955525042372756e-07 1.839574906625784934e-05
3.991269750258652493e-06 1.625177101232111454e-04 3.898880910128355026e-03 5.511392652988433838e-02 4.590269625186920166e-01 2.252642154693603516e+00 6.513383388519287109e+00 1.109667396545410156e+01 1.113893604278564453e+01 6.588149070739746094e+00 2.295866012573242188e+00 4.714155793190002441e-01 5.703207850456237793e-02 4.065504297614097595e-03 1.707503106445074081e-04 4.225659267831360921e-06 6.161334908938442823e-08 5.293202542944186462e-10 2.679516764719780397e-12 7.991588144820767348e-15 1.404454741930514713e-17 1.454173338669279129e-20 8.871420877310578264e-24 3.189137380075113035e-27 6.754196818355848508e-31 8.415372093142670094e-35 5.957967726464786473e-31 2.834347573137951853e-27 7.945405459664220462e-24 1.312338843921570890e-20 1.277040141712031606e-17 7.322561712530799988e-15 2.473765550042861250e-12 4.924378682602537083e-10 5.775763511906006897e-08 3.991269750258652493e-06
8.286260140266676899e-07 4.138243457418866456e-05 1.217648852616548538e-03 2.111113071441650391e-02 2.156526744365692139e-01 1.298004150390625000e+00 4.603172302246093750e+00 9.618581771850585938e+00 1.184211921691894531e+01 8.590444564819335938e+00 3.671693325042724609e+00 9.246776103973388672e-01 1.372059881687164307e-01 1.199594885110855103e-02 6.179453339427709579e-04 1.875553243735339493e-05 3.354266482347156852e-07 3.534343484545843239e-09 2.194387727083579875e-11 8.027062901091314151e-14 1.730213819626065996e-16 2.197226936427536272e-19 1.644050876183689143e-22 7.248760274199862155e-26 1.882944542198004896e-29 2.882077600359061460e-33 1.969430876080940836e-32 1.149121990240685466e-28 3.950883133016536502e-25 8.003699945531773780e-22 9.552478169157844933e-19 6.718070296975664144e-16 2.783599089076216337e-13 6.796188611879472319e-11 9.776110587722541823e-09 8.286260140266676899e-07
1.806032514650723897e-07 1.089317811420187354e-05 3.871069056913256645e-04 8.105723187327384949e-03 1.000012904405593872e-01 7.269394993782043457e-01 3.113506317138671875e+00 7.857329368591308594e+00 1.168328094482421875e+01 1.023579025268554688e+01 5.283764839172363281e+00 1.607081174850463867e+00 2.879997789859771729e-01 3.041052073240280151e-02 1.891955384053289890e-03 6.935541750863194466e-05 1.497955508966697380e-06 1.906261815065590781e-08 1.429412005427010968e-10 6.314989763750444851e-13 1.643937637657143930e-15 2.521345768735134716e-18 2.278476671316200720e-21 1.213281975903370677e-24 3.806369182746802147e-28 7.036621443732716551e-32 7.850747488542925762e-34 5.533077864235773456e-30 2.297550761257188191e-26 5.621236008342573790e-23 8.102656737551132388e-20 6.882208870890194497e-17 3.443978365295571886e-14 1.015526031322711020e-11 1.764362433931410123e-09 1.806032514650723897e-07
3.058919872955812025e-08 2.276526174682658166e-06 9.982162009691819549e-05 2.579065971076488495e-03 3.926014155149459839e-02 3.521451354026794434e-01 1.861010551452636719e+00 5.794963836669921875e+00 1.063205909729003906e+01 1.149343490600585938e+01 7.320634365081787109e+00 2.747380733489990234e+00 6.075049042701721191e-01 7.915121316909790039e-02 6.076047662645578384e-03 2.748315746430307627e-04 7.324229045480024070e-06 1.150063866361961118e-07 1.064074606205167584e-09 5.800481189116579728e-12 1.863167213285270296e-14 3.525980114610183333e-17 3.931588805229686982e-20 2.583218750821743413e-23 9.999611619789234214e-27 2.280945036979641732e-30 3.063920974466003700e-34 1.744175242961963923e-31 8.936580720289099797e-28 2.697828565208959157e-24 4.798283690241530738e-21 5.028775878025289848e-18 3.105065660022549370e-15 1.129743651059889054e-12 2.421884914838301484e-10 3.058919872955812025e-08
4.765877470447321684e-09 4.376482536372350296e-07 2.367841807426884770e-05 7.548616267740726471e-04 1.417858153581619263e-02 1.569204479455947876e-01 1.023251414299011230e+00 3.931524991989135742e+00 8.900299072265625000e+00 1.187169551849365234e+01 9.330144882202148438e+00 4.320502758026123047e+00 1.178805589675903320e+00 1.895072311162948608e-01 1.795004867017269135e-02 1.001813216134905815e-03 3.294274210929870605e-05 6.382590527209686115e-07 7.286581116261459101e-09 4.901089950548609409e-11 1.942479515995923500e-13 4.535834962767176619e-16 6.240553495999388326e-19 5.059320666787294758e-22 2.416518104001591227e-25 6.801365626264514661e-29 1.127782798363937091e-32 5.057630933312110389e-33 3.197526995728231188e-29 1.191058433000517214e-25 2.613849841118240795e-22 3.380141224299939109e-19 2.575248563218234237e-16 1.156126111729119388e-13 3.058104811048956151e-11 4.765877470447321684e-09
8.641761195526953543e-10 9.550272039859919460e-08 6.218323051143670455e-06 2.385717962170019746e-04 5.392800085246562958e-03 7.182769477367401123e-02 5.636698007583618164e-01 2.606359958648681641e+00 7.100825786590576172e+00 1.139848136901855469e+01 1.078086566925048828e+01 6.007991790771484375e+00 1.972732543945312500e+00 3.816644847393035889e-01 4.350633546710014343e-02 2.922157989814877510e-03 1.156398429884575307e-04 2.696343472052831203e-06 3.704521134295646334e-08 2.998693515721129188e-10 1.430297070018071715e-12 4.019372081530154378e-15 6.655110983207129791e-18 6.493128701645451138e-21 3.732355744672993238e-24 1.264208534072969668e-27 2.522799191059630723e-31 2.082851782148539781e-34 1.585845698920330473e-30 7.109038833040830274e-27 1.877534866130691960e-23 2.921942489305118315e-20 2.679090435037977179e-17 1.447448016750774863e-14 4.607677087098416280e-12 8.641761195526953543e-10
1.623921275228923378e-10 2.137588950290592038e-08 1.657778966546175070e-06 7.575618656119331717e-05 2.039664424955844879e-03 3.235803917050361633e-02 3.024542927742004395e-01 1.665770769119262695e+00 5.405498027801513672e+00 1.033519744873046875e+01 1.164316940307617188e+01 7.728443145751953125e+00 3.022572994232177734e+00 6.965227127075195312e-01 9.456972032785415649e-02 7.565436884760856628e-03 3.566134837456047535e-04 9.904011676553636789e-06 1.620740164298695163e-07 1.562640239427537381e-09 8.877652085681475569e-12 2.971500337998513042e-14 5.860271560961761647e-17 6.810249068982968123e-20 4.662695224485229494e-23 1.881130964988042135e-26 4.471259647589981229e-30 6.261597594021236860e-34 8.762028508790581667e-32 4.678449761606029462e-28 1.471710540478671634e-24 2.728051757619472101e-21 2.979292394588885833e-18 1.917234300396401629e-15 7.268965160692197891e-13 1.623921275228923378e-10
3.192851538713625814e-11 4.954810783885932324e-09 4.530218120635254309e-07 2.440629759803414345e-05 7.746974006295204163e-04 1.448927074670791626e-02 1.596668064594268799e-01 1.036718606948852539e+00 3.966176033020019531e+00 8.940155029296875000e+00 1.187376594543457031e+01 9.291786193847656250e+00 4.284249305725097656e+00 1.163919925689697266e+00 1.863077133893966675e-01 1.757182553410530090e-02 9.764645947143435478e-04 3.197142359567806125e-05 6.168110076032462530e-07 7.011166758275066968e-09 4.695905470031291884e-11 1.853056824738935626e-13 4.308455850219456134e-16 5.902761368166288334e-19 4.764537104240389701e-22 2.266171815784880284e-25 6.350267694305952448e-29 1.048563515731336860e-32 5.442173706374466989e-33 3.425895342590162921e-29 1.270518789609716003e-25 2.776533911920456100e-22 3.574814821043055676e-19 2.712099176643579255e-16 1.212340368069234064e-13 3.192851538713625814e-11
5.598563279640700330e-12 1.030552088110425757e-09 1.117650043624962564e-07 7.142190952436067164e-06 2.689086250029504299e-04 5.965717602521181107e-03 7.797820866107940674e-02 6.005693674087524414e-01 2.725323200225830078e+00 7.286749839782714844e+00 1.147944450378417969e+01 1.065551662445068359e+01 5.827652931213378906e+00 1.877953648567199707e+00 3.565630316734313965e-01 3.989007696509361267e-02 2.629354130476713181e-03 1.021168282022699714e-04 2.336851139261852950e-06 3.150739047441675211e-08 2.503132978670663533e-10 1.171646113462543326e-12 3.231271028064598358e-15 5.251107964609130286e-18 5.027579529290293818e-21 2.836439314865343142e-24 9.427970190019836701e-28 1.846592421716622285e-31 2.887039609969721962e-34 2.156804934210770645e-30 9.487796507440304041e-27 2.459402298581874284e-23 3.755973191305850750e-20 3.380015492846831049e-17 1.792166201140983628e-14 5.598563279640700330e-12
6.558151916490062572e-13 1.479240341328846853e-10 1.965790374924836215e-08 1.539311483611527365e-06 7.101705705281347036e-05 1.930566271767020226e-03 3.092136420309543610e-02 2.918184399604797363e-01 1.622674942016601562e+00 5.316310405731201172e+00 1.026269817352294922e+01 1.167288112640380859e+01 7.822784900665283203e+00 3.088984012603759766e+00 7.186726331710815430e-01 9.851707518100738525e-02 7.957396097481250763e-03 3.786895831581205130e-04 1.061891998688224703e-05 1.754384157948152279e-07 1.707888275248592436e-09 9.795712851978777280e-12 3.310386361733697047e-14 6.592023324094751710e-17 7.733792345489302180e-20 5.346498474248165743e-23 2.177584893170098372e-26 5.226275719462117732e-30 7.388724025727033557e-34 7.463349402968223362e-32 4.023027394064373389e-28 1.277844423146534488e-24 2.391295948153407537e-21 2.636910344934305660e-18 1.713119265382375724e-15 6.558151916490062572e-13
1.133890073848342617e-13 3.004577836529520596e-11 4.690691834952076533e-09 4.315021442380384542e-07 2.338695776415988803e-05 7.468815892934799194e-04 1.405337080359458923e-02 1.558083146810531616e-01 1.017806053161621094e+00 3.917409181594848633e+00 8.883944511413574219e+00 1.187073135375976562e+01 9.345802307128906250e+00 4.335365772247314453e+00 1.184942007064819336e+00 1.908240616321563721e-01 1.810703985393047333e-02 1.012316090054810047e-03 3.334787834319286048e-05 6.472452014349983074e-07 7.402162438552295498e-09 4.987594365291059262e-11 1.980104177411873279e-13 4.632164843484855993e-16 6.384280263333539649e-19 5.184953266157599909e-22 2.480883730448902396e-25 6.994813853969167703e-29 1.161896746450753771e-32 4.908910694123936261e-33 3.108598384252365815e-29 1.159971150358987310e-25 2.550097763072878847e-22 3.303502940546901095e-19 2.521290446895767170e-16 1.133890073848342617e-13
2.944701231986923684e-14 8.804618492619376013e-12 1.551033079749686294e-09 1.609993205420323648e-07 9.846271495916880667e-06 3.548192325979471207e-04 7.533430121839046478e-03 9.424543380737304688e-02 6.946917176246643066e-01 3.017050743103027344e+00 7.720526695251464844e+00 1.164059352874755859e+01 1.034121704101562500e+01 5.412993907928466797e+00 1.669422149658203125e+00 3.033608794212341309e-01 3.248108923435211182e-02 2.049067523330450058e-03 7.616671791765838861e-05 1.668103550400701351e-06 2.152633449270524579e-08 1.636664553883449003e-10 7.331861355021340731e-13 1.935377534368351929e-15 3.009895182121203922e-18 2.758303626701611638e-21 1.489223252574578096e-24 4.737898404164402465e-28 8.880545963470712572e-32 6.175299319104091728e-34 4.413170666433362543e-30 1.858186976374568117e-26 4.609533256993661332e-23 6.737997427415875384e-20 5.802767950010545290e-17 2.944701231986923684e-14
7.508974182463684643e-15 2.531376150360920008e-12 5.027722682626745154e-10 5.884076870188437169e-08 4.057252226630225778e-06 1.648436737013980746e-04 3.946051001548767090e-03 5.565905570983886719e-02 4.625657200813293457e-01 2.265003681182861328e+00 6.534898757934570312e+00 1.110892868041992188e+01 1.112689971923828125e+01 6.566668510437011719e+00 2.283385515213012695e+00 4.678298234939575195e-01 5.647476762533187866e-02 4.016849212348461151e-03 1.683445589151233435e-04 4.156835075264098123e-06 6.048021816695836606e-08 5.184549456416220892e-10 2.618609322435627718e-12 7.793397681756311646e-15 1.366530165206183501e-17 1.411930097203248308e-20 8.594834411026513210e-24 3.082975499308622066e-27 6.515152048754550752e-31 8.096669631107083318e-35 6.176711238429642995e-31 2.932283999704959377e-27 8.201218062870195391e-24 1.351628145871992422e-20 1.312511135303408028e-17 7.508974182463684643e-15
1.560366296586600861e-15 6.021048460161382287e-13 1.368846425098269037e-10 1.833713092480593332e-08 1.447277213628694881e-06 6.730715540470555425e-05 1.844246056862175465e-03 2.977554127573966980e-02 2.832472324371337891e-01 1.587555170059204102e+00 5.242841720581054688e+00 1.020158195495605469e+01 1.169601058959960938e+01 7.900894165039062500e+00 3.144696950912475586e+00 7.374879121780395508e-01 1.019036397337913513e-01 8.296384476125240326e-03 3.979881876148283482e-04 1.124870141211431473e-05 1.873361554771690862e-07 1.838166507894811730e-09 1.062706433269111628e-11 3.620233724344751325e-14 7.266039203960520526e-17 8.593279530841354042e-20 5.987611411719799629e-23 2.458404276138014579e-26 5.946684861487853828e-30 8.474316935940417148e-34 6.532333779482779799e-32 3.549604924784825008e-28 1.136382335748229157e-24 2.143740339420606455e-21 2.382767787123819713e-18 1.560366296586600861e-15
3.120250737305332433e-16 1.378622693434805591e-13 3.588697394807383034e-11 5.504577238468755240e-09 4.974541525371023454e-07 2.648942609084770083e-05 8.310739067383110523e-04 1.536350697278976440e-02 1.673425734043121338e-01 1.073937177658081055e+00 4.060943603515625000e+00 9.047672271728515625e+00 1.187728691101074219e+01 9.186813354492187500e+00 4.186755180358886719e+00 1.124249815940856934e+00 1.778720766305923462e-01 1.658123731613159180e-02 9.107670630328357220e-04 2.947470056824386120e-05 5.620532306238601450e-07 6.314677225560672014e-09 4.180131935038744473e-11 1.630508336854241680e-13 3.747079735168544262e-16 5.074153352068723840e-19 4.048271092267905298e-22 1.903175744614201531e-25 5.271189609471443314e-29 8.602072233381675778e-33 6.637030653206705364e-33 4.129581996020649221e-29 1.513759489132506684e-25 3.269760042123393167e-22 4.161356961177043573e-19 3.120250737305332433e-16
4.245347660484274487e-17 2.209807315432799069e-14 6.776898486826610224e-12 1.224625401086143484e-09 1.303819630038560717e-07 8.179398719221353531e-06 3.023242170456796885e-04 6.584303453564643860e-03 8.449108898639678955e-02 6.388047933578491211e-01 2.845781803131103516e+00 7.469581604003906250e+00 1.155212974548339844e+01 1.052675056457519531e+01 5.651873588562011719e+00 1.787948608398437500e+00 3.332672119140625000e-01 3.660054877400398254e-02 2.368442714214324951e-03 9.030041837831959128e-05 2.028628841799218208e-06 2.685108846378625458e-08 2.094040496558591258e-10 9.622838550299439575e-13 2.605318338724880306e-15 4.156393153718689423e-18 3.906650440672206922e-21 2.163709187299858452e-24 7.060202064476030941e-28 1.357391169514573853e-31 3.977528500072028460e-34 2.916704855972155523e-30 1.259582989606935955e-26 3.205280066343565687e-23 4.805485089111500451e-20 4.245347660484274487e-17
5.471422557678953889e-18 3.356146766137694908e-15 1.212884610454767476e-12 2.582822289376451863e-10 3.240490897837844386e-08 2.395621777395717800e-06 1.043450174620375037e-04 2.678004326298832893e-03 4.049624502658843994e-02 3.608060777187347412e-01 1.894131660461425781e+00 5.858772277832031250e+00 1.067763519287109375e+01 1.146592903137207031e+01 7.254540920257568359e+00 2.704427719116210938e+00 5.940384864807128906e-01 7.687983661890029907e-02 5.862588994204998016e-03 2.634018019307404757e-04 6.973222298256587237e-06 1.087667413912640768e-07 9.995920757788212541e-10 5.413051951119740579e-12 1.727037160200242671e-14 3.246823532358032575e-17 3.596245261256714663e-20 2.347171688684805111e-23 9.025491661357725417e-27 2.044812860261037407e-30 2.728518457042826617e-34 1.949244699341445103e-31 9.919781438408394410e-28 2.974740436616427879e-24 5.255588957083694890e-21 5.471422557678953889e-18
5.384785521476528014e-19 3.958580950422186870e-16 1.714542814364519718e-13 4.375780987553312684e-11 6.579640832171662623e-09 5.829632527820649557e-07 3.043162723770365119e-05 9.360436815768480301e-04 1.696411520242691040e-02 1.811425834894180298e-01 1.139694571495056152e+00 4.224889755249023438e+00 9.228162765502929688e+00 1.187626838684082031e+01 9.005588531494140625e+00 4.023546218872070312e+00 1.059202194213867188e+00 1.642887890338897705e-01 1.501465402543544769e-02 8.084930013865232468e-04 2.565203612903133035e-05 4.795297741111426149e-07 5.281698189918415665e-09 3.427867711902621295e-11 1.310732392848651395e-13 2.953258191754147121e-16 3.920343931036882127e-19 3.066550482680419209e-22 1.413209182741257026e-25 3.837260136089801216e-29 6.139656218170748337e-33 9.298316068005778141e-33 5.671232944163622768e-29 2.038237359754189607e-25 4.315761834542591042e-22 5.384785521476528014e-19
4.312968181465503076e-20 3.841267284274160298e-17 2.015609596275110688e-14 6.232106844472617979e-12 1.135281757491668486e-09 1.218615324205529760e-07 7.706790711381472647e-06 2.871893229894340038e-04 6.305617745965719223e-03 8.157173544168472290e-02 6.217718124389648438e-01 2.792420148849487305e+00 7.389318466186523438e+00 1.152104377746582031e+01 1.058394622802734375e+01 5.728919982910156250e+00 1.827093601226806641e+00 3.433315455913543701e-01 3.801400214433670044e-02 2.479870803654193878e-03 9.532278636470437050e-05 2.158807092200731859e-06 2.880689997653007595e-08 2.265005266677277973e-10 1.049259637508903609e-12 2.864134761472588928e-15 4.606168475891335456e-18 4.365037746997295665e-21 2.437061915518196274e-24 8.016997801575290455e-28 1.554049846264486484e-31 3.455947881287755794e-34 2.554575671568573160e-30 1.112286634865035750e-26 2.853533299592758291e-23 4.312968181465503076e-20
5.369251974301577134e-21 5.580995864701403253e-18 3.417748719534421595e-15 1.233294499511372599e-12 2.622010386588158326e-10 3.284697669414526899e-08 2.424375907139619812e-06 1.054369786288589239e-04 2.701786113902926445e-03 4.079065844416618347e-02 3.628692924976348877e-01 1.901943922042846680e+00 5.873808860778808594e+00 1.068820953369140625e+01 1.145933055877685547e+01 7.239057540893554688e+00 2.694439888000488281e+00 5.909079313278198242e-01 7.635676115751266479e-02 5.813414230942726135e-03 2.607936039566993713e-04 6.893060344737023115e-06 1.073477164936775807e-07 9.850618098994345928e-10 5.325694746316500527e-12 1.696620545877519648e-14 3.184413086013151658e-17 3.521888186536733045e-20 2.294838498460262144e-23 8.810397642192736878e-27 1.993182139107384434e-30 2.655144191499995589e-34 2.000606984605144298e-31 1.016618587845826956e-27 3.043844060268109597e-24 5.369251974301577134e-21
9.713521752589466485e-22 1.143347137246694450e-18 7.928907600844830716e-16 3.240025164396448387e-13 7.800464441043430952e-11 1.106593927602261829e-08 9.249067716154968366e-07 4.555080886348150671e-05 1.321783405728638172e-03 2.259826660156250000e-02 2.276516258716583252e-01 1.351212143898010254e+00 4.725541114807128906e+00 9.737375259399414062e+00 1.182230567932128906e+01 8.457271575927734375e+00 3.564698696136474609e+00 8.852786421775817871e-01 1.295427381992340088e-01 1.116870809346437454e-02 5.673798732459545135e-04 1.698224696156103164e-05 2.994891019625356421e-07 3.112124780102476507e-09 1.905353652631447403e-11 6.873666268331427021e-14 1.460970897753689768e-16 1.829755051228150801e-19 1.350132283842140821e-22 5.869798748101676712e-26 1.503759179266816112e-29 2.269527310474575124e-33 2.492297816292799253e-32 1.434202955433745085e-28 4.862711183105333865e-25 9.713521752589466485e-22
1.527777448810670911e-22 2.052467485797400778e-19 1.624517607396326179e-16 7.576597227214321162e-14 2.081896634253954659e-11 3.370835166549568385e-09 3.215593551431084052e-07 1.807485023164190352e-05 5.986220203340053558e-04 1.168102491647005081e-02 1.343046426773071289e-01 9.098231792449951172e-01 3.631608486175537109e+00 8.540885925292968750e+00 1.183524131774902344e+01 9.663146972656250000e+00 4.648631095886230469e+00 1.317638635635375977e+00 2.200609594583511353e-01 2.165441028773784637e-02 1.255539362318813801e-03 4.289104253984987736e-05 8.633109018774121068e-07 1.023898832386294089e-08 7.154667136521908333e-11 2.945886807062536583e-13 7.146302626536652630e-16 1.021517598485623444e-18 8.602848007200546545e-22 4.268779286678631366e-25 1.248169317273739853e-28 2.150132569666746161e-32 2.636461912845583121e-33 1.731688022896907602e-29 6.701142278259168819e-26 1.527777448810670911e-22
2.010601028028639541e-23 3.114179586779868725e-20 2.841788589721032192e-17 1.528063361066166193e-14 4.840922367826960837e-12 9.036695836073249666e-10 9.938783307461562799e-08 6.440904144255910069e-06 2.459379320498555899e-04 5.532917100936174393e-03 7.334399968385696411e-02 5.728371739387512207e-01 2.636173963546752930e+00 7.147894859313964844e+00 1.141966533660888672e+01 1.074962711334228516e+01 5.962143898010253906e+00 1.948384284973144531e+00 3.751641809940338135e-01 4.256240278482437134e-02 2.845184877514839172e-03 1.120591041399165988e-04 2.600447260192595422e-06 3.555800986987378565e-08 2.864644355060619318e-10 1.359872284223406780e-12 3.803346492728312128e-15 6.268018167082833365e-18 6.085948237322656319e-21 3.481686514569059306e-24 1.173706004498302435e-27 2.331089933273855333e-31 2.262553414731833429e-34 1.714485594064149276e-30 7.648505677159294625e-27 2.010601028028639541e-23
2.121648898770510850e-24 3.836177722098243360e-21 4.086510454028371986e-18 2.565141660212477519e-15 9.486451338011625545e-13 2.067249565973483527e-10 2.654135400348422991e-08 2.007909188250778243e-06 8.950155461207032204e-05 2.350531052798032761e-03 3.637339919805526733e-02 3.316326141357421875e-01 1.781589984893798828e+00 5.639212608337402344e+00 1.051722717285156250e+01 1.155709743499755859e+01 7.482808113098144531e+00 2.854593276977539062e+00 6.416494846343994141e-01 8.497869223356246948e-02 6.631340831518173218e-03 3.048916114494204521e-04 8.259501555585302413e-06 1.318408777706281398e-07 1.239912061912207264e-09 6.871079226422605046e-12 2.243365744363477743e-14 4.315905504990557705e-17 4.891897028789735333e-20 3.266977824373987285e-23 1.285651761036579376e-26 2.980774564306661876e-30 4.070796629970084334e-34 1.327597207248067236e-31 6.913773610804269399e-28 2.121648898770510850e-24
1.697511078456932898e-25 3.638743987633131430e-22 4.595408613880822241e-19 3.419781175091358288e-16 1.499366223626369399e-13 3.873599357939738752e-11 5.896050758735782438e-09 5.288114834911539219e-07 2.794496867863927037e-05 8.700725156813859940e-04 1.596215367317199707e-02 1.725365072488784790e-01 1.098876237869262695e+00 4.123596191406250000e+00 9.117507934570312500e+00 1.187793922424316406e+01 9.117451667785644531e+00 4.123544216156005859e+00 1.098855733871459961e+00 1.725320667028427124e-01 1.596164144575595856e-02 8.700408507138490677e-04 2.794251849991269410e-05 5.287841986501007341e-07 5.895713250936296390e-09 3.873349557759198092e-11 1.499263495470526397e-13 3.419519653668893523e-16 4.595058613084135741e-19 3.638120219538155072e-22 1.697348868933296828e-25 4.665420243679142190e-29 7.556345112050476172e-33 7.557093020331186852e-33 4.666382004945120566e-29 1.697511078456932898e-25
1.104388627274697022e-26 2.834590540447867178e-23 4.286331673271588471e-20 3.819292404121076565e-17 2.005011520039064882e-14 6.202247049280629199e-12 1.130368243451584931e-09 1.213903431107610231e-07 7.680925591557752341e-06 2.863448462449014187e-04 6.289990618824958801e-03 8.140741288661956787e-02 6.208078265190124512e-01 2.789386749267578125e+00 7.384719848632812500e+00 1.151924896240234375e+01 1.058719158172607422e+01 5.733279228210449219e+00 1.829352617263793945e+00 3.439157009124755859e-01 3.809640556573867798e-02 2.486397046595811844e-03 9.561423212289810181e-05 2.166504373235511594e-06 2.892295292156177311e-08 2.275188648592774143e-10 1.054467927905089475e-12 2.879690945065387780e-15 4.633327296943289014e-18 4.392465165872607408e-21 2.453731335306421474e-24 8.075438701290262836e-28 1.566107009370305769e-31 3.428190602574002950e-34 2.535237002746133281e-30 1.104388627274697022e-26
6.335003736531711411e-28 1.954897902903082933e-24 3.554129328056834581e-21 3.807564471960177228e-18 2.403219453883556449e-15 8.937962132568588736e-13 1.958494755260886677e-10 2.528707909732474945e-08 1.923717491081333719e-06 8.622445602668449283e-05 2.277222229167819023e-03 3.543497622013092041e-02 3.248919844627380371e-01 1.755106210708618164e+00 5.586535453796386719e+00 1.047718238830566406e+01 1.157752799987792969e+01 7.537926673889160156e+00 2.891739368438720703e+00 6.536230444908142090e-01 8.705067634582519531e-02 6.830814294517040253e-03 3.158188192173838615e-04 8.603754395153373480e-06 1.380977323606202845e-07 1.306093233566230083e-09 7.277848462772240623e-12 2.389617163541836453e-14 4.622647898926861895e-17 5.268860682271196085e-20 3.538716740395469222e-23 1.400249060885090888e-26 3.264910168730925792e-30 4.483616470654448009e-34 1.209695358959461963e-31 6.335003736531711411e-28
3.953272739261719715e-29 1.453204800414511647e-25 3.147220787243513065e-22 4.016360213108681929e-19 3.019743395970913256e-16 1.337854387819734092e-13 3.492078154421207614e-11 5.370996980502695806e-09 4.867310963163617998e-07 2.598777427920140326e-05 8.175913244485855103e-04 1.515493914484977722e-02 1.655209362506866455e-01 1.065145492553710938e+00 4.038686752319335938e+00 9.022638320922851562e+00 1.187673759460449219e+01 9.211395263671875000e+00 4.209436416625976562e+00 1.133403062820434570e+00 1.798127144575119019e-01 1.680790260434150696e-02 9.257015772163867950e-04 3.004085010616108775e-05 5.743830229221202899e-07 6.471137403707416524e-09 4.295386962782643536e-11 1.680034149992293280e-13 3.871455935560997588e-16 5.256456721245051301e-19 4.205475798331327872e-22 1.982283702265896121e-25 5.505854543545306067e-29 9.009532370839266769e-33 6.337015107518087035e-33 3.953272739261719715e-29
1.869352366847130432e-30 8.296263710190764473e-27 2.169206246188755290e-23 3.342148301777495702e-20 3.033758350176623706e-17 1.622698455911331800e-14 5.113646919102654564e-12 9.495535469028482112e-10 1.038895263150152459e-07 6.696847776765935123e-06 2.543641312513500452e-04 5.692348815500736237e-03 7.506017386913299561e-02 5.831536054611206055e-01 2.669518470764160156e+00 7.200253486633300781e+00 1.144264316558837891e+01 1.071453666687011719e+01 5.911388397216796875e+00 1.921625614166259766e+00 3.680633306503295898e-01 4.153688251972198486e-02 2.761913929134607315e-03 1.082103699445724487e-04 2.497915374988224357e-06 3.397612147182371700e-08 2.722800873655728537e-10 1.285731937583634021e-12 3.577031994716171892e-15 5.863533051398996980e-18 5.663687882692107671e-21 3.223056889070540143e-24 1.080806943997336946e-27 2.135231415528547433e-31 2.480275631490756623e-34 1.869352366847130432e-30
8.266722796875278014e-32 4.429366353003511668e-28 1.398222033485318922e-24 2.600861833226290320e-21 2.850277034448990107e-18 1.840589041856438568e-15 7.002694322848224129e-13 1.569896157516126323e-10 2.073672789038027986e-08 1.613813878975633997e-06 7.400404865620657802e-05 1.999429892748594284e-03 3.183020651340484619e-02 2.985574305057525635e-01 1.650038242340087891e+00 5.373098850250244141e+00 1.030904102325439453e+01 1.165416908264160156e+01 7.762694358825683594e+00 3.046546220779418945e+00 7.044929265975952148e-01 9.598517417907714844e-02 7.705416064709424973e-03 3.644768730737268925e-04 1.015768339129863307e-05 1.668040283675509272e-07 1.613850386661397351e-09 9.200518819030278905e-12 3.090295692411391959e-14 6.115795593113272405e-17 7.131937024265426358e-20 4.899994997739658763e-23 1.983757762823011446e-26 4.731535161720802418e-30 6.649182877071307709e-34 8.266722796875278014e-32
5.942728588313367567e-33 3.721726607991549043e-29 1.373134802236996745e-25 2.985293013168351249e-22 3.823778349339558831e-19 2.886035010082085676e-16 1.283352222235245588e-13 3.362695538688953434e-11 5.191508556379176298e-09 4.722178346128202975e-07 2.530928759369999170e-05 7.992201717570424080e-04 1.487089041620492935e-02 1.630275547504425049e-01 1.053085088729858398e+00 4.008026599884033203e+00 8.987934112548828125e+00 1.187570190429687500e+01 9.245409011840820312e+00 4.240898132324218750e+00 1.146205425262451172e+00 1.825265586376190186e-01 1.712596416473388672e-02 9.468139614909887314e-04 3.084077616222202778e-05 5.919335990256513469e-07 6.693690046688516304e-09 4.460161753816471730e-11 1.750955337751630703e-13 4.050106301444362242e-16 5.520224973048663692e-19 4.432812132135070926e-22 2.097522228933811696e-25 5.847374885758633633e-29 9.605487435555027146e-33 5.942728588313367567e-33
6.423843824261040723e-34 4.580855217696806053e-30 1.924184127411247711e-26 4.762790629305102798e-23 6.945495684074802376e-20 5.968290761049346383e-17 3.021554902983558666e-14 9.013827011183916937e-12 1.584344655469749341e-09 1.640723894524853677e-07 1.001176951831439510e-05 3.599431947804987431e-04 7.625027094036340714e-03 9.517037868499755859e-02 6.999087333679199219e-01 3.032770156860351562e+00 7.743038177490234375e+00 1.164790916442871094e+01 1.032407569885253906e+01 5.391627788543701172e+00 1.659055233001708984e+00 3.007889688014984131e-01 3.213123232126235962e-02 2.022429369390010834e-03 7.500182255171239376e-05 1.638912294765759725e-06 2.110019536871732271e-08 1.600691801328935071e-10 7.154346559623547819e-13 1.884064278423686414e-15 2.923629343218661218e-18 2.672899247939428897e-21 1.439945281192910846e-24 4.570213461696439001e-28 8.546659135810325439e-32 6.423843824261040723e-34
1.897946176381083364e-34 1.452968193661571356e-30 6.547556298542086553e-27 1.738669629946283677e-23 2.720072291985819696e-20 2.507553690073670554e-17 1.361926742308181351e-14 4.358676614080181366e-12 8.218987712638181620e-10 9.131167644227389246e-08 5.977571163384709507e-06 2.305525995325297117e-04 5.239628255367279053e-03 7.015901058912277222e-02 5.535359978675842285e-01 2.573196887969970703e+00 7.047924995422363281e+00 1.137419319152832031e+01 1.081549549102783203e+01 6.059515953063964844e+00 2.000329256057739258e+00 3.890678286552429199e-01 4.458755627274513245e-02 3.010803367942571640e-03 1.197852543555200100e-04 2.808080353133846074e-06 3.878492549347356544e-08 3.156510886004326721e-10 1.513532355001956375e-12 4.276037464108310704e-15 7.118544298063945140e-18 6.981885814913453580e-21 4.035146198076237252e-24 1.373950718606076509e-27 2.756751954232036494e-31 1.897946176381083364e-34
1.126192005532389136e-34 4.525601528914370725e-31 2.189044715599586854e-27 6.239466930853004918e-24 1.047769648640459887e-20 1.036785532796004718e-17 6.044296668532810057e-15 2.076359700495244986e-12 4.202631020966407505e-10 5.011680670463647402e-08 3.521567577990936115e-06 1.457925827708095312e-04 3.556484356522560120e-03 5.111613497138023376e-02 4.328875541687011719e-01 2.160015344619750977e+00 6.350374221801757812e+00 1.100052356719970703e+01 1.122776317596435547e+01 6.752108573913574219e+00 2.392528533935546875e+00 4.995001554489135742e-01 6.144388765096664429e-02 4.453498870134353638e-03 1.901853538583964109e-04 4.785615146829513833e-06 7.094899956427980214e-08 6.197891089243512397e-10 3.189947438142493041e-12 9.673582125765099737e-15 1.728583479725948481e-17 1.819813988164139979e-20 1.128933792751996580e-23 4.126074564628304102e-27 8.886156127809447021e-31 1.126192005532389136e-34
4.779380951225912925e-34 1.137392112033604045e-31 5.978353288675277720e-28 1.851700302573428000e-24 3.378964139825927615e-21 3.633259318921778130e-18 2.301686461529130721e-15 8.592030082202328778e-13 1.889773892926882581e-10 2.448861025072801567e-08 1.869863808678928763e-06 8.412054739892482758e-05 2.229871926829218864e-03 3.482646867632865906e-02 3.204939365386962891e-01 1.737779498100280762e+00 5.551746368408203125e+00 1.045048713684082031e+01 1.159068870544433594e+01 7.574404716491699219e+00 2.916478395462036133e+00 6.616530418395996094e-01 8.844360709190368652e-02 6.965971551835536957e-03 3.232589224353432655e-04 8.839014299155678600e-06 1.423979938408592716e-07 1.351744050026582045e-09 7.560089707037143114e-12 2.491291779805043100e-14 4.837495159019955006e-17 5.534160122936826557e-20 3.730664584664380433e-23 1.481657041113570490e-26 3.467480383061236691e-30 4.779380951225912925e-34
3.541176731852141118e-33 1.606544602785767870e-32 9.487461323407607747e-29 3.301514529513493162e-25 6.768672943834199917e-22 8.177089809489892315e-19 5.820039613549550517e-16 2.440908261104601795e-13 6.031769528291874849e-11 8.781672278246333008e-09 7.533594157393963542e-07 3.807781831710599363e-05 1.134041929617524147e-03 1.989927142858505249e-02 2.057433724403381348e-01 1.253346920013427734e+00 4.498757362365722656e+00 9.514333724975585938e+00 1.185575485229492188e+01 8.704568862915039062e+00 3.765613317489624023e+00 9.598115682601928711e-01 1.441455036401748657e-01 1.275541819632053375e-02 6.650305003859102726e-04 2.043022323050536215e-05 3.697879833453043830e-07 3.943860793498288331e-09 2.478181895804176804e-11 9.175062239911296880e-14 2.001624087052229165e-16 2.572711099835263507e-19 1.948511805662611067e-22 8.694547563434000357e-26 2.285849989343476068e-29 3.541176731852141118e-33
3.632458570170895032e-32 1.546537305949419400e-33 1.047832730289087432e-29 4.183019382703177035e-26 9.838143095388150717e-23 1.363456537825816617e-19 1.113272607933068039e-16 5.356281282224706342e-14 1.518411438250488743e-11 2.536028942401458153e-09 2.495804949376179138e-07 1.447153772460296750e-05 4.944293759763240814e-04 9.952794760465621948e-03 1.180504411458969116e-01 8.249847888946533203e-01 3.397037029266357422e+00 8.241753578186035156e+00 1.178156661987304688e+01 9.923262596130371094e+00 4.924652576446533203e+00 1.439989328384399414e+00 2.480891048908233643e-01 2.518453449010848999e-02 1.506309723481535912e-03 5.308579420670866966e-05 1.102276655728928745e-06 1.348628675401641885e-08 9.721618648983465505e-11 4.129032727707981909e-13 1.033367172518682379e-15 1.523689228994369047e-18 1.323857535899763537e-21 6.776646497428684233e-25 2.043863783049302144e-28 3.632458570170895032e-32
2.438232011571643879e-31 2.158795375285131008e-34 1.640097490357672949e-30 7.337280020378183841e-27 1.933841548734833164e-23 3.003377774376110332e-20 2.748110716221646829e-17 1.481694067028034578e-14 4.707049854058009686e-12 8.810019935800994517e-10 9.716259796732629184e-08 6.313428457360714674e-06 2.417232753941789269e-04 5.452831275761127472e-03 7.247835397720336914e-02 5.676095485687255859e-01 2.619194269180297852e+00 7.121158599853515625e+00 1.140767478942871094e+01 1.076743316650390625e+01 5.988203048706054688e+00 1.962202310562133789e+00 3.788398802280426025e-01 4.309682175517082214e-02 2.888615010306239128e-03 1.140818858402781188e-04 2.654563104442786425e-06 3.639630463680987305e-08 2.940126475614590618e-10 1.399391236570068919e-12 3.924721231872169841e-15 6.485094348054511865e-18 6.314277551368568132e-21 3.622108094433378123e-24 1.224228924729412793e-27 2.438232011571643879e-31
3.009291493020322177e-30 4.111686843811910711e-34 1.314735653357980259e-31 6.851444740014065285e-28 2.103548879730667345e-24 3.805671398042515733e-21 4.056395289467153907e-18 2.547715227872141171e-15 9.428098492886283211e-13 2.055595416106115181e-10 2.640859264602113399e-08 1.998927018576068804e-06 8.915320358937606215e-05 2.342749619856476784e-03 3.627419471740722656e-02 3.309210836887359619e-01 1.778805613517761230e+00 5.633748054504394531e+00 1.051305866241455078e+01 1.155926418304443359e+01 7.488582134246826172e+00 2.858465194702148438e+00 6.428816318511962891e-01 8.519326150417327881e-02 6.651748903095722198e-03 3.060189192183315754e-04 8.294880899484269321e-06 1.324831657711911248e-07 1.246682646005581319e-09 6.912168754036329688e-12 2.258236932411832043e-14 4.346702431812641989e-17 4.930076583937886017e-20 3.294397367262021302e-23 1.297085159707230865e-26 3.009291493020322177e-30
3.554087647101007824e-29 5.658792335976059603e-33 1.008478203279136813e-32 6.122106384913042343e-29 2.189564300683703420e-25 4.614478846889545317e-22 5.729494430194219855e-19 4.191937997995154579e-16 1.807074455351109776e-13 4.589593982640138847e-11 6.868598578790852116e-09 6.056266101950313896e-07 3.146516610286198556e-05 9.631722932681441307e-04 1.737246289849281311e-02 1.846177577972412109e-01 1.156015634536743164e+00 4.264994621276855469e+00 9.271190643310546875e+00 1.187469768524169922e+01 8.961425781250000000e+00 3.984707355499267578e+00 1.043951988220214844e+00 1.611537039279937744e-01 1.465738378465175629e-02 7.855144212953746319e-04 2.480289185768924654e-05 4.614637418853817508e-07 5.058448326877851287e-09 3.267115744609583317e-11 1.243383651247653710e-13 2.787930595339908543e-16 3.683495755280925176e-19 2.867272858424556444e-22 1.315051343564122968e-25 3.554087647101007824e-29
7.661613171174805275e-28 1.480725329846634162e-31 3.633731070356309006e-34 2.678500423772373604e-30 1.162770651311269486e-26 2.974424655596067908e-23 4.482708551218225361e-20 3.980884783761270691e-17 2.082982088679949384e-14 6.421367777786901598e-12 1.166448049261248343e-09 1.248377827778313076e-07 7.872557944210711867e-06 2.925050212070345879e-04 6.403763312846422195e-03 8.260199427604675293e-02 6.278055906295776367e-01 2.811411619186401367e+00 7.417963981628417969e+00 1.153230762481689453e+01 1.056365394592285156e+01 5.701352596282958984e+00 1.813035488128662109e+00 3.397108912467956543e-01 3.750333935022354126e-02 2.439554780721664429e-03 9.349833999294787645e-05 2.111459252773784101e-06 2.809357724231631437e-08 2.202402010764714646e-10 1.017373034775670426e-12 2.768865154246635124e-15 4.440401067545402433e-18 4.195462490249657206e-21 2.335595470445048852e-24 7.661613171174805275e-28
7.447994799533206236e-27 1.666472198166394712e-30 2.195636791690091948e-34 2.399149645593244793e-31 1.205773315851333228e-27 3.570975313848309969e-24 6.230674956157459148e-21 6.405996029159741147e-18 3.880624696638110965e-15 1.385017643108776841e-12 2.912759478057580509e-10 3.609069665344577515e-08 2.634977590787457302e-06 1.133457481046207249e-04 2.872889628633856773e-03 4.290391504764556885e-02 3.775114119052886963e-01 1.957225322723388672e+00 5.978766441345214844e+00 1.076104354858398438e+01 1.141203117370605469e+01 7.130795478820800781e+00 2.625292539596557617e+00 5.694969892501831055e-01 7.278859615325927734e-02 5.481692962348461151e-03 2.432308101560920477e-04 6.359275630529737100e-06 9.795901689813035773e-08 8.890894687141326358e-10 4.754883986546332153e-12 1.498210870686314533e-14 2.781661492739042653e-17 3.042770312344387604e-20 1.961277657701876822e-23 7.447994799533206236e-27
5.096521543544273113e-26 1.293407606108073160e-29 1.934062712255995239e-33 2.917065932571897605e-32 1.662866932542140259e-28 5.585683960331957949e-25 1.105407335229213433e-21 1.289060275424315300e-18 8.857050834941426753e-16 3.585423516243302355e-13 8.552406005613022444e-11 1.201922739113570060e-08 9.953015478458837606e-07 4.856031591771170497e-05 1.396025298163294792e-03 2.364667505025863647e-02 2.359941303730010986e-01 1.387747168540954590e+00 4.808161735534667969e+00 9.815679550170898438e+00 1.180665206909179688e+01 8.367587089538574219e+00 3.494124889373779297e+00 8.597058653831481934e-01 1.246293336153030396e-01 1.064558513462543488e-02 5.357620539143681526e-04 1.588761733728460968e-05 2.775834957446932094e-07 2.857551528734347812e-09 1.733349574983833463e-11 6.194674493417012817e-14 1.304510148110427613e-16 1.618496741697287452e-19 1.183252987637087758e-22 5.096521543544273113e-26
4.301620059201047851e-25 1.258304162494213109e-28 2.168915206151360082e-32 2.613630506474752610e-33 1.717373247658695661e-29 6.649170519449494831e-26 1.516709667201547698e-22 2.038647882701053913e-19 1.614534000623954165e-16 7.533337560532149535e-14 2.071210911114285125e-11 3.355062672127928636e-09 3.202360687737382250e-07 1.800874451873824000e-05 5.967398174107074738e-04 1.165066380053758621e-02 1.340202242136001587e-01 9.083820581436157227e-01 3.627653121948242188e+00 8.536035537719726562e+00 1.183452796936035156e+01 9.667486190795898438e+00 4.653084278106689453e+00 1.319595336914062500e+00 2.204958796501159668e-01 2.170892804861068726e-02 1.259302021935582161e-03 4.304327012505382299e-05 8.668204145578783937e-07 1.028529794666610542e-08 7.191142126217187069e-11 2.962238202126876718e-13 7.190164110127848437e-16 1.028234201661977459e-18 8.664569494166997192e-22 4.301620059201047851e-25
4.378271898424336820e-24 1.499167172463351474e-27 3.024836841572658534e-31 1.721616743216711153e-34 1.325397340100164374e-30 6.006794073943027348e-27 1.603871602817013887e-23 2.523498635526274682e-20 2.339393496369805388e-17 1.277714472582274635e-14 4.112112560183955878e-12 7.797120726849016137e-10 8.711592158761050086e-08 5.734605110774282366e-06 2.224327472504228354e-04 5.083272233605384827e-03 6.844945251941680908e-02 5.430775880813598633e-01 2.538701772689819336e+00 6.992552757263183594e+00 1.134810447692871094e+01 1.085124301910400391e+01 6.113648414611816406e+00 2.029518127441406250e+00 3.969594836235046387e-01 4.574848711490631104e-02 3.106432035565376282e-03 1.242881990037858486e-04 2.929863285316969268e-06 4.069388737093504460e-08 3.330444808824495340e-10 1.605900959086858926e-12 4.562771245764573810e-15 7.637926868782928452e-18 7.533309937518017332e-21 4.378271898424336820e-24
5.682423846683860526e-23 2.324322882302521830e-26 5.602272163702576588e-30 7.954267214877098195e-34 6.946898898670328401e-32 3.761047958554238664e-28 1.199659235538722177e-24 2.254811550978941444e-21 2.497042581952867348e-18 1.629203711297892189e-15 6.263624601626771593e-13 1.418775374961711577e-10 1.893632983751558641e-08 1.489088845119113103e-06 6.899778963997960091e-05 1.883639488369226456e-03 3.030008077621459961e-02 2.871804237365722656e-01 1.603699207305908203e+00 5.276741981506347656e+00 1.022990608215332031e+01 1.168549156188964844e+01 7.864789009094238281e+00 3.118875026702880859e+00 7.287360429763793945e-01 1.003272682428359985e-01 8.138103410601615906e-03 3.889639046974480152e-04 1.095333664125064388e-05 1.817387556002358906e-07 1.776803815189964553e-09 1.023463779004085694e-11 3.473770885742757941e-14 6.946514553454556911e-17 8.184638091073380115e-20 5.682423846683860526e-23
1.000009459839934158e-21 5.016227459565868867e-25 1.482701241810818362e-28 2.582028002068467748e-32 2.189397901340850736e-33 1.453728785526327409e-29 5.686447752205683043e-26 1.310701229266849590e-22 1.780040720931889569e-19 1.424261680959770467e-16 6.715053589134017953e-14 1.865289173119677457e-11 3.053083563742120532e-09 2.944239270163961919e-07 1.673007682256866246e-05 5.601058946922421455e-04 1.104908436536788940e-02 1.284244209527969360e-01 8.794780969619750977e-01 3.548775196075439453e+00 8.437105178833007812e+00 1.181895637512207031e+01 9.755049705505371094e+00 4.744055747985839844e+00 1.359353303909301758e+00 2.295040488243103027e-01 2.282994426786899567e-02 1.338137313723564148e-03 4.621124389814212918e-05 9.402840532857226208e-07 1.127352433627493156e-08 7.963498610541464018e-11 3.314684139145429587e-13 8.128649087114827448e-16 1.174522437160475802e-18 1.000009459839934158e-21
1.626660044990905500e-20 1.000645603584791624e-23 3.627190531111978708e-27 7.746150421636224702e-31 9.734422543615427489e-35 5.193737471594068419e-31 2.491418027984316147e-27 7.042409003232211785e-24 1.172886693961500726e-20 1.150865650667887998e-17 6.654181989896061286e-15 2.266740180972837138e-12 4.549929322195112036e-10 5.380821122002998891e-08 3.749586539925076067e-06 1.539446820970624685e-04 3.724182723090052605e-03 5.308389663696289062e-02 4.458097815513610840e-01 2.206039428710937500e+00 6.431875228881835938e+00 1.104926872253417969e+01 1.118392753601074219e+01 6.669968605041503906e+00 2.343780040740966797e+00 4.852706491947174072e-01 5.919828265905380249e-02 4.255140200257301331e-03 1.802069600671529770e-04 4.496693691180553287e-06 6.611544733914342942e-08 5.727400775867863558e-10 2.923510392105477251e-12 8.792053761733868017e-15 1.557914281788087471e-17 1.626660044990905500e-20
2.445756453396390510e-19 1.845039129535305567e-22 8.201739992966612243e-26 2.147979886862085305e-29 3.314771009753999064e-33 1.715122958856108628e-32 1.008956781118692740e-28 3.497512444834376940e-25 7.143392223669257024e-22 8.595740393163699299e-19 6.094861570868576398e-16 2.546124118832371330e-13 6.267476815313699490e-11 9.089614394497402827e-09 7.767669103486696258e-07 3.910946543328464031e-05 1.160268438979983330e-03 2.028151974081993103e-02 2.088798135519027710e-01 1.267565965652465820e+00 4.532148838043212891e+00 9.547957420349121094e+00 1.185172653198242188e+01 8.668029785156250000e+00 3.735284566879272461e+00 9.484189748764038086e-01 1.418846845626831055e-01 1.250689662992954254e-02 6.495575071312487125e-04 1.987695213756524026e-05 3.584012233659450430e-07 3.807444137748916546e-09 2.383362431024327321e-11 8.789944141475436457e-14 1.910072001552656079e-16 2.445756453396390510e-19
3.398994738411553992e-18 3.144523059652499974e-21 1.714210129832910463e-24 5.505542302153072286e-28 1.041947025372542835e-31 5.233850944482810353e-34 3.776771942751289822e-30 1.605534087731721908e-26 4.021395800295601362e-23 5.934207285387345238e-20 5.160065157669093848e-17 2.643502245173925264e-14 7.980005545249468923e-12 1.419271367097962866e-09 1.487376550812768983e-07 9.183775546262040734e-06 3.341245464980602264e-04 7.162436377257108688e-03 9.046195447444915771e-02 6.732098460197448730e-01 2.951843261718750000e+00 7.626230716705322266e+00 1.160890579223632812e+01 1.041212558746337891e+01 5.502411842346191406e+00 1.713321447372436523e+00 3.143290877342224121e-01 3.397879749536514282e-02 2.164145000278949738e-03 8.121364226099103689e-05 1.795797174963809084e-06 2.339546867347053194e-08 1.795968374018741542e-10 8.122787381950602459e-13 2.164602861103731568e-15 3.398994738411553992e-18
4.366263598938295988e-17 4.953640891637990393e-20 3.311633662496738321e-23 1.304334360017904421e-26 3.027229724892966415e-30 4.137742869959336768e-34 1.306755457309117914e-31 6.812455251254917889e-28 2.092520209845224989e-24 3.786743986975396601e-21 4.038022780881738610e-18 2.536892052630362535e-15 9.391524016799657204e-13 2.048366753992780787e-10 2.632531703739005025e-08 1.993348178075393662e-06 8.893657650332897902e-05 2.337993588298559189e-03 3.621244430541992188e-02 3.304855227470397949e-01 1.777070999145507812e+00 5.630303382873535156e+00 1.051050186157226562e+01 1.156061363220214844e+01 7.492120742797851562e+00 2.860881805419921875e+00 6.436590552330017090e-01 8.532741665840148926e-02 6.664650514721870422e-03 3.067115903832018375e-04 8.317028004967141896e-06 1.328779291043247213e-07 1.250917480710711516e-09 6.938176595749911968e-12 2.267412332109669526e-14 4.366263598938295988e-17
4.226395827685051551e-16 5.780559391334415327e-19 4.658801975036910339e-22 2.212123257382695542e-25 6.189406803113439058e-29 1.020249162897889641e-32 5.593292321380303215e-33 3.515309047670770830e-29 1.301720333822986513e-25 2.839874015246675427e-22 3.650789809342402731e-19 2.765073940653843283e-16 1.234027528600190049e-13 3.244746832331557584e-11 5.027284366576623142e-09 4.589340960592380725e-07 2.468381717335432768e-05 7.822780753485858440e-04 1.460700016468763351e-02 1.607095748186111450e-01 1.041787385940551758e+00 3.979168891906738281e+00 8.955095291137695312e+00 1.187443161010742188e+01 9.277328491210937500e+00 4.270739555358886719e+00 1.158365130424499512e+00 1.851241886615753174e-01 1.743162795901298523e-02 9.671127190813422203e-04 3.161550193908624351e-05 6.089368298489716835e-07 6.910874539300948527e-09 4.621004967564346089e-11 1.820685122848678117e-13 4.226395827685051551e-16
4.887916701029398556e-15 8.230985589481397386e-18 8.167385882305394253e-21 4.774703296720935820e-24 1.644805609671925371e-27 3.338139940304101837e-31 1.552067639528053631e-34 1.202111022388182531e-30 5.480609598279024008e-27 1.472098383942723545e-23 2.329984739539608925e-20 2.172699728455874230e-17 1.193835425617817761e-14 3.864815585619130189e-12 7.372399357663539377e-10 8.286175301464027143e-08 5.487101134349359199e-06 2.141017175745218992e-04 4.922057501971721649e-03 6.667381525039672852e-02 5.321322083473205566e-01 2.502423763275146484e+00 6.933729648590087891e+00 1.131973743438720703e+01 1.088866233825683594e+01 6.171370506286621094e+00 2.060876846313476562e+00 4.055055975914001465e-01 4.701101034879684448e-02 3.211192786693572998e-03 1.292458036914467812e-04 3.064899374294327572e-06 4.282566123947617598e-08 3.525622849220866328e-10 1.710255418188588727e-12 4.887916701029398556e-15
5.209101514936156918e-14 1.079988646794057320e-16 1.319402061623978766e-19 9.496614286170490043e-23 4.027760463199202241e-26 1.006422979535608283e-29 1.481717976051186043e-33 3.788010855994445221e-32 2.126287325396756580e-28 7.031693609733755323e-25 1.370259722740056640e-21 1.573172000417903716e-18 1.064263969819203865e-15 4.241907389582189047e-13 9.962512759198460799e-11 1.378613312397192203e-08 1.123978336181608029e-06 5.399618748924694955e-05 1.528328517451882362e-03 2.548902854323387146e-02 2.504637241363525391e-01 1.450153827667236328e+00 4.947069168090820312e+00 9.943614959716796875e+00 1.177634525299072266e+01 8.217594146728515625e+00 3.378648281097412109e+00 8.184928297996520996e-01 1.168275922536849976e-01 9.825181216001510620e-03 4.868748947046697140e-04 1.421496017428580672e-05 2.445459585942444392e-07 2.478675931172347191e-09 1.480374156592745294e-11 5.209101514936156918e-14
5.115839392735854751e-13 1.305880118023493037e-15 1.964225150519950899e-18 1.740642867681941791e-21 9.089383539853596436e-25 2.796338575313491999e-28 5.069327616381570634e-32 1.099657516449979945e-33 7.600822456371748179e-30 3.094736460144214936e-26 7.425029577002834964e-23 1.049546148252888225e-19 8.741945807203365770e-17 4.289911186157978340e-14 1.240468925495230579e-11 2.113312635998454425e-09 2.121461193382856436e-07 1.254789822269231081e-05 4.372747207526117563e-04 8.978879079222679138e-03 1.086283549666404724e-01 7.743600606918334961e-01 3.252427577972412109e+00 8.048847198486328125e+00 1.173628425598144531e+01 1.008310699462890625e+01 5.104150772094726562e+00 1.522386550903320312e+00 2.675385475158691406e-01 2.770209312438964844e-02 1.690125325694680214e-03 6.075430428609251976e-05 1.286832457481068559e-06 1.605876676080697507e-08 1.180776032505548301e-10 5.115839392735854751e-13
3.340186634226416373e-12 1.017385841913832911e-14 1.825998720668970933e-17 1.930844406147344179e-20 1.203097130806720607e-23 4.416512118775687940e-27 9.553765449019976331e-31 1.216355636482824118e-34 4.207813684135670231e-31 2.044316858068719241e-27 5.852634786481587801e-24 9.871461954695593680e-21 9.811072613025091275e-18 5.744935319698879841e-15 1.982221244783977099e-12 4.029561129215153414e-10 4.826779331779107451e-08 3.406596079003065825e-06 1.416547747794538736e-04 3.470780560746788979e-03 5.010434240102767944e-02 4.261905550956726074e-01 2.135978698730468750e+00 6.307401657104492188e+00 1.097427368164062500e+01 1.125037574768066406e+01 6.795548439025878906e+00 2.418540477752685547e+00 5.071578025817871094e-01 6.266105175018310547e-02 4.561752080917358398e-03 1.956672494998201728e-04 4.945264208799926564e-06 7.363904330759396544e-08 6.460909585115359732e-10 3.340186634226416373e-12
1.619231658478437197e-11 5.748162091711445099e-14 1.202390267802673062e-16 1.481837457215577482e-19 1.076107248917328392e-22 4.604043384134572992e-26 1.160721414905899072e-29 1.723866138900730950e-33 3.265817767919195680e-32 1.849226173233368459e-28 6.170206718311636829e-25 1.212923043402634211e-21 1.404973921841983621e-18 9.588272143691198811e-16 3.855779085772115256e-13 9.135264072979154548e-11 1.275334682304674061e-08 1.049042680278944317e-06 5.084017902845516801e-05 1.451800111681222916e-03 2.442634105682373047e-02 2.421536743640899658e-01 1.414451599121093750e+00 4.867938041687011719e+00 9.871299743652343750e+00 1.179421424865722656e+01 8.302915573120117188e+00 3.443996906280517578e+00 8.416985273361206055e-01 1.212034523487091064e-01 1.028376910835504532e-02 5.140952416695654392e-04 1.514323594165034592e-05 2.628097490742220543e-07 2.687376987609013668e-09 1.619231658478437197e-11
1.003528926624142059e-10 4.276050542297016310e-13 1.073630460149941918e-15 1.588179951861759573e-18 1.384356225354249197e-21 7.109292377866148965e-25 2.151367988838782407e-28 3.835499358399727109e-32 1.462981514454040360e-33 9.944323353041133289e-30 3.982704795857020592e-26 9.397332670260442735e-23 1.306584768785498891e-19 1.070288994582362509e-16 5.166159655015795105e-14 1.469254752584081558e-11 2.461879144988188273e-09 2.430676317999314051e-07 1.413952850271016359e-05 4.846507799811661243e-04 9.787539020180702209e-03 1.164663136005401611e-01 8.165662288665771484e-01 3.373193979263305664e+00 8.210407257080078125e+00 1.177476882934570312e+01 9.949652671813964844e+00 4.953740119934082031e+00 1.453185200691223145e+00 2.511733472347259521e-01 2.558020874857902527e-02 1.534929499030113220e-03 5.426959614851512015e-05 1.130505779656232335e-06 1.387646086925542477e-08 1.003528926624142059e-10
5.839551620034910684e-10 2.986669071780578832e-12 9.000997308063717062e-15 1.598196654130439834e-17 1.672134783842148364e-20 1.030733231826464147e-23 3.743915367251455911e-27 8.011757601984183525e-31 1.008773550826555720e-34 5.021054530271832411e-31 2.413742577025256783e-27 6.836134498291400734e-24 1.140871411522717380e-20 1.121746742436428786e-17 6.499071199012485672e-15 2.218433336337310990e-12 4.462086811152232713e-10 5.288041649009755929e-08 3.692278369271662086e-06 1.519088982604444027e-04 3.682314418256282806e-03 5.259457603096961975e-02 4.426150918006896973e-01 2.194669485092163086e+00 6.411895751953125000e+00 1.103740787506103516e+01 1.119480895996093750e+01 6.690136909484863281e+00 2.355682611465454102e+00 4.887236654758453369e-01 5.974297970533370972e-02 4.302940797060728073e-03 1.826108491513878107e-04 4.566021289065247402e-06 6.726867241013678722e-08 5.839551620034910684e-10
2.065212889590384293e-09 1.209131579582578553e-11 4.171364181805234383e-14 8.478480179426855904e-17 1.015452219095895942e-19 7.165304381479144860e-23 2.979302998551048262e-26 7.298215227758210903e-30 1.053238530232954024e-33 5.286408509136624113e-32 2.909085884635323463e-28 9.431477015707214311e-25 1.801804957603282113e-21 2.027983818545231996e-18 1.345001711120972186e-15 5.255549684682336853e-13 1.210071209900576150e-10 1.641605962277026265e-08 1.312105496253934689e-06 6.179569027153775096e-05 1.714731683023273945e-03 2.803608030080795288e-02 2.700868844985961914e-01 1.533015966415405273e+00 5.127018451690673828e+00 1.010289382934570312e+01 1.172995376586914062e+01 8.024444580078125000e+00 3.234428882598876953e+00 7.681486010551452637e-01 1.074901968240737915e-01 8.862340822815895081e-03 4.305364564061164856e-04 1.232315662491600960e-05 2.078251100101624615e-07 2.065212889590384293e-09
9.128342526310007088e-09 6.296786009274413232e-11 2.559412100658353673e-13 6.129134641496853525e-16 8.648827810901586924e-19 7.190334117586466135e-22 3.522456966214563977e-25 1.016653037917707183e-28 1.728825108756468623e-32 3.287871658245354174e-33 2.131768221091928842e-29 8.142882957568556112e-26 1.832839932061478170e-22 2.430522371452577969e-19 1.899231700363475145e-16 8.744159638984089211e-14 2.371911694831752015e-11 3.791182479062626953e-09 3.570195872271142434e-07 1.981069726753048599e-05 6.476721609942615032e-04 1.247655786573886871e-02 1.416116058826446533e-01 9.470205307006835938e-01 3.731607913970947266e+00 8.663516044616699219e+00 1.185121250152587891e+01 9.552097320556640625e+00 4.536277770996093750e+00 1.269302845001220703e+00 2.092695534229278564e-01 2.032844908535480499e-02 1.163544133305549622e-03 3.923854092136025429e-05 7.797043508617207408e-07 9.128342526310007088e-09
4.924316598931000044e-08 4.120629393256081130e-10 2.031772753513516605e-12 5.902344110968356372e-15 1.010352810885750208e-17 1.018963406925727477e-20 6.055417004194985433e-24 2.120108364356179011e-27 4.373564970369977374e-31 1.167414778664677639e-34 9.192465505351238042e-31 4.259551524610050360e-27 1.163056444523874578e-23 1.870967192673588667e-20 1.773502033965538053e-17 9.904534129163457268e-15 3.259390804130624097e-12 6.319794687570379210e-10 7.219545494763224269e-08 4.859688488068059087e-06 1.927320408867672086e-04 4.503848962485790253e-03 6.201246753334999084e-02 5.030710697174072266e-01 2.404676437377929688e+00 6.772431373596191406e+00 1.123839187622070312e+01 1.098828125000000000e+01 6.330260276794433594e+00 2.148711204528808594e+00 4.297431111335754395e-01 5.064042657613754272e-02 3.516136668622493744e-03 1.438423932995647192e-04 3.467148872005054727e-06 4.924316598931000044e-08
2.648779968694725540e-07 2.711141977584929919e-09 1.635119123433170785e-11 5.810131022132569711e-14 1.216526453598959284e-16 1.500683991990773949e-19 1.090845947417243271e-22 4.671571418365447112e-26 1.178766325241869135e-29 1.752509997494393041e-33 3.213420107231292214e-32 1.821306689053315846e-28 6.082848261667461982e-25 1.196900054105470559e-21 1.387763395222052189e-18 9.479888984134090743e-16 3.815855238124138404e-13 9.049938576310978533e-11 1.264558058267084562e-08 1.041172936311340891e-06 5.050735489930957556e-05 1.443681656382977962e-03 2.431385032832622528e-02 2.412627339363098145e-01 1.410602092742919922e+00 4.859354496002197266e+00 9.863363265991210938e+00 1.179605484008789062e+01 8.312191963195800781e+00 3.451111555099487305e+00 8.442591428756713867e-01 1.216890811920166016e-01 1.033489219844341278e-02 5.171464290469884872e-04 1.524707658973056823e-05 2.648779968694725540e-07
1.319564489676849917e-06 1.652043479793974257e-08 1.218722761597845761e-10 5.296981386501697919e-13 1.356595686344752236e-15 2.046940316643109731e-18 1.819972638820688235e-21 9.533555616842813238e-25 2.942411213428027999e-28 5.351379845148098177e-32 1.040221767007520349e-33 7.212585072238662482e-30 2.946469436710343563e-26 7.091504866073908764e-23 1.005729680347615437e-19 8.403423134132774258e-17 4.137419167037428847e-14 1.200243897325758979e-11 2.051393721558270045e-09 2.065959847641352098e-07 1.225853611686034128e-05 4.285913892090320587e-04 8.829012513160705566e-03 1.071604788303375244e-01 7.663656473159790039e-01 3.229207992553710938e+00 8.017327308654785156e+00 1.172808837890625000e+01 1.010864448547363281e+01 5.133619308471679688e+00 1.536124467849731445e+00 2.708253562450408936e-01 2.813388407230377197e-02 1.721964916214346886e-03 6.209898856468498707e-05 1.319564489676849917e-06
6.088310328777879477e-06 9.323420613327471074e-08 8.412883722996866709e-10 4.472571618618914613e-12 1.401085498976221283e-14 2.585869330672843598e-17 2.812235721860712348e-20 1.801885471902712591e-23 6.802461600773492522e-27 1.513282150525426467e-30 1.981653886745981760e-34 2.645323318234539394e-31 1.321829854300108061e-27 3.891324233279963264e-24 6.750395604640080832e-21 6.899055231245449459e-18 4.154814343862011511e-15 1.474275779581035728e-12 3.082084309991017790e-10 3.796684211465617409e-08 2.755537479970371351e-06 1.178414750029332936e-04 2.969299210235476494e-03 4.408211261034011841e-02 3.856123387813568115e-01 1.987452983856201172e+00 6.035558700561523438e+00 1.079943943023681641e+01 1.138555145263671875e+01 7.072478294372558594e+00 2.588572263717651367e+00 5.582259893417358398e-01 7.093112170696258545e-02 5.310293752700090408e-03 2.342422376386821270e-04 6.088310328777879477e-06
2.601641790533903986e-05 4.873191983278957196e-07 5.378602452310587978e-09 3.497577921729444483e-11 1.340168481831632841e-13 3.025450545150835122e-16 4.024580320445927641e-19 3.154156704757705872e-22 1.456507169378993108e-25 3.963207528509219747e-29 6.353232521455619019e-33 8.985574326601570022e-33 5.492052848081341038e-29 1.977623506468302994e-25 4.196260893216387771e-22 5.245760241948974962e-19 3.864181775428655267e-16 1.677143124899360682e-13 4.288656929585243915e-11 6.462021140407614439e-09 5.736636694564367644e-07 3.000795004481915385e-05 9.248677524738013744e-04 1.679477095603942871e-02 1.797004044055938721e-01 1.132872819900512695e+00 4.208128929138183594e+00 9.209978103637695312e+00 1.187677383422851562e+01 9.024082183837890625e+00 4.039968490600585938e+00 1.065650224685668945e+00 1.656253933906555176e-01 1.516688056290149689e-02 8.183324243873357773e-04 2.601641790533903986e-05
1.029630802804604173e-04 2.359034169785445556e-06 3.184749175488832407e-08 2.533145915251111546e-10 1.187242361713747307e-12 3.278376647843778136e-15 5.334268567492148923e-18 5.113574001253130844e-21 2.888270631781984501e-24 9.613043390990700324e-28 1.884996762553467075e-31 2.825373222243332838e-34 2.113395150349028423e-30 9.308367629357456090e-27 2.415884628973176124e-23 3.694090387964080924e-20 3.328476184984367043e-17 1.767041848672705473e-14 5.526934812594141988e-12 1.018632955762655001e-09 1.106096405578682607e-07 7.077141162881162018e-06 2.668017405085265636e-04 5.926097743213176727e-03 7.755877077579498291e-02 5.980660915374755859e-01 2.717339515686035156e+00 7.274438858032226562e+00 1.147430419921875000e+01 1.066394901275634766e+01 5.839541912078857422e+00 1.884093999862670898e+00 3.581797778606414795e-01 4.011967033147811890e-02 2.647756133228540421e-03 1.029630802804604173e-04
3.773978678509593010e-04 1.057643385138362646e-05 1.746494859844460734e-07 1.699180240954945020e-09 9.741011816610800622e-12 3.290092129943841814e-14 6.548038491330611995e-17 7.677970578839043953e-20 5.304548113485960689e-23 2.159509809530430837e-26 5.179553862717498632e-30 7.319375369158288073e-34 7.531935384108475960e-32 4.057767799883716446e-28 1.288176134422214080e-24 2.409316005096454220e-21 2.655332070766167863e-18 1.724277865671267063e-15 6.596754392740322714e-13 1.487130418809101684e-10 1.975193697489885380e-08 1.545834493299480528e-06 7.128210563678294420e-05 1.936631742864847183e-03 3.100249543786048889e-02 2.924155592918395996e-01 1.625107526779174805e+00 5.321373939514160156e+00 1.026686191558837891e+01 1.167122364044189453e+01 7.817415237426757812e+00 3.085134029388427734e+00 7.173953652381896973e-01 9.828819334506988525e-02 7.934317924082279205e-03 3.773978678509593010e-04
1.260837889276444912e-03 4.310279837227426469e-05 8.682383736413612496e-07 1.030428364856561529e-08 7.205902541329578526e-11 2.968918784863189275e-13 7.207877157241711959e-16 1.030975478211978193e-18 8.688730599754361506e-22 4.314883276208141875e-25 1.262448522993291392e-28 2.176507136416145825e-32 2.604394243284158802e-33 1.711644057463974350e-29 6.628404988714716103e-26 1.512422807715959467e-22 2.033126193618321031e-19 1.610492462325469076e-16 7.515998457288675105e-14 2.066866122696353614e-11 3.348720634122059892e-09 3.196972215846471954e-07 1.798301855160389096e-05 5.959839327260851860e-04 1.163832657039165497e-02 1.339059919118881226e-01 9.077956676483154297e-01 3.626061201095581055e+00 8.534057617187500000e+00 1.183424758911132812e+01 9.669252395629882812e+00 4.654898643493652344e+00 1.320383787155151367e+00 2.206733375787734985e-01 2.173087373375892639e-02 1.260837889276444912e-03
3.543396480381488800e-03 1.451596908736974001e-04 3.503949983496568166e-06 4.983294843441399280e-08 4.176054502202930507e-10 2.061844184969574556e-12 5.998495055975928275e-15 1.028171935641367530e-17 1.038371132047752889e-20 6.179373084815078681e-24 2.166522890829922518e-27 4.476017296405725322e-31 1.139354328019233226e-34 8.983152279266418239e-31 4.168743927732192190e-27 1.139747419154675688e-23 1.836194264555963987e-20 1.742978573053963800e-17 9.747668709529644371e-15 3.212232563276629094e-12 6.236667293713082927e-10 7.134933355246175779e-08 4.809428901353385299e-06 1.910047431010752916e-04 4.469713196158409119e-03 6.162656843662261963e-02 5.006518363952636719e-01 2.396412611007690430e+00 6.758676052093505859e+00 1.123120689392089844e+01 1.099657440185546875e+01 6.343871116638183594e+00 2.156368732452392578e+00 4.318692684173583984e-01 5.096194893121719360e-02 3.543396480381488800e-03
8.970356546342372894e-03 4.367807414382696152e-04 1.253144364454783499e-05 2.118295441277950886e-07 2.109897589974707444e-09 1.238164085148873994e-11 4.281459152597096030e-14 8.722491180940608602e-17 1.047026866299781411e-19 7.405851421763825902e-23 3.086189028976628832e-26 7.578355279864255831e-30 1.096206338504362636e-33 5.084278729029679309e-32 2.804350925364628997e-28 9.113063172076068158e-25 1.745023936092275136e-21 1.968801113668594248e-18 1.308682738287720703e-15 5.125889946874795378e-13 1.182879072469944504e-10 1.608448485512781190e-08 1.288657358600175940e-06 6.082950494601391256e-05 1.691907411441206932e-03 2.772621996700763702e-02 2.677230238914489746e-01 1.523132801055908203e+00 5.105812072753906250e+00 1.008455085754394531e+01 1.173582839965820312e+01 8.047071456909179688e+00 3.251116991043090820e+00 7.739072442054748535e-01 1.085449904203414917e-01 8.970356546342372894e-03
2.146465703845024109e-02 1.242252066731452942e-03 4.236224776832386851e-05 8.511319151693896856e-07 1.007636463157268736e-08 7.028351511895181147e-11 2.888671832117217786e-13 6.994887016885473902e-16 9.979948566112998575e-19 8.390331656124392343e-22 4.155823772774231975e-25 1.212946345632706269e-28 2.085697993763216324e-32 2.719051778592372409e-33 1.782681682536143734e-29 6.885514479248874375e-26 1.567131384343867736e-22 2.101540751118933413e-19 1.660360600652779949e-16 7.729805836208247793e-14 2.120178511921810838e-11 3.426662287253634531e-09 3.263131134190189186e-07 1.830806832003872842e-05 6.052532116882503033e-04 1.178917381912469864e-02 1.353040635585784912e-01 9.149440526962280273e-01 3.645474433898925781e+00 8.558118820190429688e+00 1.183769321441650391e+01 9.647696495056152344e+00 4.632870674133300781e+00 1.310807347297668457e+00 2.185205817222595215e-01 2.146465703845024109e-02
5.213456600904464722e-02 3.643029602244496346e-03 1.499970094300806522e-04 3.638750058598816395e-06 5.201274433375147055e-08 4.380375506762845816e-10 2.173732981808340625e-12 6.355354271818901279e-15 1.094804808141086632e-17 1.111314568025578453e-20 6.646161015096076671e-24 2.342113583126601146e-27 4.862602123560651015e-31 1.043792721399001719e-34 8.271944342781630615e-31 3.857973945975923425e-27 1.060078226411961609e-23 1.716418188740858801e-20 1.637339171588694125e-17 9.203522885752220273e-15 3.047952949059018479e-12 5.947836112518700702e-10 6.838692456767603289e-08 4.632679520000237972e-06 1.849177933763712645e-04 4.348858259618282318e-03 6.026342511177062988e-02 4.920256137847900391e-01 2.367003202438354492e+00 6.709260940551757812e+00 1.120504951477050781e+01 1.102609634399414062e+01 6.392910957336425781e+00 2.183930397033691406e+00 4.395958185195922852e-01 5.213456600904464722e-02
1.184005737304687500e-01 9.989401325583457947e-03 4.966002888977527618e-04 1.454538141842931509e-05 2.510327590243832674e-07 2.552587030635322662e-09 1.529407156475315333e-11 5.398888394724313256e-14 1.122929048229563079e-16 1.376259225756606103e-19 9.937608989205657654e-23 4.228308626829013967e-26 1.059925313390685695e-29 1.565495825776275106e-33 3.589372587983030317e-32 2.021238921027613091e-28 6.705773754589431243e-25 1.310942128454642362e-21 1.509894958304281619e-18 1.024731353984069566e-15 4.097432029087633154e-13 9.654081700727346060e-11 1.340212740785773349e-08 1.096177470572001766e-06 5.282944403006695211e-05 1.500099548138678074e-03 2.509846910834312439e-02 2.474167644977569580e-01 1.437106490135192871e+00 4.918280601501464844e+00 9.917453765869140625e+00 1.178302860260009766e+01 8.248622894287109375e+00 3.402282238006591797e+00 8.268613815307617188e-01 1.184005737304687500e-01
2.514384090900421143e-01 2.561349980533123016e-02 1.537399599328637123e-03 5.436957872007042170e-05 1.132953684646054171e-06 1.390955706170871053e-08 1.006252303703547568e-10 4.288849548943207690e-13 1.077055649630401495e-15 1.593812224652633139e-18 1.389525296389138674e-21 7.138424025019829405e-25 2.160579230280300459e-28 3.853362758301998001e-32 1.456077689194867213e-33 9.900113480704447385e-30 3.966041958126973330e-26 9.361445178871404289e-23 1.301838561527034472e-19 1.066779498853871527e-16 5.150220866640721484e-14 1.465124202515433183e-11 2.455777359244848412e-09 2.425188085908303037e-07 1.411214088875567541e-05 4.838241147808730602e-04 9.773870930075645447e-03 1.163318902254104614e-01 8.158488273620605469e-01 3.371208190917968750e+00 8.207729339599609375e+00 1.177418994903564453e+01 9.951902389526367188e+00 4.956171035766601562e+00 1.454291343688964844e+00 2.514384090900421143e-01
4.992831051349639893e-01 6.140946969389915466e-02 4.450445529073476791e-03 1.900311908684670925e-04 4.781129973707720637e-06 7.087365361257980112e-08 6.190529200367222984e-10 3.185763718799305977e-12 9.659682315100656669e-15 1.725881907845350292e-17 1.816741302994189582e-20 1.126885830955952312e-23 4.118071170151408504e-27 8.867801488817967495e-31 1.123728862731061614e-34 4.535003132732247381e-31 2.193324131936015292e-27 6.250853743589417613e-24 1.049553579953704132e-20 1.038420207122532011e-17 6.053064730086312947e-15 2.079110104566406214e-12 4.207666715050351058e-10 5.017055570988304680e-08 3.524903831930714659e-06 1.459123741369694471e-04 3.558958182111382484e-03 5.114526674151420593e-02 4.330799877643585205e-01 2.160704135894775391e+00 6.351599693298339844e+00 1.100126457214355469e+01 1.122711372375488281e+01 6.750870227813720703e+00 2.391789436340332031e+00 4.992831051349639893e-01
9.614478349685668945e-01 1.444710493087768555e-01 1.279129274189472198e-02 6.672699237242341042e-04 2.051032424787990749e-05 3.714428657985990867e-07 3.963694261699401977e-09 2.492022907474300553e-11 9.231446173891405538e-14 2.015038971354369147e-16 2.591386770115179489e-19 1.963741869843170009e-22 8.767253421801760673e-26 2.306503932900983215e-29 3.574809829281074555e-33 1.591429508675719486e-32 9.404439900183042599e-29 3.274410747924296486e-25 6.716792401997072766e-22 8.118903857251380966e-19 5.781824663342988689e-16 2.426241174115217891e-13 5.998829905040636845e-11 8.738529899687819125e-09 7.500731840082153212e-07 3.793259384110569954e-05 1.130341785028576851e-03 1.984529569745063782e-02 2.052986472845077515e-01 1.251352548599243164e+00 4.493996620178222656e+00 9.509517669677734375e+00 1.185630035400390625e+01 8.709779739379882812e+00 3.769901275634765625e+00 9.614478349685668945e-01
1.675481915473937988e+00 3.048675358295440674e-01 3.268591687083244324e-02 2.064732369035482407e-03 7.685120363021269441e-05 1.685334609646815807e-06 2.177763036570468103e-08 1.657976256286275429e-10 7.437259358714087831e-13 1.965817357393829720e-15 3.061309006684743633e-18 2.809146153805212773e-21 1.518693912702277266e-24 4.838094909521148410e-28 9.080465814198111475e-32 6.034872284396464997e-34 4.318577413508568212e-30 1.820780794622701468e-26 4.522756664153177503e-23 6.619960046474265449e-20 5.708709573429385535e-17 2.900827635824582140e-14 8.685028390909010909e-12 1.532003968129913574e-09 1.592359666346965241e-07 9.751368452270980924e-06 3.518674056977033615e-04 7.480705156922340393e-03 9.371031820774078369e-02 6.916680335998535156e-01 3.007920503616333008e+00 7.707410812377929688e+00 1.163629531860351562e+01 1.035116577148437500e+01 5.425416946411132812e+00 1.675481915473937988e+00
2.821516513824462891e+00 6.310320496559143066e-01 8.315661549568176270e-02 6.456505507230758667e-03 2.953794901259243488e-04 7.961854862514883280e-06 1.264546938273269916e-07 1.183313003139119246e-09 6.524231675741898329e-12 2.119605082813794117e-14 4.057109146335787170e-17 4.575936653014353258e-20 3.040724312603186801e-23 1.190635699081443993e-26 2.746646558436435518e-30 3.731927322566943083e-34 1.443249629546938979e-31 7.479223753581445265e-28 2.283493968668369295e-24 4.108182818721808591e-21 4.354401167209795529e-18 2.719622893858006374e-15 1.000817050761382276e-12 2.169895096937324297e-10 2.772156193486807751e-08 2.086602535200654529e-06 9.254443284589797258e-05 2.418299671262502670e-03 3.723508119583129883e-02 3.378001153469085693e-01 1.805612802505493164e+00 5.686749935150146484e+00 1.055277156829833984e+01 1.153820800781250000e+01 7.433247566223144531e+00 2.821516513824462891e+00
4.384062767028808594e+00 1.205147504806518555e+00 1.951995790004730225e-01 1.862836629152297974e-02 1.047492725774645805e-03 3.470393494353629649e-05 6.774757821403909475e-07 7.792086087476945977e-09 5.280535037011091504e-11 2.108613983290222316e-13 4.960817862184260796e-16 6.877190986499294693e-19 5.616930973501729266e-22 2.703296653181111753e-25 7.665088632130073566e-29 1.280690074961343281e-32 4.450808055981013332e-33 2.835036887539172350e-29 1.063881236089180270e-25 2.352542253727549760e-22 3.064860041355645497e-19 2.352810035033170476e-16 1.064204469989823987e-13 2.835981449678115496e-11 4.453238666712877603e-09 4.119951881875749677e-07 2.245934047095943242e-05 7.213572971522808075e-04 1.365173887461423874e-02 1.522262096405029297e-01 1.000110268592834473e+00 3.871525764465332031e+00 8.830352783203125000e+00 1.186709785461425781e+01 9.396705627441406250e+00 4.384062767028808594e+00
6.285357475280761719e+00 2.123674154281616211e+00 4.227857291698455811e-01 4.959185793995857239e-02 3.427522722631692886e-03 1.395735889673233032e-04 3.348965037730522454e-06 4.734413749929444748e-08 3.943528281702413096e-10 1.935520320406336481e-12 5.596910806452033704e-15 9.536717483356565821e-18 9.573772253817403383e-21 5.663312902393976294e-24 1.973724977445116130e-27 4.052950296776419443e-31 1.265292591292383882e-34 9.915641855118357869e-31 4.573460386989681441e-27 1.243035975146702604e-23 1.990441799929509487e-20 1.878113911673894357e-17 1.044133787135408109e-14 3.420016006505655071e-12 6.600754387520169075e-10 7.505907717586524086e-08 5.029248313803691417e-06 1.985407725442200899e-04 4.618296399712562561e-03 6.329634785652160645e-02 5.111286640167236328e-01 2.431974411010742188e+00 6.817868232727050781e+00 1.126184749603271484e+01 1.096066474914550781e+01 6.285357475280761719e+00
8.314675331115722656e+00 3.453032493591308594e+00 8.449463248252868652e-01 1.218195259571075439e-01 1.034864038228988647e-02 5.179676809348165989e-04 1.527589665784034878e-05 2.654348918440518901e-07 2.717530644957832919e-09 1.639394349439715626e-11 5.826867037917599079e-14 1.220342601724135924e-16 1.505781751009573405e-19 1.094827233742585091e-22 4.689855118736690673e-26 1.183695953583115933e-29 1.760281851863251521e-33 3.199550155512352339e-32 1.813915812521108304e-28 6.059665118777213734e-25 1.192643385904446946e-21 1.383181124821238123e-18 9.451759019955775429e-16 3.805221654266943698e-13 9.027027042529667256e-11 1.261684090536618896e-08 1.039075868902727962e-06 5.041846452513709664e-05 1.441514817997813225e-03 2.428358793258666992e-02 2.410245090723037720e-01 1.409571886062622070e+00 4.857055664062500000e+00 9.861234664916992188e+00 1.179654598236083984e+01 8.314675331115722656e+00
1.014881610870361328e+01 5.180423736572265625e+00 1.558071613311767578e+00 2.761019170284271240e-01 2.882897853851318359e-02 1.773551572114229202e-03 6.428970664273947477e-05 1.373054146824870259e-06 1.727819665120478021e-08 1.281153239052201798e-10 5.596850023367738736e-13 1.440737609984389482e-15 2.185057765448385836e-18 1.952724625819078875e-21 1.028128925877012759e-24 3.189769229541617878e-28 5.830448453595493573e-32 9.525750715002874328e-34 6.638666976607880513e-30 2.725932893596912246e-26 6.594343266587005112e-23 9.400071433764656698e-20 7.895130573886289388e-17 3.906782937521807719e-14 1.139145982403944046e-11 1.956942607961309477e-09 1.980933461709355470e-07 1.181426523544359952e-05 4.151740286033600569e-04 8.596440777182579041e-03 1.048721820116043091e-01 7.538433074951171875e-01 3.192716360092163086e+00 7.967338562011718750e+00 1.171469497680664062e+01 1.014881610870361328e+01
1.136309623718261719e+01 7.024181365966796875e+00 2.558386325836181641e+00 5.490316748619079590e-01 6.942332535982131958e-02 5.172125063836574554e-03 2.270464174216613173e-04 5.872328074474353343e-06 8.948936880415203632e-08 8.035671572592661960e-10 4.251232178786867877e-12 1.325266902241131056e-14 2.434041652727715453e-17 2.634232754829122974e-20 1.679618658025059617e-23 6.310067951169752113e-27 1.396900874709270873e-30 1.820341738296474865e-34 2.868383950752225849e-31 1.426308761184696244e-27 4.178478280250368992e-24 7.213250009390382703e-21 7.336810791937087447e-18 4.396603286787540560e-15 1.552472126548076758e-12 3.229763123613338394e-10 3.959238270567766449e-08 2.859543201338965446e-06 1.216942328028380871e-04 3.051459789276123047e-03 4.508142173290252686e-02 3.924345970153808594e-01 2.012773513793945312e+00 6.082708835601806641e+00 1.083084583282470703e+01 1.136309623718261719e+01
1.187357711791992188e+01 8.936199188232421875e+00 3.962729454040527344e+00 1.035375833511352539e+00 1.593959033489227295e-01 1.445814780890941620e-02 7.727331249043345451e-04 2.433311237837187946e-05 4.514717772963194875e-07 4.935738928679711535e-09 3.179190938285003654e-11 1.206637600167231872e-13 2.698189042765091524e-16 3.555244503231875309e-19 2.759954453829862303e-22 1.262517891138028332e-25 3.402477840025736996e-29 5.402747625847887466e-33 1.056070002250497209e-32 6.393630007003831064e-29 2.280489887733674530e-25 4.793047673314780586e-22 5.935501693799020015e-19 4.330501470858525402e-16 1.861743723595432609e-13 4.715616438999425952e-11 7.038031490935736656e-09 6.188815859786700457e-07 3.206661494914442301e-05 9.789542527869343758e-04 1.760854572057723999e-02 1.866232752799987793e-01 1.165371417999267578e+00 4.287840843200683594e+00 9.295606613159179688e+00 1.187357711791992188e+01
1.155304527282714844e+01 1.052496337890625000e+01 5.649554252624511719e+00 1.786778092384338379e+00 3.329675197601318359e-01 3.655865043401718140e-02 2.365151885896921158e-03 9.015302930492907763e-05 2.024722562055103481e-06 2.679409760730777634e-08 2.089089734536031528e-10 9.597726259580330321e-13 2.597875248459119955e-15 4.143490790524087297e-18 3.893602151185323078e-21 2.155751355703215191e-24 7.033159119161917569e-28 1.351851652386323823e-31 3.994468016515850729e-34 2.928366512248697142e-30 1.264315076517493169e-26 3.216561092832588244e-23 4.821606386885761471e-20 4.258176900912726925e-17 2.215935768212773382e-14 6.794033217960571136e-12 1.227422385952081640e-09 1.306478338847227860e-07 8.194083420676179230e-06 3.028049832209944725e-04 6.592887919396162033e-03 8.458065986633300781e-02 6.393248438835144043e-01 2.847402334213256836e+00 7.472004890441894531e+00 1.155304527282714844e+01
1.059594440460205078e+01 1.151428222656250000e+01 7.372289657592773438e+00 2.781197547912597656e+00 6.182085275650024414e-01 8.096480369567871094e-02 6.247946526855230331e-03 2.840739325620234013e-04 7.610090506204869598e-06 1.201256623062363360e-07 1.117186232413303060e-09 6.122230326865985006e-12 1.976661835514231802e-14 3.760566881968996876e-17 4.215132102046086613e-20 2.783999312874233249e-23 1.083321264799033926e-26 2.483755992553001035e-30 3.354350960654391302e-34 1.599214925310650579e-31 8.235779109915305576e-28 2.499303435370586716e-24 4.468807312504002902e-21 4.707565929739310694e-18 2.922150800887114534e-15 1.068673686870080797e-12 2.302948387544745401e-10 2.923911779362242669e-08 2.187437985412543640e-06 9.642085933592170477e-05 2.504125237464904785e-03 3.831988200545310974e-02 3.454990386962890625e-01 1.835469007492065430e+00 5.745288372039794922e+00 1.059594440460205078e+01
9.086956024169921875e+00 1.187781429290771484e+01 9.147914886474609375e+00 4.151187896728515625e+00 1.109930038452148438e+00 1.748550832271575928e-01 1.623076573014259338e-02 8.876740466803312302e-04 2.860444874386303127e-05 5.431235763353470247e-07 6.075917546866094199e-09 4.005124010220129094e-11 1.555462030879140034e-13 3.559592962760745136e-16 4.799276064638524287e-19 3.812556929432970263e-22 1.784692780954531663e-25 4.921917399231957124e-29 7.998524944527541952e-33 7.139208452033709963e-33 4.422594181465938526e-29 1.614391146804607259e-25 3.472193614871119321e-22 4.399748345763294766e-19 3.285160111201864200e-16 1.445170209630336489e-13 3.746095100787272258e-11 5.721093820909572969e-09 5.148364152773865499e-07 2.729773223109077662e-05 8.527695317752659321e-04 1.569714769721031189e-02 1.702407598495483398e-01 1.087888717651367188e+00 4.096048355102539062e+00 9.086956024169921875e+00
7.254789829254150391e+00 1.146603584289550781e+01 1.067746543884277344e+01 5.858532428741455078e+00 1.894006013870239258e+00 3.607732057571411133e-01 4.049155861139297485e-02 2.677623648196458817e-03 1.043277079588733613e-04 2.395162255197647028e-06 3.239792789599960088e-08 2.582201674705686401e-10 1.212560867686063304e-12 3.355173737039536530e-15 5.469669761960954023e-18 5.253804944991093951e-21 2.973651611351996577e-24 9.915845800567039094e-28 1.948411979143322595e-31 2.729726093817304202e-34 2.045671253255781874e-30 9.028934453726312040e-27 2.348031862615858103e-23 3.597466645129937493e-20 3.247826737004936887e-17 1.727524881771271698e-14 5.414456209773543804e-12 9.998264438593196246e-10 1.087895356022272608e-07 6.974520147196017206e-06 2.634442644193768501e-04 5.863375496119260788e-03 7.688821852207183838e-02 5.940888524055480957e-01 2.704588413238525391e+00 7.254789829254150391e+00
5.286261558532714844e+00 1.023786258697509766e+01 1.168249130249023438e+01 7.854678153991699219e+00 3.111660003662109375e+00 7.263022661209106445e-01 9.988918900489807129e-02 8.094243705272674561e-03 3.864541067741811275e-04 1.087188138626515865e-05 1.802020221930433763e-07 1.759962620084820628e-09 1.012721330406751719e-11 3.433771957094336469e-14 6.859459418811516109e-17 8.073717048339140446e-20 5.599642676556140078e-23 2.288113088232108532e-26 5.509403219931116454e-30 7.814175838907928922e-34 7.067774982765384226e-32 3.822579012864980366e-28 1.218128047051756505e-24 2.286958099872353566e-21 2.530045640827661185e-18 1.649043764021429666e-15 6.333336632913244557e-13 1.433086704860642158e-10 1.910768432367149217e-08 1.501093265687813982e-06 6.947894871700555086e-05 1.894893357530236244e-03 3.044865094125270844e-02 2.882913351058959961e-01 1.608246564865112305e+00 5.286261558532714844e+00
3.740436553955078125e+00 8.674264907836914062e+00 1.185243606567382812e+01 9.542238235473632812e+00 4.526503562927246094e+00 1.265137672424316406e+00 2.083472162485122681e-01 2.021599933505058289e-02 1.155756996013224125e-03 3.893336906912736595e-05 7.727281854386092164e-07 9.036907222537138296e-09 6.226669180264821080e-11 2.528054805425727913e-13 6.047200085717760985e-16 8.522897317458631145e-19 7.078209341268441413e-22 3.463311873326585736e-25 9.985343704833981645e-29 1.696111541783465920e-32 3.351976875325462992e-33 2.170896798104247454e-29 8.283714350673137244e-26 1.862257249414766295e-22 2.466952439605178999e-19 1.925361210948392217e-16 8.854458914122828594e-14 2.399115628382020304e-11 3.830330719267749373e-09 3.603176992328371853e-07 1.997007530007977039e-05 6.521707982756197453e-04 1.254854630678892136e-02 1.422677934169769287e-01 9.503345489501953125e-01 3.740436553955078125e+00
2.456623077392578125e+00 6.858683586120605469e+00 1.128252983093261719e+01 1.093555641174316406e+01 6.245171070098876953e+00 2.101411819458007812e+00 4.166314601898193359e-01 4.866883158683776855e-02 3.349769394844770432e-03 1.358505105599761009e-04 3.246061169193126261e-06 4.570260969671835483e-08 3.791122971108507045e-10 1.853061107337516944e-12 5.336414293853446178e-15 9.055430715748712198e-18 9.053243003974268436e-21 5.332848419574673965e-24 1.851069047448903995e-27 3.785409193122487793e-31 1.359689379438221468e-34 1.061134361052257853e-30 4.874778289764886530e-27 1.319349116940334932e-23 2.104115156905048644e-20 1.977020890133594940e-17 1.094601873605303283e-14 3.570561381283088309e-12 6.862977963706384799e-10 7.772376875436748378e-08 5.186084308661520481e-06 2.038974489551037550e-04 4.723184742033481598e-03 6.446745246648788452e-02 5.184543132781982422e-01 2.456623077392578125e+00
1.435016870498657227e+00 4.913659572601318359e+00 9.913236618041992188e+00 1.178408241271972656e+01 8.253609657287597656e+00 3.406091451644897461e+00 8.282130956649780273e-01 1.186552494764328003e-01 1.001603808254003525e-02 4.981808597221970558e-04 1.459919258195441216e-05 2.520907855796394870e-07 2.564675360972046292e-09 1.537441354781954317e-11 5.430055480238303589e-14 1.129989067844927673e-16 1.385625624477091316e-19 1.001031798329551622e-22 4.261455575990269357e-26 1.068792791383458316e-29 1.579400087236579607e-33 3.558397724091687630e-32 2.004866951682241771e-28 6.654756147696525357e-25 1.301638769944121639e-21 1.499952040546241088e-18 1.018515402700643883e-15 4.074675167588248659e-13 9.605391482203629039e-11 1.334135113495449332e-08 1.091768581318319775e-06 5.264405263005755842e-05 1.495605567470192909e-03 2.503619529306888580e-02 2.469299435615539551e-01 1.435016870498657227e+00
7.731735706329345703e-01 3.248993396759033203e+00 8.044189453125000000e+00 1.173508834838867188e+01 1.008689308166503906e+01 5.108502864837646484e+00 1.524411916732788086e+00 2.680222988128662109e-01 2.776541002094745636e-02 1.694798003882169724e-03 6.095139542594552040e-05 1.291617991228122264e-06 1.612626476799050579e-08 1.186376552553269903e-10 5.142242968242394241e-13 1.313343748838224304e-15 1.976243050844580700e-18 1.752134135068536610e-21 9.153758534024157105e-25 2.817453508258781459e-28 5.110061434373439952e-32 1.090650474657796483e-33 7.542247102672533264e-30 3.072351915660986522e-26 7.374839090769053309e-23 1.042948995126865696e-19 8.691139050491378725e-17 4.267028760494492867e-14 1.234443103292903743e-11 2.104166618721592386e-09 2.113162338446272770e-07 1.250477271241834387e-05 4.359800659585744143e-04 8.956572040915489197e-03 1.084130257368087769e-01 7.731735706329345703e-01
3.980774283409118652e-01 2.033637523651123047e+00 6.121251106262207031e+00 1.085621833801269531e+01 1.134442901611328125e+01 6.984785079956054688e+00 2.533931970596313477e+00 5.416237115859985352e-01 6.821264326572418213e-02 5.061878822743892670e-03 2.213155385106801987e-04 5.701596819562837481e-06 8.654239991301437840e-08 7.740191820815311985e-10 4.078634131821079478e-12 1.266321371221935943e-14 2.316702939550740776e-17 2.497078454449588300e-20 1.585978344220428809e-23 5.934571701028506004e-27 1.308557772267572678e-30 1.698252300667305621e-34 3.064464401830968997e-31 1.517614307249675735e-27 4.428665910771665497e-24 7.614061829231372766e-21 7.713734663200963226e-18 4.604103912491741904e-15 1.619293024321399876e-12 3.355586364328644322e-10 4.096895622751617339e-08 2.947350822068983689e-06 1.249268243554979563e-04 3.120074514299631119e-03 4.591200873255729675e-02 3.980774283409118652e-01
2.022244781255722046e-01 1.237366437911987305e+00 4.460903167724609375e+00 9.475885391235351562e+00 1.185992240905761719e+01 8.746036529541015625e+00 3.800238132476806641e+00 9.729095697402954102e-01 1.467568874359130859e-01 1.304377615451812744e-02 6.830650381743907928e-04 2.107679574692156166e-05 3.831736421489040367e-07 4.104653061887120202e-09 2.590591630102778709e-11 9.633557786128260636e-14 2.110920718703391792e-16 2.725152214922660977e-19 2.073064738443594533e-22 9.291061376951587940e-26 2.453725027115481628e-29 3.817689737364006336e-33 1.491273275755432713e-32 8.845580169304938330e-29 3.091693798980874205e-25 6.366443749205806674e-22 7.725098677251369859e-19 5.522593935604954308e-16 2.326392117141251603e-13 5.774102723732355003e-11 8.443607590891133441e-09 7.275522193594952114e-07 3.693566031870432198e-05 1.104877796024084091e-03 1.947302743792533875e-02 2.022244781255722046e-01
9.149637073278427124e-02 6.791062951087951660e-01 2.969820499420166016e+00 7.652376174926757812e+00 1.161786270141601562e+01 1.039260959625244141e+01 5.477625846862792969e+00 1.701072216033935547e+00 3.112561702728271484e-01 3.355760872364044189e-02 2.131660468876361847e-03 7.978633220773190260e-05 1.759498559295025188e-06 2.286315137212113768e-08 1.750370404174361738e-10 7.896153349229440011e-13 2.098645252533986455e-15 3.286460538386471066e-18 3.032629918139797109e-21 1.648690301273647801e-24 5.281677020242360959e-28 9.968303766936326185e-32 5.479455795407742049e-34 3.943374663053784565e-30 1.671906718070359238e-26 4.176201864336172718e-23 6.146918718609916975e-20 5.330447158498276446e-17 2.723787246639887416e-14 8.200594717178155690e-12 1.454644626974754829e-09 1.520408545729878824e-07 9.362909622723236680e-06 3.397404798306524754e-04 7.263556122779846191e-03 9.149637073278427124e-02
4.049035906791687012e-02 3.607732057571411133e-01 1.893975019454956055e+00 5.858532428741455078e+00 1.067742347717285156e+01 1.146603584289550781e+01 7.254852294921875000e+00 2.704628467559814453e+00 5.940888524055480957e-01 7.689034938812255859e-02 5.863375496119260788e-03 2.634545962791889906e-04 6.974520147196017206e-06 1.087953549472331360e-07 9.998857297688346080e-10 5.414456209773543804e-12 1.727649903834286432e-14 3.247826737004936887e-17 3.597754542757197160e-20 2.348031862615858103e-23 9.029830396336440982e-27 2.045874378679603965e-30 2.729726093817304202e-34 1.948233656650302854e-31 9.915845800567039094e-28 2.973367818641343318e-24 5.253804944991093951e-21 5.469252449341921021e-18 3.354917933089465731e-15 1.212560867686063304e-12 2.582038749476822659e-10 3.239792789599960088e-08 2.395046067249495536e-06 1.043277079588733613e-04 2.677531447261571884e-03 4.049035906791687012e-02
1.792103797197341919e-02 1.892626732587814331e-01 1.177669048309326172e+00 4.317745208740234375e+00 9.327236175537109375e+00 1.187186622619628906e+01 8.903333663940429688e+00 3.934150218963623047e+00 1.024269104003906250e+00 1.571276634931564331e-01 1.420194655656814575e-02 7.563525578007102013e-04 2.373296956648118794e-05 4.388000434119021520e-07 4.779979079216900573e-09 3.068153370255899404e-11 1.160296766436128002e-13 2.585387018201276178e-16 3.394549159606964314e-19 2.625872838620278027e-22 1.196925092945032726e-25 3.214281984391292519e-29 5.085877695220385326e-33 1.121553266051754379e-32 6.766016987694609810e-29 2.404756680942811704e-25 5.036348532356279553e-22 6.214232608907950985e-19 4.518151032410874963e-16 1.935541299718374075e-13 4.885177332103474157e-11 7.265294144076506200e-09 6.366032039295532741e-07 3.286801438662223518e-05 9.998680325224995613e-04 1.792103797197341919e-02
7.711020298302173615e-03 9.604175388813018799e-02 7.047965526580810547e-01 3.047499656677246094e+00 7.763991355895996094e+00 1.165460014343261719e+01 1.030804538726806641e+01 5.371813774108886719e+00 1.649415731430053711e+00 2.984106540679931641e-01 3.180942684412002563e-02 1.997918356209993362e-03 7.393512350972741842e-05 1.612168034625938162e-06 2.071170790429732733e-08 1.567879159836138570e-10 6.992829709381864767e-13 1.837621038409259500e-15 2.845497171279352436e-18 2.595925406738681383e-21 1.395509732477942778e-24 4.419779555222838105e-28 8.247635119606625710e-32 6.664418385883918451e-34 4.742196989522308632e-30 1.987742434840750861e-26 4.909649393042115594e-23 7.144433913863512646e-20 6.126186966840408560e-17 3.095121069705310257e-14 9.212988011375600195e-12 1.615919953401601106e-09 1.669860978381620953e-07 1.016789155983133242e-05 3.647926205303519964e-04 7.711020298302173615e-03
3.201994579285383224e-03 4.690044373273849487e-02 4.047510921955108643e-01 2.058147668838500977e+00 6.166312694549560547e+00 1.088544559478759766e+01 1.132225131988525391e+01 6.938820838928222656e+00 2.505551338195800781e+00 5.330833196640014648e-01 6.682591140270233154e-02 4.935987759381532669e-03 2.148110070265829563e-04 5.508378308149985969e-06 8.322208344679893344e-08 7.408726965252299124e-10 3.885882067511392535e-12 1.200883163255447167e-14 2.186802165283168288e-17 2.346137218145554072e-20 1.483202863361157639e-23 5.524289689417726517e-27 1.212325127901347552e-30 1.566210765113865067e-34 3.309813112536856517e-31 1.631520159729553341e-27 4.738991957972033226e-24 8.109827359486201447e-21 8.177936842437146615e-18 4.858897775772939853e-15 1.700860481103350086e-12 3.508283108466514477e-10 4.263470643195432785e-08 3.052971351280575618e-06 1.288092171307653189e-04 3.201994579285383224e-03
1.288210856728255749e-03 2.212171070277690887e-02 2.238227427005767822e-01 1.334343910217285156e+00 4.686957836151123047e+00 9.700338363647460938e+00 1.182899475097656250e+01 8.499157905578613281e+00 3.598062992095947266e+00 8.975008726119995117e-01 1.319045573472976685e-01 1.142255868762731552e-02 5.828018765896558762e-04 1.752115349518135190e-05 3.103502876911079511e-07 3.238969314978135117e-09 1.991833954717581179e-11 7.216715967222134265e-14 1.540716932155314009e-16 1.937944459236404807e-19 1.436359072186121814e-22 6.272106100110330858e-26 1.613728876311665848e-29 2.446429659381728962e-33 2.314971554735380127e-32 1.337854217364641789e-28 4.555965578338538003e-25 9.140721392719585844e-22 1.080651086115814286e-18 7.527584978622519317e-16 3.089308051994893445e-13 7.470705304379876566e-11 1.064399945960303739e-08 8.935928690334549174e-07 4.419979086378589272e-05 1.288210856728255749e-03
5.304913502186536789e-04 1.055779494345188141e-02 1.238003522157669067e-01 8.553612828254699707e-01 3.482059001922607422e+00 8.352102279663085938e+00 1.180374813079833984e+01 9.829057693481445312e+00 4.822459220886230469e+00 1.394112586975097656e+00 2.374579608440399170e-01 2.383164502680301666e-02 1.409207470715045929e-03 4.909974813926964998e-05 1.007935225061373785e-06 1.219200385094154626e-08 8.688794128630661362e-11 3.648483967201576750e-13 9.027331985910326886e-16 1.315954502077828458e-18 1.130387341545069575e-21 5.720588542848000467e-25 1.705784836905351520e-28 2.997177929695550438e-32 1.881469441961275252e-33 1.260268445527883494e-29 4.973905133630519804e-26 1.156539759249152426e-22 1.584638946755784915e-19 1.279278624798498108e-16 6.084623907151587296e-14 1.705295453457988941e-11 2.815826238844465479e-09 2.739709543675417081e-07 1.570605490996968001e-05 5.304913502186536789e-04
1.917577756103128195e-04 4.484598524868488312e-03 6.179412826895713806e-02 5.017077922821044922e-01 2.400004863739013672e+00 6.764685630798339844e+00 1.123431777954101562e+01 1.099295616149902344e+01 6.337922573089599609e+00 2.153035163879394531e+00 4.309391975402832031e-01 5.082270503044128418e-02 3.531463677063584328e-03 1.445886446163058281e-04 3.487896719889249653e-06 4.957706778441206552e-08 4.151854415823663658e-10 2.048649444530425967e-12 5.956494080253376538e-15 1.020345814429880825e-17 1.029929204597023718e-20 6.124927482858534888e-24 2.146122670486995160e-27 4.431167014746711436e-31 1.151536536173331156e-34 9.073663463488773062e-31 4.208191980411098187e-27 1.149830954789572749e-23 1.851308405310956340e-20 1.756246715515436875e-17 9.815877731673191414e-15 3.232749354667441288e-12 6.272683483743435318e-10 7.171784943693637615e-08 4.831330443266779184e-06 1.917577756103128195e-04
5.788090857095085084e-05 1.621712464839220047e-03 2.677101269364356995e-02 2.603971064090728760e-01 1.492328286170959473e+00 5.039271831512451172e+00 1.002613830566406250e+01 1.175355911254882812e+01 8.118388175964355469e+00 3.304006338119506836e+00 7.922707200050354004e-01 1.119392216205596924e-01 9.318524040281772614e-03 4.570814780890941620e-04 1.320963747275527567e-05 2.249445003599248594e-07 2.256856035387500015e-09 1.334128120478172974e-11 4.647142927091153786e-14 9.537013944888104826e-17 1.153290365197464688e-19 8.216753731765436954e-23 3.449229596832742708e-26 8.532023126177898187e-30 1.243265457238031018e-33 4.496625887040189044e-32 2.498430675949570341e-28 8.178531212096944313e-25 1.577574590064447645e-21 1.792935484404613864e-18 1.200534736252594110e-15 4.736803939538181130e-13 1.101116420265668694e-10 1.508256275428720983e-08 1.217256908603303600e-06 5.788090857095085084e-05
1.642542883928399533e-05 5.513448850251734257e-04 1.090387441217899323e-02 1.270633190870285034e-01 8.723994493484497070e-01 3.529284477233886719e+00 8.412393569946289062e+00 1.181470680236816406e+01 9.776676177978515625e+00 4.766825675964355469e+00 1.369398832321166992e+00 2.317957580089569092e-01 2.311735041439533234e-02 1.358474604785442352e-03 4.703449667431414127e-05 9.595503343007294461e-07 1.153358475391996762e-08 8.168191817370384911e-11 3.408650857232575770e-13 8.380602743044763322e-16 1.214142217152657876e-18 1.036328666403407476e-21 5.211814674177971956e-25 1.544485315168003936e-28 2.696544073978399586e-32 2.094876767933215229e-33 1.394575201453965607e-29 5.469124584685862942e-26 1.263859552239039757e-22 1.720844445123327124e-19 1.380441622573651316e-16 6.525258577829567974e-14 1.817238200196857889e-11 2.982097679904427423e-09 2.883346326143509941e-07 1.642542883928399533e-05
4.382247425382956862e-06 1.762264582794159651e-04 4.175378475338220596e-03 5.829119682312011719e-02 4.794740080833435059e-01 2.323828935623168945e+00 6.635963439941406250e+00 1.116542816162109375e+01 1.106907844543457031e+01 6.465712547302246094e+00 2.225280761718750000e+00 4.512606263160705566e-01 5.391725897789001465e-02 3.795843105763196945e-03 1.574494963278993964e-04 3.848214419122086838e-06 5.541460268432274461e-08 4.701680156316001558e-10 2.350585438098962143e-12 6.923690509536960941e-15 1.201706404503050972e-17 1.228837222906330195e-20 7.403786972774862514e-24 2.628571973415886516e-27 5.498082362976765233e-31 9.164268753380750901e-35 7.318368279066900464e-31 3.438402018685397668e-27 9.519313916490405702e-24 1.552803640723717209e-20 1.492316212234672207e-17 8.450978157830031645e-15 2.819610864235322367e-12 5.543283609910076848e-10 6.421111464760542731e-08 4.382247425382956862e-06
1.099196651921374723e-06 5.295635492075234652e-05 1.503174193203449249e-03 2.514109760522842407e-02 2.477498501539230347e-01 1.438534736633300781e+00 4.921381950378417969e+00 9.920333862304687500e+00 1.178230476379394531e+01 8.245220184326171875e+00 3.399682760238647461e+00 8.259389400482177734e-01 1.182269304990768433e-01 9.971569292247295380e-03 4.955240874551236629e-04 1.450940271752187982e-05 2.503122686903225258e-07 2.544362498468899503e-09 1.523944685721811965e-11 5.377717314427460371e-14 1.118218486251645102e-16 1.369905703170374582e-19 9.888185275771750822e-23 4.205803288019673586e-26 1.053917916596966571e-29 1.556076809948326895e-33 3.610658145814132593e-32 2.032326018234964311e-28 6.740809039542559430e-25 1.317318648923724844e-21 1.516712787708096812e-18 1.029000929433823274e-15 4.113060803404011700e-13 9.687486229870145849e-11 1.344380695655900126e-08 1.099196651921374723e-06
2.592242651644482976e-07 1.496177355875261128e-05 5.087901372462511063e-04 1.019478682428598404e-02 1.203570812940597534e-01 8.372281789779663086e-01 3.431427478790283203e+00 8.286655426025390625e+00 1.179093647003173828e+01 9.885175704956054688e+00 4.882989883422851562e+00 1.421214103698730469e+00 2.437210381031036377e-01 2.462661452591419220e-02 1.466122455894947052e-03 5.142808367963880301e-05 1.062960222952824552e-06 1.294432738774276004e-08 9.288242397431645259e-11 3.926724397029790481e-13 9.781896463895243393e-16 1.435649604665782945e-18 1.241482887884608822e-21 6.326127048380832865e-25 1.899169629292461308e-28 3.359679816338004515e-32 1.674797514948554666e-33 1.129481777964999770e-29 4.488032451706881249e-26 1.050762473318898054e-22 1.449367257751632649e-19 1.178036747080131843e-16 5.641198093505814248e-14 1.591776363496499869e-11 2.646258545624391445e-09 2.592242651644482976e-07
5.747158837721144664e-08 3.973998900619335473e-06 1.619013492017984390e-04 3.886491991579532623e-03 5.496903508901596069e-02 4.580979347229003906e-01 2.249346256256103516e+00 6.507713794708251953e+00 1.109342193603515625e+01 1.114213752746582031e+01 6.593829154968261719e+00 2.299209117889404297e+00 4.723672568798065186e-01 5.718186870217323303e-02 4.078419413417577744e-03 1.713918172754347324e-04 4.243982402840629220e-06 6.191609713823709171e-08 5.322612905978019171e-10 2.695807552882678593e-12 8.045419629717619897e-15 1.414627739975936869e-17 1.465556604055973226e-20 8.946764982368237102e-24 3.217781928730978833e-27 6.819646463018672161e-31 8.500808377134002280e-35 5.900832118246458695e-31 2.809062809270069589e-27 7.879094600832247431e-24 1.302021785263889235e-20 1.267841893300441938e-17 7.273536292576668338e-15 2.458806162147775254e-12 4.897130478909161866e-10 5.747158837721144664e-08
1.023724927051716804e-08 8.632253525320265908e-07 4.288547643227502704e-05 1.255401642993092537e-03 2.165244147181510925e-02 2.200448215007781982e-01 1.317567110061645508e+00 4.648466587066650391e+00 9.662985801696777344e+00 1.183526802062988281e+01 8.541064262390136719e+00 3.631753444671630859e+00 9.098765850067138672e-01 1.343149542808532715e-01 1.168215554207563400e-02 5.986910546198487282e-04 1.807728040148504078e-05 3.216096899905096507e-07 3.371426693377088668e-09 2.082286079674311452e-11 7.578158478342700288e-14 1.624883287401523622e-16 2.052796290090890606e-19 1.528179830981206045e-22 6.702446980240694508e-26 1.732203359620308093e-29 2.637306248397259692e-33 2.149460480771663518e-32 1.247797733165094641e-28 4.267997821344396801e-25 8.600616477471857347e-22 1.021272132638848333e-18 7.144720792507655224e-16 2.945274232835082273e-13 7.153767161982571565e-11 1.023724927051716804e-08
2.010365873772457235e-09 2.029078416398988338e-07 1.206612705573206767e-05 4.227889003232121468e-04 8.728304877877235413e-03 1.061739772558212280e-01 7.609606981277465820e-01 3.213531017303466797e+00 7.995903015136718750e+00 1.172240829467773438e+01 1.012590980529785156e+01 5.153722763061523438e+00 1.545506000518798828e+00 2.730832695960998535e-01 2.842998877167701721e-02 1.743908505886793137e-03 6.303091504378244281e-05 1.342245354862825479e-06 1.684222361575393734e-08 1.245115677228625373e-10 5.423942545101922974e-13 1.392060214692460943e-15 2.105072502141805134e-18 1.875761689831485137e-21 9.847294473534393370e-25 3.046230874492652432e-28 5.551831607069244165e-32 1.001601083782246409e-33 6.960658389185121507e-30 2.849830278035276393e-26 6.873950281277161421e-23 9.770092586214354031e-20 8.181341683274537388e-17 4.036938020196903509e-14 1.173588049657725563e-11 2.010365873772457235e-09
3.416896765529031654e-10 4.164095912528864574e-08 2.989881295434315689e-06 1.264955499209463596e-04 3.153157653287053108e-03 4.631252586841583252e-02 4.007805883884429932e-01 2.043582916259765625e+00 6.139631271362304688e+00 1.086814880371093750e+01 1.133542823791503906e+01 6.966087341308593750e+00 2.522339344024658203e+00 5.381361246109008789e-01 6.764551252126693726e-02 5.010145716369152069e-03 2.186472265748307109e-04 5.621966465696459636e-06 8.517646676864387700e-08 7.603175311565735228e-10 3.999121346576206548e-12 1.239287128864188792e-14 2.262795082722292430e-17 2.434548931578121254e-20 1.543216718903294466e-23 5.764196234428233571e-27 1.268442852051411294e-30 1.643242034908077503e-34 3.161982472779705311e-31 1.563091194729994316e-27 4.552388488563813325e-24 7.812693420582070214e-21 7.899311806446622432e-18 4.706297167028552358e-15 1.651989742917914228e-12 3.416896765529031654e-10
4.901688777092516602e-11 7.287374259590251313e-09 6.383212394212023355e-07 3.294560156064108014e-05 1.001851633191108704e-03 1.795118674635887146e-02 1.895120143890380859e-01 1.178849220275878906e+00 4.320609092712402344e+00 9.330257415771484375e+00 1.187168884277343750e+01 8.900182723999023438e+00 3.931424617767333984e+00 1.023231744766235352e+00 1.569123566150665283e-01 1.417768746614456177e-02 7.548047578893601894e-04 2.367633896938059479e-05 4.376048536869348027e-07 4.765350780644439510e-09 3.057731151612230747e-11 1.155963074827431880e-13 2.574855751688945055e-16 3.379573054616691748e-19 2.613381320849411932e-22 1.190831635490266173e-25 3.196892943479352453e-29 5.057128776819118493e-33 1.128023774705855660e-32 6.802765536592841133e-29 2.416979341112112637e-25 5.060227919937171339e-22 6.241577648995305543e-19 4.536527941597149043e-16 1.942616532045471356e-13 4.901688777092516602e-11
6.879563758943607610e-12 1.241365232829139131e-09 1.319717171099910047e-07 8.267099474323913455e-06 3.051213570870459080e-04 6.635547615587711334e-03 8.502246439456939697e-02 6.419036984443664551e-01 2.855426311492919922e+00 7.483987808227539062e+00 1.155756378173828125e+01 1.051637744903564453e+01 5.638084411621093750e+00 1.781020879745483398e+00 3.314870595932006836e-01 3.635312616825103760e-02 2.348937792703509331e-03 8.942653948906809092e-05 2.006073373195249587e-06 2.651393060659756884e-08 2.064865084472344847e-10 9.474373325810137025e-13 2.561377657553116222e-15 4.080341754610257782e-18 3.829598243495465616e-21 2.117937308211445990e-24 6.900809213383626721e-28 1.324946114838657731e-31 4.079191312673886311e-34 2.986875474026977614e-30 1.288002936312687314e-26 3.272864935537470652e-23 4.899665417964344666e-20 4.322247664183124279e-17 2.246560075014163160e-14 6.879563758943607610e-12
9.106220551918786654e-13 1.992005727036172402e-10 2.567344026260798273e-08 1.949701072589959949e-06 8.723666542209684849e-05 2.299938350915908813e-03 3.572604432702064514e-02 3.269894123077392578e-01 1.763386487960815430e+00 5.603008270263671875e+00 1.048980140686035156e+01 1.157120895385742188e+01 7.520676612854003906e+00 2.880090475082397461e+00 6.498547196388244629e-01 8.639563620090484619e-02 6.767778657376766205e-03 3.123582864645868540e-04 8.494642315781675279e-06 1.361082695439108647e-07 1.285032746878300713e-09 7.148007880042328566e-12 2.342736600416742143e-14 4.524375533433111995e-17 5.147867099991989412e-20 3.451432436676385150e-23 1.363326980884045414e-26 3.173284051626703046e-30 4.350181790624290728e-34 1.245431562718810326e-31 6.510814177435044623e-28 2.005651241392739780e-24 3.640037770004791824e-21 3.892791372013353329e-18 2.452732129540596134e-15 9.106220551918786654e-13
1.328537431975751471e-13 3.470180393039257183e-11 5.340360154093559686e-09 4.842625003220746294e-07 2.587236485851462930e-05 8.144759340211749077e-04 1.510676369071006775e-02 1.650996506214141846e-01 1.063127517700195312e+00 4.033517360687255859e+00 9.016860961914062500e+00 1.187658500671386719e+01 9.217121124267578125e+00 4.214723587036132812e+00 1.135546922683715820e+00 1.802671551704406738e-01 1.686104573309421539e-02 9.292183676734566689e-04 3.017410563188605011e-05 5.772968734163441695e-07 6.508084737788522034e-09 4.322656815824998944e-11 1.691654899927536038e-13 3.900956769624884784e-16 5.299906967858813308e-19 4.242924603223979744e-22 2.001202189146809714e-25 5.561880447480638379e-29 9.106974975050680292e-33 6.268923127878767503e-33 3.913271475243350637e-29 1.439439547396954313e-25 3.119383716055563671e-22 3.983342006488920715e-19 2.997043707077886058e-16 1.328537431975751471e-13
2.115396684318655851e-14 6.512843649802979584e-12 1.181375663961148348e-09 1.262693558601313271e-07 7.951595762278884649e-06 2.950509078800678253e-04 6.450455635786056519e-03 8.309327065944671631e-02 6.306755542755126953e-01 2.820360422134399414e+00 7.431507110595703125e+00 1.153753757476806641e+01 1.055401039123535156e+01 5.688417911529541016e+00 1.806459784507751465e+00 3.380179405212402344e-01 3.726565092802047729e-02 2.420706208795309067e-03 9.265287371817976236e-05 2.089416284434264526e-06 2.776378771329746087e-08 2.173594360055375319e-10 1.002630270474647034e-12 2.725209499661622112e-15 4.364096137579223289e-18 4.118052844419542155e-21 2.289381237604033706e-24 7.499909204149136372e-28 1.447472945650573293e-31 3.720952980776063134e-34 2.738778833687059849e-30 1.187424249417777165e-26 3.033066682024025395e-23 4.565249221006226718e-20 4.048651720880799994e-17 2.115396684318655851e-14
2.985041091396615012e-15 1.089755564433192436e-12 2.343935046056344618e-10 2.970682189129547623e-08 2.218243480456294492e-06 9.760043758433312178e-05 2.530132420361042023e-03 3.864715993404388428e-02 3.478220105171203613e-01 1.844394207000732422e+00 5.762689590454101562e+00 1.060863876342773438e+01 1.150703525543212891e+01 7.354202270507812500e+00 2.769309043884277344e+00 6.144297122955322266e-01 8.032478392124176025e-02 6.187034770846366882e-03 2.808002755045890808e-04 7.508659109589643776e-06 1.183081508315808605e-07 1.098277135902492319e-09 6.007240711813910394e-12 1.936123685691588242e-14 3.676438643205413707e-17 4.113611191491687836e-20 2.711739022867264391e-23 1.053373054163812409e-26 2.410701933875385906e-30 3.249134343939959586e-34 1.648632707819219546e-31 8.475587239905654442e-28 2.567107607896143123e-24 4.581699290762234888e-21 4.817677317750225803e-18 2.985041091396615012e-15
3.407449698868315760e-16 1.494512928126509599e-13 3.861951036743249688e-11 5.880405495872764732e-09 5.275360308587551117e-07 2.788605706882663071e-05 8.685006760060787201e-04 1.593811437487602234e-02 1.723330318927764893e-01 1.097883343696594238e+00 4.121161937713623047e+00 9.114762306213378906e+00 1.187793922424316406e+01 9.120199203491210938e+00 4.126029014587402344e+00 1.099849104881286621e+00 1.727401614189147949e-01 1.598520763218402863e-02 8.716139709576964378e-04 2.800152651616372168e-05 5.300595944390806835e-07 5.911736877806106349e-09 3.884802202147596972e-11 1.504244591301467926e-13 3.431660018083211800e-16 4.613078225740720604e-19 3.653502123665750955e-22 1.705032620669182364e-25 4.687934364729028977e-29 7.594372354299577173e-33 7.518505214213537473e-33 4.643935291443287332e-29 1.689848527357875176e-25 3.623438571458905777e-22 4.577824305021593410e-19 3.407449698868315760e-16
4.288939417021329003e-17 2.230642123649591996e-14 6.835132286553413650e-12 1.234119473281225510e-09 1.312840680611770949e-07 8.229183549701701850e-06 3.039126750081777573e-04 6.613413803279399872e-03 8.479443192481994629e-02 6.405664682388305664e-01 2.851266384124755859e+00 7.477779865264892578e+00 1.155522727966308594e+01 1.052085208892822266e+01 5.644025802612304688e+00 1.783987522125244141e+00 3.322533965110778809e-01 3.645895421504974365e-02 2.357323886826634407e-03 8.980224083643406630e-05 2.015765630858368240e-06 2.665875342700019246e-08 2.077324423588322588e-10 9.538105982115352433e-13 2.580225622937182099e-15 4.112955418211692281e-18 3.862624075686498803e-21 2.137547009808656206e-24 6.969062244682765973e-28 1.338765108877489460e-31 4.035052418155470995e-34 2.956427349154238394e-30 1.275670898729984740e-26 3.243570112505545246e-23 4.858848578378827649e-20 4.288939417021329003e-17
4.882766092200492168e-18 3.022175862837190793e-15 1.102067222202851582e-12 2.368061302604473894e-10 2.997907699864299502e-08 2.236327873106347397e-06 9.828762267716228962e-05 2.545350231230258942e-03 3.883841633796691895e-02 3.491646051406860352e-01 1.849592685699462891e+00 5.772744178771972656e+00 1.061598968505859375e+01 1.150282096862792969e+01 7.343698024749755859e+00 2.762421607971191406e+00 6.122643947601318359e-01 7.995510101318359375e-02 6.152237765491008759e-03 2.789157151710242033e-04 7.450699740729760379e-06 1.172650740954850335e-07 1.087439915892218778e-09 5.942024650096300320e-12 1.912947000782226625e-14 3.628855905648913343e-17 4.055772525863478047e-20 2.671020547294652469e-23 1.036361546076633281e-26 2.369238956737701523e-30 3.190230597526743232e-34 1.678009487140619333e-31 8.616681830596435534e-28 2.607345036088751272e-24 4.648154851927774420e-21 4.882766092200492168e-18
3.672356217369250122e-19 2.780357591395863064e-16 1.240195690284731644e-13 3.259715414261066257e-11 5.047865236917914444e-09 4.606045820310100680e-07 2.476240842952392995e-05 7.844145875424146652e-04 1.464071497321128845e-02 1.610026955604553223e-01 1.043236732482910156e+00 3.982826709747314453e+00 8.959277153015136719e+00 1.187460899353027344e+01 9.273275375366210938e+00 4.266891479492187500e+00 1.156812429428100586e+00 1.847880780696868896e-01 1.739253848791122437e-02 9.645079262554645538e-04 3.151609780616126955e-05 6.067468802939401940e-07 6.882513670092293978e-09 4.600224715045619917e-11 1.811560612890311672e-13 4.203612229590686974e-16 5.746808354390720415e-19 4.629500778008870747e-22 2.197203678993670274e-25 6.144334023883701529e-29 1.012464084217584410e-32 5.637075077844617841e-33 3.540880582507372354e-29 1.310589349068966620e-25 2.857936279403595055e-22 3.672356217369250122e-19
2.557952969861095735e-20 2.368929303629991326e-17 1.292543986609624024e-14 4.155629399621441067e-12 7.871685525628890900e-10 8.785966087998531293e-08 5.777746991952881217e-06 2.238792803836986423e-04 5.111336708068847656e-03 6.875556707382202148e-02 5.449548959732055664e-01 2.544905185699462891e+00 7.002556800842285156e+00 1.135285854339599609e+01 1.084482383728027344e+01 6.103856563568115234e+00 2.024221897125244141e+00 3.955235481262207031e-01 4.553692042827606201e-02 3.088943427428603172e-03 1.234636001754552126e-04 2.907487214542925358e-06 4.034240674855027464e-08 3.298342987623215095e-10 1.588808945518493942e-12 4.509646609862204975e-15 7.541372557421451191e-18 7.431216139765940227e-21 4.314193515954139252e-24 1.475722056878347897e-27 2.974534852213401043e-31 1.752409529461596199e-34 1.347553998019943507e-30 6.101130744850980690e-27 1.627414525444610807e-23 2.557952969861095735e-20
1.650253089947153991e-21 1.869428391164995683e-18 1.247672966800243179e-15 4.906743956457904066e-13 1.136901822684777130e-10 1.552202810728431359e-08 1.248578314516635146e-06 5.917969974689185619e-05 1.652696519158780575e-03 2.719357982277870178e-02 2.636452615261077881e-01 1.506019234657287598e+00 5.068926811218261719e+00 1.005227279663085938e+01 1.174578857421875000e+01 8.086640357971191406e+00 3.280334949493408203e+00 7.840307354927062988e-01 1.104139983654022217e-01 9.161595255136489868e-03 4.479193594306707382e-04 1.290266482101287693e-05 2.189893564263911685e-07 2.190062797780001347e-09 1.290425231947889273e-11 4.480277097668877717e-14 9.164555029134667779e-17 1.104641159186836191e-19 7.844489639502917306e-23 3.282225278007125693e-26 8.092453690495816444e-30 1.175345852825000036e-33 4.750108019483568594e-32 2.630667433343628438e-28 8.584117143983406849e-25 1.650253089947153991e-21
1.008274929834673700e-22 1.394938385704731294e-19 1.137007132859623577e-16 5.461007758196870232e-14 1.545317519779931814e-11 2.576653557184727106e-09 2.531276095396606252e-07 1.465252898924518377e-05 4.997473442927002907e-04 1.004242338240146637e-02 1.189073026180267334e-01 8.295339345932006836e-01 3.409856319427490234e+00 8.258471488952636719e+00 1.178511619567871094e+01 9.909117698669433594e+00 4.909094810485839844e+00 1.432955265045166016e+00 2.464557588100433350e-01 2.497481182217597961e-02 1.491234404966235161e-03 5.246167347650043666e-05 1.087433474822319113e-06 1.328165932790170700e-08 9.557509644819717209e-11 4.052578043110821593e-13 1.012406389326809056e-15 1.490318901927601666e-18 1.292519588366864677e-21 6.604758636561683392e-25 1.988779297744910617e-28 3.528121691591908793e-32 1.593075494640458394e-33 1.077627468381865592e-29 4.294470021171350905e-26 1.008274929834673700e-22
5.712152069897114356e-24 9.651437566311456943e-21 9.607630022909511777e-18 5.635602424449662889e-15 1.947607656746508376e-12 3.966051376202983647e-10 4.758359395395928004e-08 3.363920768606476486e-06 1.401198096573352814e-04 3.438772633671760559e-03 4.972663894295692444e-02 4.236726462841033936e-01 2.126907348632812500e+00 6.291112899780273438e+00 1.096422576904296875e+01 1.125886154174804688e+01 6.812039375305175781e+00 2.428424596786499023e+00 5.100891590118408203e-01 6.312860548496246338e-02 4.603471606969833374e-03 1.977867359528318048e-04 5.006951141695026308e-06 7.468579354963367223e-08 6.563669607828614971e-10 3.398979448593353325e-12 1.037028366554070685e-14 1.864365508148772995e-17 1.974711151124223706e-20 1.232370260163752435e-23 4.531969693011758342e-27 9.818830961571076243e-31 1.252337013466265469e-34 4.093128693687525230e-31 1.992113756554125458e-27 5.712152069897114356e-24
3.000656292289974864e-25 6.191909346776488912e-22 7.527715805508200704e-19 5.392645846606343787e-16 2.276027944673325587e-13 5.660456131595381635e-11 8.294030351407855051e-09 7.160963377828011289e-07 3.642851879703812301e-05 1.091843005269765854e-03 1.928245276212692261e-02 2.006405442953109741e-01 1.230137109756469727e+00 4.443728446960449219e+00 9.458328247070312500e+00 1.186167716979980469e+01 8.764863967895507812e+00 3.816005945205688477e+00 9.789172410964965820e-01 1.479592025279998779e-01 1.317700091749429703e-02 6.914241239428520203e-04 2.137657793355174363e-05 3.894194833264918998e-07 4.179673496196301130e-09 2.643380132838490937e-11 9.849567450710694505e-14 2.162579405271859451e-16 2.797439011665787220e-19 2.132150420244648317e-22 9.575866664532407970e-26 2.533740795920587447e-29 3.950433171614582417e-33 1.441559562544044235e-32 8.568656119279466276e-29 3.000656292289974864e-25
1.461570978463171579e-26 3.683376791017450013e-23 5.468892341432124888e-20 4.784730631234177455e-17 2.466318368607965661e-14 7.490992201542034934e-12 1.340503485991462185e-09 1.413475274603115395e-07 8.781626092968508601e-06 3.214466851204633713e-04 6.933109834790229797e-03 8.810484409332275391e-02 6.597061753273010254e-01 2.910449266433715820e+00 7.565597534179687500e+00 1.158751392364501953e+01 1.045696258544921875e+01 5.560140132904052734e+00 1.741958737373352051e+00 3.215512633323669434e-01 3.497358411550521851e-02 2.241220325231552124e-03 8.462409459752961993e-05 1.882734977698419243e-06 2.467921689230934135e-08 1.906180074895402754e-10 8.674362768877619256e-13 2.325985507445251649e-15 3.674629102897392704e-18 3.420451205733939990e-21 1.876109236702776547e-24 6.062638723796468516e-28 1.154448887712340684e-31 4.706216529791802906e-34 3.417501748688003394e-30 1.461570978463171579e-26
6.601197106760165408e-28 2.031702189496305863e-24 3.684083118139323182e-21 3.936440865757164046e-18 2.478049520817553544e-15 9.192129479460020569e-13 2.008912203255164286e-10 2.587016112443052407e-08 1.962915575859369710e-06 8.775075548328459263e-05 2.311458345502614975e-03 3.587342798709869385e-02 3.280500769615173340e-01 1.767522215843200684e+00 5.611310958862304688e+00 1.049607086181640625e+01 1.156800079345703125e+01 7.511985778808593750e+00 2.874235391616821289e+00 6.479639410972595215e-01 8.607082068920135498e-02 6.736235693097114563e-03 3.106293734163045883e-04 8.440199962933547795e-06 1.351170624275255250e-07 1.274553351748863861e-09 7.083499585502917029e-12 2.319704758141361012e-14 4.475657904076188877e-17 5.087971145707480745e-20 3.408283007338244157e-23 1.345096898402453594e-26 3.128117609007091997e-30 4.284471197235844066e-34 1.263838628758336526e-31 6.601197106760165408e-28
2.613970523505452535e-29 9.859920069062939223e-26 2.191147118535593171e-22 2.869289729129733163e-19 2.213652580315537575e-16 1.006335382321317529e-13 2.695351580817018089e-11 4.253867036396741241e-09 3.955640295316698030e-07 2.167175262002274394e-05 6.996149895712733269e-04 1.330682076513767242e-02 1.491320133209228516e-01 9.847455024719238281e-01 3.831360816955566406e+00 8.783079147338867188e+00 1.186328792572021484e+01 9.441282272338867188e+00 4.427177906036376953e+00 1.223165154457092285e+00 1.991216838359832764e-01 1.909893378615379333e-02 1.079354202374815941e-03 3.594205554691143334e-05 7.051650072753545828e-07 8.152058583732468833e-09 5.552477227999119691e-11 2.228436212685716566e-13 5.269292967893292063e-16 7.341200019062446950e-19 6.026800380660496635e-22 2.915000049567847231e-25 8.307940575295335674e-29 1.394980598892711092e-32 4.083053913642291421e-33 2.613970523505452535e-29
1.139447675494999963e-30 5.211889215370539519e-27 1.404493319909644921e-23 2.230218356612617546e-20 2.086454072760277821e-17 1.150195864658802580e-14 3.735691443684796553e-12 7.149339453782488363e-10 8.061687140070716850e-08 5.355868779588490725e-06 2.096628450090065598e-04 4.835741594433784485e-03 6.571847200393676758e-02 5.262192487716674805e-01 2.482692003250122070e+00 6.901443481445312500e+00 1.130390167236328125e+01 1.090891456604003906e+01 6.203027248382568359e+00 2.078208923339843750e+00 4.102503359317779541e-01 4.771626740694046021e-02 3.270009532570838928e-03 1.320426817983388901e-04 3.141438583043054678e-06 4.403835873745265417e-08 3.637288525926152261e-10 1.770181006985338534e-12 5.075712799281623111e-15 8.575145663862660293e-18 8.536652555563563727e-21 5.006824040360408101e-24 1.730382573413822248e-27 3.523331317013437807e-31 1.466522530473774225e-34 1.139447675494999963e-30
3.940590904351941256e-32 2.206742085858561164e-28 7.280633952556284256e-25 1.415445776365312064e-21 1.621234812922414543e-18 1.094213043130866196e-15 4.351042096062407438e-13 1.019481860042859012e-10 1.407451222235067689e-08 1.144798716268269345e-06 5.486743611982092261e-05 1.549346721731126308e-03 2.577900141477584839e-02 2.527188658714294434e-01 1.459778308868408203e+00 4.968224525451660156e+00 9.962722778320312500e+00 1.177130317687988281e+01 8.194812774658203125e+00 3.361379623413085938e+00 8.123995661735534668e-01 1.156858950853347778e-01 9.706359356641769409e-03 4.798589507117867470e-04 1.397723553964169696e-05 2.398924436874949606e-07 2.425810663453376037e-09 1.445403172151138449e-11 5.074127153604363061e-14 1.049535893281244099e-16 1.279188934638654748e-19 9.185527934829670303e-23 3.886677004383499707e-26 9.689094753375906542e-30 1.423150806731388728e-33 3.940590904351941256e-32
1.261236010797219055e-33 8.648284595609817974e-30 3.493270838354616712e-26 8.314720158774299791e-23 1.165976989348555327e-19 9.634682137662445994e-17 4.690491701639376565e-14 1.345541039698971986e-11 2.274253230183376218e-09 2.264771268301046803e-07 1.328925736743258312e-05 4.594352794811129570e-04 9.359057992696762085e-03 1.123293861746788025e-01 7.943892478942871094e-01 3.310076713562011719e+00 8.126516342163085938e+00 1.175550842285156250e+01 1.001948451995849609e+01 5.031697750091552734e+00 1.488867759704589844e+00 2.595718502998352051e-01 2.666388824582099915e-02 1.613876433111727238e-03 5.755313031841069460e-05 1.209351580655493308e-06 1.497215507129112666e-08 1.092212015274540704e-10 4.694279904030040917e-13 1.188767966307574184e-15 1.773879724633229765e-18 1.559492534965137832e-21 8.078809825953758921e-25 2.465689626153744283e-28 4.434447819479856440e-32 1.261236010797219055e-33
1.452935583611569622e-34 3.554624857423288416e-31 1.744659299498570389e-27 5.045901448591888753e-24 8.597928544377843480e-21 8.632846474671909291e-18 5.106787049984594373e-15 1.780070773942099560e-12 3.655900027155212229e-10 4.423771571282486548e-08 3.154148998874006793e-06 1.325005432590842247e-04 3.279738128185272217e-03 4.783136397600173950e-02 4.110226035118103027e-01 2.081057071685791016e+00 6.208154201507568359e+00 1.091221237182617188e+01 1.130131721496582031e+01 6.896228790283203125e+00 2.479507923126220703e+00 5.252674818038940430e-01 6.556314229965209961e-02 4.821909591555595398e-03 2.089442859869450331e-04 5.334911293175537139e-06 8.025494935282040387e-08 7.113876154818399300e-10 3.715197420539606554e-12 1.143201235986966019e-14 2.072824783243364094e-17 2.214289475266003139e-20 1.393834546902660698e-23 5.169161303996342059e-27 1.129623551987663744e-30 1.452935583611569622e-34
4.189426601500108010e-33 1.359997299265064405e-32 8.110907710481691889e-29 2.850397025291871114e-25 5.901602475203404471e-22 7.200143494143193369e-19 5.175385072009167954e-16 2.192030465562183617e-13 5.470335989743446703e-11 8.043066657137387665e-09 6.968219850023160689e-07 3.556853698682971299e-05 1.069788821041584015e-03 1.895751245319843292e-02 1.979451775550842285e-01 1.217771768569946289e+00 4.414302825927734375e+00 9.428073883056640625e+00 1.186448287963867188e+01 8.797151565551757812e+00 3.843311548233032227e+00 9.893062710762023926e-01 1.500448584556579590e-01 1.340879872441291809e-02 7.060119532980024815e-04 2.190373925259336829e-05 4.003802871466177749e-07 4.312376233883696841e-09 2.736544151005215753e-11 1.023189372855240475e-13 2.254266486647401192e-16 2.926094548239222379e-19 2.238082449130070843e-22 1.008534939868148742e-25 2.677776883489555469e-29 4.189426601500108010e-33
1.123300755953686791e-31 4.841624295456914628e-34 3.509665395848970155e-30 1.498693355178433326e-26 3.770395406383655648e-23 5.589428712552439947e-20 4.881800937861765295e-17 2.512431181069668673e-14 7.618513458984566000e-12 1.361091461760111088e-09 1.432840122106426861e-07 8.886954674380831420e-06 3.247844870202243328e-04 6.993396207690238953e-03 8.872847259044647217e-02 6.632877588272094727e-01 2.921458721160888672e+00 7.581784248352050781e+00 1.159329414367675781e+01 1.044505119323730469e+01 5.544773578643798828e+00 1.734282255172729492e+00 3.196100592613220215e-01 3.470551595091819763e-02 2.220403635874390602e-03 8.370427531190216541e-05 1.859142003013403155e-06 2.433137780144534190e-08 1.876133554068459830e-10 8.523654872194530441e-13 2.281832221003726735e-15 3.598967305857473539e-18 3.344837890848321809e-21 1.831475486685371699e-24 5.909289922352037539e-28 1.123300755953686791e-31
2.803256861739267832e-30 3.813613389278293501e-34 1.413489403968300962e-31 7.334282117826750669e-28 2.242028678476784641e-24 4.038602712039320709e-21 4.286009460573604924e-18 2.680258731700257274e-15 9.875663654901334354e-13 2.143842187107836139e-10 2.742295635016489541e-08 2.066705746983643621e-06 9.177643369184806943e-05 2.401227131485939026e-03 3.701847419142723083e-02 3.362471461296081543e-01 1.799599647521972656e+00 5.674897193908691406e+00 1.054394340515136719e+01 1.154296684265136719e+01 7.445608139038085938e+00 2.829741954803466797e+00 6.336625814437866211e-01 8.360761404037475586e-02 6.499647162854671478e-03 2.977250842377543449e-04 8.035091013880446553e-06 1.277774970276368549e-07 1.197186128010230277e-09 6.608973784905103344e-12 2.149816206943513247e-14 4.120119464060891543e-17 4.652804673257830805e-20 3.095649857534467057e-23 1.213535160194603779e-26 2.803256861739267832e-30
6.512078309702291795e-29 1.076849950573952049e-32 5.298047078704115581e-33 3.340361182641280051e-29 1.240765421455108253e-25 2.715787330815113788e-22 3.502115467969418610e-19 2.661134527696268088e-16 1.191434104153010765e-13 3.142745785833511718e-11 4.884764148727072097e-09 4.473222929846087936e-07 2.413714537397027016e-05 7.673625368624925613e-04 1.437469758093357086e-02 1.586539894342422485e-01 1.031767606735229492e+00 3.953459262847900391e+00 8.925544738769531250e+00 1.187305450439453125e+01 9.305881500244140625e+00 4.297513961791992188e+00 1.169343471527099609e+00 1.874746084213256836e-01 1.770920678973197937e-02 9.856824763119220734e-04 3.232406015740707517e-05 6.245985559871769510e-07 7.110856348191418874e-09 4.769910855184633647e-11 1.885342739132295220e-13 4.390449168909264441e-16 6.024580773964855565e-19 4.870533756611167932e-22 2.320018475099135023e-25 6.512078309702291795e-29
1.407864611589785783e-27 2.828895333926182581e-31 1.847019949930371312e-34 1.416162807260489074e-30 6.391759736434836619e-27 1.699949339046596578e-23 2.663668429291219953e-20 2.459400859638998643e-17 1.337945884318696502e-14 4.288328372958893908e-12 8.099036441500118144e-10 9.011971258132689400e-08 5.908769708184991032e-06 2.282554632984101772e-04 5.195536185055971146e-03 6.967931985855102539e-02 5.505962967872619629e-01 2.563536405563354492e+00 7.032446861267089844e+00 1.136697196960449219e+01 1.082553863525390625e+01 6.074632644653320312e+00 2.008423328399658203e+00 3.912596404552459717e-01 4.490891844034194946e-02 3.037248039618134499e-03 1.210261907544918358e-04 2.841612058546161279e-06 3.930945169372535020e-08 3.204005671886278606e-10 1.538804890802158987e-12 4.354241475029458491e-15 7.260052566995229244e-18 7.131825225635760987e-21 4.128254267428115444e-24 1.407864611589785783e-27
2.832986248816061180e-26 6.916932256283685990e-30 9.950204276340532329e-34 5.588207867502615263e-32 3.064716913063853315e-28 9.904066820730886537e-25 1.885669681826865176e-21 2.115561565899283801e-18 1.398457854543072674e-15 5.446374688050648061e-13 1.249864933772215636e-10 1.689892137335391453e-08 1.346313069916504901e-06 6.319461681414395571e-05 1.747833099216222763e-03 2.848205156624317169e-02 2.734785377979278564e-01 1.547176480293273926e+00 5.157228469848632812e+00 1.012897109985351562e+01 1.172140312194824219e+01 7.992096900939941406e+00 3.210751056671142578e+00 7.600216865539550781e-01 1.059996038675308228e-01 8.710864931344985962e-03 4.217660753056406975e-04 1.203278952743858099e-05 2.022590592787310015e-07 2.003158305896590718e-09 1.169001527523416684e-11 4.019359037222766662e-14 8.143168290621950224e-17 9.719980950730125924e-20 6.835979566009615327e-23 2.832986248816061180e-26
5.306465656852849294e-25 1.574298590336496823e-28 2.752186686821747976e-32 2.052040100750320229e-33 1.367570353441564645e-29 5.370181705648517536e-26 1.242377418285805998e-22 1.693661222243303252e-19 1.360388249896303764e-16 6.437756686246409732e-14 1.795158986739320284e-11 2.949250177408657692e-09 2.855031766557658557e-07 1.628388781682588160e-05 5.472562042996287346e-04 1.083613466471433640e-02 1.264270395040512085e-01 8.691000938415527344e-01 3.520131111145019531e+00 8.400809288024902344e+00 1.181265735626220703e+01 9.786831855773925781e+00 4.777506828308105469e+00 1.374146461486816406e+00 2.328758388757705688e-01 2.325379103422164917e-02 1.368098426610231400e-03 4.742687451653182507e-05 9.686785915619111620e-07 1.165739238473406658e-08 8.266352879982008517e-11 3.453557427014752879e-13 8.501900508069539300e-16 1.233106987056661142e-18 1.053781652262457845e-21 5.306465656852849294e-25
9.250507985314535487e-24 3.334712261595522154e-27 7.083632401557976884e-31 8.852750123032122988e-35 5.680579271535146356e-31 2.710460781314281836e-27 7.619365303231850178e-24 1.262121791376856287e-20 1.231819335676615157e-17 7.083151238121161014e-15 2.399974533343063321e-12 4.790985386193824525e-10 5.635558153471720289e-08 3.905640824086731300e-06 1.594909117557108402e-04 3.837464377284049988e-03 5.440076440572738647e-02 4.544079303741455078e-01 2.236373662948608398e+00 6.485106468200683594e+00 1.108034610748291016e+01 1.115471267700195312e+01 6.616497039794921875e+00 2.312435150146484375e+00 4.761805534362792969e-01 5.777640640735626221e-02 4.130328074097633362e-03 1.739807776175439358e-04 4.317855200497433543e-06 6.313921119271981297e-08 5.440278227908379449e-10 2.761748729013246972e-12 8.261197037865916637e-15 1.455924235749279244e-17 1.511945603666285931e-20 9.250507985314535487e-24
1.500933458839086145e-22 6.574514695531641326e-26 1.696989837073064159e-29 2.580402954596852862e-33 2.196206511557607278e-32 1.273311490103364548e-28 4.349289937627422068e-25 8.754103313643409501e-22 1.038174120890297486e-18 7.253720168533890796e-16 2.986416994775475953e-13 7.243991517746906084e-11 1.035381380631861248e-08 8.718977255739446264e-07 4.326328053139150143e-05 1.264801248908042908e-03 2.178755030035972595e-02 2.211362272500991821e-01 1.322415232658386230e+00 4.659628868103027344e+00 9.673801422119140625e+00 1.183349037170410156e+01 8.528905868530273438e+00 3.621964454650878906e+00 9.062683582305908203e-01 1.336120367050170898e-01 1.160620711743831635e-02 5.940410192124545574e-04 1.791402246453799307e-05 3.182984187333204318e-07 3.332466746996942675e-09 2.055614012341777652e-11 7.471547523469485030e-14 1.599984489219187446e-16 2.018774868484467423e-19 1.500933458839086145e-22
2.266903008985777377e-21 1.206561965674632335e-24 3.784188969801023497e-28 6.992362318182731193e-32 7.900982423296308535e-34 5.567035921200519961e-30 2.310558800250370684e-26 5.650971015759612520e-23 8.143217668134640811e-20 6.913496812123890258e-17 3.458605269041938046e-14 1.019391949325099134e-11 1.770413260437919689e-09 1.811559400266560260e-07 1.092246111511485651e-05 3.880039730574935675e-04 8.121496997773647308e-03 1.001614853739738464e-01 7.278149724006652832e-01 3.116145610809326172e+00 7.860965728759765625e+00 1.168435859680175781e+01 1.023289871215820312e+01 5.280340194702148438e+00 1.605417132377624512e+00 2.875999808311462402e-01 3.035614639520645142e-02 1.887926831841468811e-03 6.917931023053824902e-05 1.493587774348270614e-06 1.900094304119193112e-08 1.424173556863195245e-10 6.289902409681302764e-13 1.636678777057411389e-15 2.509265416274257162e-18 2.266903008985777377e-21
3.186449646040287840e-20 2.060794985250404168e-23 7.853575616149736479e-27 1.763303404256058547e-30 2.331479168840771363e-34 2.265601967495194874e-31 1.142596458106615415e-27 3.395576035876944099e-24 5.945556946561654368e-21 6.133433399878618103e-18 3.728360359973783428e-15 1.335265231716675771e-12 2.817828193002469561e-10 3.503491541323455749e-08 2.566729563113767654e-06 1.107956268242560327e-04 2.817830769345164299e-03 4.222701489925384521e-02 3.728380799293518066e-01 1.939668893814086914e+00 5.945595741271972656e+00 1.073828506469726562e+01 1.142718601226806641e+01 7.164934158325195312e+00 2.646968603134155273e+00 5.761815309524536133e-01 7.389719784259796143e-02 5.584394093602895737e-03 2.486436278559267521e-04 6.522932380903512239e-06 1.008315280159877148e-07 9.183189209061026759e-10 4.928160310391227483e-12 1.558166064978636772e-14 2.902971830909129437e-17 3.186449646040287840e-20
4.168856128911661037e-19 3.276077492687892701e-22 1.517042876131456264e-25 4.138729260476827160e-29 6.653356800371688409e-33 8.581884587274241518e-33 5.259057454528018970e-29 1.899049385782313435e-25 4.040449126184968251e-22 5.064658352612380774e-19 3.740895071164607785e-16 1.627926038329924330e-13 4.174378898103014990e-11 6.306504651831801311e-09 5.614050451185903512e-07 2.944497828138992190e-05 9.099803864955902100e-04 1.656982302665710449e-02 1.777696311473846436e-01 1.123765230178833008e+00 4.185554027557373047e+00 9.185508728027343750e+00 1.187731075286865234e+01 9.048997879028320312e+00 4.062072753906250000e+00 1.074404239654541016e+00 1.674353778362274170e-01 1.537464000284671783e-02 8.317948086187243462e-04 2.651508111739531159e-05 4.980295216228114441e-07 5.511437084493309158e-09 3.593896708009580720e-11 1.380722793042910013e-13 3.125444637458777396e-16 4.168856128911661037e-19
5.076499236285924227e-18 4.847479530158911807e-21 2.727527008923040894e-24 9.041578568997203121e-28 1.766176265429694185e-31 3.024183066512219718e-34 2.253012846175854470e-30 9.885562670714488636e-27 2.555676776721219095e-23 3.892564621127937230e-20 3.493566215126680391e-17 1.847300592117302742e-14 5.755802084950190078e-12 1.056603693427859980e-09 1.142908985229951213e-07 7.284106231963960454e-06 2.735191956162452698e-04 6.051791831851005554e-03 7.889205217361450195e-02 6.059850454330444336e-01 2.742514610290527344e+00 7.313237190246582031e+00 1.149039840698242188e+01 1.063719558715820312e+01 5.802097320556640625e+00 1.864724755287170410e+00 3.531058132648468018e-01 3.939780592918395996e-02 2.589967334643006325e-03 1.003186480375006795e-04 2.289570375069160946e-06 3.078739041484368499e-08 2.439399793274787953e-10 1.138764863656271942e-12 3.132428424108889102e-15 5.076499236285924227e-18
5.754229653410423669e-17 6.676488794054315092e-20 4.564719962234228182e-23 1.838683777162538559e-26 4.364252045845926752e-30 6.102051786545958728e-34 8.982689957338239834e-32 4.789176770416198716e-28 1.504440083613451956e-24 2.784320234112251640e-21 3.036466498143091691e-18 1.950965905213146445e-15 7.386350645705030971e-13 1.647589009667882465e-10 2.165519319419217936e-08 1.677023192314663902e-06 7.651786290807649493e-05 2.057183533906936646e-03 3.258624672889709473e-02 3.041419088840484619e-01 1.672536015510559082e+00 5.419381141662597656e+00 1.034638214111328125e+01 1.163838768005371094e+01 7.713722705841064453e+00 3.012354373931884766e+00 6.931214332580566406e-01 9.396992623805999756e-02 7.506281603127717972e-03 3.532846458256244659e-04 9.797377970244269818e-06 1.600816119662340498e-07 1.541218708211999910e-09 8.742352328172664500e-12 2.922052587416880398e-14 5.754229653410423669e-17
6.070311379683594570e-16 8.558213276723699816e-19 7.109817293801092079e-22 3.479852314356807301e-25 1.003628695927545452e-28 1.705336968385513085e-32 3.333665979417513440e-33 2.159745663726245359e-29 8.243802919249611678e-26 1.853872225972118698e-22 2.456631293512048596e-19 1.917921085297947257e-16 8.823102432041832199e-14 2.391385700573067652e-11 3.819190741438660552e-09 3.593663677747827023e-07 1.992477882595267147e-05 6.509002996608614922e-04 1.252810470759868622e-02 1.420817077159881592e-01 9.493947029113769531e-01 3.737932920455932617e+00 8.671236038208007812e+00 1.185209274291992188e+01 9.545017242431640625e+00 4.529272079467773438e+00 1.266316413879394531e+00 2.086082845926284790e-01 2.024778723716735840e-02 1.157947350293397903e-03 3.901964373653754592e-05 7.746879191472544335e-07 9.062729233733080036e-09 6.246461681236326058e-11 2.536724628098008250e-13 6.070311379683594570e-16
5.960358244558750657e-15 1.021073898805050000e-17 1.030722942555905168e-20 6.129951737963887513e-24 2.148219623010443983e-27 4.435327324353141676e-31 1.150271846596865419e-34 9.065152884388819700e-31 4.204518461635173973e-27 1.148892762514993400e-23 1.849889758248685219e-20 1.754873761134721359e-17 9.809552936656043554e-15 3.230628872058494139e-12 6.269335051101165845e-10 7.168365101506424253e-08 4.829068075196119025e-06 1.916875771712511778e-04 4.483061376959085464e-03 6.177859008312225342e-02 5.015987753868103027e-01 2.399671554565429688e+00 6.764128684997558594e+00 1.123402595520019531e+01 1.099329185485839844e+01 6.338536739349365234e+00 2.153344154357910156e+00 4.310349822044372559e-01 5.083572119474411011e-02 3.532572416588664055e-03 1.446421956643462181e-04 3.489380333121516742e-06 4.960099531103878689e-08 4.154088739660721785e-10 2.050005998288639830e-12 5.960358244558750657e-15
5.447608035784486102e-14 1.133970652092614918e-16 1.390910662356451606e-19 1.005141384992518588e-22 4.280174998752131085e-26 1.073802842346210971e-29 1.587264144443580711e-33 3.541173793116264062e-32 1.995710358502895707e-28 6.626310316492321435e-25 1.296450513812017188e-21 1.494406414924532453e-18 1.015043838166322133e-15 4.061949344588700050e-13 9.578167425861039419e-11 1.330744847649611984e-08 1.089305669665918685e-06 5.254043935565277934e-05 1.493093091994524002e-03 2.500131167471408844e-02 2.466571927070617676e-01 1.433845758438110352e+00 4.911067008972167969e+00 9.910869598388671875e+00 1.178467178344726562e+01 8.256405830383300781e+00 3.408229351043701172e+00 8.289723992347717285e-01 1.187983527779579163e-01 1.003101747483015060e-02 4.990700981579720974e-04 1.462944783270359039e-05 2.526867319829761982e-07 2.571468371570517775e-09 1.541958227768702727e-11 5.447608035784486102e-14
4.633859485361768726e-13 1.172057700324141347e-15 1.746851598118059586e-18 1.533892446112454524e-21 7.936677305393628882e-25 2.419419640722327038e-28 4.346024783422302329e-32 1.287525758282367199e-33 8.817848433201808092e-30 3.557512157579597351e-26 8.457490098667371038e-23 1.184578342620312248e-19 9.776631624732465883e-17 4.753899571631296783e-14 1.362087352629881565e-11 2.299336721023337304e-09 2.287144411639019381e-07 1.340443668595980853e-05 4.628620226867496967e-04 9.417565539479255676e-03 1.128961145877838135e-01 7.974400520324707031e-01 3.318808555603027344e+00 8.138185501098632812e+00 1.175828170776367188e+01 1.000983810424804688e+01 5.020831108093261719e+00 1.483871817588806152e+00 2.583908438682556152e-01 2.651078253984451294e-02 1.602686243131756783e-03 5.708554090233519673e-05 1.198092149934382178e-06 1.481495104371788329e-08 1.079380196333801223e-10 4.633859485361768726e-13
3.668526420141926536e-12 1.127553318725979525e-14 2.041989144368612329e-17 2.178730240890312915e-20 1.369798586209300645e-23 5.073861282930206223e-27 1.107461815932289059e-30 1.422747763697625344e-34 3.626310734716094468e-31 1.777712301797138569e-27 5.135245862564957497e-24 8.739625229543030678e-21 8.764579950304654266e-18 5.178448578421149945e-15 1.802889109704663984e-12 3.698304440469257770e-10 4.469689685038247262e-08 3.183039780196850188e-06 1.335531414952129126e-04 3.301813034340739250e-03 4.809525981545448303e-02 4.127927422523498535e-01 2.087501049041748047e+00 6.219877243041992188e+00 1.091965007781982422e+01 1.129539489746093750e+01 6.884311676025390625e+00 2.472241640090942383e+00 5.230969190597534180e-01 6.521363556385040283e-02 4.790426231920719147e-03 2.073298819595947862e-04 5.287316525937058032e-06 7.944304059037676780e-08 7.033412741108691080e-10 3.668750199470327544e-12
2.703883818233610015e-11 1.009700000475718951e-13 2.221884417073869290e-16 2.880607886354931387e-19 2.200646266011902507e-22 9.904780370071562230e-26 2.626945272799546295e-29 4.104511093648613752e-33 1.387889576158169496e-32 8.267285397875536368e-29 2.901896823413093344e-25 6.001037319455681908e-22 7.312663838893016032e-19 5.249991734003326728e-16 2.220959554504256528e-13 5.535884944896096727e-11 8.129699580194937880e-09 7.034803957139956765e-07 3.586552338674664497e-05 1.077426946721971035e-03 1.906996965408325195e-02 1.988810449838638306e-01 1.222084999084472656e+00 4.424547195434570312e+00 9.438631057739257812e+00 1.186353492736816406e+01 8.785905838012695312e+00 3.833798408508300781e+00 9.856753349304199219e-01 1.493149250745773315e-01 1.332758180797100067e-02 7.008946267887949944e-04 2.171890446334145963e-05 3.965255359617003705e-07 4.265745534581810716e-09 2.703724050201472551e-11
1.854442155391211600e-10 8.415582683843347844e-13 2.250049427240377251e-15 3.544589693159156329e-18 3.290344742667298535e-21 1.799487571409112281e-24 5.799106988751157679e-28 1.101019495632720496e-31 4.943072212997762780e-34 3.578914990570035967e-30 1.526446467900240047e-26 3.835617794938604728e-23 5.679312225863983317e-20 4.954347655432871013e-17 2.546696374291536336e-14 7.712698535389250765e-12 1.376358360616336540e-09 1.447177311320047011e-07 8.965107554104179144e-06 3.272481844760477543e-04 7.037999574095010757e-03 8.918723464012145996e-02 6.659192442893981934e-01 2.929533958435058594e+00 7.593626976013183594e+00 1.159748649597167969e+01 1.043630886077880859e+01 5.533493041992187500e+00 1.728679895401000977e+00 3.181959390640258789e-01 3.451057523488998413e-02 2.205281052738428116e-03 8.303465438075363636e-05 1.842061465140432119e-06 2.407760391065494332e-08 1.854442155391211600e-10
1.183800391046929690e-09 6.527643009457406720e-12 2.120818372807441177e-14 4.059647929071834923e-17 4.579026948084063085e-20 3.042905355233941854e-23 1.191548820986676870e-26 2.748931343296241782e-30 3.735145697529799885e-34 1.442050037561924834e-31 7.473347741321119808e-28 2.281805017470291109e-24 4.105347463301827022e-21 4.351627217025598950e-18 2.718035977631325442e-15 1.000282972771215917e-12 2.168848156625102774e-10 2.770956442077476822e-08 2.085796950268559158e-06 9.251345181837677956e-05 2.417609794065356255e-03 3.722633048892021179e-02 3.377377986907958984e-01 1.805370450019836426e+00 5.686273574829101562e+00 1.055241775512695312e+01 1.153840255737304688e+01 7.433743953704833984e+00 2.821846723556518555e+00 6.311374306678771973e-01 8.317470550537109375e-02 6.458236835896968842e-03 2.954735537059605122e-04 7.964772521518170834e-06 1.265072597789185238e-07 1.183865783183080111e-09
7.034475224543257355e-09 4.713261031463744644e-11 1.860593385090425489e-13 4.327579471888294083e-16 5.931178124134781908e-19 4.789246499711318827e-22 2.278767212731898145e-25 6.387926245102906740e-29 1.055055477157340648e-32 5.407985555206754653e-33 3.405568957586478510e-29 1.263467235933655243e-25 2.762134991589638015e-22 3.557592145207877371e-19 2.700041927337210306e-16 1.207309805514172885e-13 3.180992275142457970e-11 4.938252473607462889e-09 4.516758735917392187e-07 2.434279122098814696e-05 7.729673525318503380e-04 1.446227729320526123e-02 1.594322323799133301e-01 1.035552978515625000e+00 3.963185787200927734e+00 8.936721801757812500e+00 1.187360095977783203e+01 9.295099258422851562e+00 4.287365913391113281e+00 1.165176510810852051e+00 1.865813434123992920e-01 1.760361716151237488e-02 9.786249138414859772e-04 3.205395478289574385e-05 6.186043037814670242e-07 7.034475224543257355e-09
3.890643185400222137e-08 3.167553441763004685e-10 1.519276783372436324e-12 4.294116535334506490e-15 7.151231994330203135e-18 7.016544197903285272e-21 4.056661590405235128e-24 1.381771727517238635e-27 2.773184424861051415e-31 1.885965432346682028e-34 1.444292387075666414e-30 6.510943599927307445e-27 1.729574063709085411e-23 2.706843541416080045e-20 2.496244145866600539e-17 1.356275677297279561e-14 4.342181128547117908e-12 8.190911837679948349e-10 9.103273868049654993e-08 5.961483111605048180e-06 2.300158666912466288e-04 5.229324102401733398e-03 7.004849612712860107e-02 5.528501272201538086e-01 2.570944786071777344e+00 7.044320106506347656e+00 1.137251472473144531e+01 1.081783866882324219e+01 6.063036918640136719e+00 2.002187728881835938e+00 3.895774483680725098e-01 4.466221854090690613e-02 3.016942180693149567e-03 1.200732658617198467e-04 2.815722609739168547e-06 3.890643185400222137e-08
2.002644805543241091e-07 1.981128150418953737e-09 1.154761095772949275e-11 3.965613102653586797e-14 8.024662425600663225e-17 9.567023623241707080e-20 6.720968694738185220e-23 2.781723232225921694e-26 6.783612012832633167e-30 9.746662837720845347e-34 5.701730646686102268e-32 3.123208368439865862e-28 1.008108622178635006e-24 1.917082350264706570e-21 2.148221138024714993e-18 1.418341423584275340e-15 5.517200737069349881e-13 1.264602866868358433e-10 1.707768504388695874e-08 1.358924919259152375e-06 6.371011841110885143e-05 1.759976381435990334e-03 2.864645235240459442e-02 2.747191488742828369e-01 1.552332997322082520e+00 5.168216705322265625e+00 1.013838768005371094e+01 1.171824073791503906e+01 7.980365753173828125e+00 3.202195644378662109e+00 7.570882439613342285e-01 1.054639220237731934e-01 8.656457066535949707e-03 4.186290898360311985e-04 1.192898707813583314e-05 2.002740160378380097e-07
9.595503343007294461e-07 1.153424378230738512e-08 8.168191817370384911e-11 3.408650857232575770e-13 8.381241723524348285e-16 1.214142217152657876e-18 1.036415504211854205e-21 5.212311656548261193e-25 1.544485315168003936e-28 2.696811498943211656e-32 2.094876767933215229e-33 1.394447458131873047e-29 5.469124584685862942e-26 1.263743810567025730e-22 1.720713388695025753e-19 1.380346860762677241e-16 6.524784239379105566e-14 1.817238200196857889e-11 2.981926927603240074e-09 2.883197680603188928e-07 1.642469214857555926e-05 5.513237556442618370e-04 1.090387441217899323e-02 1.270599812269210815e-01 8.723994493484497070e-01 3.529237031936645508e+00 8.412393569946289062e+00 1.181469631195068359e+01 9.776727676391601562e+00 4.766825675964355469e+00 1.369423151016235352e+00 2.317957580089569092e-01 2.311806380748748779e-02 1.358474604785442352e-03 4.703449667431414127e-05 9.595503343007294461e-07
4.279255335859488696e-06 6.250309070310322568e-08 5.378394396515773224e-10 2.727226430798701529e-12 8.148181666878511614e-15 1.434293131858772549e-17 1.487693217405856683e-20 9.091192792339720827e-24 3.273345970591522781e-27 6.945032683838962938e-31 8.666818829566952006e-35 5.794121681474292093e-31 2.761348280083864698e-27 7.753123769460219719e-24 1.282731028650357650e-20 1.250339744155554936e-17 7.181614583074737157e-15 2.430420014548628771e-12 4.845942536135794398e-10 5.693370752624105080e-08 3.940979695471469313e-06 1.607410667929798365e-04 3.862909972667694092e-03 5.469589680433273315e-02 4.563252329826354980e-01 2.243118286132812500e+00 6.496870040893554688e+00 1.108714675903320312e+01 1.114818000793457031e+01 6.604698657989501953e+00 2.305544853210449219e+00 4.741926789283752441e-01 5.746625363826751709e-02 4.103239625692367554e-03 1.726253831293433905e-04 4.279255335859488696e-06
1.776095632521901280e-05 3.152153169594384963e-07 3.296237727212769641e-09 2.030948673126253823e-11 7.372567996637852117e-14 1.576898738590669499e-16 1.987423689292941983e-19 1.475731561727809437e-22 6.456385240165123624e-26 1.664484202120284060e-29 2.527985090099794638e-33 2.241095702079633382e-32 1.297801494905571114e-28 4.427599173612580383e-25 8.901022788115688106e-22 1.054334128132286572e-18 7.357781871873225830e-16 3.025634213657535376e-13 7.330332174593223726e-11 1.046461761688988190e-08 8.801719104667427018e-07 4.362161052995361388e-05 1.273796660825610161e-03 2.191541716456413269e-02 2.221673429012298584e-01 1.326990127563476562e+00 4.670144081115722656e+00 9.684013366699218750e+00 1.183178520202636719e+01 8.517456054687500000e+00 3.612768411636352539e+00 9.028842449188232422e-01 1.329534947872161865e-01 1.153515931218862534e-02 5.896970396861433983e-04 1.776175122358836234e-05
6.861857400508597493e-05 1.479771185586287174e-06 1.880047051372457645e-08 1.407527427943477960e-10 6.208897328566220786e-13 1.613654303968671370e-15 2.471192153834819542e-18 2.229647367729821542e-21 1.185302953139831288e-24 3.713007562021443453e-28 6.852567828005541473e-32 8.067023755414841385e-34 5.677052412324487230e-30 2.353426457101332882e-26 5.748879382605851091e-23 8.273600719718604685e-20 7.016290215973609986e-17 3.505799911983874251e-14 1.032059507299898371e-11 1.790264381185124876e-09 1.829661613328426029e-07 1.101832458516582847e-05 3.909524239134043455e-04 8.173033595085144043e-03 1.006756573915481567e-01 7.306703329086303711e-01 3.124601840972900391e+00 7.872801780700683594e+00 1.168785285949707031e+01 1.022362899780273438e+01 5.269201278686523438e+00 1.600100755691528320e+00 2.863022983074188232e-01 3.018278442323207855e-02 1.874818233773112297e-03 6.861857400508597493e-05
2.467475133016705513e-04 6.465736078098416328e-06 9.981756932120333659e-08 9.080444174358603959e-10 4.867178708678476795e-12 1.537049364196997614e-14 2.860200637539727525e-17 3.135720210036059189e-20 2.025551204360026068e-23 7.710022961070933958e-27 1.729013763844832092e-30 2.283171401974264036e-34 2.311221022459646536e-31 1.164199229106818162e-27 3.455580346202127752e-24 6.042896071378685457e-21 6.226931692467018204e-18 3.780664220950262847e-15 1.352373941998497031e-12 2.850511493512897232e-10 3.539884474434984440e-08 2.590275016700616106e-06 1.116781204473227262e-04 2.836872125044465065e-03 4.246137291193008423e-02 3.744583725929260254e-01 1.945763826370239258e+00 5.957129955291748047e+00 1.074622344970703125e+01 1.142193031311035156e+01 7.153056144714355469e+00 2.639412879943847656e+00 5.738483667373657227e-01 7.350981235504150391e-02 5.548275075852870941e-03 2.467475133016705513e-04
8.257862646132707596e-04 2.629296432132832706e-05 4.932676347380038351e-07 5.452487350510182296e-09 3.550766625171064561e-11 1.362602793184702898e-13 3.080971172563190356e-16 4.104302695414081335e-19 3.221474434094666794e-22 1.489972374611698600e-25 4.060041480553687103e-29 6.518996326704762419e-33 8.758558449466954275e-33 5.360900629987216002e-29 1.933485629485539416e-25 4.108776849916101739e-22 5.144140069721069821e-19 3.795053828416455714e-16 1.649514265412641012e-13 4.224640776095966999e-11 6.374785144203087839e-09 5.668061930919066072e-07 2.969392335216980428e-05 9.165342780761420727e-04 1.666916906833648682e-02 1.786211133003234863e-01 1.127794027328491211e+00 4.195526123046875000e+00 9.196358680725097656e+00 1.187709140777587891e+01 9.037987709045410156e+00 4.052268981933593750e+00 1.070527076721191406e+00 1.666310727596282959e-01 1.528245490044355392e-02 8.258178131654858589e-04
2.572489669546484947e-03 9.952636901289224625e-05 2.268561956952908076e-06 3.046982754995042342e-08 2.411343624775241778e-10 1.124395281743018060e-12 3.088985798310110546e-15 5.000121100835534140e-18 4.768794378286588523e-21 2.680031468756720521e-24 8.873600885177692797e-28 1.731288533492769350e-31 3.087999323203667416e-34 2.297606964105937164e-30 1.006927635773760931e-26 2.599807864569817114e-23 3.955372186545147198e-20 3.545699769541202492e-17 1.872622472668880600e-14 5.827706373029428732e-12 1.068520383284976560e-09 1.154415443238576700e-07 7.348606231971643865e-06 2.756105095613747835e-04 6.090763956308364868e-03 7.930494844913482666e-02 6.084263324737548828e-01 2.750262737274169922e+00 7.325110435485839844e+00 1.149526405334472656e+01 1.062894630432128906e+01 5.790648937225341797e+00 1.858815908432006836e+00 3.515647947788238525e-01 3.917776048183441162e-02 2.572489669546484947e-03
7.458917330950498581e-03 3.506212960928678513e-04 9.711792699818033725e-06 1.585005122706206748e-07 1.523992265717311057e-09 8.634731818446539364e-12 2.882616088645435781e-14 5.669688486085054028e-17 6.570472027623719897e-20 4.486823734375998327e-23 1.805130379745819687e-26 4.279448686032972695e-30 5.976271595120570015e-34 9.165589825360082836e-32 4.880841887601795303e-28 1.531382050109465172e-24 2.830757257050119304e-21 3.083389765956234154e-18 1.978728045334116580e-15 7.482447821061111171e-13 1.667010418593406484e-10 2.188397374425221642e-08 1.692703790467930958e-06 7.714029925409704447e-05 2.071419032290577888e-03 3.277221322059631348e-02 3.055091500282287598e-01 1.678030729293823242e+00 5.430636405944824219e+00 1.035538101196289062e+01 1.163447952270507812e+01 7.701841831207275391e+00 3.004091262817382812e+00 6.903876662254333496e-01 9.348657727241516113e-02 7.458664942532777786e-03
2.012830600142478943e-02 1.149768941104412079e-03 3.869764623232185841e-05 7.674126436540973373e-07 8.965898246060532983e-09 6.172665156789491903e-11 2.503926428178149255e-13 5.984230597627692230e-16 8.426719476673442080e-19 6.992198511485873725e-22 3.418213681451232017e-25 9.846748369357907564e-29 1.671090115968656561e-32 3.402711578848937553e-33 2.201805265372678295e-29 8.394318196263362935e-26 1.885459983665595706e-22 2.495489395256434185e-19 1.945925318023154511e-16 8.941180857768155077e-14 2.420483605214407419e-11 3.861049258091497904e-09 3.628881870554323541e-07 2.009490526688750833e-05 6.556705920957028866e-04 1.260480377823114395e-02 1.427800655364990234e-01 9.529184699058532715e-01 3.747311592102050781e+00 8.682574272155761719e+00 1.185336494445800781e+01 9.534605026245117188e+00 4.518908500671386719e+00 1.261905312538146973e+00 2.076323926448822021e-01 2.012892812490463257e-02
5.055964738130569458e-02 3.509296104311943054e-03 1.435058948118239641e-04 3.457966158748604357e-06 4.909546547082754842e-08 4.107078011017506469e-10 2.024125658750541845e-12 5.878459475921679611e-15 1.005834088635495528e-17 1.014120038257030755e-20 6.023967486486539356e-24 2.108551051352905647e-27 4.348246232646486288e-31 1.174597806791045119e-34 9.245921346053751731e-31 4.282769765647605121e-27 1.168976687845377228e-23 1.879989277464098682e-20 1.781292420974562468e-17 9.945273025794600097e-15 3.271398560031335556e-12 6.340841185448198303e-10 7.241446553507557837e-08 4.872441422776319087e-06 1.931777514982968569e-04 4.512499552220106125e-03 6.210967153310775757e-02 5.036829710006713867e-01 2.406754255294799805e+00 6.775963783264160156e+00 1.124019622802734375e+01 1.098614883422851562e+01 6.326827049255371094e+00 2.146790504455566406e+00 4.291984438896179199e-01 5.055964738130569458e-02
1.182052195072174072e-01 9.968658909201622009e-03 4.953700117766857147e-04 1.450417130399728194e-05 2.501967628631973639e-07 2.543198096560672639e-09 1.523168743911007539e-11 5.374722883552326969e-14 1.117450862643195892e-16 1.368991539346532775e-19 9.881096256133072722e-23 4.202580051664747108e-26 1.053065918291490577e-29 1.554747766647928446e-33 3.613745875600155037e-32 2.034156373905861330e-28 6.745824715785567776e-25 1.318238523848084962e-21 1.517690721987287629e-18 1.029617463540305998e-15 4.115313233417350336e-13 9.692255331650301287e-11 1.344973199479682080e-08 1.099628661904716864e-06 5.297448660712689161e-05 1.503614243119955063e-03 2.514720149338245392e-02 2.477973550558090210e-01 1.438738822937011719e+00 4.921889305114746094e+00 9.920743942260742188e+00 1.178220176696777344e+01 8.244734764099121094e+00 3.399311065673828125e+00 8.258072137832641602e-01 1.182020604610443115e-01
2.572082877159118652e-01 2.635845169425010681e-02 1.591567182913422585e-03 5.662400508299469948e-05 1.186872623293311335e-06 1.465934396094326075e-08 1.066829610762987102e-10 4.573894431605940447e-13 1.155582697741808391e-15 1.720228169717580976e-18 1.508718266417943661e-21 7.797046953017246740e-25 2.373982138509371176e-28 4.259299161207335602e-32 1.314343008857446844e-33 8.990668296106027880e-30 3.622933686674498488e-26 8.602678370551487819e-23 1.203471147811023400e-19 9.920594138541194819e-17 4.818109073604498471e-14 1.378842526267298751e-11 2.324967773859043518e-09 2.309730291472078534e-07 1.352058825432322919e-05 4.663131549023091793e-04 9.476399049162864685e-03 1.134653240442276001e-01 8.005008697509765625e-01 3.327552795410156250e+00 8.149851799011230469e+00 1.176102733612060547e+01 1.000017547607421875e+01 5.009972095489501953e+00 1.478888750076293945e+00 2.572145760059356689e-01
5.209455490112304688e-01 6.486940383911132812e-02 4.759127274155616760e-03 2.057356468867510557e-04 5.240374775894451886e-06 7.864744588914618362e-08 6.953883580074204929e-10 3.623138898276034858e-12 1.112195764359311806e-14 2.011765453711027293e-17 2.143904967749550114e-20 1.346289900144990317e-23 4.980795340599559579e-27 1.085859144990165454e-30 1.393293250220502625e-34 3.698679339127858105e-31 1.811184964230588728e-27 5.225712825606155742e-24 8.882945579777779971e-21 8.897610445137882389e-18 5.250755122447039666e-15 1.825870834734621972e-12 3.740956433517794721e-10 4.515816698358321446e-08 3.212039700883906335e-06 1.346084754914045334e-04 3.323906101286411285e-03 4.835907742381095886e-02 4.145599901676177979e-01 2.093925952911376953e+00 6.231543540954589844e+00 1.092702102661132812e+01 1.128947639465332031e+01 6.872458457946777344e+00 2.464989662170410156e+00 5.209455490112304688e-01
9.820552468299865723e-01 1.485844254493713379e-01 1.324640028178691864e-02 6.958130979910492897e-04 2.153372042812407017e-05 3.926886051885958295e-07 4.219378624270575528e-09 2.671277088417411960e-11 9.963162022827432018e-14 2.189791132795791901e-16 2.835580309710607326e-19 2.163637708613236377e-22 9.726515061823915272e-26 2.576548500979793300e-29 4.020918016941794568e-33 1.416505663697793410e-32 8.427641334310755730e-29 2.954608509099961352e-25 6.102682993726495544e-22 7.427566980794874261e-19 5.326039940194593914e-16 2.250407976286949996e-13 5.602540306681724758e-11 8.217657665454680682e-09 7.102377139744930901e-07 3.616640606196597219e-05 1.085157971829175949e-03 1.918367296457290649e-02 1.998256444931030273e-01 1.226410627365112305e+00 4.434857368469238281e+00 9.449232101440429688e+00 1.186255073547363281e+01 8.774593353271484375e+00 3.824250698089599609e+00 9.820362329483032227e-01
1.723061561584472656e+00 3.167870044708251953e-01 3.431658446788787842e-02 2.190338447690010071e-03 8.236672147177159786e-05 1.825129629651200958e-06 2.382898145469880546e-08 1.832883012031771841e-10 8.307708362388643852e-13 2.218700737862495595e-15 3.491033057218797999e-18 3.236750870674678248e-21 1.768044364587907972e-24 5.690935207494704190e-28 1.079196678108574893e-31 5.046881221144832885e-34 3.649531168003593738e-30 1.554707101680991693e-26 3.901954686180450052e-23 5.770575450587870994e-20 5.027935297086813461e-17 2.581438447062708169e-14 7.809062424479762399e-12 1.391793569283095167e-09 1.461649503653461579e-07 9.043929821928031743e-06 3.297292860224843025e-04 7.082861382514238358e-03 8.964826166629791260e-02 6.685589551925659180e-01 2.937621593475341797e+00 7.605468273162841797e+00 1.160165214538574219e+01 1.042754840850830078e+01 5.522220611572265625e+00 1.723091602325439453e+00
2.813966751098632812e+00 6.286337375640869141e-01 8.274141699075698853e-02 6.417071912437677383e-03 2.932384959422051907e-04 7.895416274550370872e-06 1.252434742582408944e-07 1.170696206642674042e-09 6.447680930832255797e-12 2.092195604860413310e-14 4.000048904192899236e-17 4.506402429006467926e-20 2.991058892187920251e-23 1.169840354951126151e-26 2.695597754006213611e-30 3.658740401436274357e-34 1.471142464799860710e-31 7.615166481670990501e-28 2.322295670013475203e-24 4.173195256679998530e-21 4.418233454309593845e-18 2.756324407946061580e-15 1.013161343016433236e-12 2.194137649347283059e-10 2.799895071348146303e-08 2.105065505020320415e-06 9.325593418907374144e-05 2.434093505144119263e-03 3.743529319763183594e-02 3.392264246940612793e-01 1.811154603958129883e+00 5.697655200958251953e+00 1.056086921691894531e+01 1.153380393981933594e+01 7.421815395355224609e+00 2.813966751098632812e+00
4.277333259582519531e+00 1.161042690277099609e+00 1.856967508792877197e-01 1.749969646334648132e-02 9.716156637296080589e-04 3.178744009346701205e-05 6.127548886070144363e-07 6.959672838036112807e-09 4.656990071350008975e-11 1.836291671020520710e-13 4.265933737476106189e-16 5.839668683931688993e-19 4.709748000691276471e-22 2.238250330563615453e-25 6.266762381182860007e-29 1.033820392114926803e-32 5.519573397220391246e-33 3.471678308486893244e-29 1.286451807742917389e-25 2.809026903279892323e-22 3.613643454478119063e-19 2.739278875734193651e-16 1.223471736248871178e-13 3.219508340479571018e-11 4.992054325470007825e-09 4.560501452033349779e-07 2.454904461046680808e-05 7.785827619954943657e-04 1.454985886812210083e-02 1.602057367563247681e-01 1.039330005645751953e+00 3.972872734069824219e+00 8.947832107543945312e+00 1.187411499023437500e+01 9.284362792968750000e+00 4.277280807495117188e+00
6.051386833190917969e+00 1.995965003967285156e+00 3.878837823867797852e-01 4.441552981734275818e-02 2.996663097292184830e-03 1.191273622680455446e-04 2.790061898849671707e-06 3.850534824323403882e-08 3.131122028321442485e-10 1.500002162410640771e-12 4.234531579143429106e-15 7.043505781615584682e-18 6.902494247566835742e-21 3.985899583915552538e-24 1.356059696091194062e-27 2.718550268621273465e-31 1.925952444083794561e-34 1.473138172088912757e-30 6.632930461860839454e-27 1.759862851481589292e-23 2.750918050898378165e-20 2.533852739596936495e-17 1.375150281867536586e-14 4.396986247323653174e-12 8.284302688288391892e-10 9.195974826070596464e-08 6.014923201291821897e-06 2.317982289241626859e-04 5.263498984277248383e-03 7.042135298252105713e-02 5.551234483718872070e-01 2.578406095504760742e+00 7.056253433227539062e+00 1.137805938720703125e+01 1.081003379821777344e+01 6.051386833190917969e+00
7.923242092132568359e+00 3.160830736160278320e+00 7.429371476173400879e-01 1.028929129242897034e-01 8.396320976316928864e-03 4.037035687360912561e-04 1.143579356721602380e-05 1.908864533106680028e-07 1.877387134641139710e-09 1.087797907306509160e-11 3.714165951250285314e-14 7.472163348185874429e-17 8.856526529612087314e-20 6.185649577721379139e-23 2.545272344796029770e-26 6.171555990404676771e-30 8.814853975953787519e-34 6.287548835867546648e-32 3.424080996211928621e-28 1.098788183233790313e-24 2.077364345921411135e-21 2.314290674089383009e-18 1.519106157055541417e-15 5.874799344912640109e-13 1.338737176670434792e-10 1.797371496081723308e-08 1.421905835741199553e-06 6.627522816415876150e-05 1.820194069296121597e-03 2.945424988865852356e-02 2.808236181735992432e-01 1.577598810195922852e+00 5.221791744232177734e+00 1.018391418457031250e+01 1.170239639282226562e+01 7.923242092132568359e+00
9.803526878356933594e+00 4.795275688171386719e+00 1.381972551345825195e+00 2.346744537353515625e-01 2.348022162914276123e-02 1.384231727570295334e-03 4.807821824215352535e-05 9.839893664320698008e-07 1.186592868407387869e-08 8.430034448281276127e-11 3.529196520527660974e-13 8.705476936008229878e-16 1.265154962516685939e-18 1.083423132330573572e-21 5.466208018007841132e-25 1.625090298165470725e-28 2.846342021081086972e-32 1.982981093336457049e-33 1.324190587003565020e-29 5.210242006007704004e-26 1.207787950184654414e-22 1.649795446618704060e-19 1.327795613226040363e-16 6.296068402961499388e-14 1.759158617387068801e-11 2.895881978659531342e-09 2.808978649682103423e-07 1.605321813258342445e-05 5.405829870142042637e-04 1.072572916746139526e-02 1.253848075866699219e-01 8.636589050292968750e-01 3.505081176757812500e+00 8.381607055664062500e+00 1.180922222137451172e+01 9.803526878356933594e+00
1.121354675292968750e+01 6.725231647491455078e+00 2.376520872116088867e+00 4.948187768459320068e-01 6.070112064480781555e-02 4.387693479657173157e-03 1.868726976681500673e-04 4.689057277573738247e-06 6.933125007435592124e-08 6.040095090753538898e-10 3.100483628518113655e-12 9.376814815332135816e-15 1.670874727982818973e-17 1.754422614243695524e-20 1.085308285857554707e-23 3.955841231657927447e-27 8.496452479042919635e-31 1.073857711336834684e-34 4.733643340309341142e-31 2.283690690856608785e-27 6.490914766670391989e-24 1.087133267599040481e-20 1.072810737397791669e-17 6.237306678091858458e-15 2.136826739856934054e-12 4.313006896072835161e-10 5.129619751187419752e-08 3.594453573896316811e-06 1.484124513808637857e-04 3.610534593462944031e-03 5.175177380442619324e-02 4.370782971382141113e-01 2.174958229064941406e+00 6.377006530761718750e+00 1.101656436920166016e+01 1.121358108520507812e+01
1.185727882385253906e+01 8.719311714172363281e+00 3.777892351150512695e+00 9.644664525985717773e-01 1.450683176517486572e-01 1.285715773701667786e-02 6.714095361530780792e-04 2.065676380880177021e-05 3.744895593627006747e-07 4.000256126346357632e-09 2.517711907012998296e-11 9.336060841514531861e-14 2.039786891792975650e-16 2.626086738317837577e-19 1.991890951296352418e-22 8.901955119153741663e-26 2.344274428375955015e-29 3.637038296161698664e-33 1.564451325577172577e-32 9.254259494238371673e-29 3.225121239451890379e-25 6.623011102971460858e-22 8.013579983830769643e-19 5.712589249025606247e-16 2.399607747748111475e-13 5.938604469291064447e-11 8.660112627012495068e-09 7.440559102178667672e-07 3.766834561247378588e-05 1.123599475249648094e-03 1.974687911570072174e-02 2.044873535633087158e-01 1.247644901275634766e+00 4.485293388366699219e+00 9.500641822814941406e+00 1.185728645324707031e+01
1.159066486358642578e+01 1.045053291320800781e+01 5.551863670349121094e+00 1.737838029861450195e+00 3.205013275146484375e-01 3.482852876186370850e-02 2.230029553174972534e-03 8.412408351432532072e-05 1.869953393907053396e-06 2.449131741855126165e-08 1.890007872429322333e-10 8.592620430285247135e-13 2.302028451081584645e-15 3.633854888962816310e-18 3.379531210909923929e-21 1.851862807919903528e-24 5.979584439392227261e-28 1.137522121708804990e-31 4.778359740508636062e-34 3.466819096959238104e-30 1.481368921993890160e-26 3.729981115576096948e-23 5.533694833842265479e-20 4.836756652169067663e-17 2.491120848556287182e-14 7.559139078572307824e-12 1.351584288933338485e-09 1.423831008651177399e-07 8.838186658977065235e-06 3.232459421269595623e-04 6.965510547161102295e-03 8.844125270843505859e-02 6.616253852844238281e-01 2.916393280029296875e+00 7.574279785156250000e+00 1.159064292907714844e+01
1.047391891479492188e+01 1.157917785644531250e+01 7.542394638061523438e+00 2.894761323928833008e+00 6.546156406402587891e-01 8.722284436225891113e-02 6.847240962088108063e-03 3.167336690239608288e-04 8.632636308902874589e-06 1.386170822570420569e-07 1.311598163411531459e-09 7.312313948792947826e-12 2.401854756750587683e-14 4.648784159305577399e-17 5.301116848751642822e-20 3.562025055789853413e-23 1.410111979241891249e-26 3.289086608064061812e-30 4.519299152686635494e-34 1.200455268065388290e-31 6.289542160194450708e-28 1.941787429088762327e-24 3.532192482056056948e-21 3.785464687534597988e-18 2.390546358684974421e-15 8.894256858793525566e-13 1.949932576517099392e-10 2.518661901262930769e-08 1.916954261105274782e-06 8.596418774686753750e-05 2.271292963996529579e-03 3.535994887351989746e-02 3.243432044982910156e-01 1.752974271774291992e+00 5.582271575927734375e+00 1.047391891479492188e+01
8.749696731567382812e+00 1.186026573181152344e+01 9.472422599792480469e+00 4.457562446594238281e+00 1.235958695411682129e+00 2.019206583499908447e-01 1.943574473261833191e-02 1.102332840673625469e-03 3.683789691422134638e-05 7.252771183630102314e-07 8.414346552854112815e-09 5.751853854318866865e-11 2.316513137996106808e-13 5.497433351302357350e-16 7.686326653989478069e-19 6.332582557492355128e-22 3.073784191242028421e-25 8.790883157031233211e-29 1.481475530341328946e-32 3.843143598163124444e-33 2.468898044885161131e-29 9.345767648133500701e-26 2.084459802665075839e-22 2.739065392825802902e-19 2.120864753155259270e-16 9.675173531266401117e-14 2.600760926063649947e-11 4.118925645002491365e-09 3.843792910629417747e-07 2.113492882926948369e-05 6.846819887869060040e-04 1.306958217173814774e-02 1.469899713993072510e-01 9.740748405456542969e-01 3.803310871124267578e+00 8.749696731567382812e+00
6.756941795349121094e+00 1.123033046722412109e+01 1.099758052825927734e+01 6.345589160919189453e+00 2.157262325286865234e+00 4.321283698081970215e-01 5.100265145301818848e-02 3.546848427504301071e-03 1.453206641599535942e-04 3.508427198539720848e-06 4.990771174107067054e-08 4.182543200670352235e-10 2.065525051345162844e-12 6.010222227130664063e-15 1.030362888929836735e-17 1.040758485155506031e-20 6.194643065357441807e-24 2.172240976834808221e-27 4.488601668727888403e-31 1.135977996002984680e-34 8.958036196769008916e-31 4.157848556850804719e-27 1.137059375620135090e-23 1.832003431530646499e-20 1.739298446508715380e-17 9.728723970631354689e-15 3.206539634509342207e-12 6.226660298480624078e-10 7.124719303419624339e-08 4.803351203008787706e-06 1.907957484945654869e-04 4.465580917894840240e-03 6.158001720905303955e-02 5.003583431243896484e-01 2.395413398742675781e+00 6.757002830505371094e+00
4.823856353759765625e+00 9.830415725708007812e+00 1.180346202850341797e+01 8.350589752197265625e+00 3.480834245681762695e+00 8.549210429191589355e-01 1.237196773290634155e-01 1.054925564676523209e-02 5.299582844600081444e-04 1.568771949678193778e-05 2.736205431119742570e-07 2.811618493581136136e-09 1.702471150166751102e-11 6.073979752323210857e-14 1.276743614006043597e-16 1.581239234438191972e-19 1.153975014674097873e-22 4.961643585083781804e-26 1.257080354385176545e-29 1.876180084724559590e-33 3.005100173872917245e-32 1.710188957205679032e-28 5.734485313769600116e-25 1.132843437885369849e-21 1.318718526094674400e-18 9.044118061342538983e-16 3.654926296510485617e-13 8.702244480573995133e-11 1.220892364983683365e-08 1.009227844406268559e-06 4.915255340165458620e-05 1.410553464666008949e-03 2.384977787733078003e-02 2.376070916652679443e-01 1.394735097885131836e+00 4.823912620544433594e+00
3.183611392974853516e+00 7.954859256744384766e+00 1.171124458312988281e+01 1.015882873535156250e+01 5.192122459411621094e+00 1.563581466674804688e+00 2.774382233619689941e-01 2.900565415620803833e-02 1.786640379577875137e-03 6.484673940576612949e-05 1.386784560963860713e-06 1.747243416616584000e-08 1.297209561990086968e-10 5.674611171582744085e-13 1.462516203486836832e-15 2.220898674209695972e-18 1.987284861890526589e-21 1.047663488473000675e-24 3.254567864744255573e-28 5.956385040870839345e-32 9.317945354296571815e-34 6.502767040274287130e-30 2.673524179801455682e-26 6.475805871524874995e-23 9.242939429122259293e-20 7.772429910542623475e-17 3.851279917806843534e-14 1.124320775369724856e-11 1.934061799602204701e-09 1.960261499789339723e-07 1.170590439869556576e-05 4.118905053474009037e-04 8.539050817489624023e-03 1.043083816766738892e-01 7.507312893867492676e-01 3.183655977249145508e+00
1.942347764968872070e+00 5.950666904449462891e+00 1.074182128906250000e+01 1.142487907409667969e+01 7.159709453582763672e+00 2.643683433532714844e+00 5.751421451568603516e-01 7.372660934925079346e-02 5.568567197769880295e-03 2.477982779964804649e-04 6.497588401543907821e-06 1.003867211579745344e-07 9.138423351373603509e-10 4.900928621265343565e-12 1.548844467394103197e-14 2.884086304907808752e-17 3.164029174030979448e-20 2.045225710880600191e-23 7.790141646757442969e-27 1.748127113910106355e-30 2.309960964147252047e-34 2.285567268846171098e-31 1.152155618792587021e-27 3.421841948577182908e-24 5.988417665430258953e-21 6.174420199230620625e-18 3.751272177680538625e-15 1.342760755015937058e-12 2.832150625131646393e-10 3.519640401350443426e-08 2.577058239694451913e-06 1.111830279114656150e-04 2.826191950589418411e-03 4.232992976903915405e-02 3.735584616661071777e-01 1.942347764968872070e+00
1.095506787300109863e+00 4.115160465240478516e+00 9.108232498168945312e+00 1.187792778015136719e+01 9.126777648925781250e+00 4.132039070129394531e+00 1.102212190628051758e+00 1.732396632432937622e-01 1.604351028800010681e-02 8.753651054576039314e-04 2.814336221490520984e-05 5.331298211785906460e-07 5.950584913705370127e-09 3.912949131379406253e-11 1.516236544955515408e-13 3.461782097874350822e-16 4.656571382348758799e-19 3.690607868727940313e-22 1.723598215554525995e-25 4.742397857996977144e-29 7.688936466719414619e-33 7.426830613844815062e-33 4.590602680164559046e-29 1.671646055007966092e-25 3.586993702508674373e-22 4.534686836076953016e-19 3.378044685406586707e-16 1.482582773996293790e-13 3.834164236105053192e-11 5.842317740700764261e-09 5.244979774943203665e-07 2.774546010186895728e-05 8.647460490465164185e-04 1.588067412376403809e-02 1.718359291553497314e-01 1.095506787300109863e+00
5.711953043937683105e-01 2.630808591842651367e+00 7.139437675476074219e+00 1.141587162017822266e+01 1.075525951385498047e+01 5.970363616943359375e+00 1.952769279479980469e+00 3.763149082660675049e-01 4.273035377264022827e-02 2.858852501958608627e-03 1.126982679124921560e-04 2.617408881633309647e-06 3.582048790917724546e-08 2.888433936476531017e-10 1.372345379696549017e-12 3.841227500195418948e-15 6.335857317069838547e-18 6.157099502492854786e-21 3.525739662960221489e-24 1.189454622543048521e-27 2.364604217611279408e-31 2.229227001942319603e-34 1.690649954053203653e-30 7.548676254049948887e-27 1.986070609319886957e-23 3.078543935132745380e-20 2.811896598489080920e-17 1.513167609062341518e-14 4.798176179293678345e-12 8.964559650159742432e-10 9.867875405689119361e-08 6.400417078111786395e-06 2.445908612571656704e-04 5.507527850568294525e-03 7.306784391403198242e-02 5.711833238601684570e-01
2.753184437751770020e-01 1.554794073104858398e+00 5.173454761505126953e+00 1.014281845092773438e+01 1.171670627593994141e+01 7.974774360656738281e+00 3.198169231414794922e+00 7.556787729263305664e-01 1.052095219492912292e-01 8.630644530057907104e-03 4.171588225290179253e-04 1.187929592560976744e-05 1.993357585661215126e-07 1.970827945285691385e-09 1.148106523046754646e-11 3.940249886894182929e-14 7.968806558429652499e-17 9.494999456343066423e-20 6.666552438407315649e-23 2.757633392332735046e-26 6.721688098905891851e-30 9.651280654701232515e-34 5.756676779126588453e-32 3.151524834929705293e-28 1.016655042618186295e-24 1.932228681593341733e-21 2.163955354046392409e-18 1.427809134352210282e-15 5.551274500845138071e-13 1.271677624314904165e-10 1.716343511759532703e-08 1.364971126349701080e-06 6.395703530870378017e-05 1.765791559591889381e-03 2.872381359338760376e-02 2.753119468688964844e-01
1.226782351732254028e-01 8.494502305984497070e-01 3.465602397918701172e+00 8.330854415893554688e+00 1.179971504211425781e+01 9.847303390502929688e+00 4.842095375061035156e+00 1.402826786041259766e+00 2.394721210002899170e-01 2.408665046095848083e-02 1.427473267540335655e-03 4.984153201803565025e-05 1.025457208925217856e-06 1.243123470828777499e-08 8.879348645240980886e-11 3.736458570931938672e-13 9.265340832550496807e-16 1.353626478522601290e-18 1.165300179508489356e-21 5.910245495605104599e-25 1.766375555920746154e-28 3.110184960732614164e-32 1.811841238142224843e-33 1.216314285530298067e-29 4.810991490006781278e-26 1.121119525951494490e-22 1.539486517537753631e-19 1.245465863637494489e-16 5.937282187163522851e-14 1.667664964455362053e-11 2.759741102309476446e-09 2.691047029657056555e-07 1.546032945043407381e-05 5.233636475168168545e-04 1.043852511793375015e-02 1.226749718189239502e-01
5.053082108497619629e-02 4.290075898170471191e-01 2.146139860153198242e+00 6.325600624084472656e+00 1.098539924621582031e+01 1.124087333679199219e+01 6.777140617370605469e+00 2.407496452331542969e+00 5.039124488830566406e-01 6.214273720979690552e-02 4.515591077506542206e-03 1.933344028657302260e-04 4.877239007328171283e-06 7.248742406318342546e-08 6.348379599785403116e-10 3.275912961037130700e-12 9.959584494471408755e-15 1.784080350511111192e-17 1.883168914502312771e-20 1.171101248035318457e-23 4.291470346764368897e-27 9.265056513294177256e-31 1.177172759308944995e-34 4.339231131371160001e-31 2.104444583525483183e-27 6.012992853573104639e-24 1.012396045226453927e-20 1.004251030379191544e-17 5.869942983153511248e-15 2.021575181559986945e-12 4.101903261499728615e-10 4.904286399209922820e-08 3.454689704085467383e-06 1.433939905837178230e-04 3.506853710860013962e-03 5.053082108497619629e-02
1.924191974103450775e-02 2.003043591976165771e-01 1.228622794151306152e+00 4.440125465393066406e+00 9.454581260681152344e+00 1.186203956604003906e+01 8.768817901611328125e+00 3.819381713867187500e+00 9.802015423774719238e-01 1.482127755880355835e-01 1.320513803511857986e-02 6.932186661288142204e-04 2.144213794963434339e-05 3.907431107563752448e-07 4.195888525515556466e-09 2.654768765930626273e-11 9.896268781664149805e-14 2.173595995193187687e-16 2.813106329455424410e-19 2.144990803862239353e-22 9.637652962338679312e-26 2.551197846233688688e-29 3.978926052652560770e-33 1.431192143180173217e-32 8.510605581490096882e-29 2.981578430854303338e-25 6.155170895351770457e-22 7.486250275376683118e-19 5.365273976915821072e-16 2.265598055299286595e-13 5.636527355967757558e-11 8.262954764859387069e-09 7.136774229365983047e-07 3.632091102190315723e-05 1.089122612029314041e-03 1.924191974103450775e-02
6.773195229470729828e-03 8.645642548799514771e-02 6.501928567886352539e-01 2.881093978881835938e+00 7.522290229797363281e+00 1.157177925109863281e+01 1.048867225646972656e+01 5.601585388183593750e+00 1.762613773345947266e+00 3.268003463745117188e-01 3.570080548524856567e-02 2.297802595421671867e-03 8.714522118680179119e-05 1.947351620401605032e-06 2.563986711834331800e-08 1.988858244761360083e-10 9.090965827351915607e-13 2.448235866898333495e-15 3.885047720708938160e-18 3.632228021799554840e-21 2.001035616236291640e-24 6.494790440297742820e-28 1.242034736693239161e-31 4.362012957594324736e-34 3.181429381121968907e-30 1.366607378839721305e-26 3.459195459072484083e-23 5.158620124837751993e-20 4.533134052631068473e-17 2.347057146074096878e-14 7.159591496053163695e-12 1.286911466280571403e-09 1.362859336495603202e-07 8.504399374942295253e-06 3.126679803244769573e-04 6.773424334824085236e-03
2.204178832471370697e-03 3.449733182787895203e-02 3.180997967720031738e-01 1.728269577026367188e+00 5.532725811004638672e+00 1.043571472167968750e+01 1.159779357910156250e+01 7.594494342803955078e+00 2.930083274841308594e+00 6.660985946655273438e-01 8.922100067138671875e-02 7.041037082672119141e-03 3.274161717854440212e-04 8.970853741629980505e-06 1.448232040957009303e-07 1.377406078084675300e-09 7.719718961296528903e-12 2.549058410368249677e-14 4.959698852251599060e-17 5.685468259078967802e-20 3.840434895170246314e-23 1.528345897048592515e-26 3.583669253962049693e-30 4.950054465770654851e-34 1.099525207213955204e-31 5.791104749832228714e-28 1.797319387211112330e-24 3.286380293789117753e-21 3.540912875336358121e-18 2.247904739817929362e-15 8.407672886893979847e-13 1.852978187555365253e-10 2.406052956871462811e-08 1.840904587879776955e-06 8.298580360133200884e-05 2.204254735261201859e-03
6.631034193560481071e-04 1.272410713136196136e-02 1.438685655593872070e-01 9.584003090858459473e-01 3.761821269989013672e+00 8.700007438659667969e+00 1.185527706146240234e+01 9.518491744995117188e+00 4.502925872802734375e+00 1.255092382431030273e+00 2.061281055212020874e-01 1.994660682976245880e-02 1.137288869358599186e-03 3.820371057372540236e-05 7.562099426650092937e-07 8.819608154908564757e-09 6.059997642582359845e-11 2.453656581299229478e-13 5.853639292984760475e-16 8.227591253837786037e-19 6.814322368044294922e-22 3.325099744946371244e-25 9.559683094469021471e-29 1.619552623271967304e-32 3.512466751701245273e-33 2.268390381154667438e-29 8.632151747318929343e-26 1.935296429125114171e-22 2.556715494740019334e-19 1.990119659092841656e-16 9.126647191898956679e-14 2.466285335678275459e-11 3.926574621004874643e-09 3.683638283291656990e-07 2.036129080806858838e-05 6.631034193560481071e-04
1.844149956014007330e-04 4.338857717812061310e-03 6.015194952487945557e-02 4.913188219070434570e-01 2.364545345306396484e+00 6.705050468444824219e+00 1.120286941528320312e+01 1.102855491638183594e+01 6.397027969360351562e+00 2.186221599578857422e+00 4.402390718460083008e-01 5.223399773240089417e-02 3.651642706245183945e-03 1.504034735262393951e-04 3.650292001111665741e-06 5.219958865154694649e-08 4.397703867731195260e-10 2.183239700137562522e-12 6.386266739228946970e-15 1.100596147763754145e-17 1.117661886757215826e-20 6.686876492997248753e-24 2.357216533157491411e-27 4.896516075977354667e-31 1.036254749079983603e-34 8.214775820721479814e-31 3.832947256720589050e-27 1.053643645780254860e-23 1.706716264884406767e-20 1.628903914574123370e-17 9.159287437114811692e-15 3.034772953769415693e-12 5.924206125662578870e-10 6.814357789153291378e-08 4.618355887942016125e-06 1.844149956014007330e-04
4.741257725981995463e-05 1.367746037431061268e-03 2.324953675270080566e-02 2.328420430421829224e-01 1.373974323272705078e+00 4.777116775512695312e+00 9.786514282226562500e+00 1.181273269653320312e+01 8.401231765747070312e+00 3.520414829254150391e+00 8.692032098770141602e-01 1.264500021934509277e-01 1.083893608301877975e-02 5.473830970004200935e-04 1.628898462513461709e-05 2.856061200873227790e-07 2.950256927647387784e-09 1.795840559593031571e-11 6.440876477997736771e-14 1.361016510115150039e-16 1.694643628467680683e-19 1.243154919593991828e-22 5.373255181690968462e-26 1.368540992040880430e-29 2.053386592794988696e-33 2.750130159454984384e-32 1.573361866159795481e-28 5.303024744191888393e-25 1.053230938998192194e-21 1.232509866051974425e-18 8.497459937843558631e-16 3.452141458977486810e-13 8.262757839050394182e-11 1.165350216325578003e-08 9.683941470939316787e-07 4.741257725981995463e-05
1.126865026890300214e-05 3.985811490565538406e-04 8.307309821248054504e-03 1.020094901323318481e-01 7.380582094192504883e-01 3.146378278732299805e+00 7.903295993804931641e+00 1.169670391082763672e+01 1.019973564147949219e+01 5.240526199340820312e+00 1.586483001708984375e+00 2.829867005348205566e-01 2.974175289273262024e-02 1.841646619141101837e-03 6.719576049363240600e-05 1.444600570721377153e-06 1.829685025711569324e-08 1.365581259182846452e-10 6.005210434825714039e-13 1.555884645262678358e-15 2.375344461511615705e-18 2.136515231809446868e-21 1.132284794991284916e-24 3.535982100064444944e-28 6.505525455317926710e-32 8.510209921258806433e-34 5.970415929521350300e-30 2.467357847412273063e-26 6.008526323127743270e-23 8.621218848500039666e-20 7.287886698299271093e-17 3.630204996199828948e-14 1.065373310404904572e-11 1.842329622192551142e-09 1.877142494777217507e-07 1.126865026890300214e-05
2.475655946909682825e-06 1.073676539817824960e-04 2.743833698332309723e-03 4.131196811795234680e-02 3.664919734001159668e-01 1.915680408477783203e+00 5.900120258331298828e+00 1.070667266845703125e+01 1.144770431518554688e+01 7.211820602416992188e+00 2.676971435546875000e+00 5.854809284210205078e-01 7.544872164726257324e-02 5.728385411202907562e-03 2.562750014476478100e-04 6.755392860213760287e-06 1.049104412231827155e-07 9.600596984071785300e-10 5.176639499004931366e-12 1.644509046083361681e-14 3.078384413351614528e-17 3.395051671829090278e-20 2.206124936553098643e-23 8.447412232970230253e-27 1.905640535733850908e-30 2.531646112154132957e-34 2.093964040650839879e-31 1.061042954611537912e-27 3.168213898432991266e-24 5.573797422355888563e-21 5.777254391196959705e-18 3.528540417277047266e-15 1.269703526346477318e-12 2.692203682208571536e-10 3.363387790500382835e-08 2.475655946909682825e-06
5.028382474847603589e-07 2.673897506610956043e-05 8.378464845009148121e-04 1.546734105795621872e-02 1.682430505752563477e-01 1.078272700309753418e+00 4.071941375732421875e+00 9.059995651245117188e+00 1.187749481201171875e+01 9.174587249755859375e+00 4.175594329833984375e+00 1.119747400283813477e+00 1.769262701272964478e-01 1.647052727639675140e-02 9.034716058522462845e-04 2.920059887401293963e-05 5.560267481996561401e-07 6.238907168665264180e-09 4.124684968576097788e-11 1.606620381438411682e-13 3.687509231477129404e-16 4.986404998713332973e-19 3.972894864794185861e-22 1.865226358173380350e-25 5.159228079566921842e-29 8.408898838607233688e-33 6.790538460480587890e-33 4.219005631677532876e-29 1.544599266665023496e-25 3.331897542776821167e-22 4.234425443599032427e-19 3.171031950680003840e-16 1.399078064772546481e-13 3.637293244374006917e-11 5.571631156442435895e-09 5.028382474847603589e-07
9.160125102880556369e-08 5.993994818709325045e-06 2.311188436578959227e-04 5.250304937362670898e-03 7.027550041675567627e-02 5.542345046997070312e-01 2.575528144836425781e+00 7.051653861999511719e+00 1.137589740753173828e+01 1.081302833557128906e+01 6.055875778198242188e+00 1.998374223709106445e+00 3.885499238967895508e-01 4.451044648885726929e-02 3.004463389515876770e-03 1.194928263430483639e-04 2.799924232022021897e-06 3.865958575488548377e-08 3.145122495773478022e-10 1.507606214347367857e-12 4.257710212228569407e-15 7.084841651186084581e-18 6.946210419822836477e-21 4.013026538293840081e-24 1.365903220333454444e-27 2.739558938758039552e-31 1.910439706867156883e-34 1.461808099258851090e-30 6.585655815073932608e-27 1.748126810022435255e-23 2.733844849184827607e-20 2.519299158463556015e-17 1.367789311446012540e-14 4.375786191723740615e-12 8.248166594171379984e-10 9.160125102880556369e-08
1.538297311753922259e-08 1.238661184288503136e-06 5.877199146198108792e-05 1.642925431951880455e-03 2.706046402454376221e-02 2.626170814037322998e-01 1.501743316650390625e+00 5.059623718261718750e+00 1.004409599304199219e+01 1.174823379516601562e+01 8.096551895141601562e+00 3.287743330001831055e+00 7.866215705871582031e-01 1.108871102333068848e-01 9.210521355271339417e-03 4.507725243456661701e-04 1.299755058425944299e-05 2.208353322430411936e-07 2.210786664846864369e-09 1.304053393047510667e-11 4.531947801517284546e-14 9.279767391829013643e-17 1.119578619332866045e-19 7.959304242181128425e-23 3.333683044633241616e-26 8.227858602648391545e-30 1.196216295846368961e-33 4.669191690350365611e-32 2.588479937911826037e-28 8.455094998629984263e-25 1.627112126660647006e-21 1.845113210263846297e-18 1.232704412314601997e-15 4.852844471756045941e-13 1.125636667209661823e-10 1.538297311753922259e-08
2.381451924549082833e-09 2.359674340368655976e-07 1.377751868858467788e-05 4.739320720545947552e-04 9.605751372873783112e-03 1.147140860557556152e-01 8.072155714035034180e-01 3.346647262573242188e+00 8.175239562988281250e+00 1.176690483093261719e+01 9.979018211364746094e+00 4.986357688903808594e+00 1.468079090118408203e+00 2.546622753143310547e-01 2.602950111031532288e-02 1.567605417221784592e-03 5.562118167290464044e-05 1.162910962193564046e-06 1.432590579497627914e-08 1.039845154426899398e-10 4.446600422938762343e-13 1.120494781418272627e-15 1.663509842680891836e-18 1.455271614802899340e-21 7.500548651409271822e-25 2.277972845592966130e-28 4.075989927277818737e-32 1.374689950092786029e-33 9.379105796397397564e-30 3.769899705912337395e-26 8.927438521279046489e-23 1.245748995153462202e-19 1.024152102562155833e-16 4.961372160544944010e-14 1.416125116476818491e-11 2.381451924549082833e-09
3.398658299236245739e-10 4.143963039382470015e-08 2.977384156110929325e-06 1.260312274098396301e-04 3.143340349197387695e-03 4.619283229112625122e-02 3.999887704849243164e-01 2.040637969970703125e+00 6.134152412414550781e+00 1.086466598510742188e+01 1.133808708190917969e+01 6.971617221832275391e+00 2.525790452957153320e+00 5.391535758972167969e-01 6.781273335218429565e-02 5.025510676205158234e-03 2.194243279518559575e-04 5.645316377922426909e-06 8.557803710118605522e-08 7.643757848896370888e-10 4.022200107700601990e-12 1.247221455887709274e-14 2.278559656272450542e-17 2.452885199312949072e-20 1.555694289613356254e-23 5.814061256990341249e-27 1.280148330757351567e-30 1.659329662330664206e-34 3.132807643387776793e-31 1.549555277598354725e-27 4.515462698451322984e-24 7.753580702940072696e-21 7.843971769105599775e-18 4.675947976528430777e-15 1.642366581275367388e-12 3.398658299236245739e-10
4.547003051857956279e-11 6.810834118908815071e-09 6.011576942910323851e-07 3.126067895209416747e-05 9.578091558068990707e-04 1.729137450456619263e-02 1.839383095502853394e-01 1.152809739112854004e+00 4.257094383239746094e+00 9.262847900390625000e+00 1.187504482269287109e+01 8.970075607299804688e+00 3.992336750030517578e+00 1.046916484832763672e+00 1.617625355720520020e-01 1.472698990255594254e-02 7.899284246377646923e-04 2.496657180017791688e-05 4.649429001801763661e-07 5.101653322014954028e-09 3.297913331312685159e-11 1.256275628230135721e-13 2.819481249136151146e-16 3.728666020580914635e-19 2.905146764681813816e-22 1.333800348609930485e-25 3.607771138741479160e-29 5.750273714460865600e-33 9.925909563173920386e-33 6.031424575334676964e-29 2.159124377022520508e-25 4.554580449029496637e-22 5.660433120852167574e-19 4.145266747299238648e-16 1.788629601416971693e-13 4.547003051857956279e-11
6.831574368704185218e-12 1.233472324280171506e-09 1.312362627459151554e-07 8.226170393754728138e-06 3.038164577446877956e-04 6.611427292227745056e-03 8.477599918842315674e-02 6.404597759246826172e-01 2.850893020629882812e+00 7.477345943450927734e+00 1.155503940582275391e+01 1.052120971679687500e+01 5.644561767578125000e+00 1.784227609634399414e+00 3.323147594928741455e-01 3.646862506866455078e-02 2.357915509492158890e-03 8.983239240478724241e-05 2.016544385696761310e-06 2.667182741333817830e-08 2.078326954979559105e-10 9.543200648123861818e-13 2.581732282792110686e-15 4.115560623550928041e-18 3.865291813941339011e-21 2.139129859214982167e-24 6.974542478339519852e-28 1.340011955735406661e-31 4.031575067093448658e-34 2.953969907684183353e-30 1.274693142615818229e-26 3.241245181645677880e-23 4.855624512694431513e-20 4.286273579343193106e-17 2.229366322624437569e-14 6.831574368704185218e-12
9.608679954128951373e-13 2.091250783653464396e-10 2.682032729239836044e-08 2.026480615313630551e-06 9.021718869917094707e-05 2.366500906646251678e-03 3.657799214124679565e-02 3.330981135368347168e-01 1.787288188934326172e+00 5.650624275207519531e+00 1.052576923370361328e+01 1.155264663696289062e+01 7.471011161804199219e+00 2.846654415130615234e+00 6.390979886054992676e-01 8.454165607690811157e-02 6.588921882212162018e-03 3.025884507223963737e-04 8.187671483028680086e-06 1.305384955685440218e-07 1.226133194975886909e-09 6.786574774375608854e-12 2.213114470872058759e-14 4.252592439161258925e-17 4.814365325351654694e-20 3.211644280582526721e-23 1.262242929971728055e-26 2.923299097161624359e-30 3.987068371412920587e-34 1.354401534732127529e-31 7.044920773332290418e-28 2.159323317882055932e-24 3.899264784089616754e-21 4.149122236134348310e-18 2.601306367170210312e-15 9.608679954128951373e-13
1.265177470167327956e-13 3.319153979441935576e-11 5.131251867851460702e-09 4.673398734666989185e-07 2.507920726202428341e-05 7.929839193820953369e-04 1.477449759840965271e-02 1.621804833412170410e-01 1.048949241638183594e+00 3.997529506683349609e+00 8.975992202758789062e+00 1.187527084350585938e+01 9.257095336914062500e+00 4.251727581024169922e+00 1.150619268417358398e+00 1.834711730480194092e-01 1.723643019795417786e-02 9.541541803628206253e-04 3.112148260697722435e-05 5.980982678011059761e-07 6.771818661377437820e-09 4.518059537605978448e-11 1.775980350195854873e-13 4.113603861637484850e-16 5.613598154569415147e-19 4.514020124291163424e-22 2.138533381763021929e-25 5.970031947238688095e-29 9.818581051472091425e-33 5.813353680061866604e-33 3.645010799775529228e-29 1.346704387386116067e-25 2.931373802316643333e-22 3.759917938098933712e-19 2.841486371012429818e-16 1.265177470167327956e-13
1.559509967452750445e-14 4.931696110516137210e-12 9.190250227497642754e-10 1.008954129133599054e-07 6.526560810016235337e-06 2.487530000507831573e-04 5.586658138781785965e-03 7.392157614231109619e-02 5.763158798217773438e-01 2.647481918334960938e+00 7.165678977966308594e+00 1.142751502990722656e+01 1.073782825469970703e+01 5.944870948791503906e+00 1.939286351203918457e+00 3.727448284626007080e-01 4.221108555793762207e-02 2.816640539094805717e-03 1.107403804780915380e-04 2.565376234997529536e-06 3.501213541312608868e-08 2.815781774412329241e-10 1.334284679271879881e-12 3.725118764884641220e-15 6.127633209423396273e-18 5.939481127247867651e-21 3.391821846828997304e-24 1.141368099988085236e-27 2.262802880347016843e-31 2.334540505105198000e-34 1.765484181375704055e-30 7.862659842511422193e-27 2.063020835180575775e-23 3.189659494557905721e-20 2.905685645062793410e-17 1.559509967452750445e-14
1.799577824132753481e-15 6.859813281648308170e-13 1.540906430230748470e-10 2.039169011425201461e-08 1.590014335306477733e-06 7.304972677957266569e-05 1.977598760277032852e-03 3.154209256172180176e-02 2.964236736297607422e-01 1.641424179077148438e+00 5.355234146118164062e+00 1.029452133178710938e+01 1.166015243530273438e+01 7.781539916992187500e+00 3.059838771820068359e+00 7.089272737503051758e-01 9.677248448133468628e-02 7.783771026879549026e-03 3.688910219352692366e-04 1.030094063025899231e-05 1.694653803951950977e-07 1.642835867343706013e-09 9.383771537585516853e-12 3.157912977337987148e-14 6.261638784762701905e-17 7.316037701816466694e-20 5.036115155746078969e-23 2.042782123014635940e-26 4.881768982128774709e-30 6.872666393681702482e-34 8.005295791988278328e-32 4.297513337150872727e-28 1.359200141340043199e-24 2.533132179657284711e-21 2.781627661051989234e-18 1.799577824132753481e-15
1.944003876721867334e-16 8.932486911597536938e-14 2.418651910696123508e-11 3.858193764472162002e-09 3.626307716331211850e-07 2.008239243878051639e-05 6.553450366482138634e-04 1.259956322610378265e-02 1.427288353443145752e-01 9.526968002319335938e-01 3.746672630310058594e+00 8.681741714477539062e+00 1.185327339172363281e+01 9.535314559936523438e+00 4.519612789154052734e+00 1.262228488922119141e+00 2.076937556266784668e-01 2.013700082898139954e-02 1.150368014350533485e-03 3.872119850711897016e-05 7.678681299694289919e-07 8.972913079219324572e-09 6.178034472892335316e-11 2.506152837339348238e-13 5.990077771941707072e-16 8.436337519245902410e-19 7.000150229410501524e-22 3.422688987974163970e-25 9.859452886606679489e-29 1.673412011185118284e-32 3.397912623161705564e-33 2.198917875088866494e-29 8.383212513832048378e-26 1.883289164672172317e-22 2.492816309408180792e-19 1.944003876721867334e-16
1.966243057624274010e-17 1.089033394306758787e-14 3.554450570680822707e-12 6.834566246283202418e-10 7.743182806052573142e-08 5.168905772734433413e-06 2.033211058005690575e-04 4.711904563009738922e-03 6.433992832899093628e-02 5.176708698272705078e-01 2.453989028930664062e+00 6.854277610778808594e+00 1.128030967712402344e+01 1.093824195861816406e+01 6.249449253082275391e+00 2.103808879852294922e+00 4.172741770744323730e-01 4.876642674207687378e-02 3.358075395226478577e-03 1.362480688840150833e-04 3.256861418776679784e-06 4.587483104501188791e-08 3.807318904591738828e-10 1.861552578752423415e-12 5.363598122229678439e-15 9.105519810561248236e-18 9.107349017088332688e-21 5.367585909536081220e-24 1.863766510979254603e-27 3.813061052033490956e-31 1.349313690287921424e-34 1.053495152404682037e-30 4.841347227418235135e-27 1.311005729576264901e-23 2.091718433709263699e-20 1.966243057624274010e-17
1.861486836899027203e-18 1.242789821859322137e-15 4.889497010399090904e-13 1.133277777176644463e-10 1.547668126988810400e-08 1.245346084033371881e-06 5.904845966142602265e-05 1.649512792937457561e-03 2.715022489428520203e-02 2.633187770843505859e-01 1.504645466804504395e+00 5.065900802612304688e+00 1.004961585998535156e+01 1.174657440185546875e+01 8.089821815490722656e+00 3.282742500305175781e+00 7.848511934280395508e-01 1.105656772851943970e-01 9.177474305033683777e-03 4.488451522774994373e-04 1.293304558203089982e-05 2.195878607835766161e-07 2.196777204588329369e-09 1.294734805479258455e-11 4.496697339571170682e-14 9.201899255941231788e-17 1.109417480989476369e-19 7.881624793299653304e-23 3.298869010512124634e-26 8.135413965317804224e-30 1.182090527169331385e-33 4.724122541364291106e-32 2.616874645305656200e-28 8.541946612142554610e-25 1.642835222596081839e-21 1.861486836899027203e-18
1.649795446618704060e-19 1.327699527926086203e-16 6.296500050951420180e-14 1.759158617387068801e-11 2.895881978659531342e-09 2.808834267398196971e-07 1.605393845238722861e-05 5.405829870142042637e-04 1.072538550943136215e-02 1.253881603479385376e-01 8.636589050292968750e-01 3.505081176757812500e+00 8.381547927856445312e+00 1.180922222137451172e+01 9.803526878356933594e+00 4.795275688171386719e+00 1.381972551345825195e+00 2.346744537353515625e-01 2.348022162914276123e-02 1.384231727570295334e-03 4.807821824215352535e-05 9.839893664320698008e-07 1.186592868407387869e-08 8.430034448281276127e-11 3.529196520527660974e-13 8.705476936008229878e-16 1.265154962516685939e-18 1.083423132330573572e-21 5.466208018007841132e-25 1.624916482987989777e-28 2.846342021081086972e-32 1.982981093336457049e-33 1.324190587003565020e-29 5.210242006007704004e-26 1.207898516929130191e-22 1.649795446618704060e-19
1.368808299453806673e-20 1.327840611851363248e-17 7.590739966928036764e-15 2.556363974670627925e-12 5.072608999512340233e-10 5.930758106842404231e-08 4.086016815563198179e-06 1.658495748415589333e-04 3.966418094933032990e-03 5.589554086327552795e-02 4.640835523605346680e-01 2.270312070846557617e+00 6.544025421142578125e+00 1.111418151855468750e+01 1.112171936035156250e+01 6.557474136352539062e+00 2.278021574020385742e+00 4.662913680076599121e-01 5.623766779899597168e-02 3.996385261416435242e-03 1.673176302574574947e-04 4.127779902773909271e-06 6.000141183903906494e-08 5.138378056379622194e-10 2.593022584845838807e-12 7.710041169417015949e-15 1.350650944423125539e-17 1.394219707924090495e-20 8.479095894456107242e-24 3.038305865364493395e-27 6.415464955629677153e-31 7.965185307426581376e-35 6.272830471100900787e-31 2.975110133506320586e-27 8.313986518132444250e-24 1.368808299453806673e-20
1.063173464168559189e-21 1.243200451686186324e-18 8.566654059304762425e-16 3.477630781002077898e-13 8.318134375739916209e-11 1.172298880192101933e-08 9.735648518471862189e-07 4.763347533298656344e-05 1.373187173157930374e-03 2.332619391381740570e-02 2.334513813257217407e-01 1.376636028289794922e+00 4.783129692077636719e+00 9.792190551757812500e+00 1.181157112121582031e+01 8.394711494445800781e+00 3.515299797058105469e+00 8.673518896102905273e-01 1.260951459407806396e-01 1.080118771642446518e-02 5.451070028357207775e-04 1.621025876374915242e-05 2.840334332177008037e-07 2.932025289226203313e-09 1.783531308752195343e-11 6.392413996140350330e-14 1.349848116007806072e-16 1.679602770745081701e-19 1.231285529087419231e-22 5.318379428673949625e-26 1.353649641525567561e-29 2.029619199047315938e-33 2.781783283586751531e-32 1.590366744233141056e-28 5.357189906096626116e-25 1.063173464168559189e-21
7.730535210755759178e-23 1.089633130194797906e-19 9.050843502943738128e-17 4.428873717418624345e-14 1.276936889560431609e-11 2.169279644803623341e-09 2.171583588506109663e-07 1.280726246477570385e-05 4.450485575944185257e-04 9.112908504903316498e-03 1.099367812275886536e-01 7.814465761184692383e-01 3.272844791412353516e+00 8.076599121093750000e+00 1.174328804016113281e+01 1.006053733825683594e+01 5.078239440917968750e+00 1.510356187820434570e+00 2.646768391132354736e-01 2.732893824577331543e-02 1.662524649873375893e-03 5.959501868346706033e-05 1.258697466255398467e-06 1.566228036153916037e-08 1.148422468233434302e-10 4.961563386703116141e-13 1.262919665729938992e-15 1.894222923231119550e-18 1.673851062444160855e-21 8.715039458042280547e-25 2.673807301132930328e-28 4.832980371216539863e-32 1.154675427514263216e-33 7.958607577891979762e-30 3.231536342614809155e-26 7.730535210755759178e-23
5.262160566010082150e-24 8.940601037825006335e-21 8.951809800414194422e-18 5.280200952308914536e-15 1.835095226818128644e-12 3.757833488826634039e-10 4.534538788902864326e-08 3.223642579541774467e-06 1.350303064100444317e-04 3.332857973873615265e-03 4.846587404608726501e-02 4.152649641036987305e-01 2.096452474594116211e+00 6.236247539520263672e+00 1.092994594573974609e+01 1.128711128234863281e+01 6.867680549621582031e+00 2.462122917175292969e+00 5.200914740562438965e-01 6.473211944103240967e-02 4.746797494590282440e-03 2.051048795692622662e-04 5.221811989031266421e-06 7.832335313651128672e-08 6.922625805927395959e-10 3.605133335957133589e-12 1.106141003445748616e-14 1.999859677718429055e-17 2.130201396121159419e-20 1.336919336996232006e-23 4.944240419883112088e-27 1.077260826991866717e-30 1.381754579305731819e-34 3.728400068096308494e-31 1.824860992765682490e-27 5.262160566010082150e-24
3.353237180840440327e-25 6.867531730299048763e-22 8.288516207879613599e-19 5.893185143709695623e-16 2.468838393270000875e-13 6.094041243853709489e-11 8.864146749942847237e-09 7.595998567921924405e-07 3.835327515844255686e-05 1.141096698120236397e-03 2.000206708908081055e-02 2.065845578908920288e-01 1.257160902023315430e+00 4.507798671722412109e+00 9.523410797119140625e+00 1.185470390319824219e+01 8.694671630859375000e+00 3.757391452789306641e+00 9.567307829856872559e-01 1.435368508100509644e-01 1.268759928643703461e-02 6.608276162296533585e-04 2.027995105891022831e-05 3.666660859380499460e-07 3.906473367010221409e-09 2.452268596520035260e-11 9.069657459954971745e-14 1.976576793406327470e-16 2.537883694119483968e-19 1.919957439030762312e-22 8.558901698186082970e-26 2.247871704083098114e-29 3.478730063832645622e-33 1.635109409384337162e-32 9.647091424995036170e-29 3.353237180840440327e-25
2.000361435985167133e-26 4.938313442894226279e-23 7.184445544821497575e-20 6.157416012814490545e-17 3.109381038778925854e-14 9.251673212251620981e-12 1.622129985889841919e-09 1.675584542226715712e-07 1.019808223645668477e-05 3.657411434687674046e-04 7.727870717644691467e-03 9.620913863182067871e-02 7.057367563247680664e-01 3.050364494323730469e+00 7.768070220947265625e+00 1.165587234497070312e+01 1.030487251281738281e+01 5.367958068847656250e+00 1.647577285766601562e+00 2.979564368724822998e-01 3.174709528684616089e-02 1.993177458643913269e-03 7.373234984697774053e-05 1.606933665243559517e-06 2.063697834842059819e-08 1.561576284947463478e-10 6.962274181655792038e-13 1.828845141800994507e-15 2.830513414868413755e-18 2.581192665716322733e-21 1.387012911667807260e-24 4.391042754522636159e-28 8.191508790837913948e-32 6.712232536958576575e-34 4.774324660723502736e-30 2.000361435985167133e-26
6.622716870179765065e-27 1.757165578274457608e-23 2.747446800382496455e-20 2.530693902273718993e-17 1.373477815313182970e-14 4.392099964972695503e-12 8.276468399515124474e-10 9.188210725596945849e-08 6.010176093695918098e-06 2.316583559149876237e-04 5.260646808892488480e-03 7.038828730583190918e-02 5.549219250679016113e-01 2.577783584594726562e+00 7.055258750915527344e+00 1.137757110595703125e+01 1.081068134307861328e+01 6.052357673645019531e+00 1.996486186981201172e+00 3.880416154861450195e-01 4.443605989217758179e-02 2.998349256813526154e-03 1.192063355119898915e-04 2.792188752209767699e-06 3.853862295954968431e-08 3.134145443173252943e-10 1.501797167527407773e-12 4.239767513306881563e-15 7.052431060425031850e-18 6.911924429667367036e-21 3.991758453858628992e-24 1.358182263482903234e-27 2.723075451674198943e-31 1.922576112067546014e-34 1.470723612652775713e-30 6.622716870179765065e-27
2.481969800863141246e-27 7.016774179256149785e-24 1.169009607957585187e-20 1.147345666289229844e-17 6.634969588586439246e-15 2.260755818661586147e-12 4.539336961872919574e-10 5.369605915461761469e-08 3.742508852155879140e-06 1.537052739877253771e-04 3.719153115525841713e-03 5.302364006638526917e-02 4.454155564308166504e-01 2.204677104949951172e+00 6.429476261138916016e+00 1.104781723022460938e+01 1.118523216247558594e+01 6.672380924224853516e+00 2.345238208770751953e+00 4.856945276260375977e-01 5.926324427127838135e-02 4.260852932929992676e-03 1.805003848858177662e-04 4.504930984694510698e-06 6.625280946082057199e-08 5.741039310613871294e-10 2.931215383264462737e-12 8.817443574327815670e-15 1.562807220547461141e-17 1.632036072737646623e-20 1.004290062080822176e-23 3.640956693168469792e-27 7.778246119391076440e-31 9.776249020340584586e-35 5.172817903929094662e-31 2.481969800863141246e-27
9.693613707249168142e-28 2.910923364321084771e-24 5.151361776521312564e-21 5.370367143014269327e-18 3.298800306267973825e-15 1.193925600745382454e-12 2.546366173472591754e-10 3.199464870817791962e-08 2.368669356656027958e-06 1.033328662742860615e-04 2.655828138813376427e-03 4.021907597780227661e-02 3.588676452636718750e-01 1.886779546737670898e+00 5.844648361206054688e+00 1.066757869720458984e+01 1.147206115722656250e+01 7.269152641296386719e+00 2.713916301727294922e+00 5.970065593719482422e-01 7.737636566162109375e-02 5.909164436161518097e-03 2.658974844962358475e-04 7.049078703857958317e-06 1.101172841799780144e-07 1.013557127116371248e-09 5.496815676242494675e-12 1.756356358636503023e-14 3.306595272548869334e-17 3.667847436795982564e-20 2.397440745464746779e-23 9.232371974495891273e-27 2.095013427967705951e-30 2.799324772524339816e-34 1.901985359559856021e-31 9.693613707249168142e-28
3.555974938075885791e-28 1.138274024198949143e-24 2.147259694043399818e-21 2.386215475916940733e-18 1.562445233076518135e-15 6.027977596245737146e-13 1.370437235914678809e-10 1.835525864635201287e-08 1.448547891413909383e-06 6.736136856488883495e-05 1.845512771978974342e-03 2.979156188666820526e-02 2.833608090877532959e-01 1.588076829910278320e+00 5.243884086608886719e+00 1.020245552062988281e+01 1.169567584991455078e+01 7.899724006652832031e+00 3.143899917602539062e+00 7.372177839279174805e-01 1.018519997596740723e-01 8.291468024253845215e-03 3.977074229624122381e-04 1.123897527577355504e-05 1.871522101737355115e-07 1.836249707842796397e-09 1.061547551250985322e-11 3.615650937286926658e-14 7.256013113191887788e-17 8.579717646204605730e-20 5.977957647506066975e-23 2.453925641608138725e-26 5.935807495042180840e-30 8.457846239704481424e-34 6.545453471932307350e-32 3.555974938075885791e-28
7.407128973525739575e-29 2.617708203193026551e-25 5.451784646933265722e-22 6.688728740674627096e-19 4.835246286544994838e-16 2.059512635302698791e-13 5.169311506625362540e-11 7.643879307295264880e-09 6.659847713308408856e-07 3.419193672016263008e-05 1.034211367368698120e-03 1.843169704079627991e-02 1.935492306947708130e-01 1.197578191757202148e+00 4.365810394287109375e+00 9.377693176269531250e+00 1.186853885650634766e+01 8.850410461425781250e+00 3.888659477233886719e+00 1.006714820861816406e+00 1.535540819168090820e-01 1.380075607448816299e-02 7.308272179216146469e-04 2.280123590026050806e-05 4.191845732748333830e-07 4.540689602094971633e-09 2.898072927470796145e-11 1.089773684162000100e-13 2.414502091559661339e-16 3.151984131842500251e-19 2.424620159093231520e-22 1.098838004730335678e-25 2.934484687630037757e-29 4.616751858802626396e-33 1.234937336901844354e-32 7.407128973525739575e-29
9.248502167410869080e-30 3.720270186063829388e-26 8.819191027864619249e-23 1.231597227342387013e-19 1.013398953122313486e-16 4.913156334681798021e-14 1.403677001021730320e-11 2.362563256141925194e-09 2.342986533676594263e-07 1.369197161693591624e-05 4.713974194601178169e-04 9.562658146023750305e-03 1.142984330654144287e-01 8.049880266189575195e-01 3.340305328369140625e+00 8.166819572448730469e+00 1.176497650146484375e+01 9.986027717590332031e+00 4.994186401367187500e+00 1.471658110618591309e+00 2.555045187473297119e-01 2.613817900419235229e-02 1.575515605509281158e-03 5.595040420303121209e-05 1.170809809991624206e-06 1.443573083292903902e-08 1.048724579399973322e-10 4.488430026955425589e-13 1.132013370709747044e-15 1.682072396012041192e-18 1.472785286153666551e-21 7.597392174362597810e-25 2.309384040762192802e-28 4.135757643671790240e-32 1.354534446409007066e-33 9.248502167410869080e-30
1.118713835937456127e-30 5.122247191295024504e-27 1.382143943831647392e-23 2.196991060705987947e-20 2.057666863954452373e-17 1.135512887331328186e-14 3.692640811181480132e-12 7.074379415605847043e-10 7.985656935716178850e-08 5.311803761287592351e-06 2.081607963191345334e-04 4.806466866284608841e-03 6.539177894592285156e-02 5.242149829864501953e-01 2.475948572158813477e+00 6.890392303466796875e+00 1.129845237731933594e+01 1.091581630706787109e+01 6.213892936706542969e+00 2.084209918975830078e+00 4.118792414665222168e-01 4.796037077903747559e-02 3.290524706244468689e-03 1.330095255980268121e-04 3.168112925777677447e-06 4.446188128781614068e-08 3.676592641443932052e-10 1.791091580605197464e-12 5.141758499277882671e-15 8.696406205759871385e-18 8.667017512571628002e-21 5.088988242374155196e-24 1.760772207192297320e-27 3.589151947693380973e-31 1.438234213003487797e-34 1.118713835937456127e-30
1.310739442762924810e-31 6.831245586757331956e-28 2.098131377464062046e-24 3.796202845747554489e-21 4.047044012642241929e-18 2.542113587233711669e-15 9.409792823406037954e-13 2.051979974826423359e-10 2.636546270196049591e-08 1.996233322643092833e-06 8.904485730454325676e-05 2.340329345315694809e-03 3.624225407838821411e-02 3.307071328163146973e-01 1.777938604354858398e+00 5.631966590881347656e+00 1.051180267333984375e+01 1.155994033813476562e+01 7.490383625030517578e+00 2.859714984893798828e+00 6.432704925537109375e-01 8.526036143302917480e-02 6.658419035375118256e-03 3.063591429963707924e-04 8.305954906973056495e-06 1.326839935700263595e-07 1.248872116832444590e-09 6.925167037041823903e-12 2.262893241929478383e-14 4.356463163040767716e-17 4.942033221198398609e-20 3.303017408145552342e-23 1.300831478635052916e-26 3.018235406357762666e-30 4.124694423487728586e-34 1.310739442762924810e-31
1.488113546940422404e-32 8.827916382449369272e-29 3.086202834042470200e-25 6.355888411640715030e-22 7.712584985547091087e-19 5.514341187720737253e-16 2.323350387946343520e-13 5.766915417426687895e-11 8.434158260683943809e-09 7.268654940162377898e-07 3.690519952215254307e-05 1.104056136682629585e-03 1.946098916232585907e-02 2.021297514438629150e-01 1.236912488937377930e+00 4.459825515747070312e+00 9.474842071533203125e+00 1.186003112792968750e+01 8.747215270996093750e+00 3.801229000091552734e+00 9.732667207717895508e-01 1.468320190906524658e-01 1.305208727717399597e-02 6.835596868768334389e-04 2.109459455823525786e-05 3.835626785075874068e-07 4.109328877177631512e-09 2.593701989295205124e-11 9.646943617200309795e-14 2.113958522959380536e-16 2.729626228060807165e-19 2.076546959805857332e-22 9.308657289221091930e-26 2.458447166597876082e-29 3.825414939300816557e-33 1.488113546940422404e-32
1.636237994163721948e-33 1.104977027761656488e-29 4.397097743452693521e-26 1.030765228024779911e-22 1.423715869968480415e-19 1.158662985994057858e-16 5.556790243872386514e-14 1.569979216076156092e-11 2.613563587772205210e-09 2.563821510648267576e-07 1.481703748140716925e-05 5.045519210398197174e-04 1.012326590716838837e-02 1.196818798780441284e-01 8.336393833160400391e-01 3.421354293823242188e+00 8.273599624633789062e+00 1.178824901580810547e+01 9.896335601806640625e+00 4.895191192626953125e+00 1.426656961441040039e+00 2.449907064437866211e-01 2.478849515318870544e-02 1.477708923630416393e-03 5.190677620703354478e-05 1.074309352588898037e-06 1.310103669993623043e-08 9.412332024893999005e-11 3.984812967875589473e-13 9.939350359669161215e-16 1.460852453761778300e-18 1.264988771914983805e-21 6.454639885412322135e-25 1.940368881921550009e-28 3.436887460794363181e-32 1.636237994163721948e-33
1.742056684390965454e-34 1.340223051010927327e-30 6.070533495824500674e-27 1.619777878565528281e-23 2.546571643178962309e-20 2.358982787636286190e-17 1.287735719381240262e-14 4.141244205196903394e-12 7.847041350039773988e-10 8.761882952512678457e-08 5.763778972323052585e-06 2.234021667391061783e-04 5.101969465613365173e-03 6.865660846233367920e-02 5.443364381790161133e-01 2.542862415313720703e+00 6.999325752258300781e+00 1.135132503509521484e+01 1.084693908691406250e+01 6.107139587402343750e+00 2.025931835174560547e+00 3.959957659244537354e-01 4.560647159814834595e-02 3.094583749771118164e-03 1.237295218743383884e-04 2.914836159106926061e-06 4.046000512403225002e-08 3.308676110869157583e-10 1.594409933941554058e-12 4.526727452760061568e-15 7.572998153781191098e-18 7.464287208396722407e-21 4.335194570972933029e-24 1.483386487685031340e-27 2.990691786966583220e-31 1.742056684390965454e-34
3.408838108468629462e-34 1.574505328759755602e-31 8.117753308098394795e-28 2.465488123807382824e-24 4.412080413161981328e-21 4.652153927684995923e-18 2.890674844808907920e-15 1.058144674312422318e-12 2.282238842354900044e-10 2.900637952052420587e-08 2.171928599636885338e-06 9.582225175108760595e-05 2.490908838808536530e-03 3.815439715981483459e-02 3.443267345428466797e-01 1.830910682678222656e+00 5.736445426940917969e+00 1.058947086334228516e+01 1.151796531677246094e+01 7.381550788879394531e+00 2.787255287170410156e+00 6.201310157775878906e-01 8.129438757896423340e-02 6.278822198510169983e-03 2.857526123989373446e-04 7.662525604246184230e-06 1.210666482620581519e-07 1.126930548878135596e-09 6.181366182800296372e-12 1.997605741574631083e-14 3.803952174225158156e-17 4.267699429973831522e-20 2.821343357038671771e-23 1.098870992058423142e-26 2.521753236186269051e-30 3.408838108468629462e-34
3.170054798198313353e-33 1.792352937705132918e-32 1.051857953965512136e-28 3.636324847059658045e-25 7.406957089208583672e-22 8.889669718052526462e-19 6.287349278736524116e-16 2.619686694134426563e-13 6.431337407075687906e-11 9.304051751257702563e-09 7.929729122224671301e-07 3.982119960710406303e-05 1.178260310553014278e-03 2.054304257035255432e-02 2.110214829444885254e-01 1.277199745178222656e+00 4.554821014404296875e+00 9.570581436157226562e+00 1.184882736206054688e+01 8.643362045288085938e+00 3.714914798736572266e+00 9.407863616943359375e-01 1.403794288635253906e-01 1.234122831374406815e-02 6.393016083166003227e-04 1.951297599589452147e-05 3.509225052766851149e-07 3.718081842407627846e-09 2.321354740375536352e-11 8.538994706631941600e-14 1.850832370106262432e-16 2.363529530629791103e-19 1.778524145055497547e-22 7.884709121109931677e-26 2.059586322798895011e-29 3.170054798198313353e-33
2.855106800834405653e-32 1.976591914197753285e-33 1.320437731950994205e-29 5.195891516806085832e-26 1.204681983919745829e-22 1.645716024482139808e-19 1.324861305808294255e-16 6.283303955259555984e-14 1.755800019265230105e-11 2.891229922141747011e-09 2.804818564072775189e-07 1.603235068614594638e-05 5.399569054134190083e-04 1.071568299084901810e-02 1.252901852130889893e-01 8.631469011306762695e-01 3.503756999969482422e+00 8.379854202270507812e+00 1.180889320373535156e+01 9.805099487304687500e+00 4.796836853027343750e+00 1.382715463638305664e+00 2.348447591066360474e-01 2.350025996565818787e-02 1.385656651109457016e-03 4.814029307453893125e-05 9.854450127022573724e-07 1.188438858434892609e-08 8.445694144043613960e-11 3.536420288552388769e-13 8.724260950404778055e-16 1.268126608867282691e-18 1.086166702206510866e-21 5.480990778333617130e-25 1.629621770583370843e-28 2.855106800834405653e-32
7.927316435490604831e-32 6.942387902364849410e-34 4.928810573336817471e-30 2.061082771569390108e-26 5.078248216693933209e-23 7.372322172621871770e-20 6.307116513096377324e-17 3.178749310214085133e-14 9.439547234146861143e-12 1.651840886296440658e-09 1.702936032188517856e-07 1.034424622048391029e-05 3.702281392179429531e-04 7.807982154190540314e-03 9.701626747846603394e-02 7.102649211883544922e-01 3.063930034637451172e+00 7.787346839904785156e+00 1.166193008422851562e+01 1.029014587402343750e+01 5.349750518798828125e+00 1.638776063919067383e+00 2.957848906517028809e-01 3.145403414964675903e-02 1.970914658159017563e-03 7.276611722772940993e-05 1.582926188348210417e-06 2.028686552080216643e-08 1.532079324517710006e-10 6.817394955851985294e-13 1.787283987936304566e-15 2.760781882435040384e-18 2.512891902095486079e-21 1.347558230708404659e-24 4.257763106063692373e-28 7.927316435490604831e-32
1.361373744375159763e-31 3.965439275357790497e-34 2.908638331618168789e-30 1.256310141296642062e-26 3.197232422932863013e-23 4.794260635940068000e-20 4.236514033286698194e-17 2.205420192985790145e-14 6.764616644616694430e-12 1.222688172930475048e-09 1.301978045376017690e-07 8.168866770574823022e-06 3.019882715307176113e-04 6.578367203474044800e-03 8.442696183919906616e-02 6.384313106536865234e-01 2.844661712646484375e+00 7.467904567718505859e+00 1.155147171020507812e+01 1.052800178527832031e+01 5.653478622436523438e+00 1.788789987564086914e+00 3.334825634956359863e-01 3.662957251071929932e-02 2.370720263570547104e-03 9.040650911629199982e-05 2.031368239840958267e-06 2.689060707439239195e-08 2.097610141138517292e-10 9.640933884558222644e-13 2.610670739918580230e-15 4.165313055854154997e-18 3.916049926617194256e-21 2.169089415888692058e-24 7.079025140787499591e-28 1.361373744375159763e-31
3.962174861423999771e-31 1.295861528515383824e-34 1.014227058318853030e-30 4.671621954767187833e-27 1.267857404643391218e-23 2.027409018492387140e-20 1.910523178945967003e-17 1.060621114047123614e-14 3.469258734456470705e-12 6.687076448130824247e-10 7.593604323119507171e-08 5.080773917143233120e-06 2.003005356527864933e-04 4.653014242649078369e-03 6.368273496627807617e-02 5.135461091995239258e-01 2.440171241760253906e+00 6.831448078155517578e+00 1.126874732971191406e+01 1.095238018035888672e+01 6.271955966949462891e+00 2.116268157958984375e+00 4.207351207733154297e-01 4.928243160247802734e-02 3.401458961889147758e-03 1.383273920509964228e-04 3.314528839837294072e-06 4.679051812672696542e-08 3.892294819785035997e-10 1.907763877428969579e-12 5.509130241029228797e-15 9.373583404490695362e-18 9.397844508459299094e-21 5.551147925724221510e-24 1.931971971808767489e-27 3.962174861423999771e-31
5.027800927450071683e-31 1.007343212973895007e-34 8.001922946047463939e-31 3.739176809216285556e-27 1.029514915044440816e-23 1.670158759218684286e-20 1.596703427688659109e-17 8.992588811996323622e-15 2.984124015600886359e-12 5.835374961016270845e-10 6.722569878547801636e-08 4.563236416288418695e-06 1.825070357881486416e-04 4.301168024539947510e-03 5.972115322947502136e-02 4.885849952697753906e-01 2.355243206024169922e+00 6.689332008361816406e+00 1.119437599182128906e+01 1.103791904449462891e+01 6.412633419036865234e+00 2.195122241973876953e+00 4.427424669265747070e-01 5.261248350143432617e-02 3.683972638100385666e-03 1.519896031823009253e-04 3.694719453051220626e-06 5.291441951271735888e-08 4.465569580780481829e-10 2.220495055188509426e-12 6.505222352275446401e-15 1.122890071479099581e-17 1.142129953900019741e-20 6.844223478013536989e-24 2.416552508814117760e-27 5.027800927450071683e-31
6.871350817138460641e-31 8.570226828679827837e-35 5.856967371051174214e-31 2.789181241861165714e-27 7.826192799667221158e-24 1.293877045066439614e-20 1.260598272676315075e-17 7.235291060942242169e-15 2.446834401759190314e-12 4.876122838837204654e-10 5.724774609916494228e-08 3.960156846005702391e-06 1.614123466424643993e-04 3.876698203384876251e-03 5.485564470291137695e-02 4.573518037796020508e-01 2.246797084808349609e+00 6.503216743469238281e+00 1.109080123901367188e+01 1.114468002319335938e+01 6.598336696624755859e+00 2.301835536956787109e+00 4.731340408325195312e-01 5.729806423187255859e-02 4.088697489351034164e-03 1.719096035230904818e-04 4.258780791133176535e-06 6.215772430095967138e-08 5.345830444980492757e-10 2.708977573512294512e-12 8.087885626528214245e-15 1.422746021379777304e-17 1.474765127601734451e-20 9.006347646539580123e-24 3.240731502541291574e-27 6.871350817138460641e-31
1.485020727263860900e-30 1.942628851831124185e-34 2.696509749543355575e-31 1.345722459707690012e-27 3.957160197846993246e-24 6.856096200668573239e-21 7.000165653420868797e-18 4.210546147176029083e-15 1.492234938046954618e-12 3.116447655493459479e-10 3.834366424371182802e-08 2.779701389954425395e-06 1.187332236440852284e-04 2.988460939377546310e-03 4.431562870740890503e-02 3.872012197971343994e-01 1.993428707122802734e+00 6.046655654907226562e+00 1.080687236785888672e+01 1.138033103942871094e+01 7.061101436614990234e+00 2.581441640853881836e+00 5.560609102249145508e-01 7.057136297225952148e-02 5.277446471154689789e-03 2.325353707419708371e-04 6.037043931428343058e-06 9.233887965365283890e-08 8.322519340353551343e-10 4.419723267923281185e-12 1.382846169116404983e-14 2.549287433518808459e-17 2.769259811629461218e-20 1.772326696011900234e-23 6.683192611177479781e-27 1.485020727263860900e-30
1.804196877890656548e-30 2.388900231168516948e-34 2.213760550734100514e-31 1.118003391978259826e-27 3.326763304684062629e-24 5.832784521751330437e-21 6.026538090089309167e-18 3.668220597202254477e-15 1.315564627721310664e-12 2.780297103655016144e-10 3.461657627212844091e-08 2.539496563258580863e-06 1.097692511393688619e-04 2.795851556584239006e-03 4.195481911301612854e-02 3.709538578987121582e-01 1.932601690292358398e+00 5.932194709777832031e+00 1.072898483276367188e+01 1.143330955505371094e+01 7.178737640380859375e+00 2.655805587768554688e+00 5.789151191711425781e-01 7.434977591037750244e-02 5.626429803669452667e-03 2.508745237719267607e-04 6.590986231458373368e-06 1.020164148712865426e-07 9.304613746152767817e-10 5.000317868097958751e-12 1.583198768482022012e-14 2.953504625402238919e-17 3.246694244028290537e-20 2.102699592080106404e-23 8.023733067480304276e-27 1.804196877890656548e-30
2.156591276357565186e-30 2.887039609969721962e-34 1.846775681285915479e-31 9.428834932564866570e-28 2.836439314865343142e-24 5.027579529290293818e-21 5.251528999540919777e-18 3.231517514652249359e-15 1.171646113462543326e-12 2.503285356780793336e-10 3.150913840954672196e-08 2.336851139261852950e-06 1.021168282022699714e-04 2.629444468766450882e-03 3.989007696509361267e-02 3.565630316734313965e-01 1.877984285354614258e+00 5.827712059020996094e+00 1.065551662445068359e+01 1.147944450378417969e+01 7.286688327789306641e+00 2.725283145904541016e+00 6.005693674087524414e-01 7.797606289386749268e-02 5.965512245893478394e-03 2.689086250029504299e-04 7.142190952436067164e-06 1.117590215926611563e-07 1.030490581754861523e-09 5.598563279640700330e-12 1.792049988220620338e-14 3.379758074240204547e-17 3.755973191305850750e-20 2.459177315451705252e-23 9.486853572139532050e-27 2.156591276357565186e-30
2.927182742417645065e-30 3.993188288876889121e-34 1.352563531765181800e-31 7.035949791651334674e-28 2.156540216608436202e-24 3.894597352859800940e-21 4.144834545429179691e-18 2.598648166023489504e-15 9.599685412906011628e-13 2.089723394327336337e-10 2.679992405774100916e-08 2.025110461545409635e-06 9.016421245178207755e-05 2.365490188822150230e-03 3.656297177076339722e-02 3.329904079437255859e-01 1.786927938461303711e+00 5.649791717529296875e+00 1.052514362335205078e+01 1.155297470092773438e+01 7.471755981445312500e+00 2.847235679626464844e+00 6.392847895622253418e-01 8.456915616989135742e-02 6.592010613530874252e-03 3.027570201084017754e-04 8.192952009267173707e-06 1.306206627305073198e-07 1.227136503523240663e-09 6.792737379524016461e-12 2.215310319084520807e-14 4.256862014611012632e-17 4.819988537929881389e-20 3.215383796817636406e-23 1.263828124390354301e-26 2.927182742417645065e-30
3.970513724309185012e-30 5.519676987660057460e-34 9.899559681805887989e-32 5.246856688330325831e-28 1.638526913193619743e-24 3.014935402004229791e-21 3.269192109123660922e-18 2.088327120687008195e-15 7.860105795398641959e-13 1.743337141313361371e-10 2.277957733554103470e-08 1.753801143422606401e-06 7.955826004035770893e-05 2.126624807715415955e-03 3.349119052290916443e-02 3.107708394527435303e-01 1.699162721633911133e+00 5.473684787750244141e+00 1.038950157165527344e+01 1.161929798126220703e+01 7.656462669372558594e+00 2.972681760787963867e+00 6.800464987754821777e-01 9.165915101766586304e-02 7.279491517692804337e-03 3.406407777220010757e-04 9.392090760229621083e-06 1.525640129784733290e-07 1.460335186109773531e-09 8.236128792860064607e-12 2.736733298205722142e-14 5.358091865442043652e-17 6.181388885698650176e-20 4.201384513241362034e-23 1.682533999503488006e-26 3.970513724309185012e-30
5.382105269138196374e-30 7.623616266025135578e-34 7.240792469779864257e-32 3.910125528864504849e-28 1.244112139193605108e-24 2.332402546464835944e-21 2.576848140271370906e-18 1.677128623695303689e-15 6.431538244686119121e-13 1.453401843320989428e-10 1.934948556936433306e-08 1.517833084108133335e-06 7.015328446868807077e-05 1.910616527311503887e-03 3.065720200538635254e-02 2.898422181606292725e-01 1.614640951156616211e+00 5.299562931060791016e+00 1.024883270263671875e+01 1.167828083038330078e+01 7.840553283691406250e+00 3.101602554321289062e+00 7.229292392730712891e-01 9.927782416343688965e-02 8.033351972699165344e-03 3.830113855656236410e-04 1.075960790331009775e-05 1.780767888703849167e-07 1.736710331101676275e-09 9.979701093287829394e-12 3.378679578952201168e-14 6.739704841937519059e-17 7.922027633633400540e-20 5.486080784995419926e-23 2.238479716523711750e-26 5.382105269138196374e-30
7.289367987076182039e-30 1.051993883753524769e-33 5.293673064224705850e-32 2.912550151122790004e-28 9.441951116376286295e-25 1.803510209823105787e-21 2.030096851419998705e-18 1.346197933400732072e-15 5.259832283263654595e-13 1.211041267268342381e-10 1.642692559755687398e-08 1.312876293013687246e-06 6.182456854730844498e-05 1.715539721772074699e-03 2.804617583751678467e-02 2.701574563980102539e-01 1.533364057540893555e+00 5.127707004547119141e+00 1.010348987579345703e+01 1.172977733612060547e+01 8.023647308349609375e+00 3.233887910842895508e+00 7.679773569107055664e-01 1.074531823396682739e-01 8.858857676386833191e-03 4.303348832763731480e-04 1.231701025972142816e-05 2.076963312447333010e-07 2.063775372818099640e-09 1.208276360908921987e-11 4.167849672700486841e-14 8.470721887025598547e-17 1.014445514441024765e-19 7.157627187149533973e-23 2.975588264874314161e-26 7.289367987076182039e-30
9.867915844079492338e-30 1.451053736542048146e-33 3.866820111503799254e-32 2.167661837650784519e-28 7.159750879592479459e-25 1.393394627574811528e-21 1.598055557797453602e-18 1.079700933524676675e-15 4.298185613850480369e-13 1.008298583515809810e-10 1.393497051083159022e-08 1.134731519414344802e-06 5.444408088806085289e-05 1.539253629744052887e-03 2.563907764852046967e-02 2.516312599182128906e-01 1.455166101455688477e+00 4.958038330078125000e+00 9.953535079956054688e+00 1.177375793457031250e+01 8.205718994140625000e+00 3.369684219360351562e+00 8.153275251388549805e-01 1.162311434745788574e-01 9.763379581272602081e-03 4.832237027585506439e-04 1.409180549671873450e-05 2.421089391191344475e-07 2.451116198898262155e-09 1.462134059659891960e-11 5.138662255042489302e-14 1.064084941464867788e-16 1.298391544818161152e-19 9.333917719811536038e-23 3.953595828454365257e-26 9.867915844079492338e-30
1.334973387279703057e-29 2.000135413005792860e-33 2.822683434029262202e-32 1.612210160179894988e-28 5.425573792779906814e-25 1.075824723117288918e-21 1.257120970817264657e-18 8.653825396280254677e-16 3.510010749933900609e-13 8.389484940085623066e-11 1.181328990185193106e-08 9.801158284972188994e-07 4.791302490048110485e-05 1.380169065669178963e-03 2.342306636273860931e-02 2.342208474874496460e-01 1.380043745040893555e+00 4.790816307067871094e+00 9.799331665039062500e+00 1.181009769439697266e+01 8.386379241943359375e+00 3.508864164352416992e+00 8.650248050689697266e-01 1.256430447101593018e-01 1.075315196067094803e-02 5.422541871666908264e-04 1.611168408999219537e-05 2.820354438881622627e-07 2.909213314694625296e-09 1.768147087077842627e-11 6.331400518883728568e-14 1.335822573890254944e-16 1.660725345943885206e-19 1.216402058834178192e-22 5.249524813897381576e-26 1.334973387279703057e-29
1.804452514998118573e-29 2.754589360540630268e-33 2.059543685267801985e-32 1.198513426629468323e-28 4.109475236364102953e-25 8.302268020939822328e-22 9.884283060319709542e-19 6.932513628232035360e-16 2.864874678633333449e-13 6.976636629518750965e-11 1.000912774884454848e-08 8.460899607598548755e-07 4.214119690004736185e-05 1.236798940226435661e-03 2.138576470315456390e-02 2.178815305233001709e-01 1.307982563972473145e+00 4.626286506652832031e+00 9.641248703002929688e+00 1.183870697021484375e+01 8.565236091613769531e+00 3.651280403137207031e+00 9.171095490455627441e-01 1.357203722000122070e-01 1.183466613292694092e-02 6.080470629967749119e-04 1.840724507928825915e-05 3.282964371464913711e-07 3.450265406712560434e-09 2.136530188878715819e-11 7.794801723569680374e-14 1.675579929830367607e-16 2.122399273487194408e-19 1.583881236389989271e-22 6.964338940012755164e-26 1.804452514998118573e-29
2.437957077548918756e-29 3.791999675668769875e-33 1.501433661176765155e-32 8.902247648652994640e-29 3.109992413753607100e-25 6.401585293722868131e-22 7.765308960803338225e-19 5.549117184161446621e-16 2.336459476413865755e-13 5.797188770695349547e-11 8.473970858347001922e-09 7.298385753529146314e-07 3.703696347656659782e-05 1.107509946450591087e-03 1.951158419251441956e-02 2.025384604930877686e-01 1.238821148872375488e+00 4.464352607727050781e+00 9.479351043701171875e+00 1.185956764221191406e+01 8.742253303527832031e+00 3.797069787979125977e+00 9.717264175415039062e-01 1.465168297290802002e-01 1.301720831543207169e-02 6.814255611971020699e-04 2.101788777508772910e-05 3.819310734343162039e-07 4.089694805031740543e-09 2.580280780706267763e-11 9.591460926276079713e-14 2.100702589683748744e-16 2.711102035230564956e-19 2.061377858796053869e-22 9.234946865794339232e-26 2.437957077548918756e-29
3.291636659681052037e-29 5.216506709007419817e-33 1.093843631593408301e-32 6.607969157927117026e-29 2.352054856017258958e-25 4.932817669848604951e-22 6.096573404602642637e-19 4.438848366817579145e-16 1.904247701363381839e-13 4.813936749226144229e-11 7.169497440173699943e-09 6.291407999015063979e-07 3.252948954468593001e-05 9.910817025229334831e-04 1.778990030288696289e-02 1.881515681743621826e-01 1.172542214393615723e+00 4.305241584777832031e+00 9.314014434814453125e+00 1.187261962890625000e+01 8.917037963867187500e+00 3.946073293685913086e+00 1.028916120529174805e+00 1.580676138401031494e-01 1.430845260620117188e-02 7.631545304320752621e-04 2.398294782324228436e-05 4.440368570612918120e-07 4.844448397989253863e-09 3.114152338778986007e-11 1.179437136063915537e-13 2.631927772883755744e-16 3.460787198120796542e-19 2.681056751275236270e-22 1.223786546324906823e-25 3.291636659681052037e-29
4.440411741790504752e-29 7.169720611961210227e-33 7.965395105617554307e-33 4.902727914748568803e-29 1.777985860886439332e-25 3.799185421545112025e-22 4.784049737512954431e-19 3.548894936636923323e-16 1.551171842882614893e-13 3.995318659244517789e-11 6.062534918527262562e-09 5.420349111773248296e-07 2.855424463632516563e-05 8.863731054589152336e-04 1.621042564511299133e-02 1.746797561645507812e-01 1.109116435050964355e+00 4.149162292480468750e+00 9.145631790161132812e+00 1.187783241271972656e+01 9.089193344116210938e+00 4.098112106323242188e+00 1.088710427284240723e+00 1.704077124595642090e-01 1.571638882160186768e-02 8.540562121197581291e-04 2.734580266405828297e-05 5.158487397238786798e-07 5.734039021376702294e-09 3.755517424819387884e-11 1.449166849888661179e-13 3.294824227734443733e-16 4.414155247094554280e-19 3.484121191758061019e-22 1.620326585559296728e-25 4.440411741790504752e-29
1.295981129996260604e-28 2.238020021110706867e-32 2.532077279808594726e-33 1.666860769579002528e-29 6.465010941125649625e-26 1.477438151855728365e-22 1.989714462601831024e-19 1.578577981408601149e-16 7.379264300305665714e-14 2.032754520264745679e-11 3.298872730539414988e-09 3.154402463678707136e-07 1.777208672137930989e-05 5.900154355913400650e-04 1.154036447405815125e-02 1.329982578754425049e-01 9.031495451927185059e-01 3.613442182540893555e+00 8.518295288085937500e+00 1.183190155029296875e+01 9.683265686035156250e+00 4.669372558593750000e+00 1.326678276062011719e+00 2.220862209796905518e-01 2.190603688359260559e-02 1.273139379918575287e-03 4.359719241620041430e-05 8.795644816927961074e-07 1.045645792174809685e-08 7.324391093632698357e-11 3.022536105949658047e-13 7.350123635238862887e-16 1.053140092918066277e-18 8.890196334834690104e-22 4.421810413682455446e-25 1.295981129996260604e-28
1.750638541603915001e-28 3.081040635419089484e-32 1.829496061265621706e-33 1.227472943072145425e-29 4.851942923600275952e-26 1.130028984123933015e-22 1.550975022270349495e-19 1.254047101486568602e-16 5.974406624802142129e-14 1.677263189447941727e-11 2.774059204568857240e-09 2.703337145248951856e-07 1.552228786749765277e-05 5.251875845715403557e-04 1.046899333596229553e-02 1.229603514075279236e-01 8.509670495986938477e-01 3.469830036163330078e+00 8.336305618286132812e+00 1.180074119567871094e+01 9.842617034912109375e+00 4.837056636810302734e+00 1.400625705718994141e+00 2.389528155326843262e-01 2.402083575725555420e-02 1.422768225893378258e-03 4.965356129105202854e-05 1.020923832584230695e-06 1.236927005265897606e-08 8.830103315204951286e-11 3.713637470453834410e-13 9.203555073004215936e-16 1.343948258560577728e-18 1.156223003196713602e-21 5.860896822564806916e-25 1.750638541603915001e-28
2.353818855697852059e-28 4.220836986048430354e-32 1.326745117107095084e-33 9.069757060662120436e-30 3.652783443770962930e-26 8.668066735440895399e-23 1.212165462283809278e-19 9.986128680623566011e-17 4.847328660966161717e-14 1.386543397458028792e-11 2.336539850489316450e-09 2.319969354402928730e-07 1.357258861389709637e-05 4.678926197811961174e-04 9.503012523055076599e-03 1.137225106358528137e-01 8.018977642059326172e-01 3.331494331359863281e+00 8.155101776123046875e+00 1.176223659515380859e+01 9.995768547058105469e+00 5.005086421966552734e+00 1.476648926734924316e+00 2.566802203655242920e-01 2.629015408456325531e-02 1.586587401106953621e-03 5.641632742481306195e-05 1.181877905764849856e-06 1.458977560986340904e-08 1.061194049301050768e-10 4.547301662820302237e-13 1.148244427803270760e-15 1.708385218092506140e-18 1.497508414115233765e-21 7.734244750276470464e-25 2.353818855697852059e-28
2.883827313414684865e-28 5.238190906360244702e-32 1.063420423527486667e-33 7.363990249257342165e-30 3.004158896338914377e-26 7.221144373971757313e-23 1.022897426220241392e-19 8.535921586396008273e-17 4.196998109294580726e-14 1.216051651736771433e-11 2.075752902896965679e-09 2.087707002829120029e-07 1.237182459590258077e-05 4.320174921303987503e-04 8.887922391295433044e-03 1.077380403876304626e-01 7.695302367210388184e-01 3.238392829895019531e+00 8.029779434204101562e+00 1.173134803771972656e+01 1.009852600097656250e+01 5.121972084045410156e+00 1.530687451362609863e+00 2.695165872573852539e-01 2.796209044754505157e-02 1.709322677925229073e-03 6.156710151117295027e-05 1.306479020968254190e-06 1.633662627398280165e-08 1.203626087686870960e-10 5.224347430360376521e-13 1.336277060006016079e-15 2.013875839607833832e-18 1.788131031998798348e-21 9.354723807857604441e-25 2.883827313414684865e-28
3.458131678369937999e-28 6.354050665523791331e-32 8.720869529185699313e-34 6.108970790375936868e-30 2.521046919434758261e-26 6.130049398943953874e-23 8.783983436126040344e-20 7.414977374589878435e-17 3.688061073442265581e-14 1.080964224381419925e-11 1.866529597549515529e-09 1.899019537177082384e-07 1.138395782618317753e-05 4.021257627755403519e-04 8.368758484721183777e-03 1.026195660233497620e-01 7.414586544036865234e-01 3.156393289566040039e+00 7.917086124420166016e+00 1.170065021514892578e+01 1.018873977661132812e+01 5.227570533752441406e+00 1.580336928367614746e+00 2.814809978008270264e-01 2.954158559441566467e-02 1.826790394261479378e-03 6.656005280092358589e-05 1.428784116797032766e-06 1.807285876509467926e-08 1.346966566062590687e-10 5.914216599095523108e-13 1.530250251905211026e-15 2.332913198014942459e-18 2.095391067161385125e-21 1.108919523839543768e-24 3.458131678369937999e-28
4.440768821239256298e-28 8.290217402465163075e-32 6.630490221005829388e-34 4.719025644878899700e-30 1.978626469153581646e-26 4.888157982084636436e-23 7.116554049811354271e-20 6.103605597862200947e-17 3.084407458175258965e-14 9.185105800946224974e-12 1.611407896007222007e-09 1.665700466446651262e-07 1.014516601571813226e-05 3.641044022515416145e-04 7.698798552155494690e-03 9.591576457023620605e-02 7.041172981262207031e-01 3.045418262481689453e+00 7.761025905609130859e+00 1.165363883972167969e+01 1.031027317047119141e+01 5.374617576599121094e+00 1.650802373886108398e+00 2.987394034862518311e-01 3.185481950640678406e-02 2.001371933147311211e-03 7.408851524814963341e-05 1.615853079783846624e-06 2.076633087710888503e-08 1.572488528278626063e-10 7.014978333462484894e-13 1.844123710345330763e-15 2.856426915508168729e-18 2.606681985876138528e-21 1.401591554234357321e-24 4.440768821239256298e-28
5.506634304431539849e-28 1.042169664002588577e-31 5.233332073929517702e-34 3.776426629530792267e-30 1.605221933006335625e-26 4.020321687287052432e-23 5.933754274755001744e-20 5.159277681725943365e-17 2.643139206852732070e-14 7.979472985142344044e-12 1.419187434237301204e-09 1.487220799845090369e-07 9.182918802252970636e-06 3.341114788781851530e-04 7.161961868405342102e-03 9.045708924531936646e-02 6.731958389282226562e-01 2.951801300048828125e+00 7.626107215881347656e+00 1.160884284973144531e+01 1.041217231750488281e+01 5.502528667449951172e+00 1.713379383087158203e+00 3.143364787101745605e-01 3.397982567548751831e-02 2.164300065487623215e-03 8.122393774101510644e-05 1.795886419131420553e-06 2.339810123430652311e-08 1.796187643066105011e-10 8.123344661867260008e-13 2.164916686810689286e-15 3.399525995159966174e-18 3.145050548851715919e-21 1.714366718722596834e-24 5.506634304431539849e-28
7.444779459491051745e-28 1.436329259204778008e-31 3.751453385760055175e-34 2.759922685674170499e-30 1.195911437496702836e-26 3.053323683437014713e-23 4.593986961826482080e-20 4.071916341044976408e-17 2.126554141113068397e-14 6.544597329349866044e-12 1.186578613143751681e-09 1.267594029741303530e-07 7.978715075296349823e-06 2.959317935165017843e-04 6.466667167842388153e-03 8.326061069965362549e-02 6.316655874252319336e-01 2.823457241058349609e+00 7.436105251312255859e+00 1.153931045532226562e+01 1.055068969726562500e+01 5.683950424194335938e+00 1.804221153259277344e+00 3.374267816543579102e-01 3.718382120132446289e-02 2.414340618997812271e-03 9.236631740350276232e-05 2.081886123050935566e-06 2.765069773147388332e-08 2.163844797786751428e-10 9.976059691871319579e-13 2.710280543966265068e-15 4.338500274294688678e-18 4.091635975296480253e-21 2.273628868618127932e-24 7.444779459491051745e-28
1.108829032095176789e-27 2.194439185188504739e-31 2.410908148645298752e-34 1.819860293095589496e-30 8.089099900164784816e-27 2.118520197534313795e-23 3.269688572587557592e-20 2.972844769868218748e-17 1.592612184438037953e-14 5.027755121955745921e-12 9.350746843495016947e-10 1.024680642558450927e-07 6.616081918764393777e-06 2.517202519811689854e-04 5.642418749630451202e-03 7.452169805765151978e-02 5.799477100372314453e-01 2.659140586853027344e+00 7.183961868286132812e+00 1.143554306030273438e+01 1.072547340393066406e+01 5.927126884460449219e+00 1.929933547973632812e+00 3.702462315559387207e-01 4.185273498296737671e-02 2.787579316645860672e-03 1.093957398552447557e-04 2.529308403609320521e-06 3.445959606551696197e-08 2.766232520823308505e-10 1.308218073800548886e-12 3.645815305197957351e-15 5.986576581106566123e-18 5.791544640674803635e-21 3.301227088321153256e-24 1.108829032095176789e-27
1.702217388721114433e-27 3.462652768821731654e-31 1.493748196459142497e-34 1.159379827905282999e-30 5.296873570468548443e-27 1.425897956167549767e-23 2.262049139000710353e-20 2.113998029105436068e-17 1.164069163191996589e-14 3.777261056020497776e-12 7.220805064989122002e-10 8.133255846587417182e-08 5.397762379288906232e-06 2.110899222316220403e-04 4.863525740802288055e-03 6.602448970079421997e-02 5.281385183334350586e-01 2.489067316055297852e+00 6.911872386932373047e+00 1.130901908874511719e+01 1.090237808227539062e+01 6.192776203155517578e+00 2.072619915008544922e+00 4.087001681327819824e-01 4.748691618442535400e-02 3.250973531976342201e-03 1.311363594140857458e-04 3.116459538432536647e-06 4.364226313668950752e-08 3.600993392360862799e-10 1.750445600100236643e-12 5.014167808850599276e-15 8.462901390642277202e-18 8.415339733266699869e-21 4.930461515874108938e-24 1.702217388721114433e-27
2.606375823399818062e-27 5.449304049395043591e-31 9.253142554787646896e-35 7.384607855933476694e-31 3.467591412922530615e-27 9.594010366744878089e-24 1.564289980569553656e-20 1.502529907566231972e-17 8.503558575063789593e-15 2.835996411668095796e-12 5.572085570726414971e-10 6.450598277751851128e-08 4.399982572067528963e-06 1.768515940057113767e-04 4.187900573015213013e-03 5.843240395188331604e-02 4.803973734378814697e-01 2.326982021331787109e+00 6.641340255737304688e+00 1.116833877563476562e+01 1.106595325469970703e+01 6.460357666015625000e+00 2.222258090972900391e+00 4.503846168518066406e-01 5.378442257642745972e-02 3.784421132877469063e-03 1.568963780300691724e-04 3.832265974779147655e-06 5.515731515970401233e-08 4.677582765566512535e-10 2.336973062982972138e-12 6.880301246813859406e-15 1.193524264755921443e-17 1.219795427952786690e-20 7.345271637408283521e-24 2.606375823399818062e-27
3.406793656438114353e-27 7.246805593582060587e-31 9.068219155892809868e-35 5.553012743792950400e-31 2.653001046609477532e-27 7.468149345170939646e-24 1.238881651235167468e-20 1.210711092651303231e-17 6.971395405126323136e-15 2.365535718695799261e-12 4.728732960757042747e-10 5.569668815041950438e-08 3.865317921736277640e-06 1.580688985995948315e-04 3.808348905295133591e-03 5.406265705823898315e-02 4.522177875041961670e-01 2.228656768798828125e+00 6.471560955047607422e+00 1.107248210906982422e+01 1.116216945648193359e+01 6.630090713500976562e+00 2.320388317108154297e+00 4.784680604934692383e-01 5.813384056091308594e-02 4.161742515861988068e-03 1.755462726578116417e-04 4.362525032775010914e-06 6.388360418441152433e-08 5.512023060205706315e-10 2.801849464245664834e-12 8.392702291058935782e-15 1.481245226916262485e-17 1.540243581668695719e-20 9.436590806525309520e-24 3.406793656438114353e-27
3.545979072775024379e-27 7.562438522116833663e-31 9.487547492984260577e-35 5.320839443968819407e-31 2.548622576971489143e-27 7.192906309008465975e-24 1.196321108456040134e-20 1.172141645921425678e-17 6.766814078474833738e-15 2.302045273155917116e-12 4.613732174085782844e-10 5.448300299804031965e-08 3.790884647969505750e-06 1.554265036247670650e-04 3.754386678338050842e-03 5.343463271856307983e-02 4.481219053268432617e-01 2.214190483093261719e+00 6.446205615997314453e+00 1.105766677856445312e+01 1.117610263824462891e+01 6.655560493469238281e+00 2.335334300994873047e+00 4.827971458435058594e-01 5.881172418594360352e-02 4.221174865961074829e-03 1.785144559107720852e-04 4.447769697435433045e-06 6.530071061661146814e-08 5.648886913789397113e-10 2.878860778238179208e-12 8.645712726469689802e-15 1.529851848634980986e-17 1.594899217525710244e-20 9.796716853811374503e-24 3.545979072775024379e-27
3.783007122890650269e-27 8.101809873211977326e-31 1.020688058509353105e-34 4.965588124031672281e-31 2.388453576111496867e-27 6.769081321347614730e-24 1.130547325061003293e-20 1.112342526052313414e-17 6.448495285248405026e-15 2.202953965080300947e-12 4.433633460365626888e-10 5.257559010374279751e-08 3.673480932775419205e-06 1.512440794613212347e-04 3.668661927804350853e-03 5.243336781859397888e-02 4.415674805641174316e-01 2.190946102142333984e+00 6.405260086059570312e+00 1.103346252441406250e+01 1.119836235046386719e+01 6.696756362915039062e+00 2.359635114669799805e+00 4.898648858070373535e-01 5.992271378636360168e-02 4.318936262279748917e-03 1.834140566643327475e-04 4.588996489474084228e-06 6.765611715309205465e-08 5.877162645440137112e-10 3.007758321918463373e-12 9.070657297645910722e-15 1.611776312810600379e-17 1.687340528387632429e-20 1.040800674698894699e-23 3.783007122890650269e-27
5.391114715251260178e-27 1.181335899469037816e-30 1.523465244660906873e-34 3.397699652972695336e-31 1.672186748284273142e-27 4.849080652739246307e-24 8.286546742539913125e-21 8.342191751033026427e-18 4.948308879619209288e-15 1.729662853916513754e-12 3.561824168940574964e-10 4.321690383335408114e-08 3.089622168772621080e-06 1.301555312238633633e-04 3.230347298085689545e-03 4.723957926034927368e-02 4.070546030998229980e-01 2.066542625427246094e+00 6.181675434112548828e+00 1.089527511596679688e+01 1.131457138061523438e+01 6.923171997070312500e+00 2.495986938476562500e+00 5.301892757415771484e-01 6.635949015617370605e-02 4.893790930509567261e-03 2.126463223248720169e-04 5.443777354230405763e-06 8.211974744654071401e-08 7.299041926422944471e-10 3.822041641510232068e-12 1.179364460637041118e-14 2.144227013718941443e-17 2.296830145054004495e-20 1.449607643990510410e-23 5.391114715251260178e-27
3.786112954556166901e-26 9.423001952801736016e-30 1.381376676239041686e-33 4.056662155288010981e-32 2.267621212883127786e-28 7.468514982200509585e-25 1.449603529292028777e-21 1.657498307579162707e-18 1.116675933375576614e-15 4.433321656831246127e-13 1.036901953188618108e-10 1.428950202608803011e-08 1.160290025836729910e-06 5.551667709369212389e-05 1.564976293593645096e-03 2.599333226680755615e-02 2.543942630290985107e-01 1.466886997222900391e+00 4.983750343322753906e+00 9.976676940917968750e+00 1.176751708984375000e+01 8.178045272827148438e+00 3.348761796951293945e+00 8.079266548156738281e-01 1.148528009653091431e-01 9.620143100619316101e-03 4.747794009745121002e-04 1.380488811264513060e-05 2.365261906334126252e-07 2.387778419432606825e-09 1.420114720263043750e-11 4.977067681057566195e-14 1.027764631907746419e-16 1.250400593629365869e-19 8.963303924562738747e-23 3.786112954556166901e-26
2.578205500326018622e-25 7.287953632273272662e-29 1.213567584287864431e-32 4.698086149645943628e-33 2.982789117121146306e-29 1.115788776690788609e-25 2.459750596448747465e-22 3.194373777814604422e-19 2.444287211056470760e-16 1.102165369604515832e-13 2.927848241629504855e-11 4.582679125064714754e-09 4.226310466037830338e-07 2.296740240126382560e-05 7.353401160798966885e-04 1.387186534702777863e-02 1.541962325572967529e-01 1.009846210479736328e+00 3.896789550781250000e+00 8.859901428222656250e+00 1.186919593811035156e+01 9.368674278259277344e+00 4.357175827026367188e+00 1.193950653076171875e+00 1.927739083766937256e-01 1.833919808268547058e-02 1.027975464239716530e-03 3.394824307179078460e-05 6.606255738006439060e-07 7.574664451226453821e-09 5.116654322456781756e-11 2.036707120230824009e-13 4.776835953293522355e-16 6.600673813504708763e-19 5.374024418695095970e-22 2.578205500326018622e-25
1.702687041375120838e-24 5.466576406035743634e-28 1.033885955312343917e-31 5.275545178093499943e-34 3.805144802877313343e-30 1.616664267991929071e-26 4.047837155661161324e-23 5.970492079944866642e-20 5.188825234950827556e-17 2.657404596937210095e-14 8.017721903064156663e-12 1.425326634496570932e-09 1.492958574544900330e-07 9.214938472723588347e-06 3.350898623466491699e-04 7.179594133049249649e-03 9.064254164695739746e-02 6.742265820503234863e-01 2.954947471618652344e+00 7.630692481994628906e+00 1.161047172546386719e+01 1.040875816345214844e+01 5.498169898986816406e+00 1.711169004440307617e+00 3.137957453727722168e-01 3.390557318925857544e-02 2.158567775040864944e-03 8.096438978100195527e-05 1.789466750778956339e-06 2.330368076286504220e-08 1.787888725957031966e-10 8.083053540733353692e-13 2.153179774777060074e-15 3.379240011022562585e-18 3.124816127793277647e-21 1.702687041375120838e-24
1.090745509646790531e-23 3.977418195196875405e-27 8.543906715787875053e-31 1.080349792148983478e-34 4.706707592556858917e-31 2.271267672343333359e-27 6.459026642298643029e-24 1.082064605304522431e-20 1.068090183078074050e-17 6.212965492286611630e-15 2.129068189110627785e-12 4.298831013382908850e-10 5.114252843441136065e-08 3.585289050533901900e-06 1.480779319535940886e-04 3.603517077863216400e-03 5.167232826352119446e-02 4.365452527999877930e-01 2.173056125640869141e+00 6.373568534851074219e+00 1.101457023620605469e+01 1.121538543701171875e+01 6.728697776794433594e+00 2.378509044647216797e+00 4.954006373882293701e-01 6.079654395580291748e-02 4.396134987473487854e-03 1.872826833277940750e-04 4.701374564319849014e-06 6.953797537789796479e-08 6.059537871472286952e-10 3.111514084580546680e-12 9.414018196441439196e-15 1.678080463734890908e-17 1.762445619950606335e-20 1.090745509646790531e-23
6.775205721871388577e-23 2.806033090355955140e-26 6.846107687211614444e-30 9.842009204896956563e-34 5.647355804500115715e-32 3.095217384110627872e-28 9.997291444281511133e-25 1.902221372013595193e-21 2.132593628302056917e-18 1.408937240287384471e-15 5.483722200286256232e-13 1.257560167111648752e-10 1.699229557061698870e-08 1.352968865830916911e-06 6.346669397316873074e-05 1.754181925207376480e-03 2.856927923858165741e-02 2.741339802742004395e-01 1.549874544143676758e+00 5.162981033325195312e+00 1.013395118713378906e+01 1.171973323822021484e+01 7.985954284667968750e+00 3.206225395202636719e+00 7.584692835807800293e-01 1.057188510894775391e-01 8.682344108819961548e-03 4.201044794172048569e-04 1.197778874484356493e-05 2.012174888932349859e-07 1.991482534435817797e-09 1.161451837483618021e-11 3.991123702145812913e-14 8.080291314411589400e-17 9.638786065024657130e-20 6.775205721871388577e-23
4.082171159046766135e-22 1.920255076250302199e-25 5.321212630511363661e-29 8.689671541772891171e-33 6.570026005841896448e-33 4.089918070669101720e-29 1.500410236982936994e-25 3.242545224417482108e-22 4.128862721776546418e-19 3.098213057600143674e-16 1.369591289338001339e-13 3.567322826025787208e-11 5.474745989886287134e-09 4.951075425196904689e-07 2.637883153511211276e-05 8.280977490358054638e-04 1.531811617314815521e-02 1.669423580169677734e-01 1.072007656097412109e+00 4.056014537811279297e+00 9.042256355285644531e+00 1.187718009948730469e+01 9.192214012145996094e+00 4.191661834716796875e+00 1.126232147216796875e+00 1.782952845096588135e-01 1.663113757967948914e-02 9.139907779172062874e-04 2.959776611533015966e-05 5.647365242111845873e-07 6.348249037557707197e-09 4.205098075305002681e-11 1.641225946379804013e-13 3.773962178634231602e-16 5.113209201678297888e-19 4.082171159046766135e-22
2.384919629632716791e-21 1.274189038926966625e-24 4.010309997159098374e-28 7.438280810442587259e-32 7.413512262849998544e-34 5.242289526023143788e-30 2.184282198995908321e-26 5.361367555678495550e-23 7.753792021737185852e-20 6.608263857369372834e-17 3.317870744855636045e-14 9.815294410575603479e-12 1.710868113846686356e-09 1.757297809490410145e-07 1.063392846845090389e-05 3.791510825976729393e-04 7.965800352394580841e-03 9.860135614871978760e-02 7.191284894943237305e-01 3.090297222137451172e+00 7.824758529663085938e+00 1.167346382141113281e+01 1.026121139526367188e+01 5.314449310302734375e+00 1.621780872344970703e+00 2.916058897972106934e-01 3.089374676346778870e-02 1.928341691382229328e-03 7.092400483088567853e-05 1.536995227979787160e-06 1.962336604321990308e-08 1.476345712347892913e-10 6.544443264221155854e-13 1.709209361297849873e-15 2.630168822941998484e-18 2.384919629632716791e-21
3.281857659556177065e-21 1.794667828493438204e-24 5.781391322157711690e-28 1.097564247537913464e-31 4.958710420461026313e-34 3.589580203795272549e-30 1.530848835604318167e-26 3.845961654672224723e-23 5.693064749782530959e-20 4.966192220060140327e-17 2.552122975571415736e-14 7.727674403157358540e-12 1.378688718745024744e-09 1.449439537282160018e-07 8.977443030744325370e-06 3.276235656812787056e-04 7.045258767902851105e-03 8.925952017307281494e-02 6.663192510604858398e-01 2.930760383605957031e+00 7.595486164093017578e+00 1.159814262390136719e+01 1.043498039245605469e+01 5.531662940979003906e+00 1.727801442146301270e+00 3.179816007614135742e-01 3.448103368282318115e-02 2.202915726229548454e-03 8.292996790260076523e-05 1.839479637055774219e-06 2.403819365781600936e-08 1.851056669055495263e-10 8.398633351280881953e-13 2.245094072740702780e-15 3.536121431638144708e-18 3.281857659556177065e-21
5.075174726254770762e-21 2.865268631077097629e-24 9.529358846012158345e-28 1.867717700892989942e-31 2.852642395295005959e-34 2.132361046402935538e-30 9.388604952328539355e-27 2.435139303719991624e-23 3.721473297413853925e-20 3.351537649590100433e-17 1.778165085336048945e-14 5.558651195586294946e-12 1.023851003978393237e-09 1.111275196308270097e-07 7.105985332600539550e-06 2.677299780771136284e-04 5.943873897194862366e-03 7.774586975574493408e-02 5.991774797439575195e-01 2.720845222473144531e+00 7.279972553253173828e+00 1.147659111022949219e+01 1.066022682189941406e+01 5.834197044372558594e+00 1.881349563598632812e+00 3.574605882167816162e-01 4.001810401678085327e-02 2.639519283547997475e-03 1.025861129164695740e-04 2.349214355490403250e-06 3.169418505422072485e-08 2.519697783753827025e-10 1.180286012154863062e-12 3.257346937345821994e-15 5.296715808453160296e-18 5.075174726254770762e-21
7.741698059570292386e-21 4.508440258673045536e-24 1.546673316029573665e-27 3.126957443102604432e-31 1.662421648691933573e-34 1.282396440193412176e-30 5.824183559592051684e-27 1.558230477423641807e-23 2.456396193272324540e-20 2.281934553171666895e-17 1.248835392465407618e-14 4.026952382663040453e-12 7.650993172347853033e-10 8.565936582272115629e-08 5.650055754813365638e-06 2.195836132159456611e-04 5.028591491281986237e-03 6.784664094448089600e-02 5.393620729446411133e-01 2.526403903961181641e+00 6.972734451293945312e+00 1.133862686157226562e+01 1.086395359039306641e+01 6.133056163787841797e+00 2.040042877197265625e+00 3.998268246650695801e-01 4.617160186171531677e-02 3.141356632113456726e-03 1.259374985238537192e-04 2.974835524582886137e-06 4.139950249282264849e-08 3.394990955030152691e-10 1.640406994268817087e-12 4.669851456890567951e-15 7.832818065725934750e-18 7.741698059570292386e-21
9.359526012817633644e-21 5.527333003856504384e-24 1.922942827043491250e-27 3.942393642488362316e-31 1.302711078996327599e-34 1.019066897699606617e-30 4.693450444756872764e-27 1.273392841615327058e-23 2.035647220405532450e-20 1.917700128812722092e-17 1.064280974005619995e-14 3.480187492355124590e-12 6.705315191979366318e-10 7.612950270186047419e-08 5.092187166155781597e-06 2.006900322157889605e-04 4.660656675696372986e-03 6.376811861991882324e-02 5.140794515609741211e-01 2.441895961761474609e+00 6.834426879882812500e+00 1.127025985717773438e+01 1.095055198669433594e+01 6.269020557403564453e+00 2.114640712738037109e+00 4.202848672866821289e-01 4.921764135360717773e-02 3.395770909264683723e-03 1.380544854328036308e-04 3.306989128759596497e-06 4.667018771442599245e-08 3.881115151482816827e-10 1.901707957774334545e-12 5.489975437960020049e-15 9.338142851145860891e-18 9.359526012817633644e-21
1.422016530797566789e-20 8.661581509939073461e-24 3.107984855194456956e-27 6.572164465164912353e-31 8.172633657641569698e-35 6.122567968630768432e-31 2.908410172114335202e-27 8.138727657402207720e-24 1.341923313958699381e-20 1.303887860135603970e-17 7.463568981326117874e-15 2.517225577286508198e-12 5.002288583355607443e-10 5.857751261828525458e-08 4.041226929984986782e-06 1.642725837882608175e-04 3.934754990041255951e-03 5.552706122398376465e-02 4.617016911506652832e-01 2.261980056762695312e+00 6.529718875885009766e+00 1.110597801208496094e+01 1.112984848022460938e+01 6.571790218353271484e+00 2.286394119262695312e+00 4.686931967735290527e-01 5.661043897271156311e-02 4.028511233627796173e-03 1.689223572611808777e-04 4.173498382442630827e-06 6.074876068851153832e-08 5.210572529001922248e-10 2.633319343831042048e-12 7.840781551858664461e-15 1.375562646623017542e-17 1.422016530797566789e-20
3.185634743889952396e-20 2.060417594193346436e-23 7.850551135765070764e-27 1.762765309962026137e-30 2.330714638335256086e-34 2.266086036068863492e-31 1.143049918312021389e-27 3.396495847692431799e-24 5.946576785939924092e-21 6.135421528480889305e-18 3.729185370064409116e-15 1.335537583302404130e-12 2.818172639695859516e-10 3.504246848251568736e-08 2.567094270489178598e-06 1.108048236346803606e-04 2.818231005221605301e-03 4.223069176077842712e-02 3.728633821010589600e-01 1.939732313156127930e+00 5.945837020874023438e+00 1.073841094970703125e+01 1.142712974548339844e+01 7.164683818817138672e+00 2.646848440170288086e+00 5.761446952819824219e-01 7.389313727617263794e-02 5.583643913269042969e-03 2.486137091182172298e-04 6.522329840663587674e-06 1.008103822641714942e-07 9.181594373686152721e-10 4.927210982968999176e-12 1.557839449074175514e-14 2.902074836252876934e-17 3.185634743889952396e-20
1.084408450650759845e-19 7.690651665565233175e-23 3.213073607795935358e-26 7.910903948265553888e-30 1.147465422710899326e-33 4.862605767593138564e-32 2.689500019061040574e-28 8.762911482075617648e-25 1.682275137657060512e-21 1.903218512392633726e-18 1.268447720381075776e-15 4.981115346580633485e-13 1.152528211756376209e-10 1.571425656266001170e-08 1.262272689928067848e-06 5.974257146590389311e-05 1.666156342253088951e-03 2.737667039036750793e-02 2.650426030158996582e-01 1.511892795562744141e+00 5.081667900085449219e+00 1.006344032287597656e+01 1.174239730834960938e+01 8.072925567626953125e+00 3.270214557647705078e+00 7.805339097976684570e-01 1.097685247659683228e-01 9.095049463212490082e-03 4.440438351593911648e-04 1.277369483432266861e-05 2.164880044119854574e-07 2.162022338936253618e-09 1.272201267943362524e-11 4.410531049539243020e-14 9.009301169092344993e-17 1.084408450650759845e-19
4.799679315187143888e-19 3.813241029609977925e-22 1.784692780954531663e-25 4.922479830961028959e-29 7.999500604838724451e-33 7.137628146815823250e-33 4.422594181465938526e-29 1.614230786173717800e-25 3.471570856518101645e-22 4.399748345763294766e-19 3.284909707086832147e-16 1.445065448595420077e-13 3.745616664052597855e-11 5.721093820909572969e-09 5.148118020770198200e-07 2.729533662204630673e-05 8.527695317752659321e-04 1.569664478302001953e-02 1.702363789081573486e-01 1.087848067283630371e+00 4.096048355102539062e+00 9.086898803710937500e+00 1.187781333923339844e+01 9.147914886474609375e+00 4.151239871978759766e+00 1.109950780868530273e+00 1.748637557029724121e-01 1.623076573014259338e-02 8.877080399543046951e-04 2.860695167328231037e-05 5.431235763353470247e-07 6.076241731989284744e-09 4.005360279557557135e-11 1.555571806349104191e-13 3.559592962760745136e-16 4.799679315187143888e-19
3.446494344316492777e-18 3.192226500954947725e-21 1.741795412397131414e-24 5.600825760221686393e-28 1.061136853100281597e-31 5.135322477364824742e-34 3.710539136732174328e-30 1.578925131471276756e-26 3.958732476517189245e-23 5.849162778659237080e-20 5.091220569647530460e-17 2.611090360040650010e-14 7.890256156772856855e-12 1.405017768796312794e-09 1.473962072395806899e-07 9.110864993999712169e-06 3.318476083222776651e-04 7.121121045202016830e-03 9.003844857215881348e-02 6.707770228385925293e-01 2.944493293762207031e+00 7.615447521209716797e+00 1.160514163970947266e+01 1.042009735107421875e+01 5.512666702270507812e+00 1.718390226364135742e+00 3.156110644340515137e-01 3.415286540985107422e-02 2.177670598030090332e-03 8.181408338714390993e-05 1.810888193176651839e-06 2.361897344371755025e-08 1.815105288294205366e-10 8.218879678396906474e-13 2.192458810123610116e-15 3.446494344316492777e-18
2.367447823152908854e-17 2.556441426538625788e-20 1.626241489278547163e-23 6.096431475786675834e-27 1.346577679431924548e-30 1.751059547668073728e-34 2.976986698330346170e-31 1.476871066683169322e-27 4.316975828366853761e-24 7.436262426178653863e-21 7.546122228498730676e-18 4.511936139918633348e-15 1.589542516708397635e-12 3.299928663658135974e-10 4.035972978044810588e-08 2.908454916905611753e-06 1.235044619534164667e-04 3.089809790253639221e-03 4.554610699415206909e-02 3.955857455730438232e-01 2.024485111236572266e+00 6.104344367980957031e+00 1.084510231018066406e+01 1.135262298583984375e+01 7.002060413360595703e+00 2.544635295867919922e+00 5.448732376098632812e-01 6.874033808708190918e-02 5.109949037432670593e-03 2.238163142465054989e-04 5.775593308499082923e-06 8.782262028717013891e-08 7.868413143263808252e-10 4.153719902755259596e-12 1.291799783462166396e-14 2.367447823152908854e-17
1.555444717525698156e-16 1.958171997893652696e-19 1.452237516921900010e-22 6.346983174860195569e-26 1.634433525993490065e-29 2.479789454374096218e-33 2.284512879800842277e-32 1.321289655024831746e-28 4.502662246972754235e-25 9.042503792398500637e-22 1.069789791082686756e-18 7.457218245924960350e-16 3.062841050661263553e-13 7.413034075476332418e-11 1.057011367322502338e-08 8.880417681211838499e-07 4.396386066218838096e-05 1.282284734770655632e-03 2.203654870390892029e-02 2.231375873088836670e-01 1.331336021423339844e+00 4.680063724517822266e+00 9.693620681762695312e+00 1.183013916015625000e+01 8.506659507751464844e+00 3.604114055633544922e+00 8.997216224670410156e-01 1.323321163654327393e-01 1.146858278661966324e-02 5.856317002326250076e-04 1.761857129167765379e-05 3.123354872514028102e-07 3.262430992023723775e-09 2.007849789209537050e-11 7.279978486360305645e-14 1.555444717525698156e-16
9.773129672891161385e-16 1.434379572232784340e-18 1.240185874338680643e-21 6.319035188842895969e-25 1.897083847162689931e-28 3.355735445043820330e-32 1.676970893800629686e-33 1.130861526214220938e-29 4.492744046722830183e-26 1.051885306376953433e-22 1.450810817167508393e-19 1.179025922743847255e-16 5.645546421843838925e-14 1.592991016874378829e-11 2.648081309786221027e-09 2.593696422081848141e-07 1.496983713877853006e-05 5.090264603495597839e-04 1.019842829555273056e-02 1.203917413949966431e-01 8.374278545379638672e-01 3.431987285614013672e+00 8.287322998046875000e+00 1.179108619689941406e+01 9.884555816650390625e+00 4.882369995117187500e+00 1.420936107635498047e+00 2.436507642269134521e-01 2.461762353777885437e-02 1.465531298890709877e-03 5.140165740158408880e-05 1.062335968526895158e-06 1.293647855504787003e-08 9.281973800678855469e-11 3.923512448093802174e-13 9.773129672891161385e-16
5.874198900196990480e-15 1.005120810793291053e-17 1.013172577182359421e-20 6.018478197877558945e-24 2.106500513741116557e-27 4.344167737446873279e-31 1.176023438074527735e-34 9.255450373459257523e-31 4.286922070607704001e-27 1.170145543048643201e-23 1.881574814677300911e-20 1.782685723998346787e-17 9.951685065205315150e-15 3.273764506012133424e-12 6.344603176167140646e-10 7.244899791203351924e-08 4.874956175626721233e-06 1.932560699060559273e-04 4.514046013355255127e-03 6.212534755468368530e-02 5.038030147552490234e-01 2.407125234603881836e+00 6.776520252227783203e+00 1.124055099487304688e+01 1.098577308654785156e+01 6.326213836669921875e+00 2.146482229232788086e+00 4.291030764579772949e-01 5.054523050785064697e-02 3.508074674755334854e-03 1.434469013474881649e-04 3.456327704043360427e-06 4.906915762603603071e-08 4.104619422129474060e-10 2.022786452227087750e-12 5.874198900196990480e-15
3.376540990166973510e-14 6.735567615385773836e-17 7.915442500475654171e-20 5.481666950458527320e-23 2.236772264072215802e-26 5.377754623486480990e-30 7.615361173275493748e-34 7.246872714309492539e-32 3.913199072314503829e-28 1.245265848267490838e-24 2.334414154394924007e-21 2.578490507377594942e-18 1.678114146529434067e-15 6.435882642791268538e-13 1.454116826948848029e-10 1.935805116204392107e-08 1.518571707492810674e-06 7.018307223916053772e-05 1.911168685182929039e-03 3.066451102495193481e-02 2.899104952812194824e-01 1.614863634109497070e+00 5.300026893615722656e+00 1.024931240081787109e+01 1.167809486389160156e+01 7.840060234069824219e+00 3.101252555847167969e+00 7.227816581726074219e-01 9.925672411918640137e-02 8.031242527067661285e-03 3.828608896583318710e-04 1.075471482181455940e-05 1.780027787390281446e-07 1.735898869092977748e-09 9.973289555320619115e-12 3.376540990166973510e-14
1.856626560391844150e-13 4.317849180906710308e-16 5.915767232335036157e-19 4.776274849639099015e-22 2.272153353598718606e-25 6.368753010653424187e-29 1.051583874997377801e-32 5.425921762290379600e-33 3.415873284642057843e-29 1.267290376355099012e-25 2.769699978344090266e-22 3.566628576412136353e-19 2.706167563732634999e-16 1.209983990172608381e-13 3.187211605748530019e-11 4.946671516847800376e-09 4.524069936451269314e-07 2.437614966765977442e-05 7.738768472336232662e-04 1.447599753737449646e-02 1.595575660467147827e-01 1.036165475845336914e+00 3.964706420898437500e+00 8.938583374023437500e+00 1.187368774414062500e+01 9.293359756469726562e+00 4.285780906677246094e+00 1.164504766464233398e+00 1.864376515150070190e-01 1.758717373013496399e-02 9.774534264579415321e-04 3.201057552359998226e-05 6.176762212817266118e-07 7.022610049034483382e-09 4.703830380758944330e-11 1.856626560391844150e-13
1.060409572650744536e-12 2.897442638057469780e-15 4.664005357911349428e-18 4.424214280331081942e-21 2.472768718316893847e-24 8.143246842772248636e-28 1.579787765273480798e-31 3.396947248426092760e-34 2.513474558611845910e-30 1.095593521516262720e-26 2.813218405259257438e-23 4.256253641365055780e-20 3.794227838943984763e-17 1.993198459743477507e-14 6.168517519694605156e-12 1.124815129927014823e-09 1.208640867389476625e-07 7.651236956007778645e-06 2.853887854143977165e-04 6.272089667618274689e-03 8.122344315052032471e-02 6.197149753570556641e-01 2.785944938659667969e+00 7.379560470581054688e+00 1.151717567443847656e+01 1.059087085723876953e+01 5.738356590270996094e+00 1.831888675689697266e+00 3.445798754692077637e-01 3.819011151790618896e-02 2.493739593774080276e-03 9.595046867616474628e-05 2.175272129534278065e-06 2.905693463617353700e-08 2.286665856665592855e-10 1.060409572650744536e-12
4.014314054778811425e-12 1.244541104829417766e-14 2.273055761912645207e-17 2.446483919971039685e-20 1.551474514859148018e-23 5.797207444047008548e-27 1.276072092506892138e-30 1.653718743104151338e-34 3.142597630539165132e-31 1.554255702220626213e-27 4.528279321578448762e-24 7.773452424686952071e-21 7.862573406720692261e-18 4.686501160018272105e-15 1.645640546575621865e-12 3.404796999895154386e-10 4.151114296746527543e-08 2.981638317578472197e-06 1.261874276679009199e-04 3.146645613014698029e-03 4.623533785343170166e-02 4.002585709095001221e-01 2.041630744934082031e+00 6.136099338531494141e+00 1.086585521697998047e+01 1.133719253540039062e+01 6.969752788543701172e+00 2.524562358856201172e+00 5.388066768646240234e-01 6.775634735822677612e-02 5.020042881369590759e-03 2.191591192968189716e-04 5.637434696836862713e-06 8.544250817976717371e-08 7.629295528666091286e-10 4.014314054778811425e-12
1.097767016178252675e-11 3.751545515212617588e-14 7.552951100763723451e-17 8.960923831499668534e-20 6.264104003556143382e-23 2.580092850041759893e-26 6.260237165021671456e-30 8.950319597981478776e-34 6.194275710118499779e-32 3.376967453464869767e-28 1.084525578067394420e-24 2.052222578943773993e-21 2.288122195025808563e-18 1.503368284895556517e-15 5.819082737369696279e-13 1.327133958284321125e-10 1.783578440495148243e-08 1.412169012837694027e-06 6.587967072846367955e-05 1.810865243896842003e-03 2.933033928275108337e-02 2.798895835876464844e-01 1.573717117309570312e+00 5.213704109191894531e+00 1.017703247070312500e+01 1.170486450195312500e+01 7.931979179382324219e+00 3.167050361633300781e+00 7.450838088989257812e-01 1.032822355628013611e-01 8.435053750872612000e-03 4.059225320816040039e-04 1.150982552644563839e-05 1.922933563491824316e-07 1.892689560634153167e-09 1.097767016178252675e-11
3.135417619981595294e-11 1.188379229006761295e-13 2.653511760566571419e-16 3.491538154380338192e-19 2.706954108160555822e-22 1.236564613875289925e-25 3.327618146793620381e-29 5.277110789632001377e-33 1.081105974807897994e-32 6.536868037352093625e-29 2.328326413026276686e-25 4.886370549491150459e-22 6.042255555703582384e-19 4.402978374385931645e-16 1.890141960048802305e-13 4.780940227044894186e-11 7.126102374854781374e-09 6.257563995859527495e-07 3.237641067244112492e-05 9.870115900412201881e-04 1.773018389940261841e-02 1.876471489667892456e-01 1.170148015022277832e+00 4.299525260925292969e+00 9.307956695556640625e+00 1.187294578552246094e+01 8.923446655273437500e+00 3.951536655426025391e+00 1.031039476394653320e+00 1.585093140602111816e-01 1.435744203627109528e-02 7.662868592888116837e-04 2.409772059763781726e-05 4.465100005290878471e-07 4.874227244044959662e-09 3.135417619981595294e-11
5.735388552974285403e-11 2.309375021943005368e-13 5.478110941588710658e-16 7.657675185522172573e-19 6.307172401102100072e-22 3.060842435053811960e-25 8.750467517148267066e-29 1.474236836128965300e-32 3.861748000316794936e-33 2.480604539218220515e-29 9.386535116898707505e-26 2.092769474114056725e-22 2.749198872317460337e-19 2.128264247694015626e-16 9.706115306016421806e-14 2.608177562812841188e-11 4.129979025435659423e-09 3.852769623335916549e-07 2.117720032401848584e-05 6.858583074063062668e-04 1.308874227106571198e-02 1.471630036830902100e-01 9.749212265014648438e-01 3.805589675903320312e+00 8.752413749694824219e+00 1.186052227020263672e+01 9.470002174377441406e+00 4.455084323883056641e+00 1.234915494918823242e+00 2.016918510198593140e-01 1.940811052918434143e-02 1.100447494536638260e-03 3.676426422316581011e-05 7.236920964714954607e-07 8.392693651160243462e-09 5.735388552974285403e-11
9.433271525027819848e-11 3.994575937388278319e-13 9.965202864010546530e-16 1.464976569500814558e-18 1.268952110077010037e-21 6.476343421067215222e-25 1.947131303438779691e-28 3.449944264296121740e-32 1.629908875439505510e-33 1.101181441138444581e-29 4.382060698744500188e-26 1.027475299396773786e-22 1.419491432730777960e-19 1.155661577685021448e-16 5.542775236727116861e-14 1.566372032080209920e-11 2.608453453234460540e-09 2.559091853981954046e-07 1.479306320106843486e-05 5.038495874032378197e-04 1.011210866272449493e-02 1.195692270994186401e-01 8.330422639846801758e-01 3.419770002365112305e+00 8.271415710449218750e+00 1.178779792785644531e+01 9.898194313049316406e+00 4.897103786468505859e+00 1.427570581436157227e+00 2.452030330896377563e-01 2.481407299637794495e-02 1.479657832533121109e-03 5.198703365749679506e-05 1.076214630302274600e-06 1.312574671175070762e-08 9.433271525027819848e-11
2.130480236672838146e-10 9.807767662253774610e-13 2.659917658988418879e-15 4.251033782733025255e-18 4.003063834061517533e-21 2.221061544476915368e-24 7.259572406389053210e-28 1.398344099653436445e-31 3.856594926956377733e-34 2.833337103899973709e-30 1.225743553074876691e-26 3.124455271260793348e-23 4.692679625544288416e-20 4.153399587081860016e-17 2.165636241299381815e-14 6.653278188800682003e-12 1.204499389118041108e-09 1.284671213852561777e-07 8.073257049545645714e-06 2.989337081089615822e-04 6.522291805595159531e-03 8.384196460247039795e-02 6.350277662277221680e-01 2.834045648574829102e+00 7.452006340026855469e+00 1.154541873931884766e+01 1.053940773010253906e+01 5.668706893920898438e+00 1.796493291854858398e+00 3.354574143886566162e-01 3.690570965409278870e-02 2.392435912042856216e-03 9.138124005403369665e-05 2.056573976005893201e-06 2.726815750975219999e-08 2.130480236672838146e-10
7.571772098202700363e-10 3.980849504203742839e-12 1.232991895296900106e-14 2.250476543604030231e-17 2.420232890867271862e-20 1.533598611202477802e-23 5.724686937177096060e-27 1.259320827809934212e-30 1.630702931057035581e-34 3.185420654640750902e-31 1.573825172682042136e-27 4.581656805869323305e-24 7.858753809769349158e-21 7.943702454019280662e-18 4.730308857017317264e-15 1.659689529906471783e-12 3.431520345653638060e-10 4.179827328698593192e-08 2.999855041707633063e-06 1.268564956262707710e-04 3.161004278808832169e-03 4.640581831336021423e-02 4.014114141464233398e-01 2.045933246612548828e+00 6.143892288208007812e+00 1.087091732025146484e+01 1.133336257934570312e+01 6.961676597595214844e+00 2.519657373428344727e+00 5.373276472091674805e-01 6.751233339309692383e-02 4.998223856091499329e-03 2.180313167627900839e-04 5.603916179097723216e-06 8.485736202601401601e-08 7.571772098202700363e-10
2.602748683244726635e-09 1.562773174756948436e-11 5.528036863444892035e-14 1.152311562378630690e-16 1.415274104076464633e-19 1.024188147559154038e-22 4.366226164964934987e-26 1.096938602424631810e-29 1.623604184957267097e-33 3.463816273130175555e-32 1.954498466958546964e-28 6.498046463684042547e-25 1.272918174542324712e-21 1.469465265094833562e-18 9.993375179836224559e-16 4.004371161915598609e-13 9.455444760497755396e-11 1.315344100305537722e-08 1.078121044884028379e-06 5.206726200412958860e-05 1.481716637499630451e-03 2.484266087412834167e-02 2.454153150320053101e-01 1.428534030914306641e+00 4.899242401123046875e+00 9.900049209594726562e+00 1.178734588623046875e+01 8.269106864929199219e+00 3.417999744415283203e+00 8.324455022811889648e-01 1.194503009319305420e-01 1.009964291006326675e-02 5.031470209360122681e-04 1.476909983466612175e-05 2.554099012286314974e-07 2.602748683244726635e-09
8.653344707454380114e-09 5.933815244718587678e-11 2.397142000957336316e-13 5.706620843121015633e-16 8.004505812511062929e-19 6.615460252604430169e-22 3.220891958923774229e-25 9.241418356334169778e-29 1.562304579018983374e-32 3.642897400816578503e-33 2.347621183044158553e-29 8.913746124496466974e-26 1.994179026574727858e-22 2.629114219359781658e-19 2.041966942840971405e-16 9.344540657756084112e-14 2.519941200151976091e-11 4.003446463229920482e-09 3.747554160327126738e-07 2.066961133095901459e-05 6.717693759128451347e-04 1.286290958523750305e-02 1.451203823089599609e-01 9.647276997566223145e-01 3.778584003448486328e+00 8.720140457153320312e+00 1.185736274719238281e+01 9.499876022338867188e+00 4.484536170959472656e+00 1.247347593307495117e+00 2.044118791818618774e-01 1.973835006356239319e-02 1.123015652410686016e-03 3.764705616049468517e-05 7.435380098286259454e-07 8.653344707454380114e-09
2.782889652053199825e-08 2.179406100033531857e-10 1.005520536626058892e-12 2.733799684296201599e-15 4.379387811973184836e-18 4.133633566738802699e-21 2.298482325867568520e-24 7.531674529686887246e-28 1.454169501868337701e-31 3.703591250638654500e-34 2.726727477523333626e-30 1.182406970801055089e-26 3.021079467252648988e-23 4.548855535241191401e-20 4.034899677760983398e-17 2.108782034626957569e-14 6.494682396052109397e-12 1.178400377277455391e-09 1.259792128394110478e-07 7.935497706057503819e-06 2.945474116131663322e-04 6.441184319555759430e-03 8.299395442008972168e-02 6.301087141036987305e-01 2.818585872650146484e+00 7.428774833679199219e+00 1.153647899627685547e+01 1.055591773986816406e+01 5.690980911254882812e+00 1.807791352272033691e+00 3.383451104164123535e-01 3.731264173984527588e-02 2.424501813948154449e-03 9.282374230679124594e-05 2.093747070830431767e-06 2.782889652053199825e-08
8.655132432977552526e-08 7.741076668565938235e-10 4.078906483406807837e-12 1.266504838558311224e-14 2.317074012773532064e-17 2.497716772926189279e-20 1.586123494626989475e-23 5.935726103437171713e-27 1.308827571730973409e-30 1.698420818802755535e-34 3.063809886576431148e-31 1.517313284399368010e-27 4.427466447765276948e-24 7.613393783951508163e-21 7.712498028185196450e-18 4.603418239320939548e-15 1.619184604104151326e-12 3.355195288268220111e-10 4.096457928426389117e-08 2.946935182990273461e-06 1.249217020813375711e-04 3.119857050478458405e-03 4.590938612818717957e-02 3.980685472488403320e-01 2.033572196960449219e+00 6.121129035949707031e+00 1.085609817504882812e+01 1.134445762634277344e+01 6.984910488128662109e+00 2.534008979797363281e+00 5.416352748870849609e-01 6.821646541357040405e-02 5.062229465693235397e-03 2.213423140347003937e-04 5.701857844542246312e-06 8.655132432977552526e-08
2.603565860681555932e-07 2.659389153336633171e-09 1.600330458428889102e-11 5.674911360059251009e-14 1.185705571626335464e-16 1.459709729594930434e-19 1.058640101427307496e-22 4.524509873002366598e-26 1.139374437494966331e-29 1.690007860835218118e-33 3.329645935674495070e-32 1.883197170039928816e-28 6.275651290322200662e-25 1.232460742509581286e-21 1.425852994478587731e-18 9.719556956559695024e-16 3.904334537965792329e-13 9.239634751745384733e-11 1.288344009253705735e-08 1.058472889781114645e-06 5.124312156112864614e-05 1.461565960198640823e-03 2.456242218613624573e-02 2.432287931442260742e-01 1.419066429138183594e+00 4.878213882446289062e+00 9.880726814270019531e+00 1.179197025299072266e+01 8.291813850402832031e+00 3.435442924499511719e+00 8.386273384094238281e-01 1.206249222159385681e-01 1.022293232381343842e-02 5.104864249005913734e-04 1.501841325080022216e-05 2.603565860681555932e-07
7.574874416604870930e-07 8.836412490609291126e-09 6.072829739078855482e-11 2.459377645112892363e-13 5.868553425603540569e-16 8.250975132766777284e-19 6.834028492109950303e-22 3.335694639941555196e-25 9.593218349625664215e-29 1.625258913661240246e-32 3.499654230619266971e-33 2.260598188970298206e-29 8.603616552965305853e-26 1.929649447221180080e-22 2.549566586296029792e-19 1.984842776180345374e-16 9.105746484518867367e-14 2.460984541152733129e-11 3.918973590089080972e-09 3.677103563859418500e-07 2.033051714533939958e-05 6.622420041821897030e-04 1.271029375493526459e-02 1.437430530786514282e-01 9.577692151069641113e-01 3.760147094726562500e+00 8.697991371154785156e+00 1.185505962371826172e+01 9.520350456237792969e+00 4.504765510559082031e+00 1.255872964859008789e+00 2.063003778457641602e-01 1.996753364801406860e-02 1.138725783675909042e-03 3.826012107310816646e-05 7.574874416604870930e-07
2.131567725882632658e-06 2.839774992935417686e-08 2.228890405575612021e-10 1.030882410685274309e-12 2.809315424401001050e-15 4.510878923686451774e-18 4.266948989750138394e-21 2.378555652052027323e-24 7.812366782019174452e-28 1.511566775129158520e-31 3.556658818971936066e-34 2.624670117589461967e-30 1.140811506234157324e-26 2.922150314395054428e-23 4.409372850684290666e-20 3.920317957565647962e-17 2.053992216653581504e-14 6.339830570245563734e-12 1.152994810738050546e-09 1.235510609376433422e-07 7.801452738931402564e-06 2.902218257077038288e-04 6.361435167491436005e-03 8.216258883476257324e-02 6.252211332321166992e-01 2.803261756896972656e+00 7.405661582946777344e+00 1.152752494812011719e+01 1.057234191894531250e+01 5.713161468505859375e+00 1.819019913673400879e+00 3.412539958953857422e-01 3.772142902016639709e-02 2.456794958561658859e-03 9.427220356883481145e-05 2.131567725882632658e-06
5.801998213428305462e-06 8.827824871104894555e-08 7.913172339613083750e-10 4.179874328602561917e-12 1.300903778282550341e-14 2.385606753704162960e-17 2.577189442746928527e-20 1.640722766687870321e-23 6.154498648795939872e-27 1.359979067347683151e-30 1.769552691118148813e-34 2.946774377624381901e-31 1.462775185420199142e-27 4.279183080119525528e-24 7.374399171441204138e-21 7.487939998572975815e-18 4.480565851200596708e-15 1.579439487184308710e-12 3.280524740745249801e-10 4.014712828848132631e-08 2.895185616580420174e-06 1.230048947036266327e-04 3.079207846894860268e-03 4.542038217186927795e-02 3.947315216064453125e-01 2.021265029907226562e+00 6.098385810852050781e+00 1.084126663208007812e+01 1.135550689697265625e+01 7.008149623870849609e+00 2.548338413238525391e+00 5.459951758384704590e-01 6.892721354961395264e-02 5.126992706209421158e-03 2.246830554213374853e-04 5.801998213428305462e-06
1.527316089777741581e-05 2.653949024988833116e-07 2.716908920064042832e-09 1.638978189277828790e-11 5.825624271177387570e-14 1.220058316291213699e-16 1.505288027581455816e-19 1.094443153145051084e-22 4.688531927827698866e-26 1.183208151639389103e-29 1.759516494838270822e-33 3.200550795078489811e-32 1.814441471025304496e-28 6.061953801478486195e-25 1.193066467785135079e-21 1.383524094582717922e-18 9.454537288022769534e-16 3.806252730532977413e-13 9.028697234292337725e-11 1.261891124926250995e-08 1.039280050463275984e-06 5.042722477810457349e-05 1.441674074158072472e-03 2.428654953837394714e-02 2.410477399826049805e-01 1.409647703170776367e+00 4.857223510742187500e+00 9.861442565917968750e+00 1.179649925231933594e+01 8.314495086669921875e+00 3.452845573425292969e+00 8.448797464370727539e-01 1.218099445104598999e-01 1.034762989729642868e-02 5.178877036087214947e-04 1.527316089777741581e-05
3.887603816110640764e-05 7.714617140663904138e-07 9.019239577412463404e-09 6.213522751874478445e-11 2.522178700701399601e-13 6.032316658043318860e-16 8.499455535886761186e-19 7.057232961818762950e-22 3.452614426413723053e-25 9.950513261789738484e-29 1.690014399522544567e-32 3.364197241128214566e-33 2.178130169678190578e-29 8.310426536778601553e-26 1.867863589204863399e-22 2.473643038291025879e-19 1.930480201625564378e-16 8.875493113895405184e-14 2.404296900460067832e-11 3.837555162533590192e-09 3.609401346693630330e-07 2.000032327487133443e-05 6.529934471473097801e-04 1.256259158253669739e-02 1.423921287059783936e-01 9.509615302085876465e-01 3.742055416107177734e+00 8.676282882690429688e+00 1.185266304016113281e+01 9.540438652038574219e+00 4.524603843688964844e+00 1.264351725578308105e+00 2.081735581159591675e-01 2.019543759524822235e-02 1.154300989583134651e-03 3.887603816110640764e-05
9.570215479470789433e-05 2.168796982005005702e-06 2.895602335684088757e-08 2.278094102248218178e-10 1.056023541182171677e-12 2.884340732429340262e-15 4.641074670560460671e-18 4.400751108385559245e-21 2.458688142804377702e-24 8.092214514070847854e-28 1.569563785607768870e-31 3.419988774412132755e-34 2.529518457828253017e-30 1.102158015213107725e-26 2.828973219713969398e-23 4.278425636073171486e-20 3.813105424011424939e-17 2.002023018394562259e-14 6.193416439426169262e-12 1.128913851289325976e-09 1.212568463415664155e-07 7.673126674490049481e-06 2.860940003301948309e-04 6.285568699240684509e-03 8.136090636253356934e-02 6.205214262008666992e-01 2.788484811782836914e+00 7.383413791656494141e+00 1.151870632171630859e+01 1.058815765380859375e+01 5.734533309936523438e+00 1.829994201660156250e+00 3.440895080566406250e-01 3.812092170119285583e-02 2.488254569470882416e-03 9.570215479470789433e-05
1.778617588570341468e-04 4.429425644048023969e-06 6.498854077108262572e-08 5.618708276422523795e-10 2.862241693657452402e-12 8.591064701811684107e-15 1.519104125499956987e-17 1.582933371418534464e-20 9.718693777119585110e-24 3.515095630558808419e-27 7.492312760926438951e-31 9.396435775330364533e-35 5.369611174782176445e-31 2.571070831217277886e-27 7.252135563494269983e-24 1.205284708992303236e-20 1.180464654526872987e-17 6.810989811289460891e-15 2.315465961327811684e-12 4.638072426121908620e-10 5.474587894127580512e-08 3.807022949331440032e-06 1.559872762300074100e-04 3.766110865399241447e-03 5.357123166322708130e-02 4.489938318729400635e-01 2.217273712158203125e+00 6.451738834381103516e+00 1.106090641021728516e+01 1.117313003540039062e+01 6.649991512298583984e+00 2.332061767578125000e+00 4.818693995475769043e-01 5.866634100675582886e-02 4.208123311400413513e-03 1.778617588570341468e-04
3.399415290914475918e-04 9.369747203891165555e-06 1.521521539871173445e-07 1.455918052783999883e-09 8.208539750698129467e-12 2.726873495886503185e-14 5.336630499013232838e-17 6.154608913367245905e-20 4.182209828990335944e-23 1.674152352385514755e-26 3.949424791418144780e-30 5.488586080435769535e-34 9.951577657818475856e-32 5.273863522457981943e-28 1.646407732244390803e-24 3.028443124082314352e-21 3.282787442876429346e-18 2.096331582038561334e-15 7.887644530579773772e-13 1.748661215827951310e-10 2.284438771482655284e-08 1.758219468683819287e-06 7.973262108862400055e-05 2.130591776221990585e-03 3.354270011186599731e-02 3.111473321914672852e-01 1.700608611106872559e+00 5.476739883422851562e+00 1.039190864562988281e+01 1.161819458007812500e+01 7.653236389160156250e+00 2.970458507537841797e+00 6.793162226676940918e-01 9.153579175472259521e-02 7.266922853887081146e-03 3.399415290914475918e-04
7.403298513963818550e-04 2.314908488187938929e-05 4.264510948814859148e-07 4.629281402657170474e-09 2.960929071371687371e-11 1.115867313372480296e-13 2.477422610557466955e-16 3.241298699988971991e-19 2.498665546665406901e-22 1.134717370852050347e-25 3.036771127902997664e-29 4.788502603717301560e-33 1.190802666816252305e-32 7.159211234022062156e-29 2.535503473450273727e-25 5.290926694463328434e-22 6.506395903188977434e-19 4.713496947080213911e-16 2.011945026813427573e-13 5.060088806296825226e-11 7.499274090605467791e-09 6.547817292812396772e-07 3.368564648553729057e-05 1.021165167912840843e-03 1.823807135224342346e-02 1.919252723455429077e-01 1.190022706985473633e+00 4.347699165344238281e+00 9.358745574951171875e+00 1.186987400054931641e+01 8.870313644409179688e+00 3.905731916427612305e+00 1.013295412063598633e+00 1.548958569765090942e-01 1.395038794726133347e-02 7.403298513963818550e-04
1.281433040276169777e-03 4.392966366140171885e-05 8.872523267200449482e-07 1.055952836281903728e-08 7.404776791730682817e-11 3.059493576453714558e-13 7.447177729126444688e-16 1.068227453700727225e-18 9.028296723039832303e-22 4.495107917729131521e-25 1.318912094508485703e-28 2.280125787946779647e-32 2.484062743681319865e-33 1.637415407215198365e-29 6.357860827186094677e-26 1.454564845918919248e-22 1.961070748952768213e-19 1.557575667132532764e-16 7.289116955421642841e-14 2.009883579012772259e-11 3.265789860762424723e-09 3.126213528048538137e-07 1.763276304700411856e-05 5.860368255525827408e-04 1.147522125393152237e-02 1.323937773704528809e-01 9.000030755996704102e-01 3.604976177215576172e+00 8.507736206054687500e+00 1.183029556274414062e+01 9.692654609680175781e+00 4.679068565368652344e+00 1.330902695655822754e+00 2.230505347251892090e-01 2.202438749372959137e-02 1.281433040276169777e-03
2.536782529205083847e-03 9.790240437723696232e-05 2.226036485808435827e-06 2.982477909085901047e-08 2.354467731890963478e-10 1.095159770161946433e-12 3.001023967836593219e-15 4.846058298157226459e-18 4.610836000825205036e-21 2.584418963245991921e-24 8.536584330139314782e-28 1.661422556553906363e-31 3.223081072857418269e-34 2.392670790929252673e-30 1.045888736325528059e-26 2.693735323743948371e-23 4.088499151317314318e-20 3.655683358147478158e-17 1.925935403995424067e-14 5.978409607643175860e-12 1.093583668065889469e-09 1.178502060383834760e-07 7.483069566660560668e-06 2.799843205139040947e-04 6.171884015202522278e-03 8.016265928745269775e-02 6.134745478630065918e-01 2.766331195831298828e+00 7.349598884582519531e+00 1.150517463684082031e+01 1.061180973052978516e+01 5.767053604125976562e+00 1.846668243408203125e+00 3.484125733375549316e-01 3.872963041067123413e-02 2.536782529205083847e-03
4.340652842074632645e-03 1.845052611315622926e-04 4.620523213816341013e-06 6.818362408012035303e-08 5.928411095368346651e-10 3.037159065910621791e-12 9.166557520901095352e-15 1.630309128998728453e-17 1.708455282875328796e-20 1.054697406177449087e-23 3.837044094898289578e-27 8.224997919596230426e-31 1.037387425130722227e-34 4.890953636709263603e-31 2.354709357555888107e-27 6.679583473928480499e-24 1.116613532266032897e-20 1.099639347949214058e-17 6.380689874304224657e-15 2.181504542980716721e-12 4.395079578056737546e-10 5.216614695768839738e-08 3.648225174401886761e-06 1.503418316133320332e-04 3.650120925158262253e-03 5.221620202064514160e-02 4.401221871376037598e-01 2.185873985290527344e+00 6.396289348602294922e+00 1.102811431884765625e+01 1.120319938659667969e+01 6.705792903900146484e+00 2.364985942840576172e+00 4.914474487304687500e-01 6.016880273818969727e-02 4.340652842074632645e-03
7.646500132977962494e-03 3.611639840528368950e-04 1.005023932520998642e-05 1.647980241159530124e-07 1.592202369948836349e-09 9.063904141126677416e-12 3.039783729634829013e-14 6.007508386507220488e-17 6.995455454368444576e-20 4.798768997470422705e-23 1.939933149901282118e-26 4.620798703816843514e-30 6.484108572727318506e-34 8.471542108056904212e-32 4.532017456074379146e-28 1.428537267819670337e-24 2.653614388218936019e-21 2.903843182966392796e-18 1.872313178588190692e-15 7.113005930786675535e-13 1.592401488448302871e-10 2.100213158939823188e-08 1.632085968594765291e-06 7.473601726815104485e-05 2.016255864873528481e-03 3.205024823546409607e-02 3.001839518547058105e-01 1.656640291213989258e+00 5.386653900146484375e+00 1.032000923156738281e+01 1.164956665039062500e+01 7.748287677764892578e+00 3.036489486694335938e+00 7.011454701423645020e-01 9.538750350475311279e-02 7.646500132977962494e-03
1.103590242564678192e-02 5.593288224190473557e-04 1.670159690547734499e-05 2.938672309937828686e-07 3.046601415590544093e-09 1.861016549198346581e-11 6.697244213198227936e-14 1.420251112303419364e-16 1.774622170931784392e-19 1.306282977108887747e-22 5.666458756424481249e-26 1.448303531150954709e-29 2.180921485045468147e-33 2.592428188337367936e-32 1.488185568068704064e-28 5.033552817196785339e-25 1.003317778393362796e-21 1.178124808728144238e-18 8.151091754447922170e-16 3.322829207966226939e-13 7.982274563556046587e-11 1.129678572908687784e-08 9.420050446351524442e-07 4.628689930541440845e-05 1.339958515018224716e-03 2.285572513937950134e-02 2.297042310237884521e-01 1.360280990600585938e+00 4.746104240417480469e+00 9.756998062133789062e+00 1.181855964660644531e+01 8.434869766235351562e+00 3.547009944915771484e+00 8.788537979125976562e-01 1.282975971698760986e-01 1.103590242564678192e-02
1.813408359885215759e-02 1.014170469716191292e-03 3.341632691444829106e-05 6.487975952040869743e-07 7.422152226155276367e-09 5.002887340510575598e-11 1.986648692775538905e-13 4.648857745292870117e-16 6.409756392224407210e-19 5.206358785939718603e-22 2.492094923026290263e-25 7.028516424289729089e-29 1.167958109602371970e-32 4.883695238272844298e-33 3.093574325126822512e-29 1.154616017407701047e-25 2.539545454733663251e-22 3.290522925772295554e-19 2.512140902878644624e-16 1.130038310105316302e-13 2.995496559132782011e-11 4.677923826079677383e-09 4.304350795791833661e-07 2.333836528123356402e-05 7.455215090885758400e-04 1.403200253844261169e-02 1.556142866611480713e-01 1.016871809959411621e+00 3.914992809295654297e+00 8.881082534790039062e+00 1.187055969238281250e+01 9.348483085632324219e+00 4.337917327880859375e+00 1.186018824577331543e+00 1.910514533519744873e-01 1.813408359885215759e-02
3.508195281028747559e-02 2.249728422611951828e-03 8.499831892549991608e-05 1.892307636808254756e-06 2.482230598843671032e-08 1.918508685250230883e-10 8.735711264605539039e-13 2.343987498673247294e-15 3.705794786836553127e-18 3.451462400769009064e-21 1.894369197291153613e-24 6.126338375224590245e-28 1.167352994497927427e-31 4.652835770117528145e-34 3.380573170478954936e-30 1.446760423116438185e-26 3.648806381795768568e-23 5.421140109398233581e-20 4.745702595572700504e-17 2.447825945303509776e-14 7.440270621827949071e-12 1.332303378731580779e-09 1.405686731459354633e-07 8.739434633753262460e-06 3.201132640242576599e-04 6.908664479851722717e-03 8.785267174243927002e-02 6.582700014114379883e-01 2.906026363372802734e+00 7.559021949768066406e+00 1.158519363403320312e+01 1.046174526214599609e+01 5.566410064697265625e+00 1.745083570480346680e+00 3.223351836204528809e-01 3.508195281028747559e-02
5.570000410079956055e-02 3.949737641960382462e-03 1.650119374971836805e-04 4.062218067701905966e-06 5.892252730177460762e-08 5.035812322695676357e-10 2.535550762405858194e-12 7.523080669167257761e-15 1.315192193104814902e-17 1.354497751739212515e-20 8.220669006210229879e-24 2.939720207813232934e-27 6.194030501996918250e-31 8.076753381849669961e-35 6.497679500723928270e-31 3.074894297261973224e-27 8.575315625648629715e-24 1.408820576646645158e-20 1.363744303621166159e-17 7.778220545407409092e-15 2.614296799874349375e-12 5.176505890602811633e-10 6.039329036866547540e-08 4.151949724473524839e-06 1.681662688497453928e-04 4.013248719274997711e-03 5.643174424767494202e-02 4.675628542900085449e-01 2.282455682754516602e+00 6.565001487731933594e+00 1.112603187561035156e+01 1.110983753204345703e+01 6.536501884460449219e+00 2.265965461730957031e+00 4.628201127052307129e-01 5.570000410079956055e-02
9.671026468276977539e-02 7.777591235935688019e-03 3.685140982270240784e-04 1.028872611641418189e-05 1.692544628895120695e-07 1.640547031556138791e-09 9.368053208169691004e-12 3.152340516984590557e-14 6.250089358177991512e-17 7.300201070495197556e-20 5.024850853108247097e-23 2.037893958741385585e-26 4.869789848337963007e-30 6.854064195579939782e-34 8.026328324660366107e-32 4.307721728821097271e-28 1.362475886248973451e-24 2.538607202505655105e-21 2.786960287665965465e-18 1.802758856366167006e-15 6.871808894484687791e-13 1.543168093309787992e-10 2.041854330059322820e-08 1.592024773344746791e-06 7.313011155929416418e-05 1.979306107386946678e-03 3.156458586454391479e-02 2.966044843196868896e-01 1.642100334167480469e+00 5.356634140014648438e+00 1.029575920104980469e+01 1.165965080261230469e+01 7.780056953430175781e+00 3.058794975280761719e+00 7.085496783256530762e-01 9.671026468276977539e-02
1.931276023387908936e-01 1.838139817118644714e-02 1.030743005685508251e-03 3.405800089240074158e-05 6.630690450037945993e-07 7.606190344233709766e-09 5.140341624576549862e-11 2.047088762608187396e-13 4.803420082343098571e-16 6.639963858625211886e-19 5.408983704788615164e-22 2.596185612508268534e-25 7.342195041744508676e-29 1.223166524219885378e-32 4.660965874756898949e-33 2.960613538444296338e-29 1.108224833204883514e-25 2.443737603596974773e-22 3.175067640811558179e-19 2.430636216320283642e-16 1.096524130175802192e-13 2.914207070103813635e-11 4.563451838635046443e-09 4.210962458728317870e-07 2.289227268192917109e-05 7.332750828936696053e-04 1.383933797478675842e-02 1.539061367511749268e-01 1.008414745330810547e+00 3.893072605133056641e+00 8.855682373046875000e+00 1.186889362335205078e+01 9.372790336608886719e+00 4.361115455627441406e+00 1.195585846900939941e+00 1.931276023387908936e-01
3.248243927955627441e-01 3.542663156986236572e-02 2.276408020406961441e-03 8.619189611636102200e-05 1.922884621308185160e-06 2.527608344848886190e-08 1.957415063369438712e-10 8.932525942875746416e-13 2.401798767872774173e-15 3.804530373473332723e-18 3.551378387064598901e-21 1.953279949186474638e-24 6.329930837058195431e-28 1.208422063478651261e-31 4.488190796718077551e-34 3.267577130314071398e-30 1.401595979250997545e-26 3.541579989937059406e-23 5.272821132571220484e-20 4.625488106278123970e-17 2.391140128780999685e-14 7.282082922777100009e-12 1.306701080672212356e-09 1.381696677071886370e-07 8.607308700447902083e-06 3.159315383527427912e-04 6.832637824118137360e-03 8.707186579704284668e-02 6.537455916404724121e-01 2.892074346542358398e+00 7.538547515869140625e+00 1.157773208618164062e+01 1.047682094573974609e+01 5.586061954498291016e+00 1.754839181900024414e+00 3.248243927955627441e-01
5.294138193130493164e-01 6.623412668704986572e-02 4.882127512246370316e-03 2.120464923791587353e-04 5.426537427410949022e-06 8.182502142517478205e-08 7.268852186825824901e-10 3.805072142787357947e-12 1.173628777034708623e-14 2.132545403672345076e-17 2.283498481583835884e-20 1.440698722243487435e-23 5.355693396900079013e-27 1.172840366696774980e-30 1.512142846339588137e-34 3.421867581726731403e-31 1.683669912984687597e-27 4.880236319760497558e-24 8.334734859982528665e-21 8.387118411642619019e-18 4.973535214854336861e-15 1.737482770505782703e-12 3.576398899252097863e-10 4.338000891834781214e-08 3.099919467786094174e-06 1.305212499573826790e-04 3.238039556890726089e-03 4.733457416296005249e-02 4.076755344867706299e-01 2.068811655044555664e+00 6.185943603515625000e+00 1.089800834655761719e+01 1.131250000000000000e+01 6.918948650360107422e+00 2.493324279785156250e+00 5.294138193130493164e-01
9.875177741050720215e-01 1.496889591217041016e-01 1.336833648383617401e-02 7.034889422357082367e-04 2.181260788347572088e-05 3.984997647421550937e-07 4.289117505607009662e-09 2.720342354156635167e-11 1.016597965747614851e-13 2.238104833315993124e-16 2.903619792502215194e-19 2.219579937479165473e-22 9.997054909269461271e-26 2.652480395523136747e-29 4.147417372137596510e-33 1.373504904850363311e-32 8.188373427669807484e-29 2.875635150840220097e-25 5.950358875420366744e-22 7.254728625777684819e-19 5.212352236805305791e-16 2.206214540483725228e-13 5.502143185509567047e-11 8.086039393617738824e-09 7.000908226473256946e-07 3.571439810912124813e-05 1.073501305654644966e-03 1.901336386799812317e-02 1.984051913022994995e-01 1.219881176948547363e+00 4.419393539428710938e+00 9.433264732360839844e+00 1.186401462554931641e+01 8.791670799255371094e+00 3.838576316833496094e+00 9.875177741050720215e-01
1.780271887779235840e+00 3.313034176826477051e-01 3.632535412907600403e-02 2.346844412386417389e-03 8.933651406550779939e-05 2.003749841605895199e-06 2.647784214104831335e-08 2.061732312652608812e-10 9.459151127308440543e-13 2.556691447772431805e-15 4.072240761281219705e-18 3.821717409456337356e-21 2.113264490639369326e-24 6.883878363242518531e-28 1.321482755832830025e-31 4.089859842262560150e-34 2.994541577985300244e-30 1.291101988704799703e-26 3.279926502816647061e-23 4.909506605431738245e-20 4.330615423259710707e-17 2.250385106397374130e-14 6.890265701747777527e-12 1.243182223831240663e-09 1.321442368862335570e-07 8.276233529613818973e-06 3.054121916648000479e-04 6.641089916229248047e-03 8.508016169071197510e-02 6.422250270843505859e-01 2.856466531753540039e+00 7.485541343688964844e+00 1.155812358856201172e+01 1.051529884338378906e+01 5.636597633361816406e+00 1.780271887779235840e+00
2.963805437088012695e+00 6.771314144134521484e-01 9.114711731672286987e-02 7.229383103549480438e-03 3.378542023710906506e-04 9.303106708102859557e-06 1.509218350292940158e-07 1.442729935519082574e-09 8.126230591209981924e-12 2.696504484815415853e-14 5.272769508746178932e-17 6.075025091151694843e-20 4.124084664227479264e-23 1.649279506414138032e-26 3.886950934214314764e-30 5.396299671991642587e-34 1.011786543967449829e-31 5.355609618947498169e-28 1.670302131848308946e-24 3.069383717642287545e-21 3.323906591126440352e-18 2.120518396089171066e-15 7.970829400162637857e-13 1.765580182055970226e-10 2.304013690945794224e-08 1.771545612427871674e-06 8.025826537050306797e-05 2.142541809007525444e-03 3.369782492518424988e-02 3.122801184654235840e-01 1.705186843872070312e+00 5.485922813415527344e+00 1.039914035797119141e+01 1.161490249633789062e+01 7.643579483032226562e+00 2.963805437088012695e+00
4.585350513458251953e+00 1.290335655212402344e+00 2.139348089694976807e-01 2.090001292526721954e-02 1.203044084832072258e-03 4.080252620042301714e-05 8.153058388415956870e-07 9.599771644275278959e-09 6.659955920085280923e-11 2.722025621397505812e-13 6.555985248562633434e-16 9.303643629338111766e-19 7.779286814698417708e-22 3.831881986349749582e-25 1.112331191254299148e-28 1.902484268749703770e-32 2.985058803343763433e-33 1.946245195108429276e-29 7.476345412760959653e-26 1.692204334233572893e-22 2.257144022591756254e-19 1.773609832142965964e-16 8.211615117265438912e-14 2.240374205597639445e-11 3.601013265353003590e-09 3.410356441690964857e-07 1.903024895000271499e-05 6.257378263399004936e-04 1.212193258106708527e-02 1.383635103702545166e-01 9.305894374847412109e-01 3.687591075897216797e+00 8.609889984130859375e+00 1.184465408325195312e+01 9.600914955139160156e+00 4.585350513458251953e+00
6.534405708312988281e+00 2.264755010604858398e+00 4.624741077423095703e-01 5.564646422863006592e-02 3.945098724216222763e-03 1.647966855671256781e-04 4.055722456541843712e-06 5.881575759758561617e-08 5.025614369102981982e-10 2.529860002042916278e-12 7.504591633994590893e-15 1.311679984223914746e-17 1.350823906596740670e-20 8.195275573671165509e-24 2.930013135707532388e-27 6.172234485743971395e-31 8.106768665825207414e-35 6.520572488305062484e-31 3.085080925923826192e-27 8.600343026727671535e-24 1.412883616729671739e-20 1.367385635395685842e-17 7.797321985400940819e-15 2.620157563137937018e-12 5.187011931084839489e-10 6.050294132364797406e-08 4.158202500548213720e-06 1.683995942585170269e-04 4.017957486212253571e-03 5.648591369390487671e-02 4.679120182991027832e-01 2.283672332763671875e+00 6.567100524902343750e+00 1.112714385986328125e+01 1.110864639282226562e+01 6.534405708312988281e+00
8.578020095825195312e+00 3.661646127700805664e+00 9.209136962890625000e-01 1.364719271659851074e-01 1.191620808094739914e-02 6.130594993010163307e-04 1.858223913586698472e-05 3.318924370887543773e-07 3.492752309597335625e-09 2.165477172577645604e-11 7.911505923042377875e-14 1.703076207485018298e-16 2.160126334990884444e-19 1.614047782276620104e-22 7.107168369878841391e-26 1.843933777931503097e-29 2.818060729026256630e-33 2.013354544930560284e-32 1.173216818292428077e-28 4.028098317533766427e-25 8.150166550735583106e-22 9.714603501266706975e-19 6.822661925302625149e-16 2.823659817248469484e-13 6.884563752418415561e-11 9.890303687143386924e-09 8.371689546038396657e-07 4.175650974502786994e-05 1.227051718160510063e-03 2.124574035406112671e-02 2.167564034461975098e-01 1.302914857864379883e+00 4.614555358886718750e+00 9.629729270935058594e+00 1.184044075012207031e+01 8.578020095825195312e+00
1.037331771850585938e+01 5.453231811523437500e+00 1.689061880111694336e+00 3.082596659660339355e-01 3.314805775880813599e-02 2.100243931636214256e-03 7.839984027668833733e-05 1.724492904031649232e-06 2.234997253935944173e-08 1.706522700928303493e-10 7.678289427881512808e-13 2.035567132468432336e-15 3.179640295237751316e-18 2.925934120436826841e-21 1.586685636908049968e-24 5.069815096710043079e-28 9.542569100427264207e-32 5.731804585993035830e-34 4.114310725731150588e-30 1.739669407605657499e-26 4.334964854677332670e-23 6.363440998763914654e-20 5.503852008157972828e-17 2.805268766847140993e-14 8.423343619834433582e-12 1.490271461790371177e-09 1.553515716068432084e-07 9.542790394334588200e-06 3.453509998507797718e-04 7.364046294242143631e-03 9.252651780843734741e-02 6.849465370178222656e-01 2.987566709518432617e+00 7.678010463714599609e+00 1.162657070159912109e+01 1.037331771850585938e+01
1.155671310424804688e+01 7.481809616088867188e+00 2.853884696960449219e+00 6.414217948913574219e-01 8.494170010089874268e-02 6.627789698541164398e-03 3.046855563297867775e-04 8.253433406935073435e-06 1.317305020620551659e-07 1.238681934800922591e-09 6.863528842493415993e-12 2.240815497565884495e-14 4.310553977299584638e-17 4.884918984841026276e-20 3.262280630999939292e-23 1.283670826532980441e-26 2.975568911083932392e-30 4.062839084227994396e-34 1.329816305483549550e-31 6.924644522375363152e-28 2.124976905714411994e-24 3.841447767329001126e-21 4.091733272416031803e-18 2.568341750687204265e-15 9.497272759895203365e-13 2.069259763537445451e-10 2.656452835481104557e-08 2.009553099924232811e-06 8.956142846727743745e-05 2.351868664845824242e-03 3.639157116413116455e-02 3.317625522613525391e-01 1.782067894935607910e+00 5.640159130096435547e+00 1.051798057556152344e+01 1.155671310424804688e+01
1.187116241455078125e+01 9.338868141174316406e+00 4.328672885894775391e+00 1.182198762893676758e+00 1.902376413345336914e-01 1.803735457360744476e-02 1.007596729323267937e-03 3.316640868433751166e-05 6.432485974983137567e-07 7.349920672083953832e-09 4.948787907244067696e-11 1.963296197707645185e-13 4.589263683497609748e-16 6.319725537366252833e-19 5.128493039666866487e-22 2.452175602993712487e-25 6.907149134019306453e-29 1.146536488300162014e-32 4.974355974763982486e-33 3.147639993490633190e-29 1.173746880435442110e-25 2.578365236770716825e-22 3.337218563820621080e-19 2.545429297705738628e-16 1.143763903033168106e-13 3.028174933028537907e-11 4.723855084876049659e-09 4.342346642260963563e-07 2.351664079469628632e-05 7.504050736315548420e-04 1.410958357155323029e-02 1.563037931919097900e-01 1.020222544670104980e+00 3.923655033111572266e+00 8.891242980957031250e+00 1.187116241455078125e+01
1.134966278076171875e+01 1.084916400909423828e+01 6.110420227050781250e+00 2.027772665023803711e+00 3.964950144290924072e-01 4.567999392747879028e-02 3.100661328062415123e-03 1.240160490851849318e-04 2.922616886280593462e-06 4.057783087318966864e-08 3.319844399385374345e-10 1.600355915495899062e-12 4.545533278255001544e-15 7.605967091455717122e-18 7.499959372313071726e-21 4.357458592300985645e-24 1.491385837709043725e-27 3.008149523768385341e-31 1.731934805593172058e-34 1.332514441176878963e-30 6.037712568084231155e-27 1.611592026724230885e-23 2.534581401706064750e-20 2.349067373633613047e-17 1.282572460644662224e-14 4.126103538698577822e-12 7.821094882842771767e-10 8.735995038477994967e-08 5.748767762270290405e-06 2.228986995760351419e-04 5.092605948448181152e-03 6.855003535747528076e-02 5.436830520629882812e-01 2.540702819824218750e+00 6.995841026306152344e+00 1.134966278076171875e+01
1.010001754760742188e+01 1.173089790344238281e+01 8.027938842773437500e+00 3.237040996551513672e+00 7.690641880035400391e-01 1.076581776142120361e-01 8.879190310835838318e-03 4.315122205298393965e-04 1.235614217875991017e-05 2.084475454466883093e-07 2.072153337806525997e-09 1.213713331227328496e-11 4.188713110630896963e-14 8.516307479711150881e-17 1.020356236905598993e-19 7.203150772268028123e-23 2.995564934703871877e-26 7.341551660772461815e-30 1.060051438350930760e-33 5.253640428613102026e-32 2.892420572085297663e-28 9.380808479764868723e-25 1.792617921366401660e-21 2.018729321851988722e-18 1.339247181035563283e-15 5.234970443246389493e-13 1.205695959738406486e-10 1.636366420143531286e-08 1.308393962062837090e-06 6.164058868307620287e-05 1.711184740997850895e-03 2.798728644847869873e-02 2.697087526321411133e-01 1.531436681747436523e+00 5.123692512512207031e+00 1.010001754760742188e+01
8.366189956665039062e+00 1.180637359619140625e+01 9.816822052001953125e+00 4.809443473815917969e+00 1.388317346572875977e+00 2.361309528350830078e-01 2.366250380873680115e-02 1.397204352542757988e-03 4.861036723013967276e-05 9.963818001779145561e-07 1.203456534426550206e-08 8.564545600497908140e-11 3.591280105328525929e-13 8.871519216471714271e-16 1.291451137587323258e-18 1.107715605346762531e-21 5.597176184606830801e-25 1.666675820119030591e-28 2.924176204026433917e-32 1.929105248502394557e-33 1.290518259801661591e-29 5.085390592912088196e-26 1.180736205805070642e-22 1.615552754198422942e-19 1.302217600499124646e-16 6.184682892771201090e-14 1.730692325563332190e-11 2.853938418923007703e-09 2.772567881947907154e-07 1.587050792295485735e-05 5.353067535907030106e-04 1.063766051083803177e-02 1.245545893907546997e-01 8.592970967292785645e-01 3.493084430694580078e+00 8.366189956665039062e+00
6.450754165649414062e+00 1.106033039093017578e+01 1.117360115051269531e+01 6.650981426239013672e+00 2.332643032073974609e+00 4.820378422737121582e-01 5.868943780660629272e-02 4.210441373288631439e-03 1.779777958290651441e-04 4.432340574567206204e-06 6.504374283622382791e-08 5.624038457163749172e-10 2.865246234717844231e-12 8.599723072598517565e-15 1.521011934864749290e-17 1.585078386456203711e-20 9.731047338895346154e-24 3.520569893832734699e-27 7.504842120112983549e-31 9.413098752136381051e-35 5.361790375767285602e-31 2.567062585817019171e-27 7.241576660277886740e-24 1.203855722172375203e-20 1.178979369018972771e-17 6.803122145758889322e-15 2.313020434907553380e-12 4.634199413100503762e-10 5.469923181067315454e-08 3.804148036579135805e-06 1.558977237436920404e-04 3.764021210372447968e-03 5.354689061641693115e-02 4.488350749015808105e-01 2.216782808303833008e+00 6.450754165649414062e+00
4.630235195159912109e+00 9.645117759704589844e+00 1.183808708190917969e+01 8.560930252075195312e+00 3.647795200347900391e+00 9.158201217651367188e-01 1.354683637619018555e-01 1.180735602974891663e-02 6.063693435862660408e-04 1.834653266996610910e-05 3.270944262112607248e-07 3.436079865082319884e-09 2.126783991973635324e-11 7.755235120537537497e-14 1.666439120840513622e-16 2.109862705069099717e-19 1.573666686735953104e-22 6.916919771442821500e-26 1.791379964574036399e-29 2.733426972476975089e-33 2.075338508986213357e-32 1.207157602072985859e-28 4.137207641487147623e-25 8.355995885690359836e-22 9.942063694058069908e-19 6.969874663348646446e-16 2.879018095973406854e-13 7.007897040445243420e-11 1.004943328553054016e-08 8.491129506182915065e-07 4.227619501762092113e-05 1.240095356479287148e-03 2.143305912613868713e-02 2.182647883892059326e-01 1.309691190719604492e+00 4.630235195159912109e+00
3.093886852264404297e+00 7.829695701599121094e+00 1.167499923706054688e+01 1.025728034973144531e+01 5.309795856475830078e+00 1.619547128677368164e+00 2.910442054271697998e-01 3.081840090453624725e-02 1.922786701470613480e-03 7.067809929139912128e-05 1.530877625555149280e-06 1.953739214854977035e-08 1.469137589360514085e-10 6.508369147437131907e-13 1.699035436810141658e-15 2.613396288456413880e-18 2.368102175362461437e-21 1.264552609931626203e-24 3.978705968254189931e-28 7.375948459248709230e-32 7.479467597835706253e-34 5.286348558924732176e-30 2.201078157003711630e-26 5.400839631020858274e-23 7.806858242971876806e-20 6.649048493779667396e-17 3.336680974921901743e-14 9.867270195362820573e-12 1.719042241887791533e-09 1.764599488751628087e-07 1.067372340912697837e-05 3.803741128649562597e-04 7.986855693161487579e-03 9.881231188774108887e-02 7.203346490859985352e-01 3.093886852264404297e+00
1.924538850784301758e+00 5.916870594024658203e+00 1.071843147277832031e+01 1.144014930725097656e+01 7.194528579711914062e+00 2.665895462036132812e+00 5.820170640945434570e-01 7.487063109874725342e-02 5.674893036484718323e-03 2.534189552534371614e-04 6.668375135632231832e-06 1.033883378909195017e-07 9.444790505241940082e-10 5.083080224094205235e-12 1.612066667763985273e-14 3.012375731342127941e-17 3.316149627384041908e-20 2.151272913458184984e-23 8.222973601715074845e-27 1.851947339212019182e-30 2.455612749820047294e-34 2.155838771893942791e-31 1.090488690124268800e-27 3.250713563546683596e-24 5.708432376158831065e-21 5.906453385432842203e-18 3.600864960753066141e-15 1.293639349288222551e-12 2.737969018173913582e-10 3.414390192801874946e-08 2.509058958821697161e-06 1.086252086679451168e-04 2.770900260657072067e-03 4.164676368236541748e-02 3.688343763351440430e-01 1.924538850784301758e+00
1.114547491073608398e+00 4.162677764892578125e+00 9.160574913024902344e+00 1.187768554687500000e+01 9.074258804321289062e+00 4.084705352783203125e+00 1.083338499069213867e+00 1.692966818809509277e-01 1.558845862746238708e-02 8.456595824100077152e-04 2.703241625567898154e-05 5.091499133413890377e-07 5.650354406583346645e-09 3.694206052173854005e-11 1.423263904735266872e-13 3.230873769612336091e-16 4.320693402151894797e-19 3.405060920748087039e-22 1.581119582272230238e-25 4.325882405602318236e-29 6.971883443349880711e-33 8.189442859516343778e-33 5.032411611260098571e-29 1.822379624625333975e-25 3.887648662109830795e-22 4.886582910341964976e-19 3.619041970163788206e-16 1.579468164331770952e-13 4.061014718947930646e-11 6.152170772821818900e-09 5.492080958902079146e-07 2.888454764615744352e-05 8.950858027674257755e-04 1.634307019412517548e-02 1.758306026458740234e-01 1.114547491073608398e+00
6.008983850479125977e-01 2.726330757141113281e+00 7.288423538208007812e+00 1.148011016845703125e+01 1.065439224243164062e+01 5.826148033142089844e+00 1.877112030982971191e+00 3.563510179519653320e-01 3.985987603664398193e-02 2.626838162541389465e-03 1.020061972667463124e-04 2.333940528842504136e-06 3.146467264514285489e-08 2.499038198600089800e-10 1.169611608085874277e-12 3.225370173037551275e-15 5.239878987793722935e-18 5.016425515717899086e-21 2.829682721212125176e-24 9.404835919527857224e-28 1.841385804588525126e-31 2.895298605727950507e-34 2.162340102009922633e-30 9.512541625737769002e-27 2.465177075952454179e-23 3.764175204067196865e-20 3.386582314293767025e-17 1.795490974865546208e-14 5.608039206628223639e-12 1.032065988226804620e-09 1.119234269708613283e-07 7.150779765652259812e-06 2.691878471523523331e-04 5.970732774585485458e-03 7.803577929735183716e-02 6.008983850479125977e-01
3.015782237052917480e-01 1.662211179733276367e+00 5.398239135742187500e+00 1.032935714721679688e+01 1.164567375183105469e+01 7.736172676086425781e+00 3.027928352355957031e+00 6.983000040054321289e-01 9.488738328218460083e-02 7.596555631607770920e-03 3.583588986657559872e-04 9.960709576262161136e-06 1.631296697723882971e-07 1.573962515877269652e-09 8.948934475394576538e-12 2.997903371403966288e-14 5.916541018439048887e-17 6.880965256538009305e-20 4.715227365430069201e-23 1.903813489352266142e-26 4.528211878689580730e-30 6.346031149188893980e-34 8.647800432996601290e-32 4.621474976061221864e-28 1.454936004974825734e-24 2.698830229231972589e-21 2.949686152899541005e-18 1.899805115198986705e-15 7.208492700319646396e-13 1.611572819637530074e-10 2.123119458019573358e-08 1.647840463192551397e-06 7.535740587627515197e-05 2.030518604442477226e-03 3.223918378353118896e-02 3.015782237052917480e-01
1.409072875976562500e-01 9.434588551521301270e-01 3.722151756286621094e+00 8.652040481567382812e+00 1.184985637664794922e+01 9.562644004821777344e+00 4.546766281127929688e+00 1.273803710937500000e+00 2.102676630020141602e-01 2.044965326786041260e-02 1.171900890767574310e-03 3.956998989451676607e-05 7.872472451708745211e-07 9.227361985608695250e-09 6.373207517285095491e-11 2.593633315929599892e-13 6.218221331724324563e-16 8.785191636808250610e-19 7.313179324279827154e-22 3.587013151874292597e-25 1.036427162509838554e-28 1.764805521467200315e-32 3.220060327882293464e-33 2.090614709299019338e-29 7.995346863067178583e-26 1.801651653530405083e-22 2.392072431641699014e-19 1.871598309250487664e-16 8.626833378514928152e-14 2.342935394306078223e-11 3.749642374373252096e-09 3.535363077844522195e-07 1.964029070222750306e-05 6.428834167309105396e-04 1.239978894591331482e-02 1.409072875976562500e-01
6.128575652837753296e-02 4.984914064407348633e-01 2.389129161834716797e+00 6.746409416198730469e+00 1.122473526000976562e+01 1.100397491455078125e+01 6.356017112731933594e+00 2.163184165954589844e+00 4.337826967239379883e-01 5.125028640031814575e-02 3.567878156900405884e-03 1.463502412661910057e-04 3.537103566486621276e-06 5.036461203644648776e-08 4.225851890637954966e-10 2.089170416524899210e-12 6.084687858139104996e-15 1.044319493815137694e-17 1.056079905739776809e-20 6.292625900673133241e-24 2.208789734575433673e-27 4.568965985713945240e-31 1.114794990870442032e-34 8.802077248674791756e-31 4.089407169603104396e-27 1.119443480517825720e-23 1.805575980311857601e-20 1.716184704088268638e-17 9.609731088135176069e-15 3.170511596317648895e-12 6.164100896377533445e-10 7.060284445969955414e-08 4.764807272295001894e-06 1.894691522466018796e-04 4.439472686499357224e-03 6.128575652837753296e-02
2.468645200133323669e-02 2.441906332969665527e-01 1.423262953758239746e+00 4.887541770935058594e+00 9.889310836791992188e+00 1.178994369506835938e+01 8.281736373901367188e+00 3.427693367004394531e+00 8.358974456787109375e-01 1.201023235917091370e-01 1.016803830862045288e-02 5.072164349257946014e-04 1.490800423198379576e-05 2.581496687525941525e-07 2.634106710530659257e-09 1.583669306803869858e-11 5.609245639043129728e-14 1.170765763321341725e-16 1.439817199085766521e-19 1.043309126159752682e-22 4.453581725010473476e-26 1.120341585282836378e-29 1.660465116405161609e-33 3.388536439409165440e-32 1.914517485389904714e-28 6.373432078638542364e-25 1.250136679393108838e-21 1.445050615725024674e-18 9.840165977919234849e-16 3.948142268846155378e-13 9.334809314420766668e-11 1.300260166203770495e-08 1.067149241862352937e-06 5.160489672562107444e-05 1.470478833653032780e-03 2.468645200133323669e-02
9.249711409211158752e-03 1.112681329250335693e-01 7.886803746223449707e-01 3.293659448623657227e+00 8.104504585266113281e+00 1.175017642974853516e+01 1.003756046295166016e+01 5.052207946777343750e+00 1.498318910598754883e+00 2.618044018745422363e-01 2.695471793413162231e-02 1.635170774534344673e-03 5.844690895173698664e-05 1.230802240570483264e-06 1.527292958769521647e-08 1.116672310175204075e-10 4.809938254982104588e-13 1.220896773029877050e-15 1.825942058797011051e-18 1.609038957290573603e-21 8.352826084801000766e-25 2.555338776170053531e-28 4.606072933435787472e-32 1.213269596469930981e-33 8.337365775580034533e-30 3.375309015930458474e-26 8.051372513973834801e-23 1.131803314810634103e-19 9.372658451129738566e-17 4.573245401080436312e-14 1.314957864817500877e-11 2.227454665160166769e-09 2.223186896799234091e-07 1.307417915086261928e-05 4.530600272119045258e-04 9.249711409211158752e-03
3.223800566047430038e-03 4.716100171208381653e-02 4.065253138542175293e-01 2.064607620239257812e+00 6.178136348724365234e+00 1.089300346374511719e+01 1.131633567810058594e+01 6.926773071289062500e+00 2.498194456100463867e+00 5.308516025543212891e-01 6.646657735109329224e-02 4.903475288301706314e-03 2.131447545252740383e-04 5.458524810819653794e-06 8.237199722316290718e-08 7.324115758322591319e-10 3.836597272516284463e-12 1.184287246719893660e-14 2.153958297317260282e-17 2.308283365363596143e-20 1.457236560032721771e-23 5.421470452662714034e-27 1.188441245602244183e-30 1.533152971150613366e-34 3.377256160519804605e-31 1.662746995254853544e-27 4.823397708247965826e-24 8.245709546556509061e-21 8.304089330476996313e-18 4.927512526698221706e-15 1.723021139828084802e-12 3.549440186212393655e-10 4.308233769734215457e-08 3.081114982705912553e-06 1.298444549320265651e-04 3.223800566047430038e-03
1.045229379087686539e-03 1.859486848115921021e-02 1.949244439601898193e-01 1.203879117965698242e+00 4.380965232849121094e+00 9.393484115600585938e+00 1.186734390258789062e+01 8.833755493164062500e+00 3.874427795410156250e+00 1.001205444335937500e+00 1.524473726749420166e-01 1.367688551545143127e-02 7.229770999401807785e-04 2.251614569104276597e-05 4.132062372264044825e-07 4.467965109000715529e-09 2.846212501794731509e-11 1.068426353249482541e-13 2.363153895505921585e-16 3.079708191844913766e-19 2.364400158419342338e-22 1.069728790808647460e-25 2.851652246281265606e-29 4.477967485614777653e-33 1.272817201546711010e-32 7.620769974844185164e-29 2.688385209920171578e-25 5.588995452472808290e-22 6.844865802136488063e-19 4.939309578071105974e-16 2.100369167869556297e-13 5.261772961784316749e-11 7.766725040880828601e-09 6.754835339961573482e-07 3.461784945102408528e-05 1.045229379087686539e-03
2.864816924557089806e-04 6.292314734309911728e-03 8.143625408411026001e-02 6.209639906883239746e-01 2.789877891540527344e+00 7.385402679443359375e+00 1.151954078674316406e+01 1.058666229248046875e+01 5.732622146606445312e+00 1.828955173492431641e+00 3.438207507133483887e-01 3.808305412530899048e-02 2.485427074134349823e-03 9.556616714689880610e-05 2.165252908525872044e-06 2.890563877144813887e-08 2.273402022190396110e-10 1.053625285976633741e-12 2.877176951277937017e-15 4.629297272998930663e-18 4.387942733588058457e-21 2.451009370752956373e-24 8.066755646135992983e-28 1.563980892737973497e-31 3.432449932885810583e-34 2.538372281278646486e-30 1.105560286015664441e-26 2.837641223340537875e-23 4.290616856585525288e-20 3.822556458818210812e-17 2.006870418545109169e-14 6.207087361459473485e-12 1.131166049717080568e-09 1.214605163113446906e-07 7.685166565352119505e-06 2.864816924557089806e-04
7.220196130219846964e-05 1.957894302904605865e-03 3.128424286842346191e-02 2.945104837417602539e-01 1.633601307868957520e+00 5.339020729064941406e+00 1.028137969970703125e+01 1.166546249389648438e+01 7.798707962036132812e+00 3.071858882904052734e+00 7.129464149475097656e-01 9.749513119459152222e-02 7.855596020817756653e-03 3.729155287146568298e-04 1.043137126544024795e-05 1.719263593713549199e-07 1.669416604954676586e-09 9.552146400249039715e-12 3.220381318384812896e-14 6.397109131530716438e-17 7.486131885151511466e-20 5.162608055265181946e-23 2.097736762122176879e-26 5.021268000045941738e-30 7.081918163452493357e-34 7.775589502158218070e-32 4.181084131257858965e-28 1.324931530579176683e-24 2.473328798515548092e-21 2.720458895524611667e-18 1.763344083989819462e-15 6.733357361260461360e-13 1.514946224023816512e-10 2.008316357660078211e-08 1.568842435517581180e-06 7.220196130219846964e-05
1.673157748882658780e-05 5.601490265689790249e-04 1.105015166103839874e-02 1.284310519695281982e-01 8.795125484466552734e-01 3.548821926116943359e+00 8.437282562255859375e+00 1.181897354125976562e+01 9.754994392395019531e+00 4.743886947631835938e+00 1.359304070472717285e+00 2.294928133487701416e-01 2.282926067709922791e-02 1.337988534942269325e-03 4.620722393156029284e-05 9.402373279954190366e-07 1.127167159609143710e-08 7.962523695947965052e-11 3.314241242557969258e-13 8.128058281634117574e-16 1.174329290487444670e-18 9.998337647391233344e-22 5.015748226565947103e-25 1.482271277950733912e-28 2.581477870712282917e-32 2.189890690613234517e-33 1.453894746520753903e-29 5.688053823704906447e-26 1.310931324215684455e-22 1.780189871936090537e-19 1.424587523946667356e-16 6.715999555529511555e-14 1.865530646627533429e-11 3.053263419872109807e-09 2.944688048955867998e-07 1.673157748882658780e-05
3.564995040505891666e-06 1.473507290938869119e-04 3.588772844523191452e-03 5.149609223008155823e-02 4.353843331336975098e-01 2.168910503387451172e+00 6.366325378417968750e+00 1.101013088226318359e+01 1.121931648254394531e+01 6.736004829406738281e+00 2.382929801940917969e+00 4.966954886913299561e-01 6.100137531757354736e-02 4.413965158164501190e-03 1.881970092654228210e-04 4.727889972855336964e-06 6.997557022714318009e-08 6.102893745918436252e-10 3.136138918002906451e-12 9.495673019589701003e-15 1.693779028272167288e-17 1.780413210701479855e-20 1.102697777880065648e-23 4.023227979668081320e-27 8.650556026853798896e-31 1.094676818315851292e-34 4.648466079253277531e-31 2.245268195873088991e-27 6.388672871327412312e-24 1.071087256185218858e-20 1.058222745550928983e-17 6.159208122772643831e-15 2.112237685106266305e-12 4.268062292478447262e-10 5.081998466494042077e-08 3.564995040505891666e-06
6.984173523960635066e-07 3.563987411325797439e-05 1.071663573384284973e-03 1.898512430489063263e-02 1.981703042984008789e-01 1.218803763389587402e+00 4.416822433471679688e+00 9.430616378784179688e+00 1.186425781250000000e+01 8.794383049011230469e+00 3.840968608856201172e+00 9.884308576583862305e-01 1.498726308345794678e-01 1.338875759392976761e-02 7.047760300338268280e-04 2.185908124374691397e-05 3.994290409536915831e-07 4.300866773832012768e-09 2.728611607494269009e-11 1.019997481659443150e-13 2.246248790406047205e-16 2.915074951516367514e-19 2.229000325082697543e-22 1.004058955417876366e-25 2.665363663144872113e-29 4.168769492336314099e-33 1.366513358325260050e-32 8.149176540329773887e-29 2.862721004783686371e-25 5.925401083427601625e-22 7.227689125529092036e-19 5.193659807846179484e-16 2.198964887132129342e-13 5.485715354192066684e-11 8.064279910513505456e-09 6.984173523960635066e-07
1.258077588772721356e-07 7.926012585812713951e-06 2.942429855465888977e-04 6.435577291995286942e-03 8.293524384498596191e-02 6.297396421432495117e-01 2.817512035369873047e+00 7.427157402038574219e+00 1.153585052490234375e+01 1.055706596374511719e+01 5.692528724670410156e+00 1.808578014373779297e+00 3.385630846023559570e-01 3.734106197953224182e-02 2.426743973046541214e-03 9.292470349464565516e-05 2.096368461934616789e-06 2.786830144430041400e-08 2.182846403631089061e-10 1.007411168374439114e-12 2.739018677800708970e-15 4.388468187147485697e-18 4.142869070589699931e-21 2.303976742072432867e-24 7.550947792122856412e-28 1.458124217512809123e-31 3.692073931476740427e-34 2.719497340909843966e-30 1.179451515745596213e-26 3.014023579771990170e-23 4.538958125341538357e-20 4.026780403740407900e-17 2.104884158410282730e-14 6.482911429905868772e-12 1.176606145847358675e-09 1.258077588772721356e-07
2.083694994325924199e-08 1.620721832296112552e-06 7.428285607602447271e-05 2.005840651690959930e-03 3.191351518034934998e-02 2.991735339164733887e-01 1.652557611465454102e+00 5.378239631652832031e+00 1.031320476531982422e+01 1.165241718292236328e+01 7.757192134857177734e+00 3.042729854583740234e+00 7.032216787338256836e-01 9.575644135475158691e-02 7.683017291128635406e-03 3.632165607996284962e-04 1.011651056614937261e-05 1.660351784948943532e-07 1.605608979104999889e-09 9.148494461985734461e-12 3.070905414182846516e-14 6.074500751701155136e-17 7.079862127296091923e-20 4.861064396522639742e-23 1.966893703932374605e-26 4.689201566447125017e-30 6.585830619224198262e-34 8.344408279785245940e-32 4.468058285586251236e-28 1.409645232430984936e-24 2.620889863028373808e-21 2.870616578531056504e-18 1.852563546631772612e-15 7.044354249224893394e-13 1.578452646366912404e-10 2.083694994325924199e-08
3.173190155081329067e-09 3.047169911951641552e-07 1.724271896819118410e-05 5.748309777118265629e-04 1.129133254289627075e-02 1.306833326816558838e-01 8.912148475646972656e-01 3.580902338027954102e+00 8.477594375610351562e+00 1.182561683654785156e+01 9.719387054443359375e+00 4.706783771514892578e+00 1.343011379241943359e+00 2.257794290781021118e-01 2.236529253423213959e-02 1.305374782532453537e-03 4.488781996769830585e-05 9.095466566577670164e-07 1.085902479047717861e-08 7.638828458667035193e-11 3.165723434263301161e-13 7.731153465627329385e-16 1.112460523366694104e-18 9.430157866724285630e-22 4.710817987957291094e-25 1.386570494937295396e-28 2.404676908192887501e-32 2.354064272410906142e-33 1.556294485641223465e-29 6.061879599249588843e-26 1.391476420775901632e-22 1.881611262323041529e-19 1.499180818702127273e-16 7.037984561461541055e-14 1.947002975510869760e-11 3.173190155081329067e-09
4.443173051704718546e-10 5.267685310172964819e-08 3.680086592794395983e-06 1.514673640485852957e-04 3.673250786960124969e-03 5.248706787824630737e-02 4.419195652008056641e-01 2.192198276519775391e+00 6.407471179962158203e+00 1.103485012054443359e+01 1.119716739654541016e+01 6.694529533386230469e+00 2.358316421508789062e+00 4.894806444644927979e-01 5.986216664314270020e-02 4.313597455620765686e-03 1.831310219131410122e-04 4.581247594614978880e-06 6.752691206202143803e-08 5.864619900819434406e-10 3.000646606188261956e-12 9.047158909623181922e-15 1.607238730842379490e-17 1.682064343925765871e-20 1.037399579792124829e-23 3.769796013844131586e-27 8.071635403424109535e-31 1.016900533059057153e-34 4.984222530678647512e-31 2.396850630669025215e-27 6.792617775315788838e-24 1.134011466993495875e-20 1.115499626296244555e-17 6.465316936064401804e-15 2.208195648903399366e-12 4.443173051704718546e-10
5.720389092966904343e-11 8.372945003998211178e-09 7.221792088785150554e-07 3.669721263577230275e-05 1.098729553632438183e-03 1.938291639089584351e-02 2.014832794666290283e-01 1.233962655067443848e+00 4.452823162078857422e+00 9.467687606811523438e+00 1.186075210571289062e+01 8.754890441894531250e+00 3.807671070098876953e+00 9.757119417190551758e-01 1.473211050033569336e-01 1.310626044869422913e-02 6.869571516290307045e-04 2.121673242072574794e-05 3.860987476400623564e-07 4.139875109387958219e-09 2.615116456716748417e-11 9.734518692430110809e-14 2.135054010859646894e-16 2.758684565991912182e-19 2.100535904389266212e-22 9.423880285189935967e-26 2.491148855200463726e-29 3.879090950095239260e-33 1.467691095836411392e-32 8.713890496385707732e-29 3.048838930304742739e-25 6.284069000216456091e-22 7.631661389233145544e-19 5.460917231550632429e-16 2.302729404726755469e-13 5.720389092966904343e-11
6.771613651757046881e-12 1.223691148410921414e-09 1.303068586366862291e-07 8.174883987521752715e-06 3.021803568117320538e-04 6.581440102308988571e-03 8.446358144283294678e-02 6.386444568634033203e-01 2.845241546630859375e+00 7.468897819519042969e+00 1.155184364318847656e+01 1.052728462219238281e+01 5.652644157409667969e+00 1.788308620452880859e+00 3.333594202995300293e-01 3.661449253559112549e-02 2.369368448853492737e-03 9.034582035383209586e-05 2.029801407843478955e-06 2.687013989088882226e-08 2.095570383886524723e-10 9.630603606258780758e-13 2.607803533392124423e-15 4.160009587356771260e-18 3.910661135732095381e-21 2.166087800144326108e-24 7.069256342627081434e-28 1.359079532050659904e-31 3.972373773672680413e-34 2.912835880885633079e-30 1.258247780895091173e-26 3.201845365962233401e-23 4.800682917914717992e-20 4.241089665563096522e-17 2.207919787213137586e-14 6.771613651757046881e-12
7.638076369304025448e-13 1.698420848406101413e-10 2.225484863060955831e-08 1.717989448479784187e-06 7.814238779246807098e-05 2.094223164021968842e-03 3.307158499956130981e-02 3.076992034912109375e-01 1.686816453933715820e+00 5.448650360107421875e+00 1.036967849731445312e+01 1.162818622589111328e+01 7.682962417602539062e+00 2.990910053253173828e+00 6.860490441322326660e-01 9.272075444459915161e-02 7.383127231150865555e-03 3.464154724497348070e-04 9.576885531714651734e-06 1.559991460453602485e-07 1.497057700028392446e-09 8.465847814442817310e-12 2.820806739231573879e-14 5.537039817822580383e-17 6.404937677415373690e-20 4.365383331182654885e-23 1.753072185200241600e-26 4.147244880096556847e-30 5.780612856313604209e-34 9.464838360984789623e-32 5.030898793288782397e-28 1.575298725564024120e-24 2.906356031651532451e-21 3.159400633214650697e-18 2.023921911751343401e-15 7.638076369304025448e-13
7.941355364103619419e-14 2.172908727948730245e-11 3.503549450556420197e-09 3.328060529383947141e-07 1.862711724243126810e-05 6.142834899947047234e-04 1.193686015903949738e-02 1.366622000932693481e-01 9.218853712081909180e-01 3.664266109466552734e+00 8.581251144409179688e+00 1.184088516235351562e+01 9.626934051513671875e+00 4.611600875854492188e+00 1.301638603210449219e+00 2.164709866046905518e-01 2.121054381132125854e-02 1.224603271111845970e-03 4.165909194853156805e-05 8.350148164026904851e-07 9.860548821905013028e-09 6.861519685763539655e-11 2.813259065807816039e-13 6.795236586657307006e-16 9.672268397516243019e-19 8.111895311017584016e-22 4.008556260759178912e-25 1.166906268088400251e-28 2.001851598023794936e-32 2.834480915739305459e-33 1.854049424037843243e-29 7.143649488959819964e-26 1.621781774591406904e-22 2.169384553996884206e-19 1.710075214258400980e-16 7.941355364103619419e-14
7.612689131690237448e-15 2.563110747949570722e-12 5.085318277586736713e-10 5.944053071971211466e-08 4.093719780939863995e-06 1.661203714320436120e-04 3.972170874476432800e-03 5.595874041318893433e-02 4.644916057586669922e-01 2.271808862686157227e+00 6.546616077423095703e+00 1.111557865142822266e+01 1.112032318115234375e+01 6.554883003234863281e+00 2.276592016220092773e+00 4.658818244934082031e-01 5.617095530033111572e-02 3.990589641034603119e-03 1.670447818469256163e-04 4.120011908526066691e-06 5.986730400309170363e-08 5.126141733313716031e-10 2.586196231127435574e-12 7.686691859193003906e-15 1.346309238823957207e-17 1.389382640045215954e-20 8.448263265975543995e-24 3.026206017895886147e-27 6.388210413809251924e-31 7.934693626814724344e-35 6.300216198090877783e-31 2.987004484249861716e-27 8.344297709554656408e-24 1.373458120783863057e-20 1.332229218591263336e-17 7.612689131690237448e-15
6.727583535764514004e-16 2.787216529624714223e-13 6.804631857981746634e-11 9.787022747786977561e-09 8.294068720715586096e-07 4.141471436014398932e-05 1.218549907207489014e-03 2.112344093620777130e-02 2.157526910305023193e-01 1.298475742340087891e+00 4.604266166687011719e+00 9.619602203369140625e+00 1.184197616577148438e+01 8.589251518249511719e+00 3.670770168304443359e+00 9.243345260620117188e-01 1.371351778507232666e-01 1.198825798928737640e-02 6.174945738166570663e-04 1.874047302408143878e-05 3.350851329741999507e-07 3.530509218307997799e-09 2.191744008506191221e-11 8.015891552956566635e-14 1.727581929440269275e-16 2.193800599233976777e-19 1.641437537776872975e-22 7.235002046974741946e-26 1.879327856411033335e-29 2.876175700362971997e-33 1.973613872728341946e-32 1.151421069111797729e-28 3.957897832097181468e-25 8.016257096529954264e-22 9.567940242757992403e-19 6.727583535764514004e-16
5.480114240683416082e-17 2.793756403247828896e-14 8.392935652024036131e-12 1.485413125834611492e-09 1.548994532640790567e-07 9.517521903035230935e-06 3.445890615694224834e-04 7.350381463766098022e-03 9.238226711750030518e-02 6.841560006141662598e-01 2.985168218612670898e+00 7.674545288085937500e+00 1.162536430358886719e+01 1.037592506408691406e+01 5.456519603729248047e+00 1.690732717514038086e+00 3.086624741554260254e-01 3.320307284593582153e-02 2.104467712342739105e-03 7.859178003855049610e-05 1.729174982756376266e-06 2.241858254592443700e-08 1.712567726519509392e-10 7.707267983547705370e-13 2.043970122821668622e-15 3.193887860903517803e-18 2.940592544451026429e-21 1.594920161467199500e-24 5.097858081147779523e-28 9.600843057374928288e-32 5.697204185283070271e-34 4.090836197584777572e-30 1.730356226692183031e-26 4.312500620451534961e-23 6.333771064167403243e-20 5.480114240683416082e-17
4.115891082205642976e-18 2.581929006194110497e-15 9.544493017113464539e-13 2.078584387943394063e-10 2.667182030791082070e-08 2.016544158323085867e-06 8.983982843346893787e-05 2.358082216233015060e-03 3.646861761808395386e-02 3.323300480842590332e-01 1.784286975860595703e+00 5.644559860229492188e+00 1.052120876312255859e+01 1.155499076843261719e+01 7.477218627929687500e+00 2.850892305374145508e+00 6.404327750205993652e-01 8.477141708135604858e-02 6.611427292227745056e-03 3.038164868485182524e-04 8.225400961237028241e-06 1.312224782168414094e-07 1.233472435302473968e-09 6.830700068072292908e-12 2.229060035510710414e-14 4.285962228560628146e-17 4.855622897107297620e-20 3.240650696067503326e-23 1.274571654954926282e-26 2.953698697627561635e-30 4.030653497889503216e-34 1.340164534902143394e-31 6.975285405815567229e-28 2.139130056430208472e-24 3.865940068278813430e-21 4.115891082205642976e-18
2.849350798958083854e-19 2.199443602625346687e-16 1.000478928761365516e-13 2.681081572031285276e-11 4.233323913638287195e-09 3.938436918815568788e-07 2.159112773369997740e-05 6.973529234528541565e-04 1.327087916433811188e-02 1.488124132156372070e-01 9.831532239913940430e-01 3.827133655548095703e+00 8.778010368347167969e+00 1.186285591125488281e+01 9.445974349975585938e+00 4.431741237640380859e+00 1.225057601928710938e+00 1.995350271463394165e-01 1.914925873279571533e-02 1.082817092537879944e-03 3.607371399994008243e-05 7.081557669152971357e-07 8.190991884760023822e-09 5.581623357953091613e-11 2.241317754222288405e-13 5.302947175074481517e-16 7.392655823042073728e-19 6.071265377553056605e-22 2.938310149760029485e-25 8.378915908570866284e-29 1.407493883194008196e-32 4.046463713237070667e-33 2.591649296376558282e-29 9.780016471232619378e-26 2.174948838034402168e-22 2.849350798958083854e-19
2.372588580053924582e-20 2.209441436904254613e-17 1.212478281973706010e-14 3.919841447957983505e-12 7.466789964105657873e-10 8.380492033666087082e-08 5.542634880839614198e-06 2.159666037186980247e-04 4.958231467753648758e-03 6.707511842250823975e-02 5.346099734306335449e-01 2.510629653930664062e+00 6.947017669677734375e+00 1.132626628875732422e+01 1.088021659851074219e+01 6.158267021179199219e+00 2.053693771362304688e+00 4.035446643829345703e-01 4.672159254550933838e-02 3.187236376106739044e-03 1.280988362850621343e-04 3.033725761270034127e-06 4.233285721966240089e-08 3.480137289457729821e-10 1.685902719511522818e-12 4.812154262578711289e-15 8.093118569606571710e-18 8.018461060303171419e-21 4.681691073969041981e-24 1.610594064215311049e-27 3.263972594436709935e-31 1.589162981079891416e-34 1.229060405875134295e-30 5.595360356225504295e-27 1.501178636808428835e-23 2.372588580053924582e-20
1.876727810937552931e-21 2.106075872224831956e-18 1.392782522038232048e-15 5.426145101815327276e-13 1.245576419783844813e-10 1.684684747260689619e-08 1.342703399132005870e-06 6.304689304670318961e-05 1.744285924360156059e-03 2.843594923615455627e-02 2.731221318244934082e-01 1.545666933059692383e+00 5.154008865356445312e+00 1.012625503540039062e+01 1.172230720520019531e+01 7.995533943176269531e+00 3.213216304779052734e+00 7.608678340911865234e-01 1.061570644378662109e-01 8.726870641112327576e-03 4.226731252856552601e-04 1.206283377541694790e-05 2.028451291380406474e-07 2.009548971670938045e-09 1.173135980719886007e-11 4.035228030082986528e-14 8.178220896259497325e-17 9.764463880639872101e-20 6.870252732442209494e-23 2.848189077573867367e-26 6.955828517996462892e-30 1.000944551820212930e-33 5.555307543864625669e-32 3.047741044310295073e-28 9.853643817745290989e-25 1.876727810937552931e-21
1.021456732452044389e-22 1.411763627104972011e-19 1.149848019991100761e-16 5.517185693764206644e-14 1.559783205373754811e-11 2.598254056351834151e-09 2.550438580328773241e-07 1.474916825827676803e-05 5.025627324357628822e-04 1.009046193212270737e-02 1.193626970052719116e-01 8.319486975669860840e-01 3.416603088378906250e+00 8.267403602600097656e+00 1.178696632385253906e+01 9.901597023010253906e+00 4.900817871093750000e+00 1.429244756698608398e+00 2.455923855304718018e-01 2.486527338624000549e-02 1.483235042542219162e-03 5.213428084971383214e-05 1.079711751117429230e-06 1.317385134314008610e-08 9.471779610636943403e-11 4.012550925205915497e-13 1.001566061667848520e-15 1.472776055496577055e-18 1.276238509025061676e-21 6.516216888559677027e-25 1.959933682002850792e-28 3.474084216284608236e-32 1.618416214108309857e-33 1.093604110513496050e-29 4.354597862183911510e-26 1.021456732452044389e-22
5.121667594233840831e-24 8.718082182906139374e-21 8.745242121944389585e-18 5.167949605039932892e-15 1.799425842705093537e-12 3.691643657433019143e-10 4.462950542460930592e-08 3.178662154823541641e-06 1.333937834715470672e-04 3.298583906143903732e-03 4.805666953325271606e-02 4.125248789787292480e-01 2.086492776870727539e+00 6.218165397644042969e+00 1.091852760314941406e+01 1.129628944396972656e+01 6.886046409606933594e+00 2.473299741744995117e+00 5.234241485595703125e-01 6.526812165975570679e-02 4.794998094439506531e-03 2.075728552881628275e-04 5.294474249240010977e-06 7.956099068451294443e-08 7.045104499781018603e-10 3.675746772929811002e-12 1.129985827943904425e-14 2.046457077729256252e-17 2.184063617136719273e-20 1.373403207229617537e-23 5.087622822754830778e-27 1.110660100962006339e-30 1.427247014243145728e-34 3.615011647917120476e-31 1.772850099059538553e-27 5.121667594233840831e-24
2.365794840833945931e-25 4.959705078724413082e-22 6.127371923747406086e-19 4.459536881856469414e-16 1.912382063687725897e-13 4.832030608969972718e-11 7.194564943802106427e-09 6.310938260867260396e-07 3.261773963458836079e-05 9.933827677741646767e-04 1.782426238059997559e-02 1.884416341781616211e-01 1.173849225044250488e+00 4.308523654937744141e+00 9.317488670349121094e+00 1.187242507934570312e+01 8.913423538208007812e+00 3.942938804626464844e+00 1.027698516845703125e+00 1.578271389007568359e-01 1.428040396422147751e-02 7.613625493831932545e-04 2.391732778050936759e-05 4.426490818332240451e-07 4.827420241326763062e-09 3.101999559995682887e-11 1.174457937586775857e-13 2.619627266302847202e-16 3.443272682625751872e-19 2.666694686525910111e-22 1.216636631554726318e-25 3.271132427084065616e-29 5.181945705725306036e-33 1.100848622835149091e-32 6.649185864296326736e-29 2.365794840833945931e-25
1.006727955357126862e-26 2.599331077038701535e-23 3.955069748633682498e-20 3.545172359182638682e-17 1.872364974652915293e-14 5.826584006940471738e-12 1.068457100572572926e-09 1.154291950911101594e-07 7.347588052653009072e-06 2.755997702479362488e-04 6.090354174375534058e-03 7.930062711238861084e-02 6.083876490592956543e-01 2.750221729278564453e+00 7.324985504150390625e+00 1.149518489837646484e+01 1.062899017333984375e+01 5.790768623352050781e+00 1.858876943588256836e+00 3.515889048576354980e-01 3.918003290891647339e-02 2.572670811787247658e-03 9.953463450074195862e-05 2.268781827297061682e-06 3.047313157367170788e-08 2.411641719657353633e-10 1.124547070047166031e-12 3.089221061711210428e-15 5.000902372924090475e-18 4.769994355630287276e-21 2.680287059690012128e-24 8.875359259216918343e-28 1.731658226466102959e-31 3.086768727555150334e-34 2.297395939360077547e-30 1.006727955357126862e-26
3.946599271633796419e-28 1.254984614619813703e-24 2.351807161581628612e-21 2.596295363267645724e-18 1.688793749686653099e-15 6.472454950473549573e-13 1.461792076273837893e-10 1.944967920053386479e-08 1.524786853224213701e-06 7.043906953185796738e-05 1.917105168104171753e-03 3.074317425489425659e-02 2.904836535453796387e-01 1.617259740829467773e+00 5.305026054382324219e+00 1.025334548950195312e+01 1.167649269104003906e+01 7.834753990173339844e+00 3.097479820251464844e+00 7.215422391891479492e-01 9.902898967266082764e-02 8.008486591279506683e-03 3.816006064880639315e-04 1.071267979568801820e-05 1.772110636011348106e-07 1.727245457772141890e-09 9.919463687946272756e-12 3.356083789238066550e-14 6.691160589636987056e-17 7.860316728762676890e-20 5.439650325380283701e-23 2.218425701347587442e-26 5.330777731487507486e-30 7.546143841466254192e-34 7.312629280547315891e-32 3.946599271633796419e-28
1.425023552021620185e-29 5.580951164679181200e-26 1.288098660392712324e-22 1.751354097288550570e-19 1.403041785095376134e-16 6.622731063641446037e-14 1.842162013210302263e-11 3.018768346407796344e-09 2.914748620241880417e-07 1.658375549595803022e-05 5.558906123042106628e-04 1.097909081727266312e-02 1.277654469013214111e-01 8.760879039764404297e-01 3.539401054382324219e+00 8.425235748291015625e+00 1.181694221496582031e+01 9.765450477600097656e+00 4.754988193511962891e+00 1.364196777343750000e+00 2.305970191955566406e-01 2.296761795878410339e-02 1.347872195765376091e-03 4.660304693970829248e-05 9.494733035353419837e-07 1.139777694447730028e-08 8.061734613207249822e-11 3.359281711308448326e-13 8.248784828815088933e-16 1.193445744636274847e-18 1.017207182931829491e-21 5.109253881814056684e-25 1.512083349413011556e-28 2.636694366853458228e-32 2.143736925309112873e-33 1.425023552021620185e-29
4.741052716301444184e-31 2.286828415922004470e-27 6.500404763360200761e-24 1.088519118242493581e-20 1.073989800642924754e-17 6.243613685417113979e-15 2.138946788785012210e-12 4.316882407096045426e-10 5.133465919016089174e-08 3.597179329517530277e-06 1.485036773374304175e-04 3.612290602177381516e-03 5.177243053913116455e-02 4.372237920761108398e-01 2.175476551055908203e+00 6.377864837646484375e+00 1.101715278625488281e+01 1.121308708190917969e+01 6.724364280700683594e+00 2.376006126403808594e+00 4.946464896202087402e-01 6.067732721567153931e-02 4.385588690638542175e-03 1.867513055913150311e-04 4.685972271545324475e-06 6.927981388571424759e-08 6.035084654243405566e-10 3.097232106202829627e-12 9.366696159744235944e-15 1.669046493392954271e-17 1.752048347391726911e-20 1.083831301584709407e-23 3.950471738972975834e-27 8.484079695703904566e-31 1.072104227332068040e-34 4.741052716301444184e-31
1.453095276355838753e-32 8.632302085410388211e-29 3.022102462074539596e-25 6.232644356873674267e-22 7.573657416729395861e-19 5.422640342059802630e-16 2.287931400325043940e-13 5.686979359653676624e-11 8.328952638692044275e-09 7.188097015387029387e-07 3.654751708381809294e-05 1.094895182177424431e-03 1.932665333151817322e-02 2.010169625282287598e-01 1.231833577156066895e+00 4.447762489318847656e+00 9.462514877319335938e+00 1.186126804351806641e+01 8.760438919067382812e+00 3.812333106994628906e+00 9.774833321571350098e-01 1.476757824420928955e-01 1.314556412398815155e-02 6.894243415445089340e-04 2.130550274159759283e-05 3.879419523400429171e-07 4.162099997984114452e-09 2.630704334927180810e-11 9.798336187555323207e-14 2.150322309129497692e-16 2.780056328080868189e-19 2.118068811324346332e-22 9.508162061044232428e-26 2.514904298284818849e-29 3.918408664736352354e-33 1.453095276355838753e-32
4.101618459190629345e-34 3.001883997819180450e-30 1.294336780639392504e-26 3.287604959323706302e-23 4.920193068087584450e-20 4.338650986602295839e-17 2.254552508497865287e-14 6.901893119526381071e-12 1.244933156563376997e-09 1.323238052464148495e-07 8.286119737022090703e-06 3.057271824218332767e-04 6.646414287388324738e-03 8.514022082090377808e-02 6.425732374191284180e-01 2.857465505599975586e+00 7.487153053283691406e+00 1.155872631072998047e+01 1.051413249969482422e+01 5.635171890258789062e+00 1.779493570327758789e+00 3.311045169830322266e-01 3.629977256059646606e-02 2.344671636819839478e-03 8.923926361603662372e-05 2.001242819460458122e-06 2.644317476097057806e-08 2.058474779520480524e-10 9.442673422691005847e-13 2.552198996778431810e-15 4.063813445200529459e-18 3.813183878215116473e-21 2.108200003627850431e-24 6.867667810900611167e-28 1.317898438458302706e-31 4.101618459190629345e-34
5.686131120333820481e-34 9.616895608229757446e-32 5.106927766738385114e-28 1.597568959171705352e-24 2.944632925924500166e-21 3.197959657468810082e-18 2.046677663637566993e-15 7.716594290635425679e-13 1.714240971395497581e-10 2.244074082113911572e-08 1.730684743961319327e-06 7.864469080232083797e-05 2.105676103383302689e-03 3.322072699666023254e-02 3.087921738624572754e-01 1.691193938255310059e+00 5.457577705383300781e+00 1.037676239013671875e+01 1.162503051757812500e+01 7.673554420471191406e+00 2.984396934509277344e+00 6.839020252227783203e-01 9.234245121479034424e-02 7.345991209149360657e-03 3.443442983552813530e-04 9.510551535640843213e-06 1.547706744986498961e-07 1.483850153860544197e-09 8.383160485236906823e-12 2.790593074003012986e-14 5.472530648827529925e-17 6.324283044047478592e-20 4.306302698091394516e-23 1.727698443368928645e-26 4.083321685377936984e-30 5.686131120333820481e-34
1.999302685460830659e-32 2.838138172538301301e-33 1.856271164784626206e-29 7.151801873377213357e-26 1.623514870445741258e-22 2.171529019734927930e-19 1.711635210719226986e-16 7.947961543465845158e-14 2.174559143863774580e-11 3.505962409278140512e-09 3.330098934384295717e-07 1.863708530436269939e-05 6.145660299807786942e-04 1.194144971668720245e-02 1.367044895887374878e-01 9.221011996269226074e-01 3.664849519729614258e+00 8.581966400146484375e+00 1.184098243713378906e+01 9.626287460327148438e+00 4.610944747924804688e+00 1.301355361938476562e+00 2.164072692394256592e-01 2.120272815227508545e-02 1.224060310050845146e-03 4.163748963037505746e-05 8.345197102244128473e-07 9.853929228142987995e-09 6.856393230947332995e-11 2.810947817826620065e-13 6.789121538173722992e-16 9.662863353951515094e-19 8.103390254499597990e-22 4.004047920685840830e-25 1.165500579970240617e-28 1.999302685460830659e-32
6.476149616392007581e-31 8.050612981840148750e-35 6.214619990848181109e-31 2.948895723254282603e-27 8.244661421781621732e-24 1.358181775080627885e-20 1.318492643748901482e-17 7.540461785244916004e-15 2.540900215924901673e-12 5.045445727880348841e-10 5.902341371211150545e-08 4.068352154718013480e-06 1.652278151595965028e-04 3.954104147851467133e-03 5.575038492679595947e-02 4.631459712982177734e-01 2.267104148864746094e+00 6.538474082946777344e+00 1.111096000671386719e+01 1.112491703033447266e+01 6.563027858734130859e+00 2.281310558319091797e+00 4.672344923019409180e-01 5.638077110052108765e-02 4.008819349110126495e-03 1.679469569353386760e-04 4.145702405367046595e-06 6.029026167198026087e-08 5.166631567021795490e-10 2.608787751795516030e-12 7.760290551979930063e-15 1.360330446515098558e-17 1.405015061152761063e-20 8.550392354209077068e-24 3.065325892112268559e-27 6.476149616392007581e-31
1.932132040661270374e-29 2.962069439919541177e-33 1.917085524891648962e-32 1.120354856143859421e-28 3.857786699363010320e-25 7.826947140019229698e-22 9.358070045692569604e-19 6.591347815319316406e-16 2.735471354639584796e-13 6.689801490544766693e-11 9.638434050884825410e-09 8.182194051187252626e-07 4.092641029274091125e-05 1.206256914883852005e-03 2.094634249806404114e-02 2.143123149871826172e-01 1.292026758193969727e+00 4.589285373687744141e+00 9.604812622070312500e+00 1.184412384033203125e+01 8.605598449707031250e+00 3.684088468551635742e+00 9.292856454849243164e-01 1.381072402000427246e-01 1.209400966763496399e-02 6.240147631615400314e-04 1.897095171443652362e-05 3.397890964151883963e-07 3.586237529162872306e-09 2.230177674478195371e-11 8.170468967193256216e-14 1.763935524745239777e-16 2.243813231538639945e-19 1.681747951380432172e-22 7.425500245931554423e-26 1.932132040661270374e-29
4.724830969491735069e-28 8.855376278430905752e-32 6.193806008289850117e-34 4.425814471749903199e-30 1.863006269393007185e-26 4.620711731565005158e-23 6.753720967637772037e-20 5.815287494017657875e-17 2.950332984646628076e-14 8.820568407619244766e-12 1.553567274825695677e-09 1.612257563010643935e-07 9.858440535026602447e-06 3.552113194018602371e-04 7.540422491729259491e-03 9.431373327970504761e-02 6.950917243957519531e-01 3.018257379531860352e+00 7.722195148468017578e+00 1.164113712310791016e+01 1.033989906311035156e+01 5.411352157592773438e+00 1.668651819229125977e+00 3.031623959541320801e-01 3.245414420962333679e-02 2.047081012278795242e-03 7.607995939906686544e-05 1.665839022280124482e-06 2.149330136091975874e-08 1.633966018044219481e-10 7.318073013892756329e-13 1.931394361933888582e-15 3.003426009345579830e-18 2.751902670477129030e-21 1.485376372370267832e-24 4.724830969491735069e-28
1.000155449791713206e-26 2.281413730087201594e-30 3.064010054897276951e-34 1.744001387347477307e-31 8.934808864740263540e-28 2.697087430388504017e-24 4.797897968813313872e-21 5.027988402082139366e-18 3.104626685197634829e-15 1.129668190588684062e-12 2.421588485290726567e-10 3.058580233528118697e-08 2.276198074468993582e-06 9.981750918086618185e-05 2.578883431851863861e-03 3.925785794854164124e-02 3.521369099617004395e-01 1.860979557037353516e+00 5.794843196868896484e+00 1.063192844390869141e+01 1.149345779418945312e+01 7.320757865905761719e+00 2.747460842132568359e+00 6.075178384780883789e-01 7.915340363979339600e-02 6.076454184949398041e-03 2.748532569967210293e-04 7.324570560740539804e-06 1.150186648146700463e-07 1.064202281852999477e-09 5.800868466132591550e-12 1.863302060930473181e-14 3.526504547118541953e-17 3.932563650506277796e-20 2.583455409093309717e-23 1.000155449791713206e-26
1.909451009855718239e-25 5.290326130881360987e-29 8.634248452499558843e-33 6.612282823702049892e-33 4.114674696397984395e-29 1.508628565241626206e-25 3.259709070666663629e-22 4.149167420875309019e-19 3.111810053985943330e-16 1.375286874400610815e-13 3.580806137715164539e-11 5.493363985920041159e-09 4.965535254086717032e-07 2.644863343448378146e-05 8.299762848764657974e-04 1.534611545503139496e-02 1.671950072050094604e-01 1.073225736618041992e+00 4.059094429016113281e+00 9.045597076416015625e+00 1.187724494934082031e+01 9.188800811767578125e+00 4.188631057739257812e+00 1.124966382980346680e+00 1.780278235673904419e-01 1.659993454813957214e-02 9.120010654442012310e-04 2.951999158540274948e-05 5.630402597489592154e-07 6.327517176885066874e-09 4.189310010005442564e-11 1.634446701245795275e-13 3.757256306634212647e-16 5.089079309234360379e-19 4.060736861618824979e-22 1.909451009855718239e-25
3.393373536229567034e-24 1.141925271520996463e-27 2.263718590446307405e-31 2.333089504265901739e-34 1.764582154030657064e-30 7.858159329417378100e-27 2.062273310586788344e-23 3.188309509948825038e-20 2.904333039325146699e-17 1.559063750496136880e-14 4.930414149867390350e-12 9.186988947362806357e-10 1.008634598065327737e-07 6.525351636810228229e-06 2.487133024260401726e-04 5.585528910160064697e-03 7.391345500946044922e-02 5.762670040130615234e-01 2.647244215011596680e+00 7.165304183959960938e+00 1.142740249633789062e+01 1.073799133300781250e+01 5.945231437683105469e+00 1.939413547515869141e+00 3.727787137031555176e-01 4.221844673156738281e-02 2.817236119881272316e-03 1.107587449951097369e-04 2.565865770520758815e-06 3.502355383488975349e-08 2.816468447353059901e-10 1.334646260696403797e-12 3.726468511886090948e-15 6.130554811346933567e-18 5.941496168300615237e-21 3.393373536229567034e-24
5.615706408941336585e-23 2.295351503335093519e-26 5.526788123102941626e-30 7.841061598763142429e-34 7.044031172373124840e-32 3.810116560936093611e-28 1.214522854107283329e-24 2.280641961972400321e-21 2.523365330200682933e-18 1.645273302735845555e-15 6.319687069662738299e-13 1.430287416281927904e-10 1.907309155058101169e-08 1.498758592788362876e-06 6.938479782547801733e-05 1.892637345008552074e-03 3.042050637304782867e-02 2.880743145942687988e-01 1.607358455657958984e+00 5.284344673156738281e+00 1.023632049560546875e+01 1.168307495117187500e+01 7.856710910797119141e+00 3.113022327423095703e+00 7.267762422561645508e-01 9.997457265853881836e-02 8.103051222860813141e-03 3.869396750815212727e-04 1.088772205548593774e-05 1.805098719387387973e-07 1.763137302823736263e-09 1.014811411986782375e-11 3.441547719550130946e-14 6.876906974035974611e-17 8.095239253902004535e-20 5.615706408941336585e-23
9.047263715991731804e-22 4.506046460256152376e-25 1.322076277036492408e-28 2.285944484983349970e-32 2.477657768837276926e-33 1.633124796410968176e-29 6.343400020717262004e-26 1.451472637388197717e-22 1.956887024510839853e-19 1.554732415756616493e-16 7.276923746739327736e-14 2.006824220690539562e-11 3.260924419379307437e-09 3.122395355603657663e-07 1.761386738508008420e-05 5.854523042216897011e-04 1.146637834608554840e-02 1.323115676641464233e-01 8.995804786682128906e-01 3.603728771209716797e+00 8.506298065185546875e+00 1.183008098602294922e+01 9.694046974182128906e+00 4.680394649505615234e+00 1.331480264663696289e+00 2.231810092926025391e-01 2.204194292426109314e-02 1.282569486647844315e-03 4.397525844979099929e-05 8.883957889338489622e-07 1.057366194601172538e-08 7.415804081922772184e-11 3.064511535158520594e-13 7.461627581811011017e-16 1.070308329929180936e-18 9.047263715991731804e-22
1.038279851374687955e-20 6.178806682685129995e-24 2.166108623298884823e-27 4.475093828043719333e-31 1.139500346458124433e-34 8.984112423052169884e-31 4.169570536864323191e-27 1.139956072864106646e-23 1.836347745333683787e-20 1.743251046347738767e-17 9.749042596970090846e-15 3.212433791199842403e-12 6.237010907739204413e-10 7.135692925430703326e-08 4.809658094018232077e-06 1.910125138238072395e-04 4.470020066946744919e-03 6.163000315427780151e-02 5.006625056266784668e-01 2.396449565887451172e+00 6.758800029754638672e+00 1.123123741149902344e+01 1.099653339385986328e+01 6.343749046325683594e+00 2.156299591064453125e+00 4.318596124649047852e-01 5.096194893121719360e-02 3.543149214237928391e-03 1.451537245884537697e-04 3.503778771118959412e-06 4.982753409876750084e-08 4.175543799611602935e-10 2.061706057612799903e-12 5.998060528073986819e-15 1.028007078545285712e-17 1.038279851374687955e-20
1.376033560545743980e-19 9.936697065999222164e-23 4.227082502789219277e-26 1.059722940283248130e-29 1.565215360171008601e-33 3.589726999529803236e-32 2.021654921895600733e-28 6.706976767469893286e-25 1.311046838695757778e-21 1.510257883798039260e-18 1.024887525683719578e-15 4.098002319430360529e-13 9.654670118930397393e-11 1.340366040381013590e-08 1.096286041502025910e-06 5.283164500724524260e-05 1.500262413173913956e-03 2.509998530149459839e-02 2.474286705255508423e-01 1.437131762504577637e+00 4.918392181396484375e+00 9.917557716369628906e+00 1.178301334381103516e+01 8.248439788818359375e+00 3.402188777923583984e+00 8.268281221389770508e-01 1.183973997831344604e-01 9.988751262426376343e-03 4.965619882568717003e-04 1.454471293982351199e-05 2.509934802219504490e-07 2.552284161794204920e-09 1.529208704109663586e-11 5.398517055480236970e-14 1.122761759222480355e-16 1.376033560545743980e-19
1.507339590596952179e-18 1.308548939038368032e-21 6.692026374201757823e-25 2.016863689676451387e-28 3.581438001114979876e-32 1.568909902181444587e-33 1.062297291719458552e-29 4.236753136300372017e-26 9.956122608018108536e-23 1.378765453765671066e-19 1.124819784586512288e-16 5.406864395768838649e-14 1.531362536777436389e-11 2.555825773242759169e-09 2.513034189632890048e-07 1.455913297832012177e-05 4.970238078385591507e-04 9.996537119150161743e-03 1.184656843543052673e-01 8.271908760070800781e-01 3.403303623199462891e+00 8.249900817871093750e+00 1.178329849243164062e+01 9.916324615478515625e+00 4.917039871215820312e+00 1.436570525169372559e+00 2.472979128360748291e-01 2.508175373077392578e-02 1.498946454375982285e-03 5.278188473312184215e-05 1.094990238925674930e-06 1.338577604315105418e-08 9.641567405571649374e-11 4.091871698246041245e-13 1.023063334352689036e-15 1.507339590596952179e-18
1.430806069268494005e-17 1.483793513182066647e-20 9.064733608717702870e-24 3.263482127788349114e-27 6.922813489619720059e-31 8.640671541895218946e-35 5.813381921313645109e-31 2.769682164139217145e-27 7.775009926414671470e-24 1.286219646727928705e-20 1.253486670077951675e-17 7.197713291270252389e-15 2.435231270109250445e-12 4.855221780175611457e-10 5.702815286667828332e-08 3.946736796933691949e-06 1.609513419680297375e-04 3.867048770189285278e-03 5.474386364221572876e-02 4.566269516944885254e-01 2.244249343872070312e+00 6.498779296875000000e+00 1.108824348449707031e+01 1.114708137512207031e+01 6.602782726287841797e+00 2.304427385330200195e+00 4.738810062408447266e-01 5.741444975137710571e-02 4.098855424672365189e-03 1.724145986372604966e-04 4.272824298823252320e-06 6.239645244932034984e-08 5.368789857129740994e-10 2.721847053299697450e-12 8.129425816327459642e-15 1.430806069268494005e-17
1.207271030463429951e-16 1.488459813500888737e-19 1.081089820612449138e-22 4.627318786772877166e-26 1.166999194208216935e-29 1.733977227027725782e-33 3.247577328203898539e-32 1.839502273314778830e-28 6.139191665746741224e-25 1.207452261470490286e-21 1.398988959917432759e-18 9.550595059406143464e-16 3.841641360493447399e-13 9.106002063496987375e-11 1.271594030072265014e-08 1.046258944370492827e-06 5.072674321127124131e-05 1.448982395231723785e-03 2.438705414533615112e-02 2.418388426303863525e-01 1.413117170333862305e+00 4.864962100982666016e+00 9.868499755859375000e+00 1.179483890533447266e+01 8.306125640869140625e+00 3.446476459503173828e+00 8.426014184951782227e-01 1.213714927434921265e-01 1.030145585536956787e-02 5.151699297130107880e-04 1.517868622613605112e-05 2.635240150539175374e-07 2.695734302449181996e-09 1.624819029322210895e-11 5.769557466332730922e-14 1.207271030463429951e-16
8.422522932999970680e-16 1.220727298611615960e-18 1.042291394617821708e-21 5.244462175778609292e-25 1.554829966381793877e-28 2.716016431773358484e-32 2.080096946852540440e-33 1.385158457268850360e-29 5.434374029215712964e-26 1.256471144109612178e-22 1.711365084550440138e-19 1.373413234344910750e-16 6.494291053277950754e-14 1.809614784409330213e-11 2.970646395539233708e-09 2.873338189601781778e-07 1.637687637412454933e-05 5.499222897924482822e-04 1.088031753897666931e-02 1.268387734889984131e-01 8.712639808654785156e-01 3.526104450225830078e+00 8.408349990844726562e+00 1.181400871276855469e+01 9.780202865600585938e+00 4.770550727844238281e+00 1.371069192886352539e+00 2.321665436029434204e-01 2.316462248563766479e-02 1.361825037747621536e-03 4.716830517281778157e-05 9.626794508221792057e-07 1.157667028905962070e-08 8.202662160616824849e-11 3.424021591431902767e-13 8.422522932999970680e-16
6.493446053209769864e-15 1.120775797833414042e-17 1.139609961088574013e-20 6.828627697917317585e-24 2.410907608147118772e-27 5.015349150890681356e-31 1.010458158209203872e-34 8.021725794079156523e-31 3.747901271864359734e-27 1.031948708709228682e-23 1.673838743592264923e-20 1.599702784589776387e-17 9.008140336907912576e-15 2.989233860439810542e-12 5.843727723942038210e-10 6.731180235419742530e-08 4.568799795379163697e-06 1.826997904572635889e-04 4.304713569581508636e-03 5.976137518882751465e-02 4.888620972633361816e-01 2.356121063232421875e+00 6.690816402435302734e+00 1.119523906707763672e+01 1.103696823120117188e+01 6.411158561706542969e+00 2.194285392761230469e+00 4.424875378608703613e-01 5.257663875818252563e-02 3.680906258523464203e-03 1.518279023002833128e-04 3.690186986204935238e-06 5.284632820234946848e-08 4.459151381475123799e-10 2.216681265626574415e-12 6.493446053209769864e-15
4.105204471174274394e-14 8.332811026578307561e-17 9.964233168450256741e-20 7.021568875838083095e-23 2.915375991092991620e-26 7.132251224066178959e-30 1.027695313496074190e-33 5.414376938397366209e-32 2.974983503612477125e-28 9.633100002320389666e-25 1.837531243688616835e-21 2.065254095405033764e-18 1.367673500866299196e-15 5.337303949498606315e-13 1.227058593622487592e-10 1.662185766804213927e-08 1.326799520029453561e-06 6.239573122002184391e-05 1.728917006403207779e-03 2.822690270841121674e-02 2.715460062026977539e-01 1.539103150367736816e+00 5.139989852905273438e+00 1.011419105529785156e+01 1.172629261016845703e+01 8.010515213012695312e+00 3.224261045455932617e+00 7.646322250366210938e-01 1.068458408117294312e-01 8.796961978077888489e-03 4.267204785719513893e-04 1.219700880028540269e-05 2.054156027497811010e-07 2.038374136148490834e-09 1.191653199728026635e-11 4.105204471174274394e-14
4.041015026941263688e-13 1.009329118629434183e-15 1.485171150180531037e-18 1.287819441497587537e-21 6.579636374958788745e-25 1.980708086459848285e-28 3.512489967714674013e-32 1.600354008723956146e-33 1.082109242779403904e-29 4.311688143022963895e-26 1.012051238542402892e-22 1.399677225885865162e-19 1.140577509081198461e-16 5.477091219799334887e-14 1.549461427219345211e-11 2.582749125679129065e-09 2.536872329983452801e-07 1.468027949158567935e-05 5.005418788641691208e-04 1.005580369383096695e-02 1.190381497144699097e-01 8.302281498908996582e-01 3.411763906478881836e+00 8.261084556579589844e+00 1.178565025329589844e+01 9.906955718994140625e+00 4.906785011291503906e+00 1.431887030601501465e+00 2.462071478366851807e-01 2.494380623102188110e-02 1.488892361521720886e-03 5.236729339230805635e-05 1.085245003196178004e-06 1.325149590059027105e-08 9.532748895813014656e-11 4.041015026941263688e-13
3.667084864933389809e-12 1.127067121814255557e-14 2.040711812066707943e-17 2.177433893774077467e-20 1.368926106048126206e-23 5.070901513791671918e-27 1.106549726355599030e-30 1.421650214724167151e-34 3.628551226948761748e-31 1.779096660241164114e-27 5.138557106214622694e-24 8.744862963031110591e-21 8.768726606715382594e-18 5.181470791976953288e-15 1.803728173765950515e-12 3.699637818321832583e-10 4.471599268640602531e-08 3.184095930919284001e-06 1.335917331743985415e-04 3.302499419078230858e-03 4.810629040002822876e-02 4.128572344779968262e-01 2.087701797485351562e+00 6.220365524291992188e+00 1.091991806030273438e+01 1.129517650604248047e+01 6.883936882019042969e+00 2.471938848495483398e+00 5.230178833007812500e-01 6.520270556211471558e-02 4.789116792380809784e-03 2.072713687084615231e-04 5.285590304993093014e-06 7.941758184415448341e-08 7.030098170268672675e-10 3.667084864933389809e-12
3.067760628860938255e-11 1.160212740767760375e-13 2.585002412303663523e-16 3.394004254378445007e-19 2.625632520034111498e-22 1.196810954632808561e-25 3.213668997001180519e-29 5.085287009309097126e-33 1.121662146215999293e-32 6.767409675785644830e-29 2.405196963935538181e-25 5.036751419397794028e-22 6.214706169808637593e-19 4.518840305471703150e-16 1.935674114484503550e-13 4.885484031214026857e-11 7.266124146809715967e-09 6.366673233060282655e-07 3.286942592239938676e-05 9.998676832765340805e-04 1.792214438319206238e-02 1.892672479152679443e-01 1.177690267562866211e+00 4.317850112915039062e+00 9.327345848083496094e+00 1.187186241149902344e+01 8.903274536132812500e+00 3.934048175811767578e+00 1.024248838424682617e+00 1.571236252784729004e-01 1.420104876160621643e-02 7.562951650470495224e-04 2.373189818172249943e-05 4.387773628877766896e-07 4.779422635436958444e-09 3.067760628860938255e-11
2.365908302603969560e-10 1.101035495415514376e-12 3.018638229732983208e-15 4.876957629939144808e-18 4.642553611334568664e-21 2.603974825086420804e-24 8.604001507842589973e-28 1.675374028806075764e-31 3.194902269216300245e-34 2.373110564931569809e-30 1.037857069197048857e-26 2.674394978702825869e-23 4.060524613859109835e-20 3.633080813345589187e-17 1.914990721877361801e-14 5.947420507468326178e-12 1.088462875387108397e-09 1.173572456991678337e-07 7.455513696186244488e-06 2.790711587294936180e-04 6.155335344374179840e-03 7.998786866664886475e-02 6.124443411827087402e-01 2.763072967529296875e+00 7.344630241394042969e+00 1.150317001342773438e+01 1.061537933349609375e+01 5.771844863891601562e+00 1.849130630493164062e+00 3.490523695945739746e-01 3.882024437189102173e-02 2.543995855376124382e-03 9.823006257647648454e-05 2.234822204627562314e-06 2.995465564481492038e-08 2.365908302603969560e-10
1.723237774697850000e-09 9.893955446593771796e-12 3.346610233942795554e-14 6.670592247397488491e-17 7.834182991284829672e-20 5.421192873464284555e-23 2.209937126599101813e-26 5.309062871364541402e-30 7.513571168511457079e-34 7.343434285504964758e-32 3.962226748685040547e-28 1.259641950796625404e-24 2.359526436907367609e-21 2.604618661386307427e-18 1.693780656163612792e-15 6.489934457898360876e-13 1.465373378195522491e-10 1.949242900423087121e-08 1.527755102870287374e-06 7.055248715914785862e-05 1.919873175211250782e-03 3.077982924878597260e-02 2.907570302486419678e-01 1.618375182151794434e+00 5.307352066040039062e+00 1.025526618957519531e+01 1.167578220367431641e+01 7.832286834716796875e+00 3.095726490020751953e+00 7.209528684616088867e-01 9.892320632934570312e-02 7.997926324605941772e-03 3.810017660725861788e-04 1.069415338861290365e-05 1.768440540672600036e-07 1.723237774697850000e-09
1.154577766726561094e-08 8.178306643014110477e-11 3.412846719640094673e-13 8.392501967766910140e-16 1.216009990975802613e-18 1.038132873335182073e-21 5.221048291073583899e-25 1.547421756480086850e-28 2.702251099051641791e-32 2.090868699538895861e-33 1.391906885701327854e-29 5.459245334443134176e-26 1.261614517211653175e-22 1.718148224067316388e-19 1.378447124680663455e-16 6.516126885031808813e-14 1.815159654527942479e-11 2.978850499602003765e-09 2.880400415961048566e-07 1.641071139601990581e-05 5.509410984814167023e-04 1.089719310402870178e-02 1.269972026348114014e-01 8.720895051956176758e-01 3.528382062911987305e+00 8.411245346069335938e+00 1.181449508666992188e+01 9.777675628662109375e+00 4.767882347106933594e+00 1.369889736175537109e+00 2.318967878818511963e-01 2.313077077269554138e-02 1.359424320980906487e-03 4.707501648226752877e-05 9.604016213415889069e-07 1.154577766726561094e-08
7.117532163647410925e-08 6.220022275016390267e-10 3.202328159590539514e-12 9.715443341051354514e-15 1.736719628231020061e-17 1.829223652308070836e-20 1.134996346580801100e-23 4.150162940814733015e-27 8.941441978117320847e-31 1.133508769100036691e-34 4.497512856302602001e-31 2.176271948208410705e-27 6.204811482425740649e-24 1.042530622682672859e-20 1.031900865842756579e-17 6.018091163210656513e-15 2.068260927107212765e-12 4.187555857626534817e-10 4.995580127342691412e-08 3.511419208734878339e-06 1.454400189686566591e-04 3.549070330336689949e-03 5.102881789207458496e-02 4.323204159736633301e-01 2.157949924468994141e+00 6.346692562103271484e+00 1.099824714660644531e+01 1.122967815399169922e+01 6.755825042724609375e+00 2.394746780395507812e+00 5.001408457756042480e-01 6.154718995094299316e-02 4.462668672204017639e-03 1.906563702505081892e-04 4.798854661203222349e-06 7.117532163647410925e-08
4.036158429698843975e-07 4.351563998028495917e-09 2.764010721689746930e-11 1.034551472809709660e-13 2.281578269938228055e-16 2.964744045372879752e-19 2.269514706561910685e-22 1.023811416187028297e-25 2.721336002153626155e-29 4.260926045388873647e-33 1.337182129409954627e-32 7.982843600682770262e-29 2.807950638653224403e-25 5.820598955793945259e-22 7.107767065260568312e-19 5.114113884978344071e-16 2.168385642483533493e-13 5.416357640175561983e-11 7.971651783122979396e-09 6.912897561051067896e-07 3.532470873324200511e-05 1.063468866050243378e-03 1.886433362960815430e-02 1.971741914749145508e-01 1.214230775833129883e+00 4.405781745910644531e+00 9.419218063354492188e+00 1.186524200439453125e+01 8.806502342224121094e+00 3.851238250732421875e+00 9.923181533813476562e-01 1.506547927856445312e-01 1.347674801945686340e-02 7.103254320099949837e-04 2.205776945629622787e-05 4.036158429698843975e-07
2.105876774294301867e-06 2.801117560125021555e-08 2.195062742682551971e-10 1.013632754121029933e-12 2.757932711754660683e-15 4.421386253214339710e-18 4.175711129744252831e-21 2.324014597925951788e-24 7.621095457004786607e-28 1.472231442766462477e-31 3.655301621282638376e-34 2.693397980897858815e-30 1.168827315800378465e-26 2.989188029665098100e-23 4.503393882645733067e-20 3.997576957650345768e-17 2.091150196796912053e-14 6.444323373544502687e-12 1.170144869888645189e-09 1.251906667221192038e-07 7.892522262409329414e-06 2.931453636847436428e-04 6.415358744561672211e-03 8.272796124219894409e-02 6.285287141799926758e-01 2.813636302947998047e+00 7.421318531036376953e+00 1.153363227844238281e+01 1.056122207641601562e+01 5.698130607604980469e+00 1.811367034912109375e+00 3.392810821533203125e-01 3.744406253099441528e-02 2.434875816106796265e-03 9.328340820502489805e-05 2.105876774294301867e-06
1.010728010442107916e-05 1.658630139900196809e-07 1.603552290951881787e-09 9.135502250512406164e-12 3.066562168042505365e-14 6.065146331589915457e-17 7.066884438966959187e-20 4.852357265395172302e-23 1.963123195324451050e-26 4.678658604634373953e-30 6.570123535138816235e-34 8.361997789503775239e-32 4.476896378101044262e-28 1.412519644354383997e-24 2.625413103106489705e-21 2.875219011459301550e-18 1.855562043265052835e-15 7.054788610932893889e-13 1.580380826204930145e-10 2.085981520849600201e-08 1.622452487026748713e-06 7.434563303831964731e-05 2.007283736020326614e-03 3.193437308073043823e-02 2.993276119232177734e-01 1.653124094009399414e+00 5.379407882690429688e+00 1.031424522399902344e+01 1.165202426910400391e+01 7.755956649780273438e+00 3.041775703430175781e+00 7.029044628143310547e-01 9.570512175559997559e-02 7.677936926484107971e-03 3.629024722613394260e-04 1.010728010442107916e-05
4.201743286103010178e-05 8.432462550445052329e-07 9.970104741796603776e-09 6.946375419314421151e-11 2.851593744121472263e-13 6.897430052952354274e-16 9.828482490172647986e-19 8.253165279231031822e-22 4.083425570159507853e-25 1.190175594417729883e-28 2.044311335596259078e-32 2.774824026422097420e-33 1.816926221580117840e-29 7.010744299059963388e-26 1.593589652887235637e-22 2.134317912138317846e-19 1.684526980033537171e-16 7.832415407438633737e-14 2.145767591388292317e-11 3.463703324158018404e-09 3.294687758170766756e-07 1.846320446929894388e-05 6.096357246860861778e-04 1.186128053814172745e-02 1.359657943248748779e-01 9.183284044265747070e-01 3.654572248458862305e+00 8.569420814514160156e+00 1.183926582336425781e+01 9.637592315673828125e+00 4.622448921203613281e+00 1.306323289871215820e+00 2.175200879573822021e-01 2.134117297828197479e-02 1.233603106811642647e-03 4.201743286103010178e-05
1.473628071835264564e-04 3.565331553545547649e-06 5.081998466494042077e-08 4.268567721510407864e-10 2.112511554575036143e-12 6.160077602093000371e-15 1.058222745550928983e-17 1.071271271559769229e-20 6.389867601168369535e-24 2.245268195873088991e-27 4.649424342248067860e-31 1.094434716989104788e-34 8.648772096626990993e-31 4.023227979668081320e-27 1.102491806297712441e-23 1.780107218498320590e-20 1.693779028272167288e-17 9.494261862699575338e-15 3.135720632804761543e-12 6.102160998722183649e-10 6.997557022714318009e-08 4.727447958430275321e-06 1.881819334812462330e-04 4.413965158164501190e-03 6.099791079759597778e-02 4.966739118099212646e-01 2.382856130599975586e+00 6.736004829406738281e+00 1.121925067901611328e+01 1.101020622253417969e+01 6.366325378417968750e+00 2.168978929519653320e+00 4.354035854339599609e-01 5.149900168180465698e-02 3.588772844523191452e-03 1.473628071835264564e-04
5.348114063963294029e-04 1.585486097610555589e-05 2.769171771888068179e-07 2.850006897148205098e-09 1.728275335344253705e-11 6.175185959366585875e-14 1.299840878988688282e-16 1.612358803058202564e-19 1.178428440558500885e-22 5.073805430961818993e-26 1.287391632907570437e-29 1.924553146628835249e-33 2.930983491812045784e-32 1.670661652509561500e-28 5.609706254010135048e-25 1.109839294634264396e-21 1.293961940939151404e-18 8.887442377088911050e-16 3.596676450591529406e-13 8.576238330615382210e-11 1.205060584652528632e-08 9.975611874324386008e-07 4.865640221396461129e-05 1.398438122123479843e-03 2.367982827126979828e-02 2.362565398216247559e-01 1.388864159584045410e+00 4.810784339904785156e+00 9.818082809448242188e+00 1.180613327026367188e+01 8.364742279052734375e+00 3.491954803466796875e+00 8.589236736297607422e-01 1.244832575321197510e-01 1.062941737473011017e-02 5.348114063963294029e-04
1.795202260836958885e-03 6.521149771288037300e-05 1.395603703713277355e-06 1.759979895155083796e-08 1.307747798939828954e-10 5.725458627169055514e-13 1.476738839583302196e-15 2.244525227250894963e-18 2.010096548324307083e-21 1.060465912103832475e-24 3.297028360745674865e-28 6.039759328691611731e-32 9.185743565802335566e-34 6.416571142833574958e-30 2.639998823924727088e-26 6.399898519780888355e-23 9.142891287799117039e-20 7.694634566548746286e-17 3.815598146683987779e-14 1.114824552117532619e-11 1.919431724672904238e-09 1.946939960362215061e-07 1.163595879916101694e-05 4.097852797713130713e-04 8.502393960952758789e-03 1.039432287216186523e-01 7.487233877182006836e-01 3.177817344665527344e+00 7.946741104125976562e+00 1.170899200439453125e+01 1.016520023345947266e+01 5.199734687805175781e+00 1.567172527313232422e+00 2.783058881759643555e-01 2.911874093115329742e-02 1.795202260836958885e-03
5.573456641286611557e-03 2.480761031620204449e-04 6.505420060420874506e-06 1.005242893370450474e-07 9.152429925052274484e-10 4.909901044763964606e-12 1.551724379414767818e-14 2.889921567821002830e-17 3.171219506129081996e-20 2.050021038551257677e-23 7.809689065320995658e-27 1.752988206228722810e-30 2.316824060363879125e-34 2.279385108956326524e-31 1.149126901362043654e-27 3.413368004733298800e-24 5.975112497589086181e-21 6.161689889603429529e-18 3.743908496753583365e-15 1.340350356746067284e-12 2.827707512587096517e-10 3.514500690471322741e-08 2.573734946054173633e-06 1.110629309550859034e-04 2.823600545525550842e-03 4.229680448770523071e-02 3.733208179473876953e-01 1.941517591476440430e+00 5.949096679687500000e+00 1.074065494537353516e+01 1.142559242248535156e+01 7.161323547363281250e+00 2.644711256027221680e+00 5.754842162132263184e-01 7.377932965755462646e-02 5.573456641286611557e-03
1.600427739322185516e-02 8.728622924536466599e-04 2.804706127790268511e-05 5.310461688168288674e-07 5.924434276494139340e-09 3.894319589026196127e-11 1.508085377497497825e-13 3.441491688320670074e-16 4.627388967325770828e-19 3.665408748407049983e-22 1.710987904206018799e-25 4.705850929889798860e-29 7.625978458657311428e-33 7.488870266945338341e-33 4.626182430327790365e-29 1.683818918332624949e-25 3.611666242398111574e-22 4.563630919685949146e-19 3.397687379453413932e-16 1.490487149934799360e-13 3.852981822483059204e-11 5.867800023651170704e-09 5.265318350211600773e-07 2.784076787065714598e-05 8.672912372276186943e-04 1.591910049319267273e-02 1.721641272306442261e-01 1.097118377685546875e+00 4.119194984436035156e+00 9.112584114074707031e+00 1.187793540954589844e+01 9.122316360473632812e+00 4.127997875213623047e+00 1.100636720657348633e+00 1.729006767272949219e-01 1.600427739322185516e-02
4.250569641590118408e-02 2.840575296431779861e-03 1.118406435125507414e-04 2.594737225081189536e-06 3.546967519696408999e-08 2.856873626555511692e-10 1.355622645388132597e-12 3.790599917421555790e-15 6.245223964533015858e-18 6.061525406619601398e-21 3.467027901228242465e-24 1.168434734240514571e-27 2.320160186799909704e-31 2.274232593955725961e-34 1.722601018983130217e-30 7.682511437001351171e-27 2.019154804596132016e-23 3.126248345787473466e-20 2.851974491784010175e-17 1.532984961302892579e-14 4.855781575441309172e-12 9.061237316032588751e-10 9.962887759229488438e-08 6.454947197198634967e-06 2.463916607666760683e-04 5.541521590203046799e-03 7.343490421772003174e-02 5.734093189239501953e-01 2.637990713119506836e+00 7.150753974914550781e+00 1.142096138000488281e+01 1.074771499633789062e+01 5.959364891052246094e+00 1.946945309638977051e+00 3.747643828392028809e-01 4.250569641590118408e-02
1.044082045555114746e-01 8.549438789486885071e-03 4.124549450352787971e-04 1.172504198621027172e-05 1.963913973668240942e-07 1.938209148732994436e-09 1.126924768779513641e-11 3.861075684435250066e-14 7.794548720122291435e-17 9.269845417250107189e-20 6.496664616036366900e-23 2.682739061250568626e-26 6.527369290681065016e-30 9.354131294847705092e-34 5.933884903501749940e-32 3.242671154736532569e-28 1.044267639491250524e-24 1.981108472277655057e-21 2.214494848702463570e-18 1.458515984514309992e-15 5.660816867342211012e-13 1.294347407032603314e-10 1.743784494578903832e-08 1.384353367939183954e-06 6.474759720731526613e-05 1.784312422387301922e-03 2.897266671061515808e-02 2.772020697593688965e-01 1.562602877616882324e+00 5.190046310424804688e+00 1.015706443786621094e+01 1.171185493469238281e+01 7.957071304321289062e+00 3.185306072235107422e+00 7.512795925140380859e-01 1.044082045555114746e-01
2.372172772884368896e-01 2.380118519067764282e-02 1.406984985806047916e-03 4.900908970739692450e-05 1.005853391689015552e-06 1.216361766864793026e-08 8.665754919201518192e-11 3.638052858100093712e-13 8.999172375578857672e-16 1.311394151963247047e-18 1.126165004570641181e-21 5.698220391880458677e-25 1.698823081638877759e-28 2.983529558661740563e-32 1.890052020090216478e-33 1.265654654682899281e-29 4.994324921421682136e-26 1.160973536189729019e-22 1.590149132858124483e-19 1.283286414127991033e-16 6.102963186899179604e-14 1.709861072174412300e-11 2.822623024201220687e-09 2.745740630416548811e-07 1.573569534230045974e-05 5.313525907695293427e-04 1.057180762290954590e-02 1.239392757415771484e-01 8.560726642608642578e-01 3.484035968780517578e+00 8.354702949523925781e+00 1.180423641204833984e+01 9.826864242553710938e+00 4.820168018341064453e+00 1.393041610717773438e+00 2.372172772884368896e-01
4.906340241432189941e-01 6.004392355680465698e-02 4.329334013164043427e-03 1.839363394537940621e-04 4.604519745043944567e-06 6.791584894472180167e-08 5.901682476050496007e-10 3.022018833093165213e-12 9.117767576106300398e-15 1.620635582607165816e-17 1.697508549132212488e-20 1.047632052365927617e-23 3.809566467195728007e-27 8.160678630301157485e-31 1.029036593876335691e-34 4.928637164410184167e-31 2.372208934809573848e-27 6.726017404531599696e-24 1.123655230347817324e-20 1.106059013965176850e-17 6.415909504251058465e-15 2.192491630956250326e-12 4.414570931032812950e-10 5.237890121634336538e-08 3.661347591332742013e-06 1.507984416093677282e-04 3.659506328403949738e-03 5.232911184430122375e-02 4.408637285232543945e-01 2.188443422317504883e+00 6.400957107543945312e+00 1.103090000152587891e+01 1.120074748992919922e+01 6.701212882995605469e+00 2.362198829650878906e+00 4.906340241432189941e-01
9.301552176475524902e-01 1.382852196693420410e-01 1.211263053119182587e-02 6.251632585190236568e-04 1.901161158457398415e-05 3.406548216844385024e-07 3.596087205792741770e-09 2.236972412861248927e-11 8.199005168373074692e-14 1.770386342383071317e-16 2.252698443787166576e-19 1.688922925303343154e-22 7.460792526976461642e-26 1.941515381998912654e-29 2.977362988765723769e-33 1.906932780183596865e-32 1.115008474618240455e-28 3.840518041109656609e-25 7.794262802558623067e-22 9.320270993626193313e-19 6.567729360376314308e-16 2.726495786954663547e-13 6.669061136665987988e-11 9.612657336788288376e-09 8.162755875673610717e-07 4.084148531546816230e-05 1.204025931656360626e-03 2.091545797884464264e-02 2.140607684850692749e-01 1.290853142738342285e+00 4.586663246154785156e+00 9.602218627929687500e+00 1.184449481964111328e+01 8.608579635620117188e+00 3.686424493789672852e+00 9.301552176475524902e-01
1.635962367057800293e+00 2.950916290283203125e-01 3.136064112186431885e-02 1.963827759027481079e-03 7.245899178087711334e-05 1.575256192154483870e-06 2.017587874547643878e-08 1.522742210102734361e-10 6.771596087681852616e-13 1.774024322421748935e-15 2.738795008163074631e-18 2.491310889160948298e-21 1.335266890336542922e-24 4.215903018722435802e-28 7.844471120127702474e-32 7.017805048519714953e-34 4.979380528388288411e-30 2.080920158145369740e-26 5.123938093691247948e-23 7.433967807772386158e-20 6.355854656532491757e-17 3.201298004896352412e-14 9.500560060882179414e-12 1.661471848990458966e-09 1.711793373715408961e-07 1.039151629811385646e-05 3.716864157468080521e-04 7.833821699023246765e-03 9.727621078491210938e-02 7.117210626602172852e-01 3.068284749984741211e+00 7.793522834777832031e+00 1.166385364532470703e+01 1.028538513183593750e+01 5.343918800354003906e+00 1.635962367057800293e+00
2.591811180114746094e+00 5.592278242111206055e-01 7.109194993972778320e-02 5.325255915522575378e-03 2.350341528654098511e-04 6.112120900070294738e-06 9.364337216766216443e-08 8.454207334196439660e-10 4.497163925976099819e-12 1.409324588454163862e-14 2.602633138402965767e-17 2.831935545136545548e-20 1.815615595958084301e-23 6.857302841125907941e-27 1.526268259796926574e-30 2.000200983550049665e-34 2.622815657701604726e-31 1.311133046795986914e-27 3.861851601000001042e-24 6.702155788409180728e-21 6.854457788519652972e-18 4.129784096754173309e-15 1.466059695517940575e-12 3.066884524116630928e-10 3.779696200467697054e-08 2.744645371421938762e-06 1.174318749690428376e-04 2.960649318993091583e-03 4.397658258676528931e-02 3.848807811737060547e-01 1.984794497489929199e+00 6.030527114868164062e+00 1.079605960845947266e+01 1.138794803619384766e+01 7.077636718750000000e+00 2.591811180114746094e+00
3.864523887634277344e+00 9.974436759948730469e-01 1.516802310943603516e-01 1.359115913510322571e-02 7.175534265115857124e-04 2.232144106528721750e-05 4.090869083483994473e-07 4.417925580924020323e-09 2.811196934959792060e-11 1.053841936675750657e-13 2.327999381216907951e-16 3.030134740746727972e-19 2.323857504165286075e-22 1.049891280973151388e-25 2.795302244447479380e-29 4.384994698672365878e-33 1.299903089315152012e-32 7.773271126371842709e-29 2.738785533154742022e-25 5.685700459339786521e-22 6.955840353116602256e-19 5.013152322225959776e-16 2.128839639292667840e-13 5.327210547689809061e-11 7.853541816871256742e-09 6.821852593930088915e-07 3.491478855721652508e-05 1.052976353093981743e-03 1.870942115783691406e-02 1.958719789981842041e-01 1.208287954330444336e+00 4.391546249389648438e+00 9.404474258422851562e+00 1.186647891998291016e+01 8.822134017944335938e+00 3.864523887634277344e+00
5.422837257385253906e+00 1.674251794815063477e+00 3.045541644096374512e-01 3.264327347278594971e-02 2.061544917523860931e-03 7.671186176594346762e-05 1.681745743553619832e-06 2.172522783894237364e-08 1.653633480147576051e-10 7.415231623175699838e-13 1.959453175344634535e-15 3.050805053676239011e-18 2.798749042805046738e-21 1.512536360298961505e-24 4.817100347197383152e-28 9.039408147512590617e-32 6.063496490193949278e-34 4.337993194760422033e-30 1.828311180705255560e-26 4.540233088647443798e-23 6.644271401665081778e-20 5.728101333965588673e-17 2.909672015046632643e-14 8.709710036525208920e-12 1.535933380480969390e-09 1.595916785390727455e-07 9.770550605026073754e-06 3.524778876453638077e-04 7.491613272577524185e-03 9.381864219903945923e-02 6.922946572303771973e-01 3.009812831878662109e+00 7.710070610046386719e+00 1.163716697692871094e+01 1.034910202026367188e+01 5.422837257385253906e+00
7.161573410034179688e+00 2.644869804382324219e+00 5.755085945129394531e-01 7.378749549388885498e-02 5.574213806539773941e-03 2.481160918250679970e-04 6.506629688374232501e-06 1.005453640345876920e-07 9.154594304838781227e-10 4.910519040002281344e-12 1.552168224679129072e-14 2.890815253754805121e-17 3.172283208698036905e-20 2.050772665221752257e-23 7.812758227280371157e-27 1.753723971652789496e-30 2.317336732021181111e-34 2.278428491653627346e-31 1.148661981873468575e-27 3.412117660198523496e-24 5.973085743529617874e-21 6.159762558776180974e-18 3.742809047988047283e-15 1.340168969722610459e-12 2.827022782536658951e-10 3.513743962457738235e-08 2.573239044068031944e-06 1.110445009544491768e-04 2.823204966261982918e-03 4.229192808270454407e-02 3.733039498329162598e-01 1.941390752792358398e+00 5.948854446411132812e+00 1.074048900604248047e+01 1.142570209503173828e+01 7.161573410034179688e+00
8.901054382324218750e+00 3.932231903076171875e+00 1.023505449295043945e+00 1.569721549749374390e-01 1.418486051261425018e-02 7.552625611424446106e-04 2.369206049479544163e-05 4.379361939754744526e-07 4.769677097726798820e-09 3.060425871059813119e-11 1.157163015581830212e-13 2.577971244748064779e-16 3.384010620109097319e-19 2.616842716283776896e-22 1.192518072194208967e-25 3.202018625470406795e-29 5.064611165704086985e-33 1.126223945917952885e-32 6.791926763977694342e-29 2.413348855314865812e-25 5.053573215558471719e-22 6.233985681935717286e-19 4.531078872768343722e-16 1.940739100458541144e-13 4.897090025157702087e-11 7.280815950139185588e-09 6.378110697369265836e-07 3.292400651844218373e-05 1.001289580017328262e-03 1.794223859906196594e-02 1.894459426403045654e-01 1.178521156311035156e+00 4.319759368896484375e+00 9.329360961914062500e+00 1.187173557281494141e+01 8.901054382324218750e+00
1.041180229187011719e+01 5.502056598663330078e+00 1.713088154792785645e+00 3.142778873443603516e-01 3.397175669670104980e-02 2.163678407669067383e-03 8.118968253256753087e-05 1.795190883058239706e-06 2.338779125921064406e-08 1.795094628498361544e-10 8.118990505942558222e-13 2.163652490136912243e-15 3.397360436316302348e-18 3.142615859040939722e-21 1.713091327854080763e-24 5.502308665776446117e-28 1.041072810223836300e-31 5.238110274794617985e-34 3.779510374390965423e-30 1.606453141501183497e-26 4.023927097168274544e-23 5.937692429952578424e-20 5.162446114344266482e-17 2.645015046017721444e-14 7.983627647867308497e-12 1.419853346007471373e-09 1.487841956304691848e-07 9.187120667775161564e-06 3.342168638482689857e-04 7.163858972489833832e-03 9.048148989677429199e-02 6.733070611953735352e-01 2.952139854431152344e+00 7.626601219177246094e+00 1.160905647277832031e+01 1.041180229187011719e+01
1.146208000183105469e+01 7.245523452758789062e+00 2.698567867279052734e+00 5.922084450721740723e-01 7.657484710216522217e-02 5.834016948938369751e-03 2.618697471916675568e-04 6.926310561539139599e-06 1.079414886362428661e-07 9.910454679129543365e-10 5.361856358215844054e-12 1.709255228131943694e-14 3.210477877986942581e-17 3.552477067095002586e-20 2.316474744279939879e-23 8.900116703466027383e-27 2.014386176405257185e-30 2.685248555906806293e-34 1.978989408394652267e-31 1.006193625353356068e-27 3.014907261758018748e-24 5.321698782602581399e-21 5.534713455067836248e-18 3.392134443209451553e-15 1.224763779977822153e-12 2.605572979597070571e-10 3.266055159656389151e-08 2.412442654531332664e-06 1.049814163707196712e-04 2.691773697733879089e-03 4.066862165927886963e-02 3.620098829269409180e-01 1.898678064346313477e+00 5.867492198944091797e+00 1.068383693695068359e+01 1.146208000183105469e+01
1.187540435791015625e+01 8.979587554931640625e+00 4.000585079193115234e+00 1.050186395645141602e+00 1.624349504709243774e-01 1.480344403535127640e-02 7.948464481160044670e-04 2.514789048291277140e-05 4.688039325628778897e-07 5.148730330972739466e-09 3.332138731604317172e-11 1.270623553204994205e-13 2.854827934025073099e-16 3.778695454991770286e-19 2.947418854475604207e-22 1.354597926818983816e-25 3.667409365028752781e-29 5.851347126848381464e-33 9.754072860234841342e-33 5.932437192871141630e-29 2.126306284251129128e-25 4.489548018180524778e-22 5.585337528941540957e-19 4.094784907131862432e-16 1.768532965473051943e-13 4.500547157171297386e-11 6.748196668127093290e-09 5.962449449725681916e-07 3.103716153418645263e-05 9.519391460344195366e-04 1.720418781042098999e-02 1.831878572702407837e-01 1.149288892745971680e+00 4.248465538024902344e+00 9.253597259521484375e+00 1.187540435791015625e+01
1.157935714721679688e+01 1.047355651855468750e+01 5.581678867340087891e+00 1.752707242965698242e+00 3.242830038070678711e-01 3.535161167383193970e-02 2.270562108606100082e-03 8.593170059612020850e-05 1.916213705044356175e-06 2.517427333259547595e-08 1.948865652190434616e-10 8.889508053278039057e-13 2.389151295420846588e-15 3.782750294354505227e-18 3.529457696935160195e-21 1.940350124519449644e-24 6.284025333868753471e-28 1.199337608036626459e-31 4.523460219017554076e-34 3.291771625240436048e-30 1.411333172901028308e-26 3.564566765626475513e-23 5.304636566881541311e-20 4.652030346901480501e-17 2.403403471791347445e-14 7.316121666822716918e-12 1.312213226967173796e-09 1.386892449772858527e-07 8.635785889055114239e-06 3.168335533700883389e-04 6.849521305412054062e-03 8.724175393581390381e-02 6.547244191169738770e-01 2.895096778869628906e+00 7.543014049530029297e+00 1.157935714721679688e+01
1.062604808807373047e+01 1.149696350097656250e+01 7.329212188720703125e+00 2.752983570098876953e+00 6.092842817306518555e-01 7.945239543914794922e-02 6.104278378188610077e-03 2.763476222753524780e-04 7.371360425167949870e-06 1.158418569957575528e-07 1.072735233975663505e-09 5.853148261208973580e-12 1.881723672280538606e-14 3.563897412145124080e-17 3.977660180409476395e-20 2.615773620430585172e-23 1.013347299538788016e-26 2.313472564339211546e-30 3.110409020976140431e-34 1.719034239984317167e-31 8.816308321192061305e-28 2.663561236347063626e-24 4.741476415439598006e-21 4.973981779888552189e-18 3.073904588442484542e-15 1.119296062085384236e-12 2.401437659838023819e-10 3.036075568729756924e-08 2.261385361634893343e-06 9.924429468810558319e-05 2.566475886851549149e-03 3.910235315561294556e-02 3.510257005691528320e-01 1.856714487075805664e+00 5.786695480346679688e+00 1.062604808807373047e+01
9.177202224731445312e+00 1.187745285034179688e+01 9.057347297668457031e+00 4.069574356079101562e+00 1.077375531196594238e+00 1.680565923452377319e-01 1.544496417045593262e-02 8.363925153389573097e-04 2.668725574039854109e-05 5.016761406295699999e-07 5.557142745971077602e-09 3.627018824170491484e-11 1.394820131790652784e-13 3.160054403683588108e-16 4.218881685913395346e-19 3.318730507635596214e-22 1.537914410050374066e-25 4.199960591939973598e-29 6.757994899378072860e-33 8.448404265002493716e-33 5.183095166402740662e-29 1.873140481945493710e-25 3.988610993510105782e-22 5.005137020672479131e-19 3.700020437503667454e-16 1.611613539018522112e-13 4.136075509864056698e-11 6.255122642073729367e-09 5.573114094659104012e-07 2.925701483036391437e-05 9.050341323018074036e-04 1.649425737559795380e-02 1.771211624145507812e-01 1.120672106742858887e+00 4.177990436553955078e+00 9.177202224731445312e+00
7.459209918975830078e+00 1.154816436767578125e+01 1.053415393829345703e+01 5.661803245544433594e+00 1.792999744415283203e+00 3.345611989498138428e-01 3.678036481142044067e-02 2.382574137300252914e-03 9.093838889384642243e-05 2.044919256150024012e-06 2.709643709408737777e-08 2.115521924306307255e-10 9.731812794858130111e-13 2.637396323470347914e-15 4.211985481146540754e-18 3.963390668608083110e-21 2.197053351687419095e-24 7.177239864231471070e-28 1.381472699433824481e-31 3.905511103984931752e-34 2.867194350469193694e-30 1.239501549188403574e-26 3.157224237719312089e-23 4.739253771440145217e-20 4.190864251385611745e-17 2.183570639298186566e-14 6.703502336558031516e-12 1.212707934072909666e-09 1.292486899728828575e-07 8.116439857985824347e-06 3.003381425514817238e-04 6.547648459672927856e-03 8.410657197237014771e-02 6.365681886672973633e-01 2.838852882385253906e+00 7.459209918975830078e+00
5.706001758575439453e+00 1.056704902648925781e+01 1.153039169311523438e+01 7.413115501403808594e+00 2.808198690414428711e+00 6.267942190170288086e-01 8.242681622505187988e-02 6.387056782841682434e-03 2.916104276664555073e-04 7.843966159271076322e-06 1.243294747155232471e-07 1.161131524263225856e-09 6.389382078975103241e-12 2.071309974666785125e-14 3.956917060076424204e-17 4.453901340151212616e-20 2.953337456966423997e-23 1.154065139813848078e-26 2.657169433084612046e-30 3.603164314226342816e-34 1.493021706052845783e-31 7.720701183351091768e-28 2.352423056844770865e-24 4.223982449924263842e-21 4.468046684387843448e-18 2.784732622447549932e-15 1.022633800557004591e-12 2.212983685190295091e-10 2.821299815991551441e-08 2.119295913871610537e-06 9.380788833368569613e-05 2.446334110572934151e-03 3.758911415934562683e-02 3.403132557868957520e-01 1.815433144569396973e+00 5.706001758575439453e+00
4.107921600341796875e+00 9.100091934204101562e+00 1.187789726257324219e+01 9.134778976440429688e+00 4.139297485351562500e+00 1.105160951614379883e+00 1.738492548465728760e-01 1.611412502825260162e-02 8.800564100965857506e-04 2.831698293448425829e-05 5.368900701796519570e-07 5.997827123849219788e-09 3.947965565576083691e-11 1.530961094660041044e-13 3.498475565149407112e-16 4.710455478414111558e-19 3.736291119293651195e-22 1.746465321044620075e-25 4.810101517779479937e-29 7.805573424311817569e-33 7.316673568861319972e-33 4.525987128677259662e-29 1.649588518021855076e-25 3.543121929016840605e-22 4.483154517890665084e-19 3.342345952448962185e-16 1.468213842604343400e-13 3.800605316572891468e-11 5.795966373511873826e-09 5.207966751186177135e-07 2.757523361651692539e-05 8.601956651546061039e-04 1.581048965454101562e-02 1.712236553430557251e-01 1.092619419097900391e+00 4.107921600341796875e+00
2.783323764801025391e+00 7.375458717346191406e+00 1.151559257507324219e+01 1.059366893768310547e+01 5.742179870605468750e+00 1.833907723426818848e+00 3.450866937637329102e-01 3.826166689395904541e-02 2.499594585970044136e-03 9.620748460292816162e-05 2.181972377002239227e-06 2.915814079074152687e-08 2.295838519295045899e-10 1.064966149121049366e-12 2.911057845651635403e-15 4.688549047456716588e-18 4.448549869328906661e-21 2.487366392152782365e-24 8.194664357462526865e-28 1.590720332933868400e-31 3.373181369964106610e-34 2.497036445609947042e-30 1.088657015191359875e-26 2.797059694021072321e-23 4.233518129864638325e-20 3.775458449100666523e-17 1.983852975829831361e-14 6.142945527254362048e-12 1.120600723325537729e-09 1.204470407856206293e-07 7.628706043760757893e-06 2.846626448445022106e-04 6.258646957576274872e-03 8.107751607894897461e-02 6.188833713531494141e-01 2.783323764801025391e+00
1.744966268539428711e+00 5.566171646118164062e+00 1.046165275573730469e+01 1.158523845672607422e+01 7.559267997741699219e+00 2.906195640563964844e+00 6.582972407341003418e-01 8.786220848560333252e-02 6.909590214490890503e-03 3.201388171873986721e-04 8.740242265048436821e-06 1.405978764523752034e-07 1.332613464022358585e-09 7.441205637781500570e-12 2.448516785375290383e-14 4.747168359618144469e-17 5.422049361837188354e-20 3.649474389210309721e-23 1.447323102808990359e-26 3.381991663021979207e-30 4.654107232561835533e-34 1.166854232244873530e-31 6.123863073763566550e-28 1.894028606595324441e-24 3.450882001091158136e-21 3.704621844727952934e-18 2.343298437370655921e-15 8.734528942136443597e-13 1.918043640580791021e-10 2.481690408728809416e-08 1.892125510494224727e-06 8.499116665916517377e-05 2.249408746138215065e-03 3.507783263921737671e-02 3.223201036453247070e-01 1.744966268539428711e+00
1.079945802688598633e+00 4.076055526733398438e+00 9.064714431762695312e+00 1.187756156921386719e+01 9.170030593872070312e+00 4.171423912048339844e+00 1.118026256561279297e+00 1.765633523464202881e-01 1.642930880188941956e-02 9.006911423057317734e-04 2.909573959186673164e-05 5.538007599170668982e-07 6.210802538930693117e-09 4.103520301335095155e-11 1.597666226746397022e-13 3.665097798483964685e-16 4.953189561216266147e-19 3.944744773599044769e-22 1.851077398281142859e-25 5.117983086101653944e-29 8.335718437796792179e-33 6.849508603957526470e-33 4.253457810043636231e-29 1.556588966348251349e-25 3.355725181082330455e-22 4.262543639065182643e-19 3.190225717264786286e-16 1.407026079848494593e-13 3.655864153073729028e-11 5.596905605642632509e-09 5.049168976256623864e-07 2.683569255168549716e-05 8.403798565268516541e-04 1.550632622092962265e-02 1.685908436775207520e-01 1.079945802688598633e+00
6.148427724838256836e-01 2.770574092864990234e+00 7.356191158294677734e+00 1.150783538818359375e+01 1.060729026794433594e+01 5.760834693908691406e+00 1.843411445617675781e+00 3.475667238235473633e-01 3.861218690872192383e-02 2.527259988710284233e-03 9.747000876814126968e-05 2.214943151557235979e-06 2.965677126098853478e-08 2.339388127658992289e-10 1.087423553980393365e-12 2.978273298148053153e-15 4.805452001886998330e-18 4.569165565777495848e-21 2.559811433383753984e-24 8.449887630727751167e-28 1.643119639313863017e-31 3.260252867459807582e-34 2.418365028568170431e-30 1.056628646141804592e-26 2.719579353632074983e-23 4.124310901962031960e-20 3.685284181803810764e-17 1.940537743786319852e-14 6.019729853479205417e-12 1.100276980636749613e-09 1.185068896347729606e-07 7.519758582930080593e-06 2.811472513712942600e-04 6.193476729094982147e-03 8.039493858814239502e-02 6.148427724838256836e-01
3.230232000350952148e-01 1.747740268707275391e+00 5.571851730346679688e+00 1.046592903137207031e+01 1.158313369750976562e+01 7.553437232971191406e+00 2.902156829833984375e+00 6.570135951042175293e-01 8.763907849788665771e-02 6.887521594762802124e-03 3.189491108059883118e-04 8.702623745193704963e-06 1.399103837229631608e-07 1.325158982545815434e-09 7.396082010724391864e-12 2.432234948656578771e-14 4.712076711055684865e-17 5.379608210947255685e-20 3.618766874069314527e-23 1.434302583789768237e-26 3.348869429560441381e-30 4.606769707712237383e-34 1.178412750647074001e-31 6.182023269189144492e-28 1.910523096477816882e-24 3.478876894947249667e-21 3.732466398507712952e-18 2.359857931489477492e-15 8.789797232081064671e-13 1.929042758863630525e-10 2.494727269208851794e-08 1.900732286230777390e-06 8.532741776434704661e-05 2.256974577903747559e-03 3.517714142799377441e-02 3.230232000350952148e-01
1.593150794506072998e-01 1.034980535507202148e+00 3.961765766143798828e+00 8.935093879699707031e+00 1.187351989746093750e+01 9.296728134155273438e+00 4.288845062255859375e+00 1.165805220603942871e+00 1.867160797119140625e-01 1.761898025870323181e-02 9.796519298106431961e-04 3.209462738595902920e-05 6.195321589075319935e-07 7.045565464380842968e-09 4.721520049932870222e-11 1.864309216986076434e-13 4.336717369202391882e-16 5.944722172689572045e-19 4.801465387153340541e-22 2.284991325274091928e-25 6.405886143687425336e-29 1.058320633121940331e-32 5.391168271808318670e-33 3.395994377423889653e-29 1.260136147501843080e-25 2.755094060911742188e-22 3.549160589826547791e-19 2.694321278569691575e-16 1.204962778861284889e-13 3.175185461778973206e-11 4.930422292659386585e-09 4.510387725531472825e-07 2.431163011351600289e-05 7.721184520050883293e-04 1.444946601986885071e-02 1.593150794506072998e-01
7.375498116016387939e-02 5.753129124641418457e-01 2.644236326217651367e+00 7.160579204559326172e+00 1.142526245117187500e+01 1.074123859405517578e+01 5.949820995330810547e+00 1.941900730133056641e+00 3.734395503997802734e-01 4.231151193380355835e-02 2.824793569743633270e-03 1.111182282329536974e-04 2.575455710029928014e-06 3.516787927537734504e-08 2.829757816957823024e-10 1.341601092372246562e-12 3.747167032501670658e-15 6.167545501159692412e-18 5.981225475406952428e-21 3.417746182757275415e-24 1.150460222662542937e-27 2.282221341725990539e-31 2.313309056748432012e-34 1.750822851594960090e-30 7.800667239089508091e-27 2.047809861433923181e-23 3.167495577785459479e-20 2.887222312046119790e-17 1.550393013028273509e-14 4.905399003662935797e-12 9.145953994149635946e-10 1.004606460242030153e-07 6.501803454739274457e-06 2.479369868524372578e-04 5.571197718381881714e-03 7.375498116016387939e-02
2.902125194668769836e-02 2.775564789772033691e-01 1.564124941825866699e+00 5.193274974822998047e+00 1.015970993041992188e+01 1.171093654632568359e+01 7.953628540039062500e+00 3.182807922363281250e+00 7.504569292068481445e-01 1.042529642581939697e-01 8.533726446330547333e-03 4.115845658816397190e-04 1.169634197140112519e-05 1.958236168775329133e-07 1.931927062770455450e-09 1.123017477622223481e-11 3.845846709669975549e-14 7.761112756273917971e-17 9.228353908477476610e-20 6.465414364592579650e-23 2.668409526166745388e-26 6.490275579025613043e-30 9.299768354542020614e-34 5.968937557296095142e-32 3.260656210780949723e-28 1.049507253623728485e-24 1.990372046955003673e-21 2.224459686746736756e-18 1.464564858548889764e-15 5.681509407905183107e-13 1.298801344251643286e-10 1.749167211073654471e-08 1.388003170177398715e-06 6.489631778094917536e-05 1.787933753803372383e-03 2.902125194668769836e-02
1.055677607655525208e-02 1.237907558679580688e-01 8.553274869918823242e-01 3.481964588165283203e+00 8.351919174194335938e+00 1.180371093750000000e+01 9.829160690307617188e+00 4.822627544403076172e+00 1.394187092781066895e+00 2.374695241451263428e-01 2.383308112621307373e-02 1.409363234415650368e-03 4.910611460218206048e-05 1.008035042104893364e-06 1.219337519842156325e-08 8.690433789260154640e-11 3.648963726662901585e-13 9.028640651813834780e-16 1.316270691866976853e-18 1.130676127745252883e-21 5.721678156973336989e-25 1.706279319418572943e-28 2.998110096715752512e-32 1.881104304028551079e-33 1.260008595448668122e-29 4.972500899589468183e-26 1.156235574484099204e-22 1.584384847211366282e-19 1.278990633596431645e-16 6.083345903840770008e-14 1.705073929270106703e-11 2.815498056918386283e-09 2.739280091645923676e-07 1.570320637256372720e-05 5.304502556100487709e-04 1.055677607655525208e-02
3.550058929249644279e-03 5.104044824838638306e-02 4.323973059654235840e-01 2.158225536346435547e+00 6.347182750701904297e+00 1.099854660034179688e+01 1.122941780090332031e+01 6.755330085754394531e+00 2.394451618194580078e+00 5.000538825988769531e-01 6.153345853090286255e-02 4.461449570953845978e-03 1.905947574414312840e-04 4.797057044925168157e-06 7.114493882909300737e-08 6.217046322198882535e-10 3.200654151436221895e-12 9.709886804917366304e-15 1.735633209214492914e-17 1.827988697502923308e-20 1.134174037973198717e-23 4.146967052665016836e-27 8.934076800712808723e-31 1.132514649854126436e-34 4.501220835682835824e-31 2.177982559185015448e-27 6.209357687822529340e-24 1.043234695555623269e-20 1.032550368059733216e-17 6.021558916096715619e-15 2.069361392312285552e-12 4.189575908419840289e-10 4.997743729973080917e-08 3.512752300594002008e-06 1.454878947697579861e-04 3.550058929249644279e-03
1.103645307011902332e-03 1.945497095584869385e-02 2.020799219608306885e-01 1.236684799194335938e+00 4.459285736083984375e+00 9.474180221557617188e+00 1.186008739471435547e+01 8.747806549072265625e+00 3.801724433898925781e+00 9.734542965888977051e-01 1.468695998191833496e-01 1.305625122040510178e-02 6.838726112619042397e-04 2.110394780174829066e-05 3.837573103737668134e-07 4.111672780027220142e-09 2.595344598954607562e-11 9.653642631373554606e-14 2.115725116049997786e-16 2.732094586707453685e-19 2.078385447477129213e-22 9.317466646861114698e-26 2.461168595887261390e-29 3.829513741165340021e-33 1.486521780652615174e-32 8.819096827010290974e-29 3.082719273588820788e-25 6.350338869835793838e-22 7.706318575419119057e-19 5.510219843036753048e-16 2.321759321258221043e-13 5.763318641771597584e-11 8.429429598777460342e-09 7.264302439580205828e-07 3.688915603561326861e-05 1.103645307011902332e-03
3.171855350956320763e-04 6.855455692857503891e-03 8.730779588222503662e-02 6.551055908203125000e-01 2.896272659301757812e+00 7.544627189636230469e+00 1.157998752593994141e+01 1.047228431701660156e+01 5.580138206481933594e+00 1.751878499984741211e+00 3.240727484226226807e-01 3.532247990369796753e-02 2.268454758450388908e-03 8.583071758039295673e-05 1.913624601002084091e-06 2.513856856012353092e-08 1.945545113901658851e-10 8.872788571576140093e-13 2.384235116194982629e-15 3.774923511398528480e-18 3.520985961901810705e-21 1.935345985367180155e-24 6.267889411312191112e-28 1.195829227597162260e-31 4.537216257987059579e-34 3.301228242193931187e-30 1.414864249898265641e-26 3.573538007385010948e-23 5.317055585179773974e-20 4.661373848228634481e-17 2.408184803372008520e-14 7.329376688902655701e-12 1.314359954207588999e-09 1.388776809108094312e-07 8.646895366837270558e-06 3.171855350956320763e-04
8.427262218901887536e-05 2.233221195638179779e-03 3.487169742584228516e-02 3.208136558532714844e-01 1.739014387130737305e+00 5.554226875305175781e+00 1.045244789123535156e+01 1.158973312377929688e+01 7.571797370910644531e+00 2.914621829986572266e+00 6.610625982284545898e-01 8.834327757358551025e-02 6.956239230930805206e-03 3.227090346626937389e-04 8.821597475616727024e-06 1.420862787426813156e-07 1.348275269208443206e-09 7.539109961318679609e-12 2.483880410923157422e-14 4.821833652174121001e-17 5.514307788235553893e-20 3.716261246712493111e-23 1.475683422723663489e-26 3.451933012658616919e-30 4.757392778380805089e-34 1.142409592120653897e-31 6.003171303421137738e-28 1.859060769249592651e-24 3.391463937480854910e-21 3.645461887318160395e-18 2.309143316080283954e-15 8.616894090623938851e-13 1.894613077535467482e-10 2.454486036640446400e-08 1.873750079539604485e-06 8.427262218901887536e-05
2.069905531243421137e-05 6.725392304360866547e-04 1.287603937089443207e-02 1.452393680810928345e-01 9.652876257896423340e-01 3.780064344406127930e+00 8.722032546997070312e+00 1.185755729675292969e+01 9.498231887817382812e+00 4.482808113098144531e+00 1.246616363525390625e+00 2.042609900236129761e-01 1.972007751464843750e-02 1.121681649237871170e-03 3.759476749110035598e-05 7.424298473779344931e-07 8.637825565926959825e-09 5.921988593948768198e-11 2.392218096790993398e-13 5.693834880782211970e-16 7.983798379851563573e-19 6.597012267019293675e-22 3.211861227192223815e-25 9.211849915009857119e-29 1.556996634277845335e-32 3.654649405588924323e-33 2.354724704810132443e-29 8.940818844687520572e-26 1.999831309623945034e-22 2.635600607831904510e-19 2.046919041557754867e-16 9.365309905622759556e-14 2.524727302222196101e-11 4.010293874756598598e-09 3.753648911697382573e-07 2.069905531243421137e-05
4.969393103237962350e-06 1.964934344869107008e-04 4.578176885843276978e-03 6.284521520137786865e-02 5.083023309707641602e-01 2.422379016876220703e+00 6.802057266235351562e+00 1.125369834899902344e+01 1.097034740447998047e+01 6.300970077514648438e+00 2.132394790649414062e+00 4.252045750617980957e-01 4.995726048946380615e-02 3.458108752965927124e-03 1.410504337400197983e-04 3.389844550838461146e-06 4.799658981369248067e-08 4.004521159117757634e-10 1.968619278008842954e-12 5.702206319158163034e-15 9.730266166165398554e-18 9.784556291589241210e-21 5.797303293728480812e-24 2.023469051606716290e-27 4.162154662363290611e-31 1.230083550831631236e-34 9.655841616863461147e-31 4.461724479778144934e-27 1.214500272963871377e-23 1.947874310125706415e-20 1.841049933658863314e-17 1.025095027579973200e-14 3.363052891725004656e-12 6.500897598016308621e-10 7.405046176245377865e-08 4.969393103237962350e-06
1.109287040890194476e-06 5.337768379831686616e-05 1.513486029580235481e-03 2.528310194611549377e-02 2.488585114479064941e-01 1.443260431289672852e+00 4.931930541992187500e+00 9.929883956909179688e+00 1.177989387512207031e+01 8.233841896057128906e+00 3.391054868698120117e+00 8.228815197944641113e-01 1.176548451185226440e-01 9.911164641380310059e-03 4.919626517221331596e-04 1.438831895939074457e-05 2.479207523720106110e-07 2.517243080646380804e-09 1.505942592849862649e-11 5.308377842112507738e-14 1.102352765056184005e-16 1.348986434725879224e-19 9.726714914803872358e-23 4.131525562668502183e-26 1.034203766667009633e-29 1.525228807611376857e-33 3.681899274819305033e-32 2.070434153303311498e-28 6.858488844193101156e-25 1.338640259149076989e-21 1.539721850422024968e-18 1.043309009978842915e-15 4.165379521338385960e-13 9.798650779657691601e-11 1.358303869380961260e-08 1.109287040890194476e-06
2.093747752951458097e-07 1.240323581441771239e-05 4.329631337895989418e-04 8.904241025447845459e-03 1.078979372978210449e-01 7.703695297241210938e-01 3.240918159484863281e+00 8.033213615417480469e+00 1.173223686218261719e+01 1.009574317932128906e+01 5.118760108947753906e+00 1.529190063476562500e+00 2.691710889339447021e-01 2.791512385010719299e-02 1.705851871520280838e-03 6.142052734503522515e-05 1.302907776334905066e-06 1.628622214866481954e-08 1.199493837589216128e-10 5.205288240370253838e-13 1.330752499365786719e-15 2.004838684620538867e-18 1.779638294332708254e-21 9.306281831820245159e-25 2.867897706103414989e-28 5.207392954368700769e-32 1.069653574158218005e-33 7.406022917977209062e-30 3.020280316642995500e-26 7.257318379641572031e-23 1.027664894605387838e-19 8.572662963972143635e-17 4.213585047280893336e-14 1.220275443192253562e-11 2.082490180299600979e-09 2.093747752951458097e-07
5.906744959816023766e-08 4.071033799846190959e-06 1.653356302995234728e-04 3.956017550081014633e-03 5.577243492007255554e-02 4.632883071899414062e-01 2.267602920532226562e+00 6.539338111877441406e+00 1.111144828796386719e+01 1.112436103820800781e+01 6.562163829803466797e+00 2.280809879302978516e+00 4.670908749103546143e-01 5.635845661163330078e-02 4.006878472864627838e-03 1.678509142948314548e-04 4.142576472077053040e-06 6.024520615710571292e-08 5.162327787466836071e-10 2.606380822972598210e-12 7.752419921834043104e-15 1.358831347090968706e-17 1.403338727942634068e-20 8.537941762541973838e-24 3.061165690839397691e-27 6.466768701274705398e-31 8.038154348842615268e-35 6.223588072349474505e-31 2.952915139048218764e-27 8.255172993343691715e-24 1.360017082064729915e-20 1.319942029618216897e-17 7.548088469901993725e-15 2.543242092617470362e-12 5.049653473143678184e-10 5.906744959816023766e-08
1.524420412124527502e-08 1.228752012139011640e-06 5.836218770127743483e-05 1.633149571716785431e-03 2.692713215947151184e-02 2.615922093391418457e-01 1.497424364089965820e+00 5.050269603729248047e+00 1.003585243225097656e+01 1.175068664550781250e+01 8.106584548950195312e+00 3.295207738876342773e+00 7.892196178436279297e-01 1.113679409027099609e-01 9.259980171918869019e-03 4.536597407422959805e-04 1.309428444074001163e-05 2.227091613349330146e-07 2.231838713839806587e-09 1.317827878072330705e-11 4.584196181835718809e-14 9.397072190600873646e-17 1.134994293270528119e-19 8.075827833124410344e-23 3.386271101025119519e-26 8.366168960678007077e-30 1.217721046639701131e-33 4.589620714501678736e-32 2.546755147149162669e-28 8.326486019175671182e-25 1.604307205497989688e-21 1.820961397533676133e-18 1.217826807991672245e-15 4.798868550801027588e-13 1.114334041707465417e-10 1.524420412124527502e-08
3.249742253075282861e-09 3.112530748694553040e-07 1.756666097207926214e-05 5.841031670570373535e-04 1.144353486597537994e-02 1.320994645357131958e-01 8.985225558280944824e-01 3.600847244262695312e+00 8.502577781677246094e+00 1.182953262329101562e+01 9.697245597839355469e+00 4.683813095092773438e+00 1.332971572875976562e+00 2.235070914030075073e-01 2.208247035741806030e-02 1.285505830310285091e-03 4.408931272337213159e-05 8.910345741242053919e-07 1.061026821957966604e-08 7.444376365350890978e-11 3.077092617168042388e-13 7.495090147787884186e-16 1.075682625766514525e-18 9.094671100951893730e-22 4.531368402275681092e-25 1.330271470061724669e-28 2.301027546872338447e-32 2.461736065197373674e-33 1.623224011864048731e-29 6.306171332669070082e-26 1.443769189767661075e-22 1.947236411701760248e-19 1.547419345048259677e-16 7.245513054549707066e-14 1.999186406698161278e-11 3.249742253075282861e-09
5.814587700214701727e-10 6.701138488551805494e-08 4.550831363303586841e-06 1.820772595237940550e-04 4.292307421565055847e-03 5.962059274315834045e-02 4.879672527313232422e-01 2.353049755096435547e+00 6.685619354248046875e+00 1.119244289398193359e+01 1.104003334045410156e+01 6.416320323944091797e+00 2.197211742401123047e+00 4.433112442493438721e-01 5.270226299762725830e-02 3.691645804792642593e-03 1.523512473795562983e-04 3.704859409481287003e-06 5.308464068320972729e-08 4.481618964824463092e-10 2.229019486349459456e-12 6.533024514703174301e-15 1.128201067320057550e-17 1.147763990912043517e-20 6.881133490907922910e-24 2.430725234681868990e-27 5.059199792153755969e-31 1.001196089244189668e-34 7.952381031335448138e-31 3.717443845351842232e-27 1.024105538045159294e-23 1.661991643139430252e-20 1.589217112272809187e-17 8.953805714440390973e-15 2.972755722141506851e-12 5.814587700214701727e-10
9.104856452113452292e-11 1.271451033346693293e-08 1.046258944370492827e-06 5.072238855063915253e-05 1.448877388611435890e-03 2.438557893037796021e-02 2.418388426303863525e-01 1.413066864013671875e+00 4.864850521087646484e+00 9.868499755859375000e+00 1.179486370086669922e+01 8.306247711181640625e+00 3.446570396423339844e+00 8.426014184951782227e-01 1.213777959346771240e-01 1.030211802572011948e-02 5.151699297130107880e-04 1.518003227829467505e-05 2.635516693771933205e-07 2.696048273520545990e-09 1.624819029322210895e-11 5.770350289171360947e-14 1.207450760266925473e-16 1.488459813500888737e-19 1.081283691068516254e-22 4.628219197540477086e-26 1.167221578931482898e-29 1.733977227027725782e-33 3.246883492663325684e-32 1.839137309590317448e-28 6.139191665746741224e-25 1.207235772794548673e-21 1.398764897369007457e-18 9.549176279219492511e-16 3.841641360493447399e-13 9.104856452113452292e-11
1.300052340086343960e-11 2.204668225758155131e-09 2.203136091338819824e-07 1.297051676374394447e-05 4.499301430769264698e-04 9.196080267429351807e-03 1.107525601983070374e-01 7.858626842498779297e-01 3.285560607910156250e+00 8.093734741210937500e+00 1.174753952026367188e+01 1.004650497436523438e+01 5.062362194061279297e+00 1.502956151962280273e+00 2.629174590110778809e-01 2.709959633648395538e-02 1.645677257329225540e-03 5.888749728910624981e-05 1.241570316778961569e-06 1.542374761243081593e-08 1.128820648066408694e-10 4.868317120959586575e-13 1.237094372321984222e-15 1.851946135713840582e-18 1.633754209264863090e-21 8.492101449770033453e-25 2.600832130351396623e-28 4.692406822158342673e-32 1.190148081766737376e-33 8.187656319692077049e-30 3.319078024530173227e-26 7.926003583472490721e-23 1.115221833197155106e-19 9.245668360001617673e-17 4.516983439844732273e-14 1.300052340086343960e-11
1.790135205868848001e-12 3.674383575180684147e-10 4.444279610993362439e-08 3.166907390550477430e-06 1.329656079178676009e-04 3.289376385509967804e-03 4.794937372207641602e-02 4.118053317070007324e-01 2.083873748779296875e+00 6.213404655456542969e+00 1.091550731658935547e+01 1.129869937896728516e+01 6.891013145446777344e+00 2.476251363754272461e+00 5.243055820465087891e-01 6.540995836257934570e-02 4.807780031114816666e-03 2.082281280308961868e-04 5.313786459737457335e-06 7.989875427938386565e-08 7.077726182913579578e-10 3.694570691048504330e-12 1.136327224806818470e-14 2.058946677798194417e-17 2.198474977488468330e-20 1.383140432927122574e-23 5.127212238691654798e-27 1.119635987745789195e-30 1.439483749723087465e-34 3.585839404612763767e-31 1.759375715389622135e-27 5.085281779410974272e-24 8.660406530019739352e-21 8.690237092751450904e-18 5.138737979787973836e-15 1.790135205868848001e-12
2.371641836911020373e-13 5.875689518264337607e-11 8.578064480957436899e-09 7.377924475804320537e-07 3.738950908882543445e-05 1.116439932957291603e-03 1.964346505701541901e-02 2.036284953355789185e-01 1.243739604949951172e+00 4.476112365722656250e+00 9.491323471069335938e+00 1.185830497741699219e+01 8.729484558105468750e+00 3.786287784576416016e+00 9.676420688629150391e-01 1.457087993621826172e-01 1.292705163359642029e-02 6.757806986570358276e-04 2.081527782138437033e-05 3.777717267894331599e-07 4.039204526407047524e-09 2.544941861415406237e-11 9.447767546598428989e-14 2.066257333139162578e-16 2.662998897671192169e-19 2.022216657759220642e-22 9.048038600253864563e-26 2.384863702880469821e-29 3.704336817114213152e-33 1.536299705242917319e-32 9.098349446709148721e-29 3.174163783203007595e-25 6.524757151939863067e-22 7.902592508153584309e-19 5.640394513348754094e-16 2.371641836911020373e-13
2.507251405190619176e-14 7.603731880245767627e-12 1.358870682643953387e-09 1.430676945801678812e-07 8.875145795173011720e-06 3.243993851356208324e-04 6.986878812313079834e-03 8.865889906883239746e-02 6.628752350807189941e-01 2.920276641845703125e+00 7.579985141754150391e+00 1.159265327453613281e+01 1.044642066955566406e+01 5.546425819396972656e+00 1.735133647918701172e+00 3.198327124118804932e-01 3.473418951034545898e-02 2.222706098109483719e-03 8.380631334148347378e-05 1.861838882177835330e-06 2.436858004273290135e-08 1.879449790243015173e-10 8.540839476628425686e-13 2.286528383421541390e-15 3.607294533084044868e-18 3.353179773065784679e-21 1.836547073445037584e-24 5.925586660058956232e-28 1.126708043878980274e-31 4.826121545350484132e-34 3.499585108612702744e-30 1.494525488704383796e-26 3.760597122852086505e-23 5.575457761253390021e-20 4.871233540100277856e-17 2.507251405190619176e-14
2.223275562810616071e-15 8.323376710084318120e-13 1.836234636565237111e-10 2.386545716603905021e-08 1.827602773118996993e-06 8.246385550592094660e-05 2.192534739151597023e-03 3.434496000409126282e-02 3.169931769371032715e-01 1.723938584327697754e+00 5.523872375488281250e+00 1.042883110046386719e+01 1.160106563568115234e+01 7.603669166564941406e+00 2.936434745788574219e+00 6.681710481643676758e-01 8.957805484533309937e-02 7.076263427734375000e-03 3.293643239885568619e-04 9.032732123159803450e-06 1.459445542195680900e-07 1.389523052175434259e-09 7.794954785811381015e-12 2.576135512593127896e-14 5.017089635767263184e-17 5.757117609762545368e-20 3.892498452737384740e-23 1.550371602264582699e-26 3.639104062914059719e-30 5.031598417051700778e-34 1.082494645059241903e-31 5.706716277459013201e-28 1.772616207964116345e-24 3.244253657324475632e-21 3.499111716671297144e-18 2.223275562810616071e-15
1.985145325761192769e-16 9.105746484518867367e-14 2.461298873046580127e-11 3.919428337439967436e-09 3.677481004160654265e-07 2.033051350736059248e-05 6.622923538088798523e-04 1.271110493689775467e-02 1.437430381774902344e-01 9.578061103820800781e-01 3.760244846343994141e+00 8.698108673095703125e+00 1.185506057739257812e+01 9.520238876342773438e+00 4.504656791687011719e+00 1.255872726440429688e+00 2.062902450561523438e-01 1.996630057692527771e-02 1.138640800490975380e-03 3.826010652119293809e-05 7.574122378173342440e-07 8.835399967210832983e-09 6.072828351300074701e-11 2.459048589753543013e-13 5.867678864085500504e-16 8.249652677762458131e-19 6.834027482367991620e-22 3.335058620836720755e-25 9.591388716178496341e-29 1.625259942218797215e-32 3.500382669774792158e-33 2.261063421422489248e-29 8.605191193287836857e-26 1.929649194785690410e-22 2.549993876781201716e-19 1.985145325761192769e-16
1.715385978488787435e-17 9.605626366472781730e-15 3.169683482698304466e-12 6.161902099677263323e-10 7.058036999296746217e-08 4.763466677104588598e-06 1.894386077765375376e-04 4.438564646989107132e-03 6.127546727657318115e-02 4.984481930732727051e-01 2.388907432556152344e+00 6.746037483215332031e+00 1.122453880310058594e+01 1.100412273406982422e+01 6.356384277343750000e+00 2.163390636444091797e+00 4.338213205337524414e-01 5.125905573368072510e-02 3.568623447790741920e-03 1.463863882236182690e-04 3.537775228323880583e-06 5.038084438524492725e-08 4.227375949295009150e-10 2.089720757547652852e-12 6.087358129505324178e-15 1.044813486076954362e-17 1.056619834959923726e-20 6.294955012495798278e-24 2.210078952080206489e-27 4.571859582607929383e-31 1.114293109883938610e-34 8.796639882005628183e-31 4.087020557216019733e-27 1.118832902177184657e-23 1.804963349670685515e-20 1.715385978488787435e-17
1.374843144246703604e-18 9.398508176144265702e-16 3.786115572532861018e-13 8.985318739052061687e-11 1.256443749042546187e-08 1.035196873999666423e-06 5.025859718443825841e-05 1.437556697055697441e-03 2.422759681940078735e-02 2.405949532985687256e-01 1.407688498497009277e+00 4.852849006652832031e+00 9.857286453247070312e+00 1.179742622375488281e+01 8.319221496582031250e+00 3.456593990325927734e+00 8.461880683898925781e-01 1.220584511756896973e-01 1.037381403148174286e-02 5.194928380660712719e-04 1.532679380034096539e-05 2.664569933585880790e-07 2.729436676673913098e-09 1.647157236994711837e-11 5.857554025157085675e-14 1.227349946478093140e-16 1.515266152214318135e-19 1.102055092900582089e-22 4.723447034752297289e-26 1.192852095372631282e-29 1.774406702185327517e-33 3.174281435073488741e-32 1.800431052903616500e-28 6.016935974807851867e-25 1.185001658761134796e-21 1.374843144246703604e-18
1.089271497170747380e-19 9.046665248233610275e-17 4.427640098634243182e-14 1.276610414602252774e-11 2.168778934219517396e-09 2.170912267729363521e-07 1.280495234823320061e-05 4.449793195817619562e-04 9.111124090850353241e-03 1.099251657724380493e-01 7.813832759857177734e-01 3.272663354873657227e+00 8.076231002807617188e+00 1.174322700500488281e+01 1.006073665618896484e+01 5.078579902648925781e+00 1.510461926460266113e+00 2.647020220756530762e-01 2.733223140239715576e-02 1.662887632846832275e-03 5.960512498859316111e-05 1.258944735127442982e-06 1.566747620529440610e-08 1.148709460885299904e-10 4.962934360350224061e-13 1.263386804400349738e-15 1.894981241057677538e-18 1.674431866018795256e-21 8.719095189171248074e-25 2.675133544640883988e-28 4.834974009635534463e-32 1.154208903193780621e-33 7.954538298568077200e-30 3.229699467671050385e-26 7.727792499160486764e-23 1.089271497170747380e-19
1.342609292255750192e-20 1.304295412023408847e-17 7.466756366306635806e-15 2.518209816018690539e-12 5.004061609525933818e-10 5.859001106500727474e-08 4.042370164825115353e-06 1.643129799049347639e-04 3.935294225811958313e-03 5.553643032908439636e-02 4.617625772953033447e-01 2.262192726135253906e+00 6.529965400695800781e+00 1.110618400573730469e+01 1.112963485717773438e+01 6.571541786193847656e+00 2.286179542541503906e+00 4.686315655708312988e-01 5.660082399845123291e-02 4.027951508760452271e-03 1.688809425104409456e-04 4.172316494077676907e-06 6.073577907272920129e-08 5.208703468539965797e-10 2.632274823458069513e-12 7.837970249506727438e-15 1.375132181832244946e-17 1.421289678146028494e-20 8.656860966282230926e-24 3.106751682251065809e-27 6.568003215163001456e-31 8.171716450623691761e-35 6.126444278802040008e-31 2.909541270770673825e-27 8.143200498734810857e-24 1.342609292255750192e-20
1.797595747274316597e-21 2.023594177829566216e-18 1.342423131071293282e-15 5.246335050418382551e-13 1.208069200231420837e-10 1.639074476145196968e-08 1.310439301960286684e-06 6.172457506181672215e-05 1.713049132376909256e-03 2.801421470940113068e-02 2.699136435985565186e-01 1.532292723655700684e+00 5.125411987304687500e+00 1.010160255432128906e+01 1.173038578033447266e+01 8.026098251342773438e+00 3.235599517822265625e+00 7.685672044754028320e-01 1.075670272111892700e-01 8.870474062860012054e-03 4.309734213165938854e-04 1.233824423252372071e-05 2.081253711594399647e-07 2.068323068371569207e-09 1.211229554154424903e-11 4.179312400169089836e-14 8.496739695140596458e-17 1.017646768035090337e-19 7.182570337883898190e-23 2.986983607169264558e-26 7.317617467315143252e-30 1.056337059873324647e-33 5.271389217816167745e-32 2.901039349327673592e-28 9.408729225429034909e-25 1.797595747274316597e-21
1.902880935461006860e-22 2.516692877789523936e-19 1.961493783593688551e-16 9.006186909524954709e-14 2.436487296642031453e-11 3.883812382809992414e-09 3.648097504083125386e-07 2.018810118897818029e-05 6.582562346011400223e-04 1.264714635908603668e-02 1.431616842746734619e-01 9.548412561416625977e-01 3.752372741699218750e+00 8.688742637634277344e+00 1.185404491424560547e+01 9.528980255126953125e+00 4.513215065002441406e+00 1.259507894515991211e+00 2.071027606725692749e-01 2.006509527564048767e-02 1.145339803770184517e-03 3.852340159937739372e-05 7.634561143277096562e-07 8.913888294159733050e-09 6.132856722462776133e-11 2.486156896672198080e-13 5.938317176721772880e-16 8.356008458997229355e-19 6.928976547968820296e-22 3.385395095641774874e-25 9.743990377175126595e-29 1.652757106073232165e-32 3.440833595330073600e-33 2.224821030987767195e-29 8.477404971105766003e-26 1.902880935461006860e-22
1.788572024177478619e-23 2.792661914381322774e-20 2.569614073583319030e-17 1.392884017761136795e-14 4.448680139546024037e-12 8.371776050175583350e-10 9.283704116569424514e-08 6.065157322154846042e-06 2.334716555196791887e-04 5.295727401971817017e-03 7.077054679393768311e-02 5.572497248649597168e-01 2.585336923599243164e+00 7.067440032958984375e+00 1.138319778442382812e+01 1.080280876159667969e+01 6.040469169616699219e+00 1.990113973617553711e+00 3.863273561000823975e-01 4.418788850307464600e-02 2.977766096591949463e-03 1.182424530270509422e-04 2.766472789517138153e-06 3.813303095512310392e-08 3.097341827462685160e-10 1.482337256414334448e-12 4.179994939317987351e-15 6.943941360005026953e-18 6.797813087019829587e-21 3.921066261559058461e-24 1.332369794810258867e-27 2.668045388937064047e-31 1.964239121609541887e-34 1.500383215914983342e-30 6.749393756713868871e-27 1.788572024177478619e-23
1.762508927615972132e-24 3.227010899741223042e-21 3.481843080613333862e-18 2.213163683486294234e-15 8.288760845222287177e-13 1.829089657512383837e-10 2.378479635467556363e-08 1.822132844608859159e-06 8.224902558140456676e-05 2.187674399465322495e-03 3.428218141198158264e-02 3.165368437767028809e-01 1.722068309783935547e+00 5.520214557647705078e+00 1.042598247528076172e+01 1.160241127014160156e+01 7.607512474060058594e+00 2.939063072204589844e+00 6.690295934677124023e-01 8.973293006420135498e-02 7.090877741575241089e-03 3.301728866063058376e-04 9.058439900400117040e-06 1.464162977526939358e-07 1.394557136435992106e-09 7.826239656338884743e-12 2.587855738077696199e-14 5.041166878165211692e-17 5.786998216921316379e-20 3.914223050978447228e-23 1.559637482338623017e-26 3.662276536032045440e-30 5.065846169456419650e-34 1.075243373057324458e-31 5.671949390102934819e-28 1.762508927615972132e-24
2.435666223361633999e-25 5.096259551990811768e-22 6.283838306490639727e-19 4.564526086273047907e-16 1.953596247446232059e-13 4.926564711738024016e-11 7.321060202514217963e-09 6.409416641872667242e-07 3.306233702460303903e-05 1.004964928142726421e-03 1.799702830612659454e-02 1.898981481790542603e-01 1.180622100830078125e+00 4.324958801269531250e+00 9.334843635559082031e+00 1.187141418457031250e+01 8.895336151123046875e+00 3.927287101745605469e+00 1.021629095077514648e+00 1.565899550914764404e-01 1.414091605693101883e-02 7.524592801928520203e-04 2.359170139243360609e-05 4.357731882009829860e-07 4.743196946321859286e-09 3.041954188542916881e-11 1.149485508947917234e-13 2.558944502472569041e-16 3.356971895342328804e-19 2.594795000615935882e-22 1.181537128393532483e-25 3.170563374653702265e-29 5.012867741090813048e-33 1.137779349260123677e-32 6.858891949997146154e-29 2.435666223361633999e-25
3.192912664989298671e-26 7.644173874295783690e-23 1.078488163910352973e-19 8.963842631348880804e-17 4.389782808089659483e-14 1.266666112276215728e-11 2.153786038405769432e-09 2.157525500479096081e-07 1.273446559935109690e-05 4.429031396284699440e-04 9.075446054339408875e-03 1.095714569091796875e-01 7.794657945632934570e-01 3.267222881317138672e+00 8.068881988525390625e+00 1.174135303497314453e+01 1.006673812866210938e+01 5.085438251495361328e+00 1.513694882392883301e+00 2.654719054698944092e-01 2.743108198046684265e-02 1.670158701017498970e-03 5.991607031319290400e-05 1.266355411644326523e-06 1.577160446686320938e-08 1.157354490022299842e-10 5.004113443063396005e-13 1.274661342323896510e-15 1.913329554610175660e-18 1.692218975491973795e-21 8.816794626206738860e-25 2.707141537351627654e-28 4.897568496069645861e-32 1.139092229513198320e-33 7.858027391179125422e-30 3.192912664989298671e-26
4.653533235543514037e-27 1.263265918630642841e-23 2.020923082384661779e-20 1.904562846324154906e-17 1.057574675349028798e-14 3.460171819208435195e-12 6.671240226907571014e-10 7.577514793410955463e-08 5.071279701951425523e-06 1.999926171265542507e-04 4.646651446819305420e-03 6.361164152622222900e-02 5.131016969680786133e-01 2.438672542572021484e+00 6.828968048095703125e+00 1.126747894287109375e+01 1.095382308959960938e+01 6.274404048919677734e+00 2.117625474929809570e+00 4.211107492446899414e-01 4.933881014585494995e-02 3.406204748898744583e-03 1.385552895953878760e-04 3.320508312754100189e-06 4.689110610911484400e-08 3.901645118098429066e-10 1.912824282648828422e-12 5.524744446378914570e-15 9.403164210376204184e-18 9.429909874099233111e-21 5.570938868114406254e-24 1.939533365363426216e-27 3.978683504086947976e-31 1.289962590214045456e-34 1.010049257356482554e-30 4.653533235543514037e-27
6.333696993064444671e-28 1.954360885841853729e-24 3.553816711946426357e-21 3.806939123417087139e-18 2.402852053342684896e-15 8.936137420312295632e-13 1.958374573618471004e-10 2.528437192950150347e-08 1.923442141560371965e-06 8.622092718724161386e-05 2.277059014886617661e-03 3.543290123343467712e-02 3.248694837093353271e-01 1.755076408386230469e+00 5.586415290832519531e+00 1.047709178924560547e+01 1.157754993438720703e+01 7.538050651550292969e+00 2.891822814941406250e+00 6.536639928817749023e-01 8.705308288335800171e-02 6.831275764852762222e-03 3.158564213663339615e-04 8.604137292422819883e-06 1.381116447873864672e-07 1.306242447540739704e-09 7.279250119340829883e-12 2.389790297076255232e-14 4.623370523909988219e-17 5.270186433073268379e-20 3.539040173366609837e-23 1.400521310342029467e-26 3.265607566019381639e-30 4.485280070667350019e-34 1.209436044905670566e-31 6.333696993064444671e-28
7.371666584718494353e-29 2.605950970957806015e-25 5.428893796729924490e-22 6.662651871863892898e-19 4.817847171017207442e-16 2.052724038924952366e-13 5.153853732675628407e-11 7.623304654202911479e-09 6.643936103500891477e-07 3.412042860873043537e-05 1.032359781675040722e-03 1.840424351394176483e-02 1.933192908763885498e-01 1.196515083312988281e+00 4.363250732421875000e+00 9.375020980834960938e+00 1.186873245239257812e+01 8.853223800659179688e+00 3.891067266464233398e+00 1.007641792297363281e+00 1.537417471408843994e-01 1.382179651409387589e-02 7.321618031710386276e-04 2.284971378685440868e-05 4.202018999421852641e-07 4.553091237369244482e-09 2.906857914097837892e-11 1.093333729757992034e-13 2.423295617041141062e-16 3.164681871233072071e-19 2.434694607050500435e-22 1.103833096634098412e-25 2.948713096947306083e-29 4.641064020713508357e-33 1.228650205366471349e-32 7.371666584718494353e-29
5.982041474611434658e-30 2.471841720471597650e-26 6.019283861520061164e-23 8.634844710387290125e-20 7.298513653064862350e-17 3.634832506597268642e-14 1.066743568478578652e-11 1.844357888636238840e-09 1.878886735084961401e-07 1.127889481722377241e-05 3.988936077803373337e-04 8.312232792377471924e-03 1.020583733916282654e-01 7.383583784103393555e-01 3.147263288497924805e+00 7.904403686523437500e+00 1.169705581665039062e+01 1.019876480102539062e+01 5.239486217498779297e+00 1.585987925529479980e+00 2.828530967235565186e-01 2.972398325800895691e-02 1.840447308495640755e-03 6.713873881381005049e-05 1.443193013983545825e-06 1.827877937898847449e-08 1.364076629428723209e-10 5.997104939384212408e-13 1.553701735478485620e-15 2.371731129800830942e-18 2.132826442485986515e-21 1.130286215887907483e-24 3.529324400987941318e-28 6.493226257925273116e-32 8.528610081269021552e-34 5.982041474611434658e-30
2.955375234690478414e-31 1.466786897494357755e-27 4.290150613284813255e-24 7.392000185471397420e-21 7.504494364171999558e-18 4.489016275398879235e-15 1.582376157188702948e-12 3.286054206519395393e-10 4.020773758384166285e-08 2.899050286941928789e-06 1.231475034728646278e-04 3.082233481109142303e-03 4.545436799526214600e-02 3.949806094169616699e-01 2.022184371948242188e+00 6.100087165832519531e+00 1.084238147735595703e+01 1.135468101501464844e+01 7.006407737731933594e+00 2.547335147857666016e+00 5.456675291061401367e-01 6.887376308441162109e-02 5.122115369886159897e-03 2.244299248559400439e-04 5.794438948214519769e-06 8.814799912215676159e-08 7.901032050838807663e-10 4.172218560222207273e-12 1.298296017947838527e-14 2.380397501078549013e-17 2.571130667877404378e-20 1.636572096148959445e-23 6.137849754798689973e-27 1.356331649436403692e-30 1.764162062288044926e-34 2.955375234690478414e-31
1.370585270756508454e-32 8.170343714124804851e-29 2.870255119466612797e-25 5.939952979665160168e-22 7.242979042164251907e-19 5.203792439477709052e-16 2.203187990119231943e-13 5.495286864443116315e-11 8.076056268180309416e-09 6.993944907662807964e-07 3.568334068404510617e-05 1.072702463716268539e-03 1.900042966008186340e-02 1.983073651790618896e-01 1.219432711601257324e+00 4.418215751647949219e+00 9.432165145874023438e+00 1.186411857604980469e+01 8.792852401733398438e+00 3.839673757553100586e+00 9.878985881805419922e-01 1.497654616832733154e-01 1.337769813835620880e-02 7.040256168693304062e-04 2.183197466365527362e-05 3.989036940765799955e-07 4.294506528168540171e-09 2.723780229141326004e-11 1.018011087754178146e-13 2.241831778283912046e-16 2.908387971745700553e-19 2.223505056908055557e-22 1.001599126878025878e-25 2.658397213424158909e-29 4.156320639819121442e-33 1.370585270756508454e-32
5.963071620080301148e-34 4.270282463203904694e-30 1.801841353623992941e-26 4.478786188384882482e-23 6.559528040378731207e-20 5.660502810818775167e-17 2.878528307641986528e-14 8.623607036795100100e-12 1.522217019100935431e-09 1.583358368861809140e-07 9.702922397991642356e-06 3.503448679111897945e-04 7.453478872776031494e-03 9.343633055686950684e-02 6.901032924652099609e-01 3.003189086914062500e+00 7.700664520263671875e+00 1.163406944274902344e+01 1.035631561279296875e+01 5.431865692138671875e+00 1.678604245185852051e+00 3.056518733501434326e-01 3.279262408614158630e-02 2.072829054668545723e-03 7.720540452282875776e-05 1.694344291536253877e-06 2.190915537880755437e-08 1.669046290064812865e-10 7.492515722434811565e-13 1.981786681306651858e-15 3.088062302441393069e-18 2.835642590594618887e-21 1.534211891391719247e-24 4.890905834526190804e-28 9.184841484090674850e-32 5.963071620080301148e-34
1.696435564964560160e-34 3.067645524643164272e-31 1.519375184997828984e-27 4.433126130329785097e-24 7.621209186711713771e-21 7.719826848412416275e-18 4.608109107782833863e-15 1.620469600518981146e-12 3.357607525344974420e-10 4.099543815527795232e-08 2.948896963061997667e-06 1.249836350325495005e-04 3.121166024357080460e-03 4.592784121632575989e-02 3.981758952140808105e-01 2.033967494964599609e+00 6.121980667114257812e+00 1.085664939880371094e+01 1.134410095214843750e+01 6.984163284301757812e+00 2.533470630645751953e+00 5.414959192276000977e-01 6.819374859333038330e-02 5.059815477579832077e-03 2.212173712905496359e-04 5.698672794096637517e-06 8.649666938254085835e-08 7.734686779947708146e-10 4.075702882827547668e-12 1.265413097792595157e-14 2.314538373323812013e-17 2.494754755474910528e-20 1.584393680434020840e-23 5.928822800144510105e-27 1.306931358283774961e-30 1.696435564964560160e-34
2.495281000549995440e-33 2.270041956595044506e-32 1.313660444662006284e-28 4.478354484254500283e-25 8.995367018283265727e-22 1.064611433652951665e-18 7.425000288984958969e-16 3.050725362434281163e-13 7.385513034474655569e-11 1.053603604361796897e-08 8.854996167428907938e-07 4.385012289276346564e-05 1.279449323192238808e-03 2.199743688106536865e-02 2.228226959705352783e-01 1.329894065856933594e+00 4.676865577697753906e+00 9.690525054931640625e+00 1.183068752288818359e+01 8.510256767272949219e+00 3.606900691986083984e+00 9.007453322410583496e-01 1.325377672910690308e-01 1.149000041186809540e-02 5.869386950507760048e-04 1.766591594787314534e-05 3.132924746296339436e-07 3.273282089821805130e-09 2.015262262622385947e-11 7.310533336460020570e-14 1.562324742639771211e-16 1.967546151432380594e-19 1.459985771841853206e-22 6.383257834251135829e-26 1.644050687263443108e-29 2.495281000549995440e-33
3.389984354575790793e-32 1.659363457793250347e-33 1.119879963949291062e-29 4.451865644392826674e-26 1.042752190360666647e-22 1.439097939693757522e-19 1.170408553645616826e-16 5.607684049101571699e-14 1.583062500531973171e-11 2.633499196491584371e-09 2.580969749033101834e-07 1.490396698500262573e-05 5.070984479971230030e-04 1.016671489924192429e-02 1.200896725058555603e-01 8.357977867126464844e-01 3.427506923675537109e+00 8.281492233276367188e+00 1.178987121582031250e+01 9.889619827270507812e+00 4.887766361236572266e+00 1.423363685607910156e+00 2.442258596420288086e-01 2.468944340944290161e-02 1.470693387091159821e-03 5.161818262422457337e-05 1.067466655513271689e-06 1.300547758376069396e-08 9.337107476081740742e-11 3.949739298646226526e-13 9.843095653125550661e-16 1.445513630072901231e-18 1.250790285362964276e-21 6.376980966635905391e-25 1.915291588856926859e-28 3.389984354575790793e-32
5.188943335433674802e-31 9.742954061208504872e-35 7.754189862600368491e-31 3.630360611800440098e-27 1.001462547938238504e-23 1.627758321124525711e-20 1.559138839966910974e-17 8.797821209071722548e-15 2.925060801212131523e-12 5.730809160553462789e-10 6.614710912344889948e-08 4.498589532886398956e-06 1.802653714548796415e-04 4.256458953022956848e-03 5.921325460076332092e-02 4.853551983833312988e-01 2.344144344329833984e+00 6.670523643493652344e+00 1.118422698974609375e+01 1.104897880554199219e+01 6.431320667266845703e+00 2.205724716186523438e+00 4.457307755947113037e-01 5.306883901357650757e-02 3.723023924976587296e-03 1.538941723993048072e-04 3.748167273442959413e-06 5.378235101716200006e-08 4.547481835537325878e-10 2.265547124902234088e-12 6.649385665832233810e-15 1.150053607460544691e-17 1.171992062586107681e-20 7.037223031641288853e-24 2.489241919740153009e-27 5.188943335433674802e-31
1.339850503937309921e-29 2.007917185608236403e-33 2.811912379292677582e-32 1.606427074039386216e-28 5.407391041952628255e-25 1.072460262910957512e-21 1.253471863544986976e-18 8.630647927865416850e-16 3.501411400402831831e-13 8.370813764368989496e-11 1.178967501402894413e-08 9.783766472537536174e-07 4.783888289239257574e-05 1.378344488330185413e-03 2.339738234877586365e-02 2.340168356895446777e-01 1.379154205322265625e+00 4.788809776306152344e+00 9.797439575195312500e+00 1.181048679351806641e+01 8.388553619384765625e+00 3.510566234588623047e+00 8.656402826309204102e-01 1.257608085870742798e-01 1.076565682888031006e-02 5.430076853372156620e-04 1.613769927644170821e-05 2.825549927365500480e-07 2.915239605272290646e-09 1.772208074735104333e-11 6.346924938741005384e-14 1.339491550040846149e-16 1.665655083900759829e-19 1.220399122377624433e-22 5.267537343332455414e-26 1.339850503937309921e-29
2.873592199466481949e-28 5.218368545122328467e-32 1.067582775555351461e-33 7.390952516162378941e-30 3.014513003868731259e-26 7.244401886723845272e-23 1.025960902543528601e-19 8.559527997589291598e-17 4.207658188342365546e-14 1.218863551755156038e-11 2.080080996336164390e-09 2.091588697794577456e-07 1.239200537384022027e-05 4.326250636950135231e-04 8.898407220840454102e-03 1.078408062458038330e-01 7.700899839401245117e-01 3.240016460418701172e+00 8.031986236572265625e+00 1.173191833496093750e+01 1.009673690795898438e+01 5.119908332824707031e+00 1.529724717140197754e+00 2.692862749099731445e-01 2.793188765645027161e-02 1.707091694697737694e-03 6.147284875623881817e-05 1.304180614170036279e-06 1.630418822173851368e-08 1.200968213765918335e-10 5.211627028371690340e-13 1.332723545034047476e-15 2.008061173491892324e-18 1.782722854068092762e-21 9.323584509700136526e-25 2.873592199466481949e-28
5.746916790967191291e-27 1.264529396258653735e-30 1.637756585928190491e-34 3.172179180976478162e-31 1.567689159879224402e-27 4.564908499990576003e-24 7.833313159171941879e-21 7.918651289168112219e-18 4.716577605909377802e-15 1.655509713691105667e-12 3.423276107028527804e-10 4.170836120920284884e-08 2.994152964674867690e-06 1.266574836336076260e-04 3.156578633934259415e-03 4.635249078273773193e-02 4.010689854621887207e-01 2.044608592987060547e+00 6.141456604003906250e+00 1.086933135986328125e+01 1.133450031280517578e+01 6.964160919189453125e+00 2.521188974380493164e+00 5.377661585807800293e-01 6.758730858564376831e-02 5.005032289773225784e-03 2.183829492423683405e-04 5.613848770735785365e-06 8.503702275675095734e-08 7.589698869381322766e-10 3.990745234272452535e-12 1.236533932972433414e-14 2.257500630493585521e-17 2.428408084882195359e-20 1.538889974610338260e-23 5.746916790967191291e-27
1.071959295018159871e-25 2.857990361357622475e-29 4.488571546685148582e-33 1.269839527419284303e-32 7.603986699085065646e-29 2.682852829784243469e-25 5.578239681128918092e-22 6.832630766901063092e-19 4.931157944744967402e-16 2.097206414607144520e-13 5.254562757128766748e-11 7.757161135657497653e-09 6.747442853338725399e-07 3.458467836026102304e-05 1.044371747411787510e-03 1.858218759298324585e-02 1.948184072971343994e-01 1.203390479087829590e+00 4.379789352416992188e+00 9.392262458801269531e+00 1.186743831634521484e+01 8.835047721862792969e+00 3.875529289245605469e+00 1.001628160476684570e+00 1.525329500436782837e-01 1.368645578622817993e-02 7.235835073515772820e-04 2.253808270324952900e-05 4.136659867981506977e-07 4.473550418992999766e-09 2.850172528545691364e-11 1.070061939989312705e-13 2.367097098573186370e-16 3.085281579715931213e-19 2.368995494073308194e-22 1.071959295018159871e-25
1.865248002544467351e-24 6.025700350428093526e-28 1.146741053704563862e-31 4.738773131534772371e-34 3.439210590279893268e-30 1.470311618922778610e-26 3.704273085308030439e-23 5.497737034120643943e-20 4.807691510677424397e-17 2.477540369312958984e-14 7.521571906976554089e-12 1.345441758004994881e-09 1.418052306689787656e-07 8.807037374936044216e-06 3.222492814529687166e-04 6.947439163923263550e-03 8.825734257698059082e-02 6.605693101882934570e-01 2.913104057312011719e+00 7.569441795349121094e+00 1.158893489837646484e+01 1.045409011840820312e+01 5.556473255157470703e+00 1.740073800086975098e+00 3.210816383361816406e-01 3.490870445966720581e-02 2.236258238554000854e-03 8.440032979706302285e-05 1.877012550721701700e-06 2.459579917513110559e-08 1.898762813645760161e-10 8.637710230234574293e-13 2.315247247256435256e-15 3.656506816447274697e-18 3.401985448690330677e-21 1.865248002544467351e-24
3.026523869676122323e-23 1.184686732594825148e-26 2.731766492666890543e-30 3.710598528584249624e-34 1.451132494663553239e-31 7.516864128414549403e-28 2.294661872503583159e-24 4.126543158704931410e-21 4.372427087118551108e-18 2.730203817676870280e-15 1.004310783841999566e-12 2.176759605898581640e-10 2.779859364920866938e-08 2.091932401526719332e-06 9.274604963138699532e-05 2.422777935862541199e-03 3.729296475648880005e-02 3.382047712802886963e-01 1.807185769081115723e+00 5.689787864685058594e+00 1.055511856079101562e+01 1.153695678710937500e+01 7.430015087127685547e+00 2.819327354431152344e+00 6.303458213806152344e-01 8.303910493850708008e-02 6.445496343076229095e-03 2.947578323073685169e-04 7.942803676996845752e-06 1.261109332517662551e-07 1.179646269555689742e-09 6.502291760579481661e-12 2.111784258205205711e-14 4.041152501447394245e-17 4.555697223635799919e-20 3.026523869676122323e-23
4.580209719424785881e-22 2.172359244340833152e-25 6.069599516097970083e-29 9.993843585759848173e-33 5.710439884331344596e-33 3.584231760922759980e-29 1.325769991113813466e-25 2.888822771306766792e-22 3.708890200086303126e-19 2.806100510849697353e-16 1.250723971005923696e-13 3.284647900891890515e-11 5.082615217588681844e-09 4.634456729490921134e-07 2.489611506462097168e-05 7.880158955231308937e-04 1.469726581126451492e-02 1.615007817745208740e-01 1.045641779899597168e+00 3.988978624343872070e+00 8.966361999511718750e+00 1.187489700317382812e+01 9.266456604003906250e+00 4.260464668273925781e+00 1.154185771942138672e+00 1.842318177223205566e-01 1.732701994478702545e-02 9.601092897355556488e-04 3.134837243123911321e-05 6.030847998772514984e-07 6.835415344852435737e-09 4.565251648935841899e-11 1.796527336617170789e-13 4.165555833363939310e-16 5.689982080284093105e-19 4.580209719424785881e-22
6.466012687190197200e-21 3.715975836836984149e-24 1.258031113776347609e-27 2.509935756378582430e-31 2.094098645774268570e-34 1.593692546890035538e-30 7.142774192318694853e-27 1.885861450757480784e-23 2.933759539837262583e-20 2.689534748324316727e-17 1.452531061467247919e-14 4.622147282973276816e-12 8.666288797698484814e-10 9.574948478530131979e-08 6.232493433344643563e-06 2.390320150880143046e-04 5.401937756687402725e-03 7.192479819059371948e-02 5.642585754394531250e-01 2.608241081237792969e+00 7.103870391845703125e+00 1.139986133575439453e+01 1.077889633178710938e+01 6.004964828491210938e+00 1.971152067184448242e+00 3.812412023544311523e-01 4.344604909420013428e-02 2.917019650340080261e-03 1.154049386968836188e-04 2.690168003027793020e-06 3.694529482345387805e-08 2.989846703549403628e-10 1.425639554325508485e-12 4.005351568670727572e-15 6.629366227412335634e-18 6.466012687190197200e-21
8.512235217856764041e-20 5.927409965054401245e-23 2.431506276311515790e-26 5.878032982134294133e-30 8.371246285182457292e-34 6.610392481849133801e-32 3.589884786606711852e-28 1.148444807849963648e-24 2.164760743619683493e-21 2.404636581363343521e-18 1.573558199465376149e-15 6.067183431004985472e-13 1.378356317971451972e-10 1.845242358911036717e-08 1.455333858757512644e-06 6.763046258129179478e-05 1.851928420364856720e-03 2.987712249159812927e-02 2.840032279491424561e-01 1.590663194656372070e+00 5.249441623687744141e+00 1.020711517333984375e+01 1.169400024414062500e+01 7.893810272216796875e+00 3.139653682708740234e+00 7.357784509658813477e-01 1.015973836183547974e-01 8.265320211648941040e-03 3.962143091484904289e-04 1.119104854296892881e-05 1.862246108430554159e-07 1.826047424380305984e-09 1.055013628542544879e-11 3.591485426114940371e-14 7.202650037514866867e-17 8.512235217856764041e-20
1.045163797066370569e-18 8.818420847185633871e-22 4.383165104011809604e-25 1.283885808463022666e-28 2.215815961381230825e-32 2.557224042708560512e-33 1.682768649993087285e-29 6.522954007209297350e-26 1.489798276954220848e-22 2.005174209756505689e-19 1.589908899962699535e-16 7.427839268138447526e-14 2.044664784706107241e-11 3.316676711051513848e-09 3.169552371673489688e-07 1.784690357453655452e-05 5.921494448557496071e-04 1.157528068870306015e-02 1.333220005035400391e-01 9.047784805297851562e-01 3.617966175079345703e+00 8.523929595947265625e+00 1.183274078369140625e+01 9.678238868713378906e+00 4.664196968078613281e+00 1.324425935745239258e+00 2.215891480445861816e-01 2.184302546083927155e-02 1.268728636205196381e-03 4.342050669947639108e-05 8.754837494961975608e-07 1.040181185629762695e-08 7.281823061200398683e-11 3.003599430805026227e-13 7.298740499076048893e-16 1.045163797066370569e-18
1.196907185307079561e-17 1.223635517011336088e-20 7.369435235796108334e-24 2.615538820296229214e-27 5.469631638104943244e-31 9.214734080435120034e-35 7.357161473434997267e-31 3.455495802499801019e-27 9.562696533112130025e-24 1.559523190731003445e-20 1.498294081085470427e-17 8.481496754919604086e-15 2.828902910534392134e-12 5.560151228323206851e-10 6.438230570893210825e-08 4.392553819343447685e-06 1.765927299857139587e-04 4.182716365903615952e-03 5.837326869368553162e-02 4.799984395503997803e-01 2.325677156448364258e+00 6.639115333557128906e+00 1.116711711883544922e+01 1.106724357604980469e+01 6.462572097778320312e+00 2.223523139953613281e+00 4.507626891136169434e-01 5.383938178420066833e-02 3.789143636822700500e-03 1.571277098264545202e-04 3.838776137854438275e-06 5.526366209096522653e-08 4.687656929291961205e-10 2.342841632502201676e-12 6.898249027933230776e-15 1.196907185307079561e-17
1.278590675226650005e-16 1.583852866679918116e-19 1.155825240595639443e-22 4.970622424558910649e-26 1.259489722838260358e-29 1.880286233428775693e-33 2.999345541278466736e-32 1.706943163396278918e-28 5.723796248503855406e-25 1.131068715418788792e-21 1.316692657376955466e-18 9.031325746256630913e-16 3.649951976943122123e-13 8.692571662471948457e-11 1.219607348446061224e-08 1.008232857202528976e-06 4.911454743705689907e-05 1.409568707458674908e-03 2.383596822619438171e-02 2.374923378229141235e-01 1.394286870956420898e+00 4.822850704193115234e+00 9.829368591308593750e+00 1.180366706848144531e+01 8.351676940917968750e+00 3.481776237487792969e+00 8.552597761154174805e-01 1.237777918577194214e-01 1.055540144443511963e-02 5.303678335621953011e-04 1.570040694787167013e-05 2.738721605055616237e-07 2.814853683474893842e-09 1.704641636179893283e-11 6.081628798650096090e-14 1.278590675226650005e-16
1.273718277016247253e-15 1.911797822910880591e-18 1.690457581619247352e-21 8.808591458868571863e-25 2.704457753974124041e-28 4.892414247214877836e-32 1.140570413659357346e-33 7.866006458753410978e-30 3.195958715789341523e-26 7.652343948918976665e-23 1.079381389724939531e-19 8.970718156600421571e-17 4.392865669204486234e-14 1.267642414648495475e-11 2.155031264550189007e-09 2.158641194682786590e-07 1.274137866857927293e-05 4.430759290698915720e-04 9.078412316739559174e-03 1.096003949642181396e-01 7.796540260314941406e-01 3.267675876617431641e+00 8.069494247436523438e+00 1.174153900146484375e+01 1.006623744964599609e+01 5.084867477416992188e+00 1.513429641723632812e+00 2.653960287570953369e-01 2.742283232510089874e-02 1.669552177190780640e-03 5.988532939227297902e-05 1.265736955247120932e-06 1.576288255478175415e-08 1.156641518673673374e-10 5.000056358533955247e-13 1.273718277016247253e-15
1.183438350300155401e-14 2.152282594832350359e-17 2.305942702724012498e-20 1.455919793409726858e-23 5.416221138006292184e-27 1.187208669245745965e-30 1.531480876354316741e-34 3.380788521044025579e-31 1.664371709755938617e-27 4.828718969484134161e-24 8.252759161015249562e-21 8.310648872734541822e-18 4.931084464636793091e-15 1.724165515221143252e-12 3.551574034865723206e-10 4.310552270681000664e-08 3.082869852732983418e-06 1.298979623243212700e-04 3.224928863346576691e-03 4.717453941702842712e-02 4.066166281700134277e-01 2.064940690994262695e+00 6.178747653961181641e+00 1.089347553253173828e+01 1.131603050231933594e+01 6.926151752471923828e+00 2.497813701629638672e+00 5.307372808456420898e-01 6.644810736179351807e-02 4.901802632957696915e-03 2.130415086867287755e-04 5.455979589896742254e-06 8.232846937517024344e-08 7.319786443638065521e-10 3.834081489795249098e-12 1.183438350300155401e-14
1.025678294467452512e-13 2.260250774419752823e-16 2.934263990763949219e-19 2.244802786736084851e-22 1.011879771736044053e-25 2.687498014883850042e-29 4.204672763230273079e-33 1.354937677705537574e-32 8.082552003169235568e-29 2.841320687539237610e-25 5.884067801219896656e-22 7.179709548073719357e-19 5.161838897600203556e-16 2.186922789127604405e-13 5.458410806680191740e-11 8.027297049295611941e-09 6.956399829505244270e-07 3.551596091710962355e-05 1.068395096808671951e-03 1.893696188926696777e-02 1.977790743112564087e-01 1.217008829116821289e+00 4.412425994873046875e+00 9.426192283630371094e+00 1.186464881896972656e+01 8.799209594726562500e+00 3.845055103302001953e+00 9.899539947509765625e-01 1.501789540052413940e-01 1.342373248189687729e-02 7.069261628203094006e-04 2.193678665207698941e-05 4.010902330264798366e-07 4.320970248272715253e-09 2.742442731240579690e-11 1.025678294467452512e-13
8.289899257503396957e-13 2.213501437874011886e-15 3.481843080613333862e-18 3.227552525327860547e-21 1.762824866408513147e-24 5.673073651707970868e-28 1.075472829554604968e-31 5.064724858048330578e-34 3.661522338856557860e-30 1.559637482338623017e-26 3.913521911405886793e-23 5.786026279701566571e-20 5.040378078733081125e-17 2.587501339492565000e-14 7.825254333404529916e-12 1.394397264320446084e-09 1.464162977526939358e-07 9.057594070327468216e-06 3.301464603282511234e-04 7.090397644788026810e-03 8.972815424203872681e-02 6.690017580986022949e-01 2.938977956771850586e+00 7.607512474060058594e+00 1.160236740112304688e+01 1.042607498168945312e+01 5.520333290100097656e+00 1.722126483917236328e+00 3.165514767169952393e-01 3.428419306874275208e-02 2.187674399465322495e-03 8.225593774113804102e-05 1.822308149712625891e-06 2.378733299224222719e-08 1.829317114454553916e-10 8.289899257503396957e-13
6.249127083857164422e-12 2.021785313493541791e-14 3.853477462732178050e-17 4.328147268823277912e-20 2.864330596574699324e-23 1.116899699305029832e-26 2.565571715923905167e-30 3.471480018752956848e-34 1.547081398203376881e-31 7.984644585922015376e-28 2.427661848971582697e-24 4.348982042060670686e-21 4.590469001455385267e-18 2.855341288930668409e-15 1.046311691801915522e-12 2.259098186296881750e-10 2.874268290042891749e-08 2.154451067326590419e-06 9.515148121863603592e-05 2.476081717759370804e-03 3.796730935573577881e-02 3.430001139640808105e-01 1.825780868530273438e+00 5.726411819458007812e+00 1.058209991455078125e+01 1.152209663391113281e+01 7.391988754272460938e+00 2.794143199920654297e+00 6.223194599151611328e-01 8.166727423667907715e-02 6.314286030828952789e-03 2.876695943996310234e-04 7.722076588834170252e-06 1.221365550918562803e-07 1.138082961205100219e-09 6.249127083857164422e-12
4.394187791412207389e-11 1.722603450941134762e-13 3.978274995841441387e-16 5.414218675622696122e-19 4.341586994877864767e-22 2.051302868496912615e-25 5.709478301740507545e-29 9.364954842753893620e-33 6.095217756263865654e-33 3.811901958179851341e-29 1.404304052456959770e-25 3.048250424292229760e-22 3.898614671826938359e-19 2.938368411332600589e-16 1.304671160603371183e-13 3.413234278548671341e-11 5.261979296733443334e-09 4.779136020260921214e-07 2.557521293056197464e-05 8.064168505370616913e-04 1.498297043144702911e-02 1.640109717845916748e-01 1.057835221290588379e+00 4.020173072814941406e+00 9.001709938049316406e+00 1.187614822387695312e+01 9.232010841369628906e+00 4.228403091430664062e+00 1.141121864318847656e+00 1.814503073692321777e-01 1.699913665652275085e-02 9.383988799527287483e-04 3.052239480894058943e-05 5.849502144883444998e-07 6.604534696919017733e-09 4.394187791412207389e-11
2.881467286997008159e-10 1.368693353098748844e-12 3.830047935841083065e-15 6.315827552127173259e-18 6.136582353685985304e-21 3.513132087972979279e-24 1.184799360977972914e-27 2.354756631236700776e-31 2.238802918715453742e-34 1.697616215694820727e-30 7.577874892750814892e-27 1.993075220841706410e-23 3.088648140185536680e-20 2.820652139836832208e-17 1.517502723686389027e-14 4.810390800968900038e-12 8.985716615228511728e-10 9.888674412650289014e-08 6.411993581423303112e-06 2.449734602123498917e-04 5.514983087778091431e-03 7.314836978912353516e-02 5.716568231582641602e-01 2.632385730743408203e+00 7.141924858093261719e+00 1.141697597503662109e+01 1.075368499755859375e+01 5.967945098876953125e+00 1.951488137245178223e+00 3.759907484054565430e-01 4.268088191747665405e-02 2.854824764654040337e-03 1.125112903537228703e-04 2.612656999190221541e-06 3.574308493625721894e-08 2.881467286997008159e-10
1.762313628361766860e-09 1.014285096884171011e-11 3.439119445496942318e-14 6.871636840917276761e-17 8.089869042268945426e-20 5.611701519897710553e-23 2.293154556528932111e-26 5.522321244569816933e-30 7.834245568238296321e-34 7.051453243704216764e-32 3.813896920675682707e-28 1.215426592881827150e-24 2.282225843208790310e-21 2.525387786798375086e-18 1.646240296724254745e-15 6.323087669776739084e-13 1.431163243470479074e-10 1.908357205593347317e-08 1.499341692579037044e-06 6.940835737623274326e-05 1.893321401439607143e-03 3.042777255177497864e-02 2.881285846233367920e-01 1.607635855674743652e+00 5.284925460815429688e+00 1.023670673370361328e+01 1.168292808532714844e+01 7.856093883514404297e+00 3.112671375274658203e+00 7.266578674316406250e-01 9.994792938232421875e-02 8.100381121039390564e-03 3.868187195621430874e-04 1.088376848201733083e-05 1.804162366170203313e-07 1.762313628361766860e-09
1.005390082298163179e-08 7.011360936282073908e-11 2.880583683910475923e-13 6.974024595394600484e-16 9.948476411756887255e-19 8.361799377597889775e-22 4.140316739529849935e-25 1.208115752220318509e-28 2.077090730252907829e-32 2.731012249940996869e-33 1.789904822607257300e-29 6.911696033136061113e-26 1.572556475452381261e-22 2.108470456700596402e-19 1.665422416606012444e-16 7.750856976639769469e-14 2.125705167443925347e-11 3.434514006528388563e-09 3.269615831413830165e-07 1.833997157518751919e-05 6.061833119019865990e-04 1.180431433022022247e-02 1.354403495788574219e-01 9.156770706176757812e-01 3.647408962249755859e+00 8.560451507568359375e+00 1.183801841735839844e+01 9.645545959472656250e+00 4.630675315856933594e+00 1.309880971908569336e+00 2.183073312044143677e-01 2.143832296133041382e-02 1.240461948327720165e-03 4.229083060636185110e-05 8.494482699461514130e-07 1.005390082298163179e-08
5.348947240690904437e-08 4.519828400439962479e-10 2.250035227580049479e-12 6.600509323676818918e-15 1.140873226150186168e-17 1.161891734942437723e-20 6.970831708996983278e-24 2.464609083158445824e-27 5.134324695719327706e-31 9.854864796826632963e-35 7.836440612920624935e-31 3.666532272457954529e-27 1.010792879180830543e-23 1.642140116231724534e-20 1.571636877278097179e-17 8.862664969315828256e-15 2.945135888637873123e-12 5.765696808879283708e-10 6.650726902535097906e-08 4.520185939327348024e-06 1.810294197639450431e-04 4.271410871297121048e-03 5.938322469592094421e-02 4.864580631256103516e-01 2.347864151000976562e+00 6.676833629608154297e+00 1.118763828277587891e+01 1.104520225524902344e+01 6.425048828125000000e+00 2.202163696289062500e+00 4.447063803672790527e-01 5.291534960269927979e-02 3.709878772497177124e-03 1.532526657683774829e-04 3.729795707840821706e-06 5.348947240690904437e-08
2.654211925801064353e-07 2.717530200868623069e-09 1.639190866375983546e-11 5.826442843817614126e-14 1.220244531190711637e-16 1.505781363268661270e-19 1.094630712713876432e-22 4.689389814062126716e-26 1.183695652656562122e-29 1.759939856475559162e-33 3.199861955388907950e-32 1.814081322125704082e-28 6.059664625739147971e-25 1.192852402489894305e-21 1.383297240299725255e-18 9.451756902373407293e-16 3.805744239714081711e-13 9.027595337940397258e-11 1.261753723724723386e-08 1.039075755215890240e-06 5.042278280598111451e-05 1.441566739231348038e-03 2.428358234465122223e-02 2.410360276699066162e-01 1.409596681594848633e+00 4.857110500335693359e+00 9.861232757568359375e+00 1.179652023315429688e+01 8.314615249633789062e+00 3.453031301498413086e+00 8.449128866195678711e-01 1.218162775039672852e-01 1.034829672425985336e-02 5.179676809348165989e-04 1.527452695881947875e-05 2.654211925801064353e-07
1.416443296875513624e-06 1.789670989182923222e-08 1.332188109826049072e-10 5.843529870055985675e-13 1.510271603415679065e-15 2.299883669360546926e-18 2.063234824745169648e-21 1.090773849474810596e-24 3.397744867187405364e-28 6.234810281817904719e-32 8.890366631024657373e-34 6.220814281839726170e-30 2.564334891236783529e-26 6.229480582881631086e-23 8.914861503607828920e-20 7.517048153456471838e-17 3.735194391198820574e-14 1.093405747887299384e-11 1.885902989329224511e-09 1.916583869387977757e-07 1.147744296758901328e-05 4.049381241202354431e-04 8.417867124080657959e-03 1.031121090054512024e-01 7.441456317901611328e-01 3.164294242858886719e+00 7.928039550781250000e+00 1.170378684997558594e+01 1.018006134033203125e+01 5.217283248901367188e+00 1.575411081314086914e+00 2.802999019622802734e-01 2.938476391136646271e-02 1.815062714740633965e-03 6.605335511267185211e-05 1.416443296875513624e-06
6.952622243261430413e-06 1.084071641344053205e-07 9.958376345764463622e-10 5.390558659168487310e-12 1.719293584996443858e-14 3.230983354499887116e-17 3.576981000272178917e-20 2.333663550088162594e-23 8.970739784154729567e-27 2.031439684209698538e-30 2.709366164319077550e-34 1.962106253231532080e-31 9.981272529672790077e-28 2.992278392261301413e-24 5.284457883579222335e-21 5.498811334941197188e-18 3.371879344341759469e-15 1.218081841988793990e-12 2.592688841396295629e-10 3.251584956842634710e-08 2.402977770543657243e-06 1.046234247041866183e-04 2.683975733816623688e-03 4.057175666093826294e-02 3.613332509994506836e-01 1.896105766296386719e+00 5.862560272216796875e+00 1.068035411834716797e+01 1.146424293518066406e+01 7.250622749328613281e+00 2.701857089996337891e+00 5.932357311248779297e-01 7.674714922904968262e-02 5.850157700479030609e-03 2.627291833050549030e-04 6.952622243261430413e-06
3.138953616144135594e-05 6.039907702870550565e-07 6.846977207430882117e-09 4.573828121801071234e-11 1.800241813260106127e-13 4.174957899078462044e-16 5.703912835775251783e-19 4.592282194282798575e-22 2.178491898321827874e-25 6.087872980151559226e-29 1.002586625592815508e-32 5.692146988180642011e-33 3.573446252307637649e-29 1.322022655294980778e-25 2.881196695163814227e-22 3.699803621057408117e-19 2.799749616629862220e-16 1.248126087075376867e-13 3.278451815580396556e-11 5.073975906100258726e-09 4.627452199201798066e-07 2.486316225258633494e-05 7.871211855672299862e-04 1.468333974480628967e-02 1.613782793283462524e-01 1.045045137405395508e+00 3.987452507019042969e+00 8.964620590209960938e+00 1.187482643127441406e+01 9.268146514892578125e+00 4.262043952941894531e+00 1.154831171035766602e+00 1.843695342540740967e-01 1.734323799610137939e-02 9.611893910914659500e-04 3.138953616144135594e-05
1.303491008002310991e-04 3.095206920988857746e-06 4.330073366531905776e-08 3.569536333181133614e-10 1.733801036768456427e-12 4.961993543915049765e-15 8.365932661793910874e-18 8.312000317834391545e-21 4.865960698389165518e-24 1.678103782852414047e-27 3.410476806368393272e-31 1.517454611437366348e-34 1.176721190766353713e-30 5.372329194573707079e-27 1.444886784789305787e-23 2.289673740285713692e-20 2.138223171396909058e-17 1.176327000488187197e-14 3.813062712798576115e-12 7.282645597683767846e-10 8.196341383381877677e-08 5.434641025203745812e-06 2.123204758390784264e-04 4.887792281806468964e-03 6.629313528537750244e-02 5.297783613204956055e-01 2.494541168212890625e+00 6.920936584472656250e+00 1.131347370147705078e+01 1.089675903320312500e+01 6.183868885040283203e+00 2.067742824554443359e+00 4.073832035064697266e-01 4.729113727807998657e-02 3.234419506043195724e-03 1.303491008002310991e-04
4.059856000822037458e-04 1.151190554082859308e-05 1.923127115333045367e-07 1.893126322372040704e-09 1.098047347491970527e-11 3.752604645209864365e-14 7.555255956822541207e-17 8.963897158060884534e-20 6.266326066953969928e-23 2.580575411048625559e-26 6.262863877678244907e-30 8.954216178083462343e-34 6.191626145851746343e-32 3.375602450616785314e-28 1.084119906346884514e-24 2.051502027082057880e-21 2.287746861822862627e-18 1.502926768971800213e-15 5.817518775735885939e-13 1.326807413937203250e-10 1.783190306525739288e-08 1.411893208569381386e-06 6.586840027011930943e-05 1.810732064768671989e-03 2.932679280638694763e-02 2.798631191253662109e-01 1.573607444763183594e+00 5.213471412658691406e+00 1.017683792114257812e+01 1.170493030548095703e+01 7.932102680206298828e+00 3.167226791381835938e+00 7.451441287994384766e-01 1.032931506633758545e-01 8.436155505478382111e-03 4.059856000822037458e-04
1.309519400820136070e-03 4.505855758907273412e-05 9.134167839874862693e-07 1.091111379025733186e-08 7.679615277034201881e-11 3.184789671567545000e-13 7.780857888367803763e-16 1.120219477512441503e-18 9.502742157682246863e-22 4.748796710163025181e-25 1.398512464298711500e-28 2.426700823413100026e-32 2.331863041214711766e-33 1.542782281522024142e-29 6.012551140769987449e-26 1.380647569357751759e-22 1.868315367952017300e-19 1.489393617694399850e-16 6.995800965435561292e-14 1.936141177938388580e-11 3.157601735637172169e-09 3.033831603715952951e-07 1.717493614705745131e-05 5.729319527745246887e-04 1.126009970903396606e-02 1.303922235965728760e-01 8.896756172180175781e-01 3.576787471771240234e+00 8.472426414489746094e+00 1.182476806640625000e+01 9.723953247070312500e+00 4.711539268493652344e+00 1.345094323158264160e+00 2.262626290321350098e-01 2.242418751120567322e-02 1.309519400820136070e-03
4.320715554058551788e-03 1.835034054238349199e-04 4.591579454427119344e-06 6.769947447082813596e-08 5.881367615145904892e-10 3.010524121660473895e-12 9.078479646913804185e-15 1.613283105014426974e-17 1.689195222417341171e-20 1.041936634402412956e-23 3.787439843250651932e-27 8.111763018979259799e-31 1.022494118335670200e-34 4.959414427701153627e-31 2.385666755481968536e-27 6.761722826823713132e-24 1.129396380786818182e-20 1.111290683185390984e-17 6.442863786698584810e-15 2.200908292421255297e-12 4.430445177394659595e-10 5.254170076796071953e-08 3.671399554150411859e-06 1.511696755187585950e-04 3.667135722935199738e-03 5.241549015045166016e-02 4.414304494857788086e-01 2.190529346466064453e+00 6.404520988464355469e+00 1.103302001953125000e+01 1.119875907897949219e+01 6.697499275207519531e+00 2.360074281692504883e+00 4.900143742561340332e-01 5.994289368391036987e-02 4.320715554058551788e-03
1.311043277382850647e-02 6.872718222439289093e-04 2.122616569977253675e-05 3.862946016397472704e-07 4.142237219895150702e-09 2.617106704960736607e-11 9.741314607172521511e-14 2.136675152511352820e-16 2.761411677073922945e-19 2.102395596641670434e-22 9.432800576394755440e-26 2.493658883585797153e-29 3.884096351977834413e-33 1.466135182126304242e-32 8.705185894890185046e-29 3.045398510681847601e-25 6.278581052671014556e-22 7.625463221505709138e-19 5.456835591536050769e-16 2.300841266643371963e-13 5.716821460666210442e-11 8.368251869228515716e-09 7.217468578346597496e-07 3.668125282274559140e-05 1.098321285098791122e-03 1.937692612409591675e-02 2.014237195253372192e-01 1.233735918998718262e+00 4.452284336090087891e+00 9.467028617858886719e+00 1.186080932617187500e+01 8.755479812622070312e+00 3.808166980743408203e+00 9.759379029273986816e-01 1.473588198423385620e-01 1.311043277382850647e-02
3.485728055238723755e-02 2.232263330370187759e-03 8.422310929745435715e-05 1.872485199783113785e-06 2.452875946801214013e-08 1.893226131421954506e-10 8.608762574330297568e-13 2.306766329872051574e-15 3.641958777423998323e-18 3.387391042316311584e-21 1.856658293362742059e-24 5.996076177506015161e-28 1.140972432727338568e-31 4.764584875262418170e-34 3.456861437293648474e-30 1.477390104803181682e-26 3.720942347324074595e-23 5.520748164786103482e-20 4.826286530847616460e-17 2.485994266346325254e-14 7.545927424579268461e-12 1.349379163961827999e-09 1.421754518560192082e-07 8.827251804177649319e-06 3.228879068046808243e-04 6.959015503525733948e-03 8.837191760540008545e-02 6.612550020217895508e-01 2.915212631225585938e+00 7.572543144226074219e+00 1.159004592895507812e+01 1.045180892944335938e+01 5.553518295288085938e+00 1.738661408424377441e+00 3.207094967365264893e-01 3.485728055238723755e-02
8.591008186340332031e-02 6.720961071550846100e-03 3.097808512393385172e-04 8.413502655457705259e-06 1.346385261058458127e-07 1.269497285072418435e-09 7.051926750878401151e-12 2.308369932647793416e-14 4.452175900847033527e-17 5.058708339068710277e-20 3.387207168305635429e-23 1.336335611973842732e-26 3.106403501200510439e-30 4.252641014267484312e-34 1.272865955174911365e-31 6.645513717745487898e-28 2.044678359741512592e-24 3.706000980991277576e-21 3.957821003049822152e-18 2.490444577451199348e-15 9.234762477286495574e-13 2.017351563576852413e-10 2.596620873873689561e-08 1.969460754480678588e-06 8.800518116913735867e-05 2.317073056474328041e-03 3.594524040818214417e-02 3.285739421844482422e-01 1.769577622413635254e+00 5.615343570709228516e+00 1.049921989440917969e+01 1.156641387939453125e+01 7.507764339447021484e+00 2.871393918991088867e+00 6.470338106155395508e-01 8.591008186340332031e-02
1.962889432907104492e-01 1.875936985015869141e-02 1.056279288604855537e-03 3.504579217405989766e-05 6.851164471299853176e-07 7.891546971450225101e-09 5.355195453748962109e-11 2.141452163165191713e-13 5.045574625864486257e-16 7.003473548690468354e-19 5.728632163068086514e-22 2.760950059401123638e-25 7.840395803464814089e-29 1.311548711848748414e-32 4.344833934176522426e-33 2.771179670967475440e-29 1.041589752540864647e-25 2.306283450245389627e-22 3.008836907925018892e-19 2.312889107531279284e-16 1.047709147087086401e-13 2.795961726032025751e-11 4.396355279823183082e-09 4.073521893133147387e-07 2.223647243226878345e-05 7.152087055146694183e-04 1.355407107621431351e-02 1.513556987047195435e-01 9.957963824272155762e-01 3.860225200653076172e+00 8.817199707031250000e+00 1.186608982086181641e+01 9.409244537353515625e+00 4.396145343780517578e+00 1.210162401199340820e+00 1.962889432907104492e-01
4.157665371894836426e-01 4.854084551334381104e-02 3.338912036269903183e-03 1.353310653939843178e-04 3.231919890822609887e-06 4.547711540681120823e-08 3.770030954086678321e-10 1.841676117164681159e-12 5.300927848528227265e-15 8.988559780668700335e-18 8.981795278565000671e-21 5.288179170816534172e-24 1.834521457366728865e-27 3.748993318529493984e-31 1.373596602593277065e-34 1.071261479983462025e-30 4.918917907788319833e-27 1.330518677383449760e-23 2.120520313338734599e-20 1.991287935902787050e-17 1.101942091719619599e-14 3.592399815122160334e-12 6.900517934838035217e-10 7.810763236193452030e-08 5.208650236454559490e-06 2.046574081759899855e-04 4.738047719001770020e-03 6.463479995727539062e-02 5.194852352142333984e-01 2.460087299346923828e+00 6.864452362060546875e+00 1.128542900085449219e+01 1.093202209472656250e+01 6.239546775817871094e+00 2.098272562026977539e+00 4.157665371894836426e-01
8.164028525352478027e-01 1.164388209581375122e-01 9.784355759620666504e-03 4.844625946134328842e-04 1.413378140568966046e-05 2.429553660476813093e-07 2.460460724051927173e-09 1.468315920238882910e-11 5.162887397333962292e-14 1.069472534230548168e-16 1.305503747122468653e-19 9.389805043958461752e-23 3.979287117614908779e-26 9.934237047273789668e-30 1.461424902794162409e-33 3.839160141681775417e-32 2.153502641440892610e-28 7.115909441746755965e-25 1.385439072630740734e-21 1.589325286817415809e-18 1.074425082933584859e-15 4.278954577816018734e-13 1.004083899358576559e-10 1.388413828351531265e-08 1.131062390413717367e-06 5.429055090644396842e-05 1.535435905680060387e-03 2.558793872594833374e-02 2.512334585189819336e-01 1.453416466712951660e+00 4.954305171966552734e+00 9.950162887573242188e+00 1.177464389801025391e+01 8.209857940673828125e+00 3.372731924057006836e+00 8.164028525352478027e-01
1.486198186874389648e+00 2.589467167854309082e-01 2.658201754093170166e-02 1.607890939339995384e-03 5.730539123760536313e-05 1.203387455461779609e-06 1.488797529702878819e-08 1.085375261888898990e-10 4.662236850923318077e-13 1.179813981022148975e-15 1.759390415433444656e-18 1.545899186768956962e-21 8.003320767704765723e-25 2.440852352108440392e-28 4.386971072018082776e-32 1.275051099990754147e-33 8.738351913165302300e-30 3.527443306692659417e-26 8.389912486993794106e-23 1.175777011655777323e-19 9.710211006777927888e-17 4.724233089686662168e-14 1.354263923225573762e-11 2.287691591718044037e-09 2.276694033298554132e-07 1.335004708380438387e-05 4.612443444784730673e-04 9.390254504978656769e-03 1.126316487789154053e-01 7.960011959075927734e-01 3.314738750457763672e+00 8.132747650146484375e+00 1.175697898864746094e+01 1.001438522338867188e+01 5.025893211364746094e+00 1.486198186874389648e+00
2.508031845092773438e+00 5.338287949562072754e-01 6.694485247135162354e-02 4.946762695908546448e-03 2.153748646378517151e-04 5.525091637537116185e-06 8.350414759661362041e-08 7.436828375340098773e-10 3.902445207260019089e-12 1.206406749807787185e-14 2.197748411765205014e-17 2.359024272036475431e-20 1.491959061636929826e-23 5.558660605577238883e-27 1.220473278583055386e-30 1.577385537875109833e-34 3.287816321848789215e-31 1.621332182916739302e-27 4.710891154806250343e-24 8.065029551644059595e-21 8.136704370443215845e-18 4.836005439823971505e-15 1.693537671210165740e-12 3.494811107174200515e-10 4.248808238571655238e-08 3.043546712433453649e-06 1.284587197005748749e-04 3.194831777364015579e-03 4.681296274065971375e-02 4.041610360145568848e-01 2.056019306182861328e+00 6.162410736083984375e+00 1.088289070129394531e+01 1.132421493530273438e+01 6.942793846130371094e+00 2.508031845092773438e+00
3.923656702041625977e+00 1.020223021507263184e+00 1.562958061695098877e-01 1.410868205130100250e-02 7.504055975005030632e-04 2.351665170863270760e-05 4.341926000961393584e-07 4.723856861232889059e-09 3.028177014696709080e-11 1.143602899010554008e-13 2.545042044830165802e-16 3.337219856290328194e-19 2.578365994077185837e-22 1.173523780710684293e-25 3.147641799049956053e-29 4.974387933516645467e-33 1.146790762421924260e-32 6.908576127737475871e-29 2.452177082107909776e-25 5.128496573763721878e-22 6.320766233974421111e-19 4.589265801079977884e-16 1.963297417435089232e-13 4.949394019626573993e-11 7.350738684408497647e-09 6.432489385588269215e-07 3.316642687423154712e-05 1.007673330605030060e-03 1.803736388683319092e-02 1.902377605438232422e-01 1.182243108749389648e+00 4.328780174255371094e+00 9.338870048522949219e+00 1.187116909027099609e+01 8.891128540039062500e+00 3.923656702041625977e+00
5.690502166748046875e+00 1.807548522949218750e+00 3.382827043533325195e-01 3.730388730764389038e-02 2.423810772597789764e-03 9.279266669182106853e-05 2.092940121656283736e-06 2.781668229090428213e-08 2.178338065483842456e-10 1.004983639710244070e-12 2.732204721256521751e-15 4.376615929740519640e-18 4.130796191834903764e-21 2.296772272640275671e-24 7.525815369313575178e-28 1.452960741027387143e-31 3.706552715801009322e-34 2.728954334021531368e-30 1.183313852693268151e-26 3.023247257020196329e-23 4.551893485287763106e-20 4.037377249131702227e-17 2.109980586247322404e-14 6.498063372106788194e-12 1.178955710834372894e-09 1.260320772189515992e-07 7.938426278997212648e-06 2.946406602859497070e-04 6.442902609705924988e-03 8.301191031932830811e-02 6.302139759063720703e-01 2.818915128707885742e+00 7.429269790649414062e+00 1.153666687011718750e+01 1.055556106567382812e+01 5.690502166748046875e+00
7.651010513305664062e+00 2.968924045562744141e+00 6.787837743759155273e-01 9.144219011068344116e-02 7.258250378072261810e-03 3.394589875824749470e-04 9.353494533570483327e-06 1.518671979283681139e-07 1.452864495377070853e-09 8.188387468077706899e-12 2.719530397860166204e-14 5.321811723775467858e-17 6.136138228782878219e-20 4.167988244591011543e-23 1.668389969991908145e-26 3.934929535479284988e-30 5.465837509682473532e-34 9.991295260944059306e-32 5.292568635560356874e-28 1.651894358447816093e-24 3.038384437562330928e-21 3.292232191110559816e-18 2.101889388721970425e-15 7.907817738302125310e-13 1.752712142089052350e-10 2.288945566419897659e-08 1.761284920576144941e-06 7.986040873220190406e-05 2.133346162736415863e-03 3.357845917344093323e-02 3.114230036735534668e-01 1.701709747314453125e+00 5.478858947753906250e+00 1.039358329772949219e+01 1.161739826202392578e+01 7.651010513305664062e+00
9.536293983459472656e+00 4.520588874816894531e+00 1.262597322463989258e+00 2.077853381633758545e-01 2.014815807342529297e-02 1.151134842075407505e-03 3.874800313496962190e-05 7.685565606152522378e-07 8.981986709954981052e-09 6.184198986236566498e-11 2.509080183205059100e-13 5.998125643731806993e-16 8.448639245918214468e-19 7.010520279326174856e-22 3.428124486130169623e-25 9.877221997756082224e-29 1.676416280872232345e-32 3.391755236815304569e-33 2.194928491765000621e-29 8.368899618782944645e-26 1.880467693204122637e-22 2.489138457609616893e-19 1.941350281316797221e-16 8.922509541105239084e-14 2.415889883977673236e-11 3.854220942400843342e-09 3.622988629103929270e-07 2.006809154408983886e-05 6.548935780301690102e-04 1.259231753647327423e-02 1.426701396703720093e-01 9.523639678955078125e-01 3.745787143707275391e+00 8.680675506591796875e+00 1.185316753387451172e+01 9.536293983459472656e+00
1.101899719238281250e+01 6.381056785583496094e+00 2.177206993103027344e+00 4.377088248729705811e-01 5.184908956289291382e-02 3.618821036070585251e-03 1.488085254095494747e-04 3.605693564168177545e-06 5.147770565372411511e-08 4.329820668669270844e-10 2.146028580535253028e-12 6.267190000470990174e-15 1.078398756025893647e-17 1.093150521879223589e-20 6.530129436699381097e-24 2.298442929044626134e-27 4.765712706990734461e-31 1.066247303770221953e-34 8.438569256417468883e-31 3.930568793741689261e-27 1.078922220171519051e-23 1.744651866375339663e-20 1.662260634519814253e-17 9.333027447123824760e-15 3.087076167612723410e-12 6.016477316350687943e-10 6.908873473321364145e-08 4.675005129683995619e-06 1.863725483417510986e-04 4.377764649689197540e-03 6.059229373931884766e-02 4.941084086894989014e-01 2.374092578887939453e+00 6.721143722534179688e+00 1.121144294738769531e+01 1.101899719238281250e+01
1.180336952209472656e+01 8.350105285644531250e+00 3.480457544326782227e+00 8.547854423522949219e-01 1.236939355731010437e-01 1.054653245955705643e-02 5.297940224409103394e-04 1.568207517266273499e-05 2.735077941906638443e-07 2.810331078961780804e-09 1.701607604820409847e-11 6.070595686292340476e-14 1.276061752483503885e-16 1.580195952890609466e-19 1.153156366381095716e-22 4.958332526323391268e-26 1.255920132056960140e-29 1.874628432181474170e-33 3.007641592659395030e-32 1.711389774526004473e-28 5.738728399363557633e-25 1.133630228819575561e-21 1.319458025562296807e-18 9.050191287574352317e-16 3.656934781035015014e-13 8.706560472582225430e-11 1.221369494430746272e-08 1.009624384096241556e-06 4.916947364108636975e-05 1.410915283486247063e-03 2.385629154741764069e-02 2.376530021429061890e-01 1.394934535026550293e+00 4.824304103851318359e+00 9.830831527709960938e+00 1.180336952209472656e+01
1.172115898132324219e+01 1.012970924377441406e+01 5.158033370971679688e+00 1.547554016113281250e+00 2.735757231712341309e-01 2.849569916725158691e-02 1.748719601891934872e-03 6.323494017124176025e-05 1.347299530607415363e-06 1.691194384534355777e-08 1.250937964325515850e-10 5.451903034928151648e-13 1.400005489616824687e-15 2.117935781052464129e-18 1.888123354786464612e-21 9.917827513146335562e-25 3.068927958887256006e-28 5.596400475380671196e-32 9.933976025814453702e-34 6.906384780572627769e-30 2.829195402387924896e-26 6.827459868233228399e-23 9.707861462286516954e-20 8.134382309027656985e-17 4.015373577799345728e-14 1.167876038932202931e-11 2.001417032104768623e-09 2.021132985419171746e-07 1.202459861815441400e-05 4.215186345390975475e-04 8.706860244274139404e-03 1.059601753950119019e-01 7.597907781600952148e-01 3.210077762603759766e+00 7.991235733032226562e+00 1.172115898132324219e+01
1.079035186767578125e+01 1.139193344116210938e+01 7.086338996887207031e+00 2.597280025482177734e+00 5.609005093574523926e-01 7.137119770050048828e-02 5.350583698600530624e-03 2.363596722716465592e-04 6.151992693048669025e-06 9.433715320028568385e-08 8.524333461323863048e-10 4.538448609980871851e-12 1.423724826183844772e-14 2.631143738011953483e-17 2.865481273267265384e-20 1.838742000027724527e-23 6.950744339795710095e-27 1.548423977321225049e-30 2.031032914675172055e-34 2.584261558884465176e-31 1.293270239154789740e-27 3.812596309369358896e-24 6.622508150501840908e-21 6.778970940179288772e-18 4.087886882567660224e-15 1.452463041333451610e-12 3.040754870120565556e-10 3.751227239945365000e-08 2.726368393268785439e-06 1.167524969787336886e-04 2.946109743788838387e-03 4.379907995462417603e-02 3.836643695831298828e-01 1.980195999145507812e+00 6.022043228149414062e+00 1.079035186767578125e+01
9.208786010742187500e+00 1.187680244445800781e+01 9.025291442871093750e+00 4.041042327880859375e+00 1.066094636917114258e+00 1.657175272703170776e-01 1.517690531909465790e-02 8.190130465663969517e-04 2.604163819341920316e-05 4.878352228843141347e-07 5.385007995073465281e-09 3.502424045231933292e-11 1.342214506856384548e-13 3.030254810148543107e-16 4.031494257897163839e-19 3.160274226414386192e-22 1.459382320859490814e-25 3.971561851496107003e-29 6.368243584315619630e-33 8.964507263782926838e-33 5.480540601838766336e-29 1.973719138025524748e-25 4.188152665288164123e-22 5.237221670075896334e-19 3.858083138208424304e-16 1.674604736563028995e-13 4.282763033103265116e-11 6.454370371500317560e-09 5.730599355047161225e-07 2.997902629431337118e-05 9.241384104825556278e-04 1.678373105823993683e-02 1.796017587184906006e-01 1.132406473159790039e+00 4.207027912139892578e+00 9.208786010742187500e+00
7.285691261291503906e+00 1.147897720336914062e+01 1.065619945526123047e+01 5.828672409057617188e+00 1.878482580184936523e+00 3.567096590995788574e-01 3.990869224071502686e-02 2.630936214700341225e-03 1.021934876916930079e-04 2.338647618671529926e-06 3.153635930175369140e-08 2.505702312305402302e-10 1.173052432100474274e-12 3.235290834674030454e-15 5.258203106313303880e-18 5.035352118991451272e-21 2.840618108295525146e-24 9.443736815509562808e-28 1.849878045976605660e-31 2.881358895766129021e-34 2.153023792062141643e-30 9.472208800842411509e-27 2.455408453590921346e-23 3.750932559448105737e-20 3.375555996728435166e-17 1.789870403040745572e-14 5.592020770051053802e-12 1.029526019991067187e-09 1.116654715360709815e-07 7.136251497286139056e-06 2.687366213649511337e-04 5.962297320365905762e-03 7.794187963008880615e-02 6.003413200378417969e-01 2.724637031555175781e+00 7.285691261291503906e+00
5.343684673309326172e+00 1.028509998321533203e+01 1.166392898559570312e+01 7.793768882751464844e+00 3.068459510803222656e+00 7.118088006973266602e-01 9.728670120239257812e-02 7.834864780306816101e-03 3.717743966262787580e-04 1.039339986164122820e-05 1.712146087129440275e-07 1.661858539669935908e-09 9.504239409374726222e-12 3.202214494545281565e-14 6.357842536980579193e-17 7.437684304415192769e-20 5.125755313672515070e-23 2.081713795356852832e-26 4.981432095168891533e-30 7.022304528653975732e-34 7.841239098410116594e-32 4.214262126409817877e-28 1.334533742732753144e-24 2.490455839670335623e-21 2.737917783123462146e-18 1.773503397159187540e-15 6.768846008871343134e-13 1.522373616058558810e-10 2.017149824951047776e-08 1.574798034198465757e-06 7.244675362017005682e-05 1.963545102626085281e-03 3.135691583156585693e-02 2.950501441955566406e-01 1.635849833488464355e+00 5.343684673309326172e+00
3.633296966552734375e+00 8.542978286743164062e+00 1.183555030822753906e+01 9.661216735839843750e+00 4.646706581115722656e+00 1.316827297210693359e+00 2.198679149150848389e-01 2.163117378950119019e-02 1.253917696885764599e-03 4.282433292246423662e-05 8.618168294560746290e-07 1.021902562570176087e-08 7.139590307847498707e-11 2.938647589156850870e-13 7.127652019829297005e-16 1.018629910967200824e-18 8.575878809226085100e-22 4.254829760683995062e-25 1.243815150781344885e-28 2.142389294504292047e-32 2.646705244087045461e-33 1.737829031080518590e-29 6.722802056785725428e-26 1.532657279261495673e-22 2.058394751874226067e-19 1.628848592734755824e-16 7.594563812465121577e-14 2.086651164356911892e-11 3.377598867260189763e-09 3.221332747216365533e-07 1.810395406209863722e-05 5.994269158691167831e-04 1.169416308403015137e-02 1.344226300716400146e-01 9.104637503623962402e-01 3.633296966552734375e+00
2.290193080902099609e+00 6.578331947326660156e+00 1.113351345062255859e+01 1.110224533081054688e+01 6.523183822631835938e+00 2.258283615112304688e+00 4.606261253356933594e-01 5.536080896854400635e-02 3.920363727957010269e-03 1.635631488170474768e-04 4.021096174255944788e-06 5.824694682132758317e-08 4.971327793867885703e-10 2.499689691348727649e-12 7.406615332985685973e-15 1.293079504661679834e-17 1.329916755055749506e-20 8.060556274860236776e-24 2.878552672779494323e-27 6.057007827498967484e-31 8.272900800290566478e-35 6.644614883983493222e-31 3.140173307540989706e-27 8.745547075829892736e-24 1.434843000170967174e-20 1.387049372917296416e-17 7.900438082333784834e-15 2.651776367934566281e-12 5.243602219096032968e-10 6.109316785796181648e-08 4.194361736153950915e-06 1.696539693512022495e-04 4.043266177177429199e-03 5.677679181098937988e-02 4.697846174240112305e-01 2.290193080902099609e+00
1.338273763656616211e+00 4.695955276489257812e+00 9.709070205688476562e+00 1.182745933532714844e+01 8.489372253417968750e+00 3.590292453765869141e+00 8.946166038513183594e-01 1.313488781452178955e-01 1.136281061917543411e-02 5.791372386738657951e-04 1.739304207148961723e-05 3.077800840856070863e-07 3.209039922680290147e-09 1.971178775761472934e-11 7.135032853173434164e-14 1.521721424219748273e-16 1.911934928097411255e-19 1.415622885104865044e-22 6.175783718392516501e-26 1.587474388661191382e-29 2.403664807556829511e-33 2.355271615311796020e-32 1.359762633447018791e-28 4.626262945755045418e-25 9.272204941869479031e-22 1.094979715481610970e-18 7.619017950113884767e-16 3.124088986637685306e-13 7.546593905338738750e-11 1.074111288801304909e-08 9.008656434161821380e-07 4.451374843483790755e-05 1.295978669077157974e-03 2.223163098096847534e-02 2.247172147035598755e-01 1.338273763656616211e+00
7.249690294265747070e-01 3.107660770416259766e+00 7.849185943603515625e+00 1.168083190917968750e+01 1.024219608306884766e+01 5.291544914245605469e+00 1.610746383666992188e+00 2.889026701450347900e-01 3.053136542439460754e-02 1.900988863781094551e-03 6.974436109885573387e-05 1.507679598944378085e-06 1.920344061545620207e-08 1.441002317470463367e-10 6.371915256715710019e-13 1.660139260355750560e-15 2.548128842993836061e-18 2.304798220798362957e-21 1.228323679821285472e-24 3.857088307090996955e-28 7.135006794413489549e-32 7.738072681596763185e-34 5.458401435274927438e-30 2.268687542515436667e-26 5.554729354233924903e-23 8.013481497639087548e-20 6.811609998225528649e-17 3.412018118129772626e-14 1.006871842845757925e-11 1.750685374446447895e-09 1.793731883026339347e-07 1.082742983271600679e-05 3.850916982628405094e-04 8.069990202784538269e-03 9.964954853057861328e-02 7.249690294265747070e-01
3.640623092651367188e-01 1.906472444534301758e+00 5.882534503936767578e+00 1.069434452056884766e+01 1.145550346374511719e+01 7.230101585388183594e+00 2.688635349273681641e+00 5.891107916831970215e-01 7.605575770139694214e-02 5.785068497061729431e-03 2.592859091237187386e-04 6.847301392554072663e-06 1.065440216052593314e-07 9.766973896319086634e-10 5.276010531241048795e-12 1.679273819337519930e-14 3.148754322422725699e-17 3.479277398997741650e-20 2.265223082356454919e-23 8.689634130959879641e-27 1.963703373896107306e-30 2.613616180137351963e-34 2.030887483983456260e-31 1.031187284910144202e-27 3.084367647754086668e-24 5.435819010979355258e-21 5.644629628454188842e-18 3.454132596267256439e-15 1.245209230865684802e-12 2.644944818719352497e-10 3.310604412831708032e-08 2.441272954456508160e-06 1.060708164004608989e-04 2.715473528951406479e-03 4.096295684576034546e-02 3.640623092651367188e-01
1.694928407669067383e-01 1.084280252456665039e+00 4.087075710296630859e+00 9.076902389526367188e+00 1.187771606445312500e+01 9.157950401306152344e+00 4.160284996032714844e+00 1.113584995269775391e+00 1.756282001733779907e-01 1.631952077150344849e-02 8.935379446484148502e-04 2.882625994971022010e-05 5.479421361087588593e-07 6.136244401488966105e-09 4.049335172728873999e-11 1.574469450215526534e-13 3.606528911252678037e-16 4.868275335434635091e-19 3.871960553733264324e-22 1.814506176493646074e-25 5.009160822006483666e-29 8.149273278812869158e-33 7.006323958461035207e-33 4.345962030831878032e-29 1.587986369933146264e-25 3.418857277565061106e-22 4.336975677028176878e-19 3.242108602866480317e-16 1.427799257948045297e-13 3.704895418232823090e-11 5.665052427161754167e-09 5.103272542328340933e-07 2.708720785449258983e-05 8.471284527331590652e-04 1.561102457344532013e-02 1.694928407669067383e-01
7.315239310264587402e-02 5.716813802719116211e-01 2.632463932037353516e+00 7.142047882080078125e+00 1.141703033447265625e+01 1.075360107421875000e+01 5.967823028564453125e+00 1.951423883438110352e+00 3.759735822677612305e-01 4.267841577529907227e-02 2.854623598977923393e-03 1.125019480241462588e-04 2.612408025015611202e-06 3.573919826749261119e-08 2.881114791186689672e-10 1.368508171367688320e-12 3.829492705744157871e-15 6.314839484885478667e-18 6.135552012991345278e-21 3.512501788109707690e-24 1.184582116080246034e-27 2.354289489781683999e-31 2.239247172928118024e-34 1.697966042813625439e-30 7.579320880953060829e-27 1.993425001767081406e-23 3.089154465193298631e-20 2.821093523411690503e-17 1.517722613439496243e-14 4.811023975037631573e-12 8.986796862231472005e-10 9.889731700241100043e-08 6.412587026716209948e-06 2.449930470902472734e-04 5.515352822840213776e-03 7.315239310264587402e-02
2.926898747682571411e-02 2.794268727302551270e-01 1.571860551834106445e+00 5.209660530090332031e+00 1.017361259460449219e+01 1.170607185363769531e+01 7.936161994934082031e+00 3.170162200927734375e+00 7.461436986923217773e-01 1.034691557288169861e-01 8.454479277133941650e-03 4.070362192578613758e-04 1.154647543444298208e-05 1.929704467329429463e-07 1.900386958908484303e-09 1.102715141421128919e-11 3.769606290527152681e-14 7.593683459359304661e-17 9.013204231152434111e-20 6.303416413451289373e-23 2.596919006631091193e-26 6.305053028206093266e-30 9.018319191111663368e-34 6.150101807908949037e-32 3.353654312229305326e-28 1.077510928290556030e-24 2.039843546427105173e-21 2.275674367577804326e-18 1.495617298153469228e-15 5.791622606846069665e-13 1.321614206961641003e-10 1.776722768909166916e-08 1.407358467986341566e-06 6.568410026375204325e-05 1.806413056328892708e-03 2.926898747682571411e-02
1.085645146667957306e-02 1.266146153211593628e-01 8.700959086418151855e-01 3.522880315780639648e+00 8.404247283935546875e+00 1.181326484680175781e+01 9.783780097961425781e+00 4.774334907531738281e+00 1.372742652893066406e+00 2.325489819049835205e-01 2.321270667016506195e-02 1.365234609693288803e-03 4.731063381768763065e-05 9.659129318606574088e-07 1.162049478864446428e-08 8.237233811714261833e-11 3.439921416291402689e-13 8.465265274309606743e-16 1.227442247426744870e-18 1.048656605976966942e-21 5.277859095239206590e-25 1.565387914336924704e-28 2.735627497901714412e-32 2.064901845658239214e-33 1.375627511456564027e-29 5.399368326546530565e-26 1.248687043350125739e-22 1.701782197154013312e-19 1.366311789524469501e-16 6.463446856723453759e-14 1.801800028622402294e-11 2.959081868425528228e-09 2.863369843453256181e-07 1.632555904507171363e-05 5.484819412231445312e-04 1.085645146667957306e-02
3.732843790203332901e-03 5.318343639373779297e-02 4.464804828166961670e-01 2.208380699157714844e+00 6.435994148254394531e+00 1.105166149139404297e+01 1.118168067932128906e+01 6.665823936462402344e+00 2.341374158859252930e+00 4.845506548881530762e-01 5.908687785267829895e-02 4.245349671691656113e-03 1.797237782739102840e-04 4.482576514419633895e-06 6.588005874164082343e-08 5.704940964079696641e-10 2.910468741013083616e-12 8.749760559644513547e-15 1.549882192604075062e-17 1.617600478578889176e-20 9.945679825126973825e-24 3.603647578285800259e-27 7.693493917092270169e-31 9.662118161602837058e-35 5.229960565113527373e-31 2.507722180521520731e-27 7.084846564489481336e-24 1.179581363926925015e-20 1.156944270117295177e-17 6.686038475525821895e-15 2.276952931756781595e-12 4.568197764509562830e-10 5.400150371315248776e-08 3.761286961889709346e-06 1.543737889733165503e-04 3.732843790203332901e-03
1.189930597320199013e-03 2.071063965559005737e-02 2.124010920524597168e-01 1.283404350280761719e+00 4.569203376770019531e+00 9.584897994995117188e+00 1.184689140319824219e+01 8.627528190612792969e+00 3.702020168304443359e+00 9.359318017959594727e-01 1.394220739603042603e-01 1.223739888519048691e-02 6.328733870759606361e-04 1.928303026943467557e-05 3.462088216110714711e-07 3.662442349394723351e-09 2.282546374132721212e-11 8.382783535246587925e-14 1.813953879071790280e-16 2.312779932098131473e-19 1.737139113572410079e-22 7.689113524850710616e-26 2.005347772129920197e-29 3.080769941110614190e-33 1.843685600511191391e-32 1.079953299623611609e-28 3.727274592974851549e-25 7.580929570237894402e-22 9.083309597523893167e-19 6.412601628833793609e-16 2.667821475885179261e-13 6.538573849024231777e-11 9.442333137599234760e-09 8.034256779865245335e-07 4.028287366963922977e-05 1.189930597320199013e-03
3.516452561598271132e-04 7.476733531802892685e-03 9.367255866527557373e-02 6.914401650428771973e-01 3.007230997085571289e+00 7.706357002258300781e+00 1.163598823547363281e+01 1.035191345214843750e+01 5.426354408264160156e+00 1.675910949707031250e+00 3.049814701080322266e-01 3.270138055086135864e-02 2.065992914140224457e-03 7.689987978665158153e-05 1.686642917775316164e-06 2.179674218893978832e-08 1.659494763828206487e-10 7.445234749894891202e-13 1.968120228219177349e-15 3.065456697071237652e-18 2.812781224856471195e-21 1.520943250965901828e-24 4.845740851400365736e-28 9.094749246054953091e-32 6.024165183899404802e-34 4.311465014409256912e-30 1.817823644748891530e-26 4.516670128952854264e-23 6.611126662260994093e-20 5.701656038910023357e-17 2.897753245039227932e-14 8.676070278879066677e-12 1.530572890651171747e-09 1.590947675822462770e-07 9.744691851665265858e-06 3.516452561598271132e-04
9.633638546802103519e-05 2.502260496839880943e-03 3.829748183488845825e-02 3.453404307365417480e-01 1.834825992584228516e+00 5.743973731994628906e+00 1.059507179260253906e+01 1.151480007171630859e+01 7.373593330383300781e+00 2.782014846801757812e+00 6.184679269790649414e-01 8.101122081279754639e-02 6.252350285649299622e-03 2.843002439476549625e-04 7.617466508236248046e-06 1.202578800985065755e-07 1.118499515229132157e-09 6.130186636088552632e-12 1.979619335752864917e-14 3.766695959435769790e-17 4.222196741465172315e-20 2.789025934562301537e-23 1.085513589373328805e-26 2.488858578431050421e-30 3.361414947018863986e-34 1.595716419023733287e-31 8.218894482092862680e-28 2.494711870471747817e-24 4.460784710693875564e-21 4.699740801144559053e-18 2.917873496261717131e-15 1.067245467348265642e-12 2.300015455869441894e-10 2.920572939046905958e-08 2.185335688409395516e-06 9.633638546802103519e-05
2.446460348437540233e-05 7.762850727885961533e-04 1.451448816806077957e-02 1.598894000053405762e-01 1.037786006927490234e+00 3.968863964080810547e+00 8.943353652954101562e+00 1.187390899658203125e+01 9.288746833801269531e+00 4.281344413757324219e+00 1.162729024887084961e+00 1.860576122999191284e-01 1.754228770732879639e-02 9.744560811668634415e-04 3.189598646713420749e-05 6.151484512884053402e-07 6.989509415689099114e-09 4.679775317262269141e-11 1.846180814561032557e-13 4.291346314080511301e-16 5.876404808910934644e-19 4.742052170304438992e-22 2.254711885503314916e-25 6.315334334380306095e-29 1.042437426922026508e-32 5.473685771184135461e-33 3.444214246553377450e-29 1.277132032445313338e-25 2.789772133869768196e-22 3.590641112606667900e-19 2.723399390253339672e-16 1.216880871242331796e-13 3.203728948797390785e-11 4.969736622228992928e-09 4.542807232610357460e-07 2.446460348437540233e-05
5.760019575973274186e-06 2.232760598417371511e-04 5.099881440401077271e-03 6.862991303205490112e-02 5.441731214523315430e-01 2.542322397232055664e+00 6.998454093933105469e+00 1.135091018676757812e+01 1.084749221801757812e+01 6.107868194580078125e+00 2.026391983032226562e+00 3.961204886436462402e-01 4.562482237815856934e-02 3.096100408583879471e-03 1.238010299857705832e-04 2.916779067163588479e-06 4.048600743544739089e-08 3.311459995103405163e-10 1.595891604630472749e-12 4.531668619457869529e-15 7.580800948499403808e-18 7.473174553220265777e-21 4.340754462632930720e-24 1.485289113877091491e-27 2.995075675598539859e-31 1.739635671123500411e-34 1.338281604541109237e-30 6.062270485991101677e-27 1.617721475957798147e-23 2.543551787708290201e-20 2.356778847612199903e-17 1.286444163543266905e-14 4.137462074338404960e-12 7.840561533356549262e-10 8.755417013617261546e-08 5.760019575973274186e-06
1.257221811101771891e-06 5.953406071057543159e-05 1.661194954067468643e-03 2.730921283364295959e-02 2.645257115364074707e-01 1.509721159934997559e+00 5.076979637145996094e+00 1.005933666229248047e+01 1.174365520477294922e+01 8.077944755554199219e+00 3.273933887481689453e+00 7.818239927291870117e-01 1.100065037608146667e-01 9.119469672441482544e-03 4.454654408618807793e-04 1.282119228562805802e-05 2.174040929503462394e-07 2.172285018531283640e-09 1.278901290424627746e-11 4.436363521551425770e-14 9.066115904029427189e-17 1.091809002946724503e-19 7.747127164403091675e-23 3.238335029392891649e-26 7.977209352815776166e-30 1.157701223441676711e-33 4.820719083516700288e-32 2.667714381012618259e-28 8.696473616637904034e-25 1.670380882254755349e-21 1.890721467698182584e-18 1.260767672648321035e-15 4.953516438178928727e-13 1.146730488343905563e-10 1.564332130499224149e-08 1.257221811101771891e-06
2.543908976804232225e-07 1.471600990043953061e-05 5.016284412704408169e-04 1.007409766316413879e-02 1.192065775394439697e-01 8.311208486557006836e-01 3.414369344711303711e+00 8.264366149902343750e+00 1.178633403778076172e+01 9.904069900512695312e+00 4.903632640838623047e+00 1.430514693260192871e+00 2.458878010511398315e-01 2.490148320794105530e-02 1.485951826907694340e-03 5.224617780186235905e-05 1.082260268958634697e-06 1.321040965507336296e-08 9.501036762893377841e-11 4.026211872579232853e-13 1.005140858342616888e-15 1.478720588968689389e-18 1.281785829397673765e-21 6.545414602814169727e-25 1.969692489401682441e-28 3.492473943782459807e-32 1.609709658059555343e-33 1.088277259121219385e-29 4.333916456069103617e-26 1.016923685255154785e-22 1.406168525742875047e-19 1.145461183417711536e-16 5.497857757160579117e-14 1.554810967474562489e-11 2.591088010817088616e-09 2.543908976804232225e-07
4.771900563582676114e-08 3.372219225639128126e-06 1.404256036039441824e-04 3.445126116275787354e-03 4.980057477951049805e-02 4.241637587547302246e-01 2.128712654113769531e+00 6.294356346130371094e+00 1.096619033813476562e+01 1.125714111328125000e+01 6.808752059936523438e+00 2.426482677459716797e+00 5.095151066780090332e-01 6.303516030311584473e-02 4.595129750669002533e-03 1.973706530407071114e-04 4.994562004867475480e-06 7.447623318057594588e-08 6.543466324337998685e-10 3.387413396657712461e-12 1.033083818822002134e-14 1.856650560011613416e-17 1.966052573438839533e-20 1.226460824236651314e-23 4.508741437138492768e-27 9.766231821151441838e-31 1.244991780894808937e-34 4.115736271240279793e-31 2.002254162897313132e-27 5.739366193405428821e-24 9.695089922875668918e-21 9.647841754027552112e-18 5.656904032523687662e-15 1.954331228098959983e-12 3.978665730208774676e-10 4.771900563582676114e-08
8.297287301672895410e-09 7.163107511587440968e-07 3.643959644250571728e-05 1.092127524316310883e-03 1.928603649139404297e-02 2.006702721118927002e-01 1.230295181274414062e+00 4.444104194641113281e+00 9.458658218383789062e+00 1.186163520812988281e+01 8.764448165893554688e+00 3.815707206726074219e+00 9.788039922714233398e-01 1.479327529668807983e-01 1.317406445741653442e-02 6.912663811817765236e-04 2.136988950951490551e-05 3.892805011673772242e-07 4.178247081654262729e-09 2.642376595307638354e-11 9.844796283525400482e-14 2.161440807702292460e-16 2.796073129679309033e-19 2.130824376617408005e-22 9.569511403864721193e-26 2.532213593659999131e-29 3.947935613461069688e-33 1.442634405191077364e-32 8.573821222649069794e-29 3.002338291651325790e-25 6.195688810927838989e-22 7.531966996868840420e-19 5.395072066604635324e-16 2.276969845310672369e-13 5.662938867834199641e-11 8.297287301672895410e-09
1.337607136164820076e-09 1.410679431046446553e-07 8.766738574195187539e-06 3.209761343896389008e-04 6.924335844814777374e-03 8.801433444023132324e-02 6.591997742652893066e-01 2.908890008926391602e+00 7.563239097595214844e+00 1.158670902252197266e+01 1.045864868164062500e+01 5.562386035919189453e+00 1.743078708648681641e+00 3.218271136283874512e-01 3.501172363758087158e-02 2.244265982881188393e-03 8.475570939481258392e-05 1.886100903902843129e-06 2.473039018013878376e-08 1.910591546083750814e-10 8.695896650326440103e-13 2.332311361253583577e-15 3.685760472400518797e-18 3.431363285133034301e-21 1.882532733838764941e-24 6.085343511910849640e-28 1.159046246118406650e-31 4.687568413941961211e-34 3.404176720885274206e-30 1.456250327361609626e-26 3.671144082732368827e-23 5.451997823655582855e-20 4.770695361472622703e-17 2.459666449466588189e-14 7.473049956630006818e-12 1.337607136164820076e-09
1.999038989897172769e-10 2.575470503529686539e-08 1.955260358954546973e-06 8.745308150537312031e-05 2.304705092683434486e-03 3.578703850507736206e-02 3.274360597133636475e-01 1.765111088752746582e+00 5.606446743011474609e+00 1.049246215820312500e+01 1.156985950469970703e+01 7.517075538635253906e+00 2.877663135528564453e+00 6.490575075149536133e-01 8.625993877649307251e-02 6.754690781235694885e-03 3.116286825388669968e-04 8.471664841636084020e-06 1.356968510890510515e-07 1.280684336357751363e-09 7.120764915213850799e-12 2.333095671411093697e-14 4.504123505059853707e-17 5.122537601789393946e-20 3.433179773051381378e-23 1.355749910259639375e-26 3.154503789640677786e-30 4.322544357233024063e-34 1.253017497962406876e-31 6.548077069999048862e-28 2.016598658604944371e-24 3.658550782972067496e-21 3.910830526811909756e-18 2.463195739296265320e-15 9.142313642240829097e-13 1.999038989897172769e-10
2.769593582252483088e-11 4.358999383669015515e-09 4.042707075768703362e-07 2.208909063483588398e-05 7.111373706720769405e-04 1.348960772156715393e-02 1.507778316736221313e-01 9.929289817810058594e-01 3.852735042572021484e+00 8.808383941650390625e+00 1.186539268493652344e+01 9.417556762695312500e+00 4.404174804687500000e+00 1.213514804840087891e+00 1.970180869102478027e-01 1.884679868817329407e-02 1.062201801687479019e-03 3.527552325977012515e-05 6.902568543409870472e-07 7.958250947126543906e-09 5.405551700699007256e-11 2.163622335763989990e-13 5.102617530301735080e-16 7.089298707121673432e-19 5.804301720580803332e-22 2.800056359663258009e-25 7.958944013779139907e-29 1.332639431491201897e-32 4.275580786523781253e-33 2.729590718451202134e-29 1.026917186222786709e-25 2.275938432467561593e-22 2.972048050181722986e-19 2.286762376273220390e-16 1.036850726804372513e-13 2.769593582252483088e-11
3.556782906394273525e-12 6.838620780769133489e-10 7.748130315121670719e-08 5.171804332348983735e-06 2.034033241216093302e-04 4.713514819741249084e-03 6.436139345169067383e-02 5.177824497222900391e-01 2.454364776611328125e+00 6.855019569396972656e+00 1.128068161010742188e+01 1.093785476684570312e+01 6.248838424682617188e+00 2.103403091430664062e+00 4.171809852123260498e-01 4.875246435403823853e-02 3.356669098138809204e-03 1.361807226203382015e-04 3.255315277783665806e-06 4.585015744851261843e-08 3.804566661713693065e-10 1.860320925084479882e-12 5.359691606276941606e-15 9.096943601970298445e-18 9.098805792324308449e-21 5.362182212335317289e-24 1.861946892367797542e-27 3.808728179856360004e-31 1.350919204349503505e-34 1.054588644269590962e-30 4.846945520580579952e-27 1.312306561208974349e-23 2.093490248119003749e-20 1.967780951819132599e-17 1.089972499735379630e-14 3.556782906394273525e-12
4.235004274349973841e-13 9.947168089219360354e-11 1.376781444406560695e-08 1.122656158258905634e-06 5.393843457568436861e-05 1.526932930573821068e-03 2.547053806483745575e-02 2.503196001052856445e-01 1.449511885643005371e+00 4.945710659027099609e+00 9.942388534545898438e+00 1.177667617797851562e+01 8.219114303588867188e+00 3.379758119583129883e+00 8.188850879669189453e-01 1.169042438268661499e-01 9.832859039306640625e-03 4.873290890827775002e-04 1.423097455699462444e-05 2.448599616400315426e-07 2.482101191247920724e-09 1.482645950456884520e-11 5.218249470766503362e-14 1.081980365360187002e-16 1.322031849737043837e-19 9.517755758430413159e-23 4.037359298042028224e-26 1.008882903649732261e-29 1.485583423919972051e-33 3.778025031484209889e-32 2.121231518551497037e-28 7.016019436585079582e-25 1.367293807684817372e-21 1.570012273875527719e-18 1.062373604039169080e-15 4.235004274349973841e-13
4.674665399239698316e-14 1.341320457481920414e-11 2.267962484481245156e-09 2.259188107700538239e-07 1.325987068412359804e-05 4.585601855069398880e-04 9.344408288598060608e-03 1.121873110532760620e-01 7.936080098152160645e-01 3.307885646820068359e+00 8.123582839965820312e+00 1.175479030609130859e+01 1.002195358276367188e+01 5.034430503845214844e+00 1.490125417709350586e+00 2.598755955696105957e-01 2.670250833034515381e-02 1.616701716557145119e-03 5.767365655628964305e-05 1.212261167893302627e-06 1.501189927921586786e-08 1.095439433607126034e-10 4.709903257335557036e-13 1.192997201813214905e-15 1.780727125743943729e-18 1.566121793846478643e-21 8.115658011874698146e-25 2.477456095148978100e-28 4.456940316135665501e-32 1.254565264027294889e-33 8.606093188132816036e-30 3.477315510248939544e-26 8.278480519877170685e-23 1.161254305038760385e-19 9.599280130934156495e-17 4.674665399239698316e-14
4.783584264784297366e-15 1.676753787899221138e-12 3.463437314721318216e-10 4.214635396238008980e-08 3.021913244083407335e-06 1.276655966648831964e-04 3.178100567311048508e-03 4.661167412996292114e-02 4.028023183345794678e-01 2.051038026809692383e+00 6.153270721435546875e+00 1.087698745727539062e+01 1.132873630523681641e+01 6.952110767364501953e+00 2.513763666152954102e+00 5.355528593063354492e-01 6.722432374954223633e-02 4.972094204276800156e-03 2.166818594560027122e-04 5.563854756474029273e-06 8.416919428100300138e-08 7.503109245021732931e-10 3.940943925362372369e-12 1.219454699437176604e-14 2.223612695158513084e-17 2.389036226429231913e-20 1.512364053355738606e-23 5.639976834503167878e-27 1.239503591727387563e-30 1.603485415471951330e-34 3.236892260879076569e-31 1.597718741054596281e-27 4.646675510538544319e-24 7.962589210451762520e-21 8.040926781676925876e-18 4.783584264784297366e-15
4.537893782224596603e-16 1.943146435857273646e-13 4.903221231811194514e-11 7.289014281042227594e-09 6.384488528965448495e-07 3.294992347946390510e-05 1.002038363367319107e-03 1.795340888202190399e-02 1.895307302474975586e-01 1.178958058357238770e+00 4.320819854736328125e+00 9.330480575561523438e+00 1.187167739868164062e+01 8.899888992309570312e+00 3.931221961975097656e+00 1.023153305053710938e+00 1.568924486637115479e-01 1.417587883770465851e-02 7.546893320977687836e-04 2.367319939367007464e-05 4.374945206109259743e-07 4.764268535240034907e-09 3.056960934388897044e-11 1.155561784498340683e-13 2.574079922448819320e-16 3.378464632595870691e-19 2.612693181704569539e-22 1.190268339500131794e-25 3.195575787953323870e-29 5.054882480583094028e-33 1.128623864571950438e-32 6.805517810853992017e-29 2.417882340329557814e-25 5.061540079612479761e-22 6.244124848294086023e-19 4.537893782224596603e-16
3.990142589176964177e-17 2.087276884535707588e-14 6.434302309704653666e-12 1.168500851633780258e-09 1.250336651992256520e-07 7.883074431447312236e-06 2.928656176663935184e-04 6.410199683159589767e-03 8.266943693161010742e-02 6.282129883766174316e-01 2.812647104263305664e+00 7.419827461242675781e+00 1.153300476074218750e+01 1.056228256225585938e+01 5.699562072753906250e+00 1.812155485153198242e+00 3.394684195518493652e-01 3.747039288282394409e-02 2.436952665448188782e-03 9.338487870991230011e-05 2.108307398884790018e-06 2.804774368314610911e-08 2.198531912078749428e-10 1.015261876305406652e-12 2.762787057575375078e-15 4.429828044955749634e-18 4.185008833699804929e-21 2.329153237862561459e-24 7.639022975892115192e-28 1.476224126878465459e-31 3.645748433794803340e-34 2.686748256375031168e-30 1.166133170919774048e-26 2.982195251056856963e-23 4.494333346881436407e-20 3.990142589176964177e-17
3.253069325009236721e-18 2.078836963545971014e-15 7.828460644489221298e-13 1.736758792336701163e-10 2.270244969793111522e-08 1.748541876622766722e-06 7.935736357467249036e-05 2.121902303770184517e-03 3.342982381582260132e-02 3.103366494178771973e-01 1.697370290756225586e+00 5.470037460327148438e+00 1.038662147521972656e+01 1.162055587768554688e+01 7.660302162170410156e+00 2.975329160690307617e+00 6.808892488479614258e-01 9.181223809719085693e-02 7.294488605111837387e-03 3.414753591641783714e-04 9.417912224307656288e-06 1.530571580588002689e-07 1.465628729491186277e-09 8.268111889586648999e-12 2.748597519291323676e-14 5.383763250316504355e-17 6.213422101154619729e-20 4.224446072944593093e-23 1.692583039730113949e-26 3.995766728388578116e-30 5.555555738476542256e-34 9.835345951903518889e-32 5.214849177102068262e-28 1.629165402223748843e-24 2.999402945350594289e-21 3.253069325009236721e-18
2.458647029267263756e-19 1.919377187873836602e-16 8.829834649906609378e-14 2.393046351356620249e-11 3.821375660351122860e-09 3.595494035835145041e-07 1.993454316107090563e-05 6.511489627882838249e-04 1.253210753202438354e-02 1.421217322349548340e-01 9.495972394943237305e-01 3.738423347473144531e+00 8.671770095825195312e+00 1.185216522216796875e+01 9.544470787048339844e+00 4.528727531433105469e+00 1.266062259674072266e+00 2.085518538951873779e-01 2.024154365062713623e-02 1.157559454441070557e-03 3.900099545717239380e-05 7.743037713225930929e-07 9.057664840383949922e-09 6.242185934812738424e-11 2.534988278318772714e-13 6.065774459459863724e-16 8.551979436832347061e-19 7.102959126417717855e-22 3.476601221351165206e-25 1.002625948464938085e-28 1.703322758815379095e-32 3.337617844488184118e-33 2.161938214597308703e-29 8.250818850925421052e-26 1.855683071957271636e-22 2.458647029267263756e-19
1.722669218479316174e-20 1.642856797146667841e-17 9.232779403750383806e-15 3.056795701977810253e-12 5.963066707082020912e-10 6.853996126210404327e-08 4.642239218810573220e-06 1.852407876867800951e-04 4.355279263108968735e-03 6.033788248896598816e-02 4.924973547458648682e-01 2.368581056594848633e+00 6.711857795715332031e+00 1.120650291442871094e+01 1.102451515197753906e+01 6.390269279479980469e+00 2.182404041290283203e+00 4.391670525074005127e-01 5.207083374261856079e-02 3.637720830738544464e-03 1.497266639489680529e-04 3.631358367783832364e-06 5.189293261764760246e-08 4.368859718439921380e-10 2.167419022036654042e-12 6.335601039972457368e-15 1.091198217952294176e-17 1.107171717938137576e-20 6.620098628509384883e-24 2.332305784884809147e-27 4.840465684143706026e-31 1.048852168471085850e-34 8.308755183476500713e-31 3.873723045503155608e-27 1.064320562588059166e-23 1.722669218479316174e-20
1.118752892748733521e-21 1.303389525175571399e-18 8.948439337203061353e-16 3.619268513360696105e-13 8.625124225947189416e-11 1.211100020270805544e-08 1.002094450086588040e-06 4.884930967818945646e-05 1.403065863996744156e-03 2.374622412025928497e-02 2.367823272943496704e-01 1.391150951385498047e+00 4.815810680389404297e+00 9.822893142700195312e+00 1.180509757995605469e+01 8.359298706054687500e+00 3.487617015838623047e+00 8.573616147041320801e-01 1.241851150989532471e-01 1.059852167963981628e-02 5.329150008037686348e-04 1.578950832481496036e-05 2.756445383056416176e-07 2.834978474197669129e-09 1.718168315956170034e-11 6.135527199149781730e-14 1.290945841902436052e-16 1.600159181492752520e-19 1.168838921176889430e-22 5.030557980725823632e-26 1.275435369534848334e-29 1.905573871979847837e-33 2.959656737764478432e-32 1.685692813501774730e-28 5.658039268634960678e-25 1.118752892748733521e-21
6.736599500258596437e-23 9.587736742767917738e-20 8.041299343824819760e-17 3.973153389950044578e-14 1.156685251052502750e-11 1.984107989017047657e-09 2.005538419780350523e-07 1.194306423712987453e-05 4.190548788756132126e-04 8.664125576615333557e-03 1.055394411087036133e-01 7.574868202209472656e-01 3.203358888626098633e+00 7.982022285461425781e+00 1.171866989135742188e+01 1.013710498809814453e+01 5.166664123535156250e+00 1.551603317260742188e+00 2.745499610900878906e-01 2.862412296235561371e-02 1.758254831656813622e-03 6.363966531353071332e-05 1.357199607809889130e-06 1.705229557558141096e-08 1.262506210686353825e-10 5.507505259141898257e-13 1.415617153867668697e-15 2.143563283995428894e-18 1.912771963791481028e-21 1.005680902742817342e-24 3.114855610271058420e-28 5.685527632554367857e-32 9.774147365011008957e-34 6.801698451033029080e-30 2.788925902069138855e-26 6.736599500258596437e-23
3.760524389876625128e-24 6.538214487894209351e-21 6.698970994416835254e-18 4.043470168879539223e-15 1.438032527258104043e-12 3.013376770333309196e-10 3.720957053587881092e-08 2.706916575334616937e-06 1.160286701633594930e-04 2.930605318397283554e-03 4.360962659120559692e-02 3.823646306991577148e-01 1.975347042083740234e+00 6.012957096099853516e+00 1.078422260284423828e+01 1.139618968963623047e+01 7.095664501190185547e+00 2.603147983551025391e+00 5.626974105834960938e-01 7.166728377342224121e-02 5.377844907343387604e-03 2.377876517130061984e-04 6.194988600327633321e-06 9.508593734608439263e-08 8.600092860078234480e-10 4.583101259614252854e-12 1.439084921649354254e-14 2.662036783221216428e-17 2.901859448761125782e-20 1.863833772156632383e-23 7.052262418280294562e-27 1.572519918801216758e-30 2.064576518413099530e-34 2.544176731323684843e-31 1.274415192406244263e-27 3.760524389876625128e-24
1.946072398266406422e-25 4.133363056868071552e-22 5.173579427721832076e-19 3.814794460647809218e-16 1.657375950890604965e-13 4.242695778033933607e-11 6.400003194073633495e-09 5.687684847544005606e-07 2.978257543873041868e-05 9.189471020363271236e-04 1.670518517494201660e-02 1.789295375347137451e-01 1.129231214523315430e+00 4.199183940887451172e+00 9.200275421142578125e+00 1.187700462341308594e+01 9.033949851989746094e+00 4.048728942871093750e+00 1.069128751754760742e+00 1.663457155227661133e-01 1.524879410862922668e-02 8.236673311330378056e-04 2.621431485749781132e-05 4.915329441246285569e-07 5.430927707550381456e-09 3.535620407557615863e-11 1.356213725307517382e-13 3.064735139151101521e-16 4.081226682769324668e-19 3.202261821411317678e-22 1.480171763940459054e-25 4.031950588608584026e-29 6.471094931908754204e-33 8.822295222536477231e-33 5.398660893959358245e-29 1.946072398266406422e-25
9.334429313364904166e-27 2.422002403065346114e-23 3.703402309086411277e-20 3.335962831272461986e-17 1.770570587930966888e-14 5.537000545563497411e-12 1.020369122528563821e-09 1.107781031350896228e-07 7.086310233717085794e-06 2.671104739420115948e-04 5.931882187724113464e-03 7.761825621128082275e-02 5.984192490577697754e-01 2.718507051467895508e+00 7.276241302490234375e+00 1.147503089904785156e+01 1.066270542144775391e+01 5.837799072265625000e+00 1.883220434188842773e+00 3.579507470130920410e-01 4.008577018976211548e-02 2.645133063197135925e-03 1.028429542202502489e-04 2.355758169869659469e-06 3.179747665171817061e-08 2.528864340156644630e-10 1.185025168271014451e-12 3.271417848665610431e-15 5.321992380021249439e-18 5.101299578003381571e-21 2.880589493147847509e-24 9.585651852356652862e-28 1.879467589775504281e-31 2.834069814140754211e-34 2.119676239843438201e-30 9.334429313364904166e-27
4.151427699009212113e-28 1.315890001313986056e-24 2.458035044860945226e-21 2.704853926473645662e-18 1.753757788609268918e-15 6.699857140433918001e-13 1.508289187990285996e-10 2.000395227241824614e-08 1.563209252708475105e-06 7.198243110906332731e-05 1.952823949977755547e-03 3.121544048190116882e-02 2.939993143081665039e-01 1.631580114364624023e+00 5.334825515747070312e+00 1.027785110473632812e+01 1.166683769226074219e+01 7.803154945373535156e+00 3.075087070465087891e+00 7.140274047851562500e-01 9.768305718898773193e-02 7.874295115470886230e-03 3.740021784324198961e-04 1.046567831508582458e-05 1.725699405596969882e-07 1.676612293444179613e-09 9.597784372816775544e-12 3.236811047056115109e-14 6.432640178434564210e-17 7.532393253378246652e-20 5.195998013028290669e-23 2.112262896134723167e-26 5.059377338820504168e-30 7.138932853709739831e-34 7.716961721410956481e-32 4.151427699009212113e-28
1.711643154684312919e-29 6.627772051097792682e-26 1.512422555280469796e-22 2.033125676630438185e-19 1.610369774897015211e-16 7.515482106004028884e-14 2.066865428806963223e-11 3.348720190032850041e-09 3.196806517280492699e-07 1.798302037059329450e-05 5.959839327260851860e-04 1.163794845342636108e-02 1.339024603366851807e-01 9.077954292297363281e-01 3.626060485839843750e+00 8.533996582031250000e+00 1.183424568176269531e+01 9.669251441955566406e+00 4.654953002929687500e+00 1.320407390594482422e+00 2.206732630729675293e-01 2.173086628317832947e-02 1.260883640497922897e-03 4.310279473429545760e-05 8.682383167979423888e-07 1.030485385911106277e-08 7.206354957212113277e-11 2.968917971711559911e-13 7.207875569054935858e-16 1.031062021983566554e-18 8.688726560786526774e-22 4.314882290132010348e-25 1.262564078789954626e-28 2.176724602871047949e-32 2.604380100617750471e-33 1.711643154684312919e-29
6.542198292976010271e-31 3.094687079300440847e-27 8.626992325827847756e-24 1.416726290727635365e-20 1.370827037616151458e-17 7.815369716408088197e-15 2.625695450994558477e-12 5.196924002248692886e-10 6.060641055682935985e-08 4.164860911259893328e-06 1.686193863861262798e-04 4.022395703941583633e-03 5.653694644570350647e-02 4.682406783103942871e-01 2.284817695617675781e+00 6.569074153900146484e+00 1.112831878662109375e+01 1.110752105712890625e+01 6.532432079315185547e+00 2.263615608215332031e+00 4.621487557888031006e-01 5.559615045785903931e-02 3.940740134567022324e-03 1.645681477384641767e-04 4.049612016387982294e-06 5.871530817103121080e-08 5.016015380832072879e-10 2.524538304099488428e-12 7.487291833079869063e-15 1.308396573500446758e-17 1.346938904215869057e-20 8.171393598626504598e-24 2.920884612957125767e-27 6.151877744774171349e-31 8.137684511634944168e-35 6.542198292976010271e-31
2.318154793437406881e-32 1.339590563580128406e-28 4.561911124373575617e-25 9.151848749104271348e-22 1.081785150735624487e-18 7.534306185058982190e-16 3.092261147662200838e-13 7.476746999302008589e-11 1.065173549363862548e-08 8.942099043451889884e-07 4.422655911184847355e-05 1.288828905671834946e-03 2.212982811033725739e-02 2.238988578319549561e-01 1.334656715393066406e+00 4.687675476074218750e+00 9.701084136962890625e+00 1.182886314392089844e+01 8.498374938964843750e+00 3.597486972808837891e+00 8.972542285919189453e-01 1.318601965904235840e-01 1.141779124736785889e-02 5.824877880513668060e-04 1.751015770423691720e-05 3.101437755503866356e-07 3.236732659672725276e-09 1.990063669410346847e-11 7.210165353221248408e-14 1.539200610830830803e-16 1.935712493299189458e-19 1.434578770895219034e-22 6.264381426214986982e-26 1.611772552785343751e-29 2.442746321301824251e-33 2.318154793437406881e-32
7.611830098448218986e-34 5.374472267100792900e-30 2.235918691920863379e-26 5.479720672833166040e-23 7.912814909561091194e-20 6.732456092793594367e-17 3.375561820079947539e-14 9.970678796489274021e-12 1.735292798343834875e-09 1.779660578904440627e-07 1.075275304174283519e-05 3.828009939752519131e-04 8.029647171497344971e-03 9.924606978893280029e-02 7.227225899696350098e-01 3.100988388061523438e+00 7.839812755584716797e+00 1.167801856994628906e+01 1.024950313568115234e+01 5.300376415252685547e+00 1.614975214004516602e+00 2.899376749992370605e-01 3.066998347640037537e-02 1.911443658173084259e-03 7.019483746262267232e-05 1.518865587968321051e-06 1.936443538852472557e-08 1.454471959538850001e-10 6.437611945256382917e-13 1.678856570907702461e-15 2.579306314256725366e-18 2.335215283664943016e-21 1.245726838858979366e-24 3.915497910444373044e-28 7.249855531224704094e-32 7.611830098448218986e-34
2.656699196038690775e-34 1.999340506991568366e-31 1.016121986809666707e-27 3.042160433881141653e-24 5.366488512509053787e-21 5.577867467624727702e-18 3.416497016596616552e-15 1.232807042214623117e-12 2.621065031682690005e-10 3.283808425180723134e-08 2.423792921035783365e-06 1.054106105584651232e-04 2.701113000512123108e-03 4.078471660614013672e-02 3.628196120262145996e-01 1.901755213737487793e+00 5.873507499694824219e+00 1.068799400329589844e+01 1.145948791503906250e+01 7.239429950714111328e+00 2.694639682769775391e+00 5.909827947616577148e-01 7.636937499046325684e-02 5.814391653984785080e-03 2.608457289170473814e-04 6.894978469063062221e-06 1.073870237178198295e-07 9.853531324210962339e-10 5.327777281849410684e-12 1.697345436673779878e-14 3.185651871698511072e-17 3.523365802529391247e-20 2.296081585474709414e-23 8.816314098981894467e-27 1.994201151650225259e-30 2.656699196038690775e-34
8.280700894074493540e-33 6.895017133065642067e-33 4.280935413672073498e-29 1.565700186544037595e-25 3.374054774422811379e-22 4.284159677928783216e-19 3.205645422673958789e-16 1.413071862212816887e-13 3.670144049783274909e-11 5.617192488927003069e-09 5.064928814135782886e-07 2.690901055757422000e-05 8.423482067883014679e-04 1.553756650537252426e-02 1.688541471958160400e-01 1.081211686134338379e+00 4.079349517822265625e+00 9.068277359008789062e+00 1.187761306762695312e+01 9.166498184204101562e+00 4.168091773986816406e+00 1.116725921630859375e+00 1.762894093990325928e-01 1.639639772474765778e-02 8.985925232991576195e-04 2.901665720855817199e-05 5.520806212189199869e-07 6.188419554575830261e-09 4.087608029834655099e-11 1.590851880567054066e-13 3.647482689554627441e-16 4.928197332983742107e-19 3.923314515138938345e-22 1.840298353568396377e-25 5.085171258380371655e-29 8.280700894074493540e-33
2.391419124544497101e-31 2.202883301103178639e-34 1.671973135570050755e-30 7.470272416385922270e-27 1.966596789013601060e-23 3.050452752283473848e-20 2.788375552335013068e-17 1.501534966784519309e-14 4.764189910633209735e-12 8.907699577953565040e-10 9.811925849589897553e-08 6.368135473167058080e-06 2.435236528981477022e-04 5.487441085278987885e-03 7.285074889659881592e-02 5.698605179786682129e-01 2.626552343368530273e+00 7.132720947265625000e+00 1.141286468505859375e+01 1.075980281829833984e+01 5.976891517639160156e+00 1.956229925155639648e+00 3.772546648979187012e-01 4.286419227719306946e-02 2.869751304388046265e-03 1.132046600105240941e-04 2.631203187775099650e-06 3.603022946663259063e-08 2.907314666789062585e-10 1.382251518106114574e-12 3.871604642782799921e-15 6.390300277036547446e-18 6.214723456590970245e-21 3.561167011783244519e-24 1.202126278612144339e-27 2.391419124544497101e-31
6.403513187347352594e-30 9.167890745349222075e-34 6.052490520258192516e-32 3.303551003984828336e-28 1.062433528416679984e-24 2.013219882150905014e-21 2.248132561902238717e-18 1.478920478818074053e-15 5.732440347058775920e-13 1.309352626321924618e-10 1.761917900466869469e-08 1.396965785716020036e-06 6.526128709083423018e-05 1.796501921489834785e-03 2.913617528975009918e-02 2.784243822097778320e-01 1.567717313766479492e+00 5.200888156890869141e+00 1.016617774963378906e+01 1.170868301391601562e+01 7.945511817932128906e+00 3.176927089691162109e+00 7.484496831893920898e-01 1.038879901170730591e-01 8.496808819472789764e-03 4.094645846635103226e-04 1.162645276053808630e-05 1.944928555985825369e-07 1.917206837731555424e-09 1.113538775077138610e-11 3.810216099337133955e-14 7.682813824723118499e-17 9.127696367687430054e-20 6.389577694785700813e-23 2.634958125999881264e-26 6.403513187347352594e-30
1.589250667830368653e-28 2.779979487505414731e-32 2.031430562373536157e-33 1.354610349548607600e-29 5.321888010809436515e-26 1.231942997320266631e-22 1.680577163657275025e-19 1.350573917364484601e-16 6.395094686011820739e-14 1.784439436491869202e-11 2.933367326818370202e-09 2.841195509972749278e-07 1.621463161427527666e-05 5.452756304293870926e-04 1.080328971147537231e-02 1.261148154735565186e-01 8.674885034561157227e-01 3.515677928924560547e+00 8.395072937011718750e+00 1.181163406372070312e+01 9.791769981384277344e+00 4.782793998718261719e+00 1.376487970352172852e+00 2.334062010049819946e-01 2.332049608230590820e-02 1.372883096337318420e-03 4.762111348100006580e-05 9.731824093250907026e-07 1.171912167308164499e-08 8.315087507426710545e-11 3.475747250777927455e-13 8.561588802280181709e-16 1.242598160802671150e-18 1.062617702194500123e-21 5.353165729403867430e-25 1.589250667830368653e-28
3.757379158306678199e-27 8.043358651716209244e-31 1.013129193614959046e-34 5.001783946082192158e-31 2.404799713921489092e-27 6.812443427585803307e-24 1.137290785757871139e-20 1.118482274148988262e-17 6.481244543604571667e-15 2.213170835832500849e-12 4.452233304252928292e-10 5.277300374473270494e-08 3.685653837237623520e-06 1.516785559942945838e-04 3.677587257698178291e-03 5.253776907920837402e-02 4.422523975372314453e-01 2.193381309509277344e+00 6.409560680389404297e+00 1.103602123260498047e+01 1.119603729248046875e+01 6.692425727844238281e+00 2.357072353363037109e+00 4.891179502010345459e-01 5.980507284402847290e-02 4.308562725782394409e-03 1.828929816838353872e-04 4.573952537612058222e-06 6.740467028976127040e-08 5.852752726909216108e-10 2.993946236762301538e-12 9.025027632777321562e-15 1.602964854053440507e-17 1.677527452136368581e-20 1.034198934441371618e-23 3.757379158306678199e-27
7.164006414397597495e-26 1.859687734413313781e-29 2.843621853684887272e-33 1.995492761333021772e-32 1.163412871910524853e-28 3.996570751899510046e-25 8.090693759111119267e-22 9.648795079683519476e-19 6.780011698826002992e-16 2.807496531261055583e-13 6.848745182086446448e-11 9.844049131402243802e-09 8.336940595654596109e-07 4.160504613537341356e-05 1.223245868459343910e-03 2.119101211428642273e-02 2.163123786449432373e-01 1.300929784774780273e+00 4.609958648681640625e+00 9.625209808349609375e+00 1.184112739562988281e+01 8.583042144775390625e+00 3.665721416473388672e+00 9.224251508712768555e-01 1.367679983377456665e-01 1.194834895431995392e-02 6.150373956188559532e-04 1.865205558715388179e-05 3.333149152240366675e-07 3.509569523885147646e-09 2.177049165941191688e-11 7.957972117649675381e-14 1.713980962587529364e-16 2.175110453293341117e-19 1.626099304988990128e-22 7.164006414397597495e-26
1.273950704325976727e-24 4.010309515676612277e-28 7.436688603344398470e-32 7.414881530097714193e-34 5.243368347718554450e-30 2.184282198995908321e-26 5.362307877877518996e-23 7.755032792656015393e-20 6.608262533880392749e-17 3.318350843130139782e-14 9.816565095521756490e-12 1.711070063414865672e-09 1.757297525273315841e-07 1.063490162778180093e-05 3.791806811932474375e-04 7.965800352394580841e-03 9.860660135746002197e-02 7.191575765609741211e-01 3.090383529663085938e+00 7.824758529663085938e+00 1.167350006103515625e+01 1.026111602783203125e+01 5.314449310302734375e+00 1.621724605560302734e+00 2.915920913219451904e-01 3.089191392064094543e-02 1.928341342136263847e-03 7.091790757840499282e-05 1.536844365546130575e-06 1.962336071414938488e-08 1.476168076663952888e-10 6.543580781392943635e-13 1.709091835476418339e-15 2.630168822941998484e-18 2.384500384771471653e-21 1.273950704325976727e-24
2.050021038551257677e-23 7.809689065320995658e-27 1.752627282443246335e-30 2.316311618295317534e-34 2.279385108956326524e-31 1.149126901362043654e-27 3.413992782570233841e-24 5.975112497589086181e-21 6.161689889603429529e-18 3.744437892345617303e-15 1.340526648019313427e-12 2.827707512587096517e-10 3.514500690471322741e-08 2.573977781139547005e-06 1.110629309550859034e-04 2.823600545525550842e-03 4.229925572872161865e-02 3.733376860618591309e-01 1.941517591476440430e+00 5.949096679687500000e+00 1.074073791503906250e+01 1.142559242248535156e+01 7.161323547363281250e+00 2.644631862640380859e+00 5.754597187042236328e-01 7.377932965755462646e-02 5.573456641286611557e-03 2.480562543496489525e-04 6.505420060420874506e-06 1.005242893370450474e-07 9.151346347380240331e-10 4.909246620332652356e-12 1.551724379414767818e-14 2.889921567821002830e-17 3.170686685492324206e-20 2.050021038551257677e-23
2.448917579845018025e-22 1.110739204080759048e-25 2.967806886786582664e-29 4.673005140961226964e-33 1.220037946005171860e-32 7.323010372085981323e-29 2.590331031996364218e-25 5.397608961624052351e-22 6.627011244208397164e-19 4.794798875126825895e-16 2.043715403073770309e-13 5.132654717909801434e-11 7.595090778522717301e-09 6.622756245633354411e-07 3.402236325200647116e-05 1.029818900860846043e-03 1.836769282817840576e-02 1.930128335952758789e-01 1.195055723190307617e+00 4.359734535217285156e+00 9.371458053588867188e+00 1.186899757385253906e+01 8.857089996337890625e+00 3.894278287887573242e+00 1.008878469467163086e+00 1.540001481771469116e-01 1.385075226426124573e-02 7.339444127865135670e-04 2.291661621711682528e-05 4.216067850393301342e-07 4.569673084375835970e-09 2.918619512737308241e-11 1.098350265447446683e-13 2.435417187911942134e-16 3.181313371424216384e-19 2.448917579845018025e-22
2.420988824087220224e-21 1.294871394140051112e-24 4.079899623839642367e-28 7.575615578690681342e-32 7.274738726250696445e-34 5.149961497732158038e-30 2.148163308818870100e-26 5.278487620165441431e-23 7.642259640831481211e-20 6.520369630712958241e-17 3.277327682241898410e-14 9.705939177373501536e-12 1.693656770385132404e-09 1.741521344911234337e-07 1.054995573213091120e-05 3.765680012293159962e-04 7.920181378722190857e-03 9.814380854368209839e-02 7.165741920471191406e-01 3.082685947418212891e+00 7.814018726348876953e+00 1.167018318176269531e+01 1.026953887939453125e+01 5.324575901031494141e+00 1.626646995544433594e+00 2.928003966808319092e-01 3.105419874191284180e-02 1.940474379807710648e-03 7.144823030102998018e-05 1.550049091747496277e-06 1.981166519726684783e-08 1.492139467540454234e-10 6.621687247999885617e-13 1.731402895065333424e-15 2.667035849253180651e-18 2.420988824087220224e-21
1.732891684510308415e-20 1.071110446171477459e-23 3.900146033968170729e-27 8.369066507233009983e-31 1.056933347749878484e-34 4.805436422686942187e-31 2.316443440676846995e-27 6.577958467813383653e-24 1.100606860398921560e-20 1.085207858674246405e-17 6.303586159181560206e-15 2.157413353867654315e-12 4.350599602798155274e-10 5.169880523681058548e-08 3.619360995799070224e-06 1.492975279688835144e-04 3.628891659900546074e-03 5.196725577116012573e-02 4.384860992431640625e-01 2.179977893829345703e+00 6.385969161987304688e+00 1.102194213867187500e+01 1.120880889892578125e+01 6.716192245483398438e+00 2.371152162551879883e+00 4.932487905025482178e-01 6.045648455619812012e-02 4.365758970379829407e-03 1.857681636465713382e-04 4.657504177885130048e-06 6.879551506244752090e-08 5.987935147722112106e-10 3.070891414422294297e-12 9.279422120023889109e-15 1.651887624202276776e-17 1.732891684510308415e-20
1.194037540665768254e-19 8.530165013966124060e-23 3.589901985161115230e-26 8.903428183523593253e-30 1.300927495907695172e-33 4.301758311032624332e-32 2.396730500788744061e-28 7.866205895539907082e-25 1.521189084478656757e-21 1.733561287216170091e-18 1.163837774966630396e-15 4.603782090793762105e-13 1.073018757180577154e-10 1.473736244150813945e-08 1.192470222122210544e-06 5.685191717930138111e-05 1.597147434949874878e-03 2.643492817878723145e-02 2.577989697456359863e-01 1.481339812278747559e+00 5.015426635742187500e+00 1.000498199462890625e+01 1.175966358184814453e+01 8.143987655639648438e+00 3.323155879974365234e+00 7.989771366119384766e-01 1.131848543882369995e-01 9.446789510548114777e-03 4.645933513529598713e-04 1.346270073554478586e-05 2.298347965279390337e-07 2.312116720304402406e-09 1.370483587725956909e-11 4.786398531751549779e-14 9.848010032406401704e-17 1.194037540665768254e-19
7.068640905298927257e-19 5.786085975646163904e-22 2.790108823648421050e-25 7.928762284138161438e-29 1.327555418423895503e-32 4.292052401114678557e-33 2.740044906930579099e-29 1.030421392645439952e-25 2.283190651650311816e-22 2.981324880751505191e-19 2.293350175020490711e-16 1.039448746260190903e-13 2.775903118479305931e-11 4.368446049340946047e-09 4.050085635753930546e-07 2.212438630522228777e-05 7.121668895706534386e-04 1.350591704249382019e-02 1.509163677692413330e-01 9.936168193817138672e-01 3.854632377624511719e+00 8.810499191284179688e+00 1.186556243896484375e+01 9.415450096130371094e+00 4.402140617370605469e+00 1.212709426879882812e+00 1.968430280685424805e-01 1.882462948560714722e-02 1.060778507962822914e-03 3.522029146552085876e-05 6.889492851769318804e-07 7.941284962953432114e-09 5.393420432486806249e-11 2.158276541427278650e-13 5.088116855640333492e-16 7.068640905298927257e-19
3.624025501743848683e-18 3.369965723386929127e-21 1.846064877481755397e-24 5.959635175545778175e-28 1.133597381170279537e-31 4.795729965429439310e-34 3.478874967021271485e-30 1.486213329138804037e-26 3.741038421112398827e-23 5.549424190177844146e-20 4.849466778589312465e-17 2.496962157167142288e-14 7.575272006898892130e-12 1.354275469545029864e-09 1.426361109224671964e-07 8.851573511492460966e-06 3.236809279769659042e-04 6.973395124077796936e-03 8.852007985115051270e-02 6.620783805847167969e-01 2.917828083038330078e+00 7.576386451721191406e+00 1.159137344360351562e+01 1.044898033142089844e+01 5.549852371215820312e+00 1.736837863922119141e+00 3.202633261680603027e-01 3.479363396763801575e-02 2.227321267127990723e-03 8.401094237342476845e-05 1.866884758783271536e-06 2.444581070903950604e-08 1.886093642378128266e-10 8.574152672580215295e-13 2.296292343962778523e-15 3.624025501743848683e-18
1.681893435486515344e-17 1.766921765663769262e-20 1.093519775678271786e-23 3.988235758508509632e-27 8.570476649698381382e-31 1.083923111304490916e-34 4.693079851448905973e-31 2.265063096434495440e-27 6.441359313465313249e-24 1.079496306437773314e-20 1.065745787785976259e-17 6.199470139854482489e-15 2.124848474255314201e-12 4.291621502616749240e-10 5.106570455382097862e-08 3.580204065656289458e-06 1.479078491684049368e-04 3.600012743845582008e-03 5.162820592522621155e-02 4.362547993659973145e-01 2.172087669372558594e+00 6.371849060058593750e+00 1.101346015930175781e+01 1.121630287170410156e+01 6.730432510375976562e+00 2.379612922668457031e+00 4.957241415977478027e-01 6.084420159459114075e-02 4.400356207042932510e-03 1.875108573585748672e-04 4.707548214355483651e-06 6.964175724988308502e-08 6.070340896613402037e-10 3.117650668876814635e-12 9.432962935339728877e-15 1.681893435486515344e-17
7.687563826672643005e-17 9.133792947295887291e-20 6.393015866155016071e-23 2.636958936100506275e-26 6.408742538536194655e-30 9.175796863213463538e-34 6.047412972409815645e-32 3.300954850419794342e-28 1.061647724347466704e-24 2.012175808965626900e-21 2.246683755059352089e-18 1.478046446695626022e-15 5.729325976318311309e-13 1.308713415415496684e-10 1.761148382684041280e-08 1.396423613186925650e-06 6.524472701130434871e-05 1.795981428585946560e-03 2.912918850779533386e-02 2.783717513084411621e-01 1.567499160766601562e+00 5.200427055358886719e+00 1.016578674316406250e+01 1.170878601074218750e+01 7.946003437042236328e+00 3.177284002304077148e+00 7.485712766647338867e-01 1.039100587368011475e-01 8.499043062329292297e-03 4.095931071788072586e-04 1.162961598311085254e-05 1.945729763974668458e-07 1.918095238195860475e-09 1.114110192990125370e-11 3.812382470803031553e-14 7.687563826672643005e-17
3.316259455255897871e-16 4.445263441981142268e-19 3.510255838003671052e-22 1.633508081506990513e-25 4.478994738960764917e-29 7.235958249262107600e-33 7.892583516159683290e-33 4.860530789667044466e-29 1.763644492889037778e-25 3.771259240629308865e-22 4.750586662820004542e-19 3.525981636622510431e-16 1.541991632037637006e-13 3.973833068160459447e-11 6.033188615361950724e-09 5.397010909291566350e-07 2.844907794496975839e-05 8.835085900500416756e-04 1.616676151752471924e-02 1.743033826351165771e-01 1.107324838638305664e+00 4.144696235656738281e+00 9.140720367431640625e+00 1.187786388397216797e+01 9.094127655029296875e+00 4.102549552917480469e+00 1.090478181838989258e+00 1.707766652107238770e-01 1.575892418622970581e-02 8.568306802771985531e-04 2.744701851042918861e-05 5.180810376259614713e-07 5.761973120854690933e-09 3.775851159515397626e-11 1.457705348572799209e-13 3.316259455255897871e-16
1.321142275304476241e-15 1.989137762618516710e-18 1.764307584122417594e-21 9.221959503585039680e-25 2.840200426090696053e-28 5.153915014372391621e-32 1.081280223478308166e-33 7.480297609988718054e-30 3.048674995147876497e-26 7.322391200168891206e-23 1.036049016348466331e-19 8.637329297283579169e-17 4.242747036402143290e-14 1.228125934282786602e-11 2.094336482016956325e-09 2.104361556121148169e-07 1.245954990736208856e-05 4.346212663222104311e-04 8.932847529649734497e-03 1.081780269742012024e-01 7.719262838363647461e-01 3.245337247848510742e+00 8.039222717285156250e+00 1.173382377624511719e+01 1.009087181091308594e+01 5.113143920898437500e+00 1.526572465896606445e+00 2.685322463512420654e-01 2.783306501805782318e-02 1.699791406281292439e-03 6.115942960605025291e-05 1.296677737627760507e-06 1.619839551381119236e-08 1.192290433049691956e-10 5.170174184609965806e-13 1.321142275304476241e-15
5.162707318129376027e-15 8.735605467808146813e-18 8.707710921300115622e-21 5.115107426946022897e-24 1.770416493981810842e-27 3.610491401940468452e-31 1.429448311086052778e-34 1.112279744098343320e-30 5.094555785368635949e-27 1.375143907703078221e-23 2.186639670821711075e-20 2.048691127127639470e-17 1.130956358294868402e-14 3.679113003834943996e-12 7.050952599563231615e-10 7.962005099670932395e-08 5.297938969306414947e-06 2.076904638670384884e-04 4.797293804585933685e-03 6.528994441032409668e-02 5.235822796821594238e-01 2.473829269409179688e+00 6.886916637420654297e+00 1.129672050476074219e+01 1.091798400878906250e+01 6.217311859130859375e+00 2.086090087890625000e+00 4.123955965042114258e-01 4.803740978240966797e-02 3.296970389783382416e-03 1.333167310804128647e-04 3.176543941663112491e-06 4.459597846562246559e-08 3.688983563066017268e-10 1.797758448184028079e-12 5.162707318129376027e-15
2.186045838976653083e-14 4.196029828874882892e-17 4.744789742313141710e-20 3.161779751674782388e-23 1.241413304288400120e-26 2.871879776912023267e-30 3.912340450656720768e-34 1.379145220619196352e-31 7.165857618260142507e-28 2.194205958250023853e-24 3.957950178934699672e-21 4.206621628464440646e-18 2.634299782773423006e-15 9.721384938363164530e-13 2.113464958597432997e-10 2.707277957370024524e-08 2.043539552687434480e-06 9.087733633350580931e-05 2.381215803325176239e-03 3.676307201385498047e-02 3.344379067420959473e-01 1.792518377304077148e+00 5.660852432250976562e+00 1.053353118896484375e+01 1.154854297637939453e+01 7.460205078125000000e+00 2.839515924453735352e+00 6.367807984352111816e-01 8.414308726787567139e-02 6.551145110279321671e-03 3.005051694344729185e-04 8.122420695144683123e-06 1.293569624749579816e-07 1.213846578806965226e-09 6.710437761014986791e-12 2.186045838976653083e-14
8.877931213530781962e-14 1.931061742683413658e-16 2.474454450773152114e-19 1.868525979929759378e-22 8.313565956662348298e-26 2.179476515079938780e-29 3.365642364495756716e-33 1.689294115359078211e-32 9.946488670059076783e-29 3.451322666681423646e-25 7.054783327826998247e-22 8.496698439507545376e-19 6.029599799865000692e-16 2.521491045473500670e-13 6.211981623538420649e-11 9.017227853291842621e-09 7.713084073657228146e-07 3.886925696860998869e-05 1.154128927737474442e-03 2.019169367849826813e-02 2.081531882286071777e-01 1.264259338378906250e+00 4.524385452270507812e+00 9.540220260620117188e+00 1.185268974304199219e+01 8.676519393920898438e+00 3.742349624633789062e+00 9.510352611541748047e-01 1.424067318439483643e-01 1.256419159471988678e-02 6.530936225317418575e-04 2.000388485612347722e-05 3.610130647757614497e-07 3.838858120275290275e-09 2.404906308817178484e-11 8.877931213530781962e-14
3.272007773232055161e-13 8.015027028778951533e-16 1.156634863209169717e-18 9.836084231534396294e-22 4.928539653493764248e-25 1.455066193409427439e-28 2.530601887461518903e-32 2.234640474852092790e-33 1.481835325652228632e-29 5.790601427300562554e-26 1.332988506214388122e-22 1.808009506899897395e-19 1.444925314405835141e-16 6.804841792048405003e-14 1.887978488823716106e-11 3.086356947790136473e-09 2.973109474169177702e-07 1.687308031250722706e-05 5.642205360345542431e-04 1.111663039773702621e-02 1.290595829486846924e-01 8.827738761901855469e-01 3.557780265808105469e+00 8.448604583740234375e+00 1.182087135314941406e+01 9.745052337646484375e+00 4.733572959899902344e+00 1.354717016220092773e+00 2.284486442804336548e-01 2.269857935607433319e-02 1.328762155026197433e-03 4.583445115713402629e-05 9.315529041487025097e-07 1.115559911113450653e-08 7.870344653770899868e-11 3.272007773232055161e-13
1.290025595027111116e-12 3.590373187151900750e-15 5.886820253593896092e-18 5.687959655998143630e-21 3.238190002245847423e-24 1.086221503442987221e-27 2.146403313838762453e-31 2.466584795723523294e-34 1.859580153170326525e-30 8.256324545376039731e-27 2.159438886004670810e-23 3.327860695400202820e-20 3.021757282977459360e-17 1.616914745540889986e-14 5.097013956734119944e-12 9.467071571123142348e-10 1.036165997447824338e-07 6.681357263005338609e-06 2.538454718887805939e-04 5.682562477886676788e-03 7.495711743831634521e-02 5.825357437133789062e-01 2.667487859725952148e+00 7.197143554687500000e+00 1.144128990173339844e+01 1.071667385101318359e+01 5.914462089538574219e+00 1.923208594322204590e+00 3.684822916984558105e-01 4.159845039248466492e-02 2.766793593764305115e-03 1.084356626961380243e-04 2.504018539184471592e-06 3.407008364320063265e-08 2.731039283609959512e-10 1.290025595027111116e-12
5.224039950624259632e-12 1.661147483672867353e-14 3.111820377199987992e-17 3.435189318583518832e-20 2.234379252051037534e-23 8.563142133700437010e-27 1.933258822526194585e-30 2.570623392610988377e-34 2.063388257091601358e-31 1.046683028353192243e-27 3.127732515005443519e-24 5.506989663195160437e-21 5.713062694121007098e-18 3.492663278004907307e-15 1.257899383613758637e-12 2.669352239248468095e-10 3.337982690254648332e-08 2.459115648889564909e-06 1.067441335180774331e-04 2.730103675276041031e-03 4.114428162574768066e-02 3.653253912925720215e-01 1.911261558532714844e+00 5.891686439514160156e+00 1.070076942443847656e+01 1.145145034790039062e+01 7.220649242401123047e+00 2.682558774948120117e+00 5.872189998626708984e-01 7.573924958705902100e-02 5.755497142672538757e-03 2.577143895905464888e-04 6.799309630878269672e-06 1.056965430734635447e-07 9.680007906354148872e-10 5.224039950624259632e-12
2.040254770685479002e-11 7.410235890615429755e-14 1.585566532619041161e-16 1.999247331420592534e-19 1.485321081109420891e-22 6.501935794465815016e-26 1.676668868747348337e-29 2.547876658567615534e-33 2.223826661508497009e-32 1.288507438476444411e-28 4.397937510538204576e-25 8.844630719207165779e-22 1.048046107910811594e-18 7.318366781859523065e-16 3.010580066492574147e-13 7.297183690635478115e-11 1.042272490536788609e-08 8.770446129346964881e-07 4.348432412371039391e-05 1.270323293283581734e-03 2.186714112758636475e-02 2.217727750539779663e-01 1.325240015983581543e+00 4.666179180145263672e+00 9.680164337158203125e+00 1.183243846893310547e+01 8.521892547607421875e+00 3.616232872009277344e+00 9.041761159896850586e-01 1.332048475742340088e-01 1.156190223991870880e-02 5.913318018428981304e-04 1.781980608939193189e-05 3.164068118621798931e-07 3.309845286736390335e-09 2.040254770685479002e-11
8.265830381271044303e-11 3.453556342812580393e-13 8.500636311395762257e-16 1.233008035575884486e-18 1.053781450314066108e-21 5.306465163814783531e-25 1.574154145590667781e-28 2.751913384385181794e-32 2.052070957477029314e-33 1.367851719769377467e-29 5.370692616344164582e-26 1.242491014256157824e-22 1.693660963749361829e-19 1.360497437737160763e-16 6.438197821005339772e-14 1.795158639794625088e-11 2.949581023869995988e-09 2.855178422578319442e-07 1.628458448976743966e-05 5.472562042996287346e-04 1.083684433251619339e-02 1.264303326606750488e-01 8.690998554229736328e-01 3.520226478576660156e+00 8.400867462158203125e+00 1.181266689300537109e+01 9.786831855773925781e+00 4.777450561523437500e+00 1.374121427536010742e+00 2.328758239746093750e-01 2.325237728655338287e-02 1.368048600852489471e-03 4.742482633446343243e-05 9.686784778750734404e-07 1.165674490266610519e-08 8.265830381271044303e-11
3.180168905991820338e-10 1.526168948162709427e-12 4.314805315071192776e-15 7.188674324757415933e-18 7.056751314904471209e-21 4.081620360585522721e-24 1.390740398082261115e-27 2.792612055095961525e-31 1.872460563459168630e-34 1.434518386647449257e-30 6.469522239427382286e-27 1.719121656714907004e-23 2.691614370857154537e-20 2.483459242318980943e-17 1.349885406633308943e-14 4.323231009295547267e-12 8.159040110200521667e-10 9.071624162970692851e-08 5.942931238678283989e-06 2.293965953867882490e-04 5.217628553509712219e-03 6.991881877183914185e-02 5.520585775375366211e-01 2.568382978439331055e+00 7.040216445922851562e+00 1.137057304382324219e+01 1.082053947448730469e+01 6.067042350769042969e+00 2.004373073577880859e+00 3.901667892932891846e-01 4.474733769893646240e-02 3.023943863809108734e-03 1.204066938953474164e-04 2.824867351591819897e-06 3.904530387899285415e-08 3.180168905991820338e-10
1.235497038010180404e-09 6.844003662409559041e-12 2.233494591802765578e-14 4.295242533288983074e-17 4.866991460651073294e-20 3.249402950038749407e-23 1.278003508041428785e-26 2.962161504637097579e-30 4.044041276519415175e-34 1.336244026143280900e-31 6.956099291709581585e-28 2.133612368828640105e-24 3.855984012566200084e-21 4.106746600533869255e-18 2.576635685548481561e-15 9.525324322703920821e-13 2.075047356164816392e-10 2.663110088008124876e-08 2.013822722801705822e-06 8.972699288278818130e-05 2.355730626732110977e-03 3.643862903118133545e-02 3.320999741554260254e-01 1.783447504043579102e+00 5.642895221710205078e+00 1.051995563507080078e+01 1.155569267272949219e+01 7.478957176208496094e+00 2.852056026458740234e+00 6.408336162567138672e-01 8.483573794364929199e-02 6.617608945816755295e-03 3.041538875550031662e-04 8.236750545620452613e-06 1.314148363462663838e-07 1.235497038010180404e-09
4.821411714317491715e-09 3.097706466337335485e-11 1.172506102625758828e-13 2.615274046349552132e-16 3.437065209116424245e-19 2.661522283342556981e-22 1.214109811467690264e-25 3.263878291577909568e-29 5.169744441705755324e-33 1.103674290849335091e-32 6.663863256031880336e-29 2.370672959456606362e-25 4.969267839944119440e-22 6.138366705051884361e-19 4.466909774266726064e-16 1.915280813721137454e-13 4.839279671431384600e-11 7.203449392534366780e-09 6.317864063021261245e-07 3.264911356382071972e-05 9.942005854099988937e-04 1.783647388219833374e-02 1.885446608066558838e-01 1.174371957778930664e+00 4.309688568115234375e+00 9.318719863891601562e+00 1.187235450744628906e+01 8.912138938903808594e+00 3.941826820373535156e+00 1.027266621589660645e+00 1.577309966087341309e-01 1.427045185118913651e-02 7.607259321957826614e-04 2.389402834523934871e-05 4.421580115376855247e-07 4.821411714317491715e-09
1.560707829639795818e-08 1.143914546419821932e-10 4.939448914990929307e-13 1.256859039113216066e-15 1.884356312884587036e-18 1.664605057276893321e-21 8.662568374931504947e-25 2.656624876392836555e-28 4.800459732253865868e-32 1.162968723830306771e-33 8.011423197351261600e-30 3.251356781007278179e-26 7.774836377015522847e-23 1.095614033764468431e-19 9.095318026630509235e-17 4.448854208204816585e-14 1.282350094167217236e-11 2.177570568306919085e-09 2.178752822601381922e-07 1.284441896132193506e-05 4.461951903067529202e-04 9.131999686360359192e-03 1.101227924227714539e-01 7.824853062629699707e-01 3.275839328765869141e+00 8.080516815185546875e+00 1.174426651000976562e+01 1.005723190307617188e+01 5.074580192565917969e+00 1.508662462234497070e+00 2.642611861228942871e-01 2.727472409605979919e-02 1.658660476095974445e-03 5.943263386143371463e-05 1.254639528269763105e-06 1.560707829639795818e-08
4.473535852866916684e-08 3.701861039928644459e-10 1.804681404315999771e-12 5.184476488390285173e-15 8.775653417164901648e-18 8.752338284699631800e-21 5.142301828931706837e-24 1.780481789057167414e-27 3.632317981046536686e-31 1.420403318275082026e-34 1.105646664575523316e-30 5.065990777619473344e-27 1.367688856604377571e-23 2.175972433652758192e-20 2.039443247879296620e-17 1.126259221789164405e-14 3.665147178810723716e-12 7.026745296734304702e-10 7.937562429560784949e-08 5.283121936372481287e-06 2.072043716907501221e-04 4.787805955857038498e-03 6.518454849720001221e-02 5.229275226593017578e-01 2.471636295318603516e+00 6.883316993713378906e+00 1.129486846923828125e+01 1.092022705078125000e+01 6.220853805541992188e+00 2.088037729263305664e+00 4.129312336444854736e-01 4.811728000640869141e-02 3.303655190393328667e-03 1.336467976216226816e-04 3.185308287356747314e-06 4.473535852866916684e-08
1.204217596750822850e-07 1.120339820914750817e-09 6.140544236282741153e-12 1.983293087051696268e-14 3.774291462692476711e-17 4.232097382539093144e-20 2.795545081083047978e-23 1.088229150594914807e-26 2.496007841033203507e-30 3.370943109333995969e-34 1.591388248824005624e-31 8.197915327208652519e-28 2.488277132067860023e-24 4.450841579678333359e-21 4.690034250246555549e-18 2.911913348928362247e-15 1.065388662707666967e-12 2.296390438916162680e-10 2.916448238465818577e-08 2.182395292038563639e-06 9.623159712646156549e-05 2.499949885532259941e-03 3.826612234115600586e-02 3.451342582702636719e-01 1.834029793739318848e+00 5.742420196533203125e+00 1.059384441375732422e+01 1.151544475555419922e+01 7.375209808349609375e+00 2.783160209655761719e+00 6.188055276870727539e-01 8.106860518455505371e-02 6.257800385355949402e-03 2.846170682460069656e-04 7.626588740095030516e-06 1.204217596750822850e-07
3.121115810245100874e-07 3.259805314570485280e-09 2.005809754401788325e-11 7.272872896372378770e-14 1.553789826905000067e-16 1.955917155242621428e-19 1.450437778098292585e-22 6.338562700994543472e-26 1.632140465653454012e-29 2.475541695334804493e-33 2.287880818052741983e-32 1.323125668114940403e-28 4.508540246792782300e-25 9.053546330458656778e-22 1.070998405355203299e-18 7.464987126238058386e-16 3.066195843233476825e-13 7.419496961258431611e-11 1.057840215423766494e-08 8.886602245183894411e-07 4.399039971758611500e-05 1.282946206629276276e-03 2.204598486423492432e-02 2.232244312763214111e-01 1.331672549247741699e+00 4.680834770202636719e+00 9.694366455078125000e+00 1.183000946044921875e+01 8.505818367004394531e+00 3.603440761566162109e+00 8.994392156600952148e-01 1.322842240333557129e-01 1.146342605352401733e-02 5.853166803717613220e-04 1.760755185387097299e-05 3.121115810245100874e-07
7.669545425414980855e-07 8.960885367059745477e-09 6.168048710675222424e-11 2.501864275646081825e-13 5.979301924665856270e-16 8.419907127341185052e-19 6.984892018672844296e-22 3.414693882699749015e-25 9.835786818708806087e-29 1.668989066753355574e-32 3.407031520588209459e-33 2.204242319068712675e-29 8.402263504693135813e-26 1.887453088074290906e-22 2.497737000077105615e-19 1.947543945045798275e-16 8.948652365989295809e-14 2.422331259188670316e-11 3.863479758337007297e-09 3.630730702752771322e-07 2.010563184740021825e-05 6.559455650858581066e-04 1.260922010987997055e-02 1.428239941596984863e-01 9.531401395797729492e-01 3.747850894927978516e+00 8.683167457580566406e+00 1.185344505310058594e+01 9.534002304077148438e+00 4.518311500549316406e+00 1.261628031730651855e+00 2.075712978839874268e-01 2.012209035456180573e-02 1.149342395365238190e-03 3.867749182973057032e-05 7.669545425414980855e-07
1.881551952465088107e-06 2.466302539971820806e-08 1.904548185827081852e-10 8.666753295930029743e-13 2.323759081343393720e-15 3.671097041681791275e-18 3.416642459065788109e-21 1.873870055023306705e-24 6.055426597637224415e-28 1.152767107944619237e-31 4.713101436938767507e-34 3.421649268915896687e-30 1.463261174582365817e-26 3.687664092265145168e-23 5.474818961274096620e-20 4.789148437449700666e-17 2.468765955012351687e-14 7.497280574142450860e-12 1.341518784947481890e-09 1.414362600371532608e-07 8.786861144471913576e-06 3.216122277081012726e-04 6.935878656804561615e-03 8.813810348510742188e-02 6.598842740058898926e-01 2.910996437072753906e+00 7.566339492797851562e+00 1.158782482147216797e+01 1.045637130737304688e+01 5.559429168701171875e+00 1.741546392440795898e+00 3.214542269706726074e-01 3.496016561985015869e-02 2.240258734673261642e-03 8.457784133497625589e-05 1.881551952465088107e-06
4.812356564798392355e-06 7.140255320337018929e-08 6.241473449186685230e-10 3.214971691645196472e-12 9.757487515454216220e-15 1.744887375035491167e-17 1.838205347420233536e-20 1.141191507927773272e-23 4.174409243256601683e-27 8.995153606390573466e-31 1.140988081495883890e-34 4.469567123803893266e-31 2.163565047621332601e-27 6.172069416124089943e-24 1.037226811680816737e-20 1.027038863638292393e-17 5.992845769734215719e-15 2.060067394449305311e-12 4.172534817659112605e-10 4.979541046168378671e-08 3.501791297821910121e-06 1.450821582693606615e-04 3.541672835126519203e-03 5.094452202320098877e-02 4.317442774772644043e-01 2.155886650085449219e+00 6.343013763427734375e+00 1.099608612060546875e+01 1.123162746429443359e+01 6.759542465209960938e+00 2.396893978118896484e+00 5.007931590080261230e-01 6.165070086717605591e-02 4.471858032047748566e-03 1.911054569063708186e-04 4.812356564798392355e-06
1.157166479970328510e-05 1.934698303784898599e-07 1.905686275449625100e-09 1.106125781247246920e-11 3.782916227447127855e-14 7.622879626259976326e-17 9.049169785692298332e-20 6.330476235766542608e-23 2.609371299279521305e-26 6.335963451497123875e-30 9.065228762549165279e-34 6.117810978091860799e-32 3.337089388777630710e-28 1.072724810570966999e-24 2.031394833510413653e-21 2.266577035200946128e-18 1.490326518606682055e-15 5.772872414475105352e-13 1.317569386927175401e-10 1.771839563957655628e-08 1.404068598276353441e-06 6.555032450705766678e-05 1.803148305043578148e-03 2.922696620225906372e-02 2.791098952293395996e-01 1.570496559143066406e+00 5.206774234771728516e+00 1.017126464843750000e+01 1.170689964294433594e+01 7.939239025115966797e+00 3.172297000885009766e+00 7.468710541725158691e-01 1.036067306995391846e-01 8.468381129205226898e-03 4.078013007529079914e-04 1.157166479970328510e-05
2.716356902965344489e-05 5.119729280522733461e-07 5.684956505547233974e-09 3.719822366798908320e-11 1.434125984200312898e-13 3.257779771181868941e-16 4.359683852794288871e-19 3.438161271895671024e-22 1.597592600346958694e-25 4.373069494799128377e-29 7.054329678380678901e-33 8.093939820983787029e-33 4.977123880161263429e-29 1.803609665461731526e-25 3.850264480702534627e-22 4.842936208332721625e-19 3.589728542139481024e-16 1.567526761604015606e-13 4.033094691546779131e-11 6.114093231701644982e-09 5.461859018396353349e-07 2.874541496566962451e-05 8.913896745070815086e-04 1.628783904016017914e-02 1.753465831279754639e-01 1.112247347831726074e+00 4.156955718994140625e+00 9.154300689697265625e+00 1.187775421142578125e+01 9.080581665039062500e+00 4.090271949768066406e+00 1.085591554641723633e+00 1.697659194469451904e-01 1.564246788620948792e-02 8.491748594678938389e-04 2.716356902965344489e-05
6.334260979201644659e-05 1.349932063021697104e-06 1.694927576068039343e-08 1.254012171880702908e-10 5.466678542134784102e-13 1.404156056937489166e-15 2.124741616337397302e-18 1.894660828123761148e-21 9.954708732617680916e-25 3.081127280637490855e-28 5.620018507877392597e-32 9.891094359238441286e-34 6.878305323836569491e-30 2.818401566533205520e-26 6.803098581302555201e-23 9.675698353624982433e-20 8.109470275955519961e-17 4.004070431338005442e-14 1.164881559267971767e-11 1.996788068225896495e-09 2.016962241668807110e-07 1.200280712509993464e-05 4.208602476865053177e-04 8.695444092154502869e-03 1.058478206396102905e-01 7.591758966445922852e-01 3.208285808563232422e+00 7.988780021667480469e+00 1.172049522399902344e+01 1.013168334960937500e+01 5.160335063934326172e+00 1.548632860183715820e+00 2.738351821899414062e-01 2.852989360690116882e-02 1.751256641000509262e-03 6.334260979201644659e-05
1.393899729009717703e-04 3.343890284668304957e-06 4.726023306034221605e-08 3.935960446455055717e-10 1.931419000428258315e-12 5.584348460811305176e-15 9.511973202512654551e-18 9.547766147723133682e-21 5.646809143395847506e-24 1.967380193836326821e-27 4.039457502419940898e-31 1.269508414537886666e-34 9.947313434511432926e-31 4.588137899095856566e-27 1.246654243460679818e-23 1.995832367960455644e-20 1.882955896107534760e-17 1.046534278507926796e-14 3.427192557525771122e-12 6.612913550085863790e-10 7.519076916651101783e-08 5.036782567913178355e-06 1.987984142033383250e-04 4.623513668775558472e-03 6.335292756557464600e-02 5.114828348159790039e-01 2.433133602142333984e+00 6.819913387298583984e+00 1.126285839080810547e+01 1.095944786071777344e+01 6.283337593078613281e+00 2.122586250305175781e+00 4.224842786788940430e-01 4.954798147082328796e-02 3.423585090786218643e-03 1.393899729009717703e-04
2.967799082398414612e-04 8.005939889699220657e-06 1.272371150662365835e-07 1.191588494542372700e-09 6.575199586189572898e-12 2.137778513510314032e-14 4.094672741440800242e-17 4.621759874010376763e-20 3.073727728522737228e-23 1.204229066703324655e-26 2.780358607943441935e-30 3.780935335091655093e-34 1.425238117356464478e-31 7.392256461012695243e-28 2.258612901287245972e-24 4.066101620645307201e-21 4.313712980058924650e-18 2.696019897266291668e-15 9.928052303875833928e-13 2.154146305777260295e-10 2.754262773407845089e-08 2.074681106023490429e-06 9.208064147969707847e-05 2.408161293715238571e-03 3.710541874170303345e-02 3.368675112724304199e-01 1.801984786987304688e+00 5.679660797119140625e+00 1.054749298095703125e+01 1.154108047485351562e+01 7.440574645996093750e+00 2.826433181762695312e+00 6.326172351837158203e-01 8.342830836772918701e-02 6.482274271547794342e-03 2.967799082398414612e-04
6.261698435992002487e-04 1.904725468193646520e-05 3.413488229853101075e-07 3.604732956574707714e-09 2.242940902452694729e-11 8.223062259327812429e-14 1.776034596303379407e-16 2.260488934193767560e-19 1.695203267850861091e-22 7.489136052782019715e-26 1.949783489528133201e-29 2.990840766181870560e-33 1.898455408799054233e-32 1.110339298209316650e-28 3.825457700352855967e-25 7.765711338934905524e-22 9.290135769935120824e-19 6.547191987778949729e-16 2.718680857695388031e-13 6.651695166892679367e-11 9.590113592139459797e-09 8.145772198986378498e-07 4.076724144397303462e-05 1.202245359309017658e-03 2.088847383856773376e-02 2.138409018516540527e-01 1.289866924285888672e+00 4.584370613098144531e+00 9.599946975708007812e+00 1.184481620788574219e+01 8.610965728759765625e+00 3.688469886779785156e+00 9.309164285659790039e-01 1.384348273277282715e-01 1.212893333286046982e-02 6.261698435992002487e-04
1.289685606025159359e-03 4.426094892551191151e-05 8.949195944296661764e-07 1.066240784552974219e-08 7.485080610880601171e-11 3.096055584215356982e-13 7.544459992514193115e-16 1.083362790958916249e-18 9.166245649951172067e-22 4.568739208546329237e-25 1.341984374130380216e-28 2.322562897252990459e-32 2.438017711604649283e-33 1.608836111473260838e-29 6.253707768388797370e-26 1.432293472407229972e-22 1.933159348639756254e-19 1.537082631416001027e-16 7.201094646795691556e-14 1.987780079426570978e-11 3.233406653535553232e-09 3.098598995165957604e-07 1.749608418322168291e-05 5.821301601827144623e-04 1.141117885708808899e-02 1.317987293004989624e-01 8.969376087188720703e-01 3.596623182296752930e+00 8.497295379638671875e+00 1.182869434356689453e+01 9.701935768127441406e+00 4.688667774200439453e+00 1.335090637207031250e+00 2.239970564842224121e-01 2.214203774929046631e-02 1.289685606025159359e-03
2.431413624435663223e-03 9.313512418884783983e-05 2.101825430145254359e-06 2.795027853608189616e-08 2.190010950364751352e-10 1.011059075003983843e-12 2.749864722932063472e-15 4.407341140003495576e-18 4.162098192554073512e-21 2.315475178626934335e-24 7.591208876127785481e-28 1.466390881534966860e-31 3.670420039837647679e-34 2.704455527117625844e-30 1.173339538548484432e-26 2.999410720363676147e-23 4.518503176639323741e-20 4.009979372882720844e-17 2.096813459082254305e-14 6.460249869777445753e-12 1.172890895517753052e-09 1.254528712024693959e-07 7.906332029961049557e-06 2.936120436061173677e-04 6.423956714570522308e-03 8.281356841325759888e-02 6.290284991264343262e-01 2.815285205841064453e+00 7.423802375793457031e+00 1.153455162048339844e+01 1.055945396423339844e+01 5.695746421813964844e+00 1.810214638710021973e+00 3.389843106269836426e-01 3.740020096302032471e-02 2.431413624435663223e-03
4.613719880580902100e-03 1.983161200769245625e-04 5.022196546633495018e-06 7.494377740613344940e-08 6.589419565550258540e-10 3.413726766543501157e-12 1.041885846396689921e-14 1.873862699633739327e-17 1.985747549953271055e-20 1.239659413814085107e-23 4.560619826864462863e-27 9.885877397760056891e-31 1.261186855847900490e-34 4.065583569663576732e-31 1.979327122467349722e-27 5.677848059003126047e-24 9.598236281992372565e-21 9.558533544832039373e-18 5.608686682001236615e-15 1.939111848522911963e-12 3.950626770166110191e-10 4.741778525385598186e-08 3.353417014295700938e-06 1.397458836436271667e-04 3.430991899222135544e-03 4.963299259543418884e-02 4.230497777462005615e-01 2.124694824218750000e+00 6.287133216857910156e+00 1.096172237396240234e+01 1.126089286804199219e+01 6.816068649291992188e+00 2.430890560150146484e+00 5.108189582824707031e-01 6.324331462383270264e-02 4.613719880580902100e-03
8.355554193258285522e-03 4.013706347905099392e-04 1.135916318162344396e-05 1.894312902095407480e-07 1.861345633180633286e-09 1.077637371699191604e-11 3.675575468986558292e-14 7.387645341917656273e-17 8.748970431760319219e-20 6.103820720478441497e-23 2.509503357571287822e-26 6.079166648328352130e-30 8.675679118236274998e-34 6.386223358158621929e-32 3.474580083059977187e-28 1.113862920702111238e-24 2.104290124991649216e-21 2.341909407561916050e-18 1.535688521063938855e-15 5.933446008826726015e-13 1.350931311261405199e-10 1.812059124972620339e-08 1.432127646694425493e-06 6.669577851425856352e-05 1.829963410273194313e-03 2.958399429917335510e-02 2.818000912666320801e-01 1.581652164459228516e+00 5.230346679687500000e+00 1.019107818603515625e+01 1.169980430603027344e+01 7.914130210876464844e+00 3.154264450073242188e+00 7.407354712486267090e-01 1.024885475635528564e-01 8.355554193258285522e-03
1.434926036745309830e-02 7.657637470401823521e-04 2.407642386970110238e-05 4.460587490484613227e-07 4.869256997608317761e-09 3.131866987970965965e-11 1.186734358785829224e-13 2.649890165321467251e-16 3.486373186936768802e-19 2.702187116373613874e-22 1.234231927526648105e-25 3.321606537028147910e-29 5.266924396398156992e-33 1.083409649861921971e-32 6.548646904521344435e-29 2.332254693815244443e-25 4.894934171042740092e-22 6.052104691859674715e-19 4.408944133312562089e-16 1.892494136662009607e-13 4.786925716926404561e-11 7.133295731875932688e-09 6.263175009735277854e-07 3.240470687160268426e-05 9.877504780888557434e-04 1.774012669920921326e-02 1.877310574054718018e-01 1.170582771301269531e+00 4.300477504730224609e+00 9.308965682983398438e+00 1.187288284301757812e+01 8.922280311584472656e+00 3.950625419616699219e+00 1.030685186386108398e+00 1.584289073944091797e-01 1.434926036745309830e-02
2.421287819743156433e-02 1.436504069715738297e-03 5.021112156100571156e-05 1.034178467307356186e-06 1.255050108284194721e-08 8.974219978252762075e-11 3.780436792603925067e-13 9.384538485261674154e-16 1.372631780276619654e-18 1.182743471844736369e-21 6.005744996791160288e-25 1.796849545430785386e-28 3.167580529526626291e-32 1.778621400446002366e-33 1.195275231215551925e-29 4.732446828345221067e-26 1.104213794990501284e-22 1.517770829259734561e-19 1.229224139222791288e-16 5.865760080350085337e-14 1.649464939634803784e-11 2.732577275565972741e-09 2.667300691427954007e-07 1.534197508590295911e-05 5.198948783800005913e-04 1.038053818047046661e-02 1.221221834421157837e-01 8.465576171875000000e-01 3.457531929016113281e+00 8.320432662963867188e+00 1.179768562316894531e+01 9.856246948242187500e+00 4.851730346679687500e+00 1.407186508178710938e+00 2.404673993587493896e-01 2.421287819743156433e-02
4.037623852491378784e-02 2.668450586497783661e-03 1.039026392390951514e-04 2.383936816841014661e-06 3.222793765189635451e-08 2.567086543336927207e-10 1.204655732806036994e-12 3.331248444411391563e-15 5.427744939794316368e-18 5.209896517866159994e-21 2.946978054778984810e-24 9.821954789848216959e-28 1.928799913844768468e-31 2.758822793242521347e-34 2.066360706146638660e-30 9.113782452984258348e-27 2.368867572388917555e-23 3.627161136650884072e-20 3.272375803224285642e-17 1.739526830414096781e-14 5.449110780653132480e-12 1.005606042880913265e-09 1.093451800215916592e-07 7.006185114732943475e-06 2.644776250235736370e-04 5.882559344172477722e-03 7.709281891584396362e-02 5.953197479248046875e-01 2.708524703979492188e+00 7.260819435119628906e+00 1.146860599517822266e+01 1.067329216003417969e+01 5.852700233459472656e+00 1.890968561172485352e+00 3.599671721458435059e-01 4.037623852491378784e-02
6.818997114896774292e-02 5.059815477579832077e-03 2.211996761616319418e-04 5.698144377674907446e-06 8.648744653783069225e-08 7.734686779947708146e-10 4.075157745975221957e-12 1.265229715159514601e-14 2.314538373323812013e-17 2.494345688812608913e-20 1.584115685851020956e-23 5.927714234868520812e-27 1.306931358283774961e-30 1.696086130901679004e-34 3.068254665815760381e-31 1.519375184997828984e-27 4.433922090983153098e-24 7.622489539515323682e-21 7.721004753604691787e-18 4.608109107782833863e-15 1.620689043038692212e-12 3.358018307864085727e-10 4.099543815527795232e-08 2.949175268440740183e-06 1.249939086847007275e-04 3.121387213468551636e-03 4.592784121632575989e-02 3.981938362121582031e-01 2.034034013748168945e+00 6.121980667114257812e+00 1.085672950744628906e+01 1.134403991699218750e+01 6.984040260314941406e+00 2.533470630645751953e+00 5.414725542068481445e-01 6.818997114896774292e-02
1.191129162907600403e-01 1.006428897380828857e-02 5.010075401514768600e-04 1.469614835514221340e-05 2.539995875849854201e-07 2.586619363142972361e-09 1.551836090185609862e-11 5.486314392155397512e-14 1.142838028259183375e-16 1.402456294250101912e-19 1.014215620430839678e-22 4.321551369528555359e-26 1.084969624905011213e-29 1.604510850622051460e-33 3.503549745429495106e-32 1.975577047976136116e-28 6.564920174771890770e-25 1.285130094764831514e-21 1.482296077166449851e-18 1.007382742795762207e-15 4.034430396097216098e-13 9.518648369510884777e-11 1.323240184092355776e-08 1.083966708392836154e-06 5.231342947809025645e-05 1.487583853304386139e-03 2.492414042353630066e-02 2.460651546716690063e-01 1.431277036666870117e+00 4.905320644378662109e+00 9.905719757080078125e+00 1.178595352172851562e+01 8.262543678283691406e+00 3.412973403930664062e+00 8.306246995925903320e-01 1.191129162907600403e-01
2.081531882286071777e-01 2.019295282661914825e-02 1.154128927737474442e-03 3.886925696860998869e-05 7.713084073657228146e-07 9.018206625910352159e-09 6.211981623538420649e-11 2.521491045473500670e-13 6.030519889403955676e-16 8.496698439507545376e-19 7.054783327826998247e-22 3.451322666681423646e-25 9.948539183596741568e-29 1.689294115359078211e-32 3.365642364495756716e-33 2.179027532661653505e-29 8.313565956662348298e-26 1.868525979929759378e-22 2.474454450773152114e-19 1.930767001687548764e-16 8.877931213530781962e-14 2.404906308817178484e-11 3.838433570990673616e-09 3.610130647757614497e-07 2.000388485612347722e-05 6.530936225317418575e-04 1.256338879466056824e-02 1.424067318439483643e-01 9.510352611541748047e-01 3.742251873016357422e+00 8.676519393920898438e+00 1.185268974304199219e+01 9.540220260620117188e+00 4.524494171142578125e+00 1.264259338378906250e+00 2.081531882286071777e-01
3.723555803298950195e-01 4.215728864073753357e-02 2.812072169035673141e-03 1.105289265979081392e-04 2.559737822593888268e-06 3.492895928047801135e-08 2.807983290331605986e-10 1.330206235959641159e-12 3.712903702752286955e-15 6.105326216254372500e-18 5.916145586685922472e-21 3.377850331336627964e-24 1.136345756175609421e-27 2.251953302587797293e-31 2.345851653578237383e-34 1.773679163752348649e-30 7.897679411876204180e-27 2.071608690539173798e-23 3.201740208910301268e-20 2.915645561382421906e-17 1.564646714058079424e-14 4.946513251086193108e-12 9.214083940278783302e-10 1.011395340810850030e-07 6.540491995110642165e-06 2.492121420800685883e-04 5.594972521066665649e-03 7.401518523693084717e-02 5.768790245056152344e-01 2.649224758148193359e+00 7.168539047241210938e+00 1.142877388000488281e+01 1.073591041564941406e+01 5.942213058471679688e+00 1.937820553779602051e+00 3.723555803298950195e-01
6.591722369194030762e-01 8.801433444023132324e-02 6.923877634108066559e-03 3.209510177839547396e-04 8.765935490373522043e-06 1.410679431046446553e-07 1.337446264848551891e-09 7.472081980930411760e-12 2.459666449466588189e-14 4.769967442533576039e-17 5.451125406603280834e-20 3.670500056689346393e-23 1.456250327361609626e-26 3.403527471845428040e-30 4.686603682054821513e-34 1.159046246118406650e-31 6.086552032950952630e-28 1.882870169090973229e-24 3.431939241946267024e-21 3.685760472400518797e-18 2.332658856520194654e-15 8.697091441120519129e-13 1.910591546083750814e-10 2.473312399331462075e-08 1.886282689156359993e-06 8.476283983327448368e-05 2.244265982881188393e-03 3.501377999782562256e-02 3.218421936035156250e-01 1.743078708648681641e+00 5.562503814697265625e+00 1.045874023437500000e+01 1.158666610717773438e+01 7.563239097595214844e+00 2.908805608749389648e+00 6.591722369194030762e-01
1.110076308250427246e+00 1.748901903629302979e-01 1.623382791876792908e-02 8.879093220457434654e-04 2.861451139324344695e-05 5.433431056189874653e-07 6.078304970458248135e-09 4.006864631755924222e-11 1.556316246665787051e-13 3.561208678107632714e-16 4.802040915835982782e-19 3.815262533011261081e-22 1.786040993545360948e-25 4.925409651888928042e-29 8.004589026009846428e-33 7.133130411555989472e-33 4.419962277826311844e-29 1.613331731260798728e-25 3.469757107524817495e-22 4.396895606625752512e-19 3.283418399704072545e-16 1.444470086077453974e-13 3.744202170530286367e-11 5.719139828386232693e-09 5.146565627001109533e-07 2.728814433794468641e-05 8.525131270289421082e-04 1.569369249045848846e-02 1.702107787132263184e-01 1.087724804878234863e+00 4.095738410949707031e+00 9.086554527282714844e+00 1.187780952453613281e+01 9.148368835449218750e+00 4.151551246643066406e+00 1.110076308250427246e+00
1.767373085021972656e+00 3.280121684074401855e-01 3.586708009243011475e-02 2.310961484909057617e-03 8.773233275860548019e-05 1.962441274372395128e-06 2.586166658602451207e-08 2.008299360145571200e-10 9.189060103109714106e-13 2.476952824909096039e-15 3.934549103696255272e-18 3.682495399883490197e-21 2.030764628310450691e-24 6.597218616977547475e-28 1.263028242952879641e-31 4.287008611994689363e-34 3.130003290024907078e-30 1.345876822992732649e-26 3.409802668986061915e-23 5.090085303030892643e-20 4.477723870374101319e-17 2.320536036275796382e-14 7.085796359385110321e-12 1.275003214118441974e-09 1.351595528831239790e-07 8.442139005637727678e-06 3.106909571215510368e-04 6.737577728927135468e-03 8.608247339725494385e-02 6.480312347412109375e-01 2.874485492706298828e+00 7.512357234954833984e+00 1.156811618804931641e+01 1.049588680267333984e+01 5.610954761505126953e+00 1.767373085021972656e+00
2.546332120895385742e+00 5.453872680664062500e-01 6.882422417402267456e-02 5.117597058415412903e-03 2.242131740786135197e-04 5.787976988358423114e-06 8.802685869113702211e-08 7.888877329165211449e-10 4.165683423207333647e-12 1.295881296421805967e-14 2.375589596486145795e-17 2.565947379675736646e-20 1.633023484252913246e-23 6.122415737410359543e-27 1.352704355988410310e-30 1.759537800673379476e-34 2.963412794863660887e-31 1.470540727548962916e-27 4.299620494021538891e-24 7.407185896736421216e-21 7.519941962111427350e-18 4.497517521573997021e-15 1.584901372468638936e-12 3.291203420907606869e-10 4.026414046620629961e-08 2.902369942603399977e-06 1.232697977684438229e-04 3.085047705098986626e-03 4.548843204975128174e-02 3.951941132545471191e-01 2.023038387298583984e+00 6.101667404174804688e+00 1.084334087371826172e+01 1.135397529602050781e+01 7.004791259765625000e+00 2.546332120895385742e+00
3.442733049392700195e+00 8.412636518478393555e-01 1.211180090904235840e-01 1.027477253228425980e-02 5.135777755640447140e-04 1.512552535132272169e-05 2.624455817112902878e-07 2.683355759813821351e-09 1.616543704452411134e-11 5.737294320184993524e-14 1.199920240319140717e-16 1.478652553363306902e-19 1.073622400174754623e-22 4.592220023168781976e-26 1.157564093503319247e-29 1.719091978797461619e-33 3.275146491087321354e-32 1.854198322496668681e-28 6.185124078029366162e-25 1.215655607091221862e-21 1.408037178445420621e-18 9.607563319064915501e-16 3.862610101559860176e-13 9.151097934978480453e-11 1.277250305520283291e-08 1.050386117640300654e-06 5.089687329018488526e-05 1.453235978260636330e-03 2.444636262953281403e-02 2.423052489757537842e-01 1.415131568908691406e+00 4.869451999664306641e+00 9.872646331787109375e+00 1.179389572143554688e+01 8.301275253295898438e+00 3.442733049392700195e+00
4.351959228515625000e+00 1.191831588745117188e+00 1.923063695430755615e-01 1.828347519040107727e-02 1.024221535772085190e-03 3.380644557182677090e-05 6.574013013960211538e-07 7.533053292263502954e-09 5.086062820902625958e-11 2.023039938695014861e-13 4.741867786252904667e-16 6.548855601019207190e-19 5.329070706694533480e-22 2.554611163688923922e-25 7.216797743065455750e-29 1.201239734220409543e-32 4.747608624620132705e-33 3.012381933496317616e-29 1.126171172279628651e-25 2.480669673042270674e-22 3.220127270704618670e-19 2.462470890851652452e-16 1.109534962821442927e-13 2.946019123095666714e-11 4.608288861618348164e-09 4.247304161708598258e-07 2.306524947925936431e-05 7.380833849310874939e-04 1.391505263745784760e-02 1.545732766389846802e-01 1.011744141578674316e+00 3.901712417602539062e+00 8.865638732910156250e+00 1.186956977844238281e+01 9.363212585449218750e+00 4.351959228515625000e+00
5.236014366149902344e+00 1.584340333938598633e+00 2.824527919292449951e-01 2.967074140906333923e-02 1.836458221077919006e-03 6.697367643937468529e-05 1.438982053514337167e-06 1.821856798756016360e-08 1.359072021589469159e-10 5.972846457875935489e-13 1.546835898166279075e-15 2.360358637149145641e-18 2.122178309634891913e-21 1.124017138274116102e-24 3.508410727721840324e-28 6.452386645441829792e-32 8.584161372894990436e-34 6.018756771125469920e-30 2.486073572388641568e-26 6.050546103649607774e-23 8.678003505082097901e-20 7.332251372400695158e-17 3.650255960127232746e-14 1.070865444929847143e-11 1.850789077550984985e-09 1.884729670109663857e-07 1.130867622123332694e-05 3.998324973508715630e-04 8.328661322593688965e-03 1.022215187549591064e-01 7.392601370811462402e-01 3.149920940399169922e+00 7.908098220825195312e+00 1.169808006286621094e+01 1.019584655761718750e+01 5.236014366149902344e+00
6.196069240570068359e+00 2.074425697326660156e+00 4.091949760913848877e-01 4.756054654717445374e-02 3.257117932662367821e-03 1.314288092544302344e-04 3.124470595139428042e-06 4.376921225457408582e-08 3.612687926590751886e-10 1.756726925386531413e-12 5.033869371687260674e-15 8.499005342838379201e-18 8.454852147800311974e-21 4.954915809505507693e-24 1.711227274186946800e-27 3.482177024692279357e-31 1.484940254022629560e-34 1.152931724173508390e-30 5.269263053599824153e-27 1.418941622933129841e-23 2.251769319626464923e-20 2.105113447582126508e-17 1.159566081934508552e-14 3.763933609235436961e-12 7.197758500332440690e-10 8.110050231380228070e-08 5.384174073697067797e-06 2.106304164044559002e-04 4.854582250118255615e-03 6.592541188001632690e-02 5.275244712829589844e-01 2.487016916275024414e+00 6.908519744873046875e+00 1.130736351013183594e+01 1.090447807312011719e+01 6.196069240570068359e+00
7.376951217651367188e+00 2.784306526184082031e+00 6.191689968109130859e-01 8.113053441047668457e-02 6.263681687414646149e-03 2.849345328286290169e-04 7.636444024683441967e-06 1.205982869123545242e-07 1.122179460466554701e-09 6.151715855468031791e-12 1.987246359223121539e-14 3.782477903778791515e-17 4.242021288067742026e-20 2.802613274793828244e-23 1.091172433773125156e-26 2.503179108889603988e-30 3.381271847586885240e-34 1.586720478306325403e-31 8.175304909661546370e-28 2.481887950381248744e-24 4.440158509755468329e-21 4.679579928074804109e-18 2.905943460716113938e-15 1.063396983316811095e-12 2.292500078659998053e-10 2.912018004508354352e-08 2.179458078899187967e-06 9.611907444195821881e-05 2.497464418411254883e-03 3.823480382561683655e-02 3.449124693870544434e-01 1.833173513412475586e+00 5.740746498107910156e+00 1.059261989593505859e+01 1.151613616943359375e+01 7.376951217651367188e+00
8.938117980957031250e+00 3.964401245117187500e+00 1.036007165908813477e+00 1.595251560211181641e-01 1.447323989123106003e-02 7.737004198133945465e-04 2.436752401990815997e-05 4.522232188719499391e-07 4.944983089671950438e-09 3.185612884593069793e-11 1.209314495331098582e-13 2.704938836563524230e-16 3.564873144055933974e-19 2.767735525363472693e-22 1.266328459088795141e-25 3.413840525771067877e-29 5.421235947934414257e-33 1.052474752778507242e-32 6.372544685231436557e-29 2.273418982313532567e-25 4.779609522457649276e-22 5.919603799413633668e-19 4.319792856822862910e-16 1.857653570899731044e-13 4.706198625248347867e-11 7.024994808091378218e-09 6.178623834784957580e-07 3.202174048055894673e-05 9.777449304237961769e-04 1.759044080972671509e-02 1.864746809005737305e-01 1.164677619934082031e+00 4.286096572875976562e+00 9.293694496154785156e+00 1.187366390228271484e+01 8.938117980957031250e+00
1.053335189819335938e+01 5.660732269287109375e+00 1.792397737503051758e+00 3.344069421291351318e-01 3.676093369722366333e-02 2.381045371294021606e-03 9.086217323783785105e-05 2.043147787844645791e-06 2.706983437406051962e-08 2.112956892785788909e-10 9.718790442564406717e-13 2.633927723551341554e-15 4.205964433467767265e-18 3.956591874051879441e-21 2.193402503418056253e-24 7.164547022932986993e-28 1.378587801198036423e-31 3.914011856686796208e-34 2.872493290923604435e-30 1.241645186253704343e-26 3.162913187023403938e-23 4.746383034344586624e-20 4.196686941153495018e-17 2.186679927840967652e-14 6.712203709513531180e-12 1.213990241666351722e-09 1.293705338412109995e-07 8.123914994939696044e-06 3.005526959896087646e-04 6.551583297550678253e-03 8.415227383375167847e-02 6.368341445922851562e-01 2.839598894119262695e+00 7.460327148437500000e+00 1.154863739013671875e+01 1.053335189819335938e+01
1.157201004028320312e+01 7.522908210754394531e+00 2.881512641906738281e+00 6.503282189369201660e-01 8.647982776165008545e-02 6.775903515517711639e-03 3.127919626422226429e-04 8.508302016707602888e-06 1.363644344110070961e-07 1.287588813347895211e-09 7.164222340372283782e-12 2.348722412848398833e-14 4.536956619677798524e-17 5.162951190826291361e-20 3.462297891240537278e-23 1.368051826298011732e-26 3.184391250727848808e-30 4.366961972482278882e-34 1.240736403182755945e-31 6.487706869962286567e-28 1.999188892857169251e-24 3.629111150321492479e-21 3.881640150175525963e-18 2.446620363309682730e-15 9.084862853322994702e-13 1.987648379220274819e-10 2.562304857178787643e-08 1.946411885000998154e-06 8.710863039596006274e-05 2.296983264386653900e-03 3.569030761718750000e-02 3.267247080802917480e-01 1.762315988540649414e+00 5.600873947143554688e+00 1.048821830749511719e+01 1.157201004028320312e+01
1.187765502929687500e+01 9.071617126464843750e+00 4.082233905792236328e+00 1.082397460937500000e+00 1.691008657217025757e-01 1.556593552231788635e-02 8.441937970928847790e-04 2.697779200389049947e-05 5.079732545709703118e-07 5.635016897542755032e-09 3.683539584464767813e-11 1.418743323777088561e-13 3.219690287730619157e-16 4.304521762682541683e-19 3.391332973948813739e-22 1.574288663130598479e-25 4.305074839039090826e-29 6.937813208959235236e-33 8.229684439248806263e-33 5.055656381982637266e-29 1.830286969124043092e-25 3.903399879358814946e-22 4.904959761625596177e-19 3.632139217110707825e-16 1.584492628249611901e-13 4.072751164096999332e-11 6.168173527498765907e-09 5.504771252162754536e-07 2.894295175792649388e-05 8.966355817392468452e-04 1.636767014861106873e-02 1.760334372520446777e-01 1.115510702133178711e+00 4.165072917938232422e+00 9.163194656372070312e+00 1.187765502929687500e+01
1.160557365417480469e+01 1.041926574707031250e+01 5.511487007141113281e+00 1.717806816101074219e+00 3.154641985893249512e-01 3.413470834493637085e-02 2.176111331209540367e-03 8.174518734449520707e-05 1.809312152545317076e-06 2.359317541333894042e-08 1.812894417918542445e-10 8.207833284562537912e-13 2.189549675466265222e-15 3.441003105820059503e-18 3.186727446247960678e-21 1.738914097940811669e-24 5.589810403904763597e-28 1.058920340952371091e-31 5.146759670056340967e-34 3.717367912554519227e-30 1.581957315575720020e-26 3.965836326740885500e-23 5.857938001735688301e-20 5.099092020356585072e-17 2.614797823250782083e-14 7.900451126641172550e-12 1.406492144973015002e-09 1.475497697356331628e-07 9.119217793340794742e-06 3.320841351523995399e-04 7.125853560864925385e-03 9.008702635765075684e-02 6.710543632507324219e-01 2.945257663726806641e+00 7.616685390472412109e+00 1.160557365417480469e+01
1.079581451416015625e+01 1.138811779022216797e+01 7.078008651733398438e+00 2.592045307159423828e+00 5.592993497848510742e-01 7.110764086246490479e-02 5.326336249709129333e-03 2.350906142964959145e-04 6.113818926678504795e-06 9.367303732688014861e-08 8.457206046585952208e-10 4.498931609198120185e-12 1.410136554237401835e-14 2.603844130819743400e-17 2.833361785458345963e-20 1.816606247482860848e-23 6.861254849371790549e-27 1.527200191718258483e-30 2.001498619110762081e-34 2.620635350779699547e-31 1.310372978543434492e-27 3.859716154529567763e-24 6.698704894291186066e-21 6.851191252280681065e-18 4.127972716796469987e-15 1.465472708461756923e-12 3.065410703051441033e-10 3.778464474635256920e-08 2.743862751231063157e-06 1.174027565866708755e-04 2.960022538900375366e-03 4.396895319223403931e-02 3.848285377025604248e-01 1.984534978866577148e+00 6.030163288116455078e+00 1.079581451416015625e+01
9.577524185180664062e+00 1.184790229797363281e+01 8.635624885559082031e+00 3.708659172058105469e+00 9.384478926658630371e-01 1.399179399013519287e-01 1.229078136384487152e-02 6.361767882481217384e-04 1.940198853844776750e-05 3.486108823835820658e-07 3.691004835104649828e-09 2.302599777515013102e-11 8.463755819245952217e-14 1.832775215857576851e-16 2.338774858329434636e-19 1.758481272046621421e-22 7.788895801195017754e-26 2.033092297611587382e-29 3.126731219214788683e-33 1.816889325163434230e-32 1.065386047006752653e-28 3.680156177625033395e-25 7.490180021443227887e-22 8.983791498027638407e-19 6.347766550677397257e-16 2.642736561270925266e-13 6.482705344756922727e-11 9.370836551170214079e-09 7.980239615790196694e-07 4.004272341262549162e-05 1.183949410915374756e-03 2.062414214015007019e-02 2.116843312978744507e-01 1.280182361602783203e+00 4.561791419982910156e+00 9.577524185180664062e+00
8.142278671264648438e+00 1.175923347473144531e+01 1.000640106201171875e+01 5.017019271850585938e+00 1.482122659683227539e+00 2.579838633537292480e-01 2.645726129412651062e-02 1.598778064362704754e-03 5.692483318853192031e-05 1.194104243040783331e-06 1.476014510615186737e-08 1.075001962447252879e-10 4.613162607990106689e-13 1.166255418756330983e-15 1.737473851513545911e-18 1.525151816795507779e-21 7.886697050591088627e-25 2.403395181361296091e-28 4.315400510721092390e-32 1.296716195560378169e-33 8.878127783511974995e-30 3.580342285214759196e-26 8.507386497555686300e-23 1.191266485613715611e-19 9.826881854328327250e-17 4.776312063415645570e-14 1.367856522493937632e-11 2.308389479566130831e-09 2.295044936317935935e-07 1.344446718576364219e-05 4.640877014026045799e-04 9.438167326152324677e-03 1.130954623222351074e-01 7.984964847564697266e-01 3.321873903274536133e+00 8.142278671264648438e+00
6.447435379028320312e+00 1.105838584899902344e+01 1.117542839050292969e+01 6.654321193695068359e+00 2.334606170654296875e+00 4.826071858406066895e-01 5.877863243222236633e-02 4.218271002173423767e-03 1.783692132448777556e-04 4.443596480996347964e-06 6.523124795876356075e-08 5.642165623598316415e-10 2.875457684459181706e-12 8.633252871815579044e-15 1.527460800356335204e-17 1.592339642829484147e-20 9.778906741154199720e-24 3.539086554690051339e-27 7.546817612787626449e-31 9.468947935153012419e-35 5.331891912052990883e-31 2.553595328087896986e-27 7.206031376749533169e-24 1.198353355511763676e-20 1.173985183352622611e-17 6.776602391213304433e-15 2.304791340418388401e-12 4.619253313187243748e-10 5.454133145121886628e-08 3.794465328610385768e-06 1.555538619868457317e-04 3.756986930966377258e-03 5.346496775746345520e-02 4.483002126216888428e-01 2.214890956878662109e+00 6.447435379028320312e+00
4.854195594787597656e+00 9.858533859252929688e+00 1.179713916778564453e+01 8.317766189575195312e+00 3.455468654632568359e+00 8.458189964294433594e-01 1.219818741083145142e-01 1.036574319005012512e-02 5.190104711800813675e-04 1.531027010059915483e-05 2.661298594830441289e-07 2.725675463111087993e-09 1.644843636294801570e-11 5.847686430134751978e-14 1.225094985953824583e-16 1.512257282736156497e-19 1.099707442846644358e-22 4.712684013776688110e-26 1.189943489766775840e-29 1.770201187474268468e-33 3.182308298248078731e-32 1.804721543337225165e-28 6.030400844383843012e-25 1.187472396359835972e-21 1.377504804662746109e-18 9.415268840588060170e-16 3.791774294721605987e-13 8.998626149780974970e-11 1.258117698910155013e-08 1.036419462252524681e-06 5.031034379499033093e-05 1.438821200281381607e-03 2.424525469541549683e-02 2.407224774360656738e-01 1.408290863037109375e+00 4.854195594787597656e+00
3.326819896697998047e+00 8.148874282836914062e+00 1.176081085205078125e+01 1.000093269348144531e+01 5.010880470275878906e+00 1.479305267333984375e+00 2.573066651821136475e-01 2.637119777500629425e-02 1.592497574165463448e-03 5.665791832143440843e-05 1.187803263746900484e-06 1.467232024765507958e-08 1.067882032801392711e-10 4.578858993353751572e-13 1.156954044083413104e-15 1.722447495301060749e-18 1.510675954127438058e-21 7.807939149966085861e-25 2.377770442709980869e-28 4.266523749487489381e-32 1.312211690662612184e-33 8.976134295873364986e-30 3.617409195147622590e-26 8.591199497747435832e-23 1.201975372618980246e-19 9.908490831818318918e-17 4.812726687444465745e-14 1.377520146561561631e-11 2.322818160038764290e-09 2.307827458025712986e-07 1.351143509964458644e-05 4.660409176722168922e-04 9.471463039517402649e-03 1.134176030755043030e-01 8.002598881721496582e-01 3.326819896697998047e+00
2.345967292785644531e+00 6.673616409301757812e+00 1.118596649169921875e+01 1.104709053039550781e+01 6.428246974945068359e+00 2.203978538513183594e+00 4.452185034751892090e-01 5.299352854490280151e-02 3.716575447469949722e-03 1.535669434815645218e-04 3.738973191502736881e-06 5.363861532714508940e-08 4.533910191728551808e-10 2.257774262687251010e-12 6.625382869689415075e-15 1.145539269267536542e-17 1.166835189234079093e-20 7.003961500433550111e-24 2.477136101888718161e-27 5.162093163669932440e-31 9.798787746985159579e-35 7.794343339031236845e-31 3.648046811665736962e-27 1.006211017271125862e-23 1.634939929052105240e-20 1.565253028182657933e-17 8.829561227671235690e-15 2.935069721987648705e-12 5.747875508888000695e-10 6.632335214362683473e-08 4.509589871304342523e-06 1.806470681913197041e-04 4.263782873749732971e-03 5.929653719067573547e-02 4.859064221382141113e-01 2.345967292785644531e+00
1.550252676010131836e+00 5.163785934448242188e+00 1.013464260101318359e+01 1.171950149536132812e+01 7.985094070434570312e+00 3.205687999725341797e+00 7.582542896270751953e-01 1.056795343756675720e-01 8.678348734974861145e-03 4.198748501949012280e-04 1.197018355014733970e-05 2.010724244883022038e-07 1.990096087922665902e-09 1.160404237976475628e-11 3.987181949622470301e-14 8.072217369888581807e-17 9.627613310641509243e-20 6.766759230387006160e-23 2.802289698841648558e-26 6.837704313196456076e-30 9.827158486813247804e-34 5.655634223465781675e-32 3.099470078169077938e-28 1.001026820617239678e-24 1.904522775885825248e-21 2.134986248223866550e-18 1.410184284543979615e-15 5.488902518266391972e-13 1.258637083445535154e-10 1.700539442595072614e-08 1.353891320832190104e-06 6.350448529701679945e-05 1.755070406943559647e-03 2.857954986393451691e-02 2.742248773574829102e-01 1.550252676010131836e+00
9.749590158462524414e-01 3.805589199066162109e+00 8.752530097961425781e+00 1.186053276062011719e+01 9.469889640808105469e+00 4.455084323883056641e+00 1.234869718551635742e+00 2.016819417476654053e-01 1.940810680389404297e-02 1.100366469472646713e-03 3.676107007777318358e-05 7.236187684611650184e-07 8.392692762981823762e-09 5.734655805778032800e-11 2.309053555998863416e-13 5.478110412193118624e-16 7.656475773633970683e-19 6.306088443109453984e-22 3.060281357734973515e-25 8.750465711588944203e-29 1.473941199299733495e-32 3.862494439229567088e-33 2.480604087828389799e-29 9.388287867222495441e-26 2.093128816033603000e-22 2.749638312017879133e-19 2.128263982996219609e-16 9.707484111259184756e-14 2.608510282775533540e-11 4.129978137257239723e-09 3.853166390399564989e-07 2.117906842613592744e-05 6.859104614704847336e-04 1.308874040842056274e-02 1.471704840660095215e-01 9.749590158462524414e-01
5.951436161994934082e-01 2.707961559295654297e+00 7.260073661804199219e+00 1.146823787689208984e+01 1.067388534545898438e+01 5.853542327880859375e+00 1.891344308853149414e+00 3.600821793079376221e-01 4.039268940687179565e-02 2.669583307579159737e-03 1.039631897583603859e-04 2.385535026405705139e-06 3.225247979798950837e-08 2.568957546689176752e-10 1.205780158879121711e-12 3.334642717189276358e-15 5.432903238094197049e-18 5.216141166035438490e-21 2.950768728643798077e-24 9.835375632665679412e-28 1.931200155759712497e-31 2.754637620093861293e-34 2.063414635184833811e-30 9.103287675531303422e-27 2.365878578419035141e-23 3.622902125848516315e-20 3.268832161480108472e-17 1.738034527767624154e-14 5.444123450659699159e-12 1.004774041746259172e-09 1.092761579002399230e-07 7.001654921623412520e-06 2.643298939801752567e-04 5.879789590835571289e-03 7.706747949123382568e-02 5.951436161994934082e-01
3.217824697494506836e-01 1.742842674255371094e+00 5.562031745910644531e+00 1.045837593078613281e+01 1.158684349060058594e+01 7.563736438751220703e+00 2.909142494201660156e+00 6.592817306518554688e-01 8.803338557481765747e-02 6.925722118467092514e-03 3.210526774637401104e-04 8.769155101617798209e-06 1.411266339346184395e-07 1.338076538459631593e-09 7.475959087899219924e-12 2.461074557038103738e-14 4.772916175981205072e-17 5.454744321783200330e-20 3.673133905479698307e-23 1.457367674878145325e-26 3.406307280886252585e-30 4.690644903063253916e-34 1.158082928497907785e-31 6.081771393346497414e-28 1.881484732126178827e-24 3.429582908111484620e-21 3.683427409482812982e-18 2.331288145453300382e-15 8.692431540183176431e-13 1.909662150634261479e-10 2.472227578209640342e-08 1.885554183900239877e-06 8.473428897559642792e-05 2.243623603135347366e-03 3.500556200742721558e-02 3.217824697494506836e-01
1.711893826723098755e-01 1.092413425445556641e+00 4.107509136199951172e+00 9.099634170532226562e+00 1.187789535522460938e+01 9.135350227355957031e+00 4.139713287353515625e+00 1.105327606201171875e+00 1.738928854465484619e-01 1.611817628145217896e-02 8.803225355222821236e-04 2.832943391695152968e-05 5.371595079850521870e-07 6.000560937025056774e-09 3.949960844518152214e-11 1.532018191778214411e-13 3.500571177600473455e-16 4.713528454389746056e-19 3.739570256304473897e-22 1.748111575146203174e-25 4.813919673894227632e-29 7.812244354752734051e-33 7.308863143584075135e-33 4.522362769263165932e-29 1.648349513362592324e-25 3.540014195703504324e-22 4.479496311631649319e-19 3.340345366506665935e-16 1.467407467238557306e-13 3.798220765682813749e-11 5.793324930891685653e-09 5.205861839385761414e-07 2.756311369012109935e-05 8.598709246143698692e-04 1.580653339624404907e-02 1.711893826723098755e-01
9.480599313974380493e-02 6.978409290313720703e-01 3.026631355285644531e+00 7.734194755554199219e+00 1.164503479003906250e+01 1.033086585998535156e+01 5.399994850158691406e+00 1.663122177124023438e+00 3.018041253089904785e-01 3.226789087057113647e-02 2.032855758443474770e-03 7.545924745500087738e-05 1.650399326535989530e-06 2.126612841379937890e-08 1.614729461252295550e-10 7.224059675112193268e-13 1.904005551584420780e-15 2.957223215845971055e-18 2.706263545635012590e-21 1.459243777163011374e-24 4.635176041685592660e-28 8.676747569132775531e-32 6.324165117553676272e-34 4.514345935406377158e-30 1.897990555721207998e-26 4.701738475039514076e-23 6.862666470424687796e-20 5.902877318208652954e-17 2.991117959870101539e-14 8.930451864119781646e-12 1.571214824913624852e-09 1.628585692969863885e-07 9.946168574970215559e-06 3.579078183975070715e-04 7.589014247059822083e-03 9.480599313974380493e-02
4.893692582845687866e-02 4.184127449989318848e-01 2.107933521270751953e+00 6.256908416748046875e+00 1.094291210174560547e+01 1.127654743194580078e+01 6.846707344055175781e+00 2.449401855468750000e+00 5.163074731826782227e-01 6.412137299776077271e-02 4.692303948104381561e-03 2.023205743171274662e-04 5.140004759596195072e-06 7.693262205066275783e-08 6.785311201795707348e-10 3.526129908892894349e-12 1.079532479847291476e-14 1.947602377084269021e-17 2.070308349893491759e-20 1.296696108299917835e-23 4.784395167846771306e-27 1.040324161381684602e-30 1.331559133815696983e-34 3.862100795558835475e-31 1.886109224264090926e-27 5.427232077010294533e-24 9.201561980801281533e-21 9.193543408265466123e-18 5.411297088588409854e-15 1.876671994888168271e-12 3.835298467702585867e-10 4.617655235961137805e-08 3.275765720900380984e-06 1.369227684335783124e-04 3.372398670762777328e-03 4.893692582845687866e-02
2.703115902841091156e-02 2.623918056488037109e-01 1.500794410705566406e+00 5.057568550109863281e+00 1.004228782653808594e+01 1.174880313873291016e+01 8.098753929138183594e+00 3.289381504058837891e+00 7.871913909912109375e-01 1.109925955533981323e-01 9.221360087394714355e-03 4.514048341661691666e-04 1.301990596402902156e-05 2.212455143535407842e-07 2.215392091997614443e-09 1.307063745431547019e-11 4.543112034575275127e-14 9.305432490130818943e-17 1.123021500138676600e-19 7.985638943552302506e-23 3.345160354506625133e-26 8.257981350684823155e-30 1.201002670070627305e-33 4.651983628548678144e-32 2.579273752036412001e-28 8.426113235048295815e-25 1.621912561418605306e-21 1.839778308903185545e-18 1.229421736127517956e-15 4.840677554976413610e-13 1.123146436965427597e-10 1.535240201633314427e-08 1.236477373822708614e-06 5.867688742000609636e-05 1.640775473788380623e-03 2.703115902841091156e-02
1.517404802143573761e-02 1.656839996576309204e-01 1.065973401069641113e+00 4.040734767913818359e+00 9.024944305419921875e+00 1.187679100036621094e+01 9.209125518798828125e+00 4.207343578338623047e+00 1.132575988769531250e+00 1.796287000179290771e-01 1.678689382970333099e-02 9.243473177775740623e-04 2.998955824295990169e-05 5.732326826546341181e-07 6.456550405431471518e-09 4.284904028817315691e-11 1.675301336458850932e-13 3.859820085145887654e-16 5.239778692144450880e-19 4.191109189743187640e-22 1.974841415922718078e-25 5.483803849388287458e-29 8.972103161341146607e-33 6.364213108060237712e-33 3.969198976195586913e-29 1.458569424348563850e-25 3.158057085508608225e-22 4.029510316896743686e-19 3.028879440400438936e-16 1.341467220508998914e-13 3.501100451219762988e-11 5.383168577566266322e-09 4.876873163084383123e-07 2.603249959065578878e-05 8.188278879970312119e-04 1.517404802143573761e-02
8.220810443162918091e-03 1.011489927768707275e-01 7.333251237869262695e-01 3.132408380508422852e+00 7.883707046508789062e+00 1.169102859497070312e+01 1.021506500244140625e+01 5.258940696716308594e+00 1.595238447189331055e+00 2.851036787033081055e-01 3.002376481890678406e-02 1.862935721874237061e-03 6.810832564951851964e-05 1.467004040023311973e-06 1.861950771342435473e-08 1.392437831704285145e-10 6.134745489383419681e-13 1.592720308193754965e-15 2.436417894473396535e-18 2.196017911795887720e-21 1.166023192616229760e-24 3.648615057295828416e-28 6.726952150687970186e-32 8.223876027787805635e-34 5.780503438360693793e-30 2.393625853570143227e-26 5.840056557120019812e-23 8.396968891967206749e-20 7.112439043398813754e-17 3.549643014960114640e-14 1.043946179501986649e-11 1.808753813392627308e-09 1.846506876290732180e-07 1.110688026528805494e-05 3.936749417334794998e-04 8.220810443162918091e-03
4.368456546217203140e-03 6.048358231782913208e-02 4.934421777725219727e-01 2.371814250946044922e+00 6.717307090759277344e+00 1.120933818817138672e+01 1.102127838134765625e+01 6.384866237640380859e+00 2.179423570632934570e+00 4.383109509944915771e-01 5.194061994552612305e-02 3.626622259616851807e-03 1.491995935793966055e-04 3.616280309870489873e-06 5.164903171817059047e-08 4.346427107115857780e-10 2.154838807388870237e-12 6.295343258055354982e-15 1.083665001395712498e-17 1.099108968787733006e-20 6.567201954940242547e-24 2.312382424796112070e-27 4.797413908841450239e-31 1.059015832419631132e-34 8.384660145093278120e-31 3.906995026036400617e-27 1.072668052028836347e-23 1.735531230769662197e-20 1.654208196692733040e-17 9.290084570763926242e-15 3.074519371731865292e-12 5.994335583459076133e-10 6.886126868721476058e-08 4.661000730266096070e-06 1.859040930867195129e-04 4.368456546217203140e-03
2.251335885375738144e-03 3.510262817144393921e-02 3.224994242191314697e-01 1.745673656463623047e+00 5.567592144012451172e+00 1.046265506744384766e+01 1.158470249176025391e+01 7.557780265808105469e+00 2.905184745788574219e+00 6.579694747924804688e-01 8.780517429113388062e-02 6.904063280671834946e-03 3.198598860763013363e-04 8.730618901608977467e-06 1.404220881795481546e-07 1.330748844452500634e-09 7.429661920410612908e-12 2.444354465472482751e-14 4.738375760578950806e-17 5.412088297804459941e-20 3.641588304512996310e-23 1.443981229169489628e-26 3.373668034543580622e-30 4.641944539450671177e-34 1.169804487966567308e-31 6.138408659668551149e-28 1.897869570342845547e-24 3.458011183216242849e-21 3.711709128216307275e-18 2.347431746395020093e-15 8.748600260032046716e-13 1.920844316938286056e-10 2.484939365388072474e-08 1.894135039037792012e-06 8.507690654369071126e-05 2.251335885375738144e-03
1.019945251755416393e-03 1.821994036436080933e-02 1.917826533317565918e-01 1.189362287521362305e+00 4.345997810363769531e+00 9.356967926025390625e+00 1.186999511718750000e+01 8.872192382812500000e+00 3.907343149185180664e+00 1.013878226280212402e+00 1.550141721963882446e-01 1.396455802023410797e-02 7.412302074953913689e-04 2.317987673450261354e-05 4.271407476608146681e-07 4.637697337273039011e-09 2.966538126258910779e-11 1.118190148764394709e-13 2.483432838713828250e-16 3.249818401804326753e-19 2.505290463656325376e-22 1.138147313416048018e-25 3.046589759500726841e-29 4.803828111316147133e-33 1.187009273077751857e-32 7.136311926983297921e-29 2.527894910019417068e-25 5.277040723047521260e-22 6.489495569298753387e-19 4.702184822069632730e-16 2.007797953503670518e-13 5.050623461122505375e-11 7.485830622044886695e-09 6.537388799188192934e-07 3.364161966601386666e-05 1.019945251755416393e-03
4.965235712006688118e-04 9.988108649849891663e-03 1.183912307024002075e-01 8.267952203750610352e-01 3.402096986770629883e+00 8.248317718505859375e+00 1.178298950195312500e+01 9.917661666870117188e+00 4.918505668640136719e+00 1.437182784080505371e+00 2.474405169486999512e-01 2.510153315961360931e-02 1.500373939052224159e-03 5.283618520479649305e-05 1.096390747079567518e-06 1.340509037106585311e-08 9.655886507031752330e-11 4.098564478256794263e-13 1.025039885735106945e-15 1.510500040922364159e-18 1.311276958888141610e-21 6.708256694288614378e-25 2.022056478289005472e-28 3.590495185088065601e-32 1.564869140350492974e-33 1.059504768531735513e-29 4.226292717437624960e-26 9.934915502530871031e-23 1.375802466962111978e-19 1.122586264583721105e-16 5.397775732244800007e-14 1.529018925361391723e-11 2.551997280164641779e-09 2.509686112261988455e-07 1.454341145290527493e-05 4.965235712006688118e-04
2.430357708362862468e-04 5.477797240018844604e-03 7.275046408176422119e-02 5.692546367645263672e-01 2.624504566192626953e+00 7.129487991333007812e+00 1.141147041320800781e+01 1.076186752319335938e+01 5.980035781860351562e+00 1.957834005355834961e+00 3.776825666427612305e-01 4.292874410748481750e-02 2.875012578442692757e-03 1.134398189606145024e-04 2.637496436364017427e-06 3.613173404914959974e-08 2.916100416694433761e-10 1.386862413105260927e-12 3.886298123318820269e-15 6.416633985427479359e-18 6.241332580582965370e-21 3.577533508983864851e-24 1.208250061759815214e-27 2.403913218900517031e-31 2.190899228032041576e-34 1.663042387769339475e-30 7.432890886537343777e-27 1.957733936743442992e-23 3.037656009713337087e-20 2.777123249026331722e-17 1.496177652799725311e-14 4.748683651162322050e-12 8.880420843127012631e-10 9.785068755263637286e-08 6.353381650114897639e-06 2.430357708362862468e-04
1.189105460071004927e-04 2.992036286741495132e-03 4.436171054840087891e-02 3.875162005424499512e-01 1.994534015655517578e+00 6.048715591430664062e+00 1.080832958221435547e+01 1.137929534912109375e+01 7.058985710144042969e+00 2.580040693283081055e+00 5.556335449218750000e-01 7.050511240959167480e-02 5.271363072097301483e-03 2.321993379155173898e-04 6.026957635185681283e-06 9.217345819934052997e-08 8.304836818240346474e-10 4.409340080557822006e-12 1.379390020581723261e-14 2.542547069579358858e-17 2.760904964325248860e-20 1.766723574774296431e-23 6.661251646879042635e-27 1.479535494464731843e-30 1.935291654865581477e-34 2.706094025183350014e-31 1.350226728365125660e-27 3.970238328364199790e-24 6.877208693334282156e-21 7.019041087818716335e-18 4.221596115489435058e-15 1.495813997838546516e-12 3.122831437885054129e-10 3.841408258153933275e-08 2.784479420370189473e-06 1.189105460071004927e-04
5.583088204730302095e-05 1.572529785335063934e-03 2.609874680638313293e-02 2.551990151405334473e-01 1.470308303833007812e+00 4.991235733032226562e+00 9.983488082885742188e+00 1.176567554473876953e+01 8.169992446899414062e+00 3.342601776123046875e+00 8.057944774627685547e-01 1.144548356533050537e-01 9.578868746757507324e-03 4.723139281850308180e-04 1.372290171275380999e-05 2.349259631273525883e-07 2.369386020717456631e-09 1.408171149130943434e-11 4.931124613998492945e-14 1.017435065115980227e-16 1.236709849762818281e-19 8.858539409817043318e-23 3.738764968356977789e-26 9.295612219409903732e-30 1.361852817097837386e-33 4.113513176324004683e-32 2.297486608530740652e-28 7.562143896965059950e-25 1.466287899572129726e-21 1.675182291702204178e-18 1.127823522236153647e-15 4.473225717789575118e-13 1.045369346641678021e-10 1.439424224258800677e-08 1.167941263702232391e-06 5.583088204730302095e-05
2.537298860261216760e-05 8.009452722035348415e-04 1.489813439548015594e-02 1.632667183876037598e-01 1.054225683212280273e+00 4.010882377624511719e+00 8.991290092468261719e+00 1.187581253051757812e+01 9.242190361022949219e+00 4.237850189208984375e+00 1.144964575767517090e+00 1.822672784328460693e-01 1.709603331983089447e-02 9.447564370930194855e-04 3.076392385992221534e-05 5.902458042328362353e-07 6.671867058827274377e-09 4.444002110748357381e-11 1.744099114263375494e-13 4.033100791539252078e-16 5.494195667123151294e-19 4.410680103013679889e-22 2.086309310723193658e-25 5.813478518737418282e-29 9.546311580566694665e-33 5.979058710593468890e-33 3.742740008317582838e-29 1.380661398089420283e-25 3.000316963771594046e-22 3.841658375267775370e-19 2.898712181626726366e-16 1.288517361384966531e-13 3.374788296039987756e-11 5.208011799595624325e-09 4.735987317872059066e-07 2.537298860261216760e-05
1.238192908203927800e-05 4.322877503000199795e-04 8.893163874745368958e-03 1.077894270420074463e-01 7.697789072990417480e-01 3.239114522933959961e+00 8.030883789062500000e+00 1.173163223266601562e+01 1.009773063659667969e+01 5.120939254760742188e+00 1.530206084251403809e+00 2.694142162799835205e-01 2.794867195188999176e-02 1.708207186311483383e-03 6.152001151349395514e-05 1.305455043620895594e-06 1.632036727983177116e-08 1.202292848612174225e-10 5.218690063424347159e-13 1.334697555317623623e-15 2.010973883223844673e-18 1.785506510699789767e-21 9.340888173656159420e-25 2.878704821245100915e-28 5.228250926129691438e-32 1.065272102636520244e-33 7.375965621466231236e-30 3.009342883451622612e-26 7.232775339158335911e-23 1.024259883161995726e-19 8.547683432962022284e-17 4.202316120950622125e-14 1.217302300626776912e-11 2.077677363487850926e-09 2.089650479319971055e-07 1.238192908203927800e-05
6.245809800020651892e-06 2.394734910922124982e-04 5.410362966358661652e-03 7.201616466045379639e-02 5.648117065429687500e-01 2.610044479370117188e+00 7.106731891632080078e+00 1.140115833282470703e+01 1.077700996398925781e+01 6.002181053161621094e+00 1.969669342041015625e+00 3.808445334434509277e-01 4.338826611638069153e-02 2.912302501499652863e-03 1.151851320173591375e-04 2.684268565644742921e-06 3.685357441440828552e-08 2.981566660231749211e-10 1.421279218448423531e-12 3.991943460632165624e-15 6.605259702820702748e-18 6.440656854917319284e-21 3.700331147364641043e-24 1.252381205691493213e-27 2.497939601429570822e-31 2.104621616101531993e-34 1.601249376893505728e-30 7.174588243884038724e-27 1.893719294234387282e-23 2.945129718968172150e-20 2.699175703799744776e-17 1.457320863377381537e-14 4.636045020101065006e-12 8.689824415597513507e-10 9.598205963357031578e-08 6.245809800020651892e-06
3.705209110194118693e-06 1.523637329228222370e-04 3.691906109452247620e-03 5.270531028509140015e-02 4.433308243751525879e-01 2.197211742401123047e+00 6.416443824768066406e+00 1.104010677337646484e+01 1.119237709045410156e+01 6.685495376586914062e+00 2.352976799011230469e+00 4.879460930824279785e-01 5.962059274315834045e-02 4.292014986276626587e-03 1.820625184336677194e-04 4.550405719783157110e-06 6.700449262098118197e-08 5.813911019281192694e-10 2.972370179848971006e-12 8.953805714440390973e-15 1.588962340644142855e-17 1.661706653569011591e-20 1.023914002617371632e-23 3.716735103132307729e-27 7.950742862408142198e-31 1.000974536109708514e-34 5.059199792153755969e-31 2.431207680132937993e-27 6.882393301773560866e-24 1.147965454627639928e-20 1.128381723565839132e-17 6.533996908526622238e-15 2.229317425106458472e-12 4.481618964824463092e-10 5.309021489097176527e-08 3.705209110194118693e-06
2.523262992326635867e-06 1.091593585442751646e-04 2.782662631943821907e-03 4.179205000400543213e-02 3.698255121707916260e-01 1.928281664848327637e+00 5.924111366271972656e+00 1.072337913513183594e+01 1.143695640563964844e+01 7.187068462371826172e+00 2.661125659942626953e+00 5.805629491806030273e-01 7.462824881076812744e-02 5.651953630149364471e-03 2.522245631553232670e-04 6.632030817854683846e-06 1.027379283868867788e-07 9.378322562980656585e-10 5.044160401868058585e-12 1.598540229222691900e-14 2.984423313210491009e-17 3.283448851324347919e-20 2.128475622158202964e-23 8.128260989281977115e-27 1.829242242647920403e-30 2.423902182585433323e-34 2.182551175719768781e-31 1.103402531883871313e-27 3.286099299956956218e-24 5.766323709927605754e-21 5.962894400169172941e-18 3.632530440453220905e-15 1.303863484194978106e-12 2.757560846333717564e-10 3.436645812371352804e-08 2.523262992326635867e-06
1.773088683876267169e-06 8.031913603190332651e-05 2.143920864909887314e-03 3.371571376919746399e-02 3.124109506607055664e-01 1.705650806427001953e+00 5.486979484558105469e+00 1.039997386932373047e+01 1.161451816558837891e+01 7.642462253570556641e+00 2.963037967681884766e+00 6.768792867660522461e-01 9.110782295465469360e-02 7.225060369819402695e-03 3.376142121851444244e-04 9.295441486756317317e-06 1.507799538558174390e-07 1.441211927577512597e-09 8.116763337839838499e-12 2.693440427832018147e-14 5.265471790509991101e-17 6.065924165709050868e-20 4.117434882340828223e-23 1.646425740459742802e-26 3.879809194776006940e-30 5.385780834261706274e-34 1.013486308798738857e-31 5.365097712818521886e-28 1.673075372360613413e-24 3.074141621751601346e-21 3.328677768899646216e-18 2.123318475254556970e-15 7.980458199656481622e-13 1.767305191080481563e-10 2.306286539521806844e-08 1.773088683876267169e-06
1.223471372213680297e-06 5.813843017676845193e-05 1.627924502827227116e-03 2.685584127902984619e-02 2.610438168048858643e-01 1.495058536529541016e+00 5.045253753662109375e+00 1.003142547607421875e+01 1.175202178955078125e+01 8.111967086791992188e+00 3.299217700958251953e+00 7.906168103218078613e-01 1.116325929760932922e-01 9.286632761359214783e-03 4.552168829832226038e-04 1.314766450377646834e-05 2.237198657439876115e-07 2.243212726682486391e-09 1.325273658175918357e-11 4.613300233903376568e-14 9.460626793169037911e-17 1.143298798879648382e-19 8.140875410102762447e-23 3.414848511763123978e-26 8.441375020373559584e-30 1.229342920513991077e-33 4.546267601222589656e-32 2.524585045335592052e-28 8.258726811721712373e-25 1.591847090702038631e-21 1.808127897125069047e-18 1.209908638121620639e-15 4.770315002386449343e-13 1.108182989817407815e-10 1.517032544029461860e-08 1.223471372213680297e-06
7.232588359329383820e-07 3.674508479889482260e-05 1.100038294680416584e-03 1.940210536122322083e-02 2.016322016716003418e-01 1.234642624855041504e+00 4.454545974731445312e+00 9.469339370727539062e+00 1.186058616638183594e+01 8.753002166748046875e+00 3.806085109710693359e+00 9.751471281051635742e-01 1.472080945968627930e-01 1.309291087090969086e-02 6.861721631139516830e-04 2.118848533427808434e-05 3.854725036944728345e-07 4.132334474604704155e-09 2.610157923133016311e-11 9.714262407716292569e-14 2.129880360087597229e-16 2.751894964126500362e-19 2.094982071181020619e-22 9.395452942913198162e-26 2.483103282857786048e-29 3.866622261110876477e-33 1.472379114244284527e-32 8.741723193347641395e-29 3.057422723029678874e-25 6.300582825079735499e-22 7.651483738637213161e-19 5.474016066684328150e-16 2.307468723473232730e-13 5.731091295979595657e-11 8.387988970071091899e-09 7.232588359329383820e-07
4.915807494398904964e-07 2.621431485749781132e-05 8.237308938987553120e-04 1.524977013468742371e-02 1.663457155227661133e-01 1.069128751754760742e+00 4.048832893371582031e+00 9.034067153930664062e+00 1.187700462341308594e+01 9.200161933898925781e+00 4.199079513549804688e+00 1.129231214523315430e+00 1.789295375347137451e-01 1.670413836836814880e-02 9.188787080347537994e-04 2.978257543873041868e-05 5.687132897946867160e-07 6.399295315873132495e-09 4.242695778033933607e-11 1.657375950890604965e-13 3.814211860798775869e-16 5.172731567593965222e-19 4.133363056868071552e-22 1.945715808485343237e-25 5.397590799134008087e-29 8.822295222536477231e-33 6.471094931908754204e-33 4.032751053241719971e-29 1.480453781714075566e-25 3.202261821411317678e-22 4.081896699065492620e-19 3.065214506859688251e-16 1.356213725307517382e-13 3.535620407557615863e-11 5.431529448429728291e-09 4.915807494398904964e-07
3.613065757690492319e-07 2.001812208618503064e-05 6.535435095429420471e-04 1.257061958312988281e-02 1.424652636051177979e-01 9.513303041458129883e-01 3.743135929107666016e+00 8.677471160888671875e+00 1.185279464721679688e+01 9.539237976074218750e+00 4.523517608642578125e+00 1.263889789581298828e+00 2.080713212490081787e-01 2.018174901604652405e-02 1.153444638475775719e-03 3.884232137352228165e-05 7.706203177804127336e-07 9.009147206029410881e-09 6.205788660729183448e-11 2.518722535226058934e-13 6.022382020363209985e-16 8.485686080615050349e-19 7.044914109922831630e-22 3.445521580799654630e-25 9.930642479588523179e-29 1.686435313097878407e-32 3.371400082762878133e-33 2.182987575646522854e-29 8.326197591907199750e-26 1.871172261167977576e-22 2.478119377874644873e-19 1.933413185554330401e-16 8.887859117298960165e-14 2.407343421828578300e-11 3.842366425033105770e-09 3.613065757690492319e-07
2.599020092475257115e-07 1.499547124694800004e-05 5.098147667013108730e-04 1.021166797727346420e-02 1.205177307128906250e-01 8.380607366561889648e-01 3.433854103088378906e+00 8.289748191833496094e+00 1.179155158996582031e+01 9.882484436035156250e+00 4.880122184753417969e+00 1.419925212860107422e+00 2.434279471635818481e-01 2.458776161074638367e-02 1.463385764509439468e-03 5.131789657752960920e-05 1.060246859196922742e-06 1.290781348473046819e-08 9.259075450795961615e-11 3.913391962914736233e-13 9.744129382359542277e-16 1.429763284029279031e-18 1.236100155451262044e-21 6.295551785770597974e-25 1.889543590689170854e-28 3.341577791082516699e-32 1.683888127042241900e-33 1.135460586736106895e-29 4.509896841030729558e-26 1.055442374861903602e-22 1.455617124267353619e-19 1.182633886052456549e-16 5.661396102352861393e-14 1.596863266617454258e-11 2.654183761663375662e-09 2.599020092475257115e-07
1.942715073255385505e-07 1.161377713287947699e-05 4.091124865226447582e-04 8.490670472383499146e-03 1.038272604346275330e-01 7.480850219726562500e-01 3.175947189331054688e+00 7.944158554077148438e+00 1.170827293395996094e+01 1.016725349426269531e+01 5.202157974243164062e+00 1.568316102027893066e+00 2.785825133323669434e-01 2.915535122156143188e-02 1.797933131456375122e-03 6.532797124236822128e-05 1.398468157276511192e-06 1.764056634101507370e-08 1.311121766711664804e-10 5.741742801698701548e-13 1.481325628871802639e-15 2.252089380362386125e-18 2.017394559304883575e-21 1.064604079197395598e-24 3.310766500521475116e-28 6.066497123195415483e-32 9.144071372710723894e-34 6.389165009261667687e-30 2.629405284784223985e-26 6.375894429068099231e-23 9.111069391140260641e-20 7.669872749475848892e-17 3.804319733584707319e-14 1.111824000921135536e-11 1.914762126631330830e-09 1.942715073255385505e-07
1.456709242120268755e-07 9.017034244607202709e-06 3.288960433565080166e-04 7.067799568176269531e-03 8.949112892150878906e-02 6.676455140113830566e-01 2.934910058975219727e+00 7.601437091827392578e+00 1.160023880004882812e+01 1.043048381805419922e+01 5.525996208190917969e+00 1.724991798400878906e+00 3.172732293605804443e-01 3.438149392604827881e-02 2.195361070334911346e-03 8.259574678959324956e-05 1.830784640333149582e-06 2.391243647537066863e-08 1.840266550257041445e-10 8.344630325271551463e-13 2.229168794541137866e-15 3.509164856245960366e-18 3.254889067426890830e-21 1.778515309813359072e-24 5.726954912279606469e-28 1.086582544213661490e-31 5.010874359811207691e-34 3.625745557032219112e-30 1.545034465202696791e-26 3.879247482795844272e-23 5.739837289778429774e-20 5.003156274657174964e-17 2.569559487603824410e-14 7.775799969189645111e-12 1.386602832553762710e-09 1.456709242120268755e-07
1.149583397364040138e-07 7.321190423681400716e-06 2.747437101788818836e-04 6.074411794543266296e-03 7.913178205490112305e-02 6.073899269104003906e-01 2.747055053710937500e+00 7.320137023925781250e+00 1.149320411682128906e+01 1.063236045837402344e+01 5.795443534851074219e+00 1.861289143562316895e+00 3.522176146507263184e-01 3.926931321620941162e-02 2.579797990620136261e-03 9.985922952182590961e-05 2.277290604979498312e-06 3.060243614072533092e-08 2.423053424571719461e-10 1.130422795300733974e-12 3.106901603935723066e-15 5.031979548537707724e-18 4.801999944546267265e-21 2.699567609074518878e-24 8.943606512726224433e-28 1.745825401931648250e-31 3.060669079547049231e-34 2.279065750651095125e-30 9.991905588895752006e-27 2.581130478233442351e-23 3.929279808097927632e-20 3.523774189352626919e-17 1.861980011906398669e-14 5.797096309934079983e-12 1.063577226290135513e-09 1.149583397364040138e-07
8.932889272728061769e-08 5.862775651621632278e-06 2.267358795506879687e-04 5.166152492165565491e-03 6.935607641935348511e-02 5.486204028129577637e-01 2.557070493698120117e+00 7.022067070007324219e+00 1.136207199096679688e+01 1.083220672607421875e+01 6.084774017333984375e+00 2.013918876647949219e+00 3.927443027496337891e-01 4.512558877468109131e-02 3.055102191865444183e-03 1.218705292558297515e-04 2.864182988560060039e-06 3.966501438412706193e-08 3.236577117426975292e-10 1.556088591314619407e-12 4.407483424995022048e-15 7.356537395185252051e-18 7.234826983357085752e-21 4.191504345947830949e-24 1.431071874826657537e-27 2.878864188186417036e-31 1.813412176139503441e-34 1.392007056627927526e-30 6.289304500439313323e-27 1.674308993044198031e-23 2.626706865283310925e-20 2.427605691253685366e-17 1.321949497703209589e-14 4.241512956831838821e-12 8.019563901839887876e-10 8.932889272728061769e-08
6.523796258761649369e-08 4.444012574822409078e-06 1.783838379196822643e-04 4.218566231429576874e-03 5.878199636936187744e-02 4.826071858406066895e-01 2.334679603576660156e+00 6.654445648193359375e+00 1.117549324035644531e+01 1.105831336975097656e+01 6.447312831878662109e+00 2.214821338653564453e+00 4.483002126216888428e-01 5.346193164587020874e-02 3.756728954613208771e-03 1.555410999571904540e-04 3.794110398303018883e-06 5.453561158219599747e-08 4.618707083459128171e-10 2.304791340418388401e-12 6.775618985961542190e-15 1.173801466538574583e-17 1.198147691269619144e-20 7.204740800308591594e-24 2.553108260404961454e-27 5.330753093125914251e-31 9.468947935153012419e-35 7.548372086517153842e-31 3.539788748747774925e-27 9.780734531871596804e-24 1.592612838613825391e-20 1.527700020989485540e-17 8.634504786511620900e-15 2.875457684459181706e-12 5.642822875628894508e-10 6.523796258761649369e-08
4.944428866338057560e-08 3.479649876680923626e-06 1.442980137653648853e-04 3.525450360029935837e-03 5.075031891465187073e-02 4.304602742195129395e-01 2.151352167129516602e+00 6.334918022155761719e+00 1.099108314514160156e+01 1.123590087890625000e+01 6.767720699310302734e+00 2.401857376098632812e+00 5.022526383399963379e-01 6.187897920608520508e-02 4.492137581110000610e-03 1.921467774081975222e-04 4.842196176468860358e-06 7.190467954387713689e-08 6.291326348772940946e-10 3.243377354883447694e-12 9.850573895258622065e-15 1.762998659983462218e-17 1.859142387323201713e-20 1.154952160900177036e-23 4.228242451876124822e-27 9.120648442888880223e-31 1.157877547594300054e-34 4.408705668691199166e-31 2.135897138040265570e-27 6.097020739475436375e-24 1.025651129866476028e-20 1.016418195445356539e-17 5.934946409108174392e-15 2.041881420888902454e-12 4.139684428583478848e-10 4.944428866338057560e-08
3.738284704013494775e-08 2.718055384320905432e-06 1.164528002846054733e-04 2.939480822533369064e-03 4.371814057230949402e-02 3.831092715263366699e-01 1.978191018104553223e+00 6.018166065216064453e+00 1.078773689270019531e+01 1.139369583129882812e+01 7.090318202972412109e+00 2.599782705307006836e+00 5.616665482521057129e-01 7.149344682693481445e-02 5.362194962799549103e-03 2.369676803937181830e-04 6.169730113469995558e-06 9.465581740641937358e-08 8.556569897066879093e-10 4.557444699404555877e-12 1.430049790607582083e-14 2.644284329222970880e-17 2.880935010437801968e-20 1.849075289025214561e-23 6.993860518646696022e-27 1.558640433823091714e-30 2.045245376060582775e-34 2.567615383382470763e-31 1.285184992655257686e-27 3.790307044492339207e-24 6.587510494213891764e-21 6.744690094053253646e-18 4.068860828506434130e-15 1.446281787907677252e-12 3.029402839693773331e-10 3.738284704013494775e-08
2.930438647297251009e-08 2.191646899518673308e-06 9.658622730057686567e-05 2.507774624973535538e-03 3.836472332477569580e-02 3.458164632320404053e-01 1.836724042892456055e+00 5.747679710388183594e+00 1.059769248962402344e+01 1.151326274871826172e+01 7.369740009307861328e+00 2.779560565948486328e+00 6.176897883415222168e-01 8.087441325187683105e-02 6.239362526684999466e-03 2.836218336597084999e-04 7.595710030727786943e-06 1.198679058234120021e-07 1.114568437543539403e-09 6.106345897677334378e-12 1.970909126549659496e-14 3.748649525447822896e-17 4.201022210253521921e-20 2.773483481463275074e-23 1.079048165512823078e-26 2.473581665768667841e-30 3.339299811600317727e-34 1.606098385130195730e-31 8.269151623991647599e-28 2.508520486187189018e-24 4.484552016917353549e-21 4.722926673714420418e-18 2.930723833104512122e-15 1.071537173227832263e-12 2.308682689466934335e-10 2.930438647297251009e-08
