7.873570216459369343e-35 6.343719363223849328e-31 3.006551902813414405e-27 8.395859236041712181e-24 1.381407455717468365e-20 1.339219639229887718e-17 7.649745976099665834e-15 2.574609579350517485e-12 5.105541545091796252e-10 5.965345906133734388e-08 4.106751475774217397e-06 1.665821037022396922e-04 3.981336019933223724e-03 5.606515333056449890e-02 4.651835560798645020e-01 2.274171829223632812e+00 6.550747394561767578e+00 1.111793994903564453e+01 1.111794376373291016e+01 6.550763607025146484e+00 2.274190187454223633e+00 4.651874899864196777e-01 5.606565997004508972e-02 3.981370013207197189e-03 1.665844756644219160e-04 4.106810592929832637e-06 5.965448224287683843e-08 5.105589284681855133e-10 2.574648827469161461e-12 7.649920464886800220e-15 1.339245199110815606e-17 1.381439121225292660e-20 8.396020163666377268e-24 3.006666495645105446e-27 6.343815753760616756e-31 7.873570216459369343e-35
7.885652897894506049e-35 6.336222060254304778e-31 3.003216577335724590e-27 8.387153367091693095e-24 1.380085420765804024e-20 1.338029822636791443e-17 7.643532142398608287e-15 2.572670592185244409e-12 5.102027689218857631e-10 5.961694427014663233e-08 4.104575054952874780e-06 1.665055606281384826e-04 3.979791421443223953e-03 5.604734644293785095e-02 4.650686979293823242e-01 2.273770332336425781e+00 6.550037384033203125e+00 1.111754035949707031e+01 1.111834049224853516e+01 6.551463127136230469e+00 2.274594306945800781e+00 4.653034210205078125e-01 5.608365684747695923e-02 3.982930909842252731e-03 1.666617172304540873e-04 4.109012024855474010e-06 5.969079097667417955e-08 5.109067058306493436e-10 2.576569600037936780e-12 7.656167332872800685e-15 1.340446348078303858e-17 1.382772788404321028e-20 8.404768631105278289e-24 3.009983332195329143e-27 6.351323401080448542e-31 7.885652897894506049e-35
7.897424486586407560e-35 6.325548571548838408e-31 2.998477248928576480e-27 8.374748529357092684e-24 1.378186136531199846e-20 1.336326161447177227e-17 7.634585780409708367e-15 2.569919971273648684e-12 5.097086086536251059e-10 5.956603388312942116e-08 4.101436388737056404e-06 1.663952425587922335e-04 3.977522253990173340e-03 5.602119490504264832e-02 4.649026691913604736e-01 2.273190259933471680e+00 6.549035072326660156e+00 1.111697196960449219e+01 1.111890697479248047e+01 6.552465438842773438e+00 2.275175094604492188e+00 4.654697775840759277e-01 5.610947310924530029e-02 3.985168877989053726e-03 1.667722244746983051e-04 4.112155693292152137e-06 5.974261796382052125e-08 5.114019763219346260e-10 2.579333231375602331e-12 7.665167904970324880e-15 1.342155137787715902e-17 1.384678373428747388e-20 8.417186090614362235e-24 3.014740571750960054e-27 6.361992658006251952e-31 7.897424486586407560e-35
7.925675955063860594e-35 6.306030193150044817e-31 2.989773201137912806e-27 8.352029335286727544e-24 1.374693883382577532e-20 1.333194124775806443e-17 7.618088119696036359e-15 2.564879298533329077e-12 5.088059973346048537e-10 5.947076431311870692e-08 4.095645635970868170e-06 1.661931164562702179e-04 3.973437473177909851e-03 5.597415566444396973e-02 4.645985960960388184e-01 2.272128343582153320e+00 6.547197341918945312e+00 1.111592769622802734e+01 1.111994457244873047e+01 6.554304122924804688e+00 2.276240110397338867e+00 4.657747149467468262e-01 5.615671724081039429e-02 3.989274613559246063e-03 1.669753837632015347e-04 4.117926891922252253e-06 5.983747541904449463e-08 5.123108048898927791e-10 2.584409465947179463e-12 7.681703682166623331e-15 1.345301980992051385e-17 1.388184197509294400e-20 8.440106444215558733e-24 3.023538604922909825e-27 6.381679367196083294e-31 7.925675955063860594e-35
7.949156569515905985e-35 6.285137896954010137e-31 2.980470189134544702e-27 8.327693765221564551e-24 1.370976094270063807e-20 1.329852149664969700e-17 7.600469834393146912e-15 2.559455685585687590e-12 5.078356624110824669e-10 5.936911406934086699e-08 4.089480171387549490e-06 1.659744302742183208e-04 3.969052340835332870e-03 5.592349916696548462e-02 4.642693996429443359e-01 2.270987987518310547e+00 6.545226097106933594e+00 1.111481189727783203e+01 1.112106132507324219e+01 6.556282997131347656e+00 2.277384757995605469e+00 4.661028981208801270e-01 5.620762705802917480e-02 3.993689082562923431e-03 1.671939098741859198e-04 4.124149199924431741e-06 5.994018437149861711e-08 5.132918534656027987e-10 2.589872327013464925e-12 7.699484597795385604e-15 1.348688541137904736e-17 1.391960309317341649e-20 8.464743359146516153e-24 3.032954091235030144e-27 6.402895159437464268e-31 7.949156569515905985e-35
7.991284381462831490e-35 6.255527664454537043e-31 2.967266013435825813e-27 8.293204766445301915e-24 1.365683592378144933e-20 1.325102561305751471e-17 7.575549278051978142e-15 2.551769125863634358e-12 5.064505481655601216e-10 5.922526469248623471e-08 4.080727649125037715e-06 1.656667300267145038e-04 3.962782677263021469e-03 5.585172772407531738e-02 4.638054966926574707e-01 2.269357204437255859e+00 6.542405128479003906e+00 1.111321449279785156e+01 1.112265396118164062e+01 6.559098243713378906e+00 2.279015302658081055e+00 4.665700793266296387e-01 5.628006160259246826e-02 3.999984357506036758e-03 1.675053208600729704e-04 4.133021320740226656e-06 6.008625774711617851e-08 5.146910120323866522e-10 2.597674679527539610e-12 7.724876104455227765e-15 1.353523577254399693e-17 1.397349907996007470e-20 8.499982564643643971e-24 3.046440223077607324e-27 6.433255827530502310e-31 7.991284381462831490e-35
8.055345953723391222e-35 6.208599108783269353e-31 2.946342903112997322e-27 8.238465708232015906e-24 1.357280115901202407e-20 1.317547010872630861e-17 7.535830209089329490e-15 2.539562527284489057e-12 5.042577466696229749e-10 5.899583044310929836e-08 4.066764631716068834e-06 1.651754719205200672e-04 3.952870611101388931e-03 5.573694780468940735e-02 4.630641937255859375e-01 2.266766071319580078e+00 6.537933349609375000e+00 1.111066722869873047e+01 1.112518215179443359e+01 6.563586711883544922e+00 2.281615734100341797e+00 4.673157334327697754e-01 5.639570206403732300e-02 4.010033793747425079e-03 1.680028508417308331e-04 4.147187610215041786e-06 6.031958577068508021e-08 5.169252803582935485e-10 2.610155581256323742e-12 7.765559943944799065e-15 1.361269627382591266e-17 1.405990552664205435e-20 8.556427140134017808e-24 3.068085942315569907e-27 6.481833366677103505e-31 8.055345953723391222e-35
8.181865420892851765e-35 6.117988242639964800e-31 2.905935544728792042e-27 8.132705493251750516e-24 1.341052674052244641e-20 1.302957199228420559e-17 7.458954345829476446e-15 2.515913909498235235e-12 5.000120317788514512e-10 5.855010698496698751e-08 4.039656232635024935e-06 1.642222196096554399e-04 3.933526575565338135e-03 5.551365762948989868e-02 4.616203904151916504e-01 2.261712551116943359e+00 6.529176235198974609e+00 1.110569000244140625e+01 1.113010597229003906e+01 6.572344779968261719e+00 2.286696910858154297e+00 4.687738716602325439e-01 5.662212520837783813e-02 4.029725678265094757e-03 1.689783821348100901e-04 4.174977220827713609e-06 6.077807057636164245e-08 5.213184883778865242e-10 2.634685004887504789e-12 7.845475808452347793e-15 1.376506625138063057e-17 1.422992668543864717e-20 8.667628917638497737e-24 3.110723527575375605e-27 6.577780506975400914e-31 8.181865420892851765e-35
8.362392195409124964e-35 5.994850037216186566e-31 2.850946778142636562e-27 7.988647659044815445e-24 1.318922442271540060e-20 1.283035546791815951e-17 7.353964612017305919e-15 2.483563918756481748e-12 4.941903553046245179e-10 5.793987511992781947e-08 4.002472905995091423e-06 1.629096805118024349e-04 3.906936384737491608e-03 5.520635843276977539e-02 4.596309959888458252e-01 2.254741191864013672e+00 6.517076969146728516e+00 1.109877586364746094e+01 1.113688850402832031e+01 6.584457874298095703e+00 2.293735504150390625e+00 4.707970023155212402e-01 5.693660676479339600e-02 4.057102371007204056e-03 1.703357993392273784e-04 4.213703959976555780e-06 6.141747377341744141e-08 5.274524150777892828e-10 2.668971380709317387e-12 7.957357002323379308e-15 1.397863435937447168e-17 1.446851820895904498e-20 8.823791033575144013e-24 3.170673104512283728e-27 6.712837284721036486e-31 8.362392195409124964e-35
8.611647507306336811e-35 5.829501240247600973e-31 2.777044416537626231e-27 7.794786669308562236e-24 1.289102177292219939e-20 1.256152590474148828e-17 7.212112851373575495e-15 2.439781883467606605e-12 4.862967806218421174e-10 5.711095596439008659e-08 3.951951839553657919e-06 1.611257321201264858e-04 3.870666958391666412e-03 5.478647723793983459e-02 4.569084346294403076e-01 2.245194435119628906e+00 6.500455856323242188e+00 1.108923435211181641e+01 1.114616966247558594e+01 6.601110935211181641e+00 2.303434371948242188e+00 4.735887050628662109e-01 5.737127736210823059e-02 4.095002543181180954e-03 1.722183078527450562e-04 4.267495569365564734e-06 6.230689564290514681e-08 5.359978016983291127e-10 2.716804645835901866e-12 8.113715049221786879e-15 1.427752118446948227e-17 1.480287850660233025e-20 9.043040722685030266e-24 3.254965665574268757e-27 6.902979608537165767e-31 8.611647507306336811e-35
8.901410308615136606e-35 5.651655997934293807e-31 2.697359642867587664e-27 7.585317277701606087e-24 1.256812083481961457e-20 1.226988352745121710e-17 7.057929138050769713e-15 2.392104309772991044e-12 4.776921080917873041e-10 5.620579912601897377e-08 3.896624093613354489e-06 1.591682521393522620e-04 3.830825444310903549e-03 5.432451516389846802e-02 4.539091587066650391e-01 2.234635353088378906e+00 6.482039451599121094e+00 1.107859039306640625e+01 1.115639686584472656e+01 6.619581222534179688e+00 2.314219236373901367e+00 4.766997098922729492e-01 5.785660445690155029e-02 4.137402400374412537e-03 1.743286411510780454e-04 4.327907845436129719e-06 6.330765245365910232e-08 5.456288754146498832e-10 2.770822633835212656e-12 8.290615339157005742e-15 1.461610440716091267e-17 1.518244454783906525e-20 9.292342067979310964e-24 3.350982132579716645e-27 7.119930726715888465e-31 8.901410308615136606e-35
9.343678578675002532e-35 5.398568772818073004e-31 2.583724768730885342e-27 7.285938253282990339e-24 1.210565255539431304e-20 1.185116552855748704e-17 6.836004811804248515e-15 2.323318620822689695e-12 4.652426222051531113e-10 5.489405907610489521e-08 3.816194293904118240e-06 1.563163532409816980e-04 3.772639203816652298e-03 5.364840477705001831e-02 4.495024085044860840e-01 2.219089508056640625e+00 6.454831123352050781e+00 1.106274414062500000e+01 1.117138957977294922e+01 6.646892070770263672e+00 2.330223083496093750e+00 4.813297986984252930e-01 5.858086794614791870e-02 4.200831521302461624e-03 1.774932025000452995e-04 4.418709522724384442e-06 6.481549519321561093e-08 5.601781261077576346e-10 2.852606172110139227e-12 8.558976552670849447e-15 1.513118150279155747e-17 1.576112847215379938e-20 9.673310609242220300e-24 3.498054232038892402e-27 7.453089335625941190e-31 9.343678578675002532e-35
9.886874059012500800e-35 5.117857900655268774e-31 2.457314623494079168e-27 6.951921135377025183e-24 1.158810567940034389e-20 1.138125580309468776e-17 6.586197007967063005e-15 2.245648328749738631e-12 4.511454543276727236e-10 5.340228170780392247e-08 3.724563157447846606e-06 1.530565932625904679e-04 3.705921117216348648e-03 5.286983400583267212e-02 4.444161653518676758e-01 2.201080322265625000e+00 6.423172950744628906e+00 1.104411697387695312e+01 1.118867874145507812e+01 6.678728580474853516e+00 2.348962306976318359e+00 4.867715239524841309e-01 5.943493917584419250e-02 4.275874234735965729e-03 1.812482514651492238e-04 4.526802513282746077e-06 6.661593232593077119e-08 5.776019662562248413e-10 2.950841827831229836e-12 8.882427095008218337e-15 1.575382020219492267e-17 1.646279573586184236e-20 1.013665595053283379e-23 3.677484650865695862e-27 7.860809081010911283e-31 9.886874059012500800e-35
1.029590017535057786e-34 4.926379745058865046e-31 2.370851346791775286e-27 6.722808318369160620e-24 1.123204643096174669e-20 1.105704236200452857e-17 6.413362052662191157e-15 2.191767383905030009e-12 4.413373555500754719e-10 5.236269373654067749e-08 3.660442416730802506e-06 1.507692359155043960e-04 3.658998990431427956e-03 5.232094973325729370e-02 4.408147931098937988e-01 2.188286304473876953e+00 6.400602340698242188e+00 1.103070259094238281e+01 1.120090103149414062e+01 6.701463699340820312e+00 2.362401962280273438e+00 4.906871616840362549e-01 6.005143374204635620e-02 4.330203868448734283e-03 1.839750621002167463e-04 4.605511094268877059e-06 6.793072770960861817e-08 5.903628697012663906e-10 3.023008926517078976e-12 9.120651723291701291e-15 1.621377067308258350e-17 1.698259312473332394e-20 1.048087146222149619e-23 3.811134174170459217e-27 8.165285627760900194e-31 1.029590017535057786e-34
1.088579400548441466e-34 4.673320261609323649e-31 2.256248885451012816e-27 6.418251605399126761e-24 1.075755010532461451e-20 1.062376350278802756e-17 6.181660425105513570e-15 2.119355038687764647e-12 4.281236476444405525e-10 5.095632360507806879e-08 3.573520189092960209e-06 1.476591860409826040e-04 3.594981972128152847e-03 5.156976729631423950e-02 4.358747005462646484e-01 2.170687675476074219e+00 6.369389533996582031e+00 1.101200294494628906e+01 1.121763610839843750e+01 6.732921123504638672e+00 2.381076097488403320e+00 4.961458146572113037e-01 6.091350317001342773e-02 4.406398162245750427e-03 1.878107141237705946e-04 4.716561306850053370e-06 6.979105648952099727e-08 6.084678316753411309e-10 3.125662922931482512e-12 9.460526234476331064e-15 1.687161748807865577e-17 1.772807834268680289e-20 1.097589982404850118e-23 4.003904354164066428e-27 8.605722672313436851e-31 1.088579400548441466e-34
1.137921464690428169e-34 4.481243544289481213e-31 2.169018510851859498e-27 6.185809400940776916e-24 1.039417063158234979e-20 1.029101521213754623e-17 6.003322296742330533e-15 2.063444684216597658e-12 4.178864754234012935e-10 4.986429757991572842e-08 3.505853328533703461e-06 1.452312280889600515e-04 3.544814419001340866e-03 5.097940564155578613e-02 4.319794178009033203e-01 2.156754493713378906e+00 6.344589233398437500e+00 1.099699878692626953e+01 1.123081398010253906e+01 6.757960319519042969e+00 2.396002292633056641e+00 5.005246996879577637e-01 6.160727143287658691e-02 4.467904567718505859e-03 1.909161510411649942e-04 4.806726337847067043e-06 7.130576307190494845e-08 6.232526161831231093e-10 3.209762750727707115e-12 9.739785373889548598e-15 1.741375993335203564e-17 1.834421965470083770e-20 1.138621320212472694e-23 4.164165221882405975e-27 8.972806988583701452e-31 1.137921464690428169e-34
1.195039240292111988e-34 4.277957783037937771e-31 2.076422110241654463e-27 5.938381994726848732e-24 1.000650403645627713e-20 9.935013220106974176e-18 5.811942825606746660e-15 2.003258236377147838e-12 4.068380632382684325e-10 4.868244474209859618e-08 3.432392304603126831e-06 1.425876107532531023e-04 3.490076400339603424e-03 5.033362656831741333e-02 4.277063012123107910e-01 2.141412973403930664e+00 6.317171096801757812e+00 1.098026084899902344e+01 1.124525070190429688e+01 6.785669326782226562e+00 2.412590503692626953e+00 5.054067373275756836e-01 6.238307058811187744e-02 4.536889027804136276e-03 1.944088726304471493e-04 4.908421033178456128e-06 7.301900950551498681e-08 6.400230345704471802e-10 3.305391333904839080e-12 1.005816218887286423e-14 1.803354485964209290e-17 1.905053819376735756e-20 1.185777847404774337e-23 4.348818377532398742e-27 9.397110608270072377e-31 1.195039240292111988e-34
1.273469279487180827e-34 4.027792836877861175e-31 1.962133575481827113e-27 5.632005774078922609e-24 9.524808654550519379e-21 9.491273834864127586e-18 5.572621289656569388e-15 1.927771310639148084e-12 3.929365721688782287e-10 4.719103685602021869e-08 3.339335762575501576e-06 1.392278645653277636e-04 3.420304739847779274e-03 4.950686916708946228e-02 4.222155213356018066e-01 2.121633529663085938e+00 6.281667232513427734e+00 1.095835304260253906e+01 1.126375007629394531e+01 6.821622848510742188e+00 2.434220314025878906e+00 5.117980837821960449e-01 6.340231001377105713e-02 4.627835936844348907e-03 1.990292366826906800e-04 5.043410055804997683e-06 7.530067591687839013e-08 6.624284454304074643e-10 3.433590434545608083e-12 1.048635936656654166e-14 1.886996507963733789e-17 2.000687530415229782e-20 1.249844318075303068e-23 4.600492354503111806e-27 9.977257507406539549e-31 1.273469279487180827e-34
1.389883398248156411e-34 3.707519526843782036e-31 1.815167594762587093e-27 5.236285928318832963e-24 8.900100691759018886e-21 8.913231751005946317e-18 5.259431704442239092e-15 1.828577653878449283e-12 3.745887766637423510e-10 4.521278640368109336e-08 3.215390279365237802e-06 1.347331999568268657e-04 3.326489124447107315e-03 4.839059710502624512e-02 4.147683978080749512e-01 2.094665527343750000e+00 6.232913017272949219e+00 1.092786884307861328e+01 1.128876113891601562e+01 6.871071815490722656e+00 2.464165687561035156e+00 5.206933021545410156e-01 6.482785940170288086e-02 4.755627363920211792e-03 2.055517979897558689e-04 5.234825948718935251e-06 7.855084049879224040e-08 6.944866903779711720e-10 3.617819151896517482e-12 1.110443930817800462e-14 2.008229256592363100e-17 2.139907843621586353e-20 1.343523838266923361e-23 4.970124918335676538e-27 1.083285188520056908e-30 1.389883398248156411e-34
1.555717870911593386e-34 3.331345112758608686e-31 1.641570239958349254e-27 4.766165849574181419e-24 8.153467599146909227e-21 8.218399209280790517e-18 4.880908773940290102e-15 1.707959511668133423e-12 3.521481162227502182e-10 4.277960030663052748e-08 3.062055384361883625e-06 1.291391527047380805e-04 3.209002315998077393e-03 4.698428511619567871e-02 4.053211212158203125e-01 2.060218334197998047e+00 6.170147895812988281e+00 1.088788986206054688e+01 1.132033348083496094e+01 6.934926509857177734e+00 2.503178596496582031e+00 5.323637127876281738e-01 6.671025604009628296e-02 4.925421439111232758e-03 2.142692392226308584e-04 5.492187483469024301e-06 8.294662023899945780e-08 7.381020239449753717e-10 3.869932152511523782e-12 1.195521190589443269e-14 2.176091003531219133e-17 2.333808349609392617e-20 1.474767573701629360e-23 5.490944138360605916e-27 1.204552383095518324e-30 1.555717870911593386e-34
1.757882580649501882e-34 2.965673740698032475e-31 1.471662389148574042e-27 4.302933315393014530e-24 7.412864685512053818e-21 7.524501381647819638e-18 4.500228450521684409e-15 1.585822944315251615e-12 3.292690009537579954e-10 4.028141376011262764e-08 2.903539552789879963e-06 1.233156363014131784e-04 3.085881937295198441e-03 4.549921303987503052e-02 3.952717781066894531e-01 2.023275852203369141e+00 6.102151870727539062e+00 1.084367942810058594e+01 1.135370445251464844e+01 7.004312515258789062e+00 2.546014547348022461e+00 5.452839136123657227e-01 6.881018728017807007e-02 5.116208922117948532e-03 2.241355396108701825e-04 5.785506800748407841e-06 8.799158024430653313e-08 7.885055941514451661e-10 4.163274759660939850e-12 1.295193844481814377e-14 2.374111921039881066e-17 2.564106902812806160e-20 1.631684471752391100e-23 6.117978009632502474e-27 1.351558766213872942e-30 1.757882580649501882e-34
2.006376231900453390e-34 2.614403349929380108e-31 1.307246520168213472e-27 3.851374344887308173e-24 6.685503124026582422e-21 6.837922861665024225e-18 4.120763619382388637e-15 1.463195233378233873e-12 3.061214060018357941e-10 3.773527623707195744e-08 2.740754098340403289e-06 1.172908669104799628e-04 2.957471646368503571e-03 4.393846541643142700e-02 3.846239149570465088e-01 1.983788132667541504e+00 6.028689384460449219e+00 1.079484939575195312e+01 1.138877105712890625e+01 7.079530239105224609e+00 2.592981100082397461e+00 5.595782995223999023e-01 7.115250825881958008e-02 5.330719053745269775e-03 2.353138697799295187e-04 6.120369107520673424e-06 9.379418486332724569e-08 8.469145940104283454e-10 4.505789838460394492e-12 1.412439636820986277e-14 2.608754274935858172e-17 2.838997599616217021e-20 1.820406663779853594e-23 6.877628335386993073e-27 1.530955378951621330e-30 2.006376231900453390e-34
2.314366542486691281e-34 2.281698011641004456e-31 1.150266474110137581e-27 3.416765628652085697e-24 5.979921292693117601e-21 6.166577699843005369e-18 3.746764691851724866e-15 1.341341968053022526e-12 2.829372847124034251e-10 3.516457525165606057e-08 2.575053485998068936e-06 1.111066376324743032e-04 2.824595198035240173e-03 4.230967909097671509e-02 3.734139204025268555e-01 1.941827893257141113e+00 5.949710845947265625e+00 1.074110412597656250e+01 1.142532539367675781e+01 7.160698890686035156e+00 2.644291877746582031e+00 5.753474831581115723e-01 7.375961542129516602e-02 5.571519955992698669e-03 2.479680988471955061e-04 6.502575615741079673e-06 1.004713254815214896e-07 9.146700064022184051e-10 4.906321009190417470e-12 1.550652374516722776e-14 2.887617373506675116e-17 3.168326635807133849e-20 2.048285071243228319e-23 7.802269612803238271e-27 1.751075817979257047e-30 2.314366542486691281e-34
2.803335917407780477e-34 1.899199908146147528e-31 9.680820717593575928e-28 2.907469928493253487e-24 5.145034329511422070e-21 5.364506981964637403e-18 3.295590263156116841e-15 1.192916208522798449e-12 2.544208732579988919e-10 3.197119724518415751e-08 2.367195520491804928e-06 1.032702275551855564e-04 2.654534764587879181e-03 4.020350426435470581e-02 3.587648570537567139e-01 1.886341094970703125e+00 5.843832015991210938e+00 1.066702461242675781e+01 1.147242546081542969e+01 7.270003318786621094e+00 2.714446067810058594e+00 5.971649885177612305e-01 7.740611582994461060e-02 5.911843851208686829e-03 2.660337195266038179e-04 7.053733497741632164e-06 1.101970212857850129e-07 1.014343498084713246e-09 5.501310344768750582e-12 1.757991132224703823e-14 3.310050571403625841e-17 3.672128096465944482e-20 2.400339967063615042e-23 9.244699466883925092e-27 2.097843077969005362e-30 2.803335917407780477e-34
3.437979348109483234e-34 1.561666932108379824e-31 8.054267434894100049e-28 2.447597152907422887e-24 4.382436812635752367e-21 4.623417673204903742e-18 2.873894698607326603e-15 1.052566237294549900e-12 2.271397514519435390e-10 2.888098649123094219e-08 2.163663793908199295e-06 9.550726099405437708e-05 2.484012860804796219e-03 3.806574270129203796e-02 3.437020778656005859e-01 1.828511595726013184e+00 5.731676578521728516e+00 1.058598899841308594e+01 1.151989555358886719e+01 7.386396884918212891e+00 2.790512561798095703e+00 6.211581230163574219e-01 8.146820962429046631e-02 6.295647937804460526e-03 2.866546856239438057e-04 7.690337952226400375e-06 1.215626070916187018e-07 1.132190785568809588e-09 6.213099045665471110e-12 2.008929725046473824e-14 3.827251866847306819e-17 4.296069140044986143e-20 2.841376321954578322e-23 1.107277368116882325e-26 2.542363319698558317e-30 3.437979348109483234e-34
4.262306700238112887e-34 1.269907235893891667e-31 6.631428429097211849e-28 2.040337060964855058e-24 3.698837467639597645e-21 3.950939687533993515e-18 2.486569401717510924e-15 9.220692785694151183e-13 2.014624023161104560e-10 2.593579750964636332e-08 1.967274329217616469e-06 8.792216249275952578e-05 2.315251156687736511e-03 3.592276573181152344e-02 3.284009099006652832e-01 1.768913030624389648e+00 5.614064693450927734e+00 1.049817848205566406e+01 1.156692409515380859e+01 7.509116649627685547e+00 2.872282505035400391e+00 6.473394632339477539e-01 8.596169948577880859e-02 6.725804880261421204e-03 3.100628964602947235e-04 8.422163773502688855e-06 1.347928559880529065e-07 1.271080574127836371e-09 7.062313841371681278e-12 2.312007939156250635e-14 4.459634092122056646e-17 5.068419956447965667e-20 3.394059529672747226e-23 1.339156714156381155e-26 3.113163063915478921e-30 4.262306700238112887e-34
5.339271665587453204e-34 1.022074117877541243e-31 5.407008837303304719e-28 1.685406254385349354e-24 3.095379726316970416e-21 3.349616605335507282e-18 2.135705485075203858e-15 8.023372005845630373e-13 1.775967706230119347e-10 2.316235203636551887e-08 1.779922286004875787e-06 8.059018000494688749e-05 2.149962121620774269e-03 3.379454463720321655e-02 3.129913210868835449e-01 1.707978963851928711e+00 5.491613388061523438e+00 1.040364456176757812e+01 1.161281299591064453e+01 7.637591361999511719e+00 2.959667205810546875e+00 6.757650971412658691e-01 9.091101586818695068e-02 7.206160109490156174e-03 3.365561133250594139e-04 9.261460036213975400e-06 1.501657038716075476e-07 1.434579566250704374e-09 8.075067524371259964e-12 2.678163002782160684e-14 5.233528722231153341e-17 6.025792335068304328e-20 4.087978816139875642e-23 1.634061116142381197e-26 3.848439858490415310e-30 5.339271665587453204e-34
6.748698575772991725e-34 8.147499457837478326e-32 4.369050560487678313e-28 1.380471677041714630e-24 2.569950602645130852e-21 2.818992236501622047e-18 1.821928482511952704e-15 6.938007026530135235e-13 1.556691719972747023e-10 2.057957182444170030e-08 1.603036707820137963e-06 7.357198046520352364e-05 1.989521551877260208e-03 3.169949352741241455e-02 2.975933551788330078e-01 1.646127939224243164e+00 5.364991188049316406e+00 1.030249023437500000e+01 1.165686798095703125e+01 7.771214485168457031e+00 3.052553653717041016e+00 7.064869403839111328e-01 9.634141623973846436e-02 7.740834262222051620e-03 3.664621617645025253e-04 1.022205651679541916e-05 1.680025150108122034e-07 1.626891288353249365e-09 9.282597260296121533e-12 3.120667922207678857e-14 6.181511453185915220e-17 7.214458630125247781e-20 4.961193564589256505e-23 2.010189841677364075e-26 4.798897570791284097e-30 6.748698575772991725e-34
8.601867256554251142e-34 6.438275423507383642e-32 3.501430435379651836e-28 1.121977932834119787e-24 2.118311603778311635e-21 2.356489499833928854e-18 1.544553779648139176e-15 5.964968102789569571e-13 1.357323420325684538e-10 1.819820738546695793e-08 1.437599166820291430e-06 6.691334419883787632e-05 1.835098955780267715e-03 2.965300902724266052e-02 2.823228240013122559e-01 1.583764076232910156e+00 5.234842300415039062e+00 1.019488143920898438e+01 1.169845199584960938e+01 7.909361839294433594e+00 3.150807619094848633e+00 7.395527958869934082e-01 1.022783964872360229e-01 8.334225043654441833e-03 4.001409979537129402e-04 1.131953831645660102e-05 1.886739937617676333e-07 1.852936248880610037e-09 1.072206125968255819e-11 3.655633602902760848e-14 7.343698890333939019e-17 8.692183836473700312e-20 6.062028131897280645e-23 2.490980841886940245e-26 6.030936021074565608e-30 8.601867256554251142e-34
1.105909309686431355e-33 5.041172175690675204e-32 2.781867137711366309e-28 9.045108721548067149e-25 1.732810905153613783e-21 1.955962029790852429e-18 1.300877647316127546e-15 5.097758695206400237e-13 1.177029168575316476e-10 1.601254240313210175e-08 1.283534629692439921e-06 6.061983731342479587e-05 1.686903648078441620e-03 2.765882201492786407e-02 2.672061920166015625e-01 1.520981073379516602e+00 5.101156234741210938e+00 1.008048439025878906e+01 1.173709392547607422e+01 8.052057266235351562e+00 3.254772186279296875e+00 7.751770615577697754e-01 1.087800189852714539e-01 8.994223549962043762e-03 4.381719336379319429e-04 1.257747135241515934e-05 2.127209484115155647e-07 2.119787456678068338e-09 1.244637292535655249e-11 4.305876740774185196e-14 8.776992457140502489e-17 1.054131701526758361e-19 7.459634065015621956e-23 3.110344812711111299e-26 7.641052575034290147e-30 1.105909309686431355e-33
1.428937545015296070e-33 3.924894528285411251e-32 2.198372475802740334e-28 7.255148814936987943e-25 1.410770974019197865e-21 1.616349174031946654e-18 1.091127937378729221e-15 4.339998412733470090e-13 1.017113615553455475e-10 1.404476446253966060e-08 1.142681867349892855e-06 5.477824743138626218e-05 1.547226449474692345e-03 2.574938908219337463e-02 2.524917125701904297e-01 1.458804368972778320e+00 4.966056346893310547e+00 9.960803985595703125e+00 1.177181243896484375e+01 8.197091102600097656e+00 3.363128662109375000e+00 8.130066394805908203e-01 1.158007904887199402e-01 9.718439541757106781e-03 4.805598291568458080e-04 1.400125438522081822e-05 2.403552912255690899e-07 2.431112644529775935e-09 1.448858047425893858e-11 5.087614628630082736e-14 1.052614394823370451e-16 1.283180985823018087e-19 9.216760515789180602e-23 3.900650935762391286e-26 9.726414159946716394e-30 1.428937545015296070e-33
1.855082716192184269e-33 3.038918558598899045e-32 1.728197004038807308e-28 5.790866681779943119e-25 1.143274981086326970e-21 1.329943056814289278e-18 9.115427647589510393e-16 3.681230125417156440e-13 8.759308556260947398e-11 1.228047352697103634e-08 1.014459257930866443e-06 4.937587073072791100e-05 1.415997627191245556e-03 2.392639219760894775e-02 2.382113933563232422e-01 1.397371768951416016e+00 4.829794406890869141e+00 9.835888862609863281e+00 1.180224323272705078e+01 8.344163894653320312e+00 3.475909948348999023e+00 8.531408905982971191e-01 1.233788430690765381e-01 1.051301322877407074e-02 5.278128082863986492e-04 1.561352473800070584e-05 2.721391183513333090e-07 2.794763531710486859e-09 1.691094139721904810e-11 6.029142571480072821e-14 1.266522043915052327e-16 1.567587006168916384e-19 1.143209019692876010e-22 4.912317591794509225e-26 1.243667004638903973e-29 1.855082716192184269e-33
2.418982049961020865e-33 2.340746766302654278e-32 1.351931561551897241e-28 4.600741323318882633e-25 9.224891462911474615e-22 1.089849334527403954e-18 7.586446356918404715e-16 3.111535009682475650e-13 7.519276867817836774e-11 1.070643929068637590e-08 8.982318604466854595e-07 4.440104021341539919e-05 1.293197739869356155e-03 2.219237200915813446e-02 2.243949472904205322e-01 1.336862206459045410e+00 4.692749500274658203e+00 9.705914497375488281e+00 1.182800674438476562e+01 8.492857933044433594e+00 3.593054771423339844e+00 8.956539630889892578e-01 1.315479725599288940e-01 1.138399541378021240e-02 5.804591346532106400e-04 1.743878965498879552e-05 3.086947799602057785e-07 3.219638777807176666e-09 1.978583442918679935e-11 7.164212799393165909e-14 1.528434160326738603e-16 1.921285558687469676e-19 1.423018235210258568e-22 6.210058492129205056e-26 1.596741722812339712e-29 2.418982049961020865e-33
3.175619294581518357e-33 1.789359835214351668e-32 1.050036987203094005e-28 3.630638639047211839e-25 7.396447694902612099e-22 8.878410755939914064e-19 6.279314112440633009e-16 2.616733598467119171e-13 6.424930726334210362e-11 9.294943481563677778e-09 7.923026146272604819e-07 3.979311077273450792e-05 1.177571946755051613e-03 2.053213492035865784e-02 2.109360396862030029e-01 1.276826381683349609e+00 4.553865432739257812e+00 9.569664001464843750e+00 1.184893417358398438e+01 8.644289016723632812e+00 3.715749740600585938e+00 9.410884380340576172e-01 1.404372155666351318e-01 1.234809681773185730e-02 6.397123215720057487e-04 1.952709135366603732e-05 3.512040507303026970e-07 3.721724928240632835e-09 2.323788904357027008e-11 8.549058813298038295e-14 1.853133917442629976e-16 2.366774663570413200e-19 1.781075762985089223e-22 7.897193461232636393e-26 2.063107313941754832e-29 3.175619294581518357e-33
4.184028878377925918e-33 1.361665619622468937e-32 8.120687823480533321e-29 2.853551482836623635e-25 5.907930528058470174e-22 7.207093879240170184e-19 5.180241747170487299e-16 2.193841083190234409e-13 5.474258199522630264e-11 8.048603561405798246e-09 6.972285859774274286e-07 3.558752359822392464e-05 1.070267288014292717e-03 1.896484196186065674e-02 1.980040073394775391e-01 1.218051910400390625e+00 4.414957046508789062e+00 9.428720474243164062e+00 1.186441802978515625e+01 8.796444892883300781e+00 3.842689514160156250e+00 9.890768527984619141e-01 1.500003933906555176e-01 1.340360194444656372e-02 7.056946051307022572e-04 2.189170481869950891e-05 4.001395836894516833e-07 4.309307577443632908e-09 2.734466819642733526e-11 1.022361923309726695e-13 2.252185961970707816e-16 2.923269984941295213e-19 2.235658815993742224e-22 1.007415866718382873e-25 2.674652363081340990e-29 4.184028878377925918e-33
5.530911774918041473e-33 1.031749611879159491e-32 6.254721106058686436e-29 2.234119164610586166e-25 4.701844245509686109e-22 5.830427008537940292e-19 4.259865275804621161e-16 1.833840018857987864e-13 4.651526733234767619e-11 6.951746289729499040e-09 6.121493925093091093e-07 3.176098834956064820e-05 9.709416772238910198e-04 1.748877018690109253e-02 1.856064200401306152e-01 1.160636663436889648e+00 4.276262283325195312e+00 9.283256530761718750e+00 1.187415504455566406e+01 8.948959350585937500e+00 3.973830938339233398e+00 1.039712309837341309e+00 1.602818816900253296e-01 1.455868966877460480e-02 7.791600655764341354e-04 2.456970651110168546e-05 4.564988387301127659e-07 4.997413149965268531e-09 3.223438183042048877e-11 1.225068223947856083e-13 2.743271312591517592e-16 3.619448194426709935e-19 2.813743407968900126e-22 1.288838235240727390e-25 3.478277025958850011e-29 5.530911774918041473e-33
7.343066355773157382e-33 7.776385899580900170e-33 4.793359769884786268e-29 1.740884746437763621e-25 3.725304621912201955e-22 4.697051016587689745e-19 3.489425812201382964e-16 1.527399761573969283e-13 3.939248927053995430e-11 5.986089846032882633e-09 5.359743795452232007e-07 2.827532443916425109e-05 8.788981940597295761e-04 1.609669998288154602e-02 1.737021207809448242e-01 1.104428768157958984e+00 4.137495994567871094e+00 9.132835388183593750e+00 1.187790870666503906e+01 9.102093696594238281e+00 4.109701156616210938e+00 1.093315601348876953e+00 1.713755428791046143e-01 1.582772657275199890e-02 8.613005047664046288e-04 2.761589894362259656e-05 5.217134457780048251e-07 5.807231584498140364e-09 3.808667964344536472e-11 1.471791438723002443e-13 3.351091567629362836e-16 4.495604620085353841e-19 3.553571748547249886e-22 1.655034739755791077e-25 4.541587161226796272e-29 7.343066355773157382e-33
9.838214011182731418e-33 5.801494044088023619e-33 3.638179767004030751e-29 1.344293554504050790e-25 2.926605800787742703e-22 3.754102341404803082e-19 2.837340938829008069e-16 1.263538698583616116e-13 3.315354935029546368e-11 5.125504021208371341e-09 4.668939936891547404e-07 2.505874181224498898e-05 7.924450910650193691e-04 1.476542651653289795e-02 1.621037125587463379e-01 1.048586606979370117e+00 3.996528148651123047e+00 8.974899291992187500e+00 1.187524127960205078e+01 9.258117675781250000e+00 4.252751827239990234e+00 1.151023387908935547e+00 1.835550069808959961e-01 1.724702492356300354e-02 9.548361413180828094e-04 3.114673017989844084e-05 5.986375981592573225e-07 6.779217187613539863e-09 4.523392771460521544e-11 1.778344453032959516e-13 4.119387243782659603e-16 5.622326460995498126e-19 4.521349336298263218e-22 2.142356152405916376e-25 5.980979053413206668e-29 9.838214011182731418e-33
1.320654091090217853e-32 4.314936337389311439e-33 2.753390096812413591e-29 1.035191351042423596e-25 2.293148221975863186e-22 2.993070845449758184e-19 2.301805152020864730e-16 1.042994493940033185e-13 2.784623226448346145e-11 4.380471985143685743e-09 4.060120204485428985e-07 2.217287692474201322e-05 7.134741172194480896e-04 1.352682895958423615e-02 1.511060148477554321e-01 9.945693016052246094e-01 3.857054948806762695e+00 8.813422203063964844e+00 1.186586761474609375e+01 9.412858963012695312e+00 4.399576187133789062e+00 1.211621284484863281e+00 1.966032385826110840e-01 1.879666745662689209e-02 1.058858120813965797e-03 3.514485433697700500e-05 6.873119104966463055e-07 7.919750188989382877e-09 5.376969008930032601e-11 2.150950722873065657e-13 5.069801885738327383e-16 7.040752510946701929e-19 5.761214011719886832e-22 2.777670212806315865e-25 7.890493454290079440e-29 1.320654091090217853e-32
1.780373768649490691e-32 3.191988788100687974e-33 2.073115228341830817e-29 7.933019455983732203e-26 1.788623205473009358e-22 2.376124906419559486e-19 1.859886887614614886e-16 8.577593659225141165e-14 2.330856341270504117e-11 3.731897457726063294e-09 3.520612779084331123e-07 1.956894629984162748e-05 6.408907938748598099e-04 1.236721687018871307e-02 1.406122446060180664e-01 9.419801235198974609e-01 3.718158483505249023e+00 8.647333145141601562e+00 1.184956932067871094e+01 9.567317008972167969e+00 4.551400184631347656e+00 1.275752902030944824e+00 2.106956541538238525e-01 2.050271630287170410e-02 1.175529905594885349e-03 3.971221667598001659e-05 7.904627068455738481e-07 9.270529233162960736e-09 6.406136038306087244e-11 2.608287392492913970e-13 6.257231963505713399e-16 8.844488079019114399e-19 7.366026189171413836e-22 3.614629446532850049e-25 1.045076032407595534e-28 1.780373768649490691e-32
2.416316506317935939e-32 2.342591263875888300e-33 1.549241218609735929e-29 6.036523884122555353e-26 1.385862003050135064e-22 1.874677162344374351e-19 1.494146266621884525e-16 7.016570890928594539e-14 1.941463829979728217e-11 3.165189443876670339e-09 3.040419187527731992e-07 1.720826548989862204e-05 5.738667678087949753e-04 1.127580553293228149e-02 1.305423080921173096e-01 8.904772996902465820e-01 3.579013824462890625e+00 8.475576400756835938e+00 1.182612228393554688e+01 9.722606658935546875e+00 4.709667205810546875e+00 1.344201564788818359e+00 2.260510176420211792e-01 2.239829488098621368e-02 1.307644764892756939e-03 4.498135240282863379e-05 9.116836849898390938e-07 1.088729906228991240e-08 7.660630463313111704e-11 3.175953152811245017e-13 7.758070584504294948e-16 1.116606766187116155e-18 9.469236900009231037e-22 4.731478255065029393e-25 1.392960128639664623e-28 2.416316506317935939e-32
3.214199459985887391e-32 1.752877339479025006e-33 1.179035654507529538e-29 4.672478608406451276e-26 1.091011923751701771e-22 1.500998062129602677e-19 1.216730006204096333e-16 5.811369723114634400e-14 1.635427036850156668e-11 2.711761482032670756e-09 2.649320549608091824e-07 1.525056268292246386e-05 5.172602832317352295e-04 1.033701002597808838e-02 1.217161267995834351e-01 8.444397449493408203e-01 3.451899290084838867e+00 8.314060211181640625e+00 1.179873847961425781e+01 9.865634918212890625e+00 4.860508918762207031e+00 1.410928368568420410e+00 2.413214892148971558e-01 2.431944012641906738e-02 1.444034744054079056e-03 5.052077904110774398e-05 1.041430778059293516e-06 1.264895566066570609e-08 9.052094490646922509e-11 3.816887669642887726e-13 9.482817600549222486e-16 1.388122805198206480e-18 1.197264772900946820e-21 6.084470356903822687e-25 1.821833912375591852e-28 3.214199459985887391e-32
3.215401696833190886e-32 1.753540759103270334e-33 1.179477113761969550e-29 4.674228277242328192e-26 1.091420238156244167e-22 1.501560027958255890e-19 1.217185815808837553e-16 5.813546258975899050e-14 1.636039567709524079e-11 2.712777114055597849e-09 2.650312467267212924e-07 1.525627430964959785e-05 5.174539983272552490e-04 1.034087967127561569e-02 1.217617094516754150e-01 8.447560667991638184e-01 3.453192472457885742e+00 8.317173004150390625e+00 1.180315685272216797e+01 9.869328498840332031e+00 4.862328529357910156e+00 1.411456584930419922e+00 2.414118349552154541e-01 2.432854287326335907e-02 1.444575376808643341e-03 5.053969653090462089e-05 1.041820723912678659e-06 1.265368965164270776e-08 9.055482752540200408e-11 3.818316648106223621e-13 9.486364551015849869e-16 1.388642688213196058e-18 1.197713300278993762e-21 6.086748192767648359e-25 1.822515932317147982e-28 3.215401696833190886e-32
3.218224940390278315e-32 1.755056044789877189e-33 1.180511398327416257e-29 4.678326039866402026e-26 1.092377473533075552e-22 1.502876796095863741e-19 1.218253077322377972e-16 5.818644719692012135e-14 1.637474184024156898e-11 2.715155655863554784e-09 2.652636226230242755e-07 1.526965206721797585e-05 5.179076688364148140e-04 1.034994609653949738e-02 1.218684837222099304e-01 8.454967737197875977e-01 3.456220388412475586e+00 8.324464797973632812e+00 1.181350517272949219e+01 9.877981185913085938e+00 4.866591930389404297e+00 1.412694215774536133e+00 2.416235506534576416e-01 2.434987574815750122e-02 1.445841975510120392e-03 5.058400711277499795e-05 1.042734311340609565e-06 1.266478566464002142e-08 9.063423622723831841e-11 3.821664935465401980e-13 9.494682414557887098e-16 1.389860298074874114e-18 1.198763431916023973e-21 6.092084836791468504e-25 1.824113972688503291e-28 3.218224940390278315e-32
3.224801243535953602e-32 1.758627343564469152e-33 1.182924678825699607e-29 4.687890978342206794e-26 1.094610644092447610e-22 1.505948996589673970e-19 1.220743618885101632e-16 5.830538417524178119e-14 1.640821679915749343e-11 2.720706326897470717e-09 2.658058519955375232e-07 1.530086592538282275e-05 5.189663497731089592e-04 1.037110574543476105e-02 1.221176087856292725e-01 8.472252488136291504e-01 3.463286399841308594e+00 8.341484069824218750e+00 1.183765792846679688e+01 9.898176193237304688e+00 4.876540184020996094e+00 1.415582180023193359e+00 2.421174943447113037e-01 2.439965866506099701e-02 1.448797993361949921e-03 5.068741666036657989e-05 1.044865825861052144e-06 1.269067873010953917e-08 9.081952551115435313e-11 3.829477967370875646e-13 9.514095350917771594e-16 1.392701870274146903e-18 1.201214176623943228e-21 6.104539964408776754e-25 1.827843295284566125e-28 3.224801243535953602e-32
3.238451083937702005e-32 1.766137099427292725e-33 1.187930892974891178e-29 4.707730213810933037e-26 1.099242961545650226e-22 1.512322293962424337e-19 1.225909725769964813e-16 5.855214181343590396e-14 1.647765604517736904e-11 2.732220893975068066e-09 2.669307832547929138e-07 1.536562194814905524e-05 5.211626994423568249e-04 1.041499711573123932e-02 1.226344257593154907e-01 8.508107066154479980e-01 3.477942943572998047e+00 8.376787185668945312e+00 1.188775348663330078e+01 9.940066337585449219e+00 4.897179126739501953e+00 1.421573400497436523e+00 2.431421577930450439e-01 2.450291812419891357e-02 1.454929355531930923e-03 5.090193008072674274e-05 1.049287902787909843e-06 1.274438421461354665e-08 9.120387778338567841e-11 3.845684079344102724e-13 9.554360120856688829e-16 1.398595635536163794e-18 1.206297722514932263e-21 6.130375159054764891e-25 1.835578792906197457e-28 3.238451083937702005e-32
3.264397770743402357e-32 1.780285092294400535e-33 1.197448673250448302e-29 4.745448242139394868e-26 1.108050183344772108e-22 1.524439068219648367e-19 1.235731866886766476e-16 5.902126254094322566e-14 1.660967544059310796e-11 2.754111161351602277e-09 2.690694884677213849e-07 1.548873296997044235e-05 5.253382259979844093e-04 1.049844268709421158e-02 1.236169785261154175e-01 8.576275110244750977e-01 3.505808353424072266e+00 8.443901062011718750e+00 1.198299980163574219e+01 1.001970672607421875e+01 4.936415672302246094e+00 1.432962894439697266e+00 2.450902163982391357e-01 2.469923719763755798e-02 1.466586254537105560e-03 5.130976205691695213e-05 1.057694703376910184e-06 1.284649364663437154e-08 9.193459882261834082e-11 3.876496020883968274e-13 9.630909664673612154e-16 1.409801347896843091e-18 1.215962770595053199e-21 6.179491118128022375e-25 1.850285434702781439e-28 3.264397770743402357e-32
3.309505015467505995e-32 1.804807373820491980e-33 1.213995195043357405e-29 4.811022613034682576e-26 1.123361405535260188e-22 1.545503998000135485e-19 1.252807257010025120e-16 5.983683329640471227e-14 1.683919323425264736e-11 2.792168052323518168e-09 2.727875312302785460e-07 1.570275708218105137e-05 5.325974198058247566e-04 1.064351201057434082e-02 1.253251433372497559e-01 8.694783449172973633e-01 3.554252386093139648e+00 8.560581207275390625e+00 1.214858341217041016e+01 1.015816020965576172e+01 5.004627227783203125e+00 1.452763795852661133e+00 2.484768927097320557e-01 2.504053339362144470e-02 1.486851950176060200e-03 5.201877138460986316e-05 1.072310169547563419e-06 1.302400853830931737e-08 9.320497151854567619e-11 3.930062655518873349e-13 9.763991246181471552e-16 1.429282278503079446e-18 1.232765078735928310e-21 6.264880380737539272e-25 1.875853117679494188e-28 3.309505015467505995e-32
3.380983888205132243e-32 1.843812480432683272e-33 1.240214775213589853e-29 4.914929460947889419e-26 1.147623485318492792e-22 1.578883449903035091e-19 1.279865195114471711e-16 6.112916840468954338e-14 1.720287974571466094e-11 2.852472480441292646e-09 2.786791242215258535e-07 1.604190401849336922e-05 5.441004177555441856e-04 1.087338756769895554e-02 1.280318796634674072e-01 8.882570266723632812e-01 3.631016492843627930e+00 8.745470046997070312e+00 1.241096496582031250e+01 1.037755393981933594e+01 5.112716674804687500e+00 1.484140157699584961e+00 2.538434565067291260e-01 2.558135427534580231e-02 1.518964534625411034e-03 5.314224836183711886e-05 1.095469770007184707e-06 1.330529819654202583e-08 9.521798627343258659e-11 4.014942404147875399e-13 9.974871745103454368e-16 1.460151418192639609e-18 1.259390156650870625e-21 6.400188268391376032e-25 1.916367220730867130e-28 3.380983888205132243e-32
3.457962017389492857e-32 1.885857158296711756e-33 1.268452067927121741e-29 5.026833694436565371e-26 1.173752830418819739e-22 1.614831814595794694e-19 1.309005510780183795e-16 6.252096550977276346e-14 1.759456122463198824e-11 2.917418084891210128e-09 2.850241287433163961e-07 1.640714617678895593e-05 5.564886378124356270e-04 1.112095639109611511e-02 1.309469491243362427e-01 9.084811210632324219e-01 3.713687658309936523e+00 8.944587707519531250e+00 1.269354057312011719e+01 1.061382961273193359e+01 5.229123115539550781e+00 1.517931461334228516e+00 2.596230208873748779e-01 2.616379782557487488e-02 1.553548616357147694e-03 5.435221100924536586e-05 1.120411525334930047e-06 1.360823542739808545e-08 9.738593959029984148e-11 4.106355555068275098e-13 1.020198033650364551e-15 1.493396427396605206e-18 1.288064202948372271e-21 6.545908626956064385e-25 1.959999645103446055e-28 3.457962017389492857e-32
3.566114256757660536e-32 1.944792220614117984e-33 1.308124118295622126e-29 5.184051823954366412e-26 1.210463009068695074e-22 1.665336877858868336e-19 1.349945789494536334e-16 6.447636478543183891e-14 1.814484326678744708e-11 3.008663096437658169e-09 2.939385126410343219e-07 1.692029400146566331e-05 5.738931940868496895e-04 1.146877184510231018e-02 1.350424140691757202e-01 9.368945956230163574e-01 3.829836606979370117e+00 9.224338531494140625e+00 1.309054183959960938e+01 1.094578838348388672e+01 5.392668724060058594e+00 1.565406084060668945e+00 2.677429318428039551e-01 2.698209136724472046e-02 1.602137228474020958e-03 5.605211845249868929e-05 1.155453219325863756e-06 1.403384519704786726e-08 1.004317531916321116e-10 4.234785265511131769e-13 1.052105553015197231e-15 1.540103594274718190e-18 1.328349473977160264e-21 6.750637753383547474e-25 2.021300069303347385e-28 3.566114256757660536e-32
3.707172109488396509e-32 2.021728325875436701e-33 1.359866633664015701e-29 5.389105739207670964e-26 1.258342448394541253e-22 1.731208759704675138e-19 1.403342217093855393e-16 6.702669967445160082e-14 1.886255561467375941e-11 3.127669456759463174e-09 3.055651518479862716e-07 1.758957296260632575e-05 5.965934251435101032e-04 1.192241534590721130e-02 1.403839588165283203e-01 9.739531278610229492e-01 3.981324434280395508e+00 9.589202880859375000e+00 1.360832977294921875e+01 1.137874412536621094e+01 5.605973243713378906e+00 1.627325057983398438e+00 2.783334255218505859e-01 2.804935537278652191e-02 1.665509073063731194e-03 5.826924098073504865e-05 1.201156919705681503e-06 1.458894871575466823e-08 1.044042907683007115e-10 4.402291248553624747e-13 1.093721340504985075e-15 1.601021724076492190e-18 1.380891800694008184e-21 7.017656322963413181e-25 2.101251921308423852e-28 3.707172109488396509e-32
3.857153139836224467e-32 2.103546406112514232e-33 1.414883530864421388e-29 5.607136416351861161e-26 1.309252123338394800e-22 1.801249631837749199e-19 1.460118438501617120e-16 6.973845871442729827e-14 1.962569343150200041e-11 3.254207792124930165e-09 3.179276575338008115e-07 1.830120527301914990e-05 6.207302212715148926e-04 1.240476965904235840e-02 1.460635811090469360e-01 1.013357162475585938e+00 4.142399787902832031e+00 9.977161407470703125e+00 1.415889453887939453e+01 1.183910369873046875e+01 5.832778930664062500e+00 1.693163037300109863e+00 2.895941734313964844e-01 2.918417192995548248e-02 1.732891891151666641e-03 6.062668398953974247e-05 1.249753040610812604e-06 1.517918590820954705e-08 1.086282730433651977e-10 4.580398018337594745e-13 1.137970765186023352e-15 1.665795756303682128e-18 1.436759611577582351e-21 7.301575251361507540e-25 2.186264154242377782e-28 3.857153139836224467e-32
4.001506197105903017e-32 2.182273487219906094e-33 1.467834266346364143e-29 5.816977731223725728e-26 1.358249599447992615e-22 1.868659552635021787e-19 1.514761857417972119e-16 7.234834340777082651e-14 2.036016494288972467e-11 3.375993484766581787e-09 3.298257524875225499e-07 1.898610935313627124e-05 6.439603748731315136e-04 1.286900416016578674e-02 1.515298634767532349e-01 1.051280856132507324e+00 4.297424793243408203e+00 1.035054492950439453e+01 1.468877601623535156e+01 1.228216934204101562e+01 6.051064491271972656e+00 1.756528019905090332e+00 3.004319369792938232e-01 3.027635812759399414e-02 1.797743607312440872e-03 6.289557495620101690e-05 1.296523691962647717e-06 1.574724883823819255e-08 1.126935628148473256e-10 4.751814176515156696e-13 1.180558099466311878e-15 1.728136429963894197e-18 1.490528774774229989e-21 7.574829766397145346e-25 2.268082473104808529e-28 4.001506197105903017e-32
4.105209190356208338e-32 2.238835520316589829e-33 1.505873940623719441e-29 5.967727817616296677e-26 1.393449456563168009e-22 1.917087229337850926e-19 1.554017864056268686e-16 7.422330165849505557e-14 2.088781057840716215e-11 3.463484610222167248e-09 3.383733542250411119e-07 1.947814598679542542e-05 6.606490351259708405e-04 1.320251449942588806e-02 1.554568707942962646e-01 1.078525543212890625e+00 4.408795833587646484e+00 1.061878681182861328e+01 1.506944656372070312e+01 1.260046958923339844e+01 6.207881450653076172e+00 1.802049636840820312e+00 3.082178235054016113e-01 3.106098994612693787e-02 1.844333368353545666e-03 6.452554953284561634e-05 1.330123950538109057e-06 1.615534905852200609e-08 1.156140877478506468e-10 4.874960027670405260e-13 1.211153141279374020e-15 1.772921849483893359e-18 1.529156958274623483e-21 7.771136323547196844e-25 2.326861614266263919e-28 4.105209190356208338e-32
4.145734651974394405e-32 2.260861896728099389e-33 1.520738960065573891e-29 6.026637238308840141e-26 1.407204666395325748e-22 1.936011312295474239e-19 1.569358027777738090e-16 7.495598515787002536e-14 2.109400154548524142e-11 3.497673706220894019e-09 3.417135872041399125e-07 1.967042044270783663e-05 6.671706214547157288e-04 1.333284005522727966e-02 1.569914221763610840e-01 1.089172124862670898e+00 4.452316284179687500e+00 1.072360706329345703e+01 1.521820259094238281e+01 1.272485351562500000e+01 6.269161701202392578e+00 1.819838047027587891e+00 3.112603127956390381e-01 3.136760368943214417e-02 1.862539211288094521e-03 6.516250869026407599e-05 1.343253984487091657e-06 1.631482504649284238e-08 1.167553553838018843e-10 4.923082883197260617e-13 1.223108799571631655e-15 1.790423336884290319e-18 1.544251691789169950e-21 7.847847130123151085e-25 2.349830495524269142e-28 4.145734651974394405e-32
4.113896093608785043e-32 2.243573313563380595e-33 1.509060903291849600e-29 5.980356987670819312e-26 1.396398407953501404e-22 1.921144033254540681e-19 1.557306469473983507e-16 7.438037544823389302e-14 2.093201480202200315e-11 3.470814746719952382e-09 3.390894676158495713e-07 1.951936792465858161e-05 6.620471249334514141e-04 1.323045324534177780e-02 1.557858437299728394e-01 1.080808043479919434e+00 4.418125629425048828e+00 1.064126014709472656e+01 1.510133743286132812e+01 1.262713623046875000e+01 6.221019268035888672e+00 1.805862903594970703e+00 3.088700771331787109e-01 3.112672455608844757e-02 1.848236308433115482e-03 6.466210470534861088e-05 1.332938836640096270e-06 1.618953859860994271e-08 1.158587670246902235e-10 4.885276753442691078e-13 1.213716262977765532e-15 1.776674147537587031e-18 1.532392878329614557e-21 7.787581115192660362e-25 2.331785494910332936e-28 4.113896093608785043e-32
4.031597970866190461e-32 2.198711490019209573e-33 1.478872101876856583e-29 5.860720684715813037e-26 1.368463391795559769e-22 1.882711800278649190e-19 1.526152730022868349e-16 7.289240283418763067e-14 2.051326990215596169e-11 3.401380954670685242e-09 3.323060013826761860e-07 1.912888546939939260e-05 6.488029612228274345e-04 1.296578161418437958e-02 1.526693552732467651e-01 1.059186577796936035e+00 4.329741001129150391e+00 1.042838001251220703e+01 1.479923439025878906e+01 1.237453079223632812e+01 6.096568107604980469e+00 1.769737005233764648e+00 3.026911616325378418e-01 3.050403483211994171e-02 1.811262452974915504e-03 6.336854130495339632e-05 1.306273475165653508e-06 1.586566789057997084e-08 1.135410099273315154e-10 4.787547311715933951e-13 1.189436063544721013e-15 1.741131644182255400e-18 1.501737718309177071e-21 7.631791933248957319e-25 2.285138267951058841e-28 4.031597970866190461e-32
3.929691132983941595e-32 2.143034751105488873e-33 1.441490102582854146e-29 5.712576304500800243e-26 1.333872030428235655e-22 1.835121773193000702e-19 1.487575276184661282e-16 7.104985545215714016e-14 1.999474544267521026e-11 3.315402619108454019e-09 3.239061072690674337e-07 1.864535443019121885e-05 6.324028363451361656e-04 1.263803616166114807e-02 1.488102525472640991e-01 1.032412886619567871e+00 4.220295906066894531e+00 1.016477870941162109e+01 1.442514896392822266e+01 1.206173419952392578e+01 5.942462444305419922e+00 1.725002288818359375e+00 2.950398623943328857e-01 2.973297238349914551e-02 1.765478285960853100e-03 6.176674651214852929e-05 1.273254156330949627e-06 1.546462335966225510e-08 1.106709793252669272e-10 4.666530291526360674e-13 1.159369993807219182e-15 1.697120362318029302e-18 1.463777378140256444e-21 7.438879943181684987e-25 2.227376017800239912e-28 3.929691132983941595e-32
3.803322845408256338e-32 2.074212862942705627e-33 1.395136429476822200e-29 5.528878333066025770e-26 1.290978949329855283e-22 1.776110191305584862e-19 1.439739752232964713e-16 6.876512976660559273e-14 1.935177885992178659e-11 3.208789900455144561e-09 3.134903465706884163e-07 1.804577732400503010e-05 6.120668258517980576e-04 1.223164144903421402e-02 1.440249979496002197e-01 9.992138743400573730e-01 4.084585666656494141e+00 9.837912559509277344e+00 1.396128273010253906e+01 1.167386722564697266e+01 5.751372337341308594e+00 1.669531941413879395e+00 2.855524122714996338e-01 2.877685427665710449e-02 1.708706375211477280e-03 5.978053013677708805e-05 1.232310523846535943e-06 1.496733048611531558e-08 1.071121732976187957e-10 4.516469663540245705e-13 1.122088368029413186e-15 1.642546501019383886e-18 1.416706944071707000e-21 7.199669213548925709e-25 2.155750923909721659e-28 3.803322845408256338e-32
3.676828486063445391e-32 2.005202528341806183e-33 1.348736112754949625e-29 5.344995472356590122e-26 1.248042954198230888e-22 1.717038897317700351e-19 1.391856053282393055e-16 6.647809337517393558e-14 1.870816696003529955e-11 3.102069490168446464e-09 3.030640982615295798e-07 1.744559995131567121e-05 5.917103262618184090e-04 1.182483229786157608e-02 1.392349153757095337e-01 9.659813046455383301e-01 3.948738098144531250e+00 9.510715484619140625e+00 1.349695014953613281e+01 1.128561115264892578e+01 5.560087680816650391e+00 1.614005565643310547e+00 2.760552465915679932e-01 2.781977504491806030e-02 1.651876955293118954e-03 5.779230923508293927e-05 1.191325509353191592e-06 1.446953756811808489e-08 1.035497451673528246e-10 4.366258060401612129e-13 1.084769155164572781e-15 1.587917632210003694e-18 1.369589254079491198e-21 6.960218374378139786e-25 2.084053366905045836e-28 3.676828486063445391e-32
3.558389789504819579e-32 1.940555665505357533e-33 1.305290593864942405e-29 5.172822882006611072e-26 1.207841087855230102e-22 1.661729853400254289e-19 1.347021672941936879e-16 6.433670599308854987e-14 1.810554310643919251e-11 3.002145643193898650e-09 2.933018095063744113e-07 1.688364500296302140e-05 5.726501112803816795e-04 1.144392974674701691e-02 1.347499042749404907e-01 9.348652362823486328e-01 3.821541309356689453e+00 9.204356193542480469e+00 1.306218433380126953e+01 1.092207813262939453e+01 5.380987644195556641e+00 1.562015295028686523e+00 2.671630084514617920e-01 2.692364342510700226e-02 1.598666887730360031e-03 5.593071182374842465e-05 1.152950630967097823e-06 1.400344551427679107e-08 1.002142049899568121e-10 4.225612373030818159e-13 1.049826610870609536e-15 1.536767781659444968e-18 1.325472012317501618e-21 6.736015230429144494e-25 2.016921828686647577e-28 3.558389789504819579e-32
3.464148644157870556e-32 1.889230459741587089e-33 1.270721655995960574e-29 5.035828557648831517e-26 1.175852841257390491e-22 1.617721130626048277e-19 1.311347556879341935e-16 6.263284162144611145e-14 1.762604125155053936e-11 2.922637909463787764e-09 2.855341563190449961e-07 1.643650284677278250e-05 5.574843380600214005e-04 1.114085316658020020e-02 1.311812251806259155e-01 9.101065993309020996e-01 3.720332860946655273e+00 8.960590362548828125e+00 1.271625137329101562e+01 1.063282394409179688e+01 5.238479614257812500e+00 1.520647287368774414e+00 2.600875496864318848e-01 2.621061168611049652e-02 1.556328264996409416e-03 5.444946145871654153e-05 1.122416165344475303e-06 1.363258306241732498e-08 9.756018215512085590e-11 4.113702922140666240e-13 1.022023389651697568e-15 1.496068324172728054e-18 1.290368737020674242e-21 6.557620746208267595e-25 1.963506643161553688e-28 3.464148644157870556e-32
3.380860167424708197e-32 1.843745256849495622e-33 1.240169410535602919e-29 4.914750118351468080e-26 1.147581581027207452e-22 1.578825547260156379e-19 1.279818211255678699e-16 6.112693901397237006e-14 1.720225524526330929e-11 2.852368341521582806e-09 2.786689208278403385e-07 1.604131466592662036e-05 5.440806271508336067e-04 1.087298803031444550e-02 1.280271857976913452e-01 8.882246613502502441e-01 3.630883455276489258e+00 8.745149612426757812e+00 1.241051006317138672e+01 1.037717342376708984e+01 5.112529754638671875e+00 1.484085798263549805e+00 2.538341581821441650e-01 2.558041922748088837e-02 1.518908888101577759e-03 5.314030568115413189e-05 1.095429638553468976e-06 1.330480969841119077e-08 9.521450294869282516e-11 4.014795765804046734e-13 9.974506462144950951e-16 1.460097858247976800e-18 1.259343809494967080e-21 6.399954075310138544e-25 1.916297285399761569e-28 3.380860167424708197e-32
3.316058984220515659e-32 1.808407141598892920e-33 1.216400350524687871e-29 4.820553655143466129e-26 1.125586876812197289e-22 1.548565858736288801e-19 1.255289063545480220e-16 5.995537725143884611e-14 1.687255196669568136e-11 2.797700071610620398e-09 2.733279416133882478e-07 1.573386725794989616e-05 5.336526082828640938e-04 1.066459994763135910e-02 1.255734264850616455e-01 8.712008595466613770e-01 3.561294078826904297e+00 8.577536582946777344e+00 1.217265224456787109e+01 1.017828464508056641e+01 5.014541625976562500e+00 1.455642104148864746e+00 2.489691823720932007e-01 2.509015053510665894e-02 1.489797839894890785e-03 5.212182441027835011e-05 1.074434521797229536e-06 1.304981189775844541e-08 9.338963630201035926e-11 3.937848853420577999e-13 9.783334302323207568e-16 1.432113717739848459e-18 1.235207442585590497e-21 6.277292614043126129e-25 1.879569680989675457e-28 3.316058984220515659e-32
3.271583567709979000e-32 1.784201692534546544e-33 1.200084413703636068e-29 4.755894178008960133e-26 1.110489215045970641e-22 1.527794578073258008e-19 1.238451769089738840e-16 5.915118384252487926e-14 1.664623647257279515e-11 2.760173201110660557e-09 2.696616547837038524e-07 1.552282446937169880e-05 5.264946958050131798e-04 1.052155252546072006e-02 1.238890662789344788e-01 8.595151901245117188e-01 3.513525962829589844e+00 8.462486267089843750e+00 1.200937557220458984e+01 1.004176139831542969e+01 4.947280883789062500e+00 1.436116933822631836e+00 2.456296831369400024e-01 2.475360222160816193e-02 1.469814684242010117e-03 5.142269947100430727e-05 1.060023123500286601e-06 1.287477147116078413e-08 9.213696472443189123e-11 3.885028691981429194e-13 9.652109840552203224e-16 1.412904309169682636e-18 1.218639394579129817e-21 6.193092559248229908e-25 1.854358295052674346e-28 3.271583567709979000e-32
3.244317976242656042e-32 1.769313321897413009e-33 1.190082668297913199e-29 4.716257307158306411e-26 1.101234046470428060e-22 1.515061942000594107e-19 1.228130143231853156e-16 5.865820389095929843e-14 1.650750022785807403e-11 2.737170046174242088e-09 2.674143502190418076e-07 1.539345430501271039e-05 5.221067112870514393e-04 1.043386198580265045e-02 1.228565424680709839e-01 8.523516654968261719e-01 3.484242439270019531e+00 8.391958236694335938e+00 1.190928649902343750e+01 9.958070755004882812e+00 4.906047821044921875e+00 1.424148082733154297e+00 2.435825765132904053e-01 2.454730123281478882e-02 1.457564998418092728e-03 5.099412373965606093e-05 1.051188405654102098e-06 1.276746885991997260e-08 9.136907203055599780e-11 3.852649807251778968e-13 9.571665003969094185e-16 1.401128772764530872e-18 1.208482804113522049e-21 6.141478376295750632e-25 1.838903670213938972e-28 3.244317976242656042e-32
3.228810267019433014e-32 1.760782538988304889e-33 1.184394629809425474e-29 4.693715914940407101e-26 1.095970892728538305e-22 1.507820104984663061e-19 1.222260601954074880e-16 5.837783598541812502e-14 1.642860153472369689e-11 2.724086956007454319e-09 2.661362259459565394e-07 1.531987982161808759e-05 5.196112906560301781e-04 1.038399152457714081e-02 1.222693622112274170e-01 8.482780456542968750e-01 3.467589378356933594e+00 8.351850509643554688e+00 1.185236644744873047e+01 9.910473823547363281e+00 4.882599830627441406e+00 1.417341709136962891e+00 2.424183487892150879e-01 2.442998066544532776e-02 1.450598239898681641e-03 5.075040826341137290e-05 1.046164129547832999e-06 1.270644744977289520e-08 9.093237274271359638e-11 3.834235988604828282e-13 9.525918872070257559e-16 1.394432228718031267e-18 1.202706878161464152e-21 6.112124862012476783e-25 1.830114448171484773e-28 3.228810267019433014e-32
3.220615308152675436e-32 1.756401251137599445e-33 1.181388599231773881e-29 4.681803807122778721e-26 1.093189306067856599e-22 1.503993619169781039e-19 1.219158343784756005e-16 5.822967298228440280e-14 1.638690919070207030e-11 2.717173819277718394e-09 2.654607271779241273e-07 1.528099892311729491e-05 5.182925960980355740e-04 1.035763788968324661e-02 1.219590455293655396e-01 8.461251258850097656e-01 3.458789110183715820e+00 8.330654144287109375e+00 1.182228660583496094e+01 9.885320663452148438e+00 4.870208740234375000e+00 1.413744449615478516e+00 2.418031394481658936e-01 2.436797693371772766e-02 1.446916838176548481e-03 5.062160198576748371e-05 1.043509200826520100e-06 1.267419769135358365e-08 9.070159900925744978e-11 3.824505274106770880e-13 9.501742434173251692e-16 1.390893239864799708e-18 1.199654630168757497e-21 6.096613884463568638e-25 1.825469947739973429e-28 3.220615308152675436e-32
3.216591003242635335e-32 1.754188750364161120e-33 1.179911350779118109e-29 4.675949904538214830e-26 1.091822494109034466e-22 1.502113204992900727e-19 1.217634213875290299e-16 5.815686203013842315e-14 1.636642210645078421e-11 2.713776536822365415e-09 2.651288468769052997e-07 1.526189407741185278e-05 5.176446866244077682e-04 1.034468784928321838e-02 1.218065470457077026e-01 8.450672030448913574e-01 3.454464912414550781e+00 8.320238113403320312e+00 1.180750274658203125e+01 9.872962951660156250e+00 4.864119529724121094e+00 1.411976337432861328e+00 2.415007948875427246e-01 2.433750778436660767e-02 1.445107627660036087e-03 5.055830115452408791e-05 1.042204530676826835e-06 1.265835081198929402e-08 9.058817584950418222e-11 3.819723400425023563e-13 9.489862797088010130e-16 1.389154092626906967e-18 1.198154355566546451e-21 6.088990036852673322e-25 1.823187359644009982e-28 3.216591003242635335e-32
3.214743713870318110e-32 1.753094071249957865e-33 1.179233965106490661e-29 4.673264695972552370e-26 1.091195570570437223e-22 1.501250610710372773e-19 1.216934617600417450e-16 5.812348215575302568e-14 1.635702337465794187e-11 2.712218449829606470e-09 2.649765633577771951e-07 1.525313018646556884e-05 5.173472454771399498e-04 1.033874787390232086e-02 1.217366158962249756e-01 8.445818424224853516e-01 3.452480792999267578e+00 8.315460205078125000e+00 1.180072402954101562e+01 9.867294311523437500e+00 4.861327171325683594e+00 1.411165714263916016e+00 2.413620650768280029e-01 2.432353235781192780e-02 1.444277819246053696e-03 5.052928463555872440e-05 1.041606083163060248e-06 1.265108284798088789e-08 9.053617577858830145e-11 3.817530059430085387e-13 9.484411081281244639e-16 1.388356690516405848e-18 1.197466519344291663e-21 6.085493903928346950e-25 1.822140496348613995e-28 3.214743713870318110e-32
3.213956720402442589e-32 1.752750239152342346e-33 1.178945527004663291e-29 4.672121155808773005e-26 1.090928241386875927e-22 1.500883290819610944e-19 1.216637097277694377e-16 5.810925200223915343e-14 1.635301963287538740e-11 2.711554536460880627e-09 2.649117902819853043e-07 1.524939580122008920e-05 5.172204691916704178e-04 1.033621653914451599e-02 1.217068284749984741e-01 8.443751931190490723e-01 3.451636314392089844e+00 8.313425064086914062e+00 1.179783439636230469e+01 9.864881515502929688e+00 4.860136985778808594e+00 1.410820484161376953e+00 2.413030564785003662e-01 2.431758120656013489e-02 1.443924149498343468e-03 5.051690823165699840e-05 1.041350969899212942e-06 1.264798754618823295e-08 9.051401295145922177e-11 3.816595748207946004e-13 9.482091269796951924e-16 1.388016822682223123e-18 1.197173290279490150e-21 6.084004928969742290e-25 1.821694523195866826e-28 3.213956720402442589e-32
3.213640806295659099e-32 1.752595220834827657e-33 1.178830121671276963e-29 4.671663863002777700e-26 1.090821713610234881e-22 1.500735949272999936e-19 1.216517983269486741e-16 5.810357349336076060e-14 1.635142021783053679e-11 2.711288971113390289e-09 2.648857844178564847e-07 1.524790241091977805e-05 5.171700613573193550e-04 1.033520698547363281e-02 1.216949075460433960e-01 8.442926406860351562e-01 3.451298713684082031e+00 8.312610626220703125e+00 1.179668235778808594e+01 9.863912582397460938e+00 4.859662055969238281e+00 1.410682201385498047e+00 2.412794232368469238e-01 2.431520074605941772e-02 1.443783054128289223e-03 5.051196785643696785e-05 1.041249106492614374e-06 1.264674942547117098e-08 9.050515198394393224e-11 3.816222511610067869e-13 9.481162709928524397e-16 1.387880854869034719e-18 1.197056160212282934e-21 6.083408845948234663e-25 1.821516495046632531e-28 3.213640806295659099e-32
3.213523844607752281e-32 1.752413753894419466e-33 1.178786788247528250e-29 4.671492532274925011e-26 1.090781828802866907e-22 1.500681536298330432e-19 1.216473514039755890e-16 5.810144574659725780e-14 1.635082173823132479e-11 2.711189051041174025e-09 2.648761494583595777e-07 1.524734580016229302e-05 5.171511438675224781e-04 1.033482886850833893e-02 1.216904670000076294e-01 8.442617654800415039e-01 3.451171398162841797e+00 8.312305450439453125e+00 1.179624938964843750e+01 9.863553047180175781e+00 4.859483718872070312e+00 1.410630464553833008e+00 2.412705868482589722e-01 2.431430853903293610e-02 1.443730201572179794e-03 5.051011248724535108e-05 1.041210907715139911e-06 1.264628757269292691e-08 9.050182825376396067e-11 3.816082378479274118e-13 9.480814367628966066e-16 1.387829983261362708e-18 1.197012337411276097e-21 6.083185992742509728e-25 1.821449448610443550e-28 3.213523844607752281e-32
3.213482702305473501e-32 1.752490528369207547e-33 1.178772644699499156e-29 4.671436449194944455e-26 1.090768702157404029e-22 1.500663829463342969e-19 1.216458558614280931e-16 5.810074779144872026e-14 1.635062571447853941e-11 2.711156632528854971e-09 2.648729378051939420e-07 1.524716208223253489e-05 5.171449738554656506e-04 1.033470220863819122e-02 1.216889992356300354e-01 8.442515134811401367e-01 3.451130390167236328e+00 8.312206268310546875e+00 1.179610633850097656e+01 9.863432884216308594e+00 4.859423637390136719e+00 1.410613656044006348e+00 2.412676662206649780e-01 2.431401610374450684e-02 1.443712739273905754e-03 5.050950858276337385e-05 1.041198402162990533e-06 1.264613302964789909e-08 9.050073884742104724e-11 3.816036570937486605e-13 9.480701076972270804e-16 1.387813232853958509e-18 1.196997999075462800e-21 6.083113516146842547e-25 1.821427541157326145e-28 3.213482702305473501e-32
3.213468302499675928e-32 1.752511099520346937e-33 1.178767528948084377e-29 4.671415495077149522e-26 1.090763905883100285e-22 1.500656462386012418e-19 1.216453529356156609e-16 5.810048351716917692e-14 1.635055285609254838e-11 2.711144642120189019e-09 2.648717440933978651e-07 1.524709477962460369e-05 5.171425873413681984e-04 1.033465936779975891e-02 1.216884404420852661e-01 8.442478179931640625e-01 3.451115608215332031e+00 8.312170982360839844e+00 1.179605674743652344e+01 9.863389968872070312e+00 4.859403610229492188e+00 1.410607337951660156e+00 2.412666082382202148e-01 2.431390807032585144e-02 1.443706569261848927e-03 5.050928302807733417e-05 1.041193854689481668e-06 1.264607707440745799e-08 9.050034333046852453e-11 3.816019765803813080e-13 9.480661901698460292e-16 1.387807442589670638e-18 1.196992748417277648e-21 6.083087878167422864e-25 1.821419476325684024e-28 3.213468302499675928e-32
3.213466833131737400e-32 1.752463528733337097e-33 1.178766776631699851e-29 4.671413646184402910e-26 1.090763401012120944e-22 1.500655816151158861e-19 1.216452735262768558e-16 5.810045641211486478e-14 1.635053897830474057e-11 2.711143531897164394e-09 2.648715735631412826e-07 1.524708568467758596e-05 5.171422963030636311e-04 1.033465377986431122e-02 1.216883733868598938e-01 8.442472219467163086e-01 3.451112747192382812e+00 8.312166213989257812e+00 1.179604911804199219e+01 9.863386154174804688e+00 4.859400272369384766e+00 1.410606622695922852e+00 2.412664890289306641e-01 2.431389316916465759e-02 1.443705521523952484e-03 5.050925392424687743e-05 1.041193286255293060e-06 1.264606996898010038e-08 9.050029475821119718e-11 3.816017055298381866e-13 9.480654490160171817e-16 1.387806201818751808e-18 1.196991839649514834e-21 6.083082947786765233e-25 1.821418633731333354e-28 3.213466833131737400e-32
3.213468302499675928e-32 1.752468487850129629e-33 1.178766325241869135e-29 4.671411489142865196e-26 1.090762896141141602e-22 1.500655299163276016e-19 1.216452205867176524e-16 5.810042930706055264e-14 1.635053897830474057e-11 2.711142865763349619e-09 2.648715167197224218e-07 1.524707931821467355e-05 5.171420052647590637e-04 1.033464819192886353e-02 1.216883286833763123e-01 8.442470431327819824e-01 3.451111793518066406e+00 8.312162399291992188e+00 1.179604530334472656e+01 9.863382339477539062e+00 4.859397888183593750e+00 1.410606384277343750e+00 2.412663698196411133e-01 2.431388571858406067e-02 1.443705055862665176e-03 5.050923209637403488e-05 1.041192945194779895e-06 1.264606641626642158e-08 9.050028088042338936e-11 3.816015971096209380e-13 9.480651313786619613e-16 1.387805684830868963e-18 1.196991738675318966e-21 6.083080975634502180e-25 1.821417911507604209e-28 3.213468302499675928e-32
3.213464776016623461e-32 1.752485936594399647e-33 1.178765648157123062e-29 4.671408099506163075e-26 1.090762012616927755e-22 1.500654006693568902e-19 1.216451411773788473e-16 5.810037509695192837e-14 1.635052336579345678e-11 2.711140201228090518e-09 2.648713461894658394e-07 1.524707113276235759e-05 5.171416560187935829e-04 1.033464074134826660e-02 1.216882541775703430e-01 8.442463874816894531e-01 3.451108932495117188e+00 8.312156677246093750e+00 1.179603576660156250e+01 9.863374710083007812e+00 4.859395027160644531e+00 1.410604953765869141e+00 2.412661761045455933e-01 2.431386709213256836e-02 1.443703891709446907e-03 5.050919935456477106e-05 1.041192149386915844e-06 1.264605486994696548e-08 9.050018373590873466e-11 3.816012718489691924e-13 9.480642843457147070e-16 1.387804857650256410e-18 1.196990728933360283e-21 6.083076045253844549e-25 1.821416707801388967e-28 3.213464776016623461e-32
3.213463600522272639e-32 1.752462977720360149e-33 1.178765949083676872e-29 4.671409332101327483e-26 1.090762391270162261e-22 1.500654782175393170e-19 1.216451676471584490e-16 5.810040220200624050e-14 1.635053203941083666e-11 2.711141533495720068e-09 2.648714030328847002e-07 1.524707568023586646e-05 5.171418888494372368e-04 1.033464446663856506e-02 1.216883063316345215e-01 8.442467451095581055e-01 3.451110363006591797e+00 8.312158584594726562e+00 1.179603958129882812e+01 9.863376617431640625e+00 4.859396457672119141e+00 1.410605669021606445e+00 2.412662804126739502e-01 2.431388013064861298e-02 1.443704590201377869e-03 5.050921754445880651e-05 1.041192490447429009e-06 1.264606019901748368e-08 9.050023230816606201e-11 3.816014344792950652e-13 9.480647078621883342e-16 1.387805374638139255e-18 1.196991132830143756e-21 6.083078017406107602e-25 1.821417068913253540e-28 3.213463600522272639e-32
3.213465951510974284e-32 1.752468304179137313e-33 1.178765572925484609e-29 4.671408099506163075e-26 1.090761886399182920e-22 1.500654265187510324e-19 1.216451147075992456e-16 5.810037509695192837e-14 1.635052163106998080e-11 2.711139757138880668e-09 2.648713746111752698e-07 1.524707022326765582e-05 5.171417724341154099e-04 1.033463887870311737e-02 1.216882541775703430e-01 8.442463278770446777e-01 3.451108932495117188e+00 8.312154769897460938e+00 1.179603385925292969e+01 9.863373756408691406e+00 4.859394073486328125e+00 1.410604834556579590e+00 2.412661910057067871e-01 2.431386522948741913e-02 1.443703891709446907e-03 5.050919571658596396e-05 1.041192035700078122e-06 1.264605486994696548e-08 9.050018373590873466e-11 3.816012989540235045e-13 9.480642843457147070e-16 1.387804961047832979e-18 1.196990728933360283e-21 6.083076045253844549e-25 1.821416467060145919e-28 3.213465951510974284e-32
3.213462425027921817e-32 1.752462610378375517e-33 1.178765572925484609e-29 4.671408715803745279e-26 1.090762012616927755e-22 1.500654265187510324e-19 1.216451279424890465e-16 5.810038187321550640e-14 1.635052336579345678e-11 2.711140645317300368e-09 2.648713461894658394e-07 1.524706931377295405e-05 5.171417724341154099e-04 1.033464260399341583e-02 1.216882467269897461e-01 8.442465066909790039e-01 3.451109409332275391e+00 8.312154769897460938e+00 1.179603767395019531e+01 9.863372802734375000e+00 4.859394073486328125e+00 1.410605192184448242e+00 2.412662208080291748e-01 2.431386709213256836e-02 1.443704124540090561e-03 5.050920663052238524e-05 1.041192149386915844e-06 1.264605842266064428e-08 9.050021149148435029e-11 3.816013531641321288e-13 9.480642843457147070e-16 1.387805167842986117e-18 1.196990930881752019e-21 6.083077031329976075e-25 1.821416587430767443e-28 3.213462425027921817e-32
3.213465657637386578e-32 1.752509997494393041e-33 1.178765572925484609e-29 4.671408407654954177e-26 1.090761886399182920e-22 1.500654135940539613e-19 1.216451411773788473e-16 5.810038187321550640e-14 1.635052510051693275e-11 2.711140201228090518e-09 2.648713177677564090e-07 1.524707022326765582e-05 5.171416560187935829e-04 1.033464074134826660e-02 1.216882616281509399e-01 8.442462682723999023e-01 3.451109170913696289e+00 8.312154769897460938e+00 1.179603576660156250e+01 9.863375663757324219e+00 4.859395027160644531e+00 1.410604953765869141e+00 2.412662208080291748e-01 2.431386895477771759e-02 1.443703891709446907e-03 5.050920299254357815e-05 1.041192263073753566e-06 1.264605486994696548e-08 9.050020455259044638e-11 3.816013802691864409e-13 9.480642843457147070e-16 1.387804961047832979e-18 1.196990728933360283e-21 6.083075552215778786e-25 1.821416707801388967e-28 3.213465657637386578e-32
3.213465657637386578e-32 1.752489793685238283e-33 1.178765422462207704e-29 4.671408099506163075e-26 1.090761886399182920e-22 1.500654265187510324e-19 1.216451279424890465e-16 5.810038864947908444e-14 1.635052336579345678e-11 2.711140201228090518e-09 2.648712893460469786e-07 1.524707022326765582e-05 5.171417142264544964e-04 1.033464260399341583e-02 1.216882616281509399e-01 8.442463278770446777e-01 3.451108932495117188e+00 8.312155723571777344e+00 1.179603672027587891e+01 9.863372802734375000e+00 4.859394073486328125e+00 1.410605192184448242e+00 2.412662208080291748e-01 2.431386709213256836e-02 1.443703891709446907e-03 5.050919935456477106e-05 1.041192035700078122e-06 1.264605575812538518e-08 9.050019067480263857e-11 3.816013260590778167e-13 9.480642843457147070e-16 1.387804961047832979e-18 1.196990526984968546e-21 6.083076045253844549e-25 1.821416467060145919e-28 3.213465657637386578e-32
3.213464776016623461e-32 1.752462610378375517e-33 1.178765572925484609e-29 4.671407483208580871e-26 1.090761633963693249e-22 1.500654006693568902e-19 1.216451279424890465e-16 5.810037509695192837e-14 1.635052163106998080e-11 2.711140645317300368e-09 2.648713461894658394e-07 1.524706749478355050e-05 5.171417142264544964e-04 1.033464260399341583e-02 1.216882467269897461e-01 8.442463874816894531e-01 3.451108694076538086e+00 8.312154769897460938e+00 1.179603385925292969e+01 9.863373756408691406e+00 4.859394073486328125e+00 1.410604953765869141e+00 2.412662208080291748e-01 2.431386895477771759e-02 1.443704008124768734e-03 5.050919571658596396e-05 1.041191808326402679e-06 1.264605664630380488e-08 9.050019067480263857e-11 3.816013260590778167e-13 9.480640725874778935e-16 1.387804961047832979e-18 1.196990728933360283e-21 6.083077031329976075e-25 1.821416467060145919e-28 3.213464776016623461e-32
3.213465363763798873e-32 1.752509997494393041e-33 1.178765572925484609e-29 4.671408715803745279e-26 1.090761633963693249e-22 1.500654265187510324e-19 1.216451279424890465e-16 5.810038864947908444e-14 1.635052510051693275e-11 2.711140201228090518e-09 2.648713461894658394e-07 1.524706749478355050e-05 5.171417142264544964e-04 1.033464167267084122e-02 1.216882690787315369e-01 8.442462682723999023e-01 3.451108932495117188e+00 8.312154769897460938e+00 1.179603385925292969e+01 9.863372802734375000e+00 4.859394073486328125e+00 1.410604834556579590e+00 2.412661910057067871e-01 2.431386709213256836e-02 1.443703891709446907e-03 5.050919207860715687e-05 1.041192263073753566e-06 1.264605664630380488e-08 9.050019067480263857e-11 3.816012718489691924e-13 9.480642843457147070e-16 1.387804754252679841e-18 1.196990526984968546e-21 6.083076538291910312e-25 1.821416707801388967e-28 3.213465363763798873e-32
3.213467714752500517e-32 1.752467385824175733e-33 1.178766174778592230e-29 4.671411180994074094e-26 1.090762896141141602e-22 1.500655169916305304e-19 1.216452338216074533e-16 5.810041575453339657e-14 1.635053897830474057e-11 2.711141755540324993e-09 2.648715167197224218e-07 1.524708022770937532e-05 5.171420634724199772e-04 1.033464912325143814e-02 1.216883286833763123e-01 8.442467451095581055e-01 3.451111078262329102e+00 8.312160491943359375e+00 1.179604148864746094e+01 9.863380432128906250e+00 4.859396934509277344e+00 1.410605907440185547e+00 2.412663400173187256e-01 2.431388385593891144e-02 1.443704706616699696e-03 5.050923573435284197e-05 1.041192831507942174e-06 1.264606463990958218e-08 9.050024618595386983e-11 3.816015428995123138e-13 9.480650254995435545e-16 1.387805788228445532e-18 1.196991334778535492e-21 6.083079003482239128e-25 1.821417791136982685e-28 3.213467714752500517e-32
3.213466539258149695e-32 1.752462610378375517e-33 1.178766325241869135e-29 4.671411180994074094e-26 1.090762643705651932e-22 1.500655299163276016e-19 1.216451941169380507e-16 5.810041575453339657e-14 1.635053550885778861e-11 2.711142199629534844e-09 2.648714598763035610e-07 1.524707840871997178e-05 5.171418888494372368e-04 1.033464819192886353e-02 1.216883063316345215e-01 8.442469239234924316e-01 3.451111793518066406e+00 8.312160491943359375e+00 1.179604339599609375e+01 9.863380432128906250e+00 4.859397888183593750e+00 1.410605907440185547e+00 2.412663400173187256e-01 2.431388199329376221e-02 1.443704823032021523e-03 5.050923937233164907e-05 1.041192717821104452e-06 1.264606552808800188e-08 9.050024618595386983e-11 3.816015971096209380e-13 9.480649196204251478e-16 1.387805995023598670e-18 1.196991334778535492e-21 6.083079989558370654e-25 1.821417911507604209e-28 3.213466539258149695e-32
3.213464776016623461e-32 1.752511834204316201e-33 1.178765648157123062e-29 4.671408099506163075e-26 1.090761760181438084e-22 1.500654006693568902e-19 1.216451279424890465e-16 5.810038864947908444e-14 1.635052510051693275e-11 2.711140201228090518e-09 2.648713461894658394e-07 1.524706931377295405e-05 5.171415978111326694e-04 1.033463981002569199e-02 1.216882392764091492e-01 8.442463278770446777e-01 3.451109409332275391e+00 8.312154769897460938e+00 1.179603576660156250e+01 9.863373756408691406e+00 4.859395027160644531e+00 1.410605311393737793e+00 2.412661761045455933e-01 2.431386895477771759e-02 1.443704240955412388e-03 5.050919935456477106e-05 1.041192149386915844e-06 1.264605575812538518e-08 9.050017679701483075e-11 3.816013260590778167e-13 9.480640725874778935e-16 1.387804961047832979e-18 1.196990728933360283e-21 6.083075552215778786e-25 1.821416467060145919e-28 3.213464776016623461e-32
3.213465657637386578e-32 1.752489793685238283e-33 1.178765572925484609e-29 4.671407483208580871e-26 1.090762012616927755e-22 1.500654135940539613e-19 1.216451279424890465e-16 5.810037509695192837e-14 1.635052163106998080e-11 2.711140423272695443e-09 2.648713461894658394e-07 1.524706931377295405e-05 5.171416560187935829e-04 1.033464074134826660e-02 1.216882467269897461e-01 8.442463278770446777e-01 3.451109647750854492e+00 8.312156677246093750e+00 1.179603385925292969e+01 9.863374710083007812e+00 4.859394073486328125e+00 1.410605192184448242e+00 2.412662059068679810e-01 2.431386709213256836e-02 1.443704008124768734e-03 5.050920299254357815e-05 1.041192035700078122e-06 1.264605664630380488e-08 9.050019067480263857e-11 3.816012718489691924e-13 9.480644961039515206e-16 1.387804857650256410e-18 1.196990728933360283e-21 6.083076045253844549e-25 1.821416707801388967e-28 3.213465657637386578e-32
3.213467714752500517e-32 1.752415406933350310e-33 1.178765422462207704e-29 4.671408099506163075e-26 1.090761760181438084e-22 1.500654265187510324e-19 1.216451279424890465e-16 5.810039542574266247e-14 1.635052336579345678e-11 2.711140201228090518e-09 2.648713177677564090e-07 1.524706840427825227e-05 5.171417724341154099e-04 1.033464074134826660e-02 1.216882318258285522e-01 8.442463278770446777e-01 3.451108932495117188e+00 8.312156677246093750e+00 1.179603385925292969e+01 9.863371849060058594e+00 4.859395027160644531e+00 1.410605192184448242e+00 2.412661910057067871e-01 2.431386709213256836e-02 1.443703775294125080e-03 5.050919207860715687e-05 1.041192035700078122e-06 1.264605664630380488e-08 9.050020455259044638e-11 3.816012989540235045e-13 9.480642843457147070e-16 1.387804961047832979e-18 1.196990728933360283e-21 6.083076045253844549e-25 1.821416467060145919e-28 3.213467714752500517e-32
3.213466539258149695e-32 1.752513303572254729e-33 1.178765873852038420e-29 4.671409023952536381e-26 1.090762138834672590e-22 1.500654523681451747e-19 1.216451676471584490e-16 5.810040220200624050e-14 1.635053203941083666e-11 2.711141533495720068e-09 2.648714598763035610e-07 1.524707386124646291e-05 5.171418888494372368e-04 1.033464260399341583e-02 1.216882914304733276e-01 8.442466855049133301e-01 3.451110363006591797e+00 8.312158584594726562e+00 1.179603767395019531e+01 9.863378524780273438e+00 4.859396457672119141e+00 1.410605549812316895e+00 2.412663102149963379e-01 2.431387826800346375e-02 1.443704357370734215e-03 5.050921754445880651e-05 1.041192490447429009e-06 1.264605931083906398e-08 9.050021843037825420e-11 3.816014073742407531e-13 9.480647078621883342e-16 1.387805374638139255e-18 1.196991132830143756e-21 6.083078017406107602e-25 1.821417189283875064e-28 3.213466539258149695e-32
3.213465363763798873e-32 1.752513487243247045e-33 1.178765873852038420e-29 4.671408715803745279e-26 1.090762265052417426e-22 1.500654523681451747e-19 1.216451808820482499e-16 5.810038864947908444e-14 1.635053030468736068e-11 2.711141089406510218e-09 2.648714030328847002e-07 1.524707204225705937e-05 5.171417724341154099e-04 1.033464260399341583e-02 1.216882765293121338e-01 8.442465066909790039e-01 3.451109886169433594e+00 8.312156677246093750e+00 1.179603672027587891e+01 9.863374710083007812e+00 4.859396457672119141e+00 1.410605430603027344e+00 2.412662655115127563e-01 2.431387081742286682e-02 1.443704357370734215e-03 5.050921390647999942e-05 1.041192263073753566e-06 1.264606108719590338e-08 9.050020455259044638e-11 3.816014344792950652e-13 9.480642843457147070e-16 1.387805167842986117e-18 1.196990930881752019e-21 6.083078017406107602e-25 1.821416948542632015e-28 3.213465363763798873e-32
3.213467420878912812e-32 1.752415223262357994e-33 1.178765572925484609e-29 4.671408099506163075e-26 1.090761886399182920e-22 1.500654394434481036e-19 1.216451544122686482e-16 5.810038864947908444e-14 1.635052510051693275e-11 2.711140423272695443e-09 2.648713461894658394e-07 1.524706931377295405e-05 5.171417724341154099e-04 1.033464074134826660e-02 1.216882690787315369e-01 8.442464470863342285e-01 3.451109409332275391e+00 8.312154769897460938e+00 1.179603576660156250e+01 9.863374710083007812e+00 4.859395027160644531e+00 1.410605072975158691e+00 2.412662506103515625e-01 2.431387081742286682e-02 1.443703891709446907e-03 5.050920299254357815e-05 1.041192035700078122e-06 1.264605842266064428e-08 9.050021843037825420e-11 3.816013260590778167e-13 9.480644961039515206e-16 1.387805064445409548e-18 1.196990930881752019e-21 6.083076538291910312e-25 1.821416828172010491e-28 3.213467420878912812e-32
3.213465657637386578e-32 1.752490161027222915e-33 1.178765572925484609e-29 4.671409023952536381e-26 1.090762012616927755e-22 1.500654394434481036e-19 1.216451676471584490e-16 5.810038864947908444e-14 1.635052856996388471e-11 2.711140867361905293e-09 2.648714030328847002e-07 1.524707022326765582e-05 5.171418306417763233e-04 1.033464353531599045e-02 1.216882690787315369e-01 8.442465066909790039e-01 3.451109409332275391e+00 8.312156677246093750e+00 1.179603862762451172e+01 9.863378524780273438e+00 4.859395980834960938e+00 1.410605311393737793e+00 2.412662506103515625e-01 2.431387268006801605e-02 1.443704240955412388e-03 5.050920663052238524e-05 1.041192263073753566e-06 1.264605664630380488e-08 9.050020455259044638e-11 3.816013260590778167e-13 9.480646019830699274e-16 1.387805064445409548e-18 1.196991031855947888e-21 6.083077031329976075e-25 1.821416948542632015e-28 3.213465657637386578e-32
3.213465951510974284e-32 1.752512568888285465e-33 1.178765949083676872e-29 4.671408715803745279e-26 1.090762138834672590e-22 1.500654652928422459e-19 1.216451544122686482e-16 5.810040220200624050e-14 1.635052856996388471e-11 2.711140867361905293e-09 2.648714030328847002e-07 1.524707568023586646e-05 5.171418888494372368e-04 1.033464446663856506e-02 1.216882765293121338e-01 8.442465066909790039e-01 3.451109886169433594e+00 8.312158584594726562e+00 1.179603862762451172e+01 9.863375663757324219e+00 4.859395980834960938e+00 1.410605311393737793e+00 2.412662506103515625e-01 2.431387268006801605e-02 1.443704240955412388e-03 5.050921754445880651e-05 1.041192263073753566e-06 1.264606019901748368e-08 9.050023230816606201e-11 3.816014344792950652e-13 9.480646019830699274e-16 1.387805374638139255e-18 1.196990930881752019e-21 6.083077031329976075e-25 1.821416948542632015e-28 3.213465951510974284e-32
3.213464776016623461e-32 1.752461508352421622e-33 1.178765347230569251e-29 4.671408407654954177e-26 1.090761886399182920e-22 1.500654265187510324e-19 1.216451279424890465e-16 5.810037509695192837e-14 1.635052510051693275e-11 2.711140201228090518e-09 2.648712893460469786e-07 1.524707113276235759e-05 5.171416560187935829e-04 1.033464074134826660e-02 1.216882616281509399e-01 8.442463874816894531e-01 3.451108932495117188e+00 8.312156677246093750e+00 1.179603576660156250e+01 9.863372802734375000e+00 4.859394073486328125e+00 1.410605192184448242e+00 2.412662059068679810e-01 2.431387081742286682e-02 1.443703775294125080e-03 5.050921026850119233e-05 1.041192035700078122e-06 1.264605664630380488e-08 9.050019067480263857e-11 3.816012718489691924e-13 9.480642843457147070e-16 1.387804857650256410e-18 1.196990728933360283e-21 6.083076045253844549e-25 1.821416467060145919e-28 3.213464776016623461e-32
3.213465951510974284e-32 1.752490161027222915e-33 1.178765497693846156e-29 4.671408099506163075e-26 1.090762138834672590e-22 1.500654135940539613e-19 1.216451544122686482e-16 5.810037509695192837e-14 1.635052510051693275e-11 2.711140423272695443e-09 2.648713177677564090e-07 1.524707113276235759e-05 5.171417724341154099e-04 1.033464074134826660e-02 1.216882467269897461e-01 8.442463874816894531e-01 3.451108932495117188e+00 8.312155723571777344e+00 1.179603481292724609e+01 9.863373756408691406e+00 4.859395027160644531e+00 1.410605192184448242e+00 2.412661761045455933e-01 2.431386522948741913e-02 1.443704124540090561e-03 5.050919935456477106e-05 1.041192149386915844e-06 1.264605664630380488e-08 9.050019761369654248e-11 3.816013260590778167e-13 9.480642843457147070e-16 1.387804857650256410e-18 1.196990728933360283e-21 6.083076045253844549e-25 1.821416707801388967e-28 3.213465951510974284e-32
3.213465363763798873e-32 1.752509997494393041e-33 1.178765422462207704e-29 4.671408715803745279e-26 1.090761886399182920e-22 1.500654265187510324e-19 1.216451411773788473e-16 5.810038864947908444e-14 1.635052510051693275e-11 2.711140201228090518e-09 2.648713461894658394e-07 1.524706931377295405e-05 5.171417724341154099e-04 1.033464167267084122e-02 1.216882541775703430e-01 8.442463874816894531e-01 3.451109170913696289e+00 8.312154769897460938e+00 1.179603576660156250e+01 9.863373756408691406e+00 4.859395503997802734e+00 1.410605192184448242e+00 2.412662059068679810e-01 2.431387081742286682e-02 1.443704008124768734e-03 5.050920299254357815e-05 1.041192263073753566e-06 1.264605842266064428e-08 9.050019067480263857e-11 3.816013260590778167e-13 9.480643902248331138e-16 1.387804961047832979e-18 1.196990728933360283e-21 6.083076538291910312e-25 1.821416587430767443e-28 3.213465363763798873e-32
3.213463306648684934e-32 1.752462977720360149e-33 1.178765798620399967e-29 4.671409640250118584e-26 1.090762138834672590e-22 1.500654523681451747e-19 1.216451676471584490e-16 5.810040220200624050e-14 1.635053030468736068e-11 2.711140645317300368e-09 2.648714030328847002e-07 1.524707477074116468e-05 5.171418888494372368e-04 1.033464353531599045e-02 1.216882839798927307e-01 8.442466259002685547e-01 3.451110124588012695e+00 8.312157630920410156e+00 1.179603767395019531e+01 9.863376617431640625e+00 4.859395980834960938e+00 1.410605430603027344e+00 2.412662804126739502e-01 2.431387454271316528e-02 1.443704473786056042e-03 5.050921754445880651e-05 1.041192490447429009e-06 1.264606108719590338e-08 9.050021149148435029e-11 3.816014073742407531e-13 9.480644961039515206e-16 1.387805374638139255e-18 1.196991132830143756e-21 6.083077524368041838e-25 1.821416948542632015e-28 3.213463306648684934e-32
3.213466833131737400e-32 1.752468304179137313e-33 1.178765648157123062e-29 4.671409023952536381e-26 1.090762138834672590e-22 1.500654523681451747e-19 1.216451544122686482e-16 5.810040220200624050e-14 1.635052856996388471e-11 2.711140867361905293e-09 2.648713746111752698e-07 1.524707295175176114e-05 5.171417724341154099e-04 1.033464260399341583e-02 1.216882765293121338e-01 8.442465066909790039e-01 3.451109886169433594e+00 8.312157630920410156e+00 1.179603767395019531e+01 9.863376617431640625e+00 4.859395980834960938e+00 1.410605311393737793e+00 2.412662655115127563e-01 2.431387081742286682e-02 1.443704357370734215e-03 5.050921026850119233e-05 1.041192263073753566e-06 1.264605931083906398e-08 9.050021843037825420e-11 3.816014073742407531e-13 9.480644961039515206e-16 1.387805167842986117e-18 1.196991132830143756e-21 6.083078017406107602e-25 1.821416948542632015e-28 3.213466833131737400e-32
3.213461837280746406e-32 1.752485752923407331e-33 1.178765422462207704e-29 4.671407791357371973e-26 1.090762012616927755e-22 1.500654006693568902e-19 1.216451279424890465e-16 5.810038187321550640e-14 1.635052336579345678e-11 2.711140423272695443e-09 2.648713177677564090e-07 1.524706749478355050e-05 5.171417142264544964e-04 1.033464074134826660e-02 1.216882541775703430e-01 8.442463874816894531e-01 3.451109170913696289e+00 8.312154769897460938e+00 1.179603385925292969e+01 9.863374710083007812e+00 4.859395027160644531e+00 1.410605192184448242e+00 2.412662059068679810e-01 2.431386895477771759e-02 1.443704008124768734e-03 5.050920299254357815e-05 1.041192149386915844e-06 1.264605664630380488e-08 9.050019761369654248e-11 3.816012989540235045e-13 9.480643902248331138e-16 1.387804857650256410e-18 1.196990627959164414e-21 6.083075059177713023e-25 1.821416467060145919e-28 3.213461837280746406e-32
3.213462131154334111e-32 1.752485569252415015e-33 1.178765497693846156e-29 4.671408099506163075e-26 1.090761886399182920e-22 1.500654135940539613e-19 1.216451279424890465e-16 5.810038187321550640e-14 1.635052510051693275e-11 2.711140201228090518e-09 2.648713177677564090e-07 1.524706931377295405e-05 5.171417142264544964e-04 1.033464074134826660e-02 1.216882467269897461e-01 8.442463278770446777e-01 3.451109170913696289e+00 8.312155723571777344e+00 1.179603481292724609e+01 9.863373756408691406e+00 4.859395027160644531e+00 1.410605072975158691e+00 2.412661761045455933e-01 2.431386709213256836e-02 1.443703891709446907e-03 5.050919571658596396e-05 1.041192035700078122e-06 1.264605486994696548e-08 9.050019067480263857e-11 3.816013260590778167e-13 9.480642843457147070e-16 1.387804857650256410e-18 1.196990728933360283e-21 6.083076045253844549e-25 1.821416346689524394e-28 3.213462131154334111e-32
3.213465951510974284e-32 1.752467936837152681e-33 1.178765347230569251e-29 4.671407483208580871e-26 1.090761886399182920e-22 1.500654135940539613e-19 1.216451279424890465e-16 5.810038187321550640e-14 1.635052336579345678e-11 2.711140201228090518e-09 2.648712893460469786e-07 1.524706749478355050e-05 5.171417142264544964e-04 1.033463981002569199e-02 1.216882318258285522e-01 8.442462682723999023e-01 3.451108932495117188e+00 8.312154769897460938e+00 1.179603481292724609e+01 9.863373756408691406e+00 4.859394550323486328e+00 1.410605072975158691e+00 2.412661761045455933e-01 2.431386709213256836e-02 1.443703891709446907e-03 5.050919571658596396e-05 1.041192035700078122e-06 1.264605575812538518e-08 9.050019067480263857e-11 3.816012989540235045e-13 9.480642843457147070e-16 1.387804754252679841e-18 1.196990627959164414e-21 6.083076045253844549e-25 1.821416346689524394e-28 3.213465951510974284e-32
3.213462131154334111e-32 1.752462426707383201e-33 1.178765497693846156e-29 4.671408099506163075e-26 1.090761886399182920e-22 1.500654006693568902e-19 1.216451279424890465e-16 5.810038187321550640e-14 1.635052336579345678e-11 2.711140201228090518e-09 2.648713177677564090e-07 1.524706931377295405e-05 5.171416560187935829e-04 1.033464074134826660e-02 1.216882243752479553e-01 8.442463874816894531e-01 3.451108932495117188e+00 8.312154769897460938e+00 1.179603481292724609e+01 9.863373756408691406e+00 4.859395027160644531e+00 1.410605072975158691e+00 2.412661910057067871e-01 2.431386895477771759e-02 1.443703891709446907e-03 5.050919935456477106e-05 1.041192035700078122e-06 1.264605664630380488e-08 9.050019761369654248e-11 3.816012718489691924e-13 9.480642843457147070e-16 1.387804857650256410e-18 1.196990728933360283e-21 6.083076045253844549e-25 1.821416467060145919e-28 3.213462131154334111e-32
3.213465069890211167e-32 1.752509446481416093e-33 1.178765422462207704e-29 4.671408099506163075e-26 1.090762012616927755e-22 1.500654006693568902e-19 1.216451279424890465e-16 5.810038864947908444e-14 1.635052336579345678e-11 2.711140201228090518e-09 2.648713461894658394e-07 1.524706931377295405e-05 5.171417142264544964e-04 1.033464074134826660e-02 1.216882467269897461e-01 8.442463874816894531e-01 3.451109409332275391e+00 8.312155723571777344e+00 1.179603481292724609e+01 9.863372802734375000e+00 4.859394550323486328e+00 1.410605192184448242e+00 2.412662059068679810e-01 2.431386709213256836e-02 1.443703891709446907e-03 5.050919571658596396e-05 1.041192035700078122e-06 1.264605664630380488e-08 9.050019761369654248e-11 3.816012989540235045e-13 9.480642843457147070e-16 1.387804961047832979e-18 1.196990829907556151e-21 6.083076045253844549e-25 1.821416707801388967e-28 3.213465069890211167e-32
3.213465951510974284e-32 1.752466283798221837e-33 1.178765422462207704e-29 4.671408407654954177e-26 1.090762012616927755e-22 1.500654006693568902e-19 1.216451411773788473e-16 5.810038187321550640e-14 1.635052336579345678e-11 2.711140201228090518e-09 2.648713461894658394e-07 1.524706931377295405e-05 5.171417142264544964e-04 1.033464074134826660e-02 1.216882467269897461e-01 8.442462682723999023e-01 3.451108932495117188e+00 8.312155723571777344e+00 1.179603290557861328e+01 9.863373756408691406e+00 4.859395027160644531e+00 1.410605192184448242e+00 2.412661910057067871e-01 2.431386709213256836e-02 1.443703891709446907e-03 5.050919935456477106e-05 1.041192149386915844e-06 1.264605664630380488e-08 9.050019067480263857e-11 3.816012718489691924e-13 9.480642843457147070e-16 1.387804961047832979e-18 1.196990728933360283e-21 6.083076045253844549e-25 1.821416587430767443e-28 3.213465951510974284e-32
3.213467127005325106e-32 1.752437998465405176e-33 1.178765422462207704e-29 4.671407791357371973e-26 1.090761886399182920e-22 1.500654135940539613e-19 1.216451279424890465e-16 5.810037509695192837e-14 1.635052510051693275e-11 2.711140201228090518e-09 2.648713461894658394e-07 1.524707113276235759e-05 5.171417142264544964e-04 1.033464074134826660e-02 1.216882541775703430e-01 8.442463278770446777e-01 3.451108694076538086e+00 8.312154769897460938e+00 1.179603481292724609e+01 9.863373756408691406e+00 4.859394073486328125e+00 1.410604953765869141e+00 2.412662208080291748e-01 2.431386709213256836e-02 1.443703891709446907e-03 5.050920299254357815e-05 1.041192035700078122e-06 1.264605575812538518e-08 9.050019067480263857e-11 3.816012718489691924e-13 9.480642843457147070e-16 1.387804961047832979e-18 1.196990627959164414e-21 6.083076045253844549e-25 1.821416467060145919e-28 3.213467127005325106e-32
3.213465363763798873e-32 1.752512568888285465e-33 1.178765422462207704e-29 4.671408099506163075e-26 1.090761886399182920e-22 1.500653748199627479e-19 1.216451279424890465e-16 5.810038187321550640e-14 1.635052510051693275e-11 2.711140201228090518e-09 2.648713461894658394e-07 1.524706840427825227e-05 5.171417142264544964e-04 1.033464074134826660e-02 1.216882318258285522e-01 8.442463874816894531e-01 3.451109170913696289e+00 8.312155723571777344e+00 1.179603385925292969e+01 9.863374710083007812e+00 4.859395027160644531e+00 1.410605072975158691e+00 2.412662357091903687e-01 2.431386709213256836e-02 1.443703891709446907e-03 5.050919571658596396e-05 1.041192149386915844e-06 1.264605664630380488e-08 9.050020455259044638e-11 3.816012989540235045e-13 9.480642843457147070e-16 1.387804857650256410e-18 1.196990829907556151e-21 6.083076538291910312e-25 1.821416226318902870e-28 3.213465363763798873e-32
3.213465657637386578e-32 1.752512385217293149e-33 1.178765572925484609e-29 4.671407483208580871e-26 1.090762012616927755e-22 1.500654135940539613e-19 1.216451279424890465e-16 5.810037509695192837e-14 1.635052163106998080e-11 2.711140423272695443e-09 2.648712893460469786e-07 1.524706931377295405e-05 5.171415978111326694e-04 1.033464074134826660e-02 1.216882318258285522e-01 8.442463278770446777e-01 3.451108932495117188e+00 8.312153816223144531e+00 1.179603385925292969e+01 9.863373756408691406e+00 4.859394550323486328e+00 1.410605192184448242e+00 2.412661910057067871e-01 2.431386895477771759e-02 1.443704124540090561e-03 5.050920299254357815e-05 1.041192035700078122e-06 1.264605486994696548e-08 9.050019761369654248e-11 3.816013260590778167e-13 9.480642843457147070e-16 1.387804754252679841e-18 1.196990627959164414e-21 6.083075059177713023e-25 1.821416346689524394e-28 3.213465657637386578e-32
3.213464482143035756e-32 1.752461508352421622e-33 1.178765422462207704e-29 4.671408099506163075e-26 1.090761760181438084e-22 1.500654006693568902e-19 1.216451279424890465e-16 5.810038187321550640e-14 1.635052336579345678e-11 2.711140201228090518e-09 2.648713177677564090e-07 1.524706931377295405e-05 5.171416560187935829e-04 1.033464074134826660e-02 1.216882467269897461e-01 8.442463874816894531e-01 3.451109409332275391e+00 8.312154769897460938e+00 1.179603576660156250e+01 9.863372802734375000e+00 4.859395027160644531e+00 1.410604953765869141e+00 2.412662208080291748e-01 2.431386522948741913e-02 1.443704124540090561e-03 5.050919571658596396e-05 1.041192035700078122e-06 1.264605486994696548e-08 9.050019067480263857e-11 3.816012718489691924e-13 9.480641784665963002e-16 1.387804961047832979e-18 1.196990526984968546e-21 6.083076045253844549e-25 1.821416226318902870e-28 3.213464482143035756e-32
3.213465657637386578e-32 1.752467385824175733e-33 1.178765422462207704e-29 4.671408099506163075e-26 1.090761886399182920e-22 1.500654006693568902e-19 1.216451279424890465e-16 5.810038864947908444e-14 1.635052163106998080e-11 2.711140201228090518e-09 2.648713177677564090e-07 1.524706749478355050e-05 5.171416560187935829e-04 1.033464074134826660e-02 1.216882318258285522e-01 8.442462682723999023e-01 3.451108932495117188e+00 8.312154769897460938e+00 1.179603481292724609e+01 9.863373756408691406e+00 4.859395503997802734e+00 1.410605192184448242e+00 2.412661612033843994e-01 2.431386522948741913e-02 1.443703658878803253e-03 5.050918844062834978e-05 1.041191808326402679e-06 1.264605309359012608e-08 9.050019067480263857e-11 3.816012989540235045e-13 9.480642843457147070e-16 1.387804650855103271e-18 1.196990526984968546e-21 6.083075552215778786e-25 1.821416226318902870e-28 3.213465657637386578e-32
3.213462425027921817e-32 1.752486120265391963e-33 1.178765572925484609e-29 4.671408407654954177e-26 1.090762012616927755e-22 1.500654265187510324e-19 1.216451544122686482e-16 5.810038864947908444e-14 1.635052510051693275e-11 2.711140201228090518e-09 2.648713461894658394e-07 1.524707022326765582e-05 5.171417724341154099e-04 1.033464074134826660e-02 1.216882541775703430e-01 8.442464470863342285e-01 3.451109886169433594e+00 8.312155723571777344e+00 1.179603481292724609e+01 9.863374710083007812e+00 4.859394073486328125e+00 1.410605192184448242e+00 2.412662357091903687e-01 2.431387081742286682e-02 1.443704008124768734e-03 5.050920299254357815e-05 1.041192035700078122e-06 1.264605842266064428e-08 9.050020455259044638e-11 3.816013531641321288e-13 9.480642843457147070e-16 1.387805167842986117e-18 1.196990526984968546e-21 6.083075552215778786e-25 1.821416467060145919e-28 3.213462425027921817e-32
3.213465069890211167e-32 1.752486120265391963e-33 1.178765422462207704e-29 4.671407483208580871e-26 1.090761886399182920e-22 1.500653877446598190e-19 1.216451147075992456e-16 5.810038187321550640e-14 1.635052163106998080e-11 2.711140201228090518e-09 2.648712893460469786e-07 1.524706749478355050e-05 5.171416560187935829e-04 1.033463981002569199e-02 1.216882318258285522e-01 8.442462682723999023e-01 3.451108455657958984e+00 8.312155723571777344e+00 1.179603385925292969e+01 9.863372802734375000e+00 4.859395027160644531e+00 1.410604953765869141e+00 2.412661910057067871e-01 2.431386336684226990e-02 1.443703542463481426e-03 5.050919207860715687e-05 1.041191808326402679e-06 1.264605398176854578e-08 9.050017679701483075e-11 3.816012718489691924e-13 9.480640725874778935e-16 1.387804547457526702e-18 1.196990728933360283e-21 6.083075059177713023e-25 1.821416467060145919e-28 3.213465069890211167e-32
3.213466539258149695e-32 1.752467753166160365e-33 1.178765723388761514e-29 4.671409332101327483e-26 1.090762138834672590e-22 1.500654394434481036e-19 1.216451544122686482e-16 5.810040897826981854e-14 1.635052683524040873e-11 2.711140645317300368e-09 2.648714030328847002e-07 1.524707113276235759e-05 5.171417724341154099e-04 1.033464260399341583e-02 1.216882765293121338e-01 8.442465662956237793e-01 3.451110363006591797e+00 8.312158584594726562e+00 1.179603576660156250e+01 9.863376617431640625e+00 4.859395980834960938e+00 1.410605192184448242e+00 2.412662804126739502e-01 2.431387081742286682e-02 1.443704357370734215e-03 5.050921754445880651e-05 1.041192376760591287e-06 1.264606019901748368e-08 9.050021843037825420e-11 3.816013802691864409e-13 9.480644961039515206e-16 1.387805167842986117e-18 1.196991132830143756e-21 6.083076538291910312e-25 1.821417068913253540e-28 3.213466539258149695e-32
3.213467714752500517e-32 1.752414488578388730e-33 1.178765497693846156e-29 4.671407483208580871e-26 1.090762138834672590e-22 1.500654265187510324e-19 1.216451279424890465e-16 5.810038187321550640e-14 1.635052510051693275e-11 2.711140423272695443e-09 2.648713746111752698e-07 1.524706749478355050e-05 5.171417142264544964e-04 1.033464260399341583e-02 1.216882467269897461e-01 8.442463874816894531e-01 3.451109409332275391e+00 8.312154769897460938e+00 1.179603385925292969e+01 9.863374710083007812e+00 4.859394550323486328e+00 1.410604953765869141e+00 2.412662208080291748e-01 2.431387081742286682e-02 1.443703891709446907e-03 5.050920299254357815e-05 1.041192263073753566e-06 1.264605842266064428e-08 9.050021149148435029e-11 3.816013531641321288e-13 9.480644961039515206e-16 1.387805167842986117e-18 1.196990627959164414e-21 6.083076045253844549e-25 1.821416707801388967e-28 3.213467714752500517e-32
3.213469184120439045e-32 1.752490344698215231e-33 1.178765873852038420e-29 4.671410564696491890e-26 1.090762012616927755e-22 1.500654782175393170e-19 1.216451808820482499e-16 5.810040220200624050e-14 1.635052856996388471e-11 2.711141089406510218e-09 2.648714598763035610e-07 1.524707658973056823e-05 5.171418888494372368e-04 1.033464446663856506e-02 1.216882839798927307e-01 8.442466855049133301e-01 3.451109886169433594e+00 8.312158584594726562e+00 1.179603862762451172e+01 9.863376617431640625e+00 4.859395027160644531e+00 1.410605549812316895e+00 2.412662804126739502e-01 2.431387454271316528e-02 1.443704357370734215e-03 5.050921754445880651e-05 1.041192490447429009e-06 1.264605931083906398e-08 9.050022536927215810e-11 3.816014344792950652e-13 9.480644961039515206e-16 1.387805271240562686e-18 1.196991132830143756e-21 6.083079003482239128e-25 1.821417189283875064e-28 3.213469184120439045e-32
4.362836115880587274e-32 1.282398674367362707e-33 8.784271800644016403e-30 3.545020113737115086e-26 8.429337861770567745e-23 1.180972998372317450e-19 9.748845635340074619e-17 4.741691116355931102e-14 1.358868920164901795e-11 2.294499701349650422e-09 2.282798732267110609e-07 1.338188667432405055e-05 4.622002306859940290e-04 9.406119585037231445e-03 1.127875447273254395e-01 7.968481779098510742e-01 3.317092418670654297e+00 8.135940551757812500e+00 1.175774192810058594e+01 1.001169204711914062e+01 5.022944450378417969e+00 1.484827280044555664e+00 2.586193680763244629e-01 2.654071524739265442e-02 1.604836201295256615e-03 5.717644307878799736e-05 1.200248902932798956e-06 1.484535516738105798e-08 1.081877989972390708e-10 4.645513574513815414e-13 1.175312424423965996e-15 1.752036366197541964e-18 1.538873806117224851e-21 7.963909769917989736e-25 2.428332844504951166e-28 4.362836115880587274e-32
5.914403435625572169e-32 9.386445450880817459e-34 6.547568985605595204e-30 2.690712103071540681e-26 6.514952305085562484e-23 9.294594273436781643e-20 7.812943231712000643e-17 3.869582944544293357e-14 1.129222410023444922e-11 1.941641958325135420e-09 1.967062388530393946e-07 1.174182398244738579e-05 4.129716544412076473e-04 8.557993918657302856e-03 1.044948846101760864e-01 7.517634034156799316e-01 3.186654090881347656e+00 7.958976745605468750e+00 1.171238327026367188e+01 1.015548515319824219e+01 5.188279628753662109e+00 1.561754822731018066e+00 2.769937217235565186e-01 2.894634008407592773e-02 1.782312174327671528e-03 6.466082413680851460e-05 1.382189566356828436e-06 1.740839294939178217e-08 1.291868279018615340e-10 5.648648866360406195e-13 1.455247602008210867e-15 2.208992856858067106e-18 1.975726547637875226e-21 1.041176783856981447e-24 3.232788726709395565e-28 5.914403435625572169e-32
8.006328463775475708e-32 6.871189678903481983e-34 4.881131770151080963e-30 2.042477517934631655e-26 5.035632372872083709e-23 7.315140727839729504e-20 6.261231811901325816e-17 3.157634472904929934e-14 9.382692539583459279e-12 1.642716074279348959e-09 1.694604634394636378e-07 1.030000112223206088e-05 3.688690776471048594e-04 7.783503271639347076e-03 9.677110612392425537e-02 7.089012861251831055e-01 3.059782505035400391e+00 7.781505584716796875e+00 1.166010856628417969e+01 1.029458808898925781e+01 5.355285644531250000e+00 1.641432285308837891e+00 2.964361906051635742e-01 3.154322132468223572e-02 1.977639272809028625e-03 7.305595499929040670e-05 1.590130295880953781e-06 2.039265112330213015e-08 1.540935018473632567e-10 6.860608543941826287e-13 1.799728384239127933e-15 2.781764973033673037e-18 2.533372700191842977e-21 1.359406822897211104e-24 4.297904300929583336e-28 8.006328463775475708e-32
1.081999291739805391e-31 5.033202783169580884e-34 3.640434910598286680e-30 1.550992059855466491e-26 3.893417949008510351e-23 5.758697007744638805e-20 5.018542495795151322e-17 2.576940363299608933e-14 7.796438841745079174e-12 1.389800718953893011e-09 1.459748375509661855e-07 9.033760761667508632e-06 3.294068737886846066e-04 7.077142596244812012e-03 8.958899974822998047e-02 6.682124137878417969e-01 2.936581611633300781e+00 7.603929519653320312e+00 1.160111999511718750e+01 1.042867851257324219e+01 5.523646354675292969e+00 1.723809003829956055e+00 3.169714808464050293e-01 3.434138372540473938e-02 2.192208077758550644e-03 8.245444041676819324e-05 1.827319579206232447e-06 2.386053132852339331e-08 1.835743501654718557e-10 8.321723301771277725e-13 2.222697886340588638e-15 3.497949941500966416e-18 3.243534115204718201e-21 1.772101870653912246e-24 5.704493754303190331e-28 1.081999291739805391e-31
1.460093758297611865e-31 3.686982341981001000e-34 2.715619149947611075e-30 1.177953604472049596e-26 3.010562689208604547e-23 4.533590821765320255e-20 4.022509835673919129e-17 2.102932425093219371e-14 6.477654350411921058e-12 1.175640917949749564e-09 1.257193957826530095e-07 7.921352334960829467e-06 2.940759586635977030e-04 6.432612426578998566e-03 8.290585875511169434e-02 6.295746564865112305e-01 2.816932916641235352e+00 7.426331043243408203e+00 1.153553771972656250e+01 1.055768966674804688e+01 5.693339824676513672e+00 1.808973312377929688e+00 3.386607766151428223e-01 3.735630586743354797e-02 2.427893225103616714e-03 9.297436918132007122e-05 2.097805008816067129e-06 2.788891961813533271e-08 2.184578073993748148e-10 1.008252509260287866e-12 2.741807957296017381e-15 4.393106188842070523e-18 4.147388271699981097e-21 2.307010306683460268e-24 7.561032442794154076e-28 1.460093758297611865e-31
1.966917081411707374e-31 2.702930332748325526e-34 2.026779460365750595e-30 8.950365756459045876e-27 2.328798487113483570e-23 3.570232369696482614e-20 3.224997875587453408e-17 1.716435865238997299e-14 5.382594110009408794e-12 9.945348988793512035e-10 1.082738236846125801e-07 6.945226232346612960e-06 2.624929766170680523e-04 5.845430307090282440e-03 7.669825106859207153e-02 5.929502248764038086e-01 2.700963973999023438e+00 7.249157905578613281e+00 1.146363353729248047e+01 1.068130493164062500e+01 5.863997459411621094e+00 1.896836280822753906e+00 3.615210652351379395e-01 4.059793055057525635e-02 2.686215797439217567e-03 1.047237165039405227e-04 2.405570285191060975e-06 3.255785685496448423e-08 2.596345360927898582e-10 1.219932575097226746e-12 3.377348847840417299e-15 5.509118418963914189e-18 5.294927696000413537e-21 2.998504871386210860e-24 1.000475154162481487e-27 1.966917081411707374e-31
2.645766009407059068e-31 1.981703248325166681e-34 1.513038588095936089e-30 6.801913095925331038e-27 1.801657648873284762e-23 2.811815669205900264e-20 2.585621011052955179e-17 1.400918972298791088e-14 4.472227276008933217e-12 8.412140428681880167e-10 9.322950234036397887e-08 6.087887413741555065e-06 2.342349325772374868e-04 5.310066975653171539e-03 7.092764973640441895e-02 5.582106113433837891e-01 2.588512897491455078e+00 7.072409152984619141e+00 1.138549804687500000e+01 1.079950523376464844e+01 6.035631179809570312e+00 1.987505674362182617e+00 3.856219053268432617e-01 4.408404976129531860e-02 2.969393040984869003e-03 1.178480233647860587e-04 2.755783043539850041e-06 3.796935388322708604e-08 3.082388233544008926e-10 1.474384525058936024e-12 4.155255648027531001e-15 6.900051570293269581e-18 6.751188857922822115e-21 3.891990426314422408e-24 1.321970062000059452e-27 2.645766009407059068e-31
3.552642973947802039e-31 1.453470180993579329e-34 1.130131365547218973e-30 5.171661931436134446e-27 1.394407891008575330e-23 2.215251395845522812e-20 2.073590256182220666e-17 1.143627971185792735e-14 3.716371828332842853e-12 7.115743549945818813e-10 8.027615194805548526e-08 5.336027697921963409e-06 2.089863701257854700e-04 4.822684451937675476e-03 6.557267904281616211e-02 5.253207683563232422e-01 2.479676723480224609e+00 6.896533966064453125e+00 1.130144691467285156e+01 1.091200351715087891e+01 6.207862854003906250e+00 2.080878257751464844e+00 4.109780788421630859e-01 4.782525449991226196e-02 3.279157448559999466e-03 1.324753538938239217e-04 3.153379793729982339e-06 4.422637545076213428e-08 3.654733737867843502e-10 1.779499507817416948e-12 5.105128559473870453e-15 8.629447589534928900e-18 8.594611743991961906e-21 5.043588113987328135e-24 1.743859460792666370e-27 3.552642973947802039e-31
4.705124906962911789e-31 1.080828255083966612e-34 8.547811237823566363e-31 3.978554108678074997e-27 1.091094343939079263e-23 1.763062774235753321e-20 1.678572139890992427e-17 9.416167119028623356e-15 3.112277796590845469e-12 6.061140478408333365e-10 6.954921616397768958e-08 4.702149453805759549e-06 1.873132714536041021e-04 4.396544769406318665e-03 6.080201268196105957e-02 4.954407215118408203e-01 2.378673553466796875e+00 6.728879928588867188e+00 1.121549224853515625e+01 1.101440811157226562e+01 6.373401641845703125e+00 2.172941207885742188e+00 4.365081787109375000e-01 5.166578665375709534e-02 3.603133605793118477e-03 1.480562204960733652e-04 3.584599653549958020e-06 5.113498247055758839e-08 4.297984745882388324e-10 2.128527389066992015e-12 6.210994446618350873e-15 1.067840870841450568e-17 1.081738337482832814e-20 6.456683330979684014e-24 2.270641937704401946e-27 4.705124906962911789e-31
6.205898763160560394e-31 8.059013633851200996e-35 6.484650321339414035e-31 3.069291574460756316e-27 8.559525785769725942e-24 1.406483952974896244e-20 1.361695294525811054e-17 7.767808816419759232e-15 2.610852506412797425e-12 5.170485151140269409e-10 6.033211974454388837e-08 4.147985691815847531e-06 1.680307032074779272e-04 4.010580480098724365e-03 5.640221387147903442e-02 4.673573076725006104e-01 2.281757116317749023e+00 6.563841819763183594e+00 1.112532043457031250e+01 1.111052322387695312e+01 6.537679672241210938e+00 2.266623973846435547e+00 4.630233645439147949e-01 5.573048442602157593e-02 3.952293191105127335e-03 1.651485217735171318e-04 4.065999746671877801e-06 5.898278132576706412e-08 5.041402850736176333e-10 2.538894008224934495e-12 7.533617759031101258e-15 1.317129780971659114e-17 1.356824520329444684e-20 8.235480658566659597e-24 2.945151330256404939e-27 6.205898763160560394e-31
8.122101726893611982e-31 1.023789572803348863e-34 4.952644520635897909e-31 2.382763993869788094e-27 6.754296490261962527e-24 1.128112635250227096e-20 1.110175478283546992e-17 6.437185277820191981e-15 2.199203926606108084e-12 4.427005984020127016e-10 5.250660706224152818e-08 3.669319085020106286e-06 1.510861038696020842e-04 3.665480762720108032e-03 5.239724367856979370e-02 4.413155317306518555e-01 2.190067291259765625e+00 6.403748512268066406e+00 1.103257751464843750e+01 1.119919586181640625e+01 6.698291778564453125e+00 2.360521793365478516e+00 4.901393055915832520e-01 5.996494740247726440e-02 4.322569817304611206e-03 1.835923758335411549e-04 4.594472102326108143e-06 6.774554606181482086e-08 5.885661957805154998e-10 3.012843013266985892e-12 9.087032138582230856e-15 1.614864839781750874e-17 1.690915499597510045e-20 1.043216640107224570e-23 3.792122164131446179e-27 8.122101726893611982e-31
1.054942232970318306e-30 1.351077850169116435e-34 3.807855022652569209e-31 1.861320772542877252e-27 5.360686137628565640e-24 9.096925248900457425e-21 9.095654854575940828e-18 5.358440962130320631e-15 1.860000868603162161e-12 3.804122850059599159e-10 4.584147461628163001e-08 3.254850525991059840e-06 1.361666654702275991e-04 3.356463275849819183e-03 4.874790459871292114e-02 4.171552062034606934e-01 2.103334426879882812e+00 6.248620033264160156e+00 1.093773746490478516e+01 1.128075122833251953e+01 6.855132102966308594e+00 2.454484462738037109e+00 5.178122520446777344e-01 6.436519324779510498e-02 4.714072681963443756e-03 2.034271310549229383e-04 5.172373676032293588e-06 7.748822383746301057e-08 6.839947497283560551e-10 3.557398950068679788e-12 1.090138348786452022e-14 1.968320273578517173e-17 2.094024522784182042e-20 1.312601279643164919e-23 4.847792929756110336e-27 1.054942232970318306e-30
1.356589505877200069e-30 1.765270861109782473e-34 2.954562027698579556e-31 1.466495119107783088e-27 4.288740918847183307e-24 7.390134182331751429e-21 7.503116281271486214e-18 4.488397517830909969e-15 1.582030947216983563e-12 3.285512972794890629e-10 4.020280286454180896e-08 2.898567345255287364e-06 1.231320493388921022e-04 3.081962000578641891e-03 4.545173048973083496e-02 3.949491381645202637e-01 2.022092819213867188e+00 6.099961280822753906e+00 1.084223651885986328e+01 1.135476207733154297e+01 7.006557464599609375e+00 2.547406435012817383e+00 5.457066297531127930e-01 6.887902319431304932e-02 5.122489295899868011e-03 2.244618808617815375e-04 5.795258402940817177e-06 8.815923990823648637e-08 7.901901355467089161e-10 4.173132325813178056e-12 1.298552838337446030e-14 2.380804804812170123e-17 2.571903564762258613e-20 1.637033422006332693e-23 6.139252216984192759e-27 1.356589505877200069e-30
1.729671852602196441e-30 2.283973585033204089e-34 2.310355623518571168e-31 1.163861035808583763e-27 3.454496845748806692e-24 6.041440023474264722e-21 6.225360462893473728e-18 3.779624064491034566e-15 1.352091724172999054e-12 2.849901148405109552e-10 3.539294723964303557e-08 2.589843006717273965e-06 1.116594212362542748e-04 2.836545929312705994e-03 4.245673120021820068e-02 3.744304776191711426e-01 1.945650577545166016e+00 5.956944465637207031e+00 1.074607181549072266e+01 1.142202758789062500e+01 7.153257369995117188e+00 2.639559268951416016e+00 5.738870501518249512e-01 7.351705431938171387e-02 5.549017339944839478e-03 2.467807207722216845e-04 6.466601462307153270e-06 9.983996562823449494e-08 9.082447016695027742e-10 4.868169235783259552e-12 1.537446961462438783e-14 2.860853448479154374e-17 3.136650788225181346e-20 2.026276483076286266e-23 7.712458877264594934e-27 1.729671852602196441e-30
2.185159738743565536e-30 2.927519319143722118e-34 1.822059031768915569e-31 9.310806241853039208e-28 2.803316623176923298e-24 4.973118087006773188e-21 5.198189912101662893e-18 3.201393211399623795e-15 1.161707232147368707e-12 2.483808159148281902e-10 3.129015624381281668e-08 2.322543423360912129e-06 1.015764282783493400e-04 2.617480466142296791e-03 3.974158316850662231e-02 3.555250763893127441e-01 1.873969674110412598e+00 5.820012092590332031e+00 1.065002536773681641e+01 1.148272514343261719e+01 7.294686794281005859e+00 2.730454921722412109e+00 6.021865606307983398e-01 7.825167477130889893e-02 5.991323851048946381e-03 2.702836645767092705e-04 7.184315109043382108e-06 1.125165383086823567e-07 1.038277464004977446e-09 5.645193514036694893e-12 1.808474973507417927e-14 3.413573548553617339e-17 3.796463359172894676e-20 2.487793244788597455e-23 9.605270530328147879e-27 2.185159738743565536e-30
2.734747358261479732e-30 3.714480874184328703e-34 1.449682169733508701e-31 7.510326559218326930e-28 2.292465289312995252e-24 4.123080147683432553e-21 4.369257744601554182e-18 2.728099999594127412e-15 1.003638253234406807e-12 2.175501445655925181e-10 2.778502050659881206e-08 2.090899215545505285e-06 9.270815644413232803e-05 2.421977929770946503e-03 3.728146106004714966e-02 3.381267189979553223e-01 1.806897878646850586e+00 5.689264297485351562e+00 1.055465984344482422e+01 1.153718757629394531e+01 7.430584907531738281e+00 2.819763660430908203e+00 6.304783225059509277e-01 8.306036144495010376e-02 6.447390653192996979e-03 2.948780311271548271e-04 7.946377081680111587e-06 1.261713009625964332e-07 1.180375130971356157e-09 6.506508005987843291e-12 2.113193721029436867e-14 4.043880873979839152e-17 4.559659935757811768e-20 3.029202525765890791e-23 1.185730740699078581e-26 2.734747358261479732e-30
3.387236060538511793e-30 4.662489058296175391e-34 1.164906908303301329e-31 6.114668202726575790e-28 1.891084774912265930e-24 3.446069974812858931e-21 3.700020238980320441e-18 2.340700163804953354e-15 8.724879000700236364e-13 1.916176523009127663e-10 2.479600880178622901e-08 1.890570047180517577e-06 8.493322820868343115e-05 2.248140517622232437e-03 3.506235405802726746e-02 3.221971392631530762e-01 1.744494557380676270e+00 5.565273761749267578e+00 1.046089744567871094e+01 1.158560848236083984e+01 7.560249328613281250e+00 2.906833887100219727e+00 6.585241556167602539e-01 8.790022134780883789e-02 6.913130171597003937e-03 3.203522064723074436e-04 8.746786079427693039e-06 1.407133254360815044e-07 1.333788857138529238e-09 7.449191437303159802e-12 2.451303523771757031e-14 4.752807084417795948e-17 5.429711768495814330e-20 3.654826021591329065e-23 1.449501252538894548e-26 3.387236060538511793e-30
4.146055844050813087e-30 5.777848607879248674e-34 9.468768038599588530e-32 5.032219499748145944e-28 1.575760505016417870e-24 2.907306804679828265e-21 3.160507400874246648e-18 2.024352839763259027e-15 7.639907586773353465e-13 1.698843843378483598e-10 2.225793593879643595e-08 1.718245130177820101e-06 7.815499702701345086e-05 2.094549359753727913e-03 3.307463228702545166e-02 3.077253997325897217e-01 1.686937093734741211e+00 5.448827743530273438e+00 1.036986351013183594e+01 1.162814331054687500e+01 7.682722091674804688e+00 2.990794658660888672e+00 6.860025525093078613e-01 9.271100163459777832e-02 7.382499054074287415e-03 3.463732427917420864e-04 9.575307558407075703e-06 1.559642299753249972e-07 1.496811341539228124e-09 8.464000333940902010e-12 2.820019676216985183e-14 5.535958527325851065e-17 6.403296887122192333e-20 4.363997144800000523e-23 1.752342334788516613e-26 4.146055844050813087e-30
5.017083992473398921e-30 7.075057133534529834e-34 7.783525264520619333e-32 4.185351992014621079e-28 1.326010593689905875e-24 2.475352523349140351e-21 2.722622593211897249e-18 1.764457297040748426e-15 6.737454561270284081e-13 1.515842035226810935e-10 2.009442212624890090e-08 1.569509549881331623e-06 7.223121065180748701e-05 1.958607230335474014e-03 3.129231929779052734e-02 2.945749163627624512e-01 1.633889317512512207e+00 5.339673995971679688e+00 1.028192138671875000e+01 1.166543960571289062e+01 7.798209667205810547e+00 3.071535587310791016e+00 7.128262519836425781e-01 9.747166186571121216e-02 7.853073999285697937e-03 3.727945149876177311e-04 1.042718031385447830e-05 1.718417195206711767e-07 1.668620241979112961e-09 9.546788706793485346e-12 3.218249505863163273e-14 6.392193031714191284e-17 7.480863778625314371e-20 5.158443816318701269e-23 2.095788645464830302e-26 5.017083992473398921e-30
5.991001938909334725e-30 8.540849916196958621e-34 6.483188711663601603e-32 3.524404612945004124e-28 1.128874450690401330e-24 2.130470512547987584e-21 2.369039277292430251e-18 1.552145947712616283e-15 5.991875832306314820e-13 1.362889939793276994e-10 1.826503748247887415e-08 1.442278971808264032e-06 6.710354500683024526e-05 1.839554402977228165e-03 2.971275337040424347e-02 2.827746570110321045e-01 1.585650682449340820e+00 5.238893508911132812e+00 1.019856071472167969e+01 1.169784259796142578e+01 7.905687808990478516e+00 3.148040771484375000e+00 7.385989427566528320e-01 1.021041497588157654e-01 8.316580206155776978e-03 3.991293488070368767e-04 1.128628173319157213e-05 1.880412696664279792e-07 1.845968822244969942e-09 1.067732187387537834e-11 3.638873870195208360e-14 7.306962806713723996e-17 8.645304021492111026e-20 6.026850615322941109e-23 2.475449680592214922e-26 5.991001938909334725e-30
7.049469338378446973e-30 1.015196226962483112e-33 5.481279611627241291e-32 3.009748224297368071e-28 9.737342054488557218e-25 1.856183601046190747e-21 2.084802027640886914e-18 1.379681675201286598e-15 5.379720106890584219e-13 1.235956614831223987e-10 1.673070570973322901e-08 1.334441776634776033e-06 6.271133315749466419e-05 1.736439066007733345e-03 2.832956612110137939e-02 2.723256945610046387e-01 1.542433261871337891e+00 5.147429466247558594e+00 1.012138557434082031e+01 1.172618961334228516e+01 8.004631042480468750e+00 3.219531536102294922e+00 7.629771232604980469e-01 1.065360382199287415e-01 8.764931932091712952e-03 4.248822224326431751e-04 1.213546147482702509e-05 2.042252731371263508e-07 2.025024592455793027e-09 1.183095288403990253e-11 4.072614370308896836e-14 8.260259345923526525e-17 9.871559213041054017e-20 6.950986650748700373e-23 2.883781495541307893e-26 7.049469338378446973e-30
8.164775369173095255e-30 1.186497345287968751e-33 4.710885299479681327e-32 2.610219594382826107e-28 8.521389883028626569e-25 1.639144413788704120e-21 1.857737227182324329e-18 1.240579807020817261e-15 4.881222379418681534e-13 1.131620977479208534e-10 1.545747352338366909e-08 1.244085297003039159e-06 5.899598181713372469e-05 1.648402423597872257e-03 2.713776938617229462e-02 2.632381021976470947e-01 1.504495501518249512e+00 5.066424369812011719e+00 1.005258750915527344e+01 1.175226593017578125e+01 8.095291137695312500e+00 3.285566329956054688e+00 7.856979370117187500e-01 1.107050329446792603e-01 9.190640412271022797e-03 4.495647735893726349e-04 1.295708898396696895e-05 2.200322057888115523e-07 2.201566928761167219e-09 1.297923747645146619e-11 4.508469742285289850e-14 9.227328111460091943e-17 1.112746495214090171e-19 7.906419638183835970e-23 3.309967605521243846e-26 8.164775369173095255e-30
9.309785860094378546e-30 1.363899462965214378e-33 4.117640924736917145e-32 2.299971058159000187e-28 7.569254491949495845e-25 1.467772826096568791e-21 1.676968071247129596e-18 1.128922653364334509e-15 4.477798340452032733e-13 1.046495806678038321e-10 1.441038577354447625e-08 1.169173060588946100e-06 5.589280772255733609e-05 1.574322115629911423e-03 2.612759545445442200e-02 2.554894089698791504e-01 1.472025871276855469e+00 4.997158050537109375e+00 9.995353698730468750e+00 1.177987098693847656e+01 8.179933547973632812e+00 3.346770763397216797e+00 8.068069815635681152e-01 1.145987287163734436e-01 9.590838104486465454e-03 4.729347710963338614e-04 1.374089879391249269e-05 2.352294359297957271e-07 2.372663399086150093e-09 1.410108141364219136e-11 4.937775855513512613e-14 1.018768480263415707e-16 1.238491390007104364e-19 8.871062103370883748e-23 3.743850656005324500e-26 9.309785860094378546e-30
1.037842269629132457e-29 1.530534787072897115e-33 3.690346377224313991e-32 2.074977662783364036e-28 6.874091526822241243e-25 1.341813272280042119e-21 1.543248224770915094e-18 1.045789863602232354e-15 4.175627671323262069e-13 9.823507285400268074e-11 1.361677171018982335e-08 1.112118070523138158e-06 5.351774962036870420e-05 1.517426804639399052e-03 2.535042911767959595e-02 2.495343983173370361e-01 1.447253465652465820e+00 4.945654392242431641e+00 9.957962036132812500e+00 1.181366062164306641e+01 8.257821083068847656e+00 3.401052951812744141e+00 8.253323435783386230e-01 1.180078387260437012e-01 9.941667318344116211e-03 4.934869939461350441e-04 1.443313158233650029e-05 2.487194876721332548e-07 2.525387010621216177e-09 1.510823063877175798e-11 5.325529920481228419e-14 1.106066475134302078e-16 1.353546267852577789e-19 9.759484196806753188e-23 4.146125344242121839e-26 1.037842269629132457e-29
1.138803579822387802e-29 1.688776897844716404e-33 3.374070218180770959e-32 1.907654674774323848e-28 6.354826794188904801e-25 1.247334039612588594e-21 1.442526060495512833e-18 9.829610888605262199e-16 3.946525994457522613e-13 9.335901496321241666e-11 1.301268248710130138e-08 1.068667074832774233e-06 5.171207885723561049e-05 1.474359421990811825e-03 2.476750686764717102e-02 2.451495230197906494e-01 1.429697275161743164e+00 4.912762641906738281e+00 9.946563720703125000e+00 1.186555004119873047e+01 8.340076446533203125e+00 3.453974008560180664e+00 8.428217172622680664e-01 1.211766377091407776e-01 1.026523020118474960e-02 5.123726441524922848e-04 1.506857734057120979e-05 2.611095624160952866e-07 2.665890175279628238e-09 1.603713863096434267e-11 5.684350017597095128e-14 1.187129645768906757e-16 1.460793853185257746e-19 1.059119223986702529e-22 4.524399555735152097e-26 1.138803579822387802e-29
1.232521286938870467e-29 1.835974504506591038e-33 3.149077366823920369e-32 1.788451287167041796e-28 5.984544359963345596e-25 1.179931340489804506e-21 1.370726576530756893e-18 9.382247261139351271e-16 3.783833598010322152e-13 8.991317412831989486e-11 1.258892812217027313e-08 1.038516984408488497e-06 5.047921513323672116e-05 1.445678761228919029e-03 2.439492195844650269e-02 2.425463199615478516e-01 1.420879125595092773e+00 4.904426574707031250e+00 9.974359512329101562e+00 1.195223426818847656e+01 8.438793182373046875e+00 3.510575532913208008e+00 8.604861497879028320e-01 1.242728158831596375e-01 1.057486422359943390e-02 5.302017671056091785e-04 1.566305945743806660e-05 2.726316665757622104e-07 2.796044284991694440e-09 1.689585624187195378e-11 6.015659162212499966e-14 1.261974403430582794e-16 1.559862560964348931e-19 1.136040609092696467e-22 4.874798011287517055e-26 1.232521286938870467e-29
1.319473864199139155e-29 1.972374644543186012e-33 3.002377728956412827e-32 1.711145903646796439e-28 5.745971128549618048e-25 1.136880790132967537e-21 1.325363164557736302e-18 9.103640125337282736e-16 3.684359132886949606e-13 8.785903948815843023e-11 1.234436020070006634e-08 1.021927346300799400e-06 4.984682163922116160e-05 1.432594726793467999e-03 2.425935864448547363e-02 2.420467734336853027e-01 1.422940015792846680e+00 4.928814888000488281e+00 1.005921459197998047e+01 1.209630966186523438e+01 8.570554733276367188e+00 3.577929973602294922e+00 8.800801038742065430e-01 1.275495886802673340e-01 1.089187338948249817e-02 5.480173858813941479e-04 1.624628202989697456e-05 2.837784336406912189e-07 2.920589770027959275e-09 1.771050320287237412e-11 6.327865342175068020e-14 1.332141421641046958e-16 1.652400290066421829e-19 1.207656936165515309e-22 5.200364604657721851e-26 1.319473864199139155e-29
1.397831226766195277e-29 2.094683913391283448e-33 2.934044479101587020e-32 1.676288617953953382e-28 5.642723534160094734e-25 1.119190413939430819e-21 1.307928885582109276e-18 9.005950756739260210e-16 3.653795202594040115e-13 8.734168943647091510e-11 1.230178447997332114e-08 1.020905756377032958e-06 4.991904643247835338e-05 1.438181265257298946e-03 2.441342547535896301e-02 2.441819906234741211e-01 1.439006924629211426e+00 4.996671199798583984e+00 1.022266769409179688e+01 1.232295989990234375e+01 8.752525329589843750e+00 3.662844181060791016e+00 9.031729102134704590e-01 1.312170624732971191e-01 1.123248878866434097e-02 5.665388889610767365e-04 1.683652408246416599e-05 2.948081601061858237e-07 3.041550566962314406e-09 1.848909567114809249e-11 6.622237751652965132e-14 1.397526012421974537e-16 1.737747751693877533e-19 1.273142614936190953e-22 5.495778222521017878e-26 1.397831226766195277e-29
1.470190521262700402e-29 2.206449916267466544e-33 2.936806596952431691e-32 1.680389043176175331e-28 5.665077387023729392e-25 1.125309753131636768e-21 1.317048551835506406e-18 9.082419832426194377e-16 3.690347723586673290e-13 8.834778741917403977e-11 1.246213710004440145e-08 1.035770765156485140e-06 5.072187923360615969e-05 1.463506603613495827e-03 2.488058432936668396e-02 2.492268085479736328e-01 1.470951199531555176e+00 5.115260124206542969e+00 1.048100280761718750e+01 1.265334510803222656e+01 9.000679969787597656e+00 3.772351264953613281e+00 9.315721988677978516e-01 1.355462074279785156e-01 1.162049733102321625e-02 5.869895103387534618e-04 1.747043643263168633e-05 3.063672124881122727e-07 3.165548267958229189e-09 1.927183933270182337e-11 6.912948268293292453e-14 1.461059306817559435e-16 1.819480434044476506e-19 1.335033233680720984e-22 5.771565843879030217e-26 1.470190521262700402e-29
1.543664899104350355e-29 2.318536241354248714e-33 3.001017094245336029e-32 1.718519928291990593e-28 5.798382061016370546e-25 1.152743028510308873e-21 1.350268332030789136e-18 9.319038486241683177e-16 3.789611311387497405e-13 9.080001334149656600e-11 1.281862438418102101e-08 1.066259528670343570e-06 5.225845961831510067e-05 1.509082270786166191e-03 2.567656338214874268e-02 2.574114203453063965e-01 1.520507574081420898e+00 5.291927814483642578e+00 1.085192680358886719e+01 1.311194705963134766e+01 9.334573745727539062e+00 3.915512084960937500e+00 9.677212238311767578e-01 1.409218162298202515e-01 1.209130138158798218e-02 6.112742703408002853e-04 1.820819670683704317e-05 3.195677606981917052e-07 3.304652329561008628e-09 2.013525110533542772e-11 7.228642191119474814e-14 1.529040847675209496e-16 1.905701346699999923e-19 1.399455275515669034e-22 6.055037463491960974e-26 1.543664899104350355e-29
1.613950057328716570e-29 2.424677136419762532e-33 3.116454459852724835e-32 1.785002428119130354e-28 6.023961767244976503e-25 1.197826997223541456e-21 1.403377049669450001e-18 9.687606873789262815e-16 3.940302945037998938e-13 9.442897852540710346e-11 1.333360977184838703e-08 1.109329105020151474e-06 5.438054358819499612e-05 1.570685766637325287e-03 2.673039771616458893e-02 2.680310606956481934e-01 1.583552241325378418e+00 5.512496948242187500e+00 1.130654335021972656e+01 1.366403293609619141e+01 9.729605674743652344e+00 4.082050323486328125e+00 1.009088158607482910e+00 1.469759196043014526e-01 1.261333748698234558e-02 6.377961253747344017e-04 1.900207280414178967e-05 3.335692895234387834e-07 3.450172147978491921e-09 2.102615304089283654e-11 7.549992261154242490e-14 1.597349290310940513e-16 1.991247202427497642e-19 1.462571973433529771e-22 6.329427938231117036e-26 1.613950057328716570e-29
7.940924531736966832e-29 1.315285167579630908e-32 6.131845792893503501e-33 3.872075532806353851e-29 1.440618771190743285e-25 3.158101766590279943e-22 4.079152785877289374e-19 3.104421279707925661e-16 1.392055009675000066e-13 3.677870855089970803e-11 5.725410812118525428e-09 5.251552579466078896e-07 2.838119326042942703e-05 9.037352865561842918e-04 1.695597544312477112e-02 1.874423325061798096e-01 1.220899820327758789e+00 4.685554504394531250e+00 1.059516143798828125e+01 1.411632442474365234e+01 1.108161354064941406e+01 5.125678062438964844e+00 1.396905303001403809e+00 2.243104279041290283e-01 2.122258767485618591e-02 1.183082931675016880e-03 3.885969636030495167e-05 7.520550298067973927e-07 8.575668175581085961e-09 5.761731369791078805e-11 2.280888151962034982e-13 5.320125003244798728e-16 7.311624693248496291e-19 5.920628538059886922e-22 2.824773343976095361e-25 7.940924531736966832e-29
4.360637135525622673e-28 8.027329845847266696e-32 1.031745534383130076e-33 7.241600410557071432e-30 2.994405678951746312e-26 7.295528277535581135e-23 1.047292598071564071e-19 8.858211667125859170e-17 4.414545308082870601e-14 1.296283740070958146e-11 2.242746655056748750e-09 2.286250548877433175e-07 1.373222221445757896e-05 4.859814071096479893e-04 1.013363990932703018e-02 1.245025843381881714e-01 9.012790918350219727e-01 3.844228982925415039e+00 9.661050796508789062e+00 1.430562591552734375e+01 1.248120689392089844e+01 6.416131019592285156e+00 1.943378329277038574e+00 3.468230068683624268e-01 3.646910935640335083e-02 2.259490313008427620e-03 8.248280209954828024e-05 1.774115958141919691e-06 2.248375885471887159e-08 1.678890082512651816e-10 7.386548512601509575e-13 1.914818562430832365e-15 2.924728252662437916e-18 2.632147476125729406e-21 1.395698763272356363e-24 4.360637135525622673e-28
2.020956868587257580e-27 4.097037917700619830e-31 1.981191954200307065e-34 1.532232059856162400e-30 6.977293669265077019e-27 1.872080524059812840e-23 2.959548834138163892e-20 2.756734570415879675e-17 1.512961441242979821e-14 4.892528656513794871e-12 9.321908800430378506e-10 1.046505389012963860e-07 6.922192369529511780e-06 2.697828167583793402e-04 6.195204332470893860e-03 8.382246643304824829e-02 6.682398319244384766e-01 3.138872623443603516e+00 8.687204360961914062e+00 1.416621589660644531e+01 1.361115741729736328e+01 7.705539226531982422e+00 2.570268630981445312e+00 5.051502585411071777e-01 5.849639698863029480e-02 3.991215489804744720e-03 1.604539284016937017e-04 3.800666490860749036e-06 5.304422501239969279e-08 4.361954963894021375e-10 2.113457629390746995e-12 6.033522832960208984e-15 1.014892874395808756e-17 1.005853159672258851e-20 5.873664240492969534e-24 2.020956868587257580e-27
7.503599478515576754e-27 1.653918670815997208e-30 2.147011503595618366e-34 3.910816572841093372e-31 1.936279891908372859e-27 5.648594730054815266e-24 9.709001743685618374e-21 9.832911008377103758e-18 5.867522162990258458e-15 2.062980428846339365e-12 4.273657538966801894e-10 5.216422493958816631e-08 3.751601752810529433e-06 1.589730090927332640e-04 3.969151061028242111e-03 5.839008837938308716e-02 5.061164498329162598e-01 2.584796190261840820e+00 7.778026580810546875e+00 1.379051589965820312e+01 1.440648651123046875e+01 8.867529869079589844e+00 3.215989112854003906e+00 6.872161626815795898e-01 8.652438223361968994e-02 6.418767385184764862e-03 2.805648255161941051e-04 7.225693479995243251e-06 1.096458603910832608e-07 9.803399203534013395e-10 5.164447428734897372e-12 1.603015612502804721e-14 2.931704114922281364e-17 3.159179181455033766e-20 2.005773830377411125e-23 7.503599478515576754e-27
2.275490235227803486e-26 5.388265235694697424e-30 7.516508526856070428e-34 1.196750344970466604e-31 6.365571615126539521e-28 1.994960006759505712e-24 3.683827855372168146e-21 4.008049064205267099e-18 2.569390589234141903e-15 9.704949517630456768e-13 2.159896983489062450e-10 2.832243595207728504e-08 2.188256530644139275e-06 9.961653267964720726e-05 2.672004280611872673e-03 4.222843050956726074e-02 3.932245373725891113e-01 2.157474279403686523e+00 6.974536895751953125e+00 1.328472709655761719e+01 1.490930461883544922e+01 9.858911514282226562e+00 3.841208457946777344e+00 8.818073868751525879e-01 1.192741245031356812e-01 9.505739435553550720e-03 4.463694058358669281e-04 1.235002127941697836e-05 2.013306357184774242e-07 1.933824878008749693e-09 1.094442158428021727e-11 3.649502778430534222e-14 7.170461462030223369e-17 8.300878939122101443e-20 5.661865500405076782e-23 2.275490235227803486e-26
7.569215295423267676e-26 1.939044323602297687e-29 2.926695141483452226e-33 3.211479953805260029e-32 1.847985633607940031e-28 6.265631277711696522e-25 1.251674011525203545e-21 1.473299454029169984e-18 1.021772879657547109e-15 4.175301055418800811e-13 1.005270658382961813e-10 1.426094620171625138e-08 1.192022978102613706e-06 5.870602763025090098e-05 1.703526242636144161e-03 2.912609279155731201e-02 2.934172153472900391e-01 1.741619110107421875e+00 6.090993881225585938e+00 1.255137443542480469e+01 1.523914432525634766e+01 1.090177154541015625e+01 4.595162391662597656e+00 1.141225457191467285e+00 1.669968813657760620e-01 1.439836993813514709e-02 7.314529502764344215e-04 2.189399310736916959e-05 3.861268851323984563e-07 4.012415733001262197e-09 2.456656926497213789e-11 8.862370201850183760e-14 1.883762628815345477e-16 2.359233619817285239e-19 1.740888285464999668e-22 7.569215295423267676e-26
2.511188068642000446e-25 6.966127729300627446e-29 1.138598595354249885e-32 8.338347137038818520e-33 5.195818341097848839e-29 1.907665472500557055e-25 4.126710624408778968e-22 5.259860052477824164e-19 3.950188971497264889e-16 1.747940442560491636e-13 4.557234797863962683e-11 7.000683588387346390e-09 6.336574642773484811e-07 3.379313420737162232e-05 1.061868737451732159e-03 1.965986564755439758e-02 2.144668698310852051e-01 1.378491401672363281e+00 5.220539093017578125e+00 1.164916324615478516e+01 1.531582069396972656e+01 1.186459922790527344e+01 5.415431976318359375e+00 1.456398248672485352e+00 2.307776659727096558e-01 2.154642343521118164e-02 1.185289467684924603e-03 3.841835859930142760e-05 7.337038709920307156e-07 8.256030525899404893e-09 5.473795028354544456e-11 2.138307299238625947e-13 4.921775466667349924e-16 6.674907069626748849e-19 5.333641808541490946e-22 2.511188068642000446e-25
8.362922518311698191e-25 2.515804730719130644e-28 4.459226064900839439e-32 2.075867554912480312e-33 1.402784176915362389e-29 5.585097614812249143e-26 1.310199513731129027e-22 1.810947936779021314e-19 1.474844768034123173e-16 7.077013129165588001e-14 2.000896844045474410e-11 3.333237241776032533e-09 3.271695163675758522e-07 1.892105865408666432e-05 6.447420455515384674e-04 1.294487342238426208e-02 1.531343609094619751e-01 1.067375659942626953e+00 4.383553981781005859e+00 1.060725593566894531e+01 1.512332153320312500e+01 1.270451927185058594e+01 6.288350105285644531e+00 1.833925724029541016e+00 3.151328265666961670e-01 3.190603479743003845e-02 1.903359079733490944e-03 6.690112786600366235e-05 1.385527184538659640e-06 1.690679241050929704e-08 1.215561123979469471e-10 5.149400328884057298e-13 1.285313628668566591e-15 1.890293401731186392e-18 1.637976748187683221e-21 8.362922518311698191e-25
2.700412873534463192e-24 8.801423771616864553e-28 1.690196777471074645e-31 5.156883615152797918e-34 3.777133054615862429e-30 1.629313005494686681e-26 4.141031920826523305e-23 6.201347202915906196e-20 5.471801075527258154e-17 2.844699505794544281e-14 8.713901128443168886e-12 1.572750041312076519e-09 1.672513150197119103e-07 1.047961632139049470e-05 3.868914209306240082e-04 8.415900170803070068e-03 1.078653782606124878e-01 8.145730495452880859e-01 3.624451637268066406e+00 9.502157211303710938e+00 1.467808723449707031e+01 1.335930728912353516e+01 7.164167881011962891e+00 2.263676643371582031e+00 4.214340448379516602e-01 4.622877389192581177e-02 2.987879561260342598e-03 1.137835060944780707e-04 2.553075319156050682e-06 3.375315316134219756e-08 2.629257089825642879e-10 1.206748785100020260e-12 3.263416351929372683e-15 5.199879014912496176e-18 4.881753403410877053e-21 2.700412873534463192e-24
1.060527246039213409e-23 3.801003012291004601e-27 8.026869757358354853e-31 9.973589726259684001e-35 7.802794203018168435e-31 3.701285678304422200e-27 1.034463518388982745e-23 1.703535820052625731e-20 1.652928051976745974e-17 9.449675742422003477e-15 3.183109375040626965e-12 6.317675271816369786e-10 7.387977518646948738e-08 5.090482773084659129e-06 2.066621091216802597e-04 4.943453241139650345e-03 6.967393308877944946e-02 5.785974264144897461e-01 2.831045389175415039e+00 8.161778450012207031e+00 1.386404800415039062e+01 1.387595176696777344e+01 8.182812690734863281e+00 2.843212842941284180e+00 5.820801854133605957e-01 7.021401822566986084e-02 4.990368615835905075e-03 2.089810004690662026e-04 5.156434781383723021e-06 7.496495868508645799e-08 6.421485565510920424e-10 3.240985171210075677e-12 9.638076198682093976e-15 1.688766644632340962e-17 1.743448253960589652e-20 1.060527246039213409e-23
5.304017998957652169e-23 2.130160794219507076e-26 5.040669111128297298e-30 7.026667633076441895e-34 1.145931255646282388e-31 6.090936893951836270e-28 1.907543766054023426e-24 3.519936234161563967e-21 3.827016451244974227e-18 2.451598799457169880e-15 9.253604826842121156e-13 2.057971154600934938e-10 2.696685719172364770e-08 2.082051651086658239e-06 9.471477096667513251e-05 2.538730390369892120e-03 4.009384289383888245e-02 3.730862438678741455e-01 2.045525312423706055e+00 6.607968807220458984e+00 1.257762145996093750e+01 1.410575675964355469e+01 9.320973396301269531e+00 3.629050254821777344e+00 8.325140476226806641e-01 1.125271692872047424e-01 8.961720392107963562e-03 4.205238947179168463e-04 1.162674470833735541e-05 1.894058812013099669e-07 1.818004857767618887e-09 1.028164619415461445e-11 3.426088690636382161e-14 6.726755164011878900e-17 7.781519374363904762e-20 5.304017998957652169e-23
2.730484629894722668e-22 1.233915766866977496e-25 3.285525142299714478e-29 5.154352077865706733e-33 1.521210765882174731e-32 9.098448752471906187e-29 3.206289897049100419e-25 6.657454915795072435e-22 8.144709307423621201e-19 5.871035232138995669e-16 2.493554679145609798e-13 6.240111205535470162e-11 9.200860517921682913e-09 7.993411372808623128e-07 4.091760638402774930e-05 1.234096707776188850e-03 2.193087153136730194e-02 2.296319752931594849e-01 1.416683554649353027e+00 5.149690628051757812e+00 1.102952480316162109e+01 1.391873931884765625e+01 1.034927082061767578e+01 4.534054279327392578e+00 1.170388698577880859e+00 1.780087351799011230e-01 1.595218665897846222e-02 8.422954124398529530e-04 2.620452869450673461e-05 4.803496835847909097e-07 5.188031337866050308e-09 3.301523637810888090e-11 1.237935535330914050e-13 2.734933332016983073e-16 3.560060503854523890e-19 2.730484629894722668e-22
1.264647378158753118e-21 6.393674742504579290e-25 1.904590760974046804e-28 3.342845855613466242e-32 2.173352403452126511e-33 1.454312282114165979e-29 5.733633343991961423e-26 1.331876906535623089e-22 1.822936110300387491e-19 1.470079413612429683e-16 6.985246934912772709e-14 1.955632357442116387e-11 3.225999689604464038e-09 3.135480994842509972e-07 1.795601019694004208e-05 6.058763829059898853e-04 1.204551197588443756e-02 1.411031037569046021e-01 9.738949537277221680e-01 3.960559129714965820e+00 9.489999771118164062e+00 1.339810466766357422e+01 1.114519977569580078e+01 5.462598800659179688e+00 1.577529788017272949e+00 2.684251070022583008e-01 2.691140957176685333e-02 1.589701394550502300e-03 5.533035073312930763e-05 1.134684794124041218e-06 1.371067526179103879e-08 9.761259855967097110e-11 4.094716644746643208e-13 1.012063764499644691e-15 1.473845186438301844e-18 1.264647378158753118e-21
6.032612051477891907e-21 3.425231683886917596e-24 1.145898657589261769e-27 2.258737080486392715e-31 2.837645658772405994e-34 2.133439115781961675e-30 9.446246494820093815e-27 2.464318953059754762e-23 3.787981849837385136e-20 3.430682952343664164e-17 1.830733982921724234e-14 5.756177218901870063e-12 1.066382759873363284e-09 1.164006988574328716e-07 7.486271897505503148e-06 2.836895291693508625e-04 6.334206555038690567e-03 8.333107084035873413e-02 6.459307670593261719e-01 2.950068950653076172e+00 7.938635826110839844e+00 1.258714580535888672e+01 1.175913333892822266e+01 6.472774982452392578e+00 2.099289417266845703e+00 4.011636972427368164e-01 4.516883194446563721e-02 2.996549475938081741e-03 1.171313633676618338e-04 2.697676109164603986e-06 3.660797176507912809e-08 2.927022790810696051e-10 1.378949797230244467e-12 3.827675396555823770e-15 6.260144234831941095e-18 6.032612051477891907e-21
2.916340925594485780e-20 1.864494837595207590e-23 7.023536017601792306e-27 1.558890202862754433e-30 2.037103470559955669e-34 2.932689839411699416e-31 1.462116709972213146e-27 4.294948465310367448e-24 7.433736455694812733e-21 7.580857196781057414e-18 4.555134820228602666e-15 1.612674945840331109e-12 3.364056810895021954e-10 4.134716746762023831e-08 2.994287115143379197e-06 1.277642877539619803e-04 3.212154377251863480e-03 4.758283495903015137e-02 4.153049588203430176e-01 2.135754823684692383e+00 6.471476078033447266e+00 1.155375194549560547e+01 1.215372085571289062e+01 7.532909393310546875e+00 2.750952243804931641e+00 5.919300317764282227e-01 7.504568994045257568e-02 5.605917889624834061e-03 2.467382582835853100e-04 6.398700861609540880e-06 9.777214415862545138e-08 8.802458761891784889e-10 4.669430640757976647e-12 1.459457080470356882e-14 2.687667967117907055e-17 2.916340925594485780e-20
1.378936447507922262e-19 9.925536893000879466e-23 4.209613547821649293e-26 1.051955273613014454e-29 1.548786357250328605e-33 3.955551420954856509e-32 2.220297503030887675e-28 7.343122583087235180e-25 1.430941882308434982e-21 1.642978185901559998e-18 1.111484256683618194e-15 4.430378318983491104e-13 1.040530925311422550e-10 1.439882257869840032e-08 1.173995769931934774e-06 5.639946903102099895e-05 1.596444752067327499e-03 2.662538737058639526e-02 2.616406679153442383e-01 1.514899969100952148e+00 5.168063163757324219e+00 1.038816833496093750e+01 1.230318737030029297e+01 8.585453987121582031e+00 3.530007123947143555e+00 8.551754951477050781e-01 1.220682486891746521e-01 1.026634871959686279e-02 5.087413592264056206e-04 1.485405846324283630e-05 2.555409253091056598e-07 2.590247571987447373e-09 1.547012691560656350e-11 5.443918699079425272e-14 1.128728841638090884e-16 1.378936447507922262e-19
6.381110093635930171e-19 5.170984495901180738e-22 2.469004964330471247e-25 6.945936761246157762e-29 1.151351092755939324e-32 5.232686654062519340e-33 3.306685695710561611e-29 1.231202948169632301e-25 2.701042321427957142e-22 3.491375561691183237e-19 2.659072267167499884e-16 1.193252582246812077e-13 3.155026240264646731e-11 4.915143403394495181e-09 4.511736051426851191e-07 2.440123353153467178e-05 7.775841513648629189e-04 1.460003294050693512e-02 1.615181714296340942e-01 1.052838087081909180e+00 4.043583869934082031e+00 9.150388717651367188e+00 1.220052719116210938e+01 9.584847450256347656e+00 4.436686515808105469e+00 1.210038900375366211e+00 1.944499015808105469e-01 1.841120235621929169e-02 1.027127960696816444e-03 3.376241511432453990e-05 6.538981551784672774e-07 7.461949280695989728e-09 5.017244952831845239e-11 1.987666758615502793e-13 4.639642026826743329e-16 6.381110093635930171e-19
2.887930709522710203e-18 2.634467257301607489e-21 1.416023764495375732e-24 4.484458060545194647e-28 8.368013381844108295e-32 6.783711777038187455e-34 4.826705441312528394e-30 2.023072618186963622e-26 4.996246756684933209e-23 7.270063908099564395e-20 6.233100391885132408e-17 3.148692515487355736e-14 9.371947662373258936e-12 1.643600366918462896e-09 1.698342515510375961e-07 1.034006982081336901e-05 3.709264856297522783e-04 7.840144447982311249e-03 9.763887524604797363e-02 7.164595127105712891e-01 3.097598075866699219e+00 7.890887260437011719e+00 1.184388256072998047e+01 1.047440910339355469e+01 5.457977294921875000e+00 1.675719618797302246e+00 3.031366765499114990e-01 3.231034427881240845e-02 2.029142342507839203e-03 7.508439011871814728e-05 1.637029527046252042e-06 2.102943952309033193e-08 1.591722448290866510e-10 7.098657599236002369e-13 1.865274334796507456e-15 2.887930709522710203e-18
1.276181776390385329e-17 1.310381560108859966e-20 7.927779151597962174e-24 2.825977866785633804e-27 5.935502618827351572e-31 8.606508163352595228e-35 6.902239987491628383e-31 3.256367742573782665e-27 9.051838888360960211e-24 1.482570352162996535e-20 1.430717726379073342e-17 8.135128889161322846e-15 2.725461132821460630e-12 5.380060841275735584e-10 6.257448603719240054e-08 4.288174750399775803e-06 1.731473894324153662e-04 4.119369201362133026e-03 5.774424225091934204e-02 4.769293963909149170e-01 2.320955753326416016e+00 6.654998779296875000e+00 1.124332809448242188e+01 1.119204139709472656e+01 6.564330577850341797e+00 2.268500089645385742e+00 4.619075059890747070e-01 5.541623383760452271e-02 3.917296882718801498e-03 1.631565828574821353e-04 4.003938556706998497e-06 5.789434709413399105e-08 4.932383390610084462e-10 2.475963011006054870e-12 7.323030121750631616e-15 1.276181776390385329e-17
5.323836331042752648e-17 6.136016090395555936e-20 4.166935904143446714e-23 1.667262145416474980e-26 3.930664277737213334e-30 5.458742299249307131e-34 1.009873309362051474e-31 5.347927084399337485e-28 1.668638029768745221e-24 3.067659886170424106e-21 3.322965466384508145e-18 2.120847256630942548e-15 7.975520200861896392e-13 1.767151702747327136e-10 2.307084656649749377e-08 1.774648353602970019e-06 8.043213165365159512e-05 2.147919964045286179e-03 3.379633277654647827e-02 3.133202791213989258e-01 1.711491823196411133e+00 5.508453369140625000e+00 1.044600582122802734e+01 1.167181396484375000e+01 7.684103965759277344e+00 2.980680465698242188e+00 6.812477111816406250e-01 9.174050390720367432e-02 7.279210258275270462e-03 3.403105074539780617e-04 9.374167348141781986e-06 1.521445227581352810e-07 1.454956821689279423e-09 8.198036000051089900e-12 2.721644761503102389e-14 5.323836331042752648e-17
2.290661374808550341e-16 2.976808216113024237e-19 2.279357923610641217e-22 1.028338306817590718e-25 2.733587925865467080e-29 4.281275689311530604e-33 1.337190945617585794e-32 7.984475826310638445e-29 2.809027680307883966e-25 5.822898138233866211e-22 7.111849718571400349e-19 5.117968414283943172e-16 2.170082283358201747e-13 5.421640220104606556e-11 7.980734295642832876e-09 6.921896442690922413e-07 3.537304291967302561e-05 1.065106131136417389e-03 1.889622770249843597e-02 1.975264400243759155e-01 1.216586232185363770e+00 4.414984226226806641e+00 9.440196990966796875e+00 1.189324283599853516e+01 8.828489303588867188e+00 3.861354351043701172e+00 9.950856566429138184e-01 1.510941386222839355e-01 1.351767592132091522e-02 7.125644478946924210e-04 2.213158222730271518e-05 4.050109509989852086e-07 4.367072037325669953e-09 2.774490012735775224e-11 1.038567018843417067e-13 2.290661374808550341e-16
9.594221491354476203e-16 1.405722727091497250e-18 1.213550900952543236e-21 6.172790237776235643e-25 1.850028563796448791e-28 3.266883353548216084e-32 1.727092136209768865e-33 1.162749659878581880e-29 4.612122737288475222e-26 1.077901560377907897e-22 1.484324685919947867e-19 1.204312238499552273e-16 5.757349349870544142e-14 1.621699302623014205e-11 2.691467493320942594e-09 2.631911684147780761e-07 1.516417341917986050e-05 5.147996125742793083e-04 1.029724162071943283e-02 1.213587075471878052e-01 8.427292108535766602e-01 3.448057174682617188e+00 8.312391281127929688e+00 1.180715179443359375e+01 9.881691932678222656e+00 4.872868537902832031e+00 1.415812015533447266e+00 2.423777580261230469e-01 2.444822713732719421e-02 1.453012926504015923e-03 5.088134639663621783e-05 1.049818365572718903e-06 1.276255723325903091e-08 9.141772755461019528e-11 3.858173546270049492e-13 9.594221491354476203e-16
3.906410920651373631e-15 6.452132027824886265e-18 6.279115912986528885e-21 3.600467667650902716e-24 1.216441619592277444e-27 2.421502611069611248e-31 2.176336873406268910e-34 1.652879721888966437e-30 7.390771569025572684e-27 1.947189548567715816e-23 3.022688564270102186e-20 2.764652674111482277e-17 1.489907576110970078e-14 4.730896230320524865e-12 8.851087640593391370e-10 9.756934105098480359e-08 6.337278591672657058e-06 2.425237908028066158e-04 5.468562711030244827e-03 7.265400886535644531e-02 5.687395334243774414e-01 2.623228788375854492e+00 7.128929138183593750e+00 1.141510772705078125e+01 1.076967144012451172e+01 5.986761093139648438e+00 1.960871219635009766e+00 3.784185051918029785e-01 4.302919656038284302e-02 2.882848493754863739e-03 1.138011575676500797e-04 2.646900156832998618e-06 3.627422273666525143e-08 2.929051723388198525e-10 1.393524401774315358e-12 3.906410920651373631e-15
1.546127016292721951e-14 2.878389015720788518e-17 3.157345813175492407e-20 2.040609612407608918e-23 7.770897754753125709e-27 1.743583311026663852e-30 2.303546484329356756e-34 2.292550175487795815e-31 1.155419973751826166e-27 3.431158001437390447e-24 6.003414756897400785e-21 6.189128297702426010e-18 3.759475268258222896e-15 1.345517881140567695e-12 2.837375612241288536e-10 3.525487102251645410e-08 2.580957698228303343e-06 1.113296239054761827e-04 2.829492557793855667e-03 4.237173497676849365e-02 3.738589882850646973e-01 1.943600416183471680e+00 5.953530788421630859e+00 1.074503898620605469e+01 1.142638587951660156e+01 7.159399986267089844e+00 2.643090248107910156e+00 5.749282836914062500e-01 7.368569076061248779e-02 5.564408376812934875e-03 2.475837245583534241e-04 6.490699888672679663e-06 1.002605145572488254e-07 9.125087352401806129e-10 4.893320124099709290e-12 1.546127016292721951e-14
5.953865059391688641e-14 1.249287305718591468e-16 1.544534128731917060e-19 1.125104472591436536e-22 4.829029903940307680e-26 1.221215175385655961e-29 1.819519787646986804e-33 3.097704737209933938e-32 1.759637690010307409e-28 5.889497960759726225e-25 1.161448821729681058e-21 1.349533382056535771e-18 9.239297745795979275e-16 3.726979662388441028e-13 8.858226652197487283e-11 1.240514180267382471e-08 1.023593540594447404e-06 4.976413765689358115e-05 1.425513532012701035e-03 2.405993640422821045e-02 2.392682731151580811e-01 1.401989459991455078e+00 4.840269088745117188e+00 9.846055030822753906e+00 1.180106353759765625e+01 8.333883285522460938e+00 3.467697381973266602e+00 8.501611351966857910e-01 1.228085532784461975e-01 1.045257970690727234e-02 5.241860635578632355e-04 1.548864202050026506e-05 2.696556293813046068e-07 2.766146200983143899e-09 1.671859872764969168e-11 5.953865059391688641e-14
2.230451744524367119e-13 5.274591688373959746e-16 7.349481647957751294e-19 6.033851408757979292e-22 2.918754780957666366e-25 8.318706523684460323e-29 1.396989665675060235e-32 4.077553334764412380e-33 2.610596234057575336e-29 9.847608292263251604e-26 2.188686124946793285e-22 2.866188318820542155e-19 2.211554850282103097e-16 1.005443016170726178e-13 2.693259851249685255e-11 4.250791718618529558e-09 3.953043972160230624e-07 2.165986734325997531e-05 6.992747657932341099e-04 1.330179534852504730e-02 1.490858346223831177e-01 9.845321178436279297e-01 3.830811023712158203e+00 8.782533645629882812e+00 1.186355972290039062e+01 9.442291259765625000e+00 4.427994251251220703e+00 1.223498344421386719e+00 1.991897225379943848e-01 1.910724863409996033e-02 1.079930574633181095e-03 3.596330498112365603e-05 7.056573849695269018e-07 8.158187903006819397e-09 5.557202267802985318e-11 2.230439005148840415e-13
8.122136860647111156e-13 2.164466700557460439e-15 3.398599759669059921e-18 3.144229426690914989e-21 1.713964399660934118e-24 5.504881708182147464e-28 1.041766469440256532e-31 5.234894195719165133e-34 3.777616041734728290e-30 1.605782301582954535e-26 4.021787075304590983e-23 5.935079056204793702e-20 5.160607457278683613e-17 2.643860878923792734e-14 7.980798313877990324e-12 1.419452777540186617e-09 1.487507432784695993e-07 9.184699592879042029e-06 3.341478295624256134e-04 7.162801921367645264e-03 9.046710282564163208e-02 6.732370853424072266e-01 2.951956033706665039e+00 7.626397609710693359e+00 1.160903930664062500e+01 1.041214752197265625e+01 5.502393722534179688e+00 1.713284969329833984e+00 3.143220543861389160e-01 3.397719562053680420e-02 2.164049074053764343e-03 8.121054997900500894e-05 1.795672574189666193e-06 2.339430693609756418e-08 1.795780052438189500e-10 8.122136860647111156e-13
2.878008595330605601e-12 8.642477060611178374e-15 1.529168762885134696e-17 1.594199345179307956e-20 9.792566656589006760e-24 3.544097054033369172e-27 7.557792968442383983e-31 9.483123317956849350e-35 5.323617842416422966e-31 2.550070683696673905e-27 7.197018640907383109e-24 1.196809015770475709e-20 1.172642172910081515e-17 6.769780387856118298e-15 2.302742631993259792e-12 4.615129389762273604e-10 5.449940942980902037e-08 3.792018560488941148e-06 1.554574118927121162e-04 3.755115903913974762e-03 5.344394594430923462e-02 4.481680989265441895e-01 2.214373111724853516e+00 6.446580886840820312e+00 1.105792808532714844e+01 1.117597579956054688e+01 6.655249595642089844e+00 2.335123538970947266e+00 4.827506542205810547e-01 5.880345404148101807e-02 4.220367409288883209e-03 1.784692431101575494e-04 4.446783805178711191e-06 6.528250651172129437e-08 5.646858536323406952e-10 2.878008595330605601e-12
9.906960668493169919e-12 3.351750707493092452e-14 6.681525589861969389e-17 7.847651171867812211e-20 5.430946980785161322e-23 2.214496496112246379e-26 5.320421720296311199e-30 7.530344462707233384e-34 7.326709939628640662e-32 3.953896620193079655e-28 1.257228726679941176e-24 2.355446473549113503e-21 2.600144234657854962e-18 1.691161418532465682e-15 6.481023400242702515e-13 1.463400511880763588e-10 1.946974848010540882e-08 1.526234882476273924e-06 7.049285341054201126e-05 1.918387482874095440e-03 3.076063469052314758e-02 2.906172275543212891e-01 1.617770671844482422e+00 5.306123733520507812e+00 1.025429439544677734e+01 1.167617225646972656e+01 7.833625793457031250e+00 3.096647739410400391e+00 7.212541103363037109e-01 9.898094832897186279e-02 8.003542199730873108e-03 3.813108487520366907e-04 1.070397229341324419e-05 1.770426933944690973e-07 1.725337650526626021e-09 9.906960668493169919e-12
3.314353652639212555e-11 1.263113826857273359e-13 2.836332704923979434e-16 3.752625307023513082e-19 2.925376187517556607e-22 1.343667272901015171e-25 3.636401291071010663e-29 5.798399922551468579e-33 9.843256147263789768e-33 5.983898040985168572e-29 2.143319302267384655e-25 4.523243107341772988e-22 5.624532448291600482e-19 4.120830111468748100e-16 1.778916505204217180e-13 4.524709773523483136e-11 6.780970451814027911e-09 5.987799340800847858e-07 3.115314757451415062e-05 9.550140239298343658e-04 1.724961772561073303e-02 1.835764944553375244e-01 1.151123881340026855e+00 4.252992630004882812e+00 9.258380889892578125e+00 1.187522125244140625e+01 8.974615097045898438e+00 3.996286869049072266e+00 1.048490762710571289e+00 1.620839089155197144e-01 1.476326771080493927e-02 7.923024240881204605e-04 2.505349402781575918e-05 4.667814437198103406e-07 5.124113577892330795e-09 3.314353652639212555e-11
1.077771899504753605e-10 4.626010403734059917e-13 1.169936306307742951e-15 1.743343731935375334e-18 1.530643096489412968e-21 7.918082374743372345e-25 2.413465387558010850e-28 4.334434409123194574e-32 1.291026619231405982e-33 8.839873999991583523e-30 3.566017064214011384e-26 8.475933035542714117e-23 1.187039075695686794e-19 9.795149220797322981e-17 4.762323144885151349e-14 1.364250899749119839e-11 2.302734447567900133e-09 2.290087621759084868e-07 1.341929055342916399e-05 4.633166536223143339e-04 9.425168856978416443e-03 1.129712164402008057e-01 7.978364825248718262e-01 3.319930076599121094e+00 8.139715194702148438e+00 1.175864028930664062e+01 1.000856971740722656e+01 5.019423484802246094e+00 1.483211278915405273e+00 2.582373619079589844e-01 2.649124711751937866e-02 1.601223135367035866e-03 5.702564885723404586e-05 1.196621838062128518e-06 1.479462419240462623e-08 1.077767736168411261e-10
3.405518089749648425e-10 1.645967216690191748e-12 4.687360898459735220e-15 7.865005317721598162e-18 7.775706976532299240e-21 4.529437369387313208e-24 1.554611806667343413e-27 3.143822025454981627e-31 1.653389972027905729e-34 1.275741449455892844e-30 5.794952950454108850e-27 1.551007351431076134e-23 2.445924280587859277e-20 2.272657226293517158e-17 1.244218385276513877e-14 4.013494831617281378e-12 7.628163101180973626e-10 8.542444618342415197e-08 5.636510650219861418e-06 2.191349049098789692e-04 5.019659176468849182e-03 6.774979829788208008e-02 5.387721657752990723e-01 2.524467468261718750e+00 6.969504356384277344e+00 1.133709716796875000e+01 1.086596679687500000e+01 6.136234283447265625e+00 2.041750192642211914e+00 4.002862870693206787e-01 4.623867943882942200e-02 3.147072158753871918e-03 1.262052683159708977e-04 2.982051228173077106e-06 4.151590360379486810e-08 3.405537518652579365e-10
1.045708741820305931e-09 5.689970630079477232e-12 1.824205052964288087e-14 3.445903737359129915e-17 3.835345694724288655e-20 2.515171293593016846e-23 9.718533699985583465e-27 2.212572267004741280e-30 2.966226373653132649e-34 1.799074120529547052e-31 9.200161566547992508e-28 2.772159772864314216e-24 4.921616400352543859e-21 5.148244746715711082e-18 3.173089817225358163e-15 1.152304814067139915e-12 2.465608550661357867e-10 3.108459267764374090e-08 2.309046521986601874e-06 1.010630221571773291e-04 2.606241032481193542e-03 3.960108757019042969e-02 3.545386195182800293e-01 1.870197296142578125e+00 5.812709808349609375e+00 1.064480876922607422e+01 1.148586082458496094e+01 7.302241802215576172e+00 2.735369920730590820e+00 6.037304997444152832e-01 7.851225882768630981e-02 6.015863735228776932e-03 2.715982554946094751e-04 7.224765795399434865e-06 1.132354583432970685e-07 1.045718844849830020e-09
3.124966063694500917e-09 1.914102903954884027e-11 6.908125601504805369e-14 1.469001034791456552e-16 1.840570437737281638e-19 1.358750179024009660e-22 5.910240811743479849e-26 1.514720428989363779e-29 2.287226949320097086e-33 2.473531930602684550e-32 1.423953397010959265e-28 4.829932040341137772e-25 9.652902903841897560e-22 1.136693296399317895e-18 7.886672949907955199e-16 3.224088205612540836e-13 7.766004506137846874e-11 1.102163693644797604e-08 9.216469152306672186e-07 4.541009184322319925e-05 1.318267779424786568e-03 2.254875376820564270e-02 2.272526174783706665e-01 1.349473476409912109e+00 4.721552371978759766e+00 9.733583450317382812e+00 1.182300949096679688e+01 8.461557388305664062e+00 3.568120002746582031e+00 8.865348696708679199e-01 1.297834515571594238e-01 1.119461189955472946e-02 5.689417012035846710e-04 1.703705129330046475e-05 3.005952748935669661e-07 3.124947856036897065e-09
9.091124297810893040e-09 6.268445484902684939e-11 2.546653751593630499e-13 6.095884363152385965e-16 8.597677029772839075e-19 7.144809396508268467e-22 3.498352581698437317e-25 1.009272513258950722e-28 1.715582871020867848e-32 3.313690656977196456e-33 2.147472073302530077e-29 8.199615615200755347e-26 1.844673602946262359e-22 2.445188283713143150e-19 1.909758864059968005e-16 8.788434389950250392e-14 2.382916954035696477e-11 3.806949866458353426e-09 3.583513148441852536e-07 1.987496034416835755e-05 6.494888220913708210e-04 1.250570174306631088e-02 1.418755948543548584e-01 9.483636617660522461e-01 3.735173702239990234e+00 8.667865753173828125e+00 1.185171127319335938e+01 9.548099517822265625e+00 4.532315254211425781e+00 1.267623782157897949e+00 2.088949084281921387e-01 2.028296142816543579e-02 1.160389045253396034e-03 3.911502062692306936e-05 7.768677505737286992e-07 9.091175812159235647e-09
2.574878976702166256e-08 1.998431697902702808e-10 9.138959120719158946e-13 2.462461149972759028e-15 3.909425974131794715e-18 3.656874207423870417e-21 2.015520877393186164e-24 6.545324916108519502e-28 1.252385552199404814e-31 4.324875142125513880e-34 3.155753575234472042e-30 1.356327997391746648e-26 3.434749290708409103e-23 5.124977461478998599e-20 4.505615077140409327e-17 2.333886461370650311e-14 7.123246437146235621e-12 1.280981543061443517e-09 1.357283565539546544e-07 8.473693014821037650e-06 3.116994921583682299e-04 6.755644921213388443e-03 8.627095818519592285e-02 6.491311788558959961e-01 2.877828359603881836e+00 7.517349243164062500e+00 1.156996536254882812e+01 1.049219512939453125e+01 5.606187343597412109e+00 1.764964818954467773e+00 3.273946046829223633e-01 3.578273579478263855e-02 2.304327441379427910e-03 8.743434591451659799e-05 1.954710796781000681e-06 2.574864765847451054e-08
7.104497257159891888e-08 6.207103719901851946e-10 3.195286049639811665e-12 9.691565482268255788e-15 1.732001886325385123e-17 1.823781223930126726e-20 1.131516207811328084e-23 4.136316660072555422e-27 8.909164784034702148e-31 1.129357804673695488e-34 4.513429049812735773e-31 2.183663667334968917e-27 6.224796484598609762e-24 1.045525113435342853e-20 1.034699052418900961e-17 6.033375449227386736e-15 2.072853607509861362e-12 4.196165082070990593e-10 5.004896763693977846e-08 3.517280219966778532e-06 1.456416503060609102e-04 3.553330898284912109e-03 5.107973515987396240e-02 4.326423108577728271e-01 2.159128665924072266e+00 6.348821640014648438e+00 1.099955940246582031e+01 1.122857570648193359e+01 6.753691673278808594e+00 2.393451690673828125e+00 4.997760653495788574e-01 6.148830428719520569e-02 4.457363858819007874e-03 1.903846859931945801e-04 4.791229912370909005e-06 7.104524257783850771e-08
1.910220674972151755e-07 1.878806887845030360e-09 1.088817751238035925e-11 3.717832926285538631e-14 7.479854142649147459e-17 8.866689865153979084e-20 6.192936759219448758e-23 2.548621305857725847e-26 6.179887894363305145e-30 8.827768801778485823e-34 6.278240096103384954e-32 3.419456116191725722e-28 1.097379277657065586e-24 2.074969641892198781e-21 2.311737374333584950e-18 1.517511829290572010e-15 5.869403812801265996e-13 1.337586985616923130e-10 1.796032833567551279e-08 1.420936314389109612e-06 6.623721856158226728e-05 1.819286029785871506e-03 2.944170311093330383e-02 2.807336449623107910e-01 1.577213883399963379e+00 5.221004486083984375e+00 1.018321800231933594e+01 1.170263099670410156e+01 7.924077987670898438e+00 3.161412239074707031e+00 7.431572079658508301e-01 1.029310747981071472e-01 8.400030434131622314e-03 4.039083723910152912e-04 1.144319958257256076e-05 1.910220674972151755e-07
5.004782224204973318e-07 5.542002412539659417e-09 3.615923532818143826e-11 1.390065363163217604e-13 3.148657840076077514e-16 4.202190990609665207e-19 3.304453261210799419e-22 1.531035542956846843e-25 4.179627887478659166e-29 6.722866720071687326e-33 8.492990031045213817e-33 5.208103968583716541e-29 1.881711825459269326e-25 4.005838201067194655e-22 5.024627463855759845e-19 3.713437174690379554e-16 1.617040512992898305e-13 4.148935361936167965e-11 6.272070862678447156e-09 5.586666702583897859e-07 2.931998096755705774e-05 9.066514903679490089e-04 1.651919446885585785e-02 1.773372888565063477e-01 1.121711730957031250e+00 4.180490493774414062e+00 9.179954528808593750e+00 1.187740039825439453e+01 9.054597854614257812e+00 4.067094802856445312e+00 1.076382160186767578e+00 1.678475439548492432e-01 1.542169135063886642e-02 8.348666015081107616e-04 2.662955012056045234e-05 5.004762897442560643e-07
1.277662136089929845e-06 1.592991516474739910e-08 1.170265551131421944e-10 5.065490128047800411e-13 1.291896345218153386e-15 1.941317210635907351e-18 1.718826382922639159e-21 8.966805402019697991e-25 2.756218565676989295e-28 4.991717952857230746e-32 1.117212973566533861e-33 7.714152148853169115e-30 3.138220876800567702e-26 7.522125101572333804e-23 1.062354329179932946e-19 8.840159939181991937e-17 4.334319768329805700e-14 1.252134680662653210e-11 2.131300025354221361e-09 2.137490042741774232e-07 1.263082413061056286e-05 4.397755255922675133e-04 9.021792560815811157e-03 1.090498194098472595e-01 7.766423225402832031e-01 3.259002208709716797e+00 8.057785034179687500e+00 1.173855018615722656e+01 1.007580661773681641e+01 5.095800399780273438e+00 1.518490195274353027e+00 2.666109800338745117e-01 2.758115530014038086e-02 1.681180670857429504e-03 6.037812272552400827e-05 1.277662136089929845e-06
3.178092356392880902e-06 4.461881886186347401e-08 3.690970862280096298e-10 1.799005172262169161e-12 5.166445274525609255e-15 8.741963177996229384e-18 8.715709693200018044e-21 5.119904490110671870e-24 1.772090704882466666e-27 3.613905037535256375e-31 1.427816279524955076e-34 1.111124844408547439e-30 5.089927005340295667e-27 1.373810732773254711e-23 2.184753311284178037e-20 2.047126266844811652e-17 1.130213171586947479e-14 3.676570332900030991e-12 7.046763172979808587e-10 7.958063719115671120e-08 5.295281880535185337e-06 2.076040982501581311e-04 4.795690067112445831e-03 6.527347862720489502e-02 5.234630703926086426e-01 2.473448753356933594e+00 6.886320114135742188e+00 1.129637527465820312e+01 1.091836357116699219e+01 6.217892646789550781e+00 2.086392164230346680e+00 4.124917089939117432e-01 4.805102199316024780e-02 3.298051655292510986e-03 1.333754335064440966e-04 3.178080078214406967e-06
7.700042260694317520e-06 1.217354395066649886e-07 1.134003557723417543e-09 6.224067268523203467e-12 2.012833022274011091e-14 3.835316877819698838e-17 4.305926160266291871e-20 2.848352692255990862e-23 1.110169498595769749e-26 2.549490765125560142e-30 3.448009161822378244e-34 1.557204402904353174e-31 8.032782723399488240e-28 2.441440685187851805e-24 4.372198029174707810e-21 4.613337650260332547e-18 2.868164944235624889e-15 1.050651644678157748e-12 2.267677712275428803e-10 2.883819760768346896e-08 2.160829126296448521e-06 9.539842722006142139e-05 2.481605857610702515e-03 3.803536295890808105e-02 3.434888124465942383e-01 1.827685594558715820e+00 5.730046272277832031e+00 1.058478641510009766e+01 1.152055740356445312e+01 7.388083457946777344e+00 2.791626930236816406e+00 6.215118169784545898e-01 8.152857422828674316e-02 6.301410961896181107e-03 2.869649906642735004e-04 7.699998604948632419e-06
1.816144140320830047e-05 3.233251959500194062e-07 3.391544156627901430e-09 2.096134030238339108e-11 7.633301000835313044e-14 1.637824892044385263e-16 2.070583258200194929e-19 1.542344491177609698e-22 6.769190775798214146e-26 1.750507969572216623e-29 2.667134968562352185e-33 2.125931491972016905e-32 1.234897372915102838e-28 4.226417949106328795e-25 8.522904716847704373e-22 1.012658494125180517e-18 7.089436010831551109e-16 2.924340999389818396e-13 7.107299471176276029e-11 1.017791007029700268e-08 8.587587672082008794e-07 4.269309283699840307e-05 1.250562723726034164e-03 2.158345282077789307e-02 2.194845378398895264e-01 1.315092563629150391e+00 4.642731666564941406e+00 9.657356262207031250e+00 1.183614730834960938e+01 8.547309875488281250e+00 3.636769056320190430e+00 9.117348790168762207e-01 1.346758604049682617e-01 1.172136515378952026e-02 6.010769866406917572e-04 1.816154690459370613e-05
4.172531407675705850e-05 8.365042276636813767e-07 9.881190976557263639e-09 6.877273056593580236e-11 2.820282527481177137e-13 6.814463705164387590e-16 9.701449261575582453e-19 8.137920400260676954e-22 4.022153018017761696e-25 1.171293055019228277e-28 2.009713891989269806e-32 2.823341637397325757e-33 1.846944849028931016e-29 7.118396079231432323e-26 1.616517106236579124e-22 2.162919749768870160e-19 1.705187966501641676e-16 7.920862587790927778e-14 2.167880458481263872e-11 3.495948863729836376e-09 3.321708845760440454e-07 1.859654730651527643e-05 6.134291179478168488e-04 1.192249543964862823e-02 1.365317106246948242e-01 9.212275743484497070e-01 3.662418842315673828e+00 8.579013824462890625e+00 1.184057235717773438e+01 9.628870010375976562e+00 4.613656044006347656e+00 1.302511453628540039e+00 2.166636884212493896e-01 2.123528346419334412e-02 1.226291526108980179e-03 4.172531407675705850e-05
9.329886233899742365e-05 2.106226929754484445e-06 2.801570175847700739e-08 2.195635478985380473e-10 1.013887541631564027e-12 2.758563116025654696e-15 4.422262237483033366e-18 4.177127191867109723e-21 2.324750013504844076e-24 7.623243831857750568e-28 1.472882313988512778e-31 3.654029699660850198e-34 2.692533569372038138e-30 1.168528257398614015e-26 2.988091828551202982e-23 4.502070070548221444e-20 3.996677316016133095e-17 2.090519496064386501e-14 6.442747377266577757e-12 1.169941143963626473e-09 1.251743384500514367e-07 7.891052518971264362e-06 2.931044145952910185e-04 6.414709612727165222e-03 8.271834254264831543e-02 6.284791231155395508e-01 2.813500881195068359e+00 7.421158790588378906e+00 1.153353309631347656e+01 1.056137084960937500e+01 5.698298931121826172e+00 1.811494946479797363e+00 3.393102288246154785e-01 3.744760155677795410e-02 2.435090485960245132e-03 9.329886233899742365e-05
2.030521136475726962e-04 5.161362423677928746e-06 7.730180584530899068e-08 6.821411213664418938e-10 3.546776587703970307e-12 1.086572340078511417e-14 1.961320340362848432e-17 2.085948687377992942e-20 1.307175336564873756e-23 4.826445922252522214e-27 1.049988229578212857e-30 1.344343323647110545e-34 3.825968920401000330e-31 1.869604967605664508e-27 5.383085448601863660e-24 9.132323570797611942e-21 9.128399626304464982e-18 5.376256182593446703e-15 1.865636551495741813e-12 3.814513704902822155e-10 4.595380431737794424e-08 3.261923666286747903e-06 1.364234340144321322e-04 3.361797891557216644e-03 4.881177097558975220e-02 4.175818562507629395e-01 2.104873418807983398e+00 6.251403808593750000e+00 1.093949317932128906e+01 1.127932739257812500e+01 6.852301597595214844e+00 2.452767610549926758e+00 5.173021554946899414e-01 6.428350508213043213e-02 4.706725478172302246e-03 2.030525356531143188e-04
4.305483889766037464e-04 1.232385147886816412e-05 2.078435272778733633e-07 2.065333459810858585e-09 1.209245984595819223e-11 4.171647429622796222e-14 8.479378828444333513e-17 1.015517165698678425e-19 7.166116592667160414e-23 2.979504527860428942e-26 7.299155623238868733e-30 1.053427344013054853e-33 5.285923029969734508e-32 2.908683365276946531e-28 9.430711820629149929e-25 1.801610683250431524e-21 2.027858087092123936e-18 1.344908113980300586e-15 5.255384885952119056e-13 1.209996547402170108e-10 1.641469538071760326e-08 1.312053882429609075e-06 6.179232150316238403e-05 1.714682672172784805e-03 2.803522907197475433e-02 2.700770497322082520e-01 1.532987713813781738e+00 5.126928329467773438e+00 1.010284996032714844e+01 1.172996520996093750e+01 8.024478912353515625e+00 3.234474182128906250e+00 7.681719064712524414e-01 1.074931174516677856e-01 8.862717077136039734e-03 4.305495531298220158e-04
8.893721969798207283e-04 2.866887007257901132e-05 5.445092483569169417e-07 6.093418658537075316e-09 4.017824267732450494e-11 1.560948093871916686e-13 3.573129078653460890e-16 4.819199743667629650e-19 3.829756873957174698e-22 1.793243293610028786e-25 4.947254211356586454e-29 8.041744933071400408e-33 7.100497219009224243e-33 4.400212468099728361e-29 1.606668445061526435e-25 3.456586033415757811e-22 4.381541583493119781e-19 3.272552025781983939e-16 1.440129211629365136e-13 3.734110590181138889e-11 5.704759331592867966e-09 5.135260039423883427e-07 2.723625766520854086e-05 8.511388441547751427e-04 1.567199639976024628e-02 1.700245440006256104e-01 1.086842536926269531e+00 4.093443393707275391e+00 9.084041595458984375e+00 1.187778759002685547e+01 9.150806427001953125e+00 4.153841972351074219e+00 1.110985159873962402e+00 1.750790178775787354e-01 1.625638827681541443e-02 8.893730700947344303e-04
1.789262983947992325e-03 6.495702837128192186e-05 1.389460294376476668e-06 1.751163658525456412e-08 1.300412832971886701e-10 5.689860475138752705e-13 1.466852059264713189e-15 2.228111895946311512e-18 1.994172715687486090e-21 1.051607398568653123e-24 3.267431150842817922e-28 5.981705189187551418e-32 9.278509355536407229e-34 6.476229832126507694e-30 2.663152199641754887e-26 6.452700451155313647e-23 9.211894306757378473e-20 7.748747398732985271e-17 3.840364373622166816e-14 1.121453103991587597e-11 1.929548076873288665e-09 1.956167920980078634e-07 1.168466951639857143e-05 4.112389287911355495e-04 8.527914062142372131e-03 1.041969209909439087e-01 7.501262426376342773e-01 3.181872844696044922e+00 7.952369689941406250e+00 1.171056270599365234e+01 1.016076183319091797e+01 5.194477081298828125e+00 1.564677715301513672e+00 2.776997983455657959e-01 2.903958037495613098e-02 1.789267989806830883e-03
3.505813889205455780e-03 1.433467841707170010e-04 3.453464159974828362e-06 4.902125994021844235e-08 4.100010331242742723e-10 2.020457585960588887e-12 5.866540451804390724e-15 1.003657280135500981e-17 1.011704897050574659e-20 6.008797691279139298e-24 2.102743409605605938e-27 4.335689601991002613e-31 1.178502192910202115e-34 9.272553346065981477e-31 4.294598056994053768e-27 1.171954795534767592e-23 1.884383028233433084e-20 1.785231124179294964e-17 9.965135101374766186e-15 3.277493944645049062e-12 6.351382753067014164e-10 7.252020850501139648e-08 4.878834261035080999e-06 1.933931926032528281e-04 4.516866523772478104e-03 6.215793639421463013e-02 5.039916038513183594e-01 2.407793283462524414e+00 6.777666568756103516e+00 1.124109649658203125e+01 1.098511123657226562e+01 6.325095176696777344e+00 2.145840167999267578e+00 4.289383888244628906e-01 5.051928758621215820e-02 3.505813889205455780e-03
6.686992477625608444e-03 3.079398884437978268e-04 8.355415957339573652e-06 1.335774868493899703e-07 1.258255943881181338e-09 6.983527037901504642e-12 2.283713819992757438e-14 4.400254766413815044e-17 4.995520787557608761e-20 3.341607221451515886e-23 1.317018380557243205e-26 3.058405527788638664e-30 4.183408988778859478e-34 1.293147464506258785e-31 6.745427111400408920e-28 2.073188384501878874e-24 3.754280379106958050e-21 4.005847936595263492e-18 2.518358971744438443e-15 9.328460313234865353e-13 2.035955987134130396e-10 2.618189043346319522e-08 1.983781203307444230e-06 8.856344356900081038e-05 2.329626586288213730e-03 3.610617667436599731e-02 3.297188878059387207e-01 1.774082183837890625e+00 5.624348640441894531e+00 1.050597476959228516e+01 1.156293201446533203e+01 7.498363494873046875e+00 2.865051746368408203e+00 6.450091600418090820e-01 8.555865287780761719e-02 6.687011104077100754e-03
1.241715252399444580e-02 6.439966964535415173e-04 1.967946263903286308e-05 3.543269713190966286e-07 3.758974465029041312e-09 2.349626569697615963e-11 8.653534567517814913e-14 1.877827839530849018e-16 2.400986853705606424e-19 1.808786363992713584e-22 8.028788402472727444e-26 2.099806811811715042e-29 3.235693300722275992e-33 1.756496833522000682e-32 1.031898819728098066e-28 3.571831523753314225e-25 7.284670269818374294e-22 8.753880782671587130e-19 6.198023301701453738e-16 2.585651961636847851e-13 6.355607706787225197e-11 9.204830675457742473e-09 7.854822570152464323e-07 3.949328674934804440e-05 1.169989933259785175e-03 2.042227238416671753e-02 2.100358456373214722e-01 1.272770047187805176e+00 4.544387817382812500e+00 9.560186386108398438e+00 1.185017395019531250e+01 8.654661178588867188e+00 3.724285602569580078e+00 9.442855119705200195e-01 1.410679072141647339e-01 1.241717115044593811e-02
2.244748920202255249e-02 1.311137224547564983e-03 4.512270243139937520e-05 9.149663924290507566e-07 1.093165025167763815e-08 7.695359627302167382e-11 3.191854332923460547e-13 7.800588991478500656e-16 1.123257298312042497e-18 9.530001151598850299e-22 4.764018767405396130e-25 1.403225214872627066e-28 2.435233002221749748e-32 2.323734865120760280e-33 1.537493798265358317e-29 5.993495219528242383e-26 1.376634476160711427e-22 1.863054757750121467e-19 1.485568469844158633e-16 6.979643642560096062e-14 1.932123037950983502e-11 3.151438665582873000e-09 3.028643504876527004e-07 1.714956306386739016e-05 5.721775814890861511e-04 1.124785840511322021e-02 1.302798092365264893e-01 8.891069889068603516e-01 3.575160264968872070e+00 8.470409393310546875e+00 1.182444381713867188e+01 9.725770950317382812e+00 4.713403701782226562e+00 1.345899701118469238e+00 2.264412492513656616e-01 2.244748920202255249e-02
3.950709104537963867e-02 2.598746214061975479e-03 1.007210012176074088e-04 2.300057985848980024e-06 3.094785938628774602e-08 2.453471315000399500e-10 1.146059375872754416e-12 3.154261545357315948e-15 5.115159176574815081e-18 4.887432999980076601e-21 2.751508577656985958e-24 9.127027265804803808e-28 1.783833483622830848e-31 2.992863948079979185e-34 2.231132664527388740e-30 9.794939192739313885e-27 2.533668819643001220e-23 3.861577336782449766e-20 3.467725423662768828e-17 1.834825829683320308e-14 5.720131399794547988e-12 1.050724507400957464e-09 1.137200058565213112e-07 7.251883744174847379e-06 2.724814694374799728e-04 6.032340228557586670e-03 7.868687063455581665e-02 6.047669649124145508e-01 2.738663196563720703e+00 7.307292938232421875e+00 1.148793601989746094e+01 1.064129447937011719e+01 5.807833194732666016e+00 1.867675542831420898e+00 3.538778424263000488e-01 3.950709104537963867e-02
6.769333779811859131e-02 5.014530848711729050e-03 2.188698126701638103e-04 5.628633971355156973e-06 8.528905937055242248e-08 7.614633923402891469e-10 4.005659519357163134e-12 1.241542862306021719e-14 2.267346065016436678e-17 2.439742559537445899e-20 1.546810611415300352e-23 5.778191967334095614e-27 1.271794421544475800e-30 1.648213664286960555e-34 3.153667731038598943e-31 1.559147275389878134e-27 4.541889144345774268e-24 7.795627165893195394e-21 7.883649968728543406e-18 4.697593903495514422e-15 1.649248879825870873e-12 3.411663729302460979e-10 4.158265909381952952e-08 2.986290382978040725e-06 1.263621670659631491e-04 3.150392323732376099e-03 4.627852886915206909e-02 4.005550146102905273e-01 2.042736291885375977e+00 6.138056278228759766e+00 1.086713790893554688e+01 1.133618259429931641e+01 6.967640876770019531e+00 2.523319005966186523e+00 5.384230017662048340e-01 6.769304722547531128e-02
1.129242330789566040e-01 9.420243091881275177e-03 4.630279145203530788e-04 1.340958442597184330e-05 2.288197862299057306e-07 2.300601931182200133e-09 1.362878213062579391e-11 4.757014281184940296e-14 9.783184880417355989e-17 1.185480874216790028e-19 8.464064780995845039e-23 3.560616140352367371e-26 8.825376110945377889e-30 1.288751027472107118e-33 4.341713070143486179e-32 2.417276562176710142e-28 7.929858588944124761e-25 1.532744066582844468e-21 1.745563677904314522e-18 1.171318875835898783e-15 4.631035138702443987e-13 1.078813011146095846e-10 1.480756051108755855e-08 1.197544975184428040e-06 5.706478259526193142e-05 1.602158648893237114e-03 2.650394849479198456e-02 2.583349645137786865e-01 1.483622074127197266e+00 5.020326614379882812e+00 1.000935840606689453e+01 1.175839233398437500e+01 8.138733863830566406e+00 3.319198608398437500e+00 7.975813150405883789e-01 1.129238456487655640e-01
1.834012866020202637e-01 1.722888834774494171e-02 9.536343859508633614e-04 3.110100442427210510e-05 5.976322654532850720e-07 6.766476268182941567e-09 4.513875384581922390e-11 1.774240612284830321e-13 4.109033854189251883e-16 5.607020000748087195e-19 4.508076783122355903e-22 2.135611638185309607e-25 5.960966835731700424e-29 9.803374562676266608e-33 5.822174295796849344e-33 3.650376922083078164e-29 1.348527518893791689e-25 2.935252473615434004e-22 3.764360673470167739e-19 2.844519278359192247e-16 1.266464960247154492e-13 3.322348299250599268e-11 5.135238012599074864e-09 4.676816161008900963e-07 2.509577643650118262e-05 7.934488821774721146e-04 1.478102244436740875e-02 1.622408181428909302e-01 1.049251914024353027e+00 3.998224020004272461e+00 8.976820945739746094e+00 1.187528705596923828e+01 9.256207466125488281e+00 4.250985145568847656e+00 1.150301098823547363e+00 1.834012866020202637e-01
2.900020480155944824e-01 3.067794069647789001e-02 1.912148785777390003e-03 7.022300269454717636e-05 1.519531451776856557e-06 1.937338467428162403e-08 1.455360693070062439e-10 6.441669571886909917e-13 1.679943525937266542e-15 2.581438785875887071e-18 2.337181655155282086e-21 1.246780362597902028e-24 3.918810269207476041e-28 7.257427478085525859e-32 7.604062193005695299e-34 5.369588605290640657e-30 2.233724672528217440e-26 5.474991925022909207e-23 7.906799755544182146e-20 6.728032992622150817e-17 3.373175558860942724e-14 9.964658438665896512e-12 1.734383747731271797e-09 1.778714988631691085e-07 1.074809279089095071e-05 3.826653992291539907e-04 8.027382194995880127e-03 9.921941906213760376e-02 7.225813269615173340e-01 3.100600004196166992e+00 7.839170932769775391e+00 1.167782688140869141e+01 1.024992752075195312e+01 5.300870895385742188e+00 1.615247726440429688e+00 2.900012433528900146e-01
4.465243518352508545e-01 5.319209024310112000e-02 3.733522491529583931e-03 1.544021506560966372e-04 3.762350388569757342e-06 5.401718894404439197e-08 4.569551959043849365e-10 2.277606271985921360e-12 6.688834954801181967e-15 1.157419568097268147e-17 1.180056750441072922e-20 7.088838989530804876e-24 2.509078035202369345e-27 5.232667493504600937e-31 9.657349603464833364e-35 7.688730343784997931e-31 3.601801381841110655e-27 9.941494918024776358e-24 1.616753264685875879e-20 1.549206220607496728e-17 8.746578256861679140e-15 2.909632604297662795e-12 5.702920358174878857e-10 6.586162726307520643e-08 4.481625637708930299e-06 1.796797005226835608e-04 4.244537092745304108e-03 5.907851457595825195e-02 4.845024943351745605e-01 2.341161966323852539e+00 6.665491104125976562e+00 1.118151378631591797e+01 1.105186939239501953e+01 6.436331748962402344e+00 2.208548545837402344e+00 4.465231001377105713e-01
6.693820357322692871e-01 8.979339897632598877e-02 7.097118068486452103e-03 3.305090067442506552e-04 9.068905455933418125e-06 1.466181913656328106e-07 1.396674331743952280e-09 7.839168550405339886e-12 2.592448011904530114e-14 5.051420609038419023e-17 5.799432421738607633e-20 3.923098367250907788e-23 1.563632631415259899e-26 3.672065676827501187e-30 5.079612769507983323e-34 1.072432178317332957e-31 5.657161618507443526e-28 1.758316329119948759e-24 3.219997837941386862e-21 3.474448913117722347e-18 2.208927036442365037e-15 8.274582191311607993e-13 1.826305634500258179e-10 2.375040253355109598e-08 1.819861154217505828e-06 8.216152491513639688e-05 2.185578225180506706e-03 3.425581380724906921e-02 3.163489401340484619e-01 1.721336245536804199e+00 5.518645286560058594e+00 1.042478752136230469e+01 1.160294628143310547e+01 7.609161853790283203e+00 2.940161705017089844e+00 6.693820357322692871e-01
9.771240353584289551e-01 1.476010084152221680e-01 1.313706673681735992e-02 6.889242213219404221e-04 2.128701999026816338e-05 3.875488232552015688e-07 4.157224786638380465e-09 2.627548179034988607e-11 9.784880560968420293e-14 2.147025233382310327e-16 2.775783164735207532e-19 2.114442070644247044e-22 9.490143368633336551e-26 2.509707898553619038e-29 3.910407956311068159e-33 1.456139365914086920e-32 8.649897261011688473e-29 3.027442310845787201e-25 6.243204238277579984e-22 7.585968449183599141e-19 5.430955558623879690e-16 2.290933556140656302e-13 5.693898824654652913e-11 8.338401968899233907e-09 7.194880708993878216e-07 3.657848719740286469e-05 1.095708576031029224e-03 1.933887600898742676e-02 2.011108249425888062e-01 1.232279539108276367e+00 4.448848724365234375e+00 9.463550567626953125e+00 1.186115169525146484e+01 8.759258270263671875e+00 3.811306238174438477e+00 9.771213531494140625e-01
1.388726949691772461e+00 2.362207621335983276e-01 2.367493510246276855e-02 1.398051856085658073e-03 4.864384391112253070e-05 9.972409316105768085e-07 1.204595534431973647e-08 8.573288606816831248e-11 3.595144743972350510e-13 8.882928750271229697e-16 1.293201141570755757e-18 1.109271516730897004e-21 5.606301333127974855e-25 1.669501159347446666e-28 2.929243466299241093e-32 1.925843251678862709e-33 1.288275303732834987e-29 5.077345136125207181e-26 1.179039334443504037e-22 1.613218812401316290e-19 1.300534254865354732e-16 6.177607795969375371e-14 1.728943550827199971e-11 2.851108460433238179e-09 2.770231333215633640e-07 1.585909922141581774e-05 5.349452840164303780e-04 1.063181739300489426e-02 1.245010495185852051e-01 8.590294122695922852e-01 3.492270231246948242e+00 8.365190505981445312e+00 1.180619239807128906e+01 9.817742347717285156e+00 4.810384750366210938e+00 1.388723492622375488e+00
1.921877741813659668e+00 3.681259751319885254e-01 4.154653474688529968e-02 2.762742340564727783e-03 1.082464150385931134e-04 2.498900357750244439e-06 3.399048864594078623e-08 2.724107883711468503e-10 1.286374002110179937e-12 3.579104684338103165e-15 5.867491524220369494e-18 5.667511169644464585e-21 3.225514979651208816e-24 1.081622864218276598e-27 2.137055547662153459e-31 2.478207036939797871e-34 1.867811810970716775e-30 8.289583814771651784e-27 2.167658185548349577e-23 3.339827026183518768e-20 3.031928295789411388e-17 1.621756724680574469e-14 5.111089069337326762e-12 9.491040176001774853e-10 1.038432770883446210e-07 6.694436706311535090e-06 2.542800211813300848e-04 5.690860096365213394e-03 7.504360377788543701e-02 5.830605030059814453e-01 2.669198989868164062e+00 7.199721813201904297e+00 1.144242000579833984e+01 1.071487998962402344e+01 5.911845207214355469e+00 1.921881437301635742e+00
2.589859247207641602e+00 5.586251020431518555e-01 7.099572569131851196e-02 5.316281225532293320e-03 2.345598186366260052e-04 6.097651748859789222e-06 9.339915862938141800e-08 8.429296705081412711e-10 4.482348520129519898e-12 1.404376137273009514e-14 2.592565192295337846e-17 2.819990540103396982e-20 1.807288695786933389e-23 6.824656787824588783e-27 1.518427994595586113e-30 1.989507887966153564e-34 2.636256260108906762e-31 1.317530215699263557e-27 3.879673546570754140e-24 6.731313501104891481e-21 6.881285323736279042e-18 4.144855777501142702e-15 1.470991948041011632e-12 3.075952825781769207e-10 3.789860514302745287e-08 2.751236024778336287e-06 1.176792866317555308e-04 2.965805586427450180e-03 4.404013603925704956e-02 3.853203654289245605e-01 1.986382007598876953e+00 6.033540725708007812e+00 1.079810333251953125e+01 1.138649559020996094e+01 7.074557304382324219e+00 2.589859247207641602e+00
3.398289918899536133e+00 8.254368305206298828e-01 1.181339770555496216e-01 9.961691685020923615e-03 4.949476569890975952e-04 1.448929469916038215e-05 2.499238576092466246e-07 2.539968679826642983e-09 1.520982298441886371e-11 5.366423993548308236e-14 1.115615051078920205e-16 1.366492032179944806e-19 9.862038638840381430e-23 4.193707215373757337e-26 1.050730352075728791e-29 1.551042571719938133e-33 3.622105697549615440e-32 2.038506327426502950e-28 6.759707681641326057e-25 1.320729961156939137e-21 1.520414007358965334e-18 1.031291624160554123e-15 4.121565285244987997e-13 9.705423964501136425e-11 1.346574762806085346e-08 1.100830786526785232e-06 5.302389763528481126e-05 1.504838932305574417e-03 2.516395598649978638e-02 2.479312121868133545e-01 1.439300060272216797e+00 4.923101425170898438e+00 9.921874046325683594e+00 1.178192138671875000e+01 8.243370056152343750e+00 3.398295402526855469e+00
4.342195987701416016e+00 1.187777757644653320e+00 1.914381384849548340e-01 1.817980594933032990e-02 1.017225440591573715e-03 3.353576175868511200e-05 6.514337655971758068e-07 7.455779993392752658e-09 5.027950278346793311e-11 1.997816517253225843e-13 4.677194173752078667e-16 6.451803016736243298e-19 5.243751045282684233e-22 2.511171798385830262e-25 7.085479413513627315e-29 1.177960978780694226e-32 4.841306544640207978e-33 3.068493300572932112e-29 1.145879875920444105e-25 2.521311786879257202e-22 3.268692078443372616e-19 2.496864398977117301e-16 1.123779346488829045e-13 2.980138011365873751e-11 4.656443230999229854e-09 4.286932835384504870e-07 2.325409150216728449e-05 7.432242855429649353e-04 1.399623788893222809e-02 1.552982032299041748e-01 1.015286803245544434e+00 3.910916805267333984e+00 8.876373291015625000e+00 1.187026214599609375e+01 9.353013992309570312e+00 4.342203617095947266e+00
5.402645111083984375e+00 1.664389610290527344e+00 3.021150231361389160e-01 3.231149166822433472e-02 2.036146819591522217e-03 7.560118683613836765e-05 1.653905428611324169e-06 2.131888976464324514e-08 1.619149536669084455e-10 7.245559404192580821e-13 1.910401073852664375e-15 2.967869857510141074e-18 2.716638442312087601e-21 1.465179068006281114e-24 4.655981862874807968e-28 8.717757628297088086e-32 6.293502622918965377e-34 4.493420255170779124e-30 1.889819836450744038e-26 4.683087278885192649e-23 6.837608713978013070e-20 5.882334122259776001e-17 2.981674897760931697e-14 8.905109288859236472e-12 1.567061147511594754e-09 1.624782299813887221e-07 9.925978702085558325e-06 3.572916612029075623e-04 7.577658630907535553e-03 9.469233453273773193e-02 6.972104907035827637e-01 3.024667501449584961e+00 7.731414318084716797e+00 1.164414405822753906e+01 1.033292770385742188e+01 5.402645111083984375e+00
6.545383453369140625e+00 2.271079063415527344e+00 4.642978906631469727e-01 5.592751502990722656e-02 3.969400189816951752e-03 1.659914996707811952e-04 4.089966751052998006e-06 5.937707925340873771e-08 5.079116016659668276e-10 2.559882210720343387e-12 7.601837792602962607e-15 1.330117095615170435e-17 1.371264799690890420e-20 8.329605964055820284e-24 2.981200116583467465e-27 6.286773244694874103e-31 7.949122131204846738e-35 6.401336924126014244e-31 3.032193348906997186e-27 8.462811438789629895e-24 1.391663849078272351e-20 1.348427317500460490e-17 7.698050571015684074e-15 2.589449488166195579e-12 5.132159142107184380e-10 5.993199181375530316e-08 4.123653525311965495e-06 1.671779464231804013e-04 3.993346821516752243e-03 5.620351806282997131e-02 4.660764336585998535e-01 2.277297973632812500e+00 6.556134223937988281e+00 1.112098121643066406e+01 1.111490058898925781e+01 6.545383453369140625e+00
7.721146583557128906e+00 3.017504215240478516e+00 6.948345303535461426e-01 9.427195787429809570e-02 7.536179386079311371e-03 3.549624816514551640e-04 9.851130016613751650e-06 1.610832214282709174e-07 1.551986317238629454e-09 8.810297977279724080e-12 2.946892675628060010e-14 5.807641036435217687e-17 6.743759257370190067e-20 4.613984956854004546e-23 1.859996272001523262e-26 4.417954646322565056e-30 6.181759487081325620e-34 8.870797588819343342e-32 4.732878467764357134e-28 1.487815234466371743e-24 2.755758673068947269e-21 3.007473610877954933e-18 1.933864521766318935e-15 7.326927693035445444e-13 1.635612895123372823e-10 2.151361044866462180e-08 1.667275000727386214e-06 7.613217167090624571e-05 2.048333175480365753e-03 3.247101604938507080e-02 3.032901287078857422e-01 1.669122457504272461e+00 5.412349700927734375e+00 1.034072494506835938e+01 1.164081192016601562e+01 7.721154212951660156e+00
8.868127822875976562e+00 3.903812646865844727e+00 1.012544393539428711e+00 1.547405123710632324e-01 1.393360085785388947e-02 7.392481202259659767e-04 2.310916170245036483e-05 4.256444867678510491e-07 4.619221449786437006e-09 2.953699784757901625e-11 1.112828904546725450e-13 2.470327915530824139e-16 3.231092066711891898e-19 2.490094856920106488e-22 1.130686907923953181e-25 3.025118950812901077e-29 4.768597076254064649e-33 1.195799693301597850e-32 7.186416198192747104e-29 2.544681377044454436e-25 5.309025309330760646e-22 6.526312861375605803e-19 4.727006063797735934e-16 2.017310472314515213e-13 5.072578121434467846e-11 7.515331468255226355e-09 6.560424026247346774e-07 3.374306470504961908e-05 1.022597774863243103e-03 1.825977116823196411e-02 1.921098232269287109e-01 1.190894603729248047e+00 4.349723815917968750e+00 9.360900878906250000e+00 1.186973381042480469e+01 8.868120193481445312e+00
9.917045593261718750e+00 4.917789459228515625e+00 1.436896204948425293e+00 2.473693192005157471e-01 2.509203925728797913e-02 1.499660545960068703e-03 5.281021003611385822e-05 1.095747165891225450e-06 1.339564015268024377e-08 9.649188392746310683e-11 4.095283140381766884e-13 1.024098408614233791e-15 1.508916610434784526e-18 1.309972574225915046e-21 6.700713211882438453e-25 2.019528454495754177e-28 3.586222850870001997e-32 1.566899072157569211e-33 1.060831704170762937e-29 4.231521386125042978e-26 9.945082972966083608e-23 1.377183987832046246e-19 1.123670731454002626e-16 5.402041390167172663e-14 1.530178067588039426e-11 2.553839140162494914e-09 2.511353613954270259e-07 1.455094934499356896e-05 4.967543645761907101e-04 9.992241859436035156e-03 1.184261739253997803e-01 8.269932866096496582e-01 3.402678251266479492e+00 8.249111175537109375e+00 1.178314018249511719e+01 9.917038917541503906e+00
1.079681396484375000e+01 6.031603336334228516e+00 1.985353231430053711e+00 3.850417733192443848e-01 4.399942606687545776e-02 2.962470985949039459e-03 1.175245415652170777e-04 2.747072585407295264e-06 3.783317836791866284e-08 3.070074749977891315e-10 1.467889828785096107e-12 4.135238988934491003e-15 6.863957130674211941e-18 6.713031113200978982e-21 3.868353787011285231e-24 1.313415851559069105e-27 2.627522337082297165e-31 1.995878057157152624e-34 1.523418015134600757e-30 6.845725691044207389e-27 1.812502119737358012e-23 2.827564089469658864e-20 2.599001980949980486e-17 1.407583766340966824e-14 4.491686536600703050e-12 8.445213972585463580e-10 9.355694885471166344e-08 6.106720320531167090e-06 2.348593989154323936e-04 5.322050768882036209e-03 7.105804979801177979e-02 5.590070486068725586e-01 2.591108322143554688e+00 7.076548099517822266e+00 1.138740539550781250e+01 1.079681015014648438e+01
1.144350051879882812e+01 7.202195167541503906e+00 2.670782566070556641e+00 5.835489034652709961e-01 7.512506842613220215e-02 5.698502995073795319e-03 2.546851756051182747e-04 6.706770818709628657e-06 1.040602342072816100e-07 9.513282384077115239e-10 5.124404373058055739e-12 1.626366955605890174e-14 3.041312494402702976e-17 3.350994933805264977e-20 2.175454024558105704e-23 8.321459496095216047e-27 1.875451771934677117e-30 2.489104007325164714e-34 2.128221942714594133e-31 1.077414514696796049e-27 3.213762529885226182e-24 5.648260641150566926e-21 5.848966814402244439e-18 3.568744624360235818e-15 1.282973076735527407e-12 2.717611136127118243e-10 3.391738800928578712e-08 2.494149157428182662e-06 1.080664660548791289e-04 2.758867340162396431e-03 4.149860888719558716e-02 3.677954077720642090e-01 1.920628070831298828e+00 5.909458160400390625e+00 1.071320724487304688e+01 1.144349861145019531e+01
1.180754184722900391e+01 8.372436523437500000e+00 3.497937202453613281e+00 8.610671758651733398e-01 1.248910427093505859e-01 1.067315973341464996e-02 5.374299362301826477e-04 1.594478089828044176e-05 2.787263042591803242e-07 2.870832238599518860e-09 1.742236042934219853e-11 6.229724039148037962e-14 1.312496874709647614e-16 1.629281625921330396e-19 1.191678526975827506e-22 5.135652434079937420e-26 1.304039040327644512e-29 1.950883669074277541e-33 2.892315017394571225e-32 1.649687432820833832e-28 5.543950260217371845e-25 1.097759347685757449e-21 1.280727671523762376e-18 8.803996926290153652e-16 3.565898119319010906e-13 8.509921933796960047e-11 1.196593046870475519e-08 9.913626399793429300e-07 4.839355824515223503e-05 1.391917467117309570e-03 2.358862757682800293e-02 2.355383783578872681e-01 1.385750532150268555e+00 4.803696632385253906e+00 9.811466217041015625e+00 1.180754089355468750e+01
1.185997295379638672e+01 9.475364685058593750e+00 4.460418701171875000e+00 1.237150907516479492e+00 2.021795064210891724e-01 1.946790516376495361e-02 1.104497350752353668e-03 3.692164318636059761e-05 7.272191169249708764e-07 8.439355880796028941e-09 5.770699890161878898e-11 2.324945520392612819e-13 5.519012574424844719e-16 7.719382859218628438e-19 6.361588404997479973e-22 3.089029174754457356e-25 8.837686263945381147e-29 1.489772169469432652e-32 3.821331565799647636e-33 2.455860101014767166e-29 9.299109607077588872e-26 2.074670354375645171e-22 2.727231540187466150e-19 2.112346513381637195e-16 9.639916631869888120e-14 2.592064757278578213e-11 4.106626150246484031e-09 3.833528126051533036e-07 2.108499757014214993e-05 6.833062507212162018e-04 1.304752752184867859e-02 1.467926502227783203e-01 9.730786681175231934e-01 3.800659179687500000e+00 8.746582031250000000e+00 1.185997295379638672e+01
1.159618568420410156e+01 1.043902587890625000e+01 5.536971092224121094e+00 1.730421781539916992e+00 3.186392784118652344e-01 3.457092121243476868e-02 2.210000995546579361e-03 8.324094233103096485e-05 1.847364501372794621e-06 2.415660915744410886e-08 1.861172882478001611e-10 8.448931658466829475e-13 2.259870774263790863e-15 3.561514222082297552e-18 3.307114941013887530e-21 1.809411836027245220e-24 5.832867577711293730e-28 1.107894256794069562e-31 4.910772291466554901e-34 3.557297179260673771e-30 1.517705981515028567e-26 3.815301155641180701e-23 5.651061423005883193e-20 4.931809630718761179e-17 2.535990894277778684e-14 7.683444158690377890e-12 1.371605717892521170e-09 1.442675312546271016e-07 8.940893167164176702e-06 3.264782135374844074e-04 7.024183869361877441e-03 8.904401957988739014e-02 6.650909185409545898e-01 2.927013635635375977e+00 7.589931488037109375e+00 1.159618568420410156e+01
1.103661155700683594e+01 1.119551753997802734e+01 6.691443443298339844e+00 2.356466293334960938e+00 4.889575242996215820e-01 5.977894365787506104e-02 4.306188784539699554e-03 1.827703672461211681e-04 4.570669261738657951e-06 6.734833135624285205e-08 5.847089479260603184e-10 2.991009783598341798e-12 9.014936929276681082e-15 1.600952985367589033e-17 1.675165625305330942e-20 1.032782376913866247e-23 3.751645279676248521e-27 8.029738903969841892e-31 1.011459509500436568e-34 5.009837492978545815e-31 2.408561440288866241e-27 6.822788549496871656e-24 1.138752730555330582e-20 1.119872930194812412e-17 6.488931791117378070e-15 2.215365261029611510e-12 4.456348901005213747e-10 5.281796688905160408e-08 3.688529432110954076e-06 1.517733326181769371e-04 3.679597284644842148e-03 5.256240442395210266e-02 4.423989057540893555e-01 2.193918704986572266e+00 6.410536766052246094e+00 1.103661155700683594e+01
1.022387886047363281e+01 1.168774795532226562e+01 7.872512817382812500e+00 3.124366283416748047e+00 7.305982708930969238e-01 1.006607264280319214e-01 8.171673864126205444e-03 3.908675862476229668e-04 1.101579800888430327e-05 1.829229745453631040e-07 1.789715708966355123e-09 1.031741185542056627e-11 3.504472103135758410e-14 7.013683604427332885e-17 8.270465834443999421e-20 5.746307696054830593e-23 2.352381986773892796e-26 5.674055936164919121e-30 8.062890239732770200e-34 6.856377605196556507e-32 3.714843213999687537e-28 1.185898247300433694e-24 2.230606016745395083e-21 2.472112805856591062e-18 1.614286402305559892e-15 6.210890092159249143e-13 1.407976790712694992e-10 1.880668420994879853e-08 1.480092237216013018e-06 6.863305316073819995e-05 1.875185989774763584e-03 3.018749319016933441e-02 2.863339185714721680e-01 1.600243449211120605e+00 5.269484519958496094e+00 1.022387886047363281e+01
9.217849731445312500e+00 1.187655258178710938e+01 9.016088485717773438e+00 4.032847404479980469e+00 1.062854528427124023e+00 1.650453209877014160e-01 1.510080136358737946e-02 8.140745339915156364e-04 2.585779293440282345e-05 4.839378107135416940e-07 5.336496577967864141e-09 3.467226505904363876e-11 1.327345758262918340e-13 2.993989888605238289e-16 3.979070135612967173e-19 3.115908184233777146e-22 1.437637863045139387e-25 3.908225839715609889e-29 6.259980554604886951e-33 9.119610069954081355e-33 5.568881202828485981e-29 2.003675391344194027e-25 4.247599708492681549e-22 5.305606759267186514e-19 3.904734271871842946e-16 1.693231871987416204e-13 4.326182467817574206e-11 6.512673067504692881e-09 5.776720399808255024e-07 3.019091855094302446e-05 9.296793723478913307e-04 1.686788722872734070e-02 1.803232729434967041e-01 1.135821819305419922e+00 4.215373992919921875e+00 9.217849731445312500e+00
8.149032592773437500e+00 1.176081466674804688e+01 1.000082015991210938e+01 5.010732650756835938e+00 1.479224920272827148e+00 2.572970986366271973e-01 2.636935189366340637e-02 1.592334592714905739e-03 5.665481512551195920e-05 1.187683665193617344e-06 1.467025967372137529e-08 1.067678931376825346e-10 4.578347249928338414e-13 1.156771720241516616e-15 1.722064097087142421e-18 1.510512880801110771e-21 7.806558643381949090e-25 2.377186885936831537e-28 4.265179571697324095e-32 1.312470850432770036e-33 8.978108374066361902e-30 3.618342269687079318e-26 8.592138557769010924e-23 1.202162005244687523e-19 9.910367539192079227e-17 4.813711278542354144e-14 1.377647128320003134e-11 2.323120362746067258e-09 2.308150328644842375e-07 1.351217542833182961e-05 4.660762788262218237e-04 9.472225792706012726e-03 1.134263053536415100e-01 8.002825975418090820e-01 3.326918125152587891e+00 8.149032592773437500e+00
7.002065658569335938e+00 1.135263729095458984e+01 1.084510612487792969e+01 6.104336261749267578e+00 2.024466037750244141e+00 3.955942392349243164e-01 4.554639011621475220e-02 3.089780919253826141e-03 1.235005329363048077e-04 2.908523129008244723e-06 4.035966583160188748e-08 3.299829853808944335e-10 1.589640528584790324e-12 4.512050489366512679e-15 7.545966718543570706e-18 7.435827025446069799e-21 4.317217219803851391e-24 1.476868755567236057e-27 2.976846814502598318e-31 1.750675101322282337e-34 1.346534985477102682e-30 6.096562824208883044e-27 1.626338676942070392e-23 2.556301193575403907e-20 2.367444845302703663e-17 1.291847047900623185e-14 4.153435841786068394e-12 7.868282692058414796e-10 8.782366478499170626e-08 5.775783392891753465e-06 2.238112792838364840e-04 5.109941586852073669e-03 6.874118745326995850e-02 5.448610782623291016e-01 2.544621944427490234e+00 7.002065658569335938e+00
5.848727226257324219e+00 1.067048835754394531e+01 1.147029781341552734e+01 7.264946937561035156e+00 2.711175918579101562e+00 5.961399078369140625e-01 7.723388820886611938e-02 5.895646288990974426e-03 2.651703543961048126e-04 7.027262654446531087e-06 1.097275870165503875e-07 1.009510142147007627e-09 5.472278880036540727e-12 1.747826228637883866e-14 3.289205289095044522e-17 3.647179876826947678e-20 2.382785918656274999e-23 9.172333804781541338e-27 2.080405324571167220e-30 2.778841783461261456e-34 1.915380587885216316e-31 9.758305694081135395e-28 2.929265760874057432e-24 5.180976296479131458e-21 5.399240709476045311e-18 3.315271708960280950e-15 1.199418168951194019e-12 2.556743150528006936e-10 3.211285815041264868e-08 2.376459633524063975e-06 1.036215835483744740e-04 2.662177197635173798e-03 4.029870778322219849e-02 3.594289124011993408e-01 1.888887166976928711e+00 5.848727226257324219e+00
4.757788181304931641e+00 9.768136978149414062e+00 1.181638908386230469e+01 8.422176361083984375e+00 3.536971569061279297e+00 8.751983642578125000e-01 1.275993883609771729e-01 1.096119545400142670e-02 5.547930486500263214e-04 1.654529842198826373e-05 2.907276552832627203e-07 3.009950066967803650e-09 1.836133155241892467e-11 6.599597577412394389e-14 1.397639038380873782e-16 1.743978360410962502e-19 1.282184854176196278e-22 5.554290747570622021e-26 1.417680342255536227e-29 2.131893452382593695e-33 2.650691859709462322e-32 1.519726041285447729e-28 5.133687862277145999e-25 1.021798883514744088e-21 1.198307188493825560e-18 8.280174811049149236e-16 3.371093551876591654e-13 8.086718794597658189e-11 1.142980821100536559e-08 9.518765295979392249e-07 4.670697308029048145e-05 1.350376405753195286e-03 2.300336211919784546e-02 2.308847755193710327e-01 1.365420341491699219e+00 4.757788181304931641e+00
3.769454956054687500e+00 8.709211349487304688e+00 1.185623168945312500e+01 9.510016441345214844e+00 4.494521141052246094e+00 1.251558184623718262e+00 2.053465843200683594e-01 1.985140144824981689e-02 1.130738528445363045e-03 3.794906660914421082e-05 7.504161203542025760e-07 8.743310075942645199e-09 6.002268820859413267e-11 2.427836577612030311e-13 5.786166765988851046e-16 8.125188361955252593e-19 6.722607505937127559e-22 3.277257549716012812e-25 9.413549548819994224e-29 1.593141322324104443e-32 3.571101511946214870e-33 2.304163326165445102e-29 8.759359266071310720e-26 1.962018492755187978e-22 2.589408774475412062e-19 2.013546605180425476e-16 9.225455956888423126e-14 2.490528963616789326e-11 3.961431627175215908e-09 3.712640648245724151e-07 2.050119292107410729e-05 6.670334259979426861e-04 1.278730109333992004e-02 1.444367170333862305e-01 9.612706899642944336e-01 3.769454956054687500e+00
2.904445648193359375e+00 7.556732177734375000e+00 1.158432388305664062e+01 1.046343803405761719e+01 5.568592071533203125e+00 1.746158719062805176e+00 3.226187825202941895e-01 3.512068465352058411e-02 2.252682112157344818e-03 8.513490320183336735e-05 1.895755531222675927e-06 2.487250938543184020e-08 1.922781517338378876e-10 8.758006798080530952e-13 2.350421560940590959e-15 3.716705299116127562e-18 3.462838153675530561e-21 1.900961510660859303e-24 6.148714792283453345e-28 1.171813172713252432e-31 4.633645365662873511e-34 3.367671320642521771e-30 1.441640376877883606e-26 3.636281794975755608e-23 5.404098250075080539e-20 4.732138157015810935e-17 2.441490816484405413e-14 7.421962350262489849e-12 1.329387488979705267e-09 1.402990505994239356e-07 8.724101462576072663e-06 3.196378238499164581e-04 6.900144740939140320e-03 8.776594698429107666e-02 6.577499508857727051e-01 2.904445648193359375e+00
2.173478841781616211e+00 6.374364852905273438e+00 1.101499176025390625e+01 1.121499061584472656e+01 6.727923393249511719e+00 2.378103017807006836e+00 4.952740073204040527e-01 6.077560037374496460e-02 4.394208081066608429e-03 1.871954882517457008e-04 4.698731117969145998e-06 6.949181852178298868e-08 6.055574375274375143e-10 3.109134477652375494e-12 9.405688474438140406e-15 1.676531650755946619e-17 1.760744729816044172e-20 1.089551726438919574e-23 3.972595666616129767e-27 8.534130364370956252e-31 1.078746114797324557e-34 4.712670640299710217e-31 2.274093011571749434e-27 6.465755625820178260e-24 1.083171605608665663e-20 1.069141695072751459e-17 6.217918940962154778e-15 2.130717477455412734e-12 4.301988210109186639e-10 5.117735213389096316e-08 3.587237415558774956e-06 1.481507788412272930e-04 3.605083562433719635e-03 5.168854445219039917e-02 4.366592466831207275e-01 2.173478841781616211e+00
1.582837581634521484e+00 5.232887744903564453e+00 1.019323730468750000e+01 1.169904136657714844e+01 7.911449432373046875e+00 3.152311801910400391e+00 7.400611639022827148e-01 1.023705825209617615e-01 8.343534544110298157e-03 4.006712697446346283e-04 1.133698242483660579e-05 1.890052772068884224e-07 1.856600650995687829e-09 1.074549650648126686e-11 3.664386841379686788e-14 7.362854408087197012e-17 8.716751746901378791e-20 6.080368201310582904e-23 2.499070363950948839e-26 6.051813553061553960e-30 8.633854478221041061e-34 6.415372091575962192e-32 3.489641818190057565e-28 1.118447780283255759e-24 2.112114211532699497e-21 2.350069957895057944e-18 1.540681039134174108e-15 5.951385217972671171e-13 1.354519552076993705e-10 1.816425410083866154e-08 1.435236981706111692e-06 6.681753438897430897e-05 1.832842826843261719e-03 2.962290123105049133e-02 2.820977866649627686e-01 1.582837581634521484e+00
1.121754646301269531e+00 4.180595397949218750e+00 9.180073738098144531e+00 1.187740135192871094e+01 9.054496765136718750e+00 4.066990375518798828e+00 1.076341867446899414e+00 1.678386628627777100e-01 1.542067527770996094e-02 8.347992552444338799e-04 2.662737460923381150e-05 5.004287686460884288e-07 5.541370029504832928e-09 3.615475280271951419e-11 1.389880100116994144e-13 3.148177942971898749e-16 4.201503396725480503e-19 3.303823434664070963e-22 1.530743910940947950e-25 4.178768742167530172e-29 6.721384127821712715e-33 8.494868617954621685e-33 5.209059109465511086e-29 1.882071743247276412e-25 4.006572283471157120e-22 5.025491350607994913e-19 3.714033538824805785e-16 1.617269686227107428e-13 4.149443288969933974e-11 6.272791619466033808e-09 5.587236273640883155e-07 2.932253664766903967e-05 9.067209903150796890e-04 1.652009412646293640e-02 1.773473769426345825e-01 1.121754646301269531e+00
7.735325098037719727e-01 3.250009775161743164e+00 8.045598030090332031e+00 1.173544597625732422e+01 1.008573150634765625e+01 5.107184410095214844e+00 1.523784875869750977e+00 2.678756713867187500e-01 2.774663642048835754e-02 1.693384023383259773e-03 6.089228918426670134e-05 1.290154727939807344e-06 1.610596811474351853e-08 1.184664588649297912e-10 5.134214451155139081e-13 1.311060783287137151e-15 1.972581949453421000e-18 1.748688693557118835e-21 9.134045886078815546e-25 2.811097217218574436e-28 5.097521848386043200e-32 1.093432906520391301e-33 7.559585738386710070e-30 3.079144747612038078e-26 7.389821137081010765e-23 1.044963567659344452e-19 8.706300278502740659e-17 4.274098097472277258e-14 1.236261787385117827e-11 2.106904872789527872e-09 2.115674107017184724e-07 1.251768298971001059e-05 4.363760235719382763e-04 8.963234722614288330e-03 1.084775924682617188e-01 7.735325098037719727e-01
5.190031528472900391e-01 2.458486080169677734e+00 6.861722946166992188e+00 1.128408050537109375e+01 1.093366622924804688e+01 6.242114067077636719e+00 2.099739789962768555e+00 4.161662757396697998e-01 4.859992861747741699e-02 3.344042226672172546e-03 1.355723652523010969e-04 3.238481895095901564e-06 4.558054200742844841e-08 3.779888624322325086e-10 1.846928426169069937e-12 5.317291678036233094e-15 9.019749452845624797e-18 9.014954396694580000e-21 5.308876908817270469e-24 1.842066480516860300e-27 3.766021294596635477e-31 1.366911552444826292e-34 1.066572291958709821e-30 4.898022723449684957e-27 1.325306200066111403e-23 2.112881978928403624e-20 1.984720783583606053e-17 1.098504662613072197e-14 3.582280305725049629e-12 6.883166259186168645e-10 7.792579026499879546e-08 5.198144663154380396e-06 2.043040585704147816e-04 4.731222055852413177e-03 6.455643475055694580e-02 5.190031528472900391e-01
3.387581408023834229e-01 1.809351444244384766e+00 5.694078922271728516e+00 1.055825233459472656e+01 1.153524494171142578e+01 7.425543308258056641e+00 2.816420316696166992e+00 6.294105648994445801e-01 8.287774771451950073e-02 6.429973989725112915e-03 2.939300902653485537e-04 7.916797585494350642e-06 1.256387065495800925e-07 1.174780828172572456e-09 6.472399873003187309e-12 2.101065564477470893e-14 4.018616461966754538e-17 4.528789296803391352e-20 3.007190782155327854e-23 1.176517477031118922e-26 2.712142695934715209e-30 3.682089576334443623e-34 1.462011929979283674e-31 7.570331314048141747e-28 2.309670740086318130e-24 4.151839214253855298e-21 4.397468325802368915e-18 2.744332538995308823e-15 1.009097861694174814e-12 2.186225783740169959e-10 2.790766728821836296e-08 2.099069206451531500e-06 9.302314720116555691e-05 2.428971463814377785e-03 3.737010806798934937e-02 3.387581408023834229e-01
2.150814086198806763e-01 1.295442581176757812e+00 4.597252845764160156e+00 9.612729072570800781e+00 1.184298324584960938e+01 8.596922874450683594e+00 3.676990509033203125e+00 9.266362190246582031e-01 1.375912129878997803e-01 1.203766092658042908e-02 6.205267272889614105e-04 1.884700031951069832e-05 3.372826995473587885e-07 3.556437588869698629e-09 2.209550251097702755e-11 8.088262047969974056e-14 1.744509882891146467e-16 2.216962431867285821e-19 1.660020071478003965e-22 7.323722398016071006e-26 1.903804169055041523e-29 2.915810798478807108e-33 1.946835964479816384e-32 1.136774853367218897e-28 3.910967264250419068e-25 7.927977881437205452e-22 9.468924655483863608e-19 6.663578020500834833e-16 2.763033400167425047e-13 6.750429382140765711e-11 9.717219029425905319e-09 8.241827345045749098e-07 4.118774086236953735e-05 1.212770119309425354e-03 2.104053087532520294e-02 2.150814086198806763e-01
1.328039169311523438e-01 9.021239280700683594e-01 3.610677719116210938e+00 8.514896392822265625e+00 1.183140087127685547e+01 9.686340332031250000e+00 4.672515869140625000e+00 1.328033924102783203e+00 2.224002480506896973e-01 2.194466255605220795e-02 1.275808317586779594e-03 4.370324313640594482e-05 8.820799166642245837e-07 1.048976194795159245e-08 7.350103164993626592e-11 3.034530092482778940e-13 7.381626378734026418e-16 1.057984682970636222e-18 8.934669409662919536e-22 4.445693177588021579e-25 1.303388738044860010e-28 2.251466354052969161e-32 2.516326390191545338e-33 1.657211860557622476e-29 6.430235733752211490e-26 1.470090890711117114e-22 1.980272712897421059e-19 1.571752616389405599e-16 7.350219879357494657e-14 2.025270923189381733e-11 3.288032512926974960e-09 3.145285063510527834e-07 1.772745963535271585e-05 5.887067527510225773e-04 1.151924300938844681e-02 1.328039169311523438e-01
7.973726093769073486e-02 6.109763383865356445e-01 2.758365631103515625e+00 7.337493896484375000e+00 1.150030708312988281e+01 1.062034797668457031e+01 5.778769493103027344e+00 1.852676391601562500e+00 3.499681949615478516e-01 3.895174711942672729e-02 2.554425038397312164e-03 9.870098438113927841e-05 2.247099700980470516e-06 3.014316263261207496e-08 2.382453956339958268e-10 1.109490971318294328e-12 3.044316033528997323e-15 4.921783374514005930e-18 4.688426188517532589e-21 2.631439806362595551e-24 8.702316379643669589e-28 1.695643312996174632e-31 3.155122805700504772e-34 2.345126652376346367e-30 1.026409264570413352e-26 2.646944985783850321e-23 4.021929852817548745e-20 3.600704302425773641e-17 1.899389052615295392e-14 5.903466951395763829e-12 1.081092548815831833e-09 1.166522380913193047e-07 7.416247626679250970e-06 2.778065390884876251e-04 6.131517700850963593e-03 7.973726093769073486e-02
4.974746704101562500e-02 4.238183498382568359e-01 2.127418041229248047e+00 6.292084693908691406e+00 1.096483612060546875e+01 1.125840950012207031e+01 6.811134815216064453e+00 2.427892684936523438e+00 5.099228620529174805e-01 6.310281157493591309e-02 4.601083230227231979e-03 1.976673811441287398e-04 5.003576916351448745e-06 7.462669771030050470e-08 6.558061316219720993e-10 3.395628396518635128e-12 1.035932983546681424e-14 1.862133774856104926e-17 1.972234456047966301e-20 1.230753805282864060e-23 4.525387634833820525e-27 9.803970832185721214e-31 1.250039289352392529e-34 4.099393608379667694e-31 1.994919836483097661e-27 5.720002024764968645e-24 9.663409874767168294e-21 9.618996311706602930e-18 5.641604499913906862e-15 1.949581121540866491e-12 3.969585771201877833e-10 4.762326710761044524e-08 3.366326836840016767e-06 1.402039051754400134e-04 3.440583124756813049e-03 4.974746704101562500e-02
2.949423342943191528e-02 2.811285257339477539e-01 1.578847885131835938e+00 5.224477767944335938e+00 1.018622207641601562e+01 1.170174407958984375e+01 7.920543670654296875e+00 3.158823728561401367e+00 7.422736883163452148e-01 1.027709841728210449e-01 8.383860811591148376e-03 4.029813280794769526e-04 1.141270422522211447e-05 1.904426909504763898e-07 1.872436872218941062e-09 1.084712181187441615e-11 3.702437933062602271e-14 7.446097232723103421e-17 8.823441890049380435e-20 6.160449573876274962e-23 2.534313341189279745e-26 6.142781393329316225e-30 8.771235788698588013e-34 6.317431077759800019e-32 3.439618917520758743e-28 1.103420867507313857e-24 2.085621207865952905e-21 2.322718196965226393e-18 1.524161461442991895e-15 5.892943468269185026e-13 1.342449207353269003e-10 1.801891258423893305e-08 1.425044047209667042e-06 6.640411447733640671e-05 1.823212718591094017e-03 2.949423342943191528e-02
1.931842789053916931e-02 2.009423375129699707e-01 1.231511831283569336e+00 4.447060585021972656e+00 9.461826324462890625e+00 1.186162948608398438e+01 8.761545181274414062e+00 3.813141345977783203e+00 9.778077602386474609e-01 1.477377861738204956e-01 1.315215695649385452e-02 6.898739957250654697e-04 2.132089866790920496e-05 3.882508110564231174e-07 4.165699785119159060e-09 2.633432361065501937e-11 9.809187696049187499e-14 2.152802130431482664e-16 2.783857222995549351e-19 2.121061434054392763e-22 9.522068199689081576e-26 2.518650232026652023e-29 3.925246001096307115e-33 1.450749577378772879e-32 8.619738401788799602e-29 3.017576865668899804e-25 6.224189787453622386e-22 7.564450896511680663e-19 5.416789461976643551e-16 2.285468635090243117e-13 5.681626696896202589e-11 8.322160738316597417e-09 7.182373451541934628e-07 3.652294253697618842e-05 1.094308914616703987e-03 1.931842789053916931e-02
1.231441646814346313e-02 1.401301920413970947e-01 9.395436048507690430e-01 3.711685180664062500e+00 8.639543533325195312e+00 1.184889507293701172e+01 9.574845314025878906e+00 4.558826446533203125e+00 1.278915762901306152e+00 2.113966643810272217e-01 2.058820985257625580e-02 1.181433326564729214e-03 3.994542203145101666e-05 7.957705747685395181e-07 9.340688222891913028e-09 6.460111612316410401e-11 2.632466998293142568e-13 6.320528088676067094e-16 8.941557723902212197e-19 7.453120472075648270e-22 3.660453636960039980e-25 1.059237636029917927e-28 1.806014533050389543e-32 3.146282629004840380e-33 2.045201883063475938e-29 7.832779270535847555e-26 1.767498015302170003e-22 2.350076988930264645e-19 1.841028096090691914e-16 8.497846523680685493e-14 2.311120045339620788e-11 3.703490847328794189e-09 3.496706995065324008e-07 1.945251278812065721e-05 6.376216770149767399e-04 1.231441646814346313e-02
7.863237522542476654e-03 9.757572412490844727e-02 7.134214639663696289e-01 3.073402166366577148e+00 7.801139831542968750e+00 1.166712856292724609e+01 1.028105354309082031e+01 5.337999343872070312e+00 1.632995963096618652e+00 2.943474650382995605e-01 3.126102685928344727e-02 1.956183928996324539e-03 7.212514174170792103e-05 1.566862238178146072e-06 2.005595867160536727e-08 1.512590747099196165e-10 6.721440353081586938e-13 1.759833873577279235e-15 2.714887213713607611e-18 2.467718066347930717e-21 1.321633303134447633e-24 4.170469368369368714e-28 7.754188452007147504e-32 7.102653700130006193e-34 5.036339154177156385e-30 2.103382972421538051e-26 5.175832519480306988e-23 7.504306594172950021e-20 6.410831065276236104e-17 3.226893985309661761e-14 9.570169309802700752e-12 1.672342819780681111e-09 1.721843432278546970e-07 1.044548389472765848e-05 3.733630583155900240e-04 7.863237522542476654e-03
4.955324344336986542e-03 6.704303622245788574e-02 5.344403982162475586e-01 2.510224103927612305e+00 6.946931838989257812e+00 1.132767772674560547e+01 1.088318443298339844e+01 6.160815238952636719e+00 2.054886341094970703e+00 4.038337469100952148e-01 4.676130414009094238e-02 3.190349787473678589e-03 1.282498851651325822e-04 3.037688657059334219e-06 4.239272399786386814e-08 3.485883248721677319e-10 1.688873216623698603e-12 4.821129423687817855e-15 8.109048413843117917e-18 8.036267253899369065e-21 4.692587215222407206e-24 1.614465953775507148e-27 3.272818189426647649e-31 1.585343772383420956e-34 1.226388366156393136e-30 5.584238495982656885e-27 1.498195164864882969e-23 2.368387407270950181e-20 2.205933198490294712e-17 1.210603967468021694e-14 3.914535796206708440e-12 7.458064721355128768e-10 8.372103366127703339e-08 5.537474862649105489e-06 2.158045244868844748e-04 4.955324344336986542e-03
3.050008788704872131e-03 4.506766796112060547e-02 3.923672437667846680e-01 2.012740850448608398e+00 6.083458900451660156e+00 1.083379364013671875e+01 1.136784076690673828e+01 7.028171539306640625e+00 2.560201883316040039e+00 5.495044589042663574e-01 6.949239224195480347e-02 5.178103689104318619e-03 2.273381105624139309e-04 5.880858225282281637e-06 8.963364450664812466e-08 8.049579891533653608e-10 4.259313388099705833e-12 1.327922604640657464e-14 2.439374817009089843e-17 2.640256794575268431e-20 1.683780688161005676e-23 6.326863215842775442e-27 1.400752358439853082e-30 1.825439985865685747e-34 2.862500836625230465e-31 1.423557281369647420e-27 4.171196699664726443e-24 7.201505498720550213e-21 7.325673632169673482e-18 4.390732501430121004e-15 1.550591686300117900e-12 3.226454103888443115e-10 3.955634753083359101e-08 2.857436356862308457e-06 1.216207019751891494e-04 3.050008788704872131e-03
1.772112678736448288e-03 2.881267294287681580e-02 2.760218977928161621e-01 1.558011293411254883e+00 5.181619644165039062e+00 1.015379142761230469e+01 1.172349929809570312e+01 7.975407600402832031e+00 3.196805000305175781e+00 7.549999952316284180e-01 1.050618663430213928e-01 8.614115417003631592e-03 4.161404212936758995e-04 1.184511711471714079e-05 1.986582560675742570e-07 1.963072815414079741e-09 1.142976165102727037e-11 3.921049005232643547e-14 7.925741550506671751e-17 9.439292073261887794e-20 6.623801226054130224e-23 2.738673921662604893e-26 6.671859175493179281e-30 9.574715564844392082e-34 5.808813480068609371e-32 3.178684299005454093e-28 1.024861069577134718e-24 1.946948497918629242e-21 2.179276393352099587e-18 1.437271021768632851e-15 5.585045772214802806e-13 1.278745720423302146e-10 1.725070042368770373e-08 1.371192979604529683e-06 6.421934813261032104e-05 1.772112678736448288e-03
1.081942580640316010e-03 1.914059929549694061e-02 1.995142847299575806e-01 1.225348949432373047e+00 4.434176921844482422e+00 9.454412460327148438e+00 1.187742042541503906e+01 8.791770935058593750e+00 3.834407806396484375e+00 9.853432774543762207e-01 1.491916477680206299e-01 1.330971438437700272e-02 6.996106822043657303e-04 2.166779449908062816e-05 3.954042426812520716e-07 4.251362817342396738e-09 2.693327678937595948e-11 1.005339949201704275e-13 2.211092158534665435e-16 2.865260584064775650e-19 2.187735705328183010e-22 9.842091812604944356e-26 2.608846647073721056e-29 4.074332480243159312e-33 1.401378520770649098e-32 8.344009632035062876e-29 2.927196825238695600e-25 6.050563647916139889e-22 7.369107024978454721e-19 5.288092864157601259e-16 2.235875059316411173e-13 5.570086752948455455e-11 8.176089139055875421e-09 7.071222398735699244e-07 3.603474397095851600e-05 1.081942580640316010e-03
6.069341907277703285e-04 1.182105578482151031e-02 1.356545835733413696e-01 9.172335863113403320e-01 3.654205799102783203e+00 8.577754020690917969e+00 1.186374092102050781e+01 9.667996406555175781e+00 4.642146587371826172e+00 1.313308000564575195e+00 2.189188003540039062e-01 2.150141075253486633e-02 1.244282117113471031e-03 4.242653449182398617e-05 8.523528549631009810e-07 1.008952565939580381e-08 7.037078558758125268e-11 2.891828215691866211e-13 7.002102149409304439e-16 9.989558336879333374e-19 8.397258485960957003e-22 4.158999923993878074e-25 1.213711421303114098e-28 2.086886271615103804e-32 2.729647390797096803e-33 1.789408293793469966e-29 6.911071723685288546e-26 1.572750472126193212e-22 2.108794866597082043e-19 1.665996016729981216e-16 7.755065036321728833e-14 2.126981230032853887e-11 3.437204743050870093e-09 3.272770072726416402e-07 1.836105002439580858e-05 6.069341907277703285e-04
3.364474396221339703e-04 7.208599708974361420e-03 9.100141376256942749e-02 6.768817901611328125e-01 2.966503143310546875e+00 7.660274505615234375e+00 1.165497779846191406e+01 1.044829177856445312e+01 5.518823146820068359e+00 1.717565774917602539e+00 3.149552047252655029e-01 3.402921557426452637e-02 2.166319172829389572e-03 8.125683962134644389e-05 1.795810476323822513e-06 2.338475724172894843e-08 1.794204229632612169e-10 8.110972288775941674e-13 2.160457058343395395e-15 3.390647245259975113e-18 3.135389135842646242e-21 1.708298011778731590e-24 5.484088405537570672e-28 1.037308877312503336e-31 5.298822262127185185e-34 3.821998194523470709e-30 1.623855382255479907e-26 4.065221756746059893e-23 5.996180561608613051e-20 5.211189551736301255e-17 2.668501744985778135e-14 8.051264516195644205e-12 1.431278651153888859e-09 1.499182218367423047e-07 9.252388736058492213e-06 3.364474396221339703e-04
2.071742637781426311e-04 4.791626706719398499e-03 6.529773771762847900e-02 5.243032574653625488e-01 2.480456113815307617e+00 6.914315223693847656e+00 1.135618972778320312e+01 1.098963928222656250e+01 6.266163825988769531e+00 2.105172157287597656e+00 4.167144894599914551e-01 4.860250279307365417e-02 3.339996328577399254e-03 1.352373510599136353e-04 3.226399712730199099e-06 4.535313991027578595e-08 3.756341349081537828e-10 1.833079261298609097e-12 5.270750182199924680e-15 8.929484195681388205e-18 8.913543184506572532e-21 5.242512407443742409e-24 1.816778249975078139e-27 3.709563946618732159e-31 1.405568327020090323e-34 1.095312752678122488e-30 5.023583340988021921e-27 1.357575659799444200e-23 2.161596616217954772e-20 2.027917974968472775e-17 1.120980173648696704e-14 3.651010049843250727e-12 7.006361046890674515e-10 7.922042044583577081e-08 5.277831405692268163e-06 2.071742637781426311e-04
1.205816079163923860e-04 3.031874075531959534e-03 4.491633176803588867e-02 3.920710384845733643e-01 2.016474723815917969e+00 6.110661983489990234e+00 1.091067695617675781e+01 1.147840309143066406e+01 7.115061759948730469e+00 2.598613739013671875e+00 5.592079162597656250e-01 7.090423256158828735e-02 5.297102034091949463e-03 2.331697760382667184e-04 6.047398528608027846e-06 9.241376375257459586e-08 8.320947819662194433e-10 4.414364273425119833e-12 1.379874354020963270e-14 2.541393318060969895e-17 2.757873799744639503e-20 1.763364131723322231e-23 6.643285801985820744e-27 1.474628134688467023e-30 1.927310691071971251e-34 2.764998752399665334e-31 1.378628802440993105e-27 4.050213835796411188e-24 7.010816941513635891e-21 7.150279082264542047e-18 4.296837205161087303e-15 1.521396723880297230e-12 3.173958595947823369e-10 3.901441658626936260e-08 2.825673163897590712e-06 1.205816079163923860e-04
6.396280514309182763e-05 1.769619295373558998e-03 2.884689345955848694e-02 2.770697474479675293e-01 1.567989349365234375e+00 5.228363037109375000e+00 1.027197647094726562e+01 1.189076328277587891e+01 8.110225677490234375e+00 3.259294509887695312e+00 7.717552781105041504e-01 1.076723933219909668e-01 8.851088583469390869e-03 4.286990151740610600e-04 1.223429717356339097e-05 2.057188055459846510e-07 2.038142543625554026e-09 1.189755238772960411e-11 4.092159824973379267e-14 8.293003125035315615e-17 9.902454408919909600e-20 6.966837075145125119e-23 2.888031791816977196e-26 7.053883930922847090e-30 1.015005943814443754e-33 5.637400542843001762e-32 3.092875934780739090e-28 9.998119748231993196e-25 1.904280437815741353e-21 2.137045100768511036e-18 1.413079443157694813e-15 5.505367212457756843e-13 1.263771448600792269e-10 1.709300789798362530e-08 1.362205694022122771e-06 6.396280514309182763e-05
3.333380300318822265e-05 1.015176065266132355e-03 1.821634359657764435e-02 1.925964504480361938e-01 1.199783086776733398e+00 4.403769493103027344e+00 9.523897171020507812e+00 1.213586997985839844e+01 9.111597061157226562e+00 4.030735492706298828e+00 1.050611257553100586e+00 1.613494753837585449e-01 1.460025832056999207e-02 7.784315967001020908e-04 2.445365316816605628e-05 4.526251871084241429e-07 4.936282937961777861e-09 3.171933549150907083e-11 1.200933612537785633e-13 2.679039480712243912e-16 3.521364219317468987e-19 2.727122441607798298e-22 1.244424133681620018e-25 3.345754388338671932e-29 5.299999134010449843e-33 1.124673909679599847e-32 6.792209634938276218e-29 2.416968740793698730e-25 5.067392039134026480e-22 6.259910556308894864e-19 4.556399863935326963e-16 1.954076277958100016e-13 4.937699554785623945e-11 7.351506070563118556e-09 6.449108695960603654e-07 3.333380300318822265e-05
1.811353831726592034e-05 6.023793248459696770e-04 1.180319581180810928e-02 1.362688690423965454e-01 9.269596338272094727e-01 3.715289592742919922e+00 8.773902893066406250e+00 1.220840454101562500e+01 1.000904083251953125e+01 4.834952354431152344e+00 1.376132249832153320e+00 2.307784855365753174e-01 2.280332334339618683e-02 1.327603124082088470e-03 4.554086990538053215e-05 9.204624120684457012e-07 1.096171153847080859e-08 7.691483561167444805e-11 3.179930819531551212e-13 7.746157595496755248e-16 1.111800019647570511e-18 9.402222345695364654e-22 4.684962578750606669e-25 1.375446203207893197e-28 2.379276385449937954e-32 2.535258828737492174e-33 1.672020456270637457e-29 6.496959191489518399e-26 1.487426266875529892e-22 2.006439020611887553e-19 1.594739899437805234e-16 7.468250193612413490e-14 2.060695537819956513e-11 3.350224986320426979e-09 3.209291321581986267e-07 1.811353831726592034e-05
8.692808478372171521e-06 3.206789842806756496e-04 6.970238871872425079e-03 8.926790952682495117e-02 6.736075878143310547e-01 2.994935989379882812e+00 7.845731258392333984e+00 1.211007118225097656e+01 1.101355361938476562e+01 5.901680946350097656e+00 1.863329410552978516e+00 3.466346859931945801e-01 3.799462318420410156e-02 2.453780267387628555e-03 9.337266965303570032e-05 2.093493094434961677e-06 2.765614581790032389e-08 2.152636680019526239e-10 9.872450079662087319e-13 2.667734502542155189e-15 4.247454158632202028e-18 3.984555667855643538e-21 2.202433974706705311e-24 7.172729336301716164e-28 1.376376696324139700e-31 4.310585538923330447e-34 3.154831235347042843e-30 1.359853219561953044e-26 3.453515345010530709e-23 5.167723635219810197e-20 4.556281544020507378e-17 2.366938364598870914e-14 7.244849685450471810e-12 1.306582619875484852e-09 1.388412869118837989e-07 8.692808478372171521e-06
4.310983968025539070e-06 1.752385142026469111e-04 4.197102040052413940e-03 5.922979116439819336e-02 4.924868643283843994e-01 2.412782192230224609e+00 6.964769363403320312e+00 1.184575748443603516e+01 1.187097549438476562e+01 7.009346008300781250e+00 2.438564777374267578e+00 4.998730421066284180e-01 6.037434563040733337e-02 4.296442493796348572e-03 1.801507605705410242e-04 4.450722371984738857e-06 6.478765612882853020e-08 5.556690108043937926e-10 2.808090131950491397e-12 8.361262122122750662e-15 1.466907870795003367e-17 1.516342262492461340e-20 9.235494384566369190e-24 3.314271981909751543e-27 7.007792327229364868e-31 8.717764571060597631e-35 6.532876622773989531e-31 3.102870355634142212e-27 8.683127667843374956e-24 1.431728309735535569e-20 1.390955981514261855e-17 7.962197795616937634e-15 2.685443447475455159e-12 5.336646125009281150e-10 6.248717454582219943e-08 4.310983968025539070e-06
2.431861503282561898e-06 1.068521669367328286e-04 2.766270190477371216e-03 4.219661653041839600e-02 3.792481422424316406e-01 2.008347511291503906e+00 6.266415596008300781e+00 1.152038383483886719e+01 1.247907066345214844e+01 7.964618682861328125e+00 2.995115995407104492e+00 6.636369824409484863e-01 8.663929998874664307e-02 6.664435844868421555e-03 3.020520089194178581e-04 8.066197551670484245e-06 1.269174845219822600e-07 1.176622577148123128e-09 6.427228541050489241e-12 2.068591168312688272e-14 3.922826300055153763e-17 4.383138300569288548e-20 2.885646249322495239e-23 1.119342317734897276e-26 2.558278384734115300e-30 3.443465141472480839e-34 1.829551397662186665e-31 9.392637079260108472e-28 2.841167747131237886e-24 5.063757371979551531e-21 5.317621971254825517e-18 3.290249720423678477e-15 1.199509350353900050e-12 2.576589497316206234e-10 3.261083847405643610e-08 2.431861503282561898e-06
1.280392780245165341e-06 6.129359098849818110e-05 1.728837145492434502e-03 2.873185463249683380e-02 2.813434302806854248e-01 1.623227119445800781e+00 5.518063545227050781e+00 1.105252456665039062e+01 1.304379177093505859e+01 9.070131301879882812e+00 3.716116666793823242e+00 8.970845341682434082e-01 1.275983452796936035e-01 1.069351844489574432e-02 5.280394689179956913e-04 1.536312265670858324e-05 2.633666156270919601e-07 2.660122566666700550e-09 1.583133971139183416e-11 5.551321799164912751e-14 1.146951829055981096e-16 1.396231501646698956e-19 1.001481890807634523e-22 4.232421796892642899e-26 1.053897303128030552e-29 1.546118903428923592e-33 4.453520509195535761e-32 2.491054123521324179e-28 8.209439768439635082e-25 1.594088717850314658e-21 1.823831714259235139e-18 1.229486745906219723e-15 4.883465051612467800e-13 1.142869410220015425e-10 1.575942043530176306e-08 1.280392780245165341e-06
6.292269745244993828e-07 3.306191138108260930e-05 1.023550285026431084e-03 1.867061480879783630e-02 2.006666660308837891e-01 1.270748376846313477e+00 4.741464138031005859e+00 1.042391300201416016e+01 1.350257682800292969e+01 1.030550670623779297e+01 4.634356498718261719e+00 1.227939605712890625e+00 1.917044818401336670e-01 1.763415522873401642e-02 9.557420271448791027e-04 3.052089596167206764e-05 5.742787152485107072e-07 6.366592142370564034e-09 4.158784427943373885e-11 1.600624065798209039e-13 3.629790553566649260e-16 4.849949665951405608e-19 3.818267525080301376e-22 1.771150997440281469e-25 4.840701836256808820e-29 7.795249645175720829e-33 9.466015030829962733e-33 5.811624209312837946e-29 2.102194997202081783e-25 4.480384609905477505e-22 5.626405495391150244e-19 4.163067938779175820e-16 1.814935463202715926e-13 4.662008973310705073e-11 7.056039308395156695e-09 6.292269745244993828e-07
3.128361925064382376e-07 1.798018638510257006e-05 6.088912487030029297e-04 1.214944105595350266e-02 1.428354680538177490e-01 9.894307851791381836e-01 4.038308620452880859e+00 9.711380958557128906e+00 1.376036357879638672e+01 1.148805141448974609e+01 5.651048183441162109e+00 1.637871265411376953e+00 2.797035276889801025e-01 2.814364805817604065e-02 1.668525161221623421e-03 5.828441499033942819e-05 1.199608050228562206e-06 1.454753473240089079e-08 1.039466013263989908e-10 4.376183660240173801e-13 1.085558907508769010e-15 1.586613995564620123e-18 1.366347275572748026e-21 6.932890260469020884e-25 2.072682435772140547e-28 3.651135999911110358e-32 2.098862979479448996e-33 1.409606482816800362e-29 5.577471548530057893e-26 1.300310100987788752e-22 1.786179047311886592e-19 1.445677717891013375e-16 6.894134650095237737e-14 1.937120082395882292e-11 3.207044629860433815e-09 3.128361925064382376e-07
1.283078603364629089e-07 8.245486242230981588e-06 3.122097114101052284e-04 6.965425331145524979e-03 9.156131744384765625e-02 7.091631889343261719e-01 3.236270427703857422e+00 8.701834678649902344e+00 1.378619384765625000e+01 1.286901664733886719e+01 7.078035831451416016e+00 2.293760061264038086e+00 4.379765391349792480e-01 4.927402734756469727e-02 3.266291925683617592e-03 1.275731628993526101e-04 2.935829797934275120e-06 3.980747464993328322e-08 3.180324892326780173e-10 1.497068528172329493e-12 4.152228775790517759e-15 6.785563983251642679e-18 6.533747793365779696e-21 3.706799017926548119e-24 1.239084103872957640e-27 2.440500950767601058e-31 3.150367563709443987e-34 2.366798442386298322e-30 1.047090208462034593e-26 2.729441377124785984e-23 4.192166207820376068e-20 3.793746750699723922e-17 2.022848509248935389e-14 6.355115652473264376e-12 1.176412189884956661e-09 1.283078603364629089e-07
4.664713770807793480e-08 3.389644234630395658e-06 1.451259595341980457e-04 3.661029273644089699e-03 5.441629141569137573e-02 4.765652716159820557e-01 2.459149837493896484e+00 7.476745128631591797e+00 1.339391708374023438e+01 1.413741016387939453e+01 8.792233467102050781e+00 3.221780776977539062e+00 6.956010460853576660e-01 8.848954737186431885e-02 6.632660515606403351e-03 2.929229231085628271e-04 7.622315933986101300e-06 1.168640579862767481e-07 1.055723508613937156e-09 5.619285852603850273e-12 1.762316421266563182e-14 3.256499229419187850e-17 3.545573340154452590e-20 2.274497404474776266e-23 8.597084723040317655e-27 1.914647267489399340e-30 2.510936289415544359e-34 3.219898374148108923e-31 1.610741590449051111e-27 4.747642212228234231e-24 8.245210330132136238e-21 8.437114862226549117e-18 5.086839424076755600e-15 1.807058409158956991e-12 3.782398561025246408e-10 4.664713770807793480e-08
1.637124746878271253e-08 1.345038526778807864e-06 6.511076207971200347e-05 1.857136841863393784e-03 3.121020644903182983e-02 3.090439140796661377e-01 1.803050041198730469e+00 6.198159217834472656e+00 1.255408954620361328e+01 1.498218631744384766e+01 1.053493309020996094e+01 4.364715099334716797e+00 1.065485954284667969e+00 1.532512307167053223e-01 1.298762671649456024e-02 6.485201884061098099e-04 1.908026933961082250e-05 3.307557676635042299e-07 3.378327173564343866e-09 2.033107363019759362e-11 7.209258689154507405e-14 1.506203383579355465e-16 1.854171871947067641e-19 1.344858401591940060e-22 5.747379861563019758e-26 1.447226966404697625e-29 2.147029778859353806e-33 4.231268322917627334e-32 2.393267678748735811e-28 7.975738246153713045e-25 1.566115937343118283e-21 1.811939545387713398e-18 1.235166101817559807e-15 4.961052185378789225e-13 1.174083330557351701e-10 1.637124746878271253e-08
5.531055613516855374e-09 5.137571861268952489e-07 2.811696140270214528e-05 9.066642960533499718e-04 1.722627505660057068e-02 1.928430795669555664e-01 1.271998286247253418e+00 4.943488597869873047e+00 1.132003974914550781e+01 1.527319622039794922e+01 1.214167785644531250e+01 5.687151908874511719e+00 1.569562196731567383e+00 2.552289068698883057e-01 2.445370890200138092e-02 1.380480709485709667e-03 4.591804463416337967e-05 8.999090823635924608e-07 1.039163866067838171e-08 7.070327656677477535e-11 2.834383389885980487e-13 6.694878005484249366e-16 9.317516482186391731e-19 7.640460422024982508e-22 3.691523909788301057e-25 1.050909433467901422e-28 1.762718431247315344e-32 5.356148458387399565e-33 3.425104206680195102e-29 1.290464767819679964e-25 2.864773747076816279e-22 3.747151956307826267e-19 2.887857189709866490e-16 1.311339952641057960e-13 3.508595497470068381e-11 5.531055613516855374e-09
1.796513271479227569e-09 1.886347718027536757e-07 1.167014215752715245e-05 4.253998340573161840e-04 9.136640466749668121e-03 1.156226098537445068e-01 8.621220588684082031e-01 3.787557601928710938e+00 9.804315567016601562e+00 1.495350742340087891e+01 1.343802261352539062e+01 7.115331649780273438e+00 2.219843626022338867e+00 4.080534577369689941e-01 4.419530555605888367e-02 2.820362104102969170e-03 1.060477443388663232e-04 2.349417400182574056e-06 3.066834963760811661e-08 2.358792605683390775e-10 1.068936280636256786e-12 2.854175348078772864e-15 4.490344164979822862e-18 4.162383343683205562e-21 2.273376433128457208e-24 7.315976153705349992e-28 1.387212638348889711e-31 6.522966007861687748e-34 4.716126217532935479e-30 2.008650022168227592e-26 5.040707588391913611e-23 7.453276012726963784e-20 6.493288399202462157e-17 3.333118015532571254e-14 1.008113037492819331e-11 1.796513271479227569e-09
5.596790808581886267e-10 6.643887218160671182e-08 4.647032255888916552e-06 1.915135944727808237e-04 4.650350660085678101e-03 6.653384864330291748e-02 5.608710646629333496e-01 2.785807609558105469e+00 8.152795791625976562e+00 1.405819511413574219e+01 1.428300952911376953e+01 8.550210952758789062e+00 3.015793323516845703e+00 6.267457604408264160e-01 7.674503326416015625e-02 5.537026096135377884e-03 2.353806921746581793e-04 5.895580670767230913e-06 8.700722275989392074e-08 7.565714721380345509e-10 3.876232668176271545e-12 1.170136206083294966e-14 2.081300406671827437e-17 2.181197565561193743e-20 1.346858511085473622e-23 4.900296861528017405e-27 1.050488331894826691e-30 1.325559061674214627e-34 6.223176179128946375e-31 2.996589067211099234e-27 8.501824554857335034e-24 1.421233778831195808e-20 1.399852970746759710e-17 8.123899773379572586e-15 2.777938035852800525e-12 5.596790808581886267e-10
1.674469174428594442e-10 2.247580610514887667e-08 1.777548277459573001e-06 8.283225906779989600e-05 2.274260157719254494e-03 3.679178655147552490e-02 3.506917953491210938e-01 1.969553232192993164e+00 6.517442226409912109e+00 1.270732498168945312e+01 1.459817123413085938e+01 9.881200790405273438e+00 3.940835952758789062e+00 9.260456562042236328e-01 1.282169669866561890e-01 1.045986078679561615e-02 5.027751903980970383e-04 1.423916182829998434e-05 2.376107204327126965e-07 2.336234539157544532e-09 1.353413128096780937e-11 4.619662806589971971e-14 9.290970726045431850e-17 1.100969511242866439e-19 7.686993244231180211e-23 3.162357555310001847e-26 7.665326063181030055e-30 1.094559085209776747e-33 7.879058278159122050e-32 4.289835617427573011e-28 1.376199403594263935e-24 2.601291175507122287e-21 2.897054098088863822e-18 1.901053641763239543e-15 7.350296044560111763e-13 1.674469174428594442e-10
5.573718223073065303e-11 8.342053270382621122e-09 7.356326818808156531e-07 3.822229700745083392e-05 1.170146046206355095e-03 2.110717073082923889e-02 2.243320494890213013e-01 1.404805302619934082e+00 5.183323860168457031e+00 1.126857471466064453e+01 1.443429660797119141e+01 1.089405822753906250e+01 4.844525337219238281e+00 1.269347071647644043e+00 1.959629654884338379e-01 1.782532036304473877e-02 9.553634445182979107e-04 3.016903792740777135e-05 5.613418352368171327e-07 6.154012854864276960e-09 3.975145212997688304e-11 1.512925662571287799e-13 3.392766382727662464e-16 4.482812271912221268e-19 3.489920644697756227e-22 1.600856265823277749e-25 4.326691597105514685e-29 6.889833937662485043e-33 1.223919869161968611e-32 7.430419485084457466e-29 2.657875521372683183e-25 5.601759095701539426e-22 6.956290649562560810e-19 5.089746864668205986e-16 2.194280727171177281e-13 5.573718223073065303e-11
1.804911602121261893e-11 3.012462723717135304e-09 2.962414953344705282e-07 1.716482438496313989e-05 5.860010278411209583e-04 1.178761944174766541e-02 1.397087872028350830e-01 9.756305813789367676e-01 4.014344215393066406e+00 9.732221603393554688e+00 1.390193748474121094e+01 1.170054912567138672e+01 5.802358627319335938e+00 1.695392608642578125e+00 2.918777465820312500e-01 2.960746176540851593e-02 1.769573660567402840e-03 6.231595762073993683e-05 1.293004515900975093e-06 1.580773734133344988e-08 1.138672073297541942e-10 4.832852325796499482e-13 1.208579537548260235e-15 1.780780478893453399e-18 1.546004300906855851e-21 7.908263028625633800e-25 2.383517417664032381e-28 4.232719176820129742e-32 1.847973179421617221e-33 1.251132766744027259e-29 4.990722045756118046e-26 1.172978863207489300e-22 1.624346847332598029e-19 1.325360790549378275e-16 6.371860233455456379e-14 1.804911602121261893e-11
5.698490290750868326e-12 1.060796228635751959e-09 1.163490281896883971e-07 7.519031896663364023e-06 2.863040426746010780e-04 6.423349026590585709e-03 8.491126447916030884e-02 6.613531708717346191e-01 3.035071372985839844e+00 8.206777572631835938e+00 1.307501888275146484e+01 1.227380657196044922e+01 6.788658142089843750e+00 2.212360858917236328e+00 4.248084425926208496e-01 4.806175082921981812e-02 3.203856991603970528e-03 1.258374395547434688e-04 2.912178842962021008e-06 3.970940554154367419e-08 3.190279984632837795e-10 1.510217623700016443e-12 4.212284682300268535e-15 6.922417293285784619e-18 6.702953888453323689e-21 3.824222541390506168e-24 1.285543793403897028e-27 2.546207750463035592e-31 2.716164746099653639e-34 2.051964191733247941e-30 9.129273092712953763e-27 2.393147606646352989e-23 3.696263998894020071e-20 3.363758746832203885e-17 1.803697030058545869e-14 5.698490290750868326e-12
5.494142467366014415e-12 1.022742446288305018e-09 1.121756838529108791e-07 7.249419468280393630e-06 2.760387142188847065e-04 6.193100940436124802e-03 8.186706155538558960e-02 6.376436352729797363e-01 2.926266431808471680e+00 7.912567615509033203e+00 1.260632705688476562e+01 1.183386039733886719e+01 6.545332431793212891e+00 2.133057832717895508e+00 4.095833301544189453e-01 4.633925855159759521e-02 3.089039819315075874e-03 1.213280047522857785e-04 2.807822738759568892e-06 3.828651173876096436e-08 3.075981969136165617e-10 1.456105418531916662e-12 4.061370516153864352e-15 6.674407038946460544e-18 6.462806958419770744e-21 3.687211601649910396e-24 1.239500778816425819e-27 2.454975282907016213e-31 2.618550730934661226e-34 1.978349845428256876e-30 8.801762542694082267e-27 2.307302500762754130e-23 3.563701520266435037e-20 3.243121733680735265e-17 1.739015561327134085e-14 5.494142467366014415e-12
5.313644923371496631e-12 9.893598162946659613e-10 1.085361489572278515e-07 7.015578830760205165e-06 2.671896945685148239e-04 5.995737388730049133e-03 7.927518337965011597e-02 6.175823211669921875e-01 2.834784984588623047e+00 7.666796207427978516e+00 1.221725177764892578e+01 1.147098159790039062e+01 6.345927715301513672e+00 2.068507671356201172e+00 3.972682952880859375e-01 4.495523869991302490e-02 2.997396979480981827e-03 1.177525991806760430e-04 2.725643298617796972e-06 3.717349272847059183e-08 2.987175784507911658e-10 1.414357346518624325e-12 3.945725531381708354e-15 6.485718869416989401e-18 6.281393083051750550e-21 3.584476273810714976e-24 1.205212966534013762e-27 2.387556215008824900e-31 2.528928470234077603e-34 1.911014895905810406e-30 8.503871254475930949e-27 2.229664072648350502e-23 3.444496069827020729e-20 3.135284844200157217e-17 1.681538277218709576e-14 5.313644923371496631e-12
5.160507438040085049e-12 9.613051465962030306e-10 1.055087466284021502e-07 6.823145668022334576e-06 2.599848085083067417e-04 5.836855154484510422e-03 7.721118628978729248e-02 6.017905473709106445e-01 2.763616323471069336e+00 7.477885246276855469e+00 1.192189979553222656e+01 1.119901466369628906e+01 6.198428153991699219e+00 2.021393299102783203e+00 3.884052634239196777e-01 4.397324845194816589e-02 2.933318261057138443e-03 1.152904660557396710e-04 2.669921741471625865e-06 3.643101109673807514e-08 2.928908504618021880e-10 1.387430535043643332e-12 3.872459299026579510e-15 6.368322501751319778e-18 6.170614696661433601e-21 3.522926979402655972e-24 1.185083146755278373e-27 2.348807454327189179e-31 2.447610663862320729e-34 1.850612541866773458e-30 8.239111353905084372e-27 2.161275038647663237e-23 3.340437718120130183e-20 3.042029825429908962e-17 1.632295169797133572e-14 5.160507438040085049e-12
5.032600638305018137e-12 9.381919685580442092e-10 1.030501692866891972e-07 6.669231879641301930e-06 2.543128794059157372e-04 5.713854916393756866e-03 7.564152777194976807e-02 5.900046229362487793e-01 2.711552143096923828e+00 7.342583179473876953e+00 1.171508502960205078e+01 1.101310253143310547e+01 6.100162029266357422e+00 1.990858554840087891e+00 3.828287720680236816e-01 4.337487369775772095e-02 2.895600628107786179e-03 1.138945663115009665e-04 2.639597823872463778e-06 3.604460019346333866e-08 2.900032158859033871e-10 1.374802832340704661e-12 3.840135674726408155e-15 6.319937399000642977e-18 6.128406674994921639e-21 3.501485739998748871e-24 1.178756274294971864e-27 2.338067667740336432e-31 2.374261653080933149e-34 1.796556728847600074e-30 8.004486864360053751e-27 2.101324449750125136e-23 3.250232702968942180e-20 2.962119876918101213e-17 1.590629957934873440e-14 5.032600638305018137e-12
4.920927814539011180e-12 9.183558358216714623e-10 1.009811114727199310e-07 6.542477422044612467e-06 2.497506502550095320e-04 5.617487709969282150e-03 7.444588840007781982e-02 5.813084840774536133e-01 2.674484252929687500e+00 7.250050544738769531e+00 1.158003044128417969e+01 1.089794921875000000e+01 6.042927742004394531e+00 1.974311828613281250e+00 3.800605535507202148e-01 4.310791939496994019e-02 2.880903659388422966e-03 1.134393023676238954e-04 2.631901224958710372e-06 3.597853392989236454e-08 2.897870277074332535e-10 1.375262208801186770e-12 3.845582096577253306e-15 6.335785352356546434e-18 6.150433589978413786e-21 3.517881030622409770e-24 1.185563569979905769e-27 2.354102351081033091e-31 2.304200812239482443e-34 1.745282605660212551e-30 7.784496360904455103e-27 2.045787537617298595e-23 3.167785737234706596e-20 2.890122076401485684e-17 1.553649854710466294e-14 4.920927814539011180e-12
4.817258571210292217e-12 9.002683043490833370e-10 9.913204479516934953e-08 6.431720976252108812e-06 2.458682283759117126e-04 5.537939723581075668e-03 7.349494099617004395e-02 5.746905803680419922e-01 2.647756814956665039e+00 7.187697887420654297e+00 1.149659347534179688e+01 1.083465385437011719e+01 6.016286849975585938e+00 1.968374013900756836e+00 3.794504404067993164e-01 4.309930279850959778e-02 2.884383313357830048e-03 1.137360814027488232e-04 2.642504114191979170e-06 3.617422095203437493e-08 2.917731056761851960e-10 1.386634947489473468e-12 3.882845617025811741e-15 6.406166428365927070e-18 6.227514867723565160e-21 3.566999849316448680e-24 1.203814933987383068e-27 2.393701229277183490e-31 2.233291411413531899e-34 1.694174744393805332e-30 7.567099699897957185e-27 1.991456320492011849e-23 3.088000935979699291e-20 2.821287083675027912e-17 1.518782590469690275e-14 4.817258571210292217e-12
4.712232774123359391e-12 8.822141905895364289e-10 9.731502359500154853e-08 6.324914465949404985e-06 2.422124525764957070e-04 5.465189926326274872e-03 7.265830785036087036e-02 5.691527128219604492e-01 2.626876354217529297e+00 7.143631935119628906e+00 1.144628143310546875e+01 1.080629920959472656e+01 6.011145591735839844e+00 1.970175743103027344e+00 3.804673552513122559e-01 4.329116269946098328e-02 2.902346663177013397e-03 1.146465001511387527e-04 2.668365141289541498e-06 3.659273772882443154e-08 2.956710432044928893e-10 1.407643966666594082e-12 3.948635936588474130e-15 6.526226731194323719e-18 6.355442307643368927e-21 3.646710299484505818e-24 1.232891661322769361e-27 2.455842092441312568e-31 2.157562713337950371e-34 1.639775122786903445e-30 7.337069708828256754e-27 1.934331904673518545e-23 3.004712249348705646e-20 2.750055914150126529e-17 1.483048642117283655e-14 4.712232774123359391e-12
4.595597340173451784e-12 8.622738079111513798e-10 9.532756450880697230e-08 6.209587809280492365e-06 2.383248647674918175e-04 5.389477126300334930e-03 7.181037962436676025e-02 5.637608766555786133e-01 2.607776641845703125e+00 7.107440948486328125e+00 1.141363620758056641e+01 1.079943943023681641e+01 6.020685195922851562e+00 1.977681159973144531e+00 3.827675580978393555e-01 4.364970326423645020e-02 2.932890318334102631e-03 1.161106192739680409e-04 2.708448846533428878e-06 3.722508168380045390e-08 3.014484495356128946e-10 1.438339031212265695e-12 4.043714961401295716e-15 6.698225704684924976e-18 6.537438198276373941e-21 3.759474416011775961e-24 1.273845694921688957e-27 2.543059306393793177e-31 2.072148584660066300e-34 1.578017282702046301e-30 7.076432068710376617e-27 1.869771685962411983e-23 2.910882179786489355e-20 2.670089717356665174e-17 1.443130181598851342e-14 4.595597340173451784e-12
4.500780824423511461e-12 8.461182310348647206e-10 9.372206477564759552e-08 6.116836630098987371e-06 2.352193405386060476e-04 5.329542793333530426e-03 7.114924490451812744e-02 5.596519112586975098e-01 2.593780755996704102e+00 7.082978248596191406e+00 1.139636421203613281e+01 1.080396842956542969e+01 6.034866333007812500e+00 1.986176967620849609e+00 3.851558566093444824e-01 4.400707781314849854e-02 2.962619997560977936e-03 1.175148572656325996e-04 2.746506652329117060e-06 3.782131230423146917e-08 3.068683085416523681e-10 1.467042633207515934e-12 4.132356112298510992e-15 6.858334784050689012e-18 6.706637427118598890e-21 3.864256443469567296e-24 1.311879537242431407e-27 2.624068969778451449e-31 2.001479563245309298e-34 1.527614812085680520e-30 6.863773195367071298e-27 1.817085874913235223e-23 2.834315951219622952e-20 2.604909539448711699e-17 1.410616483105316121e-14 4.500780824423511461e-12
4.425289995557690759e-12 8.332589063186901512e-10 9.244497078952917946e-08 6.043115718057379127e-06 2.327550027985125780e-04 5.282130092382431030e-03 7.062875479459762573e-02 5.564445853233337402e-01 2.583031654357910156e+00 7.064882278442382812e+00 1.138538932800292969e+01 1.081078720092773438e+01 6.048313617706298828e+00 1.993778467178344727e+00 3.872470855712890625e-01 4.431664943695068359e-02 2.988224849104881287e-03 1.187195521197281778e-04 2.779089300020132214e-06 3.833103079387001344e-08 3.115003255338422150e-10 1.491560564295668634e-12 4.208154973165930193e-15 6.995281151903743168e-18 6.851471582497805579e-21 3.953976749663973853e-24 1.344470797836832748e-27 2.693590761971393670e-31 1.946106662070627312e-34 1.487708471587129044e-30 6.695084073026104330e-27 1.775256367641710028e-23 2.773499112268795485e-20 2.553063513015113031e-17 1.384757414258589586e-14 4.425289995557690759e-12
4.362179888139916528e-12 8.224963488068226525e-10 9.137563949934701668e-08 5.981376489216927439e-06 2.306919195689260960e-04 5.242462735623121262e-03 7.019412517547607422e-02 5.537759661674499512e-01 2.574156761169433594e+00 7.050229072570800781e+00 1.137729835510253906e+01 1.081786537170410156e+01 6.060544013977050781e+00 2.000539302825927734e+00 3.890911936759948730e-01 4.458855092525482178e-02 3.010665532201528549e-03 1.197745659737847745e-04 2.807617875077994540e-06 3.877739374047450838e-08 3.155584682446033185e-10 1.513057040769538730e-12 4.274636471613552091e-15 7.115506890854650423e-18 6.978748344699434089e-21 4.032931471084829261e-24 1.373186317011149215e-27 2.754881977818748399e-31 1.900269270050769949e-34 1.454521444876973894e-30 6.554705350495651973e-27 1.740409226014477052e-23 2.722761275211470593e-20 2.509793033427974111e-17 1.363143505136912154e-14 4.362179888139916528e-12
4.307909931555720107e-12 8.132465256771581608e-10 9.045595561474328861e-08 5.928157406742684543e-06 2.289129770360887051e-04 5.208208225667476654e-03 6.981941312551498413e-02 5.514779686927795410e-01 2.566537857055664062e+00 7.037776947021484375e+00 1.137075614929199219e+01 1.082456398010253906e+01 6.071543693542480469e+00 2.006573915481567383e+00 3.907296657562255859e-01 4.482977837324142456e-02 3.030570922419428825e-03 1.207106033689342439e-04 2.832940026564756408e-06 3.917387658702864428e-08 3.191676367642060086e-10 1.532184860757179745e-12 4.333847886274890329e-15 7.222657385862931968e-18 7.092329774767054755e-21 4.103467468925166032e-24 1.398882940997638690e-27 2.809754994510613438e-31 1.860714344323080764e-34 1.426161280089939254e-30 6.434580092446364666e-27 1.710554469512025772e-23 2.679284532968712747e-20 2.472657256135773465e-17 1.344578152295697673e-14 4.307909931555720107e-12
4.252777383723094218e-12 8.038177901070753251e-10 8.951745655849663308e-08 5.873964255442842841e-06 2.270997210871428251e-04 5.173364654183387756e-03 6.943729519844055176e-02 5.491361618041992188e-01 2.558787822723388672e+00 7.025160789489746094e+00 1.136438560485839844e+01 1.083184051513671875e+01 6.083113670349121094e+00 2.012868165969848633e+00 3.924401402473449707e-01 4.508155584335327148e-02 3.051346167922019958e-03 1.216879754792898893e-04 2.859399046428734437e-06 3.958849958962673554e-08 3.229427836259901596e-10 1.552221892686667104e-12 4.395935401308630544e-15 7.335166356879332028e-18 7.211688544425475474e-21 4.177653526173960424e-24 1.425934649292999024e-27 2.867611180765995278e-31 1.821694819537992668e-34 1.397547302562675065e-30 6.313205291049158920e-27 1.680363816036131385e-23 2.635230541443015063e-20 2.435000024185419391e-17 1.325738445482867525e-14 4.252777383723094218e-12
4.190587980790194678e-12 7.931928447391101145e-10 8.845879051477822941e-08 5.812633389723487198e-06 2.250455436296761036e-04 5.133766215294599533e-03 6.900368630886077881e-02 5.464771986007690430e-01 2.549995422363281250e+00 7.010920524597167969e+00 1.135734176635742188e+01 1.084041023254394531e+01 6.096522808074951172e+00 2.020161390304565430e+00 3.944165110588073730e-01 4.537259787321090698e-02 3.075381275266408920e-03 1.228197070304304361e-04 2.890065843530464917e-06 4.006964005043300858e-08 3.273274429282935216e-10 1.575525300501201542e-12 4.468235169070942231e-15 7.466334040973090732e-18 7.351016778852376073e-21 4.264380105233053241e-24 1.457575752349336922e-27 2.935426625359283866e-31 1.777047385959602476e-34 1.365502762321971113e-30 6.177208444328176403e-27 1.646482397929069972e-23 2.585722973988149411e-20 2.392638616091476248e-17 1.304509343429127721e-14 4.190587980790194678e-12
4.112775224551779019e-12 7.798538481651462462e-10 8.712776633501562173e-08 5.735532795370090753e-06 2.224599884357303381e-04 5.083956755697727203e-03 6.845644116401672363e-02 5.431187152862548828e-01 2.538881778717041016e+00 6.992906570434570312e+00 1.134855842590332031e+01 1.085150718688964844e+01 6.113741874694824219e+00 2.029502391815185547e+00 3.969547152519226074e-01 4.574669897556304932e-02 3.106317715719342232e-03 1.242783328052610159e-04 2.929646598204271868e-06 4.069141823492827825e-08 3.330051789873778034e-10 1.605736377197075626e-12 4.562102513252716540e-15 7.636897028920299933e-18 7.532467408827692324e-21 4.377514591955324649e-24 1.498942031252852606e-27 3.024152703860479963e-31 1.722239043497551741e-34 1.325775002925196558e-30 6.008275499256250010e-27 1.604334506396197577e-23 2.524072330517519956e-20 2.339783263874440375e-17 1.277985861938574913e-14 4.112775224551779019e-12
4.041334107640626172e-12 7.676064228689938318e-10 8.590366462613019394e-08 5.664386662829201669e-06 2.200704329879954457e-04 5.037765018641948700e-03 6.794917583465576172e-02 5.400010347366333008e-01 2.528554439544677734e+00 6.976193428039550781e+00 1.134045410156250000e+01 1.086200332641601562e+01 6.129949092864990234e+00 2.038314342498779297e+00 3.993473947048187256e-01 4.609983041882514954e-02 3.135562408715486526e-03 1.256593386642634869e-04 2.967186446767300367e-06 4.128217767629394075e-08 3.384098556935555280e-10 1.634532353217421630e-12 4.651717752039274262e-15 7.800050132940259111e-18 7.706312662370209010e-21 4.486070529983693305e-24 1.538711329046482394e-27 3.109554954535290959e-31 1.672306017937788364e-34 1.289662405874714899e-30 5.854456482015896889e-27 1.565893787801320804e-23 2.467752155236455852e-20 2.291425623520100335e-17 1.253680505626996941e-14 4.041334107640626172e-12
3.991449532003699119e-12 7.590255091116659969e-10 8.504468951286980882e-08 5.614510882878676057e-06 2.183922624681144953e-04 5.005351267755031586e-03 6.759184598922729492e-02 5.378016829490661621e-01 2.521257400512695312e+00 6.964337348937988281e+00 1.133470153808593750e+01 1.086943626403808594e+01 6.141454696655273438e+00 2.044566631317138672e+00 4.010511338710784912e-01 4.635173454880714417e-02 3.156453371047973633e-03 1.266473263967782259e-04 2.994082478835480288e-06 4.170600220732012531e-08 3.422899741423179876e-10 1.655251673574054117e-12 4.716310367014519070e-15 7.917777786441256222e-18 7.831943141282400927e-21 4.564632398673748649e-24 1.567516692852704525e-27 3.171587672219144387e-31 1.637971940166680980e-34 1.264689169450817500e-30 5.747884763357240316e-27 1.539219718468720643e-23 2.428594523637446569e-20 2.257752093399801642e-17 1.236727903517354649e-14 3.991449532003699119e-12
3.951102899718561545e-12 7.520957745477119261e-10 8.435026188635674771e-08 5.574022452492499724e-06 2.170289808418601751e-04 4.978914279490709305e-03 6.730101257562637329e-02 5.360095500946044922e-01 2.515306711196899414e+00 6.954689025878906250e+00 1.133000946044921875e+01 1.087552833557128906e+01 6.150890350341796875e+00 2.049713134765625000e+00 4.024511575698852539e-01 4.655887186527252197e-02 3.173649311065673828e-03 1.274614187423139811e-04 3.016267555722151883e-06 4.205598713724612026e-08 3.455003505514753215e-10 1.672398981453215860e-12 4.769814473677257832e-15 8.015398333612314336e-18 7.936249485614343992e-21 4.629943770738806659e-24 1.591492209544392347e-27 3.223220556282402872e-31 1.610649272938495830e-34 1.244594422661928725e-30 5.662080732474900184e-27 1.517723732117991204e-23 2.397026758834751482e-20 2.230582188127639873e-17 1.223038834650188450e-14 3.951102899718561545e-12
3.919229090570963692e-12 7.465978946186169196e-10 8.379886651255219476e-08 5.541947302845073864e-06 2.159480936825275421e-04 4.958003759384155273e-03 6.706990301609039307e-02 5.345841646194458008e-01 2.510567426681518555e+00 6.946966171264648438e+00 1.132625007629394531e+01 1.088037109375000000e+01 6.158409118652343750e+00 2.053805351257324219e+00 4.035696685314178467e-01 4.672455042600631714e-02 3.187419380992650986e-03 1.281139702768996358e-04 3.034064093299093656e-06 4.233706363265810069e-08 3.480794541488307914e-10 1.686192418332010945e-12 4.812898804539347819e-15 8.094061555504882162e-18 8.020378762231101973e-21 4.682646778955717236e-24 1.610874190725722173e-27 3.264988221555820392e-31 1.589004564849018881e-34 1.228814492456942272e-30 5.594624650986748371e-27 1.500809765449147490e-23 2.372149463470932564e-20 2.209142659267000460e-17 1.212226628485076757e-14 3.919229090570963692e-12
3.883296462170449104e-12 7.404133417487912538e-10 8.317844901739590568e-08 5.505698936758562922e-06 2.147251507267355919e-04 4.934247583150863647e-03 6.680808961391448975e-02 5.329676866531372070e-01 2.505188941955566406e+00 6.938224792480468750e+00 1.132197380065917969e+01 1.088587760925292969e+01 6.166974067687988281e+00 2.058488130569458008e+00 4.048457145690917969e-01 4.691372811794281006e-02 3.203152213245630264e-03 1.288602215936407447e-04 3.054433818761026487e-06 4.265903186251307488e-08 3.510351453961391144e-10 1.702025456337685760e-12 4.862345199868264856e-15 8.184459161567127238e-18 8.117099924969419130e-21 4.743350414473379316e-24 1.633194755816198043e-27 3.313160920447998392e-31 1.564701448734508482e-34 1.211100168748242662e-30 5.518918655988819394e-27 1.481806264014554360e-23 2.344169109899046068e-20 2.185025712199649406e-17 1.200045278264023213e-14 3.883296462170449104e-12
3.840310881797481812e-12 7.330003271022178524e-10 8.243348048608822864e-08 5.462224180519115180e-06 2.132570953108370304e-04 4.905742593109607697e-03 6.649309396743774414e-02 5.310214757919311523e-01 2.498704910278320312e+00 6.927658557891845703e+00 1.131680202484130859e+01 1.089252281188964844e+01 6.177328109741210938e+00 2.064145565032958984e+00 4.063919782638549805e-01 4.714319482445716858e-02 3.222256200388073921e-03 1.297671988140791655e-04 3.079216185142286122e-06 4.305105250068663736e-08 3.546396509790383789e-10 1.721336831753128571e-12 4.922769989226544879e-15 8.295023430963415129e-18 8.235545887897190512e-21 4.817690299598691805e-24 1.660557598094074135e-27 3.372269478384746297e-31 1.535834452844056512e-34 1.190049980151005532e-30 5.428789371637374408e-27 1.459159014058745376e-23 2.310808689612583717e-20 2.156240157755049064e-17 1.185497063878456978e-14 3.840310881797481812e-12
3.788491655803971625e-12 7.240504862338070780e-10 8.153329389415375772e-08 5.409614004747709259e-06 2.114783856086432934e-04 4.871166311204433441e-03 6.611049175262451172e-02 5.286538004875183105e-01 2.490808963775634766e+00 6.914765357971191406e+00 1.131046390533447266e+01 1.090061283111572266e+01 6.189974784851074219e+00 2.071067571640014648e+00 4.082862138748168945e-01 4.742467403411865234e-02 3.245722036808729172e-03 1.308824867010116577e-04 3.109732233497197740e-06 4.353438498583273031e-08 3.590887032167699999e-10 1.745200121569534524e-12 4.997521493854684138e-15 8.431973934719532050e-18 8.382412451890834133e-21 4.910006352601728101e-24 1.694586276502468889e-27 3.445867649887470047e-31 1.501409802314863309e-34 1.164851330930394451e-30 5.320754716592961290e-27 1.431988277900218067e-23 2.270740028428772378e-20 2.121601804168268520e-17 1.167975848551322873e-14 3.788491655803971625e-12
3.738499960992403004e-12 7.154001835374401708e-10 8.066162138220533961e-08 5.358684575185179710e-06 2.097538381349295378e-04 4.837641492486000061e-03 6.573852151632308960e-02 5.263494253158569336e-01 2.483108520507812500e+00 6.902156829833984375e+00 1.130424499511718750e+01 1.090849494934082031e+01 6.202341079711914062e+00 2.077839612960815430e+00 4.101446866989135742e-01 4.770125076174736023e-02 3.268809057772159576e-03 1.319813309237360954e-04 3.139835826004855335e-06 4.401174535928475962e-08 3.634882395076033390e-10 1.768834211046677041e-12 5.071667369925536573e-15 8.567984761299788732e-18 8.528483339221035632e-21 5.001898787298660714e-24 1.728482065744700924e-27 3.519328523650017753e-31 1.468236410420822736e-34 1.140752568263960768e-30 5.217260248799446642e-27 1.405924629136077925e-23 2.232244141319805517e-20 2.088284954328102692e-17 1.151104392198027543e-14 3.738499960992403004e-12
3.692561013901585198e-12 7.074577590415742634e-10 7.986049155306318426e-08 5.311683707986958325e-06 2.081607235595583916e-04 4.806547425687313080e-03 6.539401412010192871e-02 5.242119431495666504e-01 2.475957393646240234e+00 6.890451431274414062e+00 1.129843235015869141e+01 1.091581058502197266e+01 6.213858127593994141e+00 2.084175109863281250e+00 4.118814468383789062e-01 4.796002060174942017e-02 3.290438326075673103e-03 1.330122177023440599e-04 3.168111334161949344e-06 4.446075507757996093e-08 3.676317028578068857e-10 1.791118035138206110e-12 5.141656855324212155e-15 8.696500504349702430e-18 8.666682278241345281e-21 5.088986664652344754e-24 1.760663584743433880e-27 3.589095053766801175e-31 1.438189328404740579e-34 1.118747408056115611e-30 5.122713266341566215e-27 1.382084937035936860e-23 2.196990091353707612e-20 2.057744453495909847e-17 1.135616225350893210e-14 3.692561013901585198e-12
3.642293931738205259e-12 6.987301848226934453e-10 7.897943987700273283e-08 5.260046691546449438e-06 2.064082218566909432e-04 4.772387444972991943e-03 6.501409411430358887e-02 5.218508839607238770e-01 2.468044996261596680e+00 6.877447128295898438e+00 1.129195404052734375e+01 1.092389488220214844e+01 6.226636409759521484e+00 2.091197252273559570e+00 4.138138890266418457e-01 4.824835807085037231e-02 3.314578440040349960e-03 1.341638853773474693e-04 3.199746061000041664e-06 4.496363459338681423e-08 3.722802899286392631e-10 1.816144023364385518e-12 5.220353839420661946e-15 8.841201690445441220e-18 8.822456381897705930e-21 5.187298454965513351e-24 1.797047482880819785e-27 3.668016333887788571e-31 1.405613900385058726e-34 1.094859199937801216e-30 5.019856281359643742e-27 1.356112953908983400e-23 2.158559635523663402e-20 2.024404111726347513e-17 1.118683697922100845e-14 3.642293931738205259e-12
3.586447111514345920e-12 6.890488180033571552e-10 7.799989987233857391e-08 5.202455213293433189e-06 2.044504071818664670e-04 4.734083078801631927e-03 6.458830833435058594e-02 5.192015767097473145e-01 2.459152221679687500e+00 6.862832069396972656e+00 1.128462409973144531e+01 1.093297195434570312e+01 6.241037845611572266e+00 2.099147319793701172e+00 4.160007536411285400e-01 4.857520014047622681e-02 3.341969568282365799e-03 1.354732085019350052e-04 3.235753410990582779e-06 4.553704613385889388e-08 3.775848522735714141e-10 1.844757853419753957e-12 5.310455275118943635e-15 9.007120059253165170e-18 9.001335804949432057e-21 5.300271225202214451e-24 1.838890622038565748e-27 3.759070596500223290e-31 1.369571452796672310e-34 1.068534239050006252e-30 4.906488341113233491e-27 1.327445275296708698e-23 2.116049499063113518e-20 1.987468512142384700e-17 1.099903622228757399e-14 3.586447111514345920e-12
3.529882983133170171e-12 6.792157947188570688e-10 7.700408843902550871e-08 5.143853741174098104e-06 2.024553250521421432e-04 4.695028066635131836e-03 6.415306031703948975e-02 5.164885520935058594e-01 2.450029850006103516e+00 6.847790718078613281e+00 1.127704524993896484e+01 1.094227600097656250e+01 6.255867004394531250e+00 2.107340335845947266e+00 4.182606935501098633e-01 4.891350865364074707e-02 3.370370948687195778e-03 1.368326484225690365e-04 3.273203674325486645e-06 4.613426796140629449e-08 3.831194805847815132e-10 1.874649307315179314e-12 5.404734277313083535e-15 9.180991769650586481e-18 9.189073492256291486e-21 5.419057111449489188e-24 1.882973810314628506e-27 3.855033723521691882e-31 1.333942035352256460e-34 1.042126899518105662e-30 4.792484458799186574e-27 1.298581801407758141e-23 2.073184094991820644e-20 1.950181195361964340e-17 1.080908230760221911e-14 3.529882983133170171e-12
3.477741965934866286e-12 6.701342258885745196e-10 7.608309005036062445e-08 5.089558726467657834e-06 2.006044087465852499e-04 4.658740013837814331e-03 6.374800205230712891e-02 5.139594078063964844e-01 2.441509246826171875e+00 6.833704948425292969e+00 1.126989936828613281e+01 1.095093727111816406e+01 6.269745349884033203e+00 2.115028142929077148e+00 4.203850626945495605e-01 4.923203587532043457e-02 3.397156018763780594e-03 1.381168840453028679e-04 3.308634859422454610e-06 4.670022946129392949e-08 3.883732224707614478e-10 1.903065812575155391e-12 5.494452007086259027e-15 9.346683490970470902e-18 9.368266339211992784e-21 5.532664125853987982e-24 1.925186535428702380e-27 3.946994057179740421e-31 1.301397831401268324e-34 1.017985442896850113e-30 4.688147204062008072e-27 1.272119146797757212e-23 2.033836147228438809e-20 1.915906470372462107e-17 1.063419202685083470e-14 3.477741965934866286e-12
3.416139766898584895e-12 6.593899870566133359e-10 7.499146192913030973e-08 5.025128302804660052e-06 1.984040427487343550e-04 4.615526646375656128e-03 6.326485425233840942e-02 5.109371542930603027e-01 2.431308031082153320e+00 6.816804885864257812e+00 1.126127529144287109e+01 1.096129417419433594e+01 6.286421775817871094e+00 2.124284744262695312e+00 4.229478240013122559e-01 4.961698502302169800e-02 3.429580945521593094e-03 1.396739389747381210e-04 3.351660325279226527e-06 4.738853220942473854e-08 3.947721594066422313e-10 1.937734044402117384e-12 5.604124139030851326e-15 9.549591722410341143e-18 9.588014462196233882e-21 5.672126056427105438e-24 1.977098821521693690e-27 4.060370017118809722e-31 1.262676083212472515e-34 9.897415109912247808e-31 4.565871452636817977e-27 1.241063270681016419e-23 1.987578979528251743e-20 1.875541049096609420e-17 1.042799032617124783e-14 3.416139766898584895e-12
3.351589405314880921e-12 6.481060133012306324e-10 7.384267064480809495e-08 4.957255441695451736e-06 1.960818481165915728e-04 4.569874610751867294e-03 6.275301426649093628e-02 5.077296495437622070e-01 2.420457839965820312e+00 6.798768520355224609e+00 1.125202369689941406e+01 1.097229957580566406e+01 6.304228782653808594e+00 2.134184598922729492e+00 4.256972670555114746e-01 5.003073811531066895e-02 3.464499488472938538e-03 1.413535937899723649e-04 3.398168246349086985e-06 4.813372456169418001e-08 4.017142452017452570e-10 1.975403781523388247e-12 5.723518091627554857e-15 9.770877425519302001e-18 9.828131907764593285e-21 5.824766697282845117e-24 2.034024495852919414e-27 4.184919285961315031e-31 1.223068811251973275e-34 9.604553387743863756e-31 4.438889498799523233e-27 1.208754841218965704e-23 1.939384076619673854e-20 1.833396196887032660e-17 1.021234759626156452e-14 3.351589405314880921e-12
3.281173509978030367e-12 6.357798731926322944e-10 7.258543632815417368e-08 4.882770554104354233e-06 1.935280452016741037e-04 4.519532434642314911e-03 6.218783557415008545e-02 5.041795969009399414e-01 2.408421516418457031e+00 6.778711795806884766e+00 1.124163818359375000e+01 1.098445510864257812e+01 6.324043750762939453e+00 2.145245790481567383e+00 4.287733435630798340e-01 5.049473047256469727e-02 3.503736574202775955e-03 1.432452409062534571e-04 3.450644726399332285e-06 4.897642824630565883e-08 4.095760397504477623e-10 2.018166883610561513e-12 5.859309331533680762e-15 1.002305418860405568e-17 1.010226473264349511e-20 5.999398413593430943e-24 2.099262098638131570e-27 4.327951087580669330e-31 1.180716576311311678e-34 9.288967008785383242e-31 4.301757123783330001e-27 1.173791973696936806e-23 1.887107069699889451e-20 1.787600169453646836e-17 9.977482300646892122e-15 3.281173509978030367e-12
3.209958774480492494e-12 6.232966365260494968e-10 7.130957868639598018e-08 4.806955530511913821e-06 1.909234269987791777e-04 4.468024708330631256e-03 6.160889565944671631e-02 5.005346536636352539e-01 2.396032094955444336e+00 6.758024215698242188e+00 1.123084449768066406e+01 1.099696063995361328e+01 6.344544410705566406e+00 2.156728744506835938e+00 4.319722056388854980e-01 5.097827315330505371e-02 3.544723615050315857e-03 1.452251453883945942e-04 3.505690301608410664e-06 4.986221568969995133e-08 4.178610790717129930e-10 2.063307207381126496e-12 6.002957649058537556e-15 1.029031045425565105e-17 1.039341776797795582e-20 6.185313601861845511e-24 2.168853651248619950e-27 4.480833061662174070e-31 1.138020991409389392e-34 8.973697543103884417e-31 4.164451415072141918e-27 1.138712749191387809e-23 1.834568983899267999e-20 1.741482368761977884e-17 9.740490105301664175e-15 3.209958774480492494e-12
3.122152276296974449e-12 6.078458292257948870e-10 6.972675947736206581e-08 4.712786903837695718e-06 1.876802998594939709e-04 4.403827711939811707e-03 6.088428571820259094e-02 4.959610104560852051e-01 2.380439758300781250e+00 6.731849193572998047e+00 1.121707153320312500e+01 1.101262855529785156e+01 6.370446205139160156e+00 2.171273469924926758e+00 4.360415339469909668e-01 5.159510672092437744e-02 3.597133327275514603e-03 1.477637561038136482e-04 3.576433300622738898e-06 5.100345035202735744e-08 4.285605204046305516e-10 2.121752860212433589e-12 6.189373930639684857e-15 1.063807124584335728e-17 1.077318979657426214e-20 6.428294593583495462e-24 2.260046626708350007e-27 4.681597152432333540e-31 1.086286268209376425e-34 8.590433722588901851e-31 3.997188251261999259e-27 1.095878548670973133e-23 1.770245997750466742e-20 1.684884520581507092e-17 9.448942211889681253e-15 3.122152276296974449e-12
3.018992174308454679e-12 5.896604315935860541e-10 6.785791129004792310e-08 4.601165983331156895e-06 1.838241587392985821e-04 4.327176138758659363e-03 6.001736968755722046e-02 4.904708862304687500e-01 2.361656188964843750e+00 6.700216293334960938e+00 1.120022487640380859e+01 1.103143882751464844e+01 6.401842594146728516e+00 2.188997268676757812e+00 4.410124719142913818e-01 5.235104635357856750e-02 3.661569673568010330e-03 1.508941204519942403e-04 3.663943061837926507e-06 5.241943412670480029e-08 4.418736487821206538e-10 2.194698199217692824e-12 6.422761153761398500e-15 1.107463897517536912e-17 1.125138339336730760e-20 6.735202900911993157e-24 2.375566408481624117e-27 4.936685539131394205e-31 1.027060293999015720e-34 8.148165728035524399e-31 3.803595313996149821e-27 1.046153332599090831e-23 1.695352386543319381e-20 1.618786503065864778e-17 9.107469349533582614e-15 3.018992174308454679e-12
2.920102527836920814e-12 5.721620954801664993e-10 6.605390012737188954e-08 4.493107553571462631e-06 1.800786267267540097e-04 4.252502694725990295e-03 5.916956067085266113e-02 4.850822389125823975e-01 2.343149185180664062e+00 6.668880462646484375e+00 1.118334960937500000e+01 1.104989719390869141e+01 6.432976722717285156e+00 2.206649303436279297e+00 4.459843933582305908e-01 5.310982838273048401e-02 3.726478200405836105e-03 1.540579251013696194e-04 3.752681550395209342e-06 5.385992452033860900e-08 4.554623345143227198e-10 2.269394307891081652e-12 6.662507900251097431e-15 1.152463763611340447e-17 1.174582575775947822e-20 7.053640804800748551e-24 2.495781800052308746e-27 5.203093466231133170e-31 9.715426371235147007e-35 7.732383972194874729e-31 3.620967081089685794e-27 9.990961229947565124e-24 1.624252820161405478e-20 1.555840374556294520e-17 8.781185481987648089e-15 2.920102527836920814e-12
2.821509952760647977e-12 5.546584302962287438e-10 6.424346565836458467e-08 4.384308795124525204e-06 1.762945321388542652e-04 4.176815506070852280e-03 5.830714851617813110e-02 4.795813560485839844e-01 2.324181556701660156e+00 6.636611938476562500e+00 1.116576576232910156e+01 1.106873703002929688e+01 6.465098381042480469e+00 2.224946498870849609e+00 4.511585235595703125e-01 5.390239134430885315e-02 3.794497111812233925e-03 1.573851041030138731e-04 3.846307663479819894e-06 5.538490555068165122e-08 4.698937350333665108e-10 2.348999033480181353e-12 6.918833199100931156e-15 1.200735046309729952e-17 1.227797107909530119e-20 7.397350656649164278e-24 2.626007019915951595e-27 5.492548605770834233e-31 9.176869157425478283e-35 7.325853356895196461e-31 3.441880248164961016e-27 9.527997697335078600e-24 1.554059759720318731e-20 1.493489485215517421e-17 8.456942963844596428e-15 2.821509952760647977e-12
2.706928214565862412e-12 5.342317699330578762e-10 6.212268033323198324e-08 4.256420197634724900e-06 1.718305138638243079e-04 4.087209701538085938e-03 5.728183314204216003e-02 4.730141758918762207e-01 2.301436901092529297e+00 6.597679615020751953e+00 1.114426231384277344e+01 1.109118270874023438e+01 6.503869056701660156e+00 2.247147560119628906e+00 4.574671387672424316e-01 5.487259477376937866e-02 3.878097981214523315e-03 1.614897046238183975e-04 3.962250502809183672e-06 5.728065843868535012e-08 4.879027737381136376e-10 2.448684484346319579e-12 7.240996674874947137e-15 1.261616366574245342e-17 1.295164183336011874e-20 7.834185538358920450e-24 2.792104225737762222e-27 5.863038564274301165e-31 8.561620120774271098e-35 6.863482528151796577e-31 3.237452799403966744e-27 8.997580246438953798e-24 1.473363121086942425e-20 1.421550414522393158e-17 8.081429541404241967e-15 2.706928214565862412e-12
2.590790429413125651e-12 5.134550562502226967e-10 5.995661922497674823e-08 4.125200575799681246e-06 1.672304642852395773e-04 3.994446713477373123e-03 5.621615052223205566e-02 4.661577939987182617e-01 2.277571916580200195e+00 6.556603431701660156e+00 1.112124633789062500e+01 1.111461353302001953e+01 6.544898033142089844e+00 2.270790100097656250e+00 4.642156958580017090e-01 5.591520667076110840e-02 3.968327306210994720e-03 1.659388653934001923e-04 4.088463356310967356e-06 5.935254421274294145e-08 5.076686848681788433e-10 2.558546039962972252e-12 7.597565358417011916e-15 1.329288674231698578e-17 1.370347792433692962e-20 8.323621665228813688e-24 2.978956793384245212e-27 6.281587904014526828e-31 7.958270094565884637e-35 6.406408476953201921e-31 3.034491368516640036e-27 8.468839913827328867e-24 1.392591357651840111e-20 1.349243579328927818e-17 7.702505964318241694e-15 2.590790429413125651e-12
2.487597584518996818e-12 4.949118892483284071e-10 5.801571489882917376e-08 4.007142706541344523e-06 1.630744227441027761e-04 3.910282626748085022e-03 5.524501949548721313e-02 4.598811864852905273e-01 2.255619049072265625e+00 6.518586158752441406e+00 1.109963607788085938e+01 1.113603591918945312e+01 6.582940578460693359e+00 2.292846679687500000e+00 4.705421328544616699e-01 5.689702183008193970e-02 4.053670912981033325e-03 1.701647706795483828e-04 4.208844075037632138e-06 6.133691243803696125e-08 5.266771463396935360e-10 2.664636957264154837e-12 7.943281855838854599e-15 1.395167488885014340e-17 1.443835358158213565e-20 8.804052156004703856e-24 3.163096881297053219e-27 6.695802960984400554e-31 8.335360417115020251e-35 6.010098549935053279e-31 2.857783829445211249e-27 8.006584778307730812e-24 1.321686954195700438e-20 1.285508982259472014e-17 7.367130892149426763e-15 2.487597584518996818e-12
2.404419545409819392e-12 4.799151076539942551e-10 5.643981637604156276e-08 3.910941359208663926e-06 1.596752554178237915e-04 3.841184312477707863e-03 5.444474518299102783e-02 4.546884894371032715e-01 2.237379312515258789e+00 6.486831665039062500e+00 1.108137226104736328e+01 1.115374946594238281e+01 6.614783287048339844e+00 2.311406612396240234e+00 4.758886098861694336e-01 5.773003771901130676e-02 4.126346204429864883e-03 1.737771672196686268e-04 4.312119926908053458e-06 6.304595956407865742e-08 5.431041727455010459e-10 2.756665121866896939e-12 8.244227579800623984e-15 1.452717752822778687e-17 1.508264649940424958e-20 9.226753805736520380e-24 3.325730879892866719e-27 7.062803582056886608e-31 8.825692516004723840e-35 5.697333357418546255e-31 2.717895448678599883e-27 7.639362138318297606e-24 1.265144393345656013e-20 1.234510319645372667e-17 7.097757897780087796e-15 2.404419545409819392e-12
2.324157793304193476e-12 4.654034935214212965e-10 5.491009602565100067e-08 3.817190190602559596e-06 1.563516125315800309e-04 3.773360513150691986e-03 5.365679413080215454e-02 4.495573639869689941e-01 2.219283103942871094e+00 6.455189228057861328e+00 1.106294631958007812e+01 1.117121315002441406e+01 6.646562576293945312e+00 2.330029487609863281e+00 4.812725186347961426e-01 5.857193470001220703e-02 4.200060386210680008e-03 1.774535339791327715e-04 4.417587206262396649e-06 6.479661607272646506e-08 5.599936070410649336e-10 2.851568590631070599e-12 8.555684135604871982e-15 1.512472453092996854e-17 1.575386317681268422e-20 9.668445704039722321e-24 3.496201487432391881e-27 7.448829344098561220e-31 9.337929102643661295e-35 5.401538541745990431e-31 2.585096801223266809e-27 7.289583579526016635e-24 1.211134103769274900e-20 1.185623531853182455e-17 6.838773338992349196e-15 2.324157793304193476e-12
2.246022812180115125e-12 4.512129003764187019e-10 5.340945108400774188e-08 3.725005171872908249e-06 1.530724694021046162e-04 3.706280607730150223e-03 5.287402868270874023e-02 4.444411098957061768e-01 2.201169013977050781e+00 6.423330307006835938e+00 1.104421424865722656e+01 1.118860340118408203e+01 6.678584098815917969e+00 2.348868370056152344e+00 4.867448210716247559e-01 5.943078547716140747e-02 4.275526851415634155e-03 1.812298723962157965e-04 4.526292286755051464e-06 6.660724238827242516e-08 5.775142031261282227e-10 2.950359791545342780e-12 8.880910058999685885e-15 1.575076790573460200e-17 1.645935291967951716e-20 1.013438166454308162e-23 3.676589478627544675e-27 7.858775005586248397e-31 9.884185574862475607e-35 5.119189500655880261e-31 2.457916091415711302e-27 6.953517789849192511e-24 1.159058722123800298e-20 1.138339075625568713e-17 6.587406571015742146e-15 2.246022812180115125e-12
2.155907830730940944e-12 4.347995297138140813e-10 5.166697292224853300e-08 3.617522452259436250e-06 1.492347364546731114e-04 3.627442987635731697e-03 5.195098370313644409e-02 4.383839964866638184e-01 2.179631710052490234e+00 6.385263442993164062e+00 1.102154541015625000e+01 1.120914745330810547e+01 6.716920375823974609e+00 2.371556520462036133e+00 4.933616518974304199e-01 6.047346815466880798e-02 4.367484711110591888e-03 1.858495234046131372e-04 4.659746991819702089e-06 6.883843184368743096e-08 5.991831475427034093e-10 3.073000621328647597e-12 9.286115374373092590e-15 1.653362983542826356e-17 1.734472536520822355e-20 1.072107803013948384e-23 3.904627287762770949e-27 8.378714964864559319e-31 1.058146035476644758e-34 4.800454677628157332e-31 2.313882339036800849e-27 6.571537534475337227e-24 1.099650028918873649e-20 1.084198532890809201e-17 6.298563253804342205e-15 2.155907830730940944e-12
2.077936780975342401e-12 4.205404913193433458e-10 5.014788939661229961e-08 3.523445684550097212e-06 1.458631304558366537e-04 3.557906020432710648e-03 5.113361775875091553e-02 4.329982101917266846e-01 2.160394668579101562e+00 6.351078510284423828e+00 1.100094032287597656e+01 1.122738075256347656e+01 6.751413822174072266e+00 2.392085552215576172e+00 4.993753135204315186e-01 6.142500042915344238e-02 4.451746121048927307e-03 1.900986535474658012e-04 4.782978066941723228e-06 7.090650910868134815e-08 6.193470181159455024e-10 3.187544412447396169e-12 9.665909701328870285e-15 1.727014814412302919e-17 1.818086117724441809e-20 1.127733146454250200e-23 4.121560184838660421e-27 8.875112123284601466e-31 1.124752598924482821e-34 4.530750194170972344e-31 2.191534172645701795e-27 6.245873270264304755e-24 1.048813317928954528e-20 1.037707673742878833e-17 6.049533873245683396e-15 2.077936780975342401e-12
2.000349538788803727e-12 4.063017700062232507e-10 4.862512170689115010e-08 3.428811851335922256e-06 1.424587971996515989e-04 3.487436566501855850e-03 5.030208081007003784e-02 4.274972677230834961e-01 2.140662193298339844e+00 6.315826892852783203e+00 1.097944068908691406e+01 1.124596309661865234e+01 6.787040710449218750e+00 2.413404941558837891e+00 5.056480765342712402e-01 6.242149323225021362e-02 4.540327936410903931e-03 1.945824187714606524e-04 4.913496013614349067e-06 7.310488570055895252e-08 6.408576447292091416e-10 3.310175267570714119e-12 1.007410080784134840e-14 1.806454428027813017e-17 1.908589854936686560e-20 1.188151214324222273e-23 4.358087107982756753e-27 9.418359784551016704e-31 1.198175881663388177e-34 4.268114663541892264e-31 2.071968589838253418e-27 5.926458362144433139e-24 9.987785036129430143e-21 9.917715219137265262e-18 5.802663156153102172e-15 2.000349538788803727e-12
1.916155385403572886e-12 3.907976997563622490e-10 4.696039113127881137e-08 3.324919816805049777e-06 1.387062948197126389e-04 3.409412689507007599e-03 4.937796667218208313e-02 4.213573932647705078e-01 2.118535041809082031e+00 6.276086807250976562e+00 1.095489311218261719e+01 1.126664543151855469e+01 6.827296257019042969e+00 2.437643527984619141e+00 5.128104686737060547e-01 6.356424838304519653e-02 4.642329644411802292e-03 1.997664221562445164e-04 5.065006916993297637e-06 7.566670490177784814e-08 6.660244578071683463e-10 3.454218248238882794e-12 1.055547556099659806e-14 1.900499238846926903e-17 2.016157423457105292e-20 1.260234010627516404e-23 4.641389862058163637e-27 1.007171741225217660e-30 1.286261619718878410e-34 3.989717634459246625e-31 1.944734724364232824e-27 5.585240916326063198e-24 9.451162115052023741e-21 9.423168746310186606e-18 5.535864294910469025e-15 1.916155385403572886e-12
1.822997048456231894e-12 3.735559361839335679e-10 4.510119566702996963e-08 3.208378984709270298e-06 1.344781339867040515e-04 3.321125172078609467e-03 4.832690954208374023e-02 4.143399298191070557e-01 2.093110084533691406e+00 6.230108261108398438e+00 1.092609405517578125e+01 1.129020786285400391e+01 6.873948097229003906e+00 2.465914726257324219e+00 5.212126970291137695e-01 6.491144001483917236e-02 4.763152450323104858e-03 2.059355610981583595e-04 5.246130058367270976e-06 7.874353258330302197e-08 6.963864485065585086e-10 3.628782821105125400e-12 1.114132166380029862e-14 2.015475855066695154e-17 2.148243950115045557e-20 1.349158829485098092e-23 4.992379424029059926e-27 1.088455482872713657e-30 1.396923048206147228e-34 3.689717370197188985e-31 1.807017059237940311e-27 5.214264087288683197e-24 8.865174121304961017e-21 8.880793036104066784e-18 5.241890499137549786e-15 1.822997048456231894e-12
1.730811566118262146e-12 3.564067374561830093e-10 4.324255087340134196e-08 3.091349753958638757e-06 1.302107993979007006e-04 3.231592942029237747e-03 4.725522547960281372e-02 4.071459174156188965e-01 2.066892147064208984e+00 6.182345390319824219e+00 1.089573574066162109e+01 1.131426048278808594e+01 6.922504901885986328e+00 2.495549678802490234e+00 5.300752520561218262e-01 6.634011864662170410e-02 4.891960881650447845e-03 2.125453611370176077e-04 5.441183020593598485e-06 8.207294399653619621e-08 7.294074788610771520e-10 3.819541904981349489e-12 1.178478802987392021e-14 2.142371647604985002e-17 2.294746037651283000e-20 1.448264687185462159e-23 5.385483296093871900e-27 1.179948910174615583e-30 1.521802218619855850e-34 3.401461234895326656e-31 1.674025433602179636e-27 4.854299362057735911e-24 8.293821731403831647e-21 8.349291442230569063e-18 4.952463999741965259e-15 1.730811566118262146e-12
1.651366326668735063e-12 3.415659699523843074e-10 4.162643563176970929e-08 2.989027279909350909e-06 1.264614111278206110e-04 3.152494784444570541e-03 4.630421102046966553e-02 4.007288515567779541e-01 2.043376207351684570e+00 6.139236927032470703e+00 1.086791515350341797e+01 1.133562660217285156e+01 6.966460227966308594e+00 2.522589206695556641e+00 5.382026433944702148e-01 6.765726208686828613e-02 5.011297762393951416e-03 2.187004429288208485e-04 5.623668585030827671e-06 8.520362371200462803e-08 7.605991392267696938e-10 4.000633158085520336e-12 1.239845492983018826e-14 2.263961241949869689e-17 2.435784532618122339e-20 1.544117913601418950e-23 5.767497278352913293e-27 1.269266074255179159e-30 1.644571812892445216e-34 3.159933821225092228e-31 1.562090096344901830e-27 4.549888588355167939e-24 7.808315179449221181e-21 7.895577913161558065e-18 4.704163491034418776e-15 1.651366326668735063e-12
1.556216960851841691e-12 3.236973189491010316e-10 3.967039319263676589e-08 2.864594080165261403e-06 1.218781253555789590e-04 3.055316396057605743e-03 4.512916505336761475e-02 3.927554786205291748e-01 2.013977289199829102e+00 6.084928989410400391e+00 1.083233451843261719e+01 1.136203384399414062e+01 7.021946907043457031e+00 2.556974411010742188e+00 5.486059188842773438e-01 6.935279816389083862e-02 5.165762733668088913e-03 2.267089730594307184e-04 5.862370016984641552e-06 8.931938566547614755e-08 8.018221642203116062e-10 4.241175119434892338e-12 1.321783563948842471e-14 2.427162322445356943e-17 2.626046897939115785e-20 1.674079907837321849e-23 6.288131994289170374e-27 1.391625444141876578e-30 1.813679876610803985e-34 2.879370356053881113e-31 1.431400053289181122e-27 4.192673437809368489e-24 7.235739790087735089e-21 7.357692139320376077e-18 4.408359257062482994e-15 1.556216960851841691e-12
1.443879087473232126e-12 3.024571149090604649e-10 3.733042319709056756e-08 2.714784386625979096e-06 1.163237611763179302e-04 2.936797682195901871e-03 4.368593916296958923e-02 3.828928172588348389e-01 1.977334976196289062e+00 6.016592979431152344e+00 1.078670883178710938e+01 1.139445877075195312e+01 7.091952323913574219e+00 2.600780487060546875e+00 5.619662404060363770e-01 7.154585421085357666e-02 5.366924218833446503e-03 2.372085873503237963e-04 6.177398518047994003e-06 9.478701201715011848e-08 8.569427389915063031e-10 4.564885362073889397e-12 1.432769782807805092e-14 2.649627254235573397e-17 2.887087489361091889e-20 1.853546079319464123e-23 7.011626837197679395e-27 1.562761528937978522e-30 2.050891192775635680e-34 2.560554423915951446e-31 1.281944037744842845e-27 3.781542010974428545e-24 6.572502901430379630e-21 6.730711568881720032e-18 4.061310800331082924e-15 1.443879087473232126e-12
1.310463456499766366e-12 2.770335072455054615e-10 3.450623609069225495e-08 2.532398866605944932e-06 1.095048355637118220e-04 2.789989812299609184e-03 4.188340902328491211e-02 3.704632520675659180e-01 1.930703639984130859e+00 5.928636550903320312e+00 1.072654151916503906e+01 1.143489265441894531e+01 7.182438850402832031e+00 2.658148765563964844e+00 5.796311497688293457e-01 7.447205483913421631e-02 5.637701600790023804e-03 2.514632651582360268e-04 6.608723651879699901e-06 1.023358606744295685e-07 9.336865725018128614e-10 5.019325233224236626e-12 1.589856108634261911e-14 2.967112739095471288e-17 3.262698250176630951e-20 2.113926976027573932e-23 8.069963860237353241e-27 1.815131796539745795e-30 2.403912579725463771e-34 2.199988223820996430e-31 1.111531208103649300e-27 3.308943331265572583e-24 5.803931347230358446e-21 5.998167863030271700e-18 3.652525500206105918e-15 1.310463456499766366e-12
1.150429577989608987e-12 2.461962300692732697e-10 3.104324619584986067e-08 2.306359419890213758e-06 1.009598927339538932e-04 2.604003064334392548e-03 3.957281634211540222e-02 3.543400764465332031e-01 1.869436979293823242e+00 5.811243057250976562e+00 1.064375591278076172e+01 1.148648929595947266e+01 7.303770542144775391e+00 2.736357212066650391e+00 6.040416955947875977e-01 7.856489717960357666e-02 6.020844914019107819e-03 2.718626346904784441e-04 7.232903953990899026e-06 1.133818017251542187e-07 1.047215869576234581e-09 5.699019381411041252e-12 1.827402432933583620e-14 3.452470558806065891e-17 3.843196155725299733e-20 2.520724085504867548e-23 9.741549333192988688e-27 2.218117214916892109e-30 2.974188740758770882e-34 1.794469003860765659e-31 9.178220409656560924e-28 2.765959720579729673e-24 4.911321879135380007e-21 5.138240824387494765e-18 3.167442860324250556e-15 1.150429577989608987e-12
9.937564009535049259e-13 2.156111678086602979e-10 2.756286576754973794e-08 2.076079454127466306e-06 9.213652811013162136e-05 2.409278415143489838e-03 3.712038695812225342e-02 3.369781374931335449e-01 1.802430629730224609e+00 5.680465698242187500e+00 1.054811668395996094e+01 1.154073619842529297e+01 7.439769744873046875e+00 2.825874328613281250e+00 6.324285268783569336e-01 8.339487016201019287e-02 6.479393690824508667e-03 2.966147148981690407e-04 8.000590241863392293e-06 1.271509688649530290e-07 1.190630039005213803e-09 6.569146268620151830e-12 2.135536586705521350e-14 4.090426988792688061e-17 4.616333116827631412e-20 3.069720630668576576e-23 1.202728305053460345e-26 2.776458787885153914e-30 3.774729551438778837e-34 1.427425477244474591e-31 7.401906814481533585e-28 2.261518276001174959e-24 4.071147907058020838e-21 4.318190922304980466e-18 2.698736331928136209e-15 9.937564009535049259e-13
8.530552566415883220e-13 1.877447780573859859e-10 2.434591905853267235e-08 1.860199517977889627e-06 8.374387107323855162e-05 2.221354516223073006e-03 3.471731022000312805e-02 3.196991682052612305e-01 1.734620332717895508e+00 5.545423030853271484e+00 1.044559097290039062e+01 1.159304809570312500e+01 7.581057548522949219e+00 2.920974254608154297e+00 6.631230115890502930e-01 8.870087563991546631e-02 6.990833207964897156e-03 3.246337291784584522e-04 8.882372640073299408e-06 1.431966154541441938e-07 1.360178192300054434e-09 7.612618001251458821e-12 2.510371705161714567e-14 4.877594559010810639e-17 5.583930546418376541e-20 3.766585523755800250e-23 1.497002542761656884e-26 3.505518251779269125e-30 4.835517234962408212e-34 1.124647284732553722e-31 5.915741306183248682e-28 1.833467754901507365e-24 3.348068863167715337e-21 3.602360814320472335e-18 2.283765997222308303e-15 8.530552566415883220e-13
7.230747034112083860e-13 1.616162759177086627e-10 2.128358644881700457e-08 1.651481625231099315e-06 7.550398731837049127e-05 2.033914905041456223e-03 3.228252753615379333e-02 3.019013404846191406e-01 1.663528323173522949e+00 5.400876045227050781e+00 1.033150672912597656e+01 1.164476203918457031e+01 7.733300685882568359e+00 3.025984764099121094e+00 6.976437568664550781e-01 9.476976096630096436e-02 7.585319690406322479e-03 3.577174502424895763e-04 9.939820301951840520e-06 1.627356880362640368e-07 1.569822494218442444e-09 8.922553668133659244e-12 2.988108282401917559e-14 5.896128847899200333e-17 6.854950426273216584e-20 4.695842844178254322e-23 1.895350336879046424e-26 4.507361053934243060e-30 6.314442493575429743e-34 8.689868437076653904e-32 4.642043907867277543e-28 1.461065750031232453e-24 2.709549649865350204e-21 2.960655601797759843e-18 1.906150662523342296e-15 7.230747034112083860e-13
6.161913427421561451e-13 1.397911231215687167e-10 1.868562904405735026e-08 1.471669520469731651e-06 6.829269113950431347e-05 1.867279876023530960e-03 3.008205629885196686e-02 2.855440974235534668e-01 1.597004652023315430e+00 5.262676239013671875e+00 1.021821594238281250e+01 1.168987464904785156e+01 7.879744529724121094e+00 3.129538297653198242e+00 7.323468327522277832e-01 1.009766012430191040e-01 8.203363046050071716e-03 3.926690260414034128e-04 1.107470779970753938e-05 1.840370345007613651e-07 1.801941595935829810e-09 1.039554206605508568e-11 3.533644934278733218e-14 7.077196517092624478e-17 8.351536643057585261e-20 5.806864445671940520e-23 2.378959820006436651e-26 5.742300812354450107e-30 8.165625690929753389e-34 6.772316828674903905e-32 3.671986698653453620e-28 1.173089414174746973e-24 2.208137642577566774e-21 2.448977391304095431e-18 1.600375156696328890e-15 6.161913427421561451e-13
5.135356658143852560e-13 1.184919107277693229e-10 1.610887778724645614e-08 1.290355385208385997e-06 6.090072565712034702e-05 1.693565165624022484e-03 2.774933725595474243e-02 2.678961753845214844e-01 1.523870229721069336e+00 5.107380390167236328e+00 1.008588600158691406e+01 1.173538303375244141e+01 8.045406341552734375e+00 3.249871492385864258e+00 7.734807729721069336e-01 1.084680855274200439e-01 8.962353691458702087e-03 4.363198240753263235e-04 1.251583125849720091e-05 2.115341715125396149e-07 2.106513408151045041e-09 1.236001752336068904e-11 4.273100292660411692e-14 8.704234312204828217e-17 1.044679870558632906e-19 7.387700047879052508e-23 3.078225539768180938e-26 7.557041404374242245e-30 1.092989341073948204e-33 5.099189874869860026e-32 2.811996145020117178e-28 9.136758581516644300e-25 1.749180639839389142e-21 1.973069365629367871e-18 1.311379902950015209e-15 5.135356658143852560e-13
4.263291109030120651e-13 1.000774810244742241e-10 1.384191783415644750e-08 1.128052872445550747e-06 5.416568819782696664e-05 1.532462658360600471e-03 2.554576098918914795e-02 2.509081363677978516e-01 1.452039718627929688e+00 4.951188087463378906e+00 9.947375297546386719e+00 1.177535152435302734e+01 8.213091850280761719e+00 3.375246047973632812e+00 8.172830343246459961e-01 1.166022345423698425e-01 9.801864624023437500e-03 4.854832077398896217e-04 1.416805753251537681e-05 2.436209740608319407e-07 2.468189652660157662e-09 1.473389292516724680e-11 5.182297665540062936e-14 1.073964323480058121e-16 1.311371818086708116e-19 9.434819340476545216e-23 3.999537423570965034e-26 9.989401398485562502e-30 1.469993521927687621e-33 3.817479911622384558e-32 2.141783839211782376e-28 7.080079379431617609e-25 1.378988740024478532e-21 1.582535271361697712e-18 1.070084250837143383e-15 4.263291109030120651e-13
3.498316003200385715e-13 8.363269105027271166e-11 1.178048769645556604e-08 9.777354534890037030e-07 4.781258758157491684e-05 1.377634238451719284e-03 2.338773943483829498e-02 2.339429855346679688e-01 1.378793835639953613e+00 4.788022994995117188e+00 9.796731948852539062e+00 1.181060981750488281e+01 8.389400482177734375e+00 3.511199474334716797e+00 8.658612966537475586e-01 1.258080899715423584e-01 1.077052019536495209e-02 5.432846373878419399e-04 1.614692700968589634e-05 2.827605953825695906e-07 2.917494246190699414e-09 1.773670099680657586e-11 6.353384073183587777e-14 1.340910859623089136e-16 1.667483799289355577e-19 1.221785245651406377e-22 5.274646952240759783e-26 1.341689767034199731e-29 2.010751229019672012e-33 2.807642396063315622e-32 1.604220199064361492e-28 5.400682272991789313e-25 1.071273210264329900e-21 1.252031535303379016e-18 8.622013485759343326e-16 3.498316003200385715e-13
2.868850990100924037e-13 6.984854361569148296e-11 1.002002036898375081e-08 8.469265821986482479e-07 4.217851892462931573e-05 1.237667864188551903e-03 2.139870449900627136e-02 2.179889380931854248e-01 1.308425426483154297e+00 4.627347946166992188e+00 9.642310142517089844e+00 1.183851718902587891e+01 8.564085006713867188e+00 3.650330543518066406e+00 9.167455434799194336e-01 1.356545090675354004e-01 1.182733569294214249e-02 6.075794808566570282e-04 1.839035394368693233e-05 3.279786255916405935e-07 3.446360086201138984e-09 2.133786029812068108e-11 7.784060668172138042e-14 1.673112284626999415e-16 2.118909476031015611e-19 1.581143825939999942e-22 6.951799749405234300e-26 1.800859752872174946e-29 2.748639706086538650e-33 2.063629115884084845e-32 1.200836338883642378e-28 4.117157755504824081e-25 8.317091032893287229e-22 9.899548678524375668e-19 6.942744727443683241e-16 2.868850990100924037e-13
2.351119245038585381e-13 5.829779714527916212e-11 8.517014649100929091e-09 7.331454412451421376e-07 3.718452353496104479e-05 1.111220568418502808e-03 1.956637576222419739e-02 2.029938399791717529e-01 1.240861177444458008e+00 4.469226360321044922e+00 9.484336853027343750e+00 1.185902500152587891e+01 8.736923217773437500e+00 3.792587518692016602e+00 9.700137376785278320e-01 1.461803913116455078e-01 1.297980267554521561e-02 6.790625629946589470e-04 2.093259899993427098e-05 3.801920342993980739e-07 4.068604120277541369e-09 2.565422353717483617e-11 9.531085095422150988e-14 2.086356763233017083e-16 2.690914433887266893e-19 2.044958823459145818e-22 9.156604966037324109e-26 2.415717401516107150e-29 3.755064541139979705e-33 1.515827883376171771e-32 8.983082539537572655e-29 3.136617455380947775e-25 6.453015490646422710e-22 7.822203477310501160e-19 5.586938264047535199e-16 2.351119245038585381e-13
1.925612176222751826e-13 4.862629049418032423e-11 7.234905119446466415e-09 6.342535812109417748e-07 3.276117786299437284e-05 9.970664978027343750e-04 1.787965372204780579e-02 1.889112740755081177e-01 1.176045894622802734e+00 4.313790321350097656e+00 9.323081970214843750e+00 1.187209510803222656e+01 8.907642364501953125e+00 3.937907457351684570e+00 1.025732040405273438e+00 1.574240326881408691e-01 1.423559244722127914e-02 7.584789418615400791e-04 2.381124795647338033e-05 4.404413402880891226e-07 4.800156716555648018e-09 3.082450267255509857e-11 1.166286441338024171e-13 2.600022159343054386e-16 3.415196363178112153e-19 2.643155581985094460e-22 1.205317833419485647e-25 3.238450599634029466e-29 5.126660737038195327e-33 1.112722291272805018e-32 6.715711697547215209e-29 2.388107278500056486e-25 5.003559181731969900e-22 6.176908151718026994e-19 4.493052387392545977e-16 1.925612176222751826e-13
1.925612718323838068e-13 4.862630784141508400e-11 7.234907339892515665e-09 6.342538654280360788e-07 3.276119241490960121e-05 9.970668470486998558e-04 1.787966117262840271e-02 1.889113485813140869e-01 1.176046133041381836e+00 4.313792228698730469e+00 9.323085784912109375e+00 1.187210083007812500e+01 8.907644271850585938e+00 3.937908887863159180e+00 1.025732159614562988e+00 1.574240922927856445e-01 1.423559710383415222e-02 7.584791746921837330e-04 2.381125523243099451e-05 4.404414539749268442e-07 4.800157604734067718e-09 3.082451308089595443e-11 1.166286847913838853e-13 2.600023218134238454e-16 3.415197655647819267e-19 2.643156844162542814e-22 1.205318326457551410e-25 3.238451803340244708e-29 5.126584329905391878e-33 1.112720381094484931e-32 6.715715308665860936e-29 2.388108018057155131e-25 5.003562210957845948e-22 6.176908668705909839e-19 4.493054504974914112e-16 1.925612718323838068e-13
1.925611227545850901e-13 4.862626620805166056e-11 7.234901566732787614e-09 6.342533538372663315e-07 3.276115967310033739e-05 9.970659157261252403e-04 1.787964254617691040e-02 1.889111846685409546e-01 1.176045060157775879e+00 4.313788890838623047e+00 9.323078155517578125e+00 1.187208938598632812e+01 8.907637596130371094e+00 3.937905550003051758e+00 1.025731325149536133e+00 1.574239730834960938e-01 1.423558499664068222e-02 7.584784762002527714e-04 2.381123704253695905e-05 4.404410560709948186e-07 4.800154052020388917e-09 3.082448879476729076e-11 1.166285899236937929e-13 2.600020571156278285e-16 3.415194553720522194e-19 2.643154572243135777e-22 1.205317340381419884e-25 3.238448794074706603e-29 5.126611513212254643e-33 1.112719205600134109e-32 6.715708086428569483e-29 2.388105799385859197e-25 5.003556657377073193e-22 6.176905049790729920e-19 4.493049740414585807e-16 1.925611227545850901e-13
1.925613938051282115e-13 4.862633212754374767e-11 7.234912224873824016e-09 6.342543201753869653e-07 3.276121060480363667e-05 9.970671962946653366e-04 1.787967048585414886e-02 1.889114677906036377e-01 1.176046848297119141e+00 4.313795089721679688e+00 9.323091506958007812e+00 1.187210750579833984e+01 8.907650947570800781e+00 3.937911272048950195e+00 1.025732755661010742e+00 1.574241816997528076e-01 1.423560548573732376e-02 7.584795821458101273e-04 2.381126978434622288e-05 4.404417381920211483e-07 4.800160713358536668e-09 3.082453042813071420e-11 1.166287525540196657e-13 2.600025071018810573e-16 3.415199723599350650e-19 2.643158358775480838e-22 1.205319066014650055e-25 3.238453608899567571e-29 5.126618492709962651e-33 1.112720674968072637e-32 6.715718317931399041e-29 2.388109497171352421e-25 5.003564230441763314e-22 6.176912804608972605e-19 4.493056622557282248e-16 1.925613938051282115e-13
1.878380399356407993e-13 4.754099544590495441e-11 7.089501874446568763e-09 6.229154791981272865e-07 3.224855026928707957e-05 9.836921235546469688e-04 1.767984032630920410e-02 1.872239559888839722e-01 1.168185234069824219e+00 4.294679164886474609e+00 9.302837371826171875e+00 1.187319469451904297e+01 8.928678512573242188e+00 3.956162452697753906e+00 1.032824993133544922e+00 1.588721871376037598e-01 1.439914014190435410e-02 7.689336198382079601e-04 2.419422162347473204e-05 4.485417264277202776e-07 4.899527006330117729e-09 3.153405661593389198e-11 1.195830950538254167e-13 2.671933403680372366e-16 3.517615540178955235e-19 2.728618626755076678e-22 1.247112670254226379e-25 3.358321081225798646e-29 5.328506708727813475e-33 1.070751412413489095e-32 6.477087773731421445e-29 2.308503571073237067e-25 4.847746909829571038e-22 5.998177685800045767e-19 4.372909498851792033e-16 1.878380399356407993e-13
1.840272725872615922e-13 4.666321495871983416e-11 6.971608623729252940e-09 6.137123023108870257e-07 3.183153603458777070e-05 9.727978031150996685e-04 1.751657575368881226e-02 1.858420372009277344e-01 1.161733269691467285e+00 4.278939247131347656e+00 9.286109924316406250e+00 1.187401962280273438e+01 8.946005821228027344e+00 3.971243858337402344e+00 1.038705348968505859e+00 1.600757688283920288e-01 1.453537028282880783e-02 7.776610436849296093e-04 2.451460386510007083e-05 4.553307917376514524e-07 4.982992241053807447e-09 3.213125251977366759e-11 1.220766651828519844e-13 2.732752751573395283e-16 3.604415479263265771e-19 2.801158993937835204e-22 1.282662563688494835e-25 3.460541016730366431e-29 5.500944383153750413e-33 1.037353193449529336e-32 6.286725848762648949e-29 2.244831649184454625e-25 4.722857985411835839e-22 5.854540874357509585e-19 4.276210100010872971e-16 1.840272725872615922e-13
1.798228314300528985e-13 4.569382719421533068e-11 6.841196498186263852e-09 6.034933903720229864e-07 3.136755549348890781e-05 9.606315870769321918e-04 1.733418181538581848e-02 1.842949986457824707e-01 1.154493093490600586e+00 4.261255741119384766e+00 9.267220497131347656e+00 1.187486839294433594e+01 8.965521812438964844e+00 3.988318920135498047e+00 1.045368909835815430e+00 1.614425778388977051e-01 1.469041872769594193e-02 7.876141462475061417e-04 2.488077007001265883e-05 4.631073977634514449e-07 5.078788944956613705e-09 3.281805729948850114e-11 1.249484456872229643e-13 2.802945313121175085e-16 3.704790486175337183e-19 2.885267469870244318e-22 1.323956227329387343e-25 3.579450940762372478e-29 5.702027018199303337e-33 1.000901334035720979e-32 6.078638146068222430e-29 2.175120997066205338e-25 4.585841050328360387e-22 5.696717398421806133e-19 4.169691207031112415e-16 1.798228314300528985e-13
1.762973176732546277e-13 4.487888186077704233e-11 6.731319057706741660e-09 5.948730290583625901e-07 3.097539592999964952e-05 9.503349428996443748e-04 1.717936620116233826e-02 1.829790472984313965e-01 1.148319959640502930e+00 4.246127605438232422e+00 9.251002311706542969e+00 1.187550067901611328e+01 8.982198715209960938e+00 4.002955436706542969e+00 1.051100373268127441e+00 1.626210659742355347e-01 1.482437923550605774e-02 7.962328381836414337e-04 2.519846384529955685e-05 4.698684676895936718e-07 5.162243077450057172e-09 3.341756732444522981e-11 1.274609486966865601e-13 2.864461345613314664e-16 3.792950878873356027e-19 2.959260855731547531e-22 1.360361665067271274e-25 3.684518544245649077e-29 5.880012291277152209e-33 9.707080269508812607e-33 5.905929776452189434e-29 2.117129120214047063e-25 4.471653876059725852e-22 5.564923228411615079e-19 4.080580429304203833e-16 1.762973176732546277e-13
1.762972634631460034e-13 4.487886104409533061e-11 6.731314616814643159e-09 5.948728016846871469e-07 3.097538501606322825e-05 9.503342444077134132e-04 1.717936061322689056e-02 1.829789578914642334e-01 1.148319363594055176e+00 4.246126174926757812e+00 9.250997543334960938e+00 1.187549495697021484e+01 8.982192993164062500e+00 4.002954483032226562e+00 1.051100015640258789e+00 1.626209765672683716e-01 1.482437178492546082e-02 7.962324307300150394e-04 2.519844565540552139e-05 4.698682687376276590e-07 5.162240412914798071e-09 3.341755344665742200e-11 1.274608944865779359e-13 2.864460022124334579e-16 3.792949327909707490e-19 2.959259845989588848e-22 1.360361048769689070e-25 3.684516738686326214e-29 5.880008617857305889e-33 9.707078065456904816e-33 5.905926767186651329e-29 2.117128134137915537e-25 4.471652361446787828e-22 5.564921160460083697e-19 4.080579105815223748e-16 1.762972634631460034e-13
1.762972634631460034e-13 4.487887145243618647e-11 6.731317725439112110e-09 5.948729722149437293e-07 3.097539229202084243e-05 9.503347682766616344e-04 1.717936620116233826e-02 1.829790174961090088e-01 1.148319721221923828e+00 4.246127128601074219e+00 9.251000404357910156e+00 1.187549972534179688e+01 8.982196807861328125e+00 4.002955436706542969e+00 1.051100254058837891e+00 1.626210510730743408e-01 1.482437737286090851e-02 7.962326053529977798e-04 2.519845656934194267e-05 4.698684676895936718e-07 5.162242189271637471e-09 3.341756385499827786e-11 1.274609486966865601e-13 2.864461080915518647e-16 3.792950103391531758e-19 2.959260350860568189e-22 1.360361541807754834e-25 3.684518243319095267e-29 5.879954251243580358e-33 9.706985495276777560e-33 5.905928572745974192e-29 2.117128627175981300e-25 4.471653876059725852e-22 5.564922194435849388e-19 4.080579635210815782e-16 1.762972634631460034e-13
1.762972363580916912e-13 4.487886798298923452e-11 6.731315949082272709e-09 5.948728585281060077e-07 3.097538865404203534e-05 9.503344772383570671e-04 1.717936061322689056e-02 1.829789876937866211e-01 1.148319482803344727e+00 4.246126174926757812e+00 9.250997543334960938e+00 1.187549591064453125e+01 8.982192993164062500e+00 4.002954483032226562e+00 1.051100015640258789e+00 1.626210063695907593e-01 1.482437364757061005e-02 7.962324889376759529e-04 2.519845293136313558e-05 4.698683255810465198e-07 5.162241301093217771e-09 3.341755344665742200e-11 1.274608944865779359e-13 2.864460022124334579e-16 3.792948810921824644e-19 2.959259593554099177e-22 1.360361295288721952e-25 3.684516738686326214e-29 5.879989516074105027e-33 9.707067779881335121e-33 5.905926767186651329e-29 2.117128134137915537e-25 4.471652361446787828e-22 5.564920126484318005e-19 4.080578576419631714e-16 1.762972363580916912e-13
1.762972634631460034e-13 4.487886451354228257e-11 6.731316393171482559e-09 5.948727448412682861e-07 3.097538865404203534e-05 9.503347100690007210e-04 1.717936247587203979e-02 1.829790174961090088e-01 1.148319602012634277e+00 4.246126174926757812e+00 9.250998497009277344e+00 1.187549781799316406e+01 8.982192993164062500e+00 4.002954483032226562e+00 1.051100015640258789e+00 1.626210212707519531e-01 1.482437644153833389e-02 7.962326053529977798e-04 2.519845293136313558e-05 4.698683540027559502e-07 5.162240857004007921e-09 3.341755691610437395e-11 1.274609080391050919e-13 2.864460551519926613e-16 3.792949069415766067e-19 2.959259845989588848e-22 1.360361295288721952e-25 3.684517039612880025e-29 5.880034699138214759e-33 9.707080269508812607e-33 5.905927369039758950e-29 2.117128627175981300e-25 4.471652866317767169e-22 5.564921677447966542e-19 4.080579105815223748e-16 1.762972634631460034e-13
1.762972092530373791e-13 4.487885410520142671e-11 6.731315949082272709e-09 5.948728016846871469e-07 3.097538137808442116e-05 9.503343608230352402e-04 1.717935875058174133e-02 1.829789429903030396e-01 1.148319244384765625e+00 4.246125698089599609e+00 9.250997543334960938e+00 1.187549495697021484e+01 8.982192993164062500e+00 4.002953529357910156e+00 1.051099777221679688e+00 1.626209914684295654e-01 1.482437085360288620e-02 7.962322561070322990e-04 2.519844565540552139e-05 4.698682118942087982e-07 5.162240412914798071e-09 3.341754997721047005e-11 1.274608944865779359e-13 2.864460022124334579e-16 3.792949586403648912e-19 2.959259088683119835e-22 1.360360802250656189e-25 3.684516136833218593e-29 5.880038005216076446e-33 9.707076596088966288e-33 5.905926767186651329e-29 2.117128134137915537e-25 4.471651351704829145e-22 5.564921677447966542e-19 4.080577782326243663e-16 1.762972092530373791e-13
1.762971957005102230e-13 4.487885410520142671e-11 6.731315060903853009e-09 5.948727448412682861e-07 3.097537774010561407e-05 9.503343608230352402e-04 1.717935688793659210e-02 1.829789578914642334e-01 1.148319244384765625e+00 4.246125221252441406e+00 9.250995635986328125e+00 1.187549304962158203e+01 8.982191085815429688e+00 4.002953052520751953e+00 1.051099777221679688e+00 1.626209616661071777e-01 1.482437178492546082e-02 7.962322561070322990e-04 2.519844201742671430e-05 4.698682118942087982e-07 5.162239524736378371e-09 3.341754650776351809e-11 1.274608673815236237e-13 2.864460022124334579e-16 3.792949069415766067e-19 2.959259341118609506e-22 1.360361048769689070e-25 3.684515835906664783e-29 5.880009352541275153e-33 9.707075126721027760e-33 5.905926165333543708e-29 2.117127887618882655e-25 4.471651856575808486e-22 5.564920643472200851e-19 4.080577782326243663e-16 1.762971957005102230e-13
1.762971550429287548e-13 4.487885063575447475e-11 6.731314172725433309e-09 5.948726311544305645e-07 3.097537410212680697e-05 9.503343026153743267e-04 1.717935502529144287e-02 1.829788982868194580e-01 1.148319244384765625e+00 4.246124744415283203e+00 9.250995635986328125e+00 1.187549209594726562e+01 8.982191085815429688e+00 4.002953529357910156e+00 1.051099658012390137e+00 1.626209616661071777e-01 1.482436805963516235e-02 7.962322561070322990e-04 2.519844565540552139e-05 4.698682118942087982e-07 5.162238636557958671e-09 3.341754303831656614e-11 1.274608673815236237e-13 2.864459492728742545e-16 3.792948293933941798e-19 2.959258331376650823e-22 1.360360802250656189e-25 3.684515835906664783e-29 5.879969679606934901e-33 9.707060433041642481e-33 5.905925563480436087e-29 2.117127641099849774e-25 4.471650846833849803e-22 5.564920643472200851e-19 4.080577517628447646e-16 1.762971550429287548e-13
1.762971279378744427e-13 4.487883675796666694e-11 6.731313284547013609e-09 5.948725743110117037e-07 3.097537410212680697e-05 9.503340115770697594e-04 1.717935502529144287e-02 1.829788684844970703e-01 1.148319125175476074e+00 4.246124267578125000e+00 9.250993728637695312e+00 1.187549018859863281e+01 8.982189178466796875e+00 4.002952575683593750e+00 1.051099658012390137e+00 1.626209169626235962e-01 1.482436433434486389e-02 7.962320232763886452e-04 2.519843837944790721e-05 4.698680697856616462e-07 5.162237748379538971e-09 3.341753956886961419e-11 1.274608402764693116e-13 2.864458433937558477e-16 3.792947776946058953e-19 2.959257574070181811e-22 1.360360432472106867e-25 3.684514933127003351e-29 5.879948373771826247e-33 9.706976679069146393e-33 5.905924961627328466e-29 2.117127394580816892e-25 4.471650341962870462e-22 5.564918575520669468e-19 4.080577252930651629e-16 1.762971279378744427e-13
1.762971279378744427e-13 4.487883328851971498e-11 6.731312396368593909e-09 5.948724606241739821e-07 3.097536682616919279e-05 9.503338951617479324e-04 1.717935130000114441e-02 1.829788684844970703e-01 1.148318767547607422e+00 4.246123313903808594e+00 9.250991821289062500e+00 1.187548732757568359e+01 8.982188224792480469e+00 4.002951622009277344e+00 1.051099300384521484e+00 1.626209020614624023e-01 1.482436433434486389e-02 7.962320232763886452e-04 2.519843110349029303e-05 4.698679845205333550e-07 5.162237748379538971e-09 3.341753262997571028e-11 1.274608267239421555e-13 2.864457904541966443e-16 3.792946742970293261e-19 2.959257321634692140e-22 1.360360309212590426e-25 3.684514030347341920e-29 5.879988046706166499e-33 9.707060433041642481e-33 5.905924359774220845e-29 2.117126655023718247e-25 4.471649332220911779e-22 5.564917541544903777e-19 4.080575929441671544e-16 1.762971279378744427e-13
1.762971279378744427e-13 4.487883328851971498e-11 6.731310620011754509e-09 5.948724037807551213e-07 3.097536318819038570e-05 9.503337787464261055e-04 1.717934757471084595e-02 1.829788535833358765e-01 1.148318529129028320e+00 4.246122360229492188e+00 9.250989913940429688e+00 1.187548732757568359e+01 8.982187271118164062e+00 4.002951145172119141e+00 1.051099300384521484e+00 1.626208722591400146e-01 1.482436433434486389e-02 7.962319068610668182e-04 2.519843474146910012e-05 4.698679845205333550e-07 5.162236860201119271e-09 3.341752569108180637e-11 1.274607860663606873e-13 2.864458169239762460e-16 3.792946742970293261e-19 2.959257574070181811e-22 1.360360185953073985e-25 3.684514030347341920e-29 5.880029189008445279e-33 9.707072187985150704e-33 5.905923156068005602e-29 2.117126655023718247e-25 4.471648322478953096e-22 5.564915990581255240e-19 4.080575929441671544e-16 1.762971279378744427e-13
1.762970466227115063e-13 4.487882288017885912e-11 6.731308843654915108e-09 5.948722332504985388e-07 3.097535591223277152e-05 9.503336041234433651e-04 1.717934384942054749e-02 1.829788088798522949e-01 1.148318529129028320e+00 4.246121883392333984e+00 9.250990867614746094e+00 1.187548446655273438e+01 8.982184410095214844e+00 4.002950668334960938e+00 1.051098942756652832e+00 1.626208722591400146e-01 1.482435874640941620e-02 7.962317904457449913e-04 2.519842564652208239e-05 4.698678708336956333e-07 5.162235527933489720e-09 3.341752569108180637e-11 1.274607860663606873e-13 2.864456845750782375e-16 3.792945708994527570e-19 2.959256564328223128e-22 1.360359816174524663e-25 3.684513729420788109e-29 5.880032495086306967e-33 9.707068514565304384e-33 5.905923156068005602e-29 2.117125915466619603e-25 4.471647312736994413e-22 5.564915473593372395e-19 4.080575135348283493e-16 1.762970466227115063e-13
1.762970330701843502e-13 4.487881247183800326e-11 6.731308843654915108e-09 5.948721764070796780e-07 3.097534499829635024e-05 9.503335459157824516e-04 1.717934012413024902e-02 1.829787790775299072e-01 1.148318052291870117e+00 4.246121406555175781e+00 9.250987052917480469e+00 1.187548255920410156e+01 8.982183456420898438e+00 4.002949714660644531e+00 1.051098823547363281e+00 1.626207828521728516e-01 1.482435502111911774e-02 7.962315576151013374e-04 2.519842018955387175e-05 4.698677571468579117e-07 5.162235083844279870e-09 3.341751181329399856e-11 1.274607589613063752e-13 2.864455786959598307e-16 3.792944675018761879e-19 2.959256311892733458e-22 1.360359816174524663e-25 3.684512826641126678e-29 5.880006413805398097e-33 9.707057494305765426e-33 5.905919544949359876e-29 2.117125668947586721e-25 4.471646807866015072e-22 5.564913405641841012e-19 4.080573811859303408e-16 1.762970330701843502e-13
1.762969924126028820e-13 4.487880553294409935e-11 6.731307511387285558e-09 5.948720627202419564e-07 3.097534499829635024e-05 9.503333130851387978e-04 1.717934012413024902e-02 1.829787343740463257e-01 1.148318290710449219e+00 4.246120452880859375e+00 9.250986099243164062e+00 1.187548160552978516e+01 8.982182502746582031e+00 4.002949237823486328e+00 1.051098585128784180e+00 1.626207828521728516e-01 1.482435315847396851e-02 7.962314411997795105e-04 2.519841655157506466e-05 4.698677287251484813e-07 5.162234195665860170e-09 3.341751181329399856e-11 1.274607589613063752e-13 2.864456316355190341e-16 3.792944933512703302e-19 2.959255807021754116e-22 1.360359323136458900e-25 3.684512525714572867e-29 5.879944700351979927e-33 9.706970066913423018e-33 5.905920748655575118e-29 2.117125668947586721e-25 4.471646302995035730e-22 5.564913405641841012e-19 4.080573811859303408e-16 1.762969924126028820e-13
1.762969924126028820e-13 4.487880206349714740e-11 6.731306623208865858e-09 5.948719490334042348e-07 3.097533772233873606e-05 9.503331966698169708e-04 1.717933826148509979e-02 1.829787045717239380e-01 1.148318052291870117e+00 4.246120452880859375e+00 9.250984191894531250e+00 1.187547779083251953e+01 8.982180595397949219e+00 4.002948760986328125e+00 1.051098346710205078e+00 1.626207530498504639e-01 1.482435315847396851e-02 7.962312665767967701e-04 2.519841473258566111e-05 4.698677003034390509e-07 5.162233307487440470e-09 3.341751181329399856e-11 1.274607047511977509e-13 2.864456051657394324e-16 3.792944675018761879e-19 2.959255302150774775e-22 1.360359323136458900e-25 3.684511622934911436e-29 5.880003475069521042e-33 9.707061902409581009e-33 5.905918943096252255e-29 2.117125668947586721e-25 4.471646302995035730e-22 5.564912371666075321e-19 4.080573811859303408e-16 1.762969924126028820e-13
1.762969653075485699e-13 4.487879859405019545e-11 6.731306179119656008e-09 5.948720627202419564e-07 3.097533772233873606e-05 9.503331384621560574e-04 1.717933639883995056e-02 1.829787492752075195e-01 1.148317813873291016e+00 4.246119499206542969e+00 9.250984191894531250e+00 1.187547874450683594e+01 8.982180595397949219e+00 4.002947807312011719e+00 1.051098465919494629e+00 1.626207828521728516e-01 1.482434943318367004e-02 7.962313247844576836e-04 2.519841291359625757e-05 4.698676434600201901e-07 5.162234195665860170e-09 3.341750140495314270e-11 1.274607047511977509e-13 2.864456316355190341e-16 3.792944158030879033e-19 2.959254797279795433e-22 1.360359323136458900e-25 3.684512224788019057e-29 5.880029556350429911e-33 9.707064841145458065e-33 5.905919544949359876e-29 2.117125668947586721e-25 4.471645798124056389e-22 5.564914439617606703e-19 4.080573017765915357e-16 1.762969653075485699e-13
1.762970059651300381e-13 4.487880206349714740e-11 6.731307067298075708e-09 5.948720627202419564e-07 3.097533408435992897e-05 9.503333130851387978e-04 1.717933639883995056e-02 1.829787492752075195e-01 1.148317933082580566e+00 4.246120452880859375e+00 9.250986099243164062e+00 1.187548065185546875e+01 8.982181549072265625e+00 4.002949237823486328e+00 1.051098346710205078e+00 1.626207828521728516e-01 1.482435502111911774e-02 7.962313829921185970e-04 2.519841291359625757e-05 4.698677003034390509e-07 5.162235083844279870e-09 3.341751181329399856e-11 1.274607047511977509e-13 2.864456316355190341e-16 3.792943899536937610e-19 2.959255554586264445e-22 1.360359323136458900e-25 3.684512224788019057e-29 5.879983638602350915e-33 9.707052351517980578e-33 5.905918943096252255e-29 2.117125175909520958e-25 4.471645293253077047e-22 5.564913405641841012e-19 4.080573547161507391e-16 1.762970059651300381e-13
1.762970195176571941e-13 4.487881594128495522e-11 6.731307955476495408e-09 5.948721195636608172e-07 3.097534499829635024e-05 9.503333130851387978e-04 1.717933826148509979e-02 1.829787492752075195e-01 1.148318052291870117e+00 4.246120452880859375e+00 9.250988006591796875e+00 1.187548351287841797e+01 8.982183456420898438e+00 4.002949237823486328e+00 1.051098585128784180e+00 1.626207828521728516e-01 1.482435688376426697e-02 7.962314411997795105e-04 2.519841655157506466e-05 4.698677571468579117e-07 5.162235083844279870e-09 3.341751181329399856e-11 1.274607589613063752e-13 2.864456845750782375e-16 3.792945192006644724e-19 2.959255807021754116e-22 1.360359569655491781e-25 3.684512224788019057e-29 5.879966740871057845e-33 9.707050147466072786e-33 5.905920748655575118e-29 2.117125668947586721e-25 4.471647312736994413e-22 5.564915473593372395e-19 4.080574341254895442e-16 1.762970195176571941e-13
1.762970737277658184e-13 4.487882634962581108e-11 6.731310620011754509e-09 5.948722900939173996e-07 3.097534863627515733e-05 9.503335459157824516e-04 1.717934384942054749e-02 1.829788088798522949e-01 1.148318529129028320e+00 4.246122360229492188e+00 9.250989913940429688e+00 1.187548446655273438e+01 8.982185363769531250e+00 4.002950668334960938e+00 1.051098823547363281e+00 1.626208722591400146e-01 1.482436060905456543e-02 7.962317904457449913e-04 2.519842382753267884e-05 4.698679276771144941e-07 5.162235972022699571e-09 3.341752222163485442e-11 1.274607725138335312e-13 2.864457375146374409e-16 3.792945708994527570e-19 2.959257069199202470e-22 1.360359816174524663e-25 3.684514030347341920e-29 5.880031393060353071e-33 9.707069249249273648e-33 5.905921350508682739e-29 2.117125668947586721e-25 4.471648322478953096e-22 5.564916507569138086e-19 4.080575400046079510e-16 1.762970737277658184e-13
1.762971143853472866e-13 4.487883675796666694e-11 6.731311952279384059e-09 5.948724037807551213e-07 3.097536682616919279e-05 9.503338951617479324e-04 1.717934757471084595e-02 1.829788386821746826e-01 1.148318648338317871e+00 4.246123790740966797e+00 9.250991821289062500e+00 1.187548828125000000e+01 8.982186317443847656e+00 4.002951145172119141e+00 1.051099538803100586e+00 1.626208722591400146e-01 1.482436247169971466e-02 7.962320232763886452e-04 2.519843110349029303e-05 4.698679845205333550e-07 5.162237748379538971e-09 3.341752569108180637e-11 1.274608131714149994e-13 2.864457904541966443e-16 3.792946742970293261e-19 2.959257574070181811e-22 1.360360062693557544e-25 3.684514632200449541e-29 5.880009352541275153e-33 9.707063371777519537e-33 5.905923156068005602e-29 2.117126655023718247e-25 4.471649332220911779e-22 5.564917541544903777e-19 4.080575929441671544e-16 1.762971143853472866e-13
1.762971821479830670e-13 4.487885063575447475e-11 6.731315060903853009e-09 5.948725174675928429e-07 3.097537410212680697e-05 9.503342444077134132e-04 1.717935502529144287e-02 1.829789280891418457e-01 1.148319244384765625e+00 4.246124267578125000e+00 9.250996589660644531e+00 1.187549209594726562e+01 8.982192039489746094e+00 4.002952098846435547e+00 1.051099419593811035e+00 1.626209616661071777e-01 1.482436805963516235e-02 7.962321396917104721e-04 2.519844019843731076e-05 4.698681550507899374e-07 5.162238636557958671e-09 3.341754303831656614e-11 1.274608673815236237e-13 2.864459492728742545e-16 3.792948293933941798e-19 2.959258836247630165e-22 1.360360802250656189e-25 3.684515835906664783e-29 5.879971148974873429e-33 9.707059698357673217e-33 5.905925563480436087e-29 2.117127148061784011e-25 4.471650341962870462e-22 5.564920126484318005e-19 4.080578047024039680e-16 1.762971821479830670e-13
1.762972499106188473e-13 4.487886451354228257e-11 6.731315949082272709e-09 5.948727448412682861e-07 3.097538501606322825e-05 9.503344772383570671e-04 1.717935875058174133e-02 1.829789876937866211e-01 1.148319482803344727e+00 4.246127128601074219e+00 9.250997543334960938e+00 1.187549686431884766e+01 8.982194900512695312e+00 4.002954483032226562e+00 1.051099658012390137e+00 1.626209914684295654e-01 1.482437178492546082e-02 7.962323143146932125e-04 2.519844929338432848e-05 4.698682403159182286e-07 5.162241301093217771e-09 3.341755691610437395e-11 1.274608944865779359e-13 2.864460022124334579e-16 3.792949327909707490e-19 2.959259845989588848e-22 1.360361172029205511e-25 3.684517039612880025e-29 5.880038739900045710e-33 9.707051616834011314e-33 5.905926767186651329e-29 2.117127887618882655e-25 4.471651351704829145e-22 5.564920643472200851e-19 4.080578576419631714e-16 1.762972499106188473e-13
1.762972634631460034e-13 4.487887492188313843e-11 6.731315949082272709e-09 5.948729153715248685e-07 3.097538137808442116e-05 9.503345354460179806e-04 1.717936247587203979e-02 1.829790025949478149e-01 1.148319482803344727e+00 4.246125221252441406e+00 9.251001358032226562e+00 1.187549781799316406e+01 8.982195854187011719e+00 4.002954483032226562e+00 1.051100015640258789e+00 1.626210063695907593e-01 1.482437364757061005e-02 7.962324889376759529e-04 2.519845293136313558e-05 4.698683824244653806e-07 5.162241301093217771e-09 3.341755691610437395e-11 1.274609215916322480e-13 2.864460286822130596e-16 3.792950103391531758e-19 2.959260350860568189e-22 1.360361541807754834e-25 3.684517641465987646e-29 5.879970046948919533e-33 9.707064841145458065e-33 5.905929776452189434e-29 2.117128134137915537e-25 4.471652361446787828e-22 5.564922711423732234e-19 4.080579635210815782e-16 1.762972634631460034e-13
1.762972905682003155e-13 4.487887145243618647e-11 6.731317725439112110e-09 5.948729722149437293e-07 3.097539229202084243e-05 9.503347100690007210e-04 1.717936806380748749e-02 1.829790323972702026e-01 1.148319721221923828e+00 4.246127128601074219e+00 9.251003265380859375e+00 1.187549972534179688e+01 8.982197761535644531e+00 4.002954959869384766e+00 1.051100373268127441e+00 1.626210361719131470e-01 1.482437551021575928e-02 7.962326053529977798e-04 2.519845656934194267e-05 4.698684392678842414e-07 5.162242189271637471e-09 3.341756038555132591e-11 1.274609215916322480e-13 2.864460551519926613e-16 3.792950878873356027e-19 2.959260098425078518e-22 1.360361788326787715e-25 3.684518243319095267e-29 5.879991720126012819e-33 9.707068514565304384e-33 5.905929174599081813e-29 2.117128627175981300e-25 4.471653371188746511e-22 5.564922711423732234e-19 4.080580164606407816e-16 1.762972905682003155e-13
1.762973312257817837e-13 4.487887839133009038e-11 6.731318613617531810e-09 5.948729722149437293e-07 3.097539592999964952e-05 9.503347100690007210e-04 1.717936992645263672e-02 1.829790472984313965e-01 1.148319959640502930e+00 4.246127128601074219e+00 9.251002311706542969e+00 1.187550067901611328e+01 8.982197761535644531e+00 4.002955436706542969e+00 1.051100254058837891e+00 1.626210808753967285e-01 1.482437923550605774e-02 7.962329545989632607e-04 2.519845656934194267e-05 4.698684961113031022e-07 5.162242633360847321e-09 3.341756732444522981e-11 1.274609486966865601e-13 2.864461345613314664e-16 3.792950878873356027e-19 2.959260350860568189e-22 1.360361541807754834e-25 3.684518243319095267e-29 5.880040209267984238e-33 9.707082473560720399e-33 5.905930378305297055e-29 2.117128627175981300e-25 4.471654380930705193e-22 5.564923745399497925e-19 4.080579635210815782e-16 1.762973312257817837e-13
1.762973041207274716e-13 4.487887492188313843e-11 6.731318613617531810e-09 5.948730290583625901e-07 3.097538865404203534e-05 9.503348264843225479e-04 1.717936620116233826e-02 1.829790472984313965e-01 1.148319959640502930e+00 4.246127605438232422e+00 9.251001358032226562e+00 1.187549972534179688e+01 8.982195854187011719e+00 4.002955436706542969e+00 1.051100254058837891e+00 1.626210361719131470e-01 1.482437830418348312e-02 7.962327799759805202e-04 2.519846020732074976e-05 4.698684961113031022e-07 5.162243077450057172e-09 3.341757079389218177e-11 1.274609351441594041e-13 2.864461610311110681e-16 3.792951395861238872e-19 2.959260350860568189e-22 1.360361788326787715e-25 3.684517942392541456e-29 5.879973720368765852e-33 9.707067779881335121e-33 5.905929174599081813e-29 2.117128627175981300e-25 4.471653371188746511e-22 5.564923745399497925e-19 4.080580694001999850e-16 1.762973041207274716e-13
1.762973176732546277e-13 4.487887839133009038e-11 6.731319501795951510e-09 5.948730859017814510e-07 3.097539592999964952e-05 9.503349428996443748e-04 1.717936992645263672e-02 1.829790174961090088e-01 1.148319959640502930e+00 4.246127605438232422e+00 9.251005172729492188e+00 1.187550067901611328e+01 8.982198715209960938e+00 4.002955913543701172e+00 1.051100492477416992e+00 1.626210808753967285e-01 1.482437923550605774e-02 7.962327217683196068e-04 2.519846384529955685e-05 4.698685529547219630e-07 5.162243965628476872e-09 3.341756385499827786e-11 1.274609486966865601e-13 2.864461345613314664e-16 3.792950878873356027e-19 2.959260855731547531e-22 1.360361541807754834e-25 3.684518243319095267e-29 5.879972985684796588e-33 9.707067045197365857e-33 5.905930378305297055e-29 2.117129120214047063e-25 4.471654380930705193e-22 5.564923745399497925e-19 4.080580429304203833e-16 1.762973176732546277e-13
1.762973176732546277e-13 4.487887839133009038e-11 6.731317725439112110e-09 5.948731427452003118e-07 3.097540320595726371e-05 9.503348264843225479e-04 1.717936620116233826e-02 1.829790472984313965e-01 1.148319959640502930e+00 4.246128082275390625e+00 9.251002311706542969e+00 1.187550067901611328e+01 8.982196807861328125e+00 4.002956390380859375e+00 1.051100254058837891e+00 1.626210510730743408e-01 1.482437923550605774e-02 7.962328963913023472e-04 2.519845656934194267e-05 4.698684392678842414e-07 5.162243077450057172e-09 3.341756732444522981e-11 1.274609486966865601e-13 2.864460816217722630e-16 3.792950361885473181e-19 2.959260855731547531e-22 1.360362034845820597e-25 3.684518243319095267e-29 5.880040209267984238e-33 9.707081004192781871e-33 5.905929776452189434e-29 2.117128627175981300e-25 4.471653371188746511e-22 5.564923745399497925e-19 4.080580164606407816e-16 1.762973176732546277e-13
1.762972770156731595e-13 4.487887492188313843e-11 6.731318169528321960e-09 5.948729722149437293e-07 3.097539592999964952e-05 9.503347682766616344e-04 1.717936061322689056e-02 1.829790472984313965e-01 1.148319959640502930e+00 4.246126174926757812e+00 9.250999450683593750e+00 1.187550354003906250e+01 8.982196807861328125e+00 4.002954959869384766e+00 1.051100254058837891e+00 1.626210510730743408e-01 1.482437551021575928e-02 7.962327217683196068e-04 2.519845656934194267e-05 4.698683824244653806e-07 5.162242633360847321e-09 3.341756732444522981e-11 1.274609486966865601e-13 2.864461080915518647e-16 3.792950361885473181e-19 2.959259845989588848e-22 1.360361788326787715e-25 3.684518243319095267e-29 5.879991720126012819e-33 9.707069249249273648e-33 5.905929776452189434e-29 2.117129120214047063e-25 4.471653371188746511e-22 5.564922711423732234e-19 4.080580164606407816e-16 1.762972770156731595e-13
1.762972363580916912e-13 4.487887492188313843e-11 6.731316837260692409e-09 5.948729722149437293e-07 3.097538137808442116e-05 9.503345936536788940e-04 1.717936620116233826e-02 1.829790174961090088e-01 1.148319959640502930e+00 4.246126174926757812e+00 9.251001358032226562e+00 1.187549781799316406e+01 8.982195854187011719e+00 4.002954483032226562e+00 1.051100015640258789e+00 1.626210212707519531e-01 1.482437551021575928e-02 7.962327217683196068e-04 2.519845293136313558e-05 4.698683824244653806e-07 5.162242189271637471e-09 3.341756385499827786e-11 1.274609351441594041e-13 2.864460551519926613e-16 3.792949844897590335e-19 2.959259845989588848e-22 1.360361295288721952e-25 3.684517641465987646e-29 5.879973353026781220e-33 9.707066310513396593e-33 5.905928572745974192e-29 2.117128627175981300e-25 4.471652361446787828e-22 5.564922711423732234e-19 4.080579635210815782e-16 1.762972363580916912e-13
1.762972363580916912e-13 4.487886798298923452e-11 6.731315060903853009e-09 5.948728016846871469e-07 3.097538501606322825e-05 9.503344772383570671e-04 1.717935875058174133e-02 1.829789578914642334e-01 1.148319482803344727e+00 4.246125698089599609e+00 9.250997543334960938e+00 1.187549591064453125e+01 8.982194900512695312e+00 4.002954006195068359e+00 1.051100015640258789e+00 1.626209914684295654e-01 1.482437178492546082e-02 7.962324307300150394e-04 2.519844565540552139e-05 4.698682687376276590e-07 5.162241301093217771e-09 3.341755344665742200e-11 1.274609080391050919e-13 2.864460022124334579e-16 3.792949586403648912e-19 2.959259341118609506e-22 1.360361418548238393e-25 3.684517039612880025e-29 5.880038739900045710e-33 9.707075126721027760e-33 5.905927369039758950e-29 2.117128380656948418e-25 4.471652361446787828e-22 5.564921677447966542e-19 4.080579105815223748e-16 1.762972363580916912e-13
1.762971821479830670e-13 4.487885063575447475e-11 6.731314172725433309e-09 5.948726311544305645e-07 3.097537046414799988e-05 9.503344190306961536e-04 1.717935502529144287e-02 1.829789280891418457e-01 1.148319244384765625e+00 4.246124744415283203e+00 9.250995635986328125e+00 1.187549400329589844e+01 8.982192039489746094e+00 4.002952575683593750e+00 1.051099538803100586e+00 1.626209169626235962e-01 1.482436805963516235e-02 7.962321396917104721e-04 2.519843837944790721e-05 4.698681550507899374e-07 5.162239524736378371e-09 3.341754303831656614e-11 1.274608673815236237e-13 2.864459228030946528e-16 3.792948293933941798e-19 2.959258583812140494e-22 1.360360555731623307e-25 3.684515534980110972e-29 5.879969312264950269e-33 9.707060433041642481e-33 5.905924961627328466e-29 2.117127148061784011e-25 4.471650846833849803e-22 5.564919092508552314e-19 4.080578047024039680e-16 1.762971821479830670e-13
1.762971143853472866e-13 4.487882288017885912e-11 6.731310620011754509e-09 5.948724037807551213e-07 3.097537046414799988e-05 9.503337787464261055e-04 1.717934757471084595e-02 1.829788684844970703e-01 1.148318767547607422e+00 4.246122837066650391e+00 9.250991821289062500e+00 1.187549018859863281e+01 8.982187271118164062e+00 4.002951622009277344e+00 1.051099300384521484e+00 1.626209020614624023e-01 1.482436247169971466e-02 7.962319068610668182e-04 2.519843110349029303e-05 4.698679845205333550e-07 5.162237748379538971e-09 3.341753262997571028e-11 1.274608131714149994e-13 2.864458433937558477e-16 3.792947001464234684e-19 2.959257574070181811e-22 1.360360062693557544e-25 3.684514632200449541e-29 5.880010087225244417e-33 9.707066310513396593e-33 5.905923156068005602e-29 2.117126901542751129e-25 4.471649837091891120e-22 5.564917541544903777e-19 4.080575929441671544e-16 1.762971143853472866e-13
1.762970737277658184e-13 4.487882288017885912e-11 6.731309731833334808e-09 5.948722900939173996e-07 3.097535227425396442e-05 9.503335459157824516e-04 1.717934198677539825e-02 1.829788088798522949e-01 1.148318290710449219e+00 4.246122360229492188e+00 9.250989913940429688e+00 1.187548446655273438e+01 8.982183456420898438e+00 4.002950191497802734e+00 1.051098942756652832e+00 1.626208424568176270e-01 1.482436060905456543e-02 7.962315576151013374e-04 2.519842382753267884e-05 4.698678708336956333e-07 5.162235972022699571e-09 3.341751875218790246e-11 1.274607860663606873e-13 2.864457375146374409e-16 3.792945708994527570e-19 2.959256564328223128e-22 1.360359816174524663e-25 3.684513729420788109e-29 5.880026250272568223e-33 9.707069983933242912e-33 5.905921952361790360e-29 2.117125915466619603e-25 4.471647312736994413e-22 5.564915473593372395e-19 4.080574870650487476e-16 1.762970737277658184e-13
1.762970059651300381e-13 4.487880553294409935e-11 6.731307955476495408e-09 5.948721764070796780e-07 3.097534863627515733e-05 9.503334295004606247e-04 1.717934012413024902e-02 1.829787492752075195e-01 1.148318290710449219e+00 4.246121406555175781e+00 9.250988006591796875e+00 1.187548065185546875e+01 8.982183456420898438e+00 4.002948760986328125e+00 1.051098823547363281e+00 1.626208126544952393e-01 1.482435502111911774e-02 7.962315576151013374e-04 2.519842018955387175e-05 4.698678139902767725e-07 5.162235083844279870e-09 3.341751181329399856e-11 1.274607318562520630e-13 2.864456581052986358e-16 3.792945450500586147e-19 2.959256311892733458e-22 1.360359323136458900e-25 3.684512224788019057e-29 5.879944700351979927e-33 9.706970066913423018e-33 5.905920748655575118e-29 2.117125668947586721e-25 4.471646807866015072e-22 5.564914439617606703e-19 4.080573811859303408e-16 1.762970059651300381e-13
1.762971008328201306e-13 4.487881941073190717e-11 6.731309731833334808e-09 5.948723469373362605e-07 3.097535227425396442e-05 9.503336041234433651e-04 1.717934384942054749e-02 1.829788088798522949e-01 1.148318290710449219e+00 4.246121883392333984e+00 9.250989913940429688e+00 1.187548637390136719e+01 8.982183456420898438e+00 4.002950191497802734e+00 1.051098823547363281e+00 1.626208424568176270e-01 1.482436060905456543e-02 7.962317904457449913e-04 2.519842928450088948e-05 4.698679560988239245e-07 5.162236416111909421e-09 3.341752569108180637e-11 1.274607589613063752e-13 2.864457904541966443e-16 3.792945708994527570e-19 2.959256816763712799e-22 1.360359939434041103e-25 3.684514030347341920e-29 5.880027719640506751e-33 9.707065575829427329e-33 5.905921952361790360e-29 2.117125668947586721e-25 4.471647312736994413e-22 5.564916507569138086e-19 4.080575400046079510e-16 1.762971008328201306e-13
1.762973176732546277e-13 4.487888533022399429e-11 6.731319501795951510e-09 5.948730859017814510e-07 3.097540320595726371e-05 9.503349428996443748e-04 1.717936992645263672e-02 1.829790771007537842e-01 1.148319959640502930e+00 4.246128082275390625e+00 9.251003265380859375e+00 1.187550163269042969e+01 8.982198715209960938e+00 4.002956390380859375e+00 1.051100373268127441e+00 1.626210808753967285e-01 1.482438016682863235e-02 7.962328381836414337e-04 2.519846748327836394e-05 4.698685529547219630e-07 5.162243965628476872e-09 3.341757426333913372e-11 1.274609758017408723e-13 2.864461610311110681e-16 3.792951137367297449e-19 2.959261865473506213e-22 1.360362034845820597e-25 3.684519447025310509e-29 5.880004944437459569e-33 9.707056759621796162e-33 5.905930378305297055e-29 2.117129366733079945e-25 4.471654380930705193e-22 5.564923228411615079e-19 4.080580958699795866e-16 1.762973176732546277e-13
1.762982663501555525e-13 4.487912125261672713e-11 6.731355028932739515e-09 5.948762691332376562e-07 3.097556327702477574e-05 9.503400651738047600e-04 1.717946492135524750e-02 1.829800307750701904e-01 1.148326158523559570e+00 4.246150970458984375e+00 9.251052856445312500e+00 1.187556648254394531e+01 8.982244491577148438e+00 4.002977371215820312e+00 1.051106214523315430e+00 1.626219153404235840e-01 1.482445839792490005e-02 7.962371455505490303e-04 2.519859481253661215e-05 4.698709972217329778e-07 5.162270610981067875e-09 3.341774773568673140e-11 1.274616263230443636e-13 2.864476698085483648e-16 3.792971558388669852e-19 2.959276759167396786e-22 1.360369183897774162e-25 3.684538405398200571e-29 5.879963067451211525e-33 9.707089820400413038e-33 5.905961674666893347e-29 2.117140460089559615e-25 4.471678614737713583e-22 5.564953730696702972e-19 4.080601869825681207e-16 1.762982663501555525e-13
1.763008142252608934e-13 4.487977350864369441e-11 6.731452284469696679e-09 5.948849093329044990e-07 3.097601074841804802e-05 9.503538021817803383e-04 1.717970892786979675e-02 1.829827129840850830e-01 1.148342609405517578e+00 4.246212959289550781e+00 9.251186370849609375e+00 1.187573623657226562e+01 8.982376098632812500e+00 4.003035545349121094e+00 1.051121234893798828e+00 1.626242995262145996e-01 1.482467353343963623e-02 7.962486706674098969e-04 2.519896588637493551e-05 4.698778752754151355e-07 5.162345662057532536e-09 3.341823345826000491e-11 1.274635101243190571e-13 2.864518785035050346e-16 3.793026617598192913e-19 2.959319673200640809e-22 1.360388658901371806e-25 3.684591970324778841e-29 5.880140860971773396e-33 9.707220594146942018e-33 5.906047137808175531e-29 2.117171028449636929e-25 4.471743238223069288e-22 5.565033346830661201e-19 4.080661956225377059e-16 1.763008142252608934e-13
1.763073194382958064e-13 4.488143190428672824e-11 6.731700974427212714e-09 5.949067940491659101e-07 3.097716034972108901e-05 9.503889596089720726e-04 1.718034408986568451e-02 1.829894483089447021e-01 1.148385286331176758e+00 4.246368885040283203e+00 9.251527786254882812e+00 1.187617683410644531e+01 8.982707977294921875e+00 4.003182888031005859e+00 1.051160097122192383e+00 1.626302599906921387e-01 1.482521928846836090e-02 7.962778909131884575e-04 2.519989357097074389e-05 4.698952125181676820e-07 5.162536176328558213e-09 3.341946858137490040e-11 1.274681857461879009e-13 2.864624134757865100e-16 3.793165945832619814e-19 2.959428472896688891e-22 1.360438948784079645e-25 3.684727989127101189e-29 5.880319756518289163e-33 9.707604099178897789e-33 5.906263804926919095e-29 2.117248928464027504e-25 4.471908331033313942e-22 5.565239108008033767e-19 4.080812304573514697e-16 1.763073194382958064e-13
1.763244769376753895e-13 4.488579993799923784e-11 6.732356450100951406e-09 5.949647174929850735e-07 3.098016895819455385e-05 9.504812769591808319e-04 1.718201488256454468e-02 1.830072402954101562e-01 1.148496985435485840e+00 4.246782779693603516e+00 9.252428054809570312e+00 1.187733078002929688e+01 8.983581542968750000e+00 4.003573417663574219e+00 1.051262378692626953e+00 1.626461446285247803e-01 1.482666283845901489e-02 7.963554235175251961e-04 2.520234193070791662e-05 4.699409146269317716e-07 5.163038885314108484e-09 3.342271598372192898e-11 1.274805998610628599e-13 2.864903126234866985e-16 3.793535333674913025e-19 2.959716754225892858e-22 1.360571329504737046e-25 3.685085790799581880e-29 5.880854973789897936e-33 9.708557718971002370e-33 5.906839778350912403e-29 2.117455511413582257e-25 4.472343529817506269e-22 5.565781945285021691e-19 4.081209351267540151e-16 1.763244769376753895e-13
1.763714228917440119e-13 4.489775218274871804e-11 6.734148350062696409e-09 5.951232537881878670e-07 3.098841989412903786e-05 9.507343638688325882e-04 1.718658953905105591e-02 1.830559670925140381e-01 1.148802518844604492e+00 4.247912406921386719e+00 9.254891395568847656e+00 1.188049507141113281e+01 8.985975265502929688e+00 4.004638671875000000e+00 1.051542162895202637e+00 1.626894176006317139e-01 1.483061164617538452e-02 7.965675322338938713e-04 2.520905400160700083e-05 4.700660554135538405e-07 5.164413785507804278e-09 3.343160817625978609e-11 1.275145353890616562e-13 2.865665455887395855e-16 3.794545786491934833e-19 2.960504605389155187e-22 1.360933712483072949e-25 3.686067112291557939e-29 5.882505808668833986e-33 9.711150418698534778e-33 5.908412420521126105e-29 2.118019053922749517e-25 4.473533510715814061e-22 5.567263115569374456e-19 4.082295935720189808e-16 1.763714228917440119e-13
1.764909155236790705e-13 4.492817576307039928e-11 6.738711810783115652e-09 5.955265578450052999e-07 3.100941830780357122e-05 9.513787226751446724e-04 1.719823852181434631e-02 1.831800341606140137e-01 1.149581193923950195e+00 4.250791549682617188e+00 9.261163711547851562e+00 1.188854312896728516e+01 8.992061614990234375e+00 4.007351875305175781e+00 1.052254915237426758e+00 1.627996563911437988e-01 1.484066061675548553e-02 7.971072918735444546e-04 2.522613431210629642e-05 4.703845775111403782e-07 5.167913208481422771e-09 3.345427060374994710e-11 1.276009463022087509e-13 2.867607278918976339e-16 3.797116250245443366e-19 2.962510710225568428e-22 1.361855693666050006e-25 3.688565103614738946e-29 5.886415796753256620e-33 9.717722166803600629e-33 5.912416549246128692e-29 2.119454287732185995e-25 4.476565765817738795e-22 5.571035576150499108e-19 4.085062027688567132e-16 1.764909155236790705e-13
1.767498772125772333e-13 4.499408484681666209e-11 6.748599457040427296e-09 5.964000706626393367e-07 3.105490759480744600e-05 9.527744259685277939e-04 1.722346618771553040e-02 1.834487617015838623e-01 1.151267528533935547e+00 4.257028579711914062e+00 9.274748802185058594e+00 1.190598487854003906e+01 9.005255699157714844e+00 4.013231277465820312e+00 1.053798437118530273e+00 1.630385220050811768e-01 1.486243214458227158e-02 7.982767419889569283e-04 2.526314528950024396e-05 4.710746850378200179e-07 5.175494699471983040e-09 3.350335286977923488e-11 1.277881338072883732e-13 2.871814385688870042e-16 3.802687311670988008e-19 2.966857144486718950e-22 1.363853730427555100e-25 3.693976063978805647e-29 5.895105271399725748e-33 9.731992668222583199e-33 5.921091058086270327e-29 2.122563632293921190e-25 4.483132117775053662e-22 5.579209154578288713e-19 4.091055844581575375e-16 1.767498772125772333e-13
1.773524361224632084e-13 4.514748297435033919e-11 6.771605498556709790e-09 5.984333597552904394e-07 3.116078369203023612e-05 9.560225880704820156e-04 1.728218421339988708e-02 1.840741634368896484e-01 1.155192494392395020e+00 4.271540641784667969e+00 9.306368827819824219e+00 1.194657516479492188e+01 9.035955429077148438e+00 4.026912689208984375e+00 1.057391166687011719e+00 1.635943502187728882e-01 1.491310261189937592e-02 8.009982411749660969e-04 2.534926898078992963e-05 4.726806253074755659e-07 5.193139251957745728e-09 3.361756706343754786e-11 1.282238068977745171e-13 2.881604763070149669e-16 3.815651816809108180e-19 2.976971729686845511e-22 1.368503449166250761e-25 3.706570141182329117e-29 5.915194837197263274e-33 9.765166588170726681e-33 5.941275405756556180e-29 2.129799951985126684e-25 4.498416581803636646e-22 5.598229138788179893e-19 4.105002771453709464e-16 1.773524361224632084e-13
1.785326443973223043e-13 4.544791279426085850e-11 6.816668118858615344e-09 6.024156391504220665e-07 3.136814484605565667e-05 9.623845107853412628e-04 1.739719137549400330e-02 1.852990984916687012e-01 1.162879943847656250e+00 4.299965858459472656e+00 9.368299484252929688e+00 1.202607345581054688e+01 9.096084594726562500e+00 4.053710460662841797e+00 1.064427614212036133e+00 1.646829694509506226e-01 1.501234062016010284e-02 8.063284913077950478e-04 2.551796023908536881e-05 4.758261411552666686e-07 5.227696497911438200e-09 3.384128394179342081e-11 1.290770604549934530e-13 2.900780794902598977e-16 3.841042642699306210e-19 2.996782362045224571e-22 1.377610232019445138e-25 3.731235285238853399e-29 5.954519531336084375e-33 9.830140569044490095e-33 5.980812941955503269e-29 2.143972577704520805e-25 4.528351896781729095e-22 5.635483285626036877e-19 4.132319584002660650e-16 1.785326443973223043e-13
1.806656495413616614e-13 4.599089512002940694e-11 6.898107862696178927e-09 6.096129254729021341e-07 3.174291123286820948e-05 9.738823864609003067e-04 1.760504022240638733e-02 1.875129044055938721e-01 1.176773190498352051e+00 4.351339340209960938e+00 9.480223655700683594e+00 1.216975307464599609e+01 9.204757690429687500e+00 4.102141380310058594e+00 1.077144622802734375e+00 1.666505038738250732e-01 1.519169844686985016e-02 8.159618591889739037e-04 2.582283013907726854e-05 4.815109946321172174e-07 5.290153204384751007e-09 3.424558900344543133e-11 1.306192025200825224e-13 2.935437147939508676e-16 3.886933072120099648e-19 3.032585792416202666e-22 1.394068828730750023e-25 3.775813943067234077e-29 6.025737591264621927e-33 9.947607719522161285e-33 6.052267350304700203e-29 2.169587384335112822e-25 4.582453366056979274e-22 5.702811651584790564e-19 4.181689958124561613e-16 1.806656495413616614e-13
1.841735992229656671e-13 4.688389607099274770e-11 7.032048721100636612e-09 6.214497716428013518e-07 3.235926124034449458e-05 9.927921928465366364e-04 1.794687472283840179e-02 1.911538541316986084e-01 1.199622511863708496e+00 4.435828208923339844e+00 9.664301872253417969e+00 1.240605354309082031e+01 9.383487701416015625e+00 4.181793212890625000e+00 1.098059654235839844e+00 1.698863506317138672e-01 1.548667438328266144e-02 8.318054606206715107e-04 2.632422911119647324e-05 4.908604296360863373e-07 5.392872814979909890e-09 3.491053626736295712e-11 1.331554360045963947e-13 2.992434259658046563e-16 3.962405548197320739e-19 3.091469147172285365e-22 1.421137481357761076e-25 3.849128679372087557e-29 6.142672830548546033e-33 1.014074658415004797e-32 6.169783984392563609e-29 2.211714528826177905e-25 4.671430312843177967e-22 5.813543218259967305e-19 4.262884948261582742e-16 1.841735992229656671e-13
1.893989793558953361e-13 4.821409937960652314e-11 7.231562904053134844e-09 6.390815769918845035e-07 3.327735976199619472e-05 1.020959927700459957e-03 1.845606788992881775e-02 1.965772956609725952e-01 1.233658313751220703e+00 4.561682701110839844e+00 9.938498497009277344e+00 1.275803947448730469e+01 9.649717330932617188e+00 4.300438880920410156e+00 1.129213809967041016e+00 1.747063994407653809e-01 1.592606492340564728e-02 8.554055821150541306e-04 2.707110616029240191e-05 5.047871809438220225e-07 5.545879311341650464e-09 3.590102520822924248e-11 1.369333249220949789e-13 3.077336342428285340e-16 4.074827665249402730e-19 3.179180634848764720e-22 1.461458257635386483e-25 3.958337032235796714e-29 6.317000846827399062e-33 1.042847086703288076e-32 6.344834164450349959e-29 2.274465455608114815e-25 4.803968537468915438e-22 5.978486134330338098e-19 4.383832253404432253e-16 1.893989793558953361e-13
1.964027627598258219e-13 4.999699959595815812e-11 7.498977439013287949e-09 6.627141146964277141e-07 3.450792428338900208e-05 1.058713765814900398e-03 1.913855224847793579e-02 2.038464993238449097e-01 1.279277682304382324e+00 4.730368614196777344e+00 1.030601310729980469e+01 1.322981834411621094e+01 1.000655174255371094e+01 4.459464550018310547e+00 1.170970916748046875e+00 1.811668276786804199e-01 1.651499420404434204e-02 8.870373712852597237e-04 2.807216515066102147e-05 5.234537070464284625e-07 5.750960596628829080e-09 3.722860214550038904e-11 1.419969556434169666e-13 3.191133101309532455e-16 4.225509987559359325e-19 3.296743376485276173e-22 1.515501392618847831e-25 4.104711920980979986e-29 6.550621532845697537e-33 1.081411456402317935e-32 6.579458172512894483e-29 2.358572572727614686e-25 4.981613954872935199e-22 6.199563594720088730e-19 4.545942183410288558e-16 1.964027627598258219e-13
2.047621783501235582e-13 5.212500570062061911e-11 7.818155012273564353e-09 6.909210128469567280e-07 3.597667091526091099e-05 1.103775575757026672e-03 1.995313912630081177e-02 2.125227898359298706e-01 1.333727121353149414e+00 4.931705951690673828e+00 1.074466514587402344e+01 1.379291343688964844e+01 1.043245887756347656e+01 4.649271011352539062e+00 1.220810651779174805e+00 1.888777911663055420e-01 1.721791550517082214e-02 9.247921407222747803e-04 2.926699016825295985e-05 5.457332576952467207e-07 5.995736351849245693e-09 3.881315407960883590e-11 1.480407322337201625e-13 3.326956157890739599e-16 4.405359215255818522e-19 3.437061662902665351e-22 1.580005069724572677e-25 4.279419044767422360e-29 6.829354018628709087e-33 1.127430003121896552e-32 6.859499219782735754e-29 2.458959806778613188e-25 5.193645124937942270e-22 6.463433693136621713e-19 4.739429390155996350e-16 2.047621783501235582e-13
2.134764397589486440e-13 5.434333538723024049e-11 8.150878194612687366e-09 7.203250902421132196e-07 3.750776158994995058e-05 1.150749740190804005e-03 2.080230414867401123e-02 2.215672731399536133e-01 1.390487670898437500e+00 5.141588687896728516e+00 1.120193481445312500e+01 1.437991046905517578e+01 1.087644195556640625e+01 4.847134113311767578e+00 1.272765755653381348e+00 1.969160139560699463e-01 1.795067451894283295e-02 9.641492506489157677e-04 3.051253224839456379e-05 5.689584554602333810e-07 6.250902018223314371e-09 4.046495777343395162e-11 1.543410310580334288e-13 3.468544332469196325e-16 4.592841769042493627e-19 3.583335659827855915e-22 1.647246710468996638e-25 4.461542503472524645e-29 7.120086832365677665e-33 1.175421470172536526e-32 7.151423254809446271e-29 2.563607629274903798e-25 5.414675620209710644e-22 6.738503817047122690e-19 4.941129110720926618e-16 2.134764397589486440e-13
2.210984487941575205e-13 5.628362359511029922e-11 8.441898735611630400e-09 7.460437245754292235e-07 3.884694888256490231e-05 1.191836432553827763e-03 2.154503390192985535e-02 2.294781804084777832e-01 1.440134048461914062e+00 5.325165271759033203e+00 1.160189151763916016e+01 1.489333343505859375e+01 1.126477622985839844e+01 5.020197868347167969e+00 1.318208694458007812e+00 2.039467543363571167e-01 1.859159022569656372e-02 9.985736105591058731e-04 3.160195774398744106e-05 5.892727017453580629e-07 6.474086600150030790e-09 4.190972568984818736e-11 1.598516647825440340e-13 3.592385843313695374e-16 4.756825155602302907e-19 3.711276276880220493e-22 1.706060358517265614e-25 4.620837974732115785e-29 7.374283077627181755e-33 1.217388087864830718e-32 7.406759435717660274e-29 2.655139406626730680e-25 5.608002835103055108e-22 6.979097570014296320e-19 5.117548603579460259e-16 2.210984487941575205e-13
2.261030989172962968e-13 5.755762533254937807e-11 8.632984105361174443e-09 7.629305969203414861e-07 3.972626291215419769e-05 1.218814053572714329e-03 2.203271165490150452e-02 2.346724867820739746e-01 1.472731947898864746e+00 5.445701599121093750e+00 1.186450195312500000e+01 1.523045063018798828e+01 1.151975822448730469e+01 5.133831024169921875e+00 1.348046779632568359e+00 2.085631489753723145e-01 1.901241391897201538e-02 1.021176693029701710e-03 3.231727896491065621e-05 6.026110668244655244e-07 6.620629378062403703e-09 4.285836963102696018e-11 1.634699320351984397e-13 3.673700476854516173e-16 4.864497704974681983e-19 3.795282011568333623e-22 1.744677565018162957e-25 4.725432220746248460e-29 7.541183438976776455e-33 1.244941675448105137e-32 7.574414646642107260e-29 2.715239267729059227e-25 5.734941535696916584e-22 7.137071489423907854e-19 5.233385653072406170e-16 2.261030989172962968e-13
2.273791506642031113e-13 5.788245577287298715e-11 8.681706020752244513e-09 7.672364290556288324e-07 3.995046427007764578e-05 1.225692802108824253e-03 2.215705811977386475e-02 2.359968870878219604e-01 1.481043577194213867e+00 5.476435661315917969e+00 1.193146324157714844e+01 1.531640625000000000e+01 1.158477210998535156e+01 5.162805080413818359e+00 1.355654835700988770e+00 2.097401916980743408e-01 1.911971718072891235e-02 1.026939833536744118e-03 3.249966539442539215e-05 6.060120085749076679e-07 6.657993267822348571e-09 4.310024559472935834e-11 1.643925203213478237e-13 3.694433725820933309e-16 4.891951312517434126e-19 3.816701415302384206e-22 1.754524151489034915e-25 4.752100632871489276e-29 7.583789966406299529e-33 1.251971572476403975e-32 7.617162467317104823e-29 2.730563137332010263e-25 5.767307299569558762e-22 7.177349498388529000e-19 5.262921691943163623e-16 2.273791506642031113e-13
2.246317823591248430e-13 5.718307077851036979e-11 8.576806820315141522e-09 7.579660632472950965e-07 3.946774813812226057e-05 1.210882677696645260e-03 2.188934013247489929e-02 2.331454008817672729e-01 1.463148474693298340e+00 5.410264492034912109e+00 1.178729724884033203e+01 1.513134002685546875e+01 1.144479656219482422e+01 5.100423336029052734e+00 1.339274644851684570e+00 2.072059363126754761e-01 1.888869516551494598e-02 1.014531590044498444e-03 3.210697832400910556e-05 5.986896667309338227e-07 6.577547395636429428e-09 4.257947466834721695e-11 1.624061941787185992e-13 3.649794824802835664e-16 4.832843053895926151e-19 3.770584985436398362e-22 1.733324377477835308e-25 4.694682341771675755e-29 7.492093325518499200e-33 1.236839286761474815e-32 7.525125886393484548e-29 2.697570016047272971e-25 5.697622482645955463e-22 7.090627365980586733e-19 5.199330164032454991e-16 2.246317823591248430e-13
2.184904140207707957e-13 5.561971716527835952e-11 8.342321500265370560e-09 7.372436243713309523e-07 3.838871634798124433e-05 1.177777885459363461e-03 2.129089273512363434e-02 2.267712950706481934e-01 1.423146605491638184e+00 5.262350559234619141e+00 1.146503734588623047e+01 1.471765708923339844e+01 1.113190078735351562e+01 4.960980415344238281e+00 1.302659630775451660e+00 2.015410214662551880e-01 1.837228797376155853e-02 9.867947082966566086e-04 3.122918860753998160e-05 5.823217748002207372e-07 6.397719687356584473e-09 4.141537113255822078e-11 1.579660881267930250e-13 3.550010373149338830e-16 4.700715943689182503e-19 3.667498661826033905e-22 1.685936147046528280e-25 4.566332050820080337e-29 7.287315597449533341e-33 1.203029130495948771e-32 7.319390827496748562e-29 2.623820396094292103e-25 5.541852619905821283e-22 6.896772936537839086e-19 5.057183212406606444e-16 2.184904140207707957e-13
2.102778942723176892e-13 5.352909435152319872e-11 8.028752773725500447e-09 7.095325145201059058e-07 3.694577753776684403e-05 1.133508048951625824e-03 2.049062028527259827e-02 2.182475030422210693e-01 1.369653940200805664e+00 5.064551830291748047e+00 1.103409385681152344e+01 1.416445732116699219e+01 1.071347808837890625e+01 4.774509429931640625e+00 1.253695726394653320e+00 1.939655989408493042e-01 1.768171787261962891e-02 9.497033897787332535e-04 3.005535836564376950e-05 5.604337047770968638e-07 6.157244047955146016e-09 3.985866497968615363e-11 1.520285091392847843e-13 3.416574361292612711e-16 4.524026545932675872e-19 3.529646165271748357e-22 1.622565841194476435e-25 4.394694678809058931e-29 7.013381332669784516e-33 1.157809405656150824e-32 7.044274744206570025e-29 2.525197005723561207e-25 5.333546387926395412e-22 6.637540219430431515e-19 4.867095784152940599e-16 2.102778942723176892e-13
2.043937122418043595e-13 5.203120226338064924e-11 7.804085377927094669e-09 6.896777335896331351e-07 3.591193308238871396e-05 1.101789297536015511e-03 1.991723850369453430e-02 2.121403366327285767e-01 1.331327438354492188e+00 4.922831058502197266e+00 1.072532939910888672e+01 1.376809406280517578e+01 1.041368675231933594e+01 4.640905380249023438e+00 1.218613862991333008e+00 1.885378956794738770e-01 1.718693226575851440e-02 9.231279836967587471e-04 2.921432496805209666e-05 5.447512876344262622e-07 5.984947204495938422e-09 3.874331758191296160e-11 1.477743437599404741e-13 3.320968958442631781e-16 4.397431723060263443e-19 3.430876993405732618e-22 1.577162088977866015e-25 4.271718334255411522e-29 6.817064959874831335e-33 1.125401320277568063e-32 6.847155212545428814e-29 2.454534790138389075e-25 5.184299458239352734e-22 6.451801465772594761e-19 4.730900827168329614e-16 2.043937122418043595e-13
2.003720675708767218e-13 5.100743438735122481e-11 7.650531763658818818e-09 6.761077884220867418e-07 3.520532845868729055e-05 1.080110436305403709e-03 1.952534541487693787e-02 2.079662531614303589e-01 1.305132031440734863e+00 4.825970649719238281e+00 1.051429748535156250e+01 1.349719142913818359e+01 1.020878505706787109e+01 4.549590110778808594e+00 1.194636344909667969e+00 1.848282366991043091e-01 1.684876158833503723e-02 9.049645741470158100e-04 2.863950430764816701e-05 5.340326652003568597e-07 5.867187180541577618e-09 3.798099335039495372e-11 1.448667439262960044e-13 3.255625395820086832e-16 4.310907338517509634e-19 3.363370442322497995e-22 1.546129533561635818e-25 4.187668043143368255e-29 6.682967503068901832e-33 1.103265806562424346e-32 6.712429792551357835e-29 2.406239246406561443e-25 5.082292801218309963e-22 6.324856642103495832e-19 4.637815612034226244e-16 2.003720675708767218e-13
1.961359270526499832e-13 4.992907129408585831e-11 7.488790032539327512e-09 6.618138854719290975e-07 3.446103437454439700e-05 1.057275570929050446e-03 1.911254599690437317e-02 2.035695612430572510e-01 1.277539372444152832e+00 4.723940849304199219e+00 1.029200744628906250e+01 1.321184444427490234e+01 9.992956161499023438e+00 4.453405857086181641e+00 1.169380187988281250e+00 1.809207201004028320e-01 1.649255678057670593e-02 8.858322980813682079e-04 2.803403003781568259e-05 5.227424821896420326e-07 5.743147291070727078e-09 3.717802107838785730e-11 1.418040218668231711e-13 3.186797880806366539e-16 4.219769871096124159e-19 3.292264413592048521e-22 1.513442219137188109e-25 4.099135150085763696e-29 6.541722305926003557e-33 1.079942382337377782e-32 6.570518848305399604e-29 2.355368318338220089e-25 4.974846159394863094e-22 6.191141862108533217e-19 4.539765725038028606e-16 1.961359270526499832e-13
1.918466335229171427e-13 4.883717388826092076e-11 7.325017481463191871e-09 6.473405846918467432e-07 3.370740887476131320e-05 1.034154091030359268e-03 1.869457960128784180e-02 1.991177052259445190e-01 1.249601244926452637e+00 4.620633602142333984e+00 1.006693553924560547e+01 1.292291450500488281e+01 9.774422645568847656e+00 4.356014728546142578e+00 1.143806934356689453e+00 1.769641786813735962e-01 1.613187976181507111e-02 8.664601482450962067e-04 2.742095239227637649e-05 5.113106453791260719e-07 5.617549980740932369e-09 3.636498047132619149e-11 1.387029461554986631e-13 3.117105333395262792e-16 4.127487275514235586e-19 3.220265772970123368e-22 1.480344820301541914e-25 4.009491236191490751e-29 6.398658765959177055e-33 1.056325084524625645e-32 6.426830029979528905e-29 2.303858659455682597e-25 4.866051512056574561e-22 6.055745837518556574e-19 4.440486316779332148e-16 1.918466335229171427e-13
1.876077960517863463e-13 4.775812037505211549e-11 7.163171389379385801e-09 6.330375867946713697e-07 3.296264912933111191e-05 1.011304324492812157e-03 1.828152500092983246e-02 1.947181820869445801e-01 1.221991300582885742e+00 4.518541336059570312e+00 9.844508171081542969e+00 1.263738250732421875e+01 9.558458328247070312e+00 4.259768009185791016e+00 1.118534564971923828e+00 1.730541288852691650e-01 1.577544771134853363e-02 8.473157649859786034e-04 2.681508703972212970e-05 5.000133000976347830e-07 5.493431487479938369e-09 3.556150166006410984e-11 1.356382860846425120e-13 3.048232555058423597e-16 4.036290612980264285e-19 3.149114305851533164e-22 1.447636551759299271e-25 3.920901468015216006e-29 6.257218142880454575e-33 1.032983440137141335e-32 6.284830011473642763e-29 2.252954944355967994e-25 4.758536207779937255e-22 5.921946271510807274e-19 4.342373696405478489e-16 1.876077960517863463e-13
1.845975764825161236e-13 4.699182015732716877e-11 7.048234884621251695e-09 6.228801794350147247e-07 3.243375249439850450e-05 9.950775420293211937e-04 1.798818819224834442e-02 1.915938705205917358e-01 1.202383875846862793e+00 4.446040153503417969e+00 9.686548233032226562e+00 1.243461132049560547e+01 9.405088424682617188e+00 4.191418647766113281e+00 1.100587129592895508e+00 1.702774465084075928e-01 1.552232354879379272e-02 8.337200852110981941e-04 2.638482510519679636e-05 4.919903631162014790e-07 5.405286440662848690e-09 3.499089906711105868e-11 1.334619264062308908e-13 2.999323019799388177e-16 3.971526248426483560e-19 3.098586060932572081e-22 1.424408912183615901e-25 3.857989160822484084e-29 6.156816598982830575e-33 1.016408749385356302e-32 6.183985310319988989e-29 2.216805639893248010e-25 4.682183559832171458e-22 5.826924932619543911e-19 4.272698354351115845e-16 1.845975764825161236e-13
1.822445731651523015e-13 4.639282361051932924e-11 6.958392972933324927e-09 6.149404043753747828e-07 3.202031803084537387e-05 9.823935106396675110e-04 1.775889471173286438e-02 1.891516894102096558e-01 1.187057256698608398e+00 4.389366149902343750e+00 9.563074111938476562e+00 1.227611064910888672e+01 9.285202026367187500e+00 4.137991428375244141e+00 1.086558103561401367e+00 1.681068837642669678e-01 1.532446593046188354e-02 8.230928797274827957e-04 2.604851033538579941e-05 4.857190560869639739e-07 5.336385999754611476e-09 3.454487390586180595e-11 1.317607047773838858e-13 2.961090864236085246e-16 3.920902794938238267e-19 3.059088489605752614e-22 1.406252045854789906e-25 3.808812646178432690e-29 6.078394228051690928e-33 1.003454507765706988e-32 6.105159405108649909e-29 2.188548149230165604e-25 4.622500741880301577e-22 5.752650317466876173e-19 4.218234665238256367e-16 1.822445731651523015e-13
1.802190802190420382e-13 4.587721175175474286e-11 6.881059277930035023e-09 6.081061201257398352e-07 3.166445094393566251e-05 9.714752086438238621e-04 1.756152510643005371e-02 1.870494484901428223e-01 1.173864364624023438e+00 4.340583801269531250e+00 9.456792831420898438e+00 1.213967418670654297e+01 9.182008743286132812e+00 4.092002868652343750e+00 1.074482440948486328e+00 1.662386208772659302e-01 1.515414752066135406e-02 8.139453129842877388e-04 2.575901089585386217e-05 4.803208071280096192e-07 5.277078773957555313e-09 3.416094837560557096e-11 1.302963271131163392e-13 2.928181781350683559e-16 3.877326403281061923e-19 3.025090477856899536e-22 1.390623232208164373e-25 3.766481608780462678e-29 6.010841139103826489e-33 9.923020785806774614e-33 6.037308291314779969e-29 2.164224609293807231e-25 4.571127090506433240e-22 5.688716493946886973e-19 4.171353773887894996e-16 1.802190802190420382e-13
1.787363117754237063e-13 4.549976714840475722e-11 6.824444565012299790e-09 6.031028760844492353e-07 3.140393528155982494e-05 9.634824236854910851e-04 1.741703972220420837e-02 1.855104863643646240e-01 1.164206504821777344e+00 4.304872035980224609e+00 9.378986358642578125e+00 1.203979396820068359e+01 9.106462478637695312e+00 4.058335304260253906e+00 1.065641999244689941e+00 1.648708283901214600e-01 1.502946950495243073e-02 8.072482887655496597e-04 2.554706952651031315e-05 4.763689389619685244e-07 5.233660615999724541e-09 3.387989194747476063e-11 1.292243086625441406e-13 2.904089517352811088e-16 3.845425148982188720e-19 3.000201348317324854e-22 1.379181790854065123e-25 3.735492493195610621e-29 5.961310215263990877e-33 9.841360662623088829e-33 5.987636150636602673e-29 2.146419032586837468e-25 4.533517736642350787e-22 5.641912029949222439e-19 4.137033851749722865e-16 1.787363117754237063e-13
1.777891798625946818e-13 4.525866834081959666e-11 6.788282380654209192e-09 5.999071959195134696e-07 3.123752685496583581e-05 9.583770297467708588e-04 1.732474565505981445e-02 1.845274567604064941e-01 1.158037424087524414e+00 4.282060623168945312e+00 9.329287528991699219e+00 1.197599792480468750e+01 9.058208465576171875e+00 4.036829948425292969e+00 1.059995532035827637e+00 1.639972031116485596e-01 1.494982745498418808e-02 8.029708405956625938e-04 2.541170215408783406e-05 4.738446932606166229e-07 5.205928577112217681e-09 3.370035153715811305e-11 1.285395536754566082e-13 2.888701840376956638e-16 3.825048588567710574e-19 2.984302961177862671e-22 1.371873487605258212e-25 3.715698447265616994e-29 5.929722845347472852e-33 9.789197366121380557e-33 5.955909464068361067e-29 2.135044644409682004e-25 4.509494460832346688e-22 5.612015654660024636e-19 4.115112109679189539e-16 1.777891798625946818e-13
1.771876644972997239e-13 4.510554429959512390e-11 6.765314530809973803e-09 5.978772605885751545e-07 3.113182901870459318e-05 9.551343391649425030e-04 1.726612821221351624e-02 1.839031577110290527e-01 1.154119253158569336e+00 4.267572402954101562e+00 9.297721862792968750e+00 1.193547630310058594e+01 9.027560234069824219e+00 4.023171424865722656e+00 1.056408405303955078e+00 1.634423434734344482e-01 1.489924453198909760e-02 8.002539980225265026e-04 2.532572034397162497e-05 4.722414246316475328e-07 5.188313778603514947e-09 3.358633510197606142e-11 1.281046666315455163e-13 2.878927874259030063e-16 3.812106313908552765e-19 2.974206298897502732e-22 1.367232027254164083e-25 3.703125735847414070e-29 5.909728788465939637e-33 9.756097649254132733e-33 5.935756412759671507e-29 2.127820157632054826e-25 4.494237259836648143e-22 5.593028757674635577e-19 4.101188740910900960e-16 1.771876644972997239e-13
1.768167995916739010e-13 4.501112677024465825e-11 6.751152081818645456e-09 5.966260232526110485e-07 3.106667281826958060e-05 9.531350806355476379e-04 1.722998917102813721e-02 1.835182011127471924e-01 1.151703476905822754e+00 4.258639335632324219e+00 9.278263092041015625e+00 1.191049194335937500e+01 9.008664131164550781e+00 4.014751434326171875e+00 1.054197669029235840e+00 1.631002724170684814e-01 1.486806198954582214e-02 7.985789561644196510e-04 2.527270771679468453e-05 4.712529744210769422e-07 5.177454909244261216e-09 3.351603716783557729e-11 1.278365434342898510e-13 2.872902293630499784e-16 3.804127122924713122e-19 2.967980987286733013e-22 1.364370311060958422e-25 3.695375372454024499e-29 5.897308955965532905e-33 9.735679312380349598e-33 5.923331155352835731e-29 2.123367530860147977e-25 4.484831008620537633e-22 5.581321567067596007e-19 4.092604591386070660e-16 1.768167995916739010e-13
1.765829507355959338e-13 4.495160493833694204e-11 6.742225444611449348e-09 5.958370365988230333e-07 3.102558548562228680e-05 9.518747683614492416e-04 1.720720529556274414e-02 1.832755506038665771e-01 1.150180578231811523e+00 4.253008842468261719e+00 9.265990257263183594e+00 1.189474487304687500e+01 8.996751785278320312e+00 4.009442329406738281e+00 1.052803635597229004e+00 1.628845632076263428e-01 1.484840176999568939e-02 7.975230691954493523e-04 2.523928924347274005e-05 4.706298852852341952e-07 5.170607941806792951e-09 3.347171498302436987e-11 1.276674892105450487e-13 2.869102556768676196e-16 3.799096572330683599e-19 2.964055615422353258e-22 1.362565914999781798e-25 3.690488626146695698e-29 5.889503673476072916e-33 9.722788547455644688e-33 5.915499842716471133e-29 2.120559679075626938e-25 4.478900289226213649e-22 5.573940531064208772e-19 4.087192315550911698e-16 1.765829507355959338e-13
1.764415978773581362e-13 4.491560595676347134e-11 6.736827984354931687e-09 5.953598360974865500e-07 3.100074536632746458e-05 9.511125972494482994e-04 1.719342544674873352e-02 1.831288039684295654e-01 1.149259805679321289e+00 4.249604225158691406e+00 9.258573532104492188e+00 1.188522338867187500e+01 8.989551544189453125e+00 4.006232261657714844e+00 1.051960468292236328e+00 1.627541482448577881e-01 1.483651157468557358e-02 7.968844729475677013e-04 2.521908754715695977e-05 4.702530986833153293e-07 5.166467698103360817e-09 3.344492044421443211e-11 1.275652760507339778e-13 2.866805773992636957e-16 3.796055391109844108e-19 2.961682469383958784e-22 1.361475068279280868e-25 3.687534430167937965e-29 5.884814920384230517e-33 9.714992815857785130e-33 5.910763258759493775e-29 2.118861655977138710e-25 4.475313685788972005e-22 5.569478408647368034e-19 4.083920386094345946e-16 1.764415978773581362e-13
1.763611500761597117e-13 4.489513621974694502e-11 6.733755775201188953e-09 5.950886361461016349e-07 3.098660818068310618e-05 9.506791247986257076e-04 1.718559116125106812e-02 1.830453127622604370e-01 1.148736000061035156e+00 4.247666358947753906e+00 9.254352569580078125e+00 1.187980270385742188e+01 8.985451698303222656e+00 4.004406452178955078e+00 1.051481008529663086e+00 1.626799702644348145e-01 1.482974737882614136e-02 7.965211407281458378e-04 2.520758607715833932e-05 4.700386853073723614e-07 5.164112693023525935e-09 3.342966875541364402e-11 1.275071357092344426e-13 2.865498696275905165e-16 3.794324774172018321e-19 2.960332696820689424e-22 1.360854456614001525e-25 3.685852551658691049e-29 5.882164180623126259e-33 9.710585446726170816e-33 5.908068160543566886e-29 2.117896040925341616e-25 4.473274007032432557e-22 5.566939998142595930e-19 4.082058766494958604e-16 1.763611500761597117e-13
1.763249783811801641e-13 4.488592136864255622e-11 6.732376434115394659e-09 5.949666501692263409e-07 3.098025626968592405e-05 9.504841873422265053e-04 1.718206703662872314e-02 1.830078065395355225e-01 1.148500204086303711e+00 4.246794223785400391e+00 9.252454757690429688e+00 1.187736606597900391e+01 8.983610153198242188e+00 4.003583908081054688e+00 1.051265478134155273e+00 1.626466065645217896e-01 1.482670754194259644e-02 7.963577518239617348e-04 2.520241832826286554e-05 4.699422788689844310e-07 5.163053984347243386e-09 3.342280965878963173e-11 1.274809793318232298e-13 2.864911596564339528e-16 3.793546965902277052e-19 2.959725337032541662e-22 1.360575150549746711e-25 3.685096925082072869e-29 5.880871871521191006e-33 9.708587841013742191e-33 5.906857232091033412e-29 2.117461181351338533e-25 4.472355141850031123e-22 5.565797971909389906e-19 4.081221792063952948e-16 1.763249783811801641e-13
1.763079021969635174e-13 4.488157068216480639e-11 6.731723622976915067e-09 5.949086698819883168e-07 3.097725857514888048e-05 9.503918699920177460e-04 1.718039996922016144e-02 1.829900294542312622e-01 1.148388743400573730e+00 4.246383190155029297e+00 9.251557350158691406e+00 1.187621307373046875e+01 8.982736587524414062e+00 4.003196239471435547e+00 1.051163434982299805e+00 1.626307964324951172e-01 1.482526771724224091e-02 7.962805684655904770e-04 2.519997542549390346e-05 4.698966904470580630e-07 5.162552163540112815e-09 3.341957960367736291e-11 1.274685923220025829e-13 2.864633663878521710e-16 3.793177319566042418e-19 2.959438065445296379e-22 1.360443139607638632e-25 3.684739123409592178e-29 5.880315715756458212e-33 9.707633486537668346e-33 5.906285471638793451e-29 2.117256324035013951e-25 4.471921962549756161e-22 5.565257719571816210e-19 4.080825274765519529e-16 1.763079021969635174e-13
1.763007329100979570e-13 4.487975269196198269e-11 6.731450064023647428e-09 5.948845682723913342e-07 3.097599983448162675e-05 9.503532783128321171e-04 1.717969775199890137e-02 1.829825788736343384e-01 1.148342132568359375e+00 4.246211051940917969e+00 9.251180648803710938e+00 1.187573242187500000e+01 8.982373237609863281e+00 4.003034591674804688e+00 1.051120877265930176e+00 1.626241952180862427e-01 1.482466422021389008e-02 7.962482632137835026e-04 2.519894769648090005e-05 4.698775910583208315e-07 5.162342553433063586e-09 3.341821264157829319e-11 1.274634017041018086e-13 2.864517461546070261e-16 3.793025066634544376e-19 2.959318411023192456e-22 1.360388042603789602e-25 3.684590164765455978e-29 5.880138656919865605e-33 9.707241165298081408e-33 5.906044730395745047e-29 2.117170042373505403e-25 4.471741218739151922e-22 5.565032312854895510e-19 4.080659838643008923e-16 1.763007329100979570e-13
1.762981850349926161e-13 4.487910737482891932e-11 6.731352808486690265e-09 5.948759280727244914e-07 3.097555236308835447e-05 9.503395995125174522e-04 1.717945560812950134e-02 1.829799413681030273e-01 1.148325800895690918e+00 4.246149063110351562e+00 9.251048088073730469e+00 1.187555980682373047e+01 8.982244491577148438e+00 4.002974987030029297e+00 1.051105737686157227e+00 1.626218706369400024e-01 1.482445374131202698e-02 7.962367963045835495e-04 2.519858935556840152e-05 4.698708551131858258e-07 5.162268390535018625e-09 3.341774426623977945e-11 1.274615856654628954e-13 2.864475903992095597e-16 3.792970265918962738e-19 2.959275749425438103e-22 1.360368444340675517e-25 3.684536900765431518e-29 5.879965638845103949e-33 9.707086881664535983e-33 5.905959267254462863e-29 2.117139967051493852e-25 4.471676595253796217e-22 5.564951662745171590e-19 4.080600811034497139e-16 1.762981850349926161e-13
1.762973041207274716e-13 4.487887839133009038e-11 6.731320389974371210e-09 5.948731427452003118e-07 3.097539592999964952e-05 9.503350011073052883e-04 1.717936992645263672e-02 1.829790771007537842e-01 1.148320078849792480e+00 4.246129035949707031e+00 9.251003265380859375e+00 1.187550163269042969e+01 8.982198715209960938e+00 4.002955436706542969e+00 1.051100254058837891e+00 1.626210659742355347e-01 1.482438016682863235e-02 7.962329545989632607e-04 2.519846202631015331e-05 4.698685529547219630e-07 5.162243077450057172e-09 3.341757426333913372e-11 1.274609486966865601e-13 2.864461610311110681e-16 3.792951137367297449e-19 2.959260855731547531e-22 1.360362034845820597e-25 3.684518845172202888e-29 5.880004944437459569e-33 9.707056759621796162e-33 5.905929776452189434e-29 2.117129120214047063e-25 4.471653371188746511e-22 5.564924779375263616e-19 4.080580694001999850e-16 1.762973041207274716e-13
1.762970601752386623e-13 4.487881594128495522e-11 6.731308843654915108e-09 5.948721764070796780e-07 3.097535227425396442e-05 9.503334295004606247e-04 1.717934012413024902e-02 1.829788088798522949e-01 1.148318290710449219e+00 4.246122360229492188e+00 9.250988006591796875e+00 1.187548351287841797e+01 8.982183456420898438e+00 4.002950668334960938e+00 1.051099061965942383e+00 1.626208126544952393e-01 1.482435874640941620e-02 7.962315576151013374e-04 2.519842746551148593e-05 4.698678139902767725e-07 5.162237304290329121e-09 3.341751181329399856e-11 1.274607318562520630e-13 2.864457375146374409e-16 3.792945192006644724e-19 2.959256816763712799e-22 1.360359816174524663e-25 3.684513428494234299e-29 5.880026250272568223e-33 9.707065575829427329e-33 5.905920748655575118e-29 2.117126161985652484e-25 4.471647312736994413e-22 5.564915473593372395e-19 4.080574605952691459e-16 1.762970601752386623e-13
1.762970466227115063e-13 4.487880900239105131e-11 6.731308843654915108e-09 5.948721764070796780e-07 3.097533772233873606e-05 9.503334295004606247e-04 1.717934384942054749e-02 1.829787790775299072e-01 1.148318171501159668e+00 4.246120452880859375e+00 9.250986099243164062e+00 1.187548351287841797e+01 8.982182502746582031e+00 4.002949237823486328e+00 1.051098585128784180e+00 1.626208424568176270e-01 1.482435688376426697e-02 7.962314994074404240e-04 2.519842382753267884e-05 4.698678139902767725e-07 5.162235527933489720e-09 3.341751181329399856e-11 1.274607318562520630e-13 2.864456845750782375e-16 3.792944675018761879e-19 2.959256311892733458e-22 1.360359323136458900e-25 3.684512224788019057e-29 5.879944333009995295e-33 9.706970801597392282e-33 5.905919544949359876e-29 2.117125422428553840e-25 4.471646807866015072e-22 5.564914439617606703e-19 4.080574341254895442e-16 1.762970466227115063e-13
1.762970737277658184e-13 4.487881594128495522e-11 6.731308843654915108e-09 5.948722900939173996e-07 3.097535227425396442e-05 9.503336623311042786e-04 1.717934198677539825e-02 1.829788088798522949e-01 1.148318290710449219e+00 4.246121406555175781e+00 9.250988006591796875e+00 1.187548637390136719e+01 8.982183456420898438e+00 4.002949714660644531e+00 1.051098823547363281e+00 1.626208126544952393e-01 1.482435874640941620e-02 7.962316740304231644e-04 2.519842382753267884e-05 4.698678139902767725e-07 5.162235083844279870e-09 3.341751181329399856e-11 1.274607589613063752e-13 2.864457110448578392e-16 3.792945708994527570e-19 2.959256816763712799e-22 1.360359816174524663e-25 3.684513428494234299e-29 5.880028821666460647e-33 9.707069249249273648e-33 5.905920748655575118e-29 2.117125422428553840e-25 4.471647312736994413e-22 5.564915990581255240e-19 4.080574870650487476e-16 1.762970737277658184e-13
1.762971279378744427e-13 4.487882981907276303e-11 6.731311508190174209e-09 5.948724037807551213e-07 3.097536682616919279e-05 9.503337787464261055e-04 1.717934943735599518e-02 1.829788535833358765e-01 1.148318886756896973e+00 4.246123313903808594e+00 9.250993728637695312e+00 1.187548732757568359e+01 8.982187271118164062e+00 4.002951622009277344e+00 1.051099300384521484e+00 1.626208722591400146e-01 1.482436340302228928e-02 7.962319068610668182e-04 2.519843474146910012e-05 4.698679845205333550e-07 5.162237304290329121e-09 3.341753609942266223e-11 1.274607860663606873e-13 2.864458433937558477e-16 3.792947259958176107e-19 2.959257321634692140e-22 1.360360062693557544e-25 3.684514632200449541e-29 5.880007515831351993e-33 9.707066310513396593e-33 5.905922554214897981e-29 2.117126901542751129e-25 4.471648827349932438e-22 5.564917024557020932e-19 4.080575929441671544e-16 1.762971279378744427e-13
1.762972092530373791e-13 4.487885063575447475e-11 6.731314172725433309e-09 5.948726879978494253e-07 3.097536682616919279e-05 9.503341279923915863e-04 1.717936247587203979e-02 1.829789280891418457e-01 1.148319125175476074e+00 4.246124744415283203e+00 9.250995635986328125e+00 1.187549209594726562e+01 8.982192039489746094e+00 4.002952575683593750e+00 1.051099777221679688e+00 1.626209616661071777e-01 1.482436805963516235e-02 7.962322561070322990e-04 2.519844383641611785e-05 4.698682118942087982e-07 5.162239524736378371e-09 3.341754650776351809e-11 1.274608673815236237e-13 2.864459492728742545e-16 3.792948035440000375e-19 2.959258836247630165e-22 1.360360678991139748e-25 3.684515835906664783e-29 5.879970414290904165e-33 9.707059698357673217e-33 5.905926767186651329e-29 2.117127641099849774e-25 4.471651351704829145e-22 5.564919609496435160e-19 4.080577782326243663e-16 1.762972092530373791e-13
1.762972363580916912e-13 4.487886451354228257e-11 6.731315949082272709e-09 5.948728585281060077e-07 3.097538137808442116e-05 9.503344772383570671e-04 1.717935688793659210e-02 1.829789578914642334e-01 1.148319363594055176e+00 4.246126174926757812e+00 9.250997543334960938e+00 1.187549591064453125e+01 8.982192993164062500e+00 4.002954006195068359e+00 1.051100015640258789e+00 1.626209914684295654e-01 1.482437178492546082e-02 7.962324889376759529e-04 2.519844929338432848e-05 4.698682687376276590e-07 5.162241301093217771e-09 3.341755344665742200e-11 1.274609080391050919e-13 2.864460022124334579e-16 3.792949069415766067e-19 2.959259341118609506e-22 1.360361172029205511e-25 3.684517039612880025e-29 5.880037270532107182e-33 9.707079534824843343e-33 5.905926767186651329e-29 2.117128134137915537e-25 4.471651856575808486e-22 5.564921677447966542e-19 4.080578576419631714e-16 1.762972363580916912e-13
1.762972499106188473e-13 4.487887145243618647e-11 6.731317725439112110e-09 5.948727448412682861e-07 3.097538865404203534e-05 9.503346518613398075e-04 1.717936433851718903e-02 1.829790472984313965e-01 1.148319482803344727e+00 4.246128082275390625e+00 9.250999450683593750e+00 1.187549972534179688e+01 8.982194900512695312e+00 4.002955436706542969e+00 1.051100492477416992e+00 1.626210212707519531e-01 1.482437551021575928e-02 7.962326053529977798e-04 2.519845475035253912e-05 4.698683824244653806e-07 5.162242189271637471e-09 3.341755691610437395e-11 1.274609215916322480e-13 2.864460286822130596e-16 3.792950361885473181e-19 2.959259845989588848e-22 1.360361418548238393e-25 3.684518243319095267e-29 5.879976659104642908e-33 9.707061902409581009e-33 5.905927970892866571e-29 2.117128380656948418e-25 4.471652361446787828e-22 5.564920643472200851e-19 4.080579635210815782e-16 1.762972499106188473e-13
1.762973041207274716e-13 4.487887839133009038e-11 6.731318169528321960e-09 5.948729722149437293e-07 3.097539956797845662e-05 9.503347100690007210e-04 1.717936620116233826e-02 1.829790174961090088e-01 1.148319840431213379e+00 4.246127128601074219e+00 9.251002311706542969e+00 1.187549781799316406e+01 8.982196807861328125e+00 4.002954959869384766e+00 1.051100254058837891e+00 1.626210659742355347e-01 1.482437737286090851e-02 7.962327217683196068e-04 2.519845656934194267e-05 4.698684392678842414e-07 5.162243077450057172e-09 3.341756385499827786e-11 1.274609486966865601e-13 2.864460551519926613e-16 3.792950361885473181e-19 2.959260098425078518e-22 1.360361541807754834e-25 3.684517942392541456e-29 5.880014862671044632e-33 9.707073657353089232e-33 5.905929174599081813e-29 2.117128627175981300e-25 4.471653371188746511e-22 5.564922711423732234e-19 4.080579899908611799e-16 1.762973041207274716e-13
1.762972905682003155e-13 4.487887839133009038e-11 6.731318169528321960e-09 5.948730290583625901e-07 3.097539592999964952e-05 9.503348846919834614e-04 1.717936433851718903e-02 1.829790323972702026e-01 1.148319840431213379e+00 4.246128082275390625e+00 9.251001358032226562e+00 1.187550163269042969e+01 8.982197761535644531e+00 4.002956390380859375e+00 1.051100373268127441e+00 1.626210659742355347e-01 1.482437644153833389e-02 7.962327217683196068e-04 2.519846020732074976e-05 4.698684676895936718e-07 5.162242189271637471e-09 3.341756732444522981e-11 1.274609486966865601e-13 2.864461875008906698e-16 3.792950878873356027e-19 2.959260855731547531e-22 1.360361911586304156e-25 3.684518243319095267e-29 5.880040209267984238e-33 9.707081004192781871e-33 5.905929174599081813e-29 2.117129120214047063e-25 4.471653371188746511e-22 5.564924262387380771e-19 4.080580694001999850e-16 1.762972905682003155e-13
1.762972905682003155e-13 4.487888186077704233e-11 6.731318613617531810e-09 5.948730859017814510e-07 3.097539592999964952e-05 9.503349428996443748e-04 1.717936806380748749e-02 1.829790472984313965e-01 1.148319959640502930e+00 4.246128082275390625e+00 9.251003265380859375e+00 1.187550163269042969e+01 8.982199668884277344e+00 4.002955436706542969e+00 1.051100373268127441e+00 1.626210510730743408e-01 1.482437923550605774e-02 7.962327799759805202e-04 2.519846020732074976e-05 4.698684392678842414e-07 5.162243077450057172e-09 3.341756732444522981e-11 1.274609486966865601e-13 2.864461610311110681e-16 3.792951137367297449e-19 2.959260855731547531e-22 1.360361665067271274e-25 3.684518243319095267e-29 5.879975189736704380e-33 9.707066310513396593e-33 5.905929174599081813e-29 2.117129120214047063e-25 4.471654380930705193e-22 5.564923745399497925e-19 4.080580694001999850e-16 1.762972905682003155e-13
1.762973041207274716e-13 4.487888533022399429e-11 6.731319057706741660e-09 5.948730290583625901e-07 3.097540320595726371e-05 9.503348846919834614e-04 1.717936806380748749e-02 1.829790771007537842e-01 1.148319959640502930e+00 4.246127605438232422e+00 9.251001358032226562e+00 1.187550354003906250e+01 8.982196807861328125e+00 4.002955436706542969e+00 1.051100492477416992e+00 1.626210510730743408e-01 1.482437923550605774e-02 7.962327217683196068e-04 2.519845838833134621e-05 4.698684392678842414e-07 5.162243077450057172e-09 3.341756732444522981e-11 1.274609486966865601e-13 2.864461080915518647e-16 3.792951395861238872e-19 2.959261360602526872e-22 1.360361788326787715e-25 3.684519146098756698e-29 5.880015964696998528e-33 9.707075126721027760e-33 5.905929174599081813e-29 2.117129366733079945e-25 4.471653371188746511e-22 5.564923745399497925e-19 4.080580694001999850e-16 1.762973041207274716e-13
1.762972634631460034e-13 4.487887839133009038e-11 6.731319057706741660e-09 5.948731427452003118e-07 3.097539592999964952e-05 9.503348846919834614e-04 1.717936620116233826e-02 1.829790621995925903e-01 1.148319721221923828e+00 4.246128082275390625e+00 9.251002311706542969e+00 1.187550067901611328e+01 8.982197761535644531e+00 4.002954483032226562e+00 1.051100373268127441e+00 1.626210659742355347e-01 1.482437830418348312e-02 7.962328381836414337e-04 2.519846020732074976e-05 4.698684392678842414e-07 5.162243077450057172e-09 3.341756038555132591e-11 1.274609486966865601e-13 2.864461080915518647e-16 3.792950620379414604e-19 2.959260855731547531e-22 1.360361788326787715e-25 3.684518845172202888e-29 5.880040943951953502e-33 9.707082473560720399e-33 5.905929776452189434e-29 2.117129120214047063e-25 4.471654380930705193e-22 5.564923745399497925e-19 4.080580164606407816e-16 1.762972634631460034e-13
1.762972905682003155e-13 4.487887145243618647e-11 6.731317281349902260e-09 5.948729722149437293e-07 3.097539229202084243e-05 9.503347100690007210e-04 1.717936247587203979e-02 1.829790472984313965e-01 1.148319721221923828e+00 4.246127128601074219e+00 9.251001358032226562e+00 1.187550163269042969e+01 8.982194900512695312e+00 4.002955436706542969e+00 1.051100134849548340e+00 1.626210212707519531e-01 1.482437551021575928e-02 7.962326635606586933e-04 2.519845656934194267e-05 4.698684676895936718e-07 5.162242633360847321e-09 3.341756385499827786e-11 1.274609215916322480e-13 2.864461080915518647e-16 3.792950878873356027e-19 2.959259845989588848e-22 1.360361541807754834e-25 3.684518845172202888e-29 5.880014495329060001e-33 9.707073657353089232e-33 5.905927970892866571e-29 2.117128627175981300e-25 4.471653371188746511e-22 5.564922711423732234e-19 4.080580694001999850e-16 1.762972905682003155e-13
1.762973176732546277e-13 4.487888186077704233e-11 6.731319057706741660e-09 5.948731995886191726e-07 3.097540320595726371e-05 9.503349428996443748e-04 1.717936992645263672e-02 1.829790472984313965e-01 1.148319840431213379e+00 4.246129035949707031e+00 9.251002311706542969e+00 1.187550163269042969e+01 8.982200622558593750e+00 4.002956390380859375e+00 1.051100492477416992e+00 1.626210659742355347e-01 1.482437923550605774e-02 7.962328381836414337e-04 2.519846020732074976e-05 4.698685529547219630e-07 5.162243521539267022e-09 3.341756732444522981e-11 1.274609893542680283e-13 2.864461610311110681e-16 3.792950878873356027e-19 2.959261360602526872e-22 1.360361788326787715e-25 3.684518243319095267e-29 5.879955720611518886e-33 9.706988434012654616e-33 5.905930378305297055e-29 2.117129120214047063e-25 4.471654380930705193e-22 5.564924779375263616e-19 4.080580694001999850e-16 1.762973176732546277e-13
1.762973176732546277e-13 4.487888879967094624e-11 6.731319501795951510e-09 5.948730290583625901e-07 3.097540320595726371e-05 9.503349428996443748e-04 1.717936992645263672e-02 1.829790920019149780e-01 1.148319959640502930e+00 4.246129035949707031e+00 9.251005172729492188e+00 1.187549972534179688e+01 8.982196807861328125e+00 4.002956390380859375e+00 1.051100611686706543e+00 1.626210808753967285e-01 1.482438109815120697e-02 7.962328381836414337e-04 2.519846384529955685e-05 4.698686097981408238e-07 5.162243521539267022e-09 3.341757426333913372e-11 1.274609622492137162e-13 2.864461345613314664e-16 3.792951137367297449e-19 2.959261360602526872e-22 1.360361788326787715e-25 3.684518845172202888e-29 5.880014495329060001e-33 9.707077330772935552e-33 5.905930378305297055e-29 2.117129120214047063e-25 4.471654380930705193e-22 5.564924779375263616e-19 4.080581488095387900e-16 1.762973176732546277e-13
1.762973176732546277e-13 4.487888533022399429e-11 6.731318613617531810e-09 5.948730290583625901e-07 3.097539592999964952e-05 9.503349428996443748e-04 1.717937178909778595e-02 1.829790771007537842e-01 1.148320198059082031e+00 4.246128559112548828e+00 9.251003265380859375e+00 1.187550163269042969e+01 8.982197761535644531e+00 4.002955436706542969e+00 1.051100492477416992e+00 1.626210659742355347e-01 1.482438109815120697e-02 7.962328381836414337e-04 2.519846020732074976e-05 4.698685529547219630e-07 5.162243965628476872e-09 3.341757426333913372e-11 1.274609622492137162e-13 2.864461610311110681e-16 3.792951395861238872e-19 2.959261613038016543e-22 1.360362034845820597e-25 3.684518845172202888e-29 5.880041678635922766e-33 9.707081004192781871e-33 5.905930378305297055e-29 2.117129120214047063e-25 4.471654380930705193e-22 5.564924779375263616e-19 4.080580958699795866e-16 1.762973176732546277e-13
1.762972092530373791e-13 4.487885063575447475e-11 6.731315060903853009e-09 5.948727448412682861e-07 3.097537410212680697e-05 9.503343026153743267e-04 1.717935502529144287e-02 1.829789280891418457e-01 1.148319482803344727e+00 4.246125221252441406e+00 9.250997543334960938e+00 1.187549304962158203e+01 8.982191085815429688e+00 4.002952575683593750e+00 1.051099777221679688e+00 1.626209467649459839e-01 1.482436805963516235e-02 7.962323143146932125e-04 2.519844201742671430e-05 4.698682118942087982e-07 5.162239524736378371e-09 3.341755344665742200e-11 1.274608809340507798e-13 2.864458963333150511e-16 3.792948293933941798e-19 2.959257826505671482e-22 1.360360802250656189e-25 3.684515835906664783e-29 5.879989883416089659e-33 9.707060433041642481e-33 5.905926767186651329e-29 2.117127887618882655e-25 4.471651351704829145e-22 5.564920643472200851e-19 4.080577517628447646e-16 1.762972092530373791e-13
1.762971279378744427e-13 4.487883675796666694e-11 6.731312396368593909e-09 5.948725174675928429e-07 3.097537046414799988e-05 9.503340697847306728e-04 1.717935316264629364e-02 1.829788684844970703e-01 1.148319005966186523e+00 4.246123790740966797e+00 9.250993728637695312e+00 1.187549114227294922e+01 8.982188224792480469e+00 4.002952575683593750e+00 1.051099300384521484e+00 1.626209169626235962e-01 1.482436526566743851e-02 7.962321396917104721e-04 2.519843837944790721e-05 4.698680413639522158e-07 5.162238636557958671e-09 3.341754303831656614e-11 1.274608402764693116e-13 2.864458698635354494e-16 3.792947776946058953e-19 2.959257574070181811e-22 1.360360555731623307e-25 3.684514632200449541e-29 5.879969679606934901e-33 9.707056024937826898e-33 5.905924359774220845e-29 2.117127148061784011e-25 4.471650341962870462e-22 5.564918575520669468e-19 4.080576458837263578e-16 1.762971279378744427e-13
1.762971008328201306e-13 4.487882981907276303e-11 6.731310620011754509e-09 5.948722900939173996e-07 3.097535955021157861e-05 9.503337787464261055e-04 1.717934384942054749e-02 1.829788088798522949e-01 1.148318767547607422e+00 4.246123313903808594e+00 9.250991821289062500e+00 1.187548828125000000e+01 8.982187271118164062e+00 4.002950668334960938e+00 1.051099181175231934e+00 1.626208722591400146e-01 1.482435874640941620e-02 7.962317904457449913e-04 2.519843110349029303e-05 4.698678992554050637e-07 5.162236860201119271e-09 3.341753262997571028e-11 1.274607996188878434e-13 2.864457904541966443e-16 3.792945708994527570e-19 2.959256816763712799e-22 1.360359939434041103e-25 3.684513729420788109e-29 5.880032862428291599e-33 9.707069249249273648e-33 5.905923156068005602e-29 2.117126655023718247e-25 4.471648827349932438e-22 5.564917541544903777e-19 4.080575400046079510e-16 1.762971008328201306e-13
1.762972634631460034e-13 4.487887839133009038e-11 6.731318613617531810e-09 5.948729722149437293e-07 3.097539592999964952e-05 9.503347100690007210e-04 1.717936992645263672e-02 1.829790174961090088e-01 1.148319840431213379e+00 4.246129035949707031e+00 9.250999450683593750e+00 1.187550163269042969e+01 8.982196807861328125e+00 4.002955436706542969e+00 1.051100254058837891e+00 1.626210510730743408e-01 1.482437830418348312e-02 7.962326635606586933e-04 2.519845656934194267e-05 4.698684108461748110e-07 5.162242189271637471e-09 3.341756038555132591e-11 1.274609486966865601e-13 2.864461080915518647e-16 3.792950361885473181e-19 2.959260350860568189e-22 1.360361665067271274e-25 3.684518243319095267e-29 5.879971883658842693e-33 9.707064841145458065e-33 5.905929174599081813e-29 2.117128873695014182e-25 4.471653371188746511e-22 5.564922711423732234e-19 4.080579635210815782e-16 1.762972634631460034e-13
1.762972363580916912e-13 4.487887492188313843e-11 6.731317725439112110e-09 5.948728585281060077e-07 3.097539592999964952e-05 9.503347100690007210e-04 1.717936620116233826e-02 1.829789876937866211e-01 1.148319721221923828e+00 4.246126651763916016e+00 9.250999450683593750e+00 1.187549686431884766e+01 8.982194900512695312e+00 4.002954959869384766e+00 1.051100254058837891e+00 1.626210510730743408e-01 1.482437551021575928e-02 7.962326053529977798e-04 2.519845656934194267e-05 4.698684108461748110e-07 5.162242189271637471e-09 3.341755691610437395e-11 1.274609215916322480e-13 2.864460551519926613e-16 3.792950361885473181e-19 2.959259845989588848e-22 1.360361541807754834e-25 3.684517641465987646e-29 5.879973353026781220e-33 9.707064106461488801e-33 5.905929174599081813e-29 2.117128380656948418e-25 4.471653371188746511e-22 5.564922711423732234e-19 4.080579635210815782e-16 1.762972363580916912e-13
1.762972770156731595e-13 4.487887145243618647e-11 6.731317725439112110e-09 5.948728585281060077e-07 3.097538865404203534e-05 9.503344772383570671e-04 1.717936247587203979e-02 1.829789876937866211e-01 1.148319482803344727e+00 4.246126651763916016e+00 9.251000404357910156e+00 1.187549781799316406e+01 8.982194900512695312e+00 4.002954006195068359e+00 1.051100254058837891e+00 1.626209914684295654e-01 1.482437364757061005e-02 7.962324889376759529e-04 2.519845293136313558e-05 4.698683824244653806e-07 5.162241301093217771e-09 3.341756038555132591e-11 1.274609080391050919e-13 2.864460816217722630e-16 3.792949586403648912e-19 2.959259845989588848e-22 1.360361418548238393e-25 3.684516437759772404e-29 5.880033597112260863e-33 9.707079534824843343e-33 5.905927970892866571e-29 2.117128380656948418e-25 4.471652361446787828e-22 5.564922711423732234e-19 4.080579370513019765e-16 1.762972770156731595e-13
1.762972092530373791e-13 4.487885757464837866e-11 6.731315060903853009e-09 5.948728016846871469e-07 3.097537410212680697e-05 9.503343608230352402e-04 1.717935875058174133e-02 1.829789578914642334e-01 1.148319244384765625e+00 4.246125698089599609e+00 9.250995635986328125e+00 1.187549400329589844e+01 8.982192993164062500e+00 4.002953529357910156e+00 1.051099777221679688e+00 1.626209914684295654e-01 1.482437085360288620e-02 7.962323725223541260e-04 2.519844565540552139e-05 4.698682687376276590e-07 5.162240412914798071e-09 3.341754997721047005e-11 1.274608809340507798e-13 2.864460022124334579e-16 3.792948810921824644e-19 2.959259341118609506e-22 1.360361295288721952e-25 3.684516437759772404e-29 5.880033597112260863e-33 9.707078065456904816e-33 5.905926165333543708e-29 2.117127887618882655e-25 4.471651351704829145e-22 5.564920643472200851e-19 4.080578576419631714e-16 1.762972092530373791e-13
1.762969924126028820e-13 4.487880206349714740e-11 6.731307067298075708e-09 5.948720627202419564e-07 3.097534499829635024e-05 9.503331966698169708e-04 1.717934012413024902e-02 1.829787194728851318e-01 1.148318052291870117e+00 4.246120452880859375e+00 9.250986099243164062e+00 1.187548160552978516e+01 8.982181549072265625e+00 4.002948760986328125e+00 1.051098346710205078e+00 1.626207828521728516e-01 1.482435315847396851e-02 7.962313247844576836e-04 2.519841473258566111e-05 4.698676434600201901e-07 5.162233307487440470e-09 3.341751528274095051e-11 1.274607183037249070e-13 2.864455786959598307e-16 3.792944158030879033e-19 2.959255554586264445e-22 1.360359323136458900e-25 3.684511622934911436e-29 5.879966006187088581e-33 9.707048678098134258e-33 5.905918943096252255e-29 2.117125668947586721e-25 4.471646807866015072e-22 5.564913922629723858e-19 4.080573282463711374e-16 1.762969924126028820e-13
1.762970330701843502e-13 4.487881594128495522e-11 6.731308399565705258e-09 5.948721195636608172e-07 3.097534499829635024e-05 9.503333130851387978e-04 1.717934384942054749e-02 1.829787790775299072e-01 1.148318171501159668e+00 4.246121406555175781e+00 9.250988006591796875e+00 1.187548160552978516e+01 8.982185363769531250e+00 4.002949237823486328e+00 1.051098823547363281e+00 1.626208126544952393e-01 1.482435595244169235e-02 7.962314994074404240e-04 2.519842200854327530e-05 4.698677571468579117e-07 5.162234195665860170e-09 3.341751181329399856e-11 1.274607318562520630e-13 2.864456581052986358e-16 3.792944675018761879e-19 2.959255807021754116e-22 1.360359569655491781e-25 3.684512826641126678e-29 5.879984740628304811e-33 9.707051616834011314e-33 5.905919544949359876e-29 2.117125422428553840e-25 4.471647312736994413e-22 5.564914439617606703e-19 4.080574341254895442e-16 1.762970330701843502e-13
1.762971008328201306e-13 4.487882288017885912e-11 6.731310175922544659e-09 5.948722900939173996e-07 3.097535955021157861e-05 9.503336623311042786e-04 1.717934384942054749e-02 1.829788088798522949e-01 1.148318409919738770e+00 4.246123313903808594e+00 9.250989913940429688e+00 1.187548828125000000e+01 8.982186317443847656e+00 4.002950668334960938e+00 1.051099061965942383e+00 1.626208573579788208e-01 1.482436154037714005e-02 7.962317904457449913e-04 2.519842746551148593e-05 4.698678992554050637e-07 5.162236860201119271e-09 3.341753262997571028e-11 1.274607996188878434e-13 2.864457904541966443e-16 3.792946484476351839e-19 2.959256816763712799e-22 1.360360062693557544e-25 3.684514030347341920e-29 5.880033597112260863e-33 9.707044269994318675e-33 5.905923156068005602e-29 2.117126408504685366e-25 4.471648322478953096e-22 5.564917024557020932e-19 4.080575664743875527e-16 1.762971008328201306e-13
1.762971550429287548e-13 4.487884022741361889e-11 6.731312840457803759e-09 5.948725174675928429e-07 3.097536682616919279e-05 9.503340115770697594e-04 1.717935502529144287e-02 1.829788982868194580e-01 1.148318886756896973e+00 4.246124744415283203e+00 9.250993728637695312e+00 1.187549114227294922e+01 8.982190132141113281e+00 4.002952098846435547e+00 1.051099300384521484e+00 1.626209318637847900e-01 1.482436526566743851e-02 7.962320232763886452e-04 2.519843656045850366e-05 4.698680982073710766e-07 5.162238192468748821e-09 3.341753609942266223e-11 1.274608131714149994e-13 2.864458963333150511e-16 3.792947518452117530e-19 2.959257826505671482e-22 1.360360555731623307e-25 3.684515234053557162e-29 5.879967108213042477e-33 9.707057494305765426e-33 5.905923757921113224e-29 2.117127148061784011e-25 4.471649837091891120e-22 5.564918575520669468e-19 4.080576988232855612e-16 1.762971550429287548e-13
1.762969788600757259e-13 4.487880206349714740e-11 6.731307067298075708e-09 5.948720058768230956e-07 3.097534499829635024e-05 9.503331384621560574e-04 1.717933826148509979e-02 1.829787194728851318e-01 1.148317933082580566e+00 4.246119976043701172e+00 9.250986099243164062e+00 1.187548065185546875e+01 8.982181549072265625e+00 4.002948284149169922e+00 1.051098465919494629e+00 1.626207530498504639e-01 1.482435222715139389e-02 7.962314411997795105e-04 2.519841291359625757e-05 4.698676718817296205e-07 5.162233751576650320e-09 3.341750487440009465e-11 1.274607183037249070e-13 2.864456051657394324e-16 3.792944158030879033e-19 2.959255807021754116e-22 1.360359323136458900e-25 3.684511622934911436e-29 5.879983638602350915e-33 9.707050882150042050e-33 5.905919544949359876e-29 2.117125175909520958e-25 4.471646302995035730e-22 5.564913405641841012e-19 4.080573282463711374e-16 1.762969788600757259e-13
1.762969788600757259e-13 4.487880206349714740e-11 6.731305735030446158e-09 5.948720058768230956e-07 3.097534136031754315e-05 9.503331966698169708e-04 1.717933639883995056e-02 1.829787194728851318e-01 1.148317813873291016e+00 4.246119976043701172e+00 9.250985145568847656e+00 1.187547969818115234e+01 8.982180595397949219e+00 4.002948284149169922e+00 1.051098585128784180e+00 1.626207530498504639e-01 1.482435129582881927e-02 7.962313247844576836e-04 2.519841291359625757e-05 4.698676434600201901e-07 5.162234195665860170e-09 3.341750487440009465e-11 1.274607183037249070e-13 2.864456051657394324e-16 3.792944158030879033e-19 2.959255049715285104e-22 1.360359199876942459e-25 3.684512224788019057e-29 5.880029556350429911e-33 9.707062637093550273e-33 5.905918341243144634e-29 2.117125175909520958e-25 4.471645293253077047e-22 5.564913405641841012e-19 4.080573282463711374e-16 1.762969788600757259e-13
1.762972634631460034e-13 4.487887492188313843e-11 6.731317281349902260e-09 5.948729153715248685e-07 3.097539229202084243e-05 9.503346518613398075e-04 1.717936433851718903e-02 1.829790323972702026e-01 1.148319721221923828e+00 4.246127128601074219e+00 9.251000404357910156e+00 1.187549781799316406e+01 8.982195854187011719e+00 4.002954959869384766e+00 1.051100134849548340e+00 1.626210212707519531e-01 1.482437457889318466e-02 7.962325471453368664e-04 2.519845475035253912e-05 4.698684108461748110e-07 5.162242633360847321e-09 3.341756385499827786e-11 1.274609215916322480e-13 2.864460816217722630e-16 3.792950361885473181e-19 2.959260098425078518e-22 1.360361541807754834e-25 3.684517641465987646e-29 5.879973720368765852e-33 9.707064106461488801e-33 5.905928572745974192e-29 2.117128380656948418e-25 4.471652866317767169e-22 5.564922711423732234e-19 4.080579899908611799e-16 1.762972634631460034e-13
1.762972905682003155e-13 4.487887492188313843e-11 6.731318613617531810e-09 5.948729722149437293e-07 3.097539229202084243e-05 9.503347682766616344e-04 1.717936620116233826e-02 1.829790323972702026e-01 1.148319840431213379e+00 4.246127605438232422e+00 9.251001358032226562e+00 1.187549972534179688e+01 8.982195854187011719e+00 4.002955436706542969e+00 1.051100373268127441e+00 1.626210361719131470e-01 1.482437644153833389e-02 7.962327217683196068e-04 2.519845656934194267e-05 4.698684961113031022e-07 5.162242633360847321e-09 3.341756385499827786e-11 1.274609486966865601e-13 2.864461080915518647e-16 3.792950361885473181e-19 2.959260350860568189e-22 1.360361788326787715e-25 3.684518544245649077e-29 5.880015597355013896e-33 9.707073657353089232e-33 5.905929174599081813e-29 2.117128873695014182e-25 4.471653876059725852e-22 5.564923228411615079e-19 4.080580164606407816e-16 1.762972905682003155e-13
1.762973176732546277e-13 4.487888533022399429e-11 6.731318613617531810e-09 5.948730859017814510e-07 3.097539956797845662e-05 9.503348264843225479e-04 1.717936620116233826e-02 1.829790621995925903e-01 1.148319959640502930e+00 4.246128082275390625e+00 9.251001358032226562e+00 1.187550067901611328e+01 8.982197761535644531e+00 4.002955436706542969e+00 1.051100373268127441e+00 1.626210510730743408e-01 1.482437923550605774e-02 7.962327799759805202e-04 2.519846020732074976e-05 4.698684961113031022e-07 5.162243077450057172e-09 3.341756385499827786e-11 1.274609486966865601e-13 2.864461345613314664e-16 3.792950878873356027e-19 2.959260603296057860e-22 1.360361665067271274e-25 3.684518544245649077e-29 5.880040576609968870e-33 9.707081004192781871e-33 5.905929174599081813e-29 2.117128873695014182e-25 4.471653876059725852e-22 5.564923745399497925e-19 4.080580429304203833e-16 1.762973176732546277e-13
1.762971279378744427e-13 4.487883675796666694e-11 6.731312396368593909e-09 5.948724037807551213e-07 3.097536682616919279e-05 9.503337787464261055e-04 1.717935130000114441e-02 1.829788684844970703e-01 1.148318648338317871e+00 4.246123313903808594e+00 9.250992774963378906e+00 1.187548923492431641e+01 8.982187271118164062e+00 4.002951622009277344e+00 1.051099300384521484e+00 1.626208871603012085e-01 1.482436340302228928e-02 7.962319650687277317e-04 2.519843110349029303e-05 4.698679845205333550e-07 5.162238192468748821e-09 3.341753262997571028e-11 1.274608267239421555e-13 2.864458433937558477e-16 3.792946742970293261e-19 2.959257574070181811e-22 1.360360185953073985e-25 3.684514632200449541e-29 5.880009352541275153e-33 9.707063371777519537e-33 5.905923757921113224e-29 2.117126655023718247e-25 4.471649332220911779e-22 5.564917541544903777e-19 4.080576723535059595e-16 1.762971279378744427e-13
1.762973312257817837e-13 4.487888186077704233e-11 6.731318169528321960e-09 5.948729722149437293e-07 3.097539956797845662e-05 9.503348264843225479e-04 1.717936620116233826e-02 1.829790621995925903e-01 1.148319959640502930e+00 4.246128082275390625e+00 9.251002311706542969e+00 1.187550258636474609e+01 8.982196807861328125e+00 4.002955913543701172e+00 1.051100373268127441e+00 1.626210510730743408e-01 1.482437830418348312e-02 7.962328381836414337e-04 2.519846202631015331e-05 4.698684961113031022e-07 5.162243521539267022e-09 3.341756732444522981e-11 1.274609486966865601e-13 2.864461345613314664e-16 3.792951137367297449e-19 2.959260855731547531e-22 1.360361788326787715e-25 3.684518544245649077e-29 5.879977026446627540e-33 9.707063371777519537e-33 5.905929174599081813e-29 2.117129120214047063e-25 4.471653876059725852e-22 5.564923228411615079e-19 4.080580694001999850e-16 1.762973312257817837e-13
1.762973041207274716e-13 4.487888186077704233e-11 6.731318613617531810e-09 5.948730290583625901e-07 3.097539592999964952e-05 9.503348846919834614e-04 1.717936806380748749e-02 1.829790771007537842e-01 1.148319959640502930e+00 4.246127128601074219e+00 9.251002311706542969e+00 1.187550163269042969e+01 8.982197761535644531e+00 4.002955913543701172e+00 1.051100373268127441e+00 1.626210510730743408e-01 1.482437830418348312e-02 7.962327799759805202e-04 2.519845838833134621e-05 4.698685245330125326e-07 5.162243077450057172e-09 3.341757079389218177e-11 1.274609486966865601e-13 2.864461080915518647e-16 3.792950878873356027e-19 2.959260855731547531e-22 1.360361665067271274e-25 3.684518544245649077e-29 5.879978128472581436e-33 9.707033984418748980e-33 5.905929776452189434e-29 2.117129120214047063e-25 4.471653876059725852e-22 5.564922711423732234e-19 4.080580429304203833e-16 1.762973041207274716e-13
1.762973312257817837e-13 4.487888533022399429e-11 6.731319501795951510e-09 5.948731427452003118e-07 3.097539592999964952e-05 9.503348264843225479e-04 1.717936620116233826e-02 1.829790621995925903e-01 1.148319959640502930e+00 4.246127605438232422e+00 9.251002311706542969e+00 1.187550163269042969e+01 8.982197761535644531e+00 4.002955436706542969e+00 1.051100492477416992e+00 1.626210659742355347e-01 1.482437830418348312e-02 7.962328381836414337e-04 2.519846020732074976e-05 4.698685529547219630e-07 5.162243521539267022e-09 3.341756732444522981e-11 1.274609486966865601e-13 2.864461345613314664e-16 3.792950878873356027e-19 2.959260855731547531e-22 1.360361788326787715e-25 3.684518845172202888e-29 5.879993189493951347e-33 9.707070718617212176e-33 5.905929174599081813e-29 2.117128873695014182e-25 4.471654380930705193e-22 5.564923745399497925e-19 4.080580694001999850e-16 1.762973312257817837e-13
1.762972092530373791e-13 4.487885757464837866e-11 6.731315060903853009e-09 5.948727448412682861e-07 3.097538137808442116e-05 9.503342444077134132e-04 1.717935875058174133e-02 1.829789429903030396e-01 1.148319244384765625e+00 4.246125698089599609e+00 9.250996589660644531e+00 1.187549304962158203e+01 8.982192039489746094e+00 4.002953052520751953e+00 1.051099777221679688e+00 1.626209765672683716e-01 1.482437178492546082e-02 7.962323143146932125e-04 2.519844565540552139e-05 4.698682118942087982e-07 5.162240412914798071e-09 3.341754997721047005e-11 1.274608673815236237e-13 2.864459492728742545e-16 3.792948810921824644e-19 2.959258836247630165e-22 1.360360925510172630e-25 3.684516437759772404e-29 5.880035433822184023e-33 9.707076596088966288e-33 5.905925563480436087e-29 2.117127887618882655e-25 4.471651856575808486e-22 5.564920643472200851e-19 4.080578311721835697e-16 1.762972092530373791e-13
1.762972363580916912e-13 4.487885757464837866e-11 6.731315060903853009e-09 5.948727448412682861e-07 3.097538137808442116e-05 9.503344190306961536e-04 1.717935875058174133e-02 1.829789578914642334e-01 1.148319363594055176e+00 4.246126174926757812e+00 9.250997543334960938e+00 1.187549495697021484e+01 8.982193946838378906e+00 4.002954483032226562e+00 1.051099896430969238e+00 1.626209765672683716e-01 1.482437271624803543e-02 7.962324307300150394e-04 2.519844929338432848e-05 4.698682971593370894e-07 5.162240412914798071e-09 3.341755344665742200e-11 1.274608944865779359e-13 2.864460022124334579e-16 3.792948552427883221e-19 2.959259341118609506e-22 1.360361048769689070e-25 3.684516437759772404e-29 5.880007883173336625e-33 9.707076596088966288e-33 5.905926767186651329e-29 2.117128134137915537e-25 4.471652361446787828e-22 5.564920643472200851e-19 4.080578576419631714e-16 1.762972363580916912e-13
1.762972499106188473e-13 4.487887145243618647e-11 6.731317281349902260e-09 5.948728016846871469e-07 3.097538137808442116e-05 9.503344772383570671e-04 1.717936247587203979e-02 1.829789876937866211e-01 1.148319244384765625e+00 4.246126174926757812e+00 9.250998497009277344e+00 1.187549591064453125e+01 8.982193946838378906e+00 4.002953529357910156e+00 1.051100015640258789e+00 1.626209914684295654e-01 1.482437178492546082e-02 7.962324889376759529e-04 2.519844747439492494e-05 4.698683255810465198e-07 5.162241301093217771e-09 3.341755344665742200e-11 1.274608944865779359e-13 2.864460551519926613e-16 3.792949844897590335e-19 2.959259341118609506e-22 1.360361048769689070e-25 3.684517039612880025e-29 5.879973720368765852e-33 9.707060433041642481e-33 5.905927970892866571e-29 2.117128134137915537e-25 4.471652361446787828e-22 5.564921160460083697e-19 4.080578841117427731e-16 1.762972499106188473e-13
1.762972363580916912e-13 4.487886451354228257e-11 6.731315949082272709e-09 5.948728016846871469e-07 3.097538501606322825e-05 9.503344772383570671e-04 1.717935875058174133e-02 1.829789578914642334e-01 1.148319482803344727e+00 4.246125698089599609e+00 9.250998497009277344e+00 1.187549591064453125e+01 8.982192993164062500e+00 4.002954006195068359e+00 1.051100015640258789e+00 1.626209765672683716e-01 1.482437178492546082e-02 7.962323143146932125e-04 2.519844929338432848e-05 4.698682687376276590e-07 5.162241301093217771e-09 3.341755344665742200e-11 1.274608809340507798e-13 2.864460022124334579e-16 3.792949327909707490e-19 2.959259845989588848e-22 1.360361048769689070e-25 3.684517039612880025e-29 5.879991352784028187e-33 9.707063371777519537e-33 5.905926767186651329e-29 2.117127887618882655e-25 4.471651351704829145e-22 5.564921160460083697e-19 4.080578576419631714e-16 1.762972363580916912e-13
1.762972363580916912e-13 4.487885757464837866e-11 6.731315060903853009e-09 5.948726879978494253e-07 3.097538137808442116e-05 9.503342444077134132e-04 1.717935875058174133e-02 1.829789429903030396e-01 1.148319363594055176e+00 4.246125698089599609e+00 9.250996589660644531e+00 1.187549400329589844e+01 8.982192039489746094e+00 4.002953529357910156e+00 1.051099896430969238e+00 1.626209765672683716e-01 1.482437364757061005e-02 7.962323725223541260e-04 2.519844565540552139e-05 4.698682403159182286e-07 5.162240412914798071e-09 3.341754997721047005e-11 1.274608673815236237e-13 2.864460022124334579e-16 3.792948810921824644e-19 2.959259341118609506e-22 1.360360925510172630e-25 3.684516437759772404e-29 5.880037270532107182e-33 9.707076596088966288e-33 5.905926767186651329e-29 2.117128134137915537e-25 4.471651351704829145e-22 5.564920643472200851e-19 4.080578047024039680e-16 1.762972363580916912e-13
1.762971821479830670e-13 4.487884369686057084e-11 6.731315060903853009e-09 5.948727448412682861e-07 3.097537774010561407e-05 9.503342444077134132e-04 1.717935502529144287e-02 1.829789280891418457e-01 1.148319244384765625e+00 4.246124744415283203e+00 9.250995635986328125e+00 1.187549400329589844e+01 8.982191085815429688e+00 4.002952575683593750e+00 1.051099658012390137e+00 1.626209318637847900e-01 1.482436619699001312e-02 7.962322561070322990e-04 2.519844201742671430e-05 4.698681550507899374e-07 5.162239524736378371e-09 3.341754650776351809e-11 1.274608267239421555e-13 2.864459228030946528e-16 3.792948293933941798e-19 2.959258331376650823e-22 1.360360802250656189e-25 3.684515234053557162e-29 5.879967475555027109e-33 9.707061902409581009e-33 5.905925563480436087e-29 2.117127394580816892e-25 4.471650846833849803e-22 5.564919092508552314e-19 4.080577517628447646e-16 1.762971821479830670e-13
1.762971550429287548e-13 4.487884369686057084e-11 6.731312840457803759e-09 5.948725174675928429e-07 3.097536318819038570e-05 9.503341279923915863e-04 1.717935130000114441e-02 1.829788982868194580e-01 1.148318767547607422e+00 4.246124267578125000e+00 9.250992774963378906e+00 1.187549018859863281e+01 8.982189178466796875e+00 4.002952098846435547e+00 1.051099658012390137e+00 1.626209169626235962e-01 1.482436712831258774e-02 7.962321396917104721e-04 2.519843656045850366e-05 4.698680697856616462e-07 5.162238636557958671e-09 3.341753609942266223e-11 1.274608131714149994e-13 2.864458963333150511e-16 3.792947259958176107e-19 2.959257826505671482e-22 1.360360432472106867e-25 3.684515234053557162e-29 5.879970414290904165e-33 9.707056024937826898e-33 5.905924961627328466e-29 2.117126901542751129e-25 4.471650341962870462e-22 5.564918058532786623e-19 4.080576458837263578e-16 1.762971550429287548e-13
1.762971279378744427e-13 4.487882634962581108e-11 6.731312396368593909e-09 5.948722900939173996e-07 3.097535955021157861e-05 9.503337787464261055e-04 1.717934757471084595e-02 1.829788684844970703e-01 1.148318529129028320e+00 4.246123313903808594e+00 9.250990867614746094e+00 1.187548828125000000e+01 8.982187271118164062e+00 4.002951145172119141e+00 1.051099061965942383e+00 1.626208871603012085e-01 1.482436247169971466e-02 7.962319068610668182e-04 2.519843474146910012e-05 4.698680413639522158e-07 5.162236860201119271e-09 3.341752569108180637e-11 1.274607996188878434e-13 2.864458433937558477e-16 3.792946742970293261e-19 2.959257321634692140e-22 1.360360062693557544e-25 3.684514933127003351e-29 5.880027719640506751e-33 9.707069983933242912e-33 5.905922554214897981e-29 2.117126655023718247e-25 4.471649332220911779e-22 5.564917541544903777e-19 4.080576458837263578e-16 1.762971279378744427e-13
1.762970601752386623e-13 4.487881594128495522e-11 6.731309731833334808e-09 5.948720627202419564e-07 3.097535227425396442e-05 9.503334877081215382e-04 1.717933826148509979e-02 1.829787790775299072e-01 1.148318290710449219e+00 4.246121406555175781e+00 9.250988006591796875e+00 1.187548446655273438e+01 8.982185363769531250e+00 4.002949714660644531e+00 1.051098823547363281e+00 1.626208424568176270e-01 1.482435781508684158e-02 7.962316740304231644e-04 2.519842200854327530e-05 4.698678139902767725e-07 5.162235527933489720e-09 3.341751875218790246e-11 1.274607589613063752e-13 2.864457375146374409e-16 3.792945708994527570e-19 2.959256311892733458e-22 1.360359569655491781e-25 3.684513428494234299e-29 5.880028454324476015e-33 9.707069249249273648e-33 5.905921350508682739e-29 2.117125915466619603e-25 4.471647312736994413e-22 5.564916507569138086e-19 4.080575135348283493e-16 1.762970601752386623e-13
1.762970195176571941e-13 4.487881247183800326e-11 6.731307511387285558e-09 5.948721195636608172e-07 3.097534863627515733e-05 9.503333130851387978e-04 1.717933826148509979e-02 1.829787492752075195e-01 1.148317813873291016e+00 4.246120452880859375e+00 9.250988006591796875e+00 1.187548255920410156e+01 8.982183456420898438e+00 4.002949237823486328e+00 1.051098585128784180e+00 1.626207828521728516e-01 1.482435502111911774e-02 7.962314411997795105e-04 2.519841655157506466e-05 4.698677003034390509e-07 5.162233307487440470e-09 3.341751181329399856e-11 1.274607589613063752e-13 2.864456845750782375e-16 3.792944675018761879e-19 2.959255807021754116e-22 1.360359323136458900e-25 3.684512224788019057e-29 5.879968577580981005e-33 9.707047208730195731e-33 5.905919544949359876e-29 2.117125668947586721e-25 4.471646807866015072e-22 5.564914439617606703e-19 4.080573282463711374e-16 1.762970195176571941e-13
1.762970059651300381e-13 4.487880206349714740e-11 6.731307067298075708e-09 5.948719490334042348e-07 3.097534136031754315e-05 9.503331384621560574e-04 1.717934012413024902e-02 1.829787045717239380e-01 1.148317813873291016e+00 4.246120929718017578e+00 9.250985145568847656e+00 1.187548065185546875e+01 8.982183456420898438e+00 4.002948760986328125e+00 1.051098585128784180e+00 1.626207530498504639e-01 1.482435315847396851e-02 7.962314411997795105e-04 2.519841291359625757e-05 4.698676434600201901e-07 5.162234195665860170e-09 3.341750487440009465e-11 1.274607318562520630e-13 2.864456316355190341e-16 3.792944158030879033e-19 2.959255302150774775e-22 1.360359323136458900e-25 3.684511021081803815e-29 5.880004944437459569e-33 9.707060433041642481e-33 5.905918341243144634e-29 2.117125668947586721e-25 4.471646302995035730e-22 5.564913922629723858e-19 4.080573282463711374e-16 1.762970059651300381e-13
1.762969924126028820e-13 4.487880206349714740e-11 6.731306623208865858e-09 5.948720627202419564e-07 3.097534136031754315e-05 9.503330802544951439e-04 1.717934012413024902e-02 1.829787343740463257e-01 1.148317813873291016e+00 4.246119499206542969e+00 9.250984191894531250e+00 1.187547969818115234e+01 8.982181549072265625e+00 4.002948284149169922e+00 1.051098585128784180e+00 1.626207530498504639e-01 1.482435222715139389e-02 7.962313247844576836e-04 2.519841291359625757e-05 4.698676434600201901e-07 5.162232419309020770e-09 3.341751181329399856e-11 1.274607047511977509e-13 2.864455786959598307e-16 3.792944675018761879e-19 2.959255302150774775e-22 1.360359199876942459e-25 3.684512224788019057e-29 5.880024780904629696e-33 9.707064841145458065e-33 5.905920146802467497e-29 2.117125175909520958e-25 4.471646302995035730e-22 5.564913405641841012e-19 4.080572753068119340e-16 1.762969924126028820e-13
1.762969924126028820e-13 4.487880206349714740e-11 6.731307511387285558e-09 5.948720627202419564e-07 3.097534499829635024e-05 9.503334295004606247e-04 1.717934012413024902e-02 1.829787194728851318e-01 1.148318052291870117e+00 4.246120452880859375e+00 9.250986099243164062e+00 1.187548065185546875e+01 8.982181549072265625e+00 4.002949714660644531e+00 1.051098585128784180e+00 1.626207828521728516e-01 1.482435502111911774e-02 7.962314411997795105e-04 2.519841837056446820e-05 4.698677571468579117e-07 5.162234195665860170e-09 3.341752569108180637e-11 1.274607318562520630e-13 2.864456051657394324e-16 3.792944416524820456e-19 2.959255807021754116e-22 1.360359446395975340e-25 3.684511622934911436e-29 5.879945435035949191e-33 9.706971536281361546e-33 5.905920748655575118e-29 2.117125668947586721e-25 4.471647312736994413e-22 5.564914439617606703e-19 4.080574076557099425e-16 1.762969924126028820e-13
1.762971008328201306e-13 4.487882288017885912e-11 6.731310620011754509e-09 5.948722900939173996e-07 3.097534863627515733e-05 9.503336623311042786e-04 1.717934384942054749e-02 1.829788088798522949e-01 1.148318290710449219e+00 4.246121406555175781e+00 9.250989913940429688e+00 1.187548446655273438e+01 8.982185363769531250e+00 4.002950191497802734e+00 1.051099061965942383e+00 1.626208424568176270e-01 1.482435781508684158e-02 7.962317904457449913e-04 2.519842382753267884e-05 4.698678708336956333e-07 5.162235972022699571e-09 3.341751875218790246e-11 1.274607589613063752e-13 2.864457375146374409e-16 3.792945708994527570e-19 2.959256816763712799e-22 1.360359692915008222e-25 3.684513428494234299e-29 5.880029923692414543e-33 9.707069983933242912e-33 5.905921952361790360e-29 2.117126161985652484e-25 4.471647817607973755e-22 5.564915473593372395e-19 4.080574870650487476e-16 1.762971008328201306e-13
1.762971414904015988e-13 4.487883675796666694e-11 6.731311508190174209e-09 5.948724037807551213e-07 3.097535955021157861e-05 9.503339533694088459e-04 1.717934757471084595e-02 1.829788684844970703e-01 1.148318767547607422e+00 4.246123313903808594e+00 9.250989913940429688e+00 1.187548828125000000e+01 8.982186317443847656e+00 4.002950668334960938e+00 1.051099300384521484e+00 1.626209020614624023e-01 1.482436433434486389e-02 7.962319650687277317e-04 2.519843110349029303e-05 4.698680413639522158e-07 5.162237304290329121e-09 3.341753956886961419e-11 1.274607860663606873e-13 2.864458169239762460e-16 3.792947001464234684e-19 2.959257826505671482e-22 1.360360185953073985e-25 3.684514632200449541e-29 5.879986209996243339e-33 9.707063371777519537e-33 5.905923156068005602e-29 2.117126655023718247e-25 4.471649332220911779e-22 5.564917541544903777e-19 4.080576458837263578e-16 1.762971414904015988e-13
1.762971550429287548e-13 4.487884716630752280e-11 6.731315060903853009e-09 5.948726311544305645e-07 3.097538137808442116e-05 9.503340697847306728e-04 1.717935875058174133e-02 1.829789280891418457e-01 1.148319244384765625e+00 4.246125221252441406e+00 9.250996589660644531e+00 1.187549209594726562e+01 8.982191085815429688e+00 4.002953529357910156e+00 1.051099896430969238e+00 1.626209616661071777e-01 1.482436992228031158e-02 7.962322561070322990e-04 2.519844383641611785e-05 4.698681266290805070e-07 5.162239524736378371e-09 3.341754303831656614e-11 1.274608673815236237e-13 2.864459492728742545e-16 3.792948293933941798e-19 2.959258331376650823e-22 1.360360802250656189e-25 3.684515534980110972e-29 5.879989516074105027e-33 9.707060433041642481e-33 5.905926767186651329e-29 2.117127394580816892e-25 4.471651351704829145e-22 5.564920643472200851e-19 4.080577782326243663e-16 1.762971550429287548e-13
1.762972092530373791e-13 4.487885757464837866e-11 6.731316837260692409e-09 5.948727448412682861e-07 3.097538137808442116e-05 9.503344190306961536e-04 1.717935875058174133e-02 1.829789578914642334e-01 1.148319482803344727e+00 4.246125221252441406e+00 9.250997543334960938e+00 1.187549591064453125e+01 8.982192993164062500e+00 4.002954483032226562e+00 1.051099777221679688e+00 1.626210212707519531e-01 1.482437178492546082e-02 7.962324889376759529e-04 2.519844929338432848e-05 4.698682687376276590e-07 5.162240857004007921e-09 3.341755344665742200e-11 1.274608944865779359e-13 2.864460286822130596e-16 3.792949586403648912e-19 2.959259593554099177e-22 1.360361295288721952e-25 3.684516437759772404e-29 5.880037270532107182e-33 9.707078065456904816e-33 5.905927970892866571e-29 2.117128134137915537e-25 4.471651351704829145e-22 5.564921677447966542e-19 4.080578047024039680e-16 1.762972092530373791e-13
1.762972770156731595e-13 4.487887839133009038e-11 6.731316837260692409e-09 5.948729722149437293e-07 3.097538865404203534e-05 9.503347100690007210e-04 1.717936247587203979e-02 1.829789876937866211e-01 1.148319482803344727e+00 4.246127128601074219e+00 9.251001358032226562e+00 1.187549972534179688e+01 8.982194900512695312e+00 4.002954483032226562e+00 1.051100254058837891e+00 1.626210063695907593e-01 1.482437364757061005e-02 7.962326053529977798e-04 2.519845656934194267e-05 4.698684392678842414e-07 5.162242189271637471e-09 3.341754997721047005e-11 1.274609215916322480e-13 2.864460551519926613e-16 3.792949844897590335e-19 2.959259845989588848e-22 1.360361418548238393e-25 3.684517340539433835e-29 5.879977026446627540e-33 9.707060433041642481e-33 5.905928572745974192e-29 2.117128627175981300e-25 4.471652361446787828e-22 5.564922711423732234e-19 4.080579105815223748e-16 1.762972770156731595e-13
1.762973041207274716e-13 4.487887839133009038e-11 6.731317725439112110e-09 5.948729722149437293e-07 3.097539592999964952e-05 9.503348264843225479e-04 1.717936433851718903e-02 1.829790174961090088e-01 1.148319959640502930e+00 4.246127128601074219e+00 9.251001358032226562e+00 1.187549781799316406e+01 8.982196807861328125e+00 4.002955436706542969e+00 1.051100254058837891e+00 1.626210510730743408e-01 1.482437830418348312e-02 7.962327799759805202e-04 2.519846020732074976e-05 4.698684676895936718e-07 5.162242189271637471e-09 3.341756038555132591e-11 1.274609215916322480e-13 2.864460816217722630e-16 3.792950878873356027e-19 2.959260350860568189e-22 1.360361295288721952e-25 3.684518243319095267e-29 5.880010821909213681e-33 9.707079534824843343e-33 5.905929174599081813e-29 2.117128627175981300e-25 4.471653371188746511e-22 5.564923228411615079e-19 4.080580429304203833e-16 1.762973041207274716e-13
1.762972905682003155e-13 4.487887839133009038e-11 6.731318169528321960e-09 5.948729722149437293e-07 3.097539592999964952e-05 9.503348264843225479e-04 1.717936992645263672e-02 1.829790472984313965e-01 1.148319959640502930e+00 4.246128082275390625e+00 9.251001358032226562e+00 1.187550163269042969e+01 8.982198715209960938e+00 4.002955436706542969e+00 1.051100254058837891e+00 1.626210510730743408e-01 1.482437830418348312e-02 7.962326635606586933e-04 2.519846384529955685e-05 4.698684676895936718e-07 5.162242633360847321e-09 3.341756732444522981e-11 1.274609486966865601e-13 2.864461345613314664e-16 3.792950878873356027e-19 2.959260350860568189e-22 1.360361541807754834e-25 3.684518243319095267e-29 5.880013760645090737e-33 9.707079534824843343e-33 5.905930378305297055e-29 2.117128873695014182e-25 4.471654380930705193e-22 5.564922711423732234e-19 4.080580694001999850e-16 1.762972905682003155e-13
1.762973176732546277e-13 4.487887839133009038e-11 6.731318613617531810e-09 5.948730859017814510e-07 3.097539592999964952e-05 9.503348846919834614e-04 1.717936992645263672e-02 1.829790472984313965e-01 1.148319959640502930e+00 4.246129035949707031e+00 9.251003265380859375e+00 1.187550067901611328e+01 8.982198715209960938e+00 4.002955436706542969e+00 1.051100492477416992e+00 1.626210659742355347e-01 1.482437830418348312e-02 7.962327217683196068e-04 2.519846020732074976e-05 4.698684961113031022e-07 5.162242633360847321e-09 3.341756385499827786e-11 1.274609215916322480e-13 2.864461345613314664e-16 3.792950878873356027e-19 2.959260350860568189e-22 1.360361788326787715e-25 3.684518243319095267e-29 5.879978495814566068e-33 9.707033984418748980e-33 5.905929174599081813e-29 2.117128627175981300e-25 4.471654380930705193e-22 5.564922711423732234e-19 4.080580694001999850e-16 1.762973176732546277e-13
1.762973176732546277e-13 4.487888879967094624e-11 6.731319057706741660e-09 5.948730290583625901e-07 3.097539956797845662e-05 9.503349428996443748e-04 1.717936992645263672e-02 1.829790771007537842e-01 1.148319840431213379e+00 4.246127605438232422e+00 9.251002311706542969e+00 1.187550354003906250e+01 8.982195854187011719e+00 4.002955436706542969e+00 1.051100254058837891e+00 1.626210510730743408e-01 1.482437923550605774e-02 7.962327799759805202e-04 2.519846020732074976e-05 4.698684676895936718e-07 5.162242633360847321e-09 3.341756732444522981e-11 1.274609215916322480e-13 2.864461080915518647e-16 3.792950878873356027e-19 2.959260350860568189e-22 1.360361665067271274e-25 3.684518845172202888e-29 5.880032862428291599e-33 9.707082473560720399e-33 5.905929174599081813e-29 2.117129366733079945e-25 4.471653876059725852e-22 5.564922711423732234e-19 4.080581223397591883e-16 1.762973176732546277e-13
1.762972770156731595e-13 4.487887492188313843e-11 6.731317725439112110e-09 5.948730290583625901e-07 3.097539592999964952e-05 9.503347682766616344e-04 1.717936620116233826e-02 1.829790323972702026e-01 1.148319721221923828e+00 4.246127128601074219e+00 9.251001358032226562e+00 1.187550163269042969e+01 8.982195854187011719e+00 4.002955436706542969e+00 1.051100254058837891e+00 1.626210510730743408e-01 1.482437737286090851e-02 7.962327217683196068e-04 2.519845838833134621e-05 4.698684392678842414e-07 5.162242189271637471e-09 3.341756732444522981e-11 1.274609215916322480e-13 2.864461080915518647e-16 3.792950878873356027e-19 2.959260350860568189e-22 1.360361665067271274e-25 3.684517641465987646e-29 5.880010087225244417e-33 9.707081004192781871e-33 5.905929174599081813e-29 2.117128627175981300e-25 4.471652866317767169e-22 5.564922711423732234e-19 4.080580164606407816e-16 1.762972770156731595e-13
1.762972770156731595e-13 4.487887145243618647e-11 6.731317725439112110e-09 5.948729722149437293e-07 3.097538865404203534e-05 9.503348264843225479e-04 1.717936433851718903e-02 1.829790174961090088e-01 1.148319840431213379e+00 4.246127128601074219e+00 9.251001358032226562e+00 1.187549781799316406e+01 8.982195854187011719e+00 4.002955436706542969e+00 1.051100254058837891e+00 1.626210212707519531e-01 1.482437737286090851e-02 7.962326635606586933e-04 2.519845293136313558e-05 4.698684392678842414e-07 5.162241301093217771e-09 3.341756038555132591e-11 1.274609215916322480e-13 2.864460551519926613e-16 3.792950361885473181e-19 2.959260098425078518e-22 1.360361541807754834e-25 3.684517942392541456e-29 5.879953516559611094e-33 9.707007535795855478e-33 5.905929174599081813e-29 2.117128627175981300e-25 4.471653371188746511e-22 5.564922711423732234e-19 4.080580429304203833e-16 1.762972770156731595e-13
1.762972634631460034e-13 4.487887145243618647e-11 6.731317281349902260e-09 5.948729722149437293e-07 3.097538865404203534e-05 9.503345936536788940e-04 1.717936247587203979e-02 1.829789578914642334e-01 1.148319721221923828e+00 4.246126651763916016e+00 9.250999450683593750e+00 1.187549591064453125e+01 8.982195854187011719e+00 4.002954483032226562e+00 1.051099896430969238e+00 1.626209914684295654e-01 1.482437551021575928e-02 7.962325471453368664e-04 2.519844747439492494e-05 4.698683540027559502e-07 5.162241301093217771e-09 3.341755691610437395e-11 1.274608944865779359e-13 2.864460286822130596e-16 3.792950361885473181e-19 2.959259341118609506e-22 1.360361295288721952e-25 3.684517039612880025e-29 5.880011556593182945e-33 9.707075126721027760e-33 5.905927369039758950e-29 2.117128134137915537e-25 4.471652866317767169e-22 5.564921677447966542e-19 4.080579370513019765e-16 1.762972634631460034e-13
1.762972092530373791e-13 4.487885757464837866e-11 6.731315949082272709e-09 5.948727448412682861e-07 3.097538137808442116e-05 9.503344772383570671e-04 1.717935875058174133e-02 1.829789578914642334e-01 1.148319482803344727e+00 4.246125698089599609e+00 9.250997543334960938e+00 1.187549400329589844e+01 8.982192993164062500e+00 4.002953529357910156e+00 1.051099777221679688e+00 1.626209914684295654e-01 1.482437178492546082e-02 7.962323725223541260e-04 2.519844747439492494e-05 4.698682403159182286e-07 5.162240857004007921e-09 3.341754650776351809e-11 1.274609080391050919e-13 2.864460022124334579e-16 3.792948810921824644e-19 2.959259341118609506e-22 1.360361048769689070e-25 3.684516437759772404e-29 5.880035801164168654e-33 9.707078065456904816e-33 5.905925563480436087e-29 2.117128134137915537e-25 4.471651856575808486e-22 5.564920643472200851e-19 4.080578576419631714e-16 1.762972092530373791e-13
1.762971550429287548e-13 4.487885063575447475e-11 6.731313728636223459e-09 5.948726311544305645e-07 3.097536682616919279e-05 9.503340697847306728e-04 1.717935130000114441e-02 1.829789280891418457e-01 1.148319005966186523e+00 4.246125221252441406e+00 9.250995635986328125e+00 1.187549304962158203e+01 8.982191085815429688e+00 4.002952575683593750e+00 1.051099777221679688e+00 1.626209318637847900e-01 1.482436805963516235e-02 7.962321396917104721e-04 2.519843837944790721e-05 4.698680982073710766e-07 5.162239524736378371e-09 3.341754650776351809e-11 1.274608673815236237e-13 2.864458963333150511e-16 3.792948035440000375e-19 2.959258331376650823e-22 1.360360802250656189e-25 3.684515835906664783e-29 5.879973353026781220e-33 9.707028106946994868e-33 5.905925563480436087e-29 2.117127148061784011e-25 4.471650341962870462e-22 5.564919609496435160e-19 4.080576988232855612e-16 1.762971550429287548e-13
1.762971008328201306e-13 4.487882981907276303e-11 6.731310620011754509e-09 5.948723469373362605e-07 3.097535591223277152e-05 9.503338951617479324e-04 1.717934757471084595e-02 1.829788386821746826e-01 1.148318648338317871e+00 4.246122360229492188e+00 9.250989913940429688e+00 1.187548732757568359e+01 8.982187271118164062e+00 4.002950668334960938e+00 1.051099181175231934e+00 1.626208722591400146e-01 1.482436433434486389e-02 7.962318486534059048e-04 2.519843110349029303e-05 4.698679845205333550e-07 5.162236416111909421e-09 3.341752916052875833e-11 1.274608131714149994e-13 2.864457904541966443e-16 3.792946742970293261e-19 2.959257069199202470e-22 1.360360062693557544e-25 3.684514632200449541e-29 5.880026250272568223e-33 9.707072187985150704e-33 5.905921952361790360e-29 2.117126655023718247e-25 4.471648827349932438e-22 5.564917024557020932e-19 4.080576194139467561e-16 1.762971008328201306e-13
1.762970737277658184e-13 4.487881594128495522e-11 6.731309287744124958e-09 5.948722332504985388e-07 3.097534499829635024e-05 9.503336041234433651e-04 1.717934384942054749e-02 1.829787790775299072e-01 1.148318529129028320e+00 4.246122360229492188e+00 9.250988960266113281e+00 1.187548255920410156e+01 8.982185363769531250e+00 4.002949714660644531e+00 1.051098823547363281e+00 1.626208424568176270e-01 1.482435874640941620e-02 7.962317322380840778e-04 2.519842382753267884e-05 4.698678708336956333e-07 5.162235083844279870e-09 3.341751875218790246e-11 1.274607860663606873e-13 2.864457375146374409e-16 3.792945967488468993e-19 2.959256564328223128e-22 1.360359816174524663e-25 3.684513428494234299e-29 5.880004944437459569e-33 9.707064841145458065e-33 5.905921350508682739e-29 2.117126161985652484e-25 4.471647312736994413e-22 5.564915473593372395e-19 4.080574870650487476e-16 1.762970737277658184e-13
1.762970466227115063e-13 4.487880553294409935e-11 6.731308399565705258e-09 5.948721764070796780e-07 3.097535227425396442e-05 9.503331966698169708e-04 1.717934198677539825e-02 1.829787641763687134e-01 1.148318052291870117e+00 4.246121406555175781e+00 9.250986099243164062e+00 1.187548255920410156e+01 8.982183456420898438e+00 4.002949237823486328e+00 1.051098704338073730e+00 1.626208126544952393e-01 1.482435502111911774e-02 7.962314994074404240e-04 2.519842018955387175e-05 4.698677571468579117e-07 5.162235083844279870e-09 3.341751181329399856e-11 1.274607318562520630e-13 2.864457375146374409e-16 3.792944675018761879e-19 2.959256059457243787e-22 1.360359569655491781e-25 3.684512826641126678e-29 5.879967475555027109e-33 9.707047208730195731e-33 5.905919544949359876e-29 2.117125668947586721e-25 4.471647312736994413e-22 5.564914956605489549e-19 4.080574076557099425e-16 1.762970466227115063e-13
1.762971008328201306e-13 4.487882981907276303e-11 6.731310620011754509e-09 5.948724037807551213e-07 3.097536682616919279e-05 9.503337205387651920e-04 1.717934757471084595e-02 1.829788088798522949e-01 1.148318767547607422e+00 4.246123313903808594e+00 9.250991821289062500e+00 1.187548828125000000e+01 8.982187271118164062e+00 4.002952575683593750e+00 1.051099061965942383e+00 1.626208722591400146e-01 1.482436060905456543e-02 7.962319068610668182e-04 2.519843292247969657e-05 4.698679845205333550e-07 5.162237748379538971e-09 3.341753956886961419e-11 1.274607860663606873e-13 2.864457904541966443e-16 3.792946742970293261e-19 2.959257321634692140e-22 1.360360062693557544e-25 3.684514632200449541e-29 5.880029189008445279e-33 9.707063371777519537e-33 5.905922554214897981e-29 2.117126655023718247e-25 4.471648827349932438e-22 5.564917541544903777e-19 4.080575664743875527e-16 1.762971008328201306e-13
1.762974260934718762e-13 4.487891655524656187e-11 6.731323942688050010e-09 5.948735406491323374e-07 3.097542503383010626e-05 9.503355831839144230e-04 1.717938482761383057e-02 1.829791814088821411e-01 1.148320913314819336e+00 4.246130943298339844e+00 9.251008033752441406e+00 1.187550830841064453e+01 8.982205390930175781e+00 4.002958297729492188e+00 1.051101446151733398e+00 1.626211851835250854e-01 1.482439041137695312e-02 7.962334202602505684e-04 2.519847839721478522e-05 4.698688371718162671e-07 5.162247518342155672e-09 3.341759508002084544e-11 1.274610571169038087e-13 2.864463463195682799e-16 3.792953980800653100e-19 2.959262875215464896e-22 1.360362774402919241e-25 3.684521553511187182e-29 5.879964536819150053e-33 9.707050147466072786e-33 5.905933989423942781e-29 2.117130845847277234e-25 4.471656905285601901e-22 5.564927881302560690e-19 4.080583605677756036e-16 1.762974260934718762e-13
1.762986729259702345e-13 4.487923227491918965e-11 6.731371016144294117e-09 5.948776902187091764e-07 3.097563603660091758e-05 9.503422188572585583e-04 1.717950031161308289e-02 1.829804480075836182e-01 1.148328661918640137e+00 4.246161460876464844e+00 9.251073837280273438e+00 1.187559318542480469e+01 8.982267379760742188e+00 4.002986431121826172e+00 1.051108360290527344e+00 1.626223325729370117e-01 1.482449378818273544e-02 7.962387753650546074e-04 2.519865302019752562e-05 4.698721340901101939e-07 5.162282157300523977e-09 3.341782406351967438e-11 1.274619244786417971e-13 2.864483315530384072e-16 3.792980347182678228e-19 2.959283574925617896e-22 1.360372142126168741e-25 3.684547132268261075e-29 5.880034331796230127e-33 9.707138309542384458e-33 5.905974915435261009e-29 2.117144897432151483e-25 4.471688712157300412e-22 5.564966138405891268e-19 4.080611663644133835e-16 1.762986729259702345e-13
1.763025082911554020e-13 4.488021065895964057e-11 6.731518453761964338e-09 5.948908210484660231e-07 3.097631270065903664e-05 9.503628825768828392e-04 1.717987656593322754e-02 1.829844713211059570e-01 1.148353815078735352e+00 4.246253967285156250e+00 9.251276016235351562e+00 1.187585258483886719e+01 8.982464790344238281e+00 4.003074169158935547e+00 1.051131486892700195e+00 1.626258790493011475e-01 1.482481695711612701e-02 7.962563540786504745e-04 2.519920599297620356e-05 4.698824227489240002e-07 5.162395844138245593e-09 3.341855611682653659e-11 1.274647298517631033e-13 2.864546048908040094e-16 3.793063065243933531e-19 2.959348198410973601e-22 1.360402094188663851e-25 3.684627479658128480e-29 5.880186411377867760e-33 9.707362388153009956e-33 5.906104915706507148e-29 2.117191736048398981e-25 4.471787161998271994e-22 5.565089698509891376e-19 4.080701660894779604e-16 1.763025082911554020e-13
1.763124151885064883e-13 4.488272253855285499e-11 6.731895929590336891e-09 5.949240744484995957e-07 3.097804801655001938e-05 9.504164336249232292e-04 1.718084514141082764e-02 1.829947084188461304e-01 1.148418426513671875e+00 4.246491432189941406e+00 9.251794815063476562e+00 1.187652015686035156e+01 8.982968330383300781e+00 4.003298759460449219e+00 1.051190376281738281e+00 1.626349985599517822e-01 1.482564862817525864e-02 7.963009411469101906e-04 2.520061570976395160e-05 4.699087980952754151e-07 5.162684946213857984e-09 3.342042614873363959e-11 1.274718584810471955e-13 2.864706720470222394e-16 3.793276064251665936e-19 2.959514300963176937e-22 1.360478391829340696e-25 3.684834216200596298e-29 5.880469264706034373e-33 9.707845075520816358e-33 5.906435934915698704e-29 2.117310558222247896e-25 4.472038082875004694e-22 5.565400408227481607e-19 4.080930359790538265e-16 1.763124151885064883e-13
1.763358610604864873e-13 4.488868998731021520e-11 6.732789881169765067e-09 5.950030299572972581e-07 3.098216620855964720e-05 9.505426278337836266e-04 1.718312501907348633e-02 1.830190420150756836e-01 1.148570895195007324e+00 4.247055530548095703e+00 9.253024101257324219e+00 1.187809562683105469e+01 8.984161376953125000e+00 4.003829956054687500e+00 1.051330089569091797e+00 1.626566052436828613e-01 1.482761930674314499e-02 7.964067044667899609e-04 2.520396446925587952e-05 4.699711837474751519e-07 5.163371952221496031e-09 3.342487397972604413e-11 1.274888126925194376e-13 2.865086826505302761e-16 3.793780127437440437e-19 2.959907090585104583e-22 1.360659090280442884e-25 3.685323823703645990e-29 5.881293580119548502e-33 9.709193955288384933e-33 5.907219547661821261e-29 2.117591589919732881e-25 4.472630801404751553e-22 5.566140217887833721e-19 4.081472725574577035e-16 1.763358610604864873e-13
1.763896781458232366e-13 4.490239430277043198e-11 6.734845126032951157e-09 5.951847015239764005e-07 3.099162495345808566e-05 9.508327348157763481e-04 1.718836650252342224e-02 1.830748915672302246e-01 1.148921489715576172e+00 4.248352050781250000e+00 9.255847930908203125e+00 1.188172340393066406e+01 8.986902236938476562e+00 4.005053043365478516e+00 1.051651239395141602e+00 1.627062559127807617e-01 1.483214367181062698e-02 7.966499542817473412e-04 2.521166243241168559e-05 4.701146849583892617e-07 5.164947580738044053e-09 3.343507415376478775e-11 1.275277355505116672e-13 2.865961652721138843e-16 3.794938180295014675e-19 2.960810809638125775e-22 1.361074474850848323e-25 3.686448988088343471e-29 5.883108984207599672e-33 9.712153262316580042e-33 5.909023301425361431e-29 2.118238209342981229e-25 4.473996982274849510e-22 5.567839557058747347e-19 4.082718393402632890e-16 1.763896781458232366e-13
1.765218017330677513e-13 4.493602712152267031e-11 6.739889979456847868e-09 5.956305813015205786e-07 3.101483889622613788e-05 9.515450801700353622e-04 1.720124483108520508e-02 1.832120418548583984e-01 1.149782299995422363e+00 4.251534938812255859e+00 9.262781143188476562e+00 1.189062213897705078e+01 8.993635177612304688e+00 4.008052825927734375e+00 1.052438735961914062e+00 1.628281176090240479e-01 1.484325714409351349e-02 7.972465828061103821e-04 2.523054718039929867e-05 4.704668299382319674e-07 5.168816485934257798e-09 3.346012356075789285e-11 1.276232537619076401e-13 2.868108616544632478e-16 3.797781096662782862e-19 2.963029212721352095e-22 1.362093954311330040e-25 3.689209989219554860e-29 5.887443252284272226e-33 9.719367858894751831e-33 5.913450532885021590e-29 2.119825052357639871e-25 4.477348315835718039e-22 5.572010098309663144e-19 4.085776711737812948e-16 1.765218017330677513e-13
1.768072179549745604e-13 4.500867734069657899e-11 6.750787484577358555e-09 5.965935088170226663e-07 3.106498479610309005e-05 9.530835086479783058e-04 1.722905412316322327e-02 1.835082471370697021e-01 1.151641130447387695e+00 4.258408546447753906e+00 9.277759552001953125e+00 1.190984725952148438e+01 9.008176803588867188e+00 4.014533042907714844e+00 1.054140448570251465e+00 1.630913913249969482e-01 1.486725546419620514e-02 7.985356496647000313e-04 2.527133983676321805e-05 4.712274517260084394e-07 5.177173356685216277e-09 3.351421917763275360e-11 1.278295909878587877e-13 2.872746121930849772e-16 3.803921361747340556e-19 2.967819933444323091e-22 1.364295985572544630e-25 3.695175256295740512e-29 5.897013613009888806e-33 9.735151074606448833e-33 5.923011571352688974e-29 2.123252159952759404e-25 4.484587155937515714e-22 5.581018612168248461e-19 4.092382774633008440e-16 1.768072179549745604e-13
1.773800290677529645e-13 4.515450860442804526e-11 6.772659322251683989e-09 5.985264692753844429e-07 3.116562947980128229e-05 9.561714250594377518e-04 1.728487387299537659e-02 1.841028034687042236e-01 1.155372262001037598e+00 4.272205352783203125e+00 9.307816505432128906e+00 1.194843578338623047e+01 9.037362098693847656e+00 4.027540206909179688e+00 1.057555913925170898e+00 1.636198014020919800e-01 1.491542253643274307e-02 8.011228637769818306e-04 2.535321800678502768e-05 4.727542091131908819e-07 5.193947494319672842e-09 3.362280592833499782e-11 1.282437562177482504e-13 2.882053425834398431e-16 3.816245318898614977e-19 2.977435201245880960e-22 1.368716564870176875e-25 3.707146716459430046e-29 5.916116130894720242e-33 9.766685914619164487e-33 5.942201657689184916e-29 2.130131273565319509e-25 4.499116837851983233e-22 5.599100780358657646e-19 4.105641222537702393e-16 1.773800290677529645e-13
1.784475074217278801e-13 4.542623915915200428e-11 6.813416941753303036e-09 6.021284093549184036e-07 3.135318547720089555e-05 9.619256015866994858e-04 1.738889515399932861e-02 1.852107346057891846e-01 1.162325620651245117e+00 4.297915458679199219e+00 9.363831520080566406e+00 1.202033996582031250e+01 9.091749191284179688e+00 4.051777839660644531e+00 1.063920140266418457e+00 1.646044552326202393e-01 1.500518433749675751e-02 8.059439714998006821e-04 2.550579301896505058e-05 4.755992790705931839e-07 5.225204713354969499e-09 3.382514407457293260e-11 1.290155319817049007e-13 2.899398013616206332e-16 3.839211213124325522e-19 2.995353072302708933e-22 1.376953258796815764e-25 3.729456809305833310e-29 5.951680712478848550e-33 9.825404061494645540e-33 5.977961361931594918e-29 2.142950509794193832e-25 4.526192563603085724e-22 5.632795982611005228e-19 4.130349173609110334e-16 1.784475074217278801e-13
1.804376689295422720e-13 4.593286861975798274e-11 6.889404158272327550e-09 6.088436634854588192e-07 3.170285708620212972e-05 9.726535063236951828e-04 1.758282817900180817e-02 1.872763335704803467e-01 1.175288319587707520e+00 4.345848083496093750e+00 9.468261718750000000e+00 1.215439796447753906e+01 9.193145751953125000e+00 4.096965312957763672e+00 1.075785636901855469e+00 1.664402186870574951e-01 1.517253089696168900e-02 8.149323984980583191e-04 2.579024658189155161e-05 4.809033953279140405e-07 5.283478543560704566e-09 3.420237704165884907e-11 1.304543631322832575e-13 2.931733496377639248e-16 3.882028666569484463e-19 3.028758870392794494e-22 1.392309915431140049e-25 3.771049673867306153e-29 6.018133612182740255e-33 9.935056378591256311e-33 6.044631038075204813e-29 2.166849543955930148e-25 4.576670573859602334e-22 5.695616214231344915e-19 4.176412942863167322e-16 1.804376689295422720e-13
1.835129270766344689e-13 4.671571116054984429e-11 7.006821789445893955e-09 6.192203727550804615e-07 3.224317697458900511e-05 9.892306989058852196e-04 1.788249425590038300e-02 1.904681175947189331e-01 1.195319056510925293e+00 4.419915199279785156e+00 9.629631996154785156e+00 1.236154747009277344e+01 9.349826812744140625e+00 4.166790962219238281e+00 1.094120264053344727e+00 1.692769080400466919e-01 1.543111819773912430e-02 8.288214448839426041e-04 2.622979809530079365e-05 4.890995910500350874e-07 5.373526068552791912e-09 3.478529964073828751e-11 1.326777365273992815e-13 2.981699705238374408e-16 3.948190966358479804e-19 3.080379403675560799e-22 1.416039344498253847e-25 3.835320363523938697e-29 6.120679698586645665e-33 1.010437238083179081e-32 6.147650836359800921e-29 2.203779820714818934e-25 4.654672130425897298e-22 5.792687927065974095e-19 4.247592827190090417e-16 1.835129270766344689e-13
1.884484051011686701e-13 4.797210892415471051e-11 7.195267048842879376e-09 6.358740165524068289e-07 3.311034015496261418e-05 1.015835558064281940e-03 1.836343482136726379e-02 1.955906599760055542e-01 1.227466583251953125e+00 4.538787841796875000e+00 9.888616561889648438e+00 1.269400596618652344e+01 9.601284980773925781e+00 4.278854370117187500e+00 1.123546361923217773e+00 1.738295257091522217e-01 1.584613323211669922e-02 8.511121850460767746e-04 2.693523310881573707e-05 5.022536697651958093e-07 5.518044687846668239e-09 3.572083254188562762e-11 1.362460491649564176e-13 3.061890696635103173e-16 4.054375883097970544e-19 3.163224439982167941e-22 1.454123083811995481e-25 3.938469560226673323e-29 6.285250744411689076e-33 1.037612243017091797e-32 6.312989514673014635e-29 2.263049652233435248e-25 4.779857918979485268e-22 5.948479123634211327e-19 4.361830043203909768e-16 1.884484051011686701e-13
1.951773703594283926e-13 4.968505468161410477e-11 7.452189976220324752e-09 6.585793244084925391e-07 3.429261778364889324e-05 1.052108244039118290e-03 1.901914179325103760e-02 2.025746703147888184e-01 1.271296024322509766e+00 4.700854778289794922e+00 1.024171257019042969e+01 1.314727306365966797e+01 9.944120407104492188e+00 4.431641101837158203e+00 1.163664937019348145e+00 1.800364851951599121e-01 1.641195267438888550e-02 8.815030450932681561e-04 2.789701647998299450e-05 5.201877684157807380e-07 5.715079076651363721e-09 3.699632267206709457e-11 1.411110269432247488e-13 3.171222533093136058e-16 4.199146190473645797e-19 3.276174427915926258e-22 1.506045785334126037e-25 4.079101265692383096e-29 6.509753267687452920e-33 1.074664339233788784e-32 6.538408179454495793e-29 2.343857112097815356e-25 4.950533592513696346e-22 6.160883078313460619e-19 4.517578755775886277e-16 1.951773703594283926e-13
2.033656446367992920e-13 5.176949841034783617e-11 7.764832332668447634e-09 6.862087502668146044e-07 3.573129652068018913e-05 1.096247462555766106e-03 1.981705427169799805e-02 2.110732793807983398e-01 1.324630618095397949e+00 4.898070335388183594e+00 1.067138290405273438e+01 1.369884204864501953e+01 1.036130619049072266e+01 4.617561817169189453e+00 1.212484359741210938e+00 1.875895857810974121e-01 1.710048317909240723e-02 9.184846421703696251e-04 2.906737972807604820e-05 5.420112074716598727e-07 5.954843729227832227e-09 3.854843874662172709e-11 1.470310554080658805e-13 3.304264939327184944e-16 4.375312913480595483e-19 3.413619998460862600e-22 1.569228983240220774e-25 4.250231877386787611e-29 6.782797830180423126e-33 1.119747706728891345e-32 6.812714770314924069e-29 2.442188870452647359e-25 5.158222367285387627e-22 6.419350653354256640e-19 4.707105024701996147e-16 2.033656446367992920e-13
2.121050459834988855e-13 5.399422575713686001e-11 8.098515635879266483e-09 7.156976380429114215e-07 3.726680733961984515e-05 1.143357250839471817e-03 2.066866680979728699e-02 2.201439291238784790e-01 1.381555080413818359e+00 5.108558177947998047e+00 1.112997245788574219e+01 1.428753280639648438e+01 1.080657005310058594e+01 4.815995216369628906e+00 1.264589309692382812e+00 1.956510245800018311e-01 1.783535629510879517e-02 9.579555480740964413e-04 3.031651431228965521e-05 5.653034804709022865e-07 6.210745695511832309e-09 4.020500599111187512e-11 1.533495281712954350e-13 3.446261807302691870e-16 4.563336753580609976e-19 3.560315815089292943e-22 1.636664757723038968e-25 4.432880753854843039e-29 7.074341000335489818e-33 1.167870388336441857e-32 7.105482603398519243e-29 2.547138678764217888e-25 5.379891524346022932e-22 6.695214353664925678e-19 4.909387080418163747e-16 2.121050459834988855e-13
2.200039467010334038e-13 5.600500271873976033e-11 8.400109052786319808e-09 7.423506644954613876e-07 3.865463804686442018e-05 1.185936504043638706e-03 2.143837697803974152e-02 2.283421754837036133e-01 1.433004975318908691e+00 5.298803329467773438e+00 1.154445838928222656e+01 1.481960868835449219e+01 1.120901298522949219e+01 4.995345592498779297e+00 1.311683177947998047e+00 2.029371559619903564e-01 1.849955320358276367e-02 9.936302667483687401e-04 3.144551737932488322e-05 5.863556680196779780e-07 6.442037570053571471e-09 4.170226663990916904e-11 1.590603462744283325e-13 3.574601857190499304e-16 4.733277391514449592e-19 3.692903769506495546e-22 1.697614862969776038e-25 4.597963343670764013e-29 7.337776631194457088e-33 1.211362209948927967e-32 7.370094544401388271e-29 2.641995751350584215e-25 5.580240989691027590e-22 6.944548303779487737e-19 5.092214906918268204e-16 2.200039467010334038e-13
2.252332164092568645e-13 5.733618094194703474e-11 8.599771561534907960e-09 7.599956006743013859e-07 3.957342414651066065e-05 1.214125077240169048e-03 2.194795012474060059e-02 2.337696552276611328e-01 1.467066049575805664e+00 5.424751758575439453e+00 1.181885910034179688e+01 1.517185688018798828e+01 1.147544097900390625e+01 5.114080429077148438e+00 1.342860817909240723e+00 2.077607810497283936e-01 1.893927156925201416e-02 1.017248025164008141e-03 3.219295103917829692e-05 6.002927079862274695e-07 6.595158197342243511e-09 4.269348416463536466e-11 1.628410541175753790e-13 3.659567202733986137e-16 4.845783260603552577e-19 3.780680385539309947e-22 1.737965468050380114e-25 4.707252946704002006e-29 7.512153871299250801e-33 1.240153886957205960e-32 7.545273521024205519e-29 2.704793516748768623e-25 5.712878169028715984e-22 7.109612712002327255e-19 5.213252209311763485e-16 2.252332164092568645e-13
2.274318970998945311e-13 5.789588947147095155e-11 8.683720409408124397e-09 7.674144626435008831e-07 3.995973020209930837e-05 1.225977204740047455e-03 2.216219902038574219e-02 2.360516786575317383e-01 1.481387138366699219e+00 5.477706432342529297e+00 1.193423175811767578e+01 1.531995964050292969e+01 1.158746051788330078e+01 5.164002418518066406e+00 1.355969309806823730e+00 2.097888886928558350e-01 1.912415213882923126e-02 1.027178019285202026e-03 3.250721056247130036e-05 6.061526391931693070e-07 6.659538254183416939e-09 4.311024801029184061e-11 1.644306706852921574e-13 3.695290817284436254e-16 4.893086617908163156e-19 3.817586454129169764e-22 1.754931154412322380e-25 4.753203528691204779e-29 7.585550269196655905e-33 1.252262066517850933e-32 7.618928906187972491e-29 2.731196937765548770e-25 5.768646722277751623e-22 7.179015750334940505e-19 5.264142478178393883e-16 2.274318970998945311e-13
2.260512740534514897e-13 5.754442755634414652e-11 8.631005243842082564e-09 7.627558034073445015e-07 3.971715705120004714e-05 1.218534889630973339e-03 2.202766388654708862e-02 2.346186935901641846e-01 1.472394585609436035e+00 5.444453716278076172e+00 1.186178398132324219e+01 1.522696018218994141e+01 1.151711845397949219e+01 5.132654666900634766e+00 1.347737789154052734e+00 2.085153460502624512e-01 1.900805719196796417e-02 1.020942581817507744e-03 3.230986840208061039e-05 6.024730510034714825e-07 6.619111481143136189e-09 4.284854415725902754e-11 1.634324999551933777e-13 3.672858737863182212e-16 4.863382562111383932e-19 3.794411866435438638e-22 1.744277834406345498e-25 4.724349487005638260e-29 7.539454727597098428e-33 1.244658528246350819e-32 7.572678300426620643e-29 2.714617053690066154e-25 5.733626851666711454e-22 7.135434705786818551e-19 5.232186042660857267e-16 2.260512740534514897e-13
2.219297201523293128e-13 5.649522516470995015e-11 8.473637791439614375e-09 7.488486630791157950e-07 3.899299917975440621e-05 1.196317374706268311e-03 2.162603661417961121e-02 2.303409427404403687e-01 1.445548415184020996e+00 5.345186233520507812e+00 1.164551067352294922e+01 1.494933032989501953e+01 1.130712890625000000e+01 5.039071559906005859e+00 1.323164820671081543e+00 2.047135382890701294e-01 1.866148784756660461e-02 1.002328004688024521e-03 3.172077413182705641e-05 5.914882308388769161e-07 6.498426685652702872e-09 4.206729756206506465e-11 1.604526515992799052e-13 3.605892313053257227e-16 4.774709834421465057e-19 3.725229396136280079e-22 1.712474783752843966e-25 4.638210464683596274e-29 7.401965969589046625e-33 1.221964801651360368e-32 7.434607179007284462e-29 2.665121701825203940e-25 5.629086247200353958e-22 7.005336773020244049e-19 5.136788956976341691e-16 2.219297201523293128e-13
2.154308903577067946e-13 5.484087489682210048e-11 8.225502945435891888e-09 7.269200636983441655e-07 3.785115404753014445e-05 1.161285326816141605e-03 2.099275588989257812e-02 2.235958427190780640e-01 1.403218030929565430e+00 5.188662052154541016e+00 1.130449104309082031e+01 1.451156711578369141e+01 1.097601985931396484e+01 4.891511917114257812e+00 1.284418463706970215e+00 1.987188607454299927e-01 1.811501942574977875e-02 9.729765006341040134e-04 3.079188900301232934e-05 5.741675295212189667e-07 6.308131794696691941e-09 4.083543225785746245e-11 1.557540988544880989e-13 3.500300391755148096e-16 4.634890978493743943e-19 3.616142428500952848e-22 1.662327882084075772e-25 4.502389371107101244e-29 7.185277545010373938e-33 1.186180623028819071e-32 7.216898252534428459e-29 2.587078706395557715e-25 5.464249406542226721e-22 6.800197532070741723e-19 4.986367552247002698e-16 2.154308903577067946e-13
2.075405548373349118e-13 5.283227674790502704e-11 7.924237266365707910e-09 7.002959705459943507e-07 3.646483310149051249e-05 1.118752406910061836e-03 2.022388391196727753e-02 2.154064327478408813e-01 1.351824164390563965e+00 4.998622894287109375e+00 1.089045619964599609e+01 1.398006629943847656e+01 1.057401466369628906e+01 4.712356090545654297e+00 1.237375497817993164e+00 1.914405971765518188e-01 1.745154336094856262e-02 9.373404900543391705e-04 2.966411011584568769e-05 5.531381930268253200e-07 6.077089942380098364e-09 3.933980224912758672e-11 1.500494471512112127e-13 3.372098514116861519e-16 4.465134905234080221e-19 3.483698109877372886e-22 1.601443843938150962e-25 4.337485832590697521e-29 6.922041748191046457e-33 1.142736115063953558e-32 6.952573997317002274e-29 2.492324925283968764e-25 5.264117540589318227e-22 6.551134483606790781e-19 4.803737719698318934e-16 2.075405548373349118e-13
1.990629476577090995e-13 5.067418012982827236e-11 7.600549523090194270e-09 6.716904863424133509e-07 3.497532088658772409e-05 1.073053572326898575e-03 1.939777657389640808e-02 2.066075354814529419e-01 1.296604990959167480e+00 4.794440269470214844e+00 1.044560432434082031e+01 1.340901279449462891e+01 1.014208889007568359e+01 4.519866943359375000e+00 1.186831355094909668e+00 1.836206763982772827e-01 1.673868484795093536e-02 8.990521309897303581e-04 2.845239396265242249e-05 5.305436161506804638e-07 5.828853844036530063e-09 3.773285156549732733e-11 1.439202625347704712e-13 3.234355604421143299e-16 4.282743131129786156e-19 3.341396437817640832e-22 1.536028169670280762e-25 4.160309004577132327e-29 6.639326540610655144e-33 1.096058336418754417e-32 6.668575765864552854e-29 2.390518727679703967e-25 5.049089456390940323e-22 6.283534317615526489e-19 4.607514596532979751e-16 1.990629476577090995e-13
1.924057701357950734e-13 4.897951141891176974e-11 7.346366626137523781e-09 6.492271040769992396e-07 3.380564885446801782e-05 1.037167850881814957e-03 1.874906569719314575e-02 1.996980309486389160e-01 1.253243088722229004e+00 4.634101867675781250e+00 1.009627532958984375e+01 1.296057987213134766e+01 9.802909851074218750e+00 4.368710041046142578e+00 1.147140741348266602e+00 1.774799078702926636e-01 1.617889851331710815e-02 8.689854294061660767e-04 2.750086787273176014e-05 5.128007956045621540e-07 5.633923105818894328e-09 3.647096513681447050e-11 1.391072180405641956e-13 3.126190820545749231e-16 4.139517066560170837e-19 3.229651829347060220e-22 1.484659396415035085e-25 4.021176515202506494e-29 6.417310187886880439e-33 1.059403557292635363e-32 6.445560300541802394e-29 2.310573344873310696e-25 4.880234347608234505e-22 6.073396837814672493e-19 4.453427127328805739e-16 1.924057701357950734e-13
1.868769895774224921e-13 4.757208516004141075e-11 7.135267932056876816e-09 6.305717192844895180e-07 3.283424302935600281e-05 1.007364946417510509e-03 1.821030862629413605e-02 1.939597278833389282e-01 1.217231273651123047e+00 4.500939369201660156e+00 9.806158065795898438e+00 1.258815479278564453e+01 9.521223068237304688e+00 4.243175029754638672e+00 1.114177346229553223e+00 1.723800450563430786e-01 1.571399718523025513e-02 8.440151577815413475e-04 2.671063157322350889e-05 4.980655603503691964e-07 5.472031716635683551e-09 3.542297358216650593e-11 1.351099408134631696e-13 3.036359270720286442e-16 4.020567460499279766e-19 3.136847708101963684e-22 1.441997675401166326e-25 3.905628241703117605e-29 6.232846471568062235e-33 1.028959135227101233e-32 6.260346627055620027e-29 2.244178866785384238e-25 4.740000374644395349e-22 5.898877238202469023e-19 4.325458448448810111e-16 1.868769895774224921e-13
1.824773649241120954e-13 4.645209217279955283e-11 6.967281862557683780e-09 6.157259804240311496e-07 3.206122346455231309e-05 9.836484678089618683e-04 1.778158172965049744e-02 1.893932521343231201e-01 1.188573837280273438e+00 4.394973754882812500e+00 9.575292587280273438e+00 1.229179191589355469e+01 9.297063827514648438e+00 4.143276691436767578e+00 1.087946414947509766e+00 1.683216691017150879e-01 1.534404046833515167e-02 8.241443429142236710e-04 2.608178510854486376e-05 4.863395020038296934e-07 5.343203213215019787e-09 3.458900527109065592e-11 1.319290271646622603e-13 2.964873660438963748e-16 3.925910856559364004e-19 3.062996443421345089e-22 1.408048183528364997e-25 3.813677123920779513e-29 6.086133756325901795e-33 1.004735943544897134e-32 6.112958217677202973e-29 2.191343921582075446e-25 4.628406217725658489e-22 5.759998783233644133e-19 4.223623382969569819e-16 1.824773649241120954e-13
1.796270516227563285e-13 4.572651285394968568e-11 6.858453804881037286e-09 6.061084718567144591e-07 3.156042657792568207e-05 9.682839736342430115e-04 1.750383339822292328e-02 1.864349693059921265e-01 1.170008420944213867e+00 4.326324462890625000e+00 9.425726890563964844e+00 1.209979438781738281e+01 9.151845932006835938e+00 4.078560352325439453e+00 1.070952653884887695e+00 1.656924933195114136e-01 1.510436832904815674e-02 8.112712530419230461e-04 2.567438787082210183e-05 4.787430043506901711e-07 5.259742419383428569e-09 3.404873605283853522e-11 1.298683112004733742e-13 2.918562663443426911e-16 3.864588597329569565e-19 3.015152092628563141e-22 1.386054741490803188e-25 3.754108110740882308e-29 5.991050222339794751e-33 9.890419919354656998e-33 6.017476027712452408e-29 2.157115493423568625e-25 4.556110208096901223e-22 5.670029449933548386e-19 4.157650898383688553e-16 1.796270516227563285e-13
1.780116581483887073e-13 4.531529665396938356e-11 6.796775586792591639e-09 6.006576995787327178e-07 3.127661329926922917e-05 9.595761657692492008e-04 1.734642311930656433e-02 1.847584247589111328e-01 1.159486293792724609e+00 4.287418365478515625e+00 9.340961456298828125e+00 1.199098205566406250e+01 9.069541931152343750e+00 4.041881561279296875e+00 1.061321496963500977e+00 1.642024368047714233e-01 1.496853679418563843e-02 8.039753884077072144e-04 2.544349445088300854e-05 4.744376269627537113e-07 5.212442033553088550e-09 3.374252266485910923e-11 1.287004086202719888e-13 2.892316288781568347e-16 3.829834862387095531e-19 2.988037491812051358e-22 1.373590122890728998e-25 3.720347160668881685e-29 5.937145724830930965e-33 9.801439405101225417e-33 5.963361007393816807e-29 2.137716417688052419e-25 4.515136898897466706e-22 5.619039452036365532e-19 4.120261275905107634e-16 1.780116581483887073e-13
1.771682030683036091e-13 4.510057952100687828e-11 6.764570237294265098e-09 5.978117769700475037e-07 3.112840931862592697e-05 9.550295071676373482e-04 1.726423203945159912e-02 1.838829517364501953e-01 1.153992414474487305e+00 4.267103672027587891e+00 9.296699523925781250e+00 1.193416404724121094e+01 9.026567459106445312e+00 4.022729396820068359e+00 1.056293010711669922e+00 1.634244024753570557e-01 1.489760912954807281e-02 8.001661626622080803e-04 2.532293729018419981e-05 4.721895834336464759e-07 5.187744900325697017e-09 3.358264707986613473e-11 1.280905991083575168e-13 2.878611295694993768e-16 3.811687553723447795e-19 2.973879394938379145e-22 1.367081897163139210e-25 3.702719484999769888e-29 5.909080429863064219e-33 9.755027949394884451e-33 5.935103402137902710e-29 2.127587443665014627e-25 4.493743496018852207e-22 5.592413542094049263e-19 4.100738489959876096e-16 1.771682030683036091e-13
1.766913167427358600e-13 4.497918704160497327e-11 6.746363467868832231e-09 5.962025397820980288e-07 3.104462302871979773e-05 9.524588822387158871e-04 1.721776463091373444e-02 1.833880394697189331e-01 1.150886178016662598e+00 4.255618095397949219e+00 9.271675109863281250e+00 1.190204238891601562e+01 9.002269744873046875e+00 4.011901855468750000e+00 1.053449392318725586e+00 1.629845201969146729e-01 1.485751289874315262e-02 7.980123627930879593e-04 2.525477430026512593e-05 4.709186782747565303e-07 5.173780515121961798e-09 3.349225063953298331e-11 1.277458092649799704e-13 2.870863326507781072e-16 3.801427929188376023e-19 2.965874665560920494e-22 1.363401861040283189e-25 3.692753098464119753e-29 5.893155052803314647e-33 9.728762997493698964e-33 5.919129618808533451e-29 2.121860560012142963e-25 4.481648301966769148e-22 5.577359888921349850e-19 4.089700062470376461e-16 1.766913167427358600e-13
1.764716438300631407e-13 4.492325955673948101e-11 6.737975510873184248e-09 5.954613584435719531e-07 3.100602771155536175e-05 9.512746473774313927e-04 1.719635725021362305e-02 1.831599473953247070e-01 1.149455308914184570e+00 4.250326156616210938e+00 9.260150909423828125e+00 1.188724517822265625e+01 8.991078376770019531e+00 4.006913185119628906e+00 1.052139520645141602e+00 1.627818644046783447e-01 1.483903732150793076e-02 7.970200385898351669e-04 2.522337672417052090e-05 4.703331342170713469e-07 5.167348327006493491e-09 3.345061727610953994e-11 1.275870143042923122e-13 2.867294406124084281e-16 3.796701884457342584e-19 2.962187087927810561e-22 1.361707042689222422e-25 3.688162463885740490e-29 5.885772213596181418e-33 9.716664221887860570e-33 5.911770159008543726e-29 2.119222559841277323e-25 4.476075031225818908e-22 5.570427598400272633e-19 4.084615747204482523e-16 1.764716438300631407e-13
1.763744315527726592e-13 4.489851546107814784e-11 6.734262925078837725e-09 5.951331445430696476e-07 3.098894740105606616e-05 9.507506038062274456e-04 1.718688383698463440e-02 1.830590665340423584e-01 1.148822069168090820e+00 4.247985363006591797e+00 9.255047798156738281e+00 1.188069534301757812e+01 8.986126899719238281e+00 4.004706382751464844e+00 1.051560163497924805e+00 1.626922041177749634e-01 1.483086310327053070e-02 7.965810946188867092e-04 2.520947964512743056e-05 4.700740419139037840e-07 5.164501271082144740e-09 3.343218757390076235e-11 1.275166766883523151e-13 2.865714689677455011e-16 3.794610409977290538e-19 2.960554840051599661e-22 1.360956638753130934e-25 3.686130607794411956e-29 5.882604623662699985e-33 9.711315722591619162e-33 5.908512328136991193e-29 2.118055045701550226e-25 4.473609241362715278e-22 5.567357724351935209e-19 4.082365815938338287e-16 1.763744315527726592e-13
1.763304129445697477e-13 4.488730914742333766e-11 6.732582491508765088e-09 5.949847832198429387e-07 3.098120942013338208e-05 9.505131747573614120e-04 1.718259230256080627e-02 1.830134093761444092e-01 1.148535251617431641e+00 4.246924400329589844e+00 9.252738952636718750e+00 1.187773132324218750e+01 8.983880996704101562e+00 4.003706932067871094e+00 1.051297783851623535e+00 1.626515835523605347e-01 1.482716016471385956e-02 7.963822572492063046e-04 2.520318957976996899e-05 4.699566602539562155e-07 5.163212524195159858e-09 3.342384008453436195e-11 1.274848553545898655e-13 2.864998946837025127e-16 3.793662512694093053e-19 2.959816213808823123e-22 1.360616935525820136e-25 3.685209772539751809e-29 5.881116521282955895e-33 9.708891265493048194e-33 5.907037788023319715e-29 2.117526508895052148e-25 4.472493476498370679e-22 5.565968060922846122e-19 4.081346729423672957e-16 1.763304129445697477e-13
1.763109515155736329e-13 4.488235477717594790e-11 6.731839086171476083e-09 5.949189016973832622e-07 3.097778972005471587e-05 9.504083427600562572e-04 1.718069799244403839e-02 1.829932034015655518e-01 1.148408651351928711e+00 4.246456146240234375e+00 9.251716613769531250e+00 1.187642002105712891e+01 8.982891082763671875e+00 4.003265380859375000e+00 1.051181554794311523e+00 1.626336276531219482e-01 1.482552476227283478e-02 7.962944218888878822e-04 2.520041016396135092e-05 4.699048758993740194e-07 5.162642757738922228e-09 3.342014859297748330e-11 1.274708149364561782e-13 2.864682897668580867e-16 3.793244527990812351e-19 2.959489057414209865e-22 1.360466558915762381e-25 3.684804123545215247e-29 5.880421142906047586e-33 9.707792178275029355e-33 5.906386582960873781e-29 2.117292808851880423e-25 4.472001227293512768e-22 5.565353879318025499e-19 4.080896213774852076e-16 1.763109515155736329e-13
1.763026844740084309e-13 4.488024535342916010e-11 6.731523782832482539e-09 5.948909347353037447e-07 3.097633452853187919e-05 9.503637556917965412e-04 1.717988587915897369e-02 1.829845905303955078e-01 1.148354649543762207e+00 4.246255874633789062e+00 9.251279830932617188e+00 1.187586212158203125e+01 8.982469558715820312e+00 4.003076553344726562e+00 1.051132202148437500e+00 1.626259684562683105e-01 1.482482627034187317e-02 7.962569361552596092e-04 2.519922782084904611e-05 4.698827638094371650e-07 5.162399396851924394e-09 3.341858040295520027e-11 1.274647976143988837e-13 2.864548166490408230e-16 3.793065650183347759e-19 2.959350217894890967e-22 1.360402710486246055e-25 3.684630187997112775e-29 5.880189350113744816e-33 9.707370469676671860e-33 5.906109128678260495e-29 2.117192968643563389e-25 4.471788676611210019e-22 5.565090215497774222e-19 4.080703778477147740e-16 1.763026844740084309e-13
1.762993234472737258e-13 4.487939880837288342e-11 6.731396329229255571e-09 5.948799071120447479e-07 3.097575972788035870e-05 9.503458277322351933e-04 1.717956736683845520e-02 1.829811632633209229e-01 1.148333072662353516e+00 4.246175765991210938e+00 9.251106262207031250e+00 1.187563896179199219e+01 8.982301712036132812e+00 4.003001689910888672e+00 1.051112294197082520e+00 1.626229286193847656e-01 1.482455059885978699e-02 7.962419767864048481e-04 2.519874760764651000e-05 4.698738962360948790e-07 5.162302585404177080e-09 3.341794896360994471e-11 1.274623988170922595e-13 2.864493903442224751e-16 3.792994305855515060e-19 2.959294682087163408e-22 1.360377442285375695e-25 3.684561576742843980e-29 5.880090902461863449e-33 9.707178717160693974e-33 5.905995980294027745e-29 2.117153279079269457e-25 4.471705372899618680e-22 5.564985783945439402e-19 4.080627810209690870e-16 1.762993234472737258e-13
1.762978462218137143e-13 4.487901716920816853e-11 6.731339041721184913e-09 5.948747912043472752e-07 3.097548687946982682e-05 9.503377368673682213e-04 1.717941835522651672e-02 1.829795837402343750e-01 1.148323535919189453e+00 4.246140003204345703e+00 9.251029968261718750e+00 1.187553787231445312e+01 8.982225418090820312e+00 4.002966880798339844e+00 1.051103591918945312e+00 1.626215279102325439e-01 1.482442207634449005e-02 7.962351664900779724e-04 2.519853478588629514e-05 4.698699740401934832e-07 5.162259952840031474e-09 3.341766793840683647e-11 1.274613281674469301e-13 2.864469551244991190e-16 3.792962769594661476e-19 2.959269438538196335e-22 1.360365979150346702e-25 3.684529076675032445e-29 5.879968210238996373e-33 9.707043535310349411e-33 5.905948433898525685e-29 2.117135036670836221e-25 4.471667002705188730e-22 5.564940289011748985e-19 4.080592870100616630e-16 1.762978462218137143e-13
1.762972092530373791e-13 4.487886451354228257e-11 6.731316837260692409e-09 5.948728016846871469e-07 3.097538137808442116e-05 9.503345936536788940e-04 1.717936247587203979e-02 1.829789876937866211e-01 1.148319482803344727e+00 4.246126174926757812e+00 9.250997543334960938e+00 1.187549591064453125e+01 8.982194900512695312e+00 4.002953529357910156e+00 1.051099777221679688e+00 1.626210212707519531e-01 1.482437271624803543e-02 7.962324889376759529e-04 2.519845293136313558e-05 4.698683824244653806e-07 5.162240412914798071e-09 3.341755344665742200e-11 1.274609215916322480e-13 2.864460551519926613e-16 3.792949844897590335e-19 2.959258836247630165e-22 1.360361295288721952e-25 3.684517039612880025e-29 5.880001271017613250e-33 9.707061902409581009e-33 5.905926767186651329e-29 2.117128134137915537e-25 4.471652361446787828e-22 5.564921677447966542e-19 4.080579105815223748e-16 1.762972092530373791e-13
1.762970601752386623e-13 4.487881594128495522e-11 6.731309731833334808e-09 5.948722900939173996e-07 3.097534499829635024e-05 9.503334295004606247e-04 1.717934384942054749e-02 1.829787939786911011e-01 1.148318290710449219e+00 4.246122837066650391e+00 9.250988006591796875e+00 1.187548446655273438e+01 8.982185363769531250e+00 4.002950191497802734e+00 1.051099061965942383e+00 1.626208126544952393e-01 1.482435874640941620e-02 7.962316740304231644e-04 2.519842382753267884e-05 4.698678424119862029e-07 5.162235083844279870e-09 3.341752222163485442e-11 1.274607860663606873e-13 2.864457375146374409e-16 3.792945450500586147e-19 2.959256311892733458e-22 1.360359816174524663e-25 3.684513428494234299e-29 5.880024413562645064e-33 9.707064841145458065e-33 5.905920748655575118e-29 2.117125668947586721e-25 4.471648322478953096e-22 5.564915473593372395e-19 4.080575400046079510e-16 1.762970601752386623e-13
1.762970330701843502e-13 4.487881247183800326e-11 6.731308399565705258e-09 5.948721764070796780e-07 3.097534499829635024e-05 9.503333130851387978e-04 1.717934012413024902e-02 1.829787790775299072e-01 1.148318052291870117e+00 4.246121406555175781e+00 9.250988006591796875e+00 1.187548255920410156e+01 8.982185363769531250e+00 4.002948760986328125e+00 1.051098585128784180e+00 1.626208126544952393e-01 1.482435874640941620e-02 7.962316158227622509e-04 2.519842018955387175e-05 4.698677571468579117e-07 5.162234639755070020e-09 3.341751875218790246e-11 1.274607860663606873e-13 2.864456845750782375e-16 3.792945192006644724e-19 2.959256564328223128e-22 1.360359569655491781e-25 3.684512826641126678e-29 5.879945067693964559e-33 9.706970801597392282e-33 5.905921952361790360e-29 2.117125422428553840e-25 4.471647312736994413e-22 5.564915990581255240e-19 4.080574076557099425e-16 1.762970330701843502e-13
1.762970737277658184e-13 4.487882288017885912e-11 6.731309731833334808e-09 5.948721764070796780e-07 3.097535227425396442e-05 9.503334877081215382e-04 1.717934384942054749e-02 1.829788088798522949e-01 1.148318290710449219e+00 4.246121406555175781e+00 9.250988960266113281e+00 1.187548446655273438e+01 8.982184410095214844e+00 4.002950668334960938e+00 1.051099061965942383e+00 1.626208126544952393e-01 1.482435874640941620e-02 7.962317904457449913e-04 2.519842746551148593e-05 4.698678424119862029e-07 5.162235083844279870e-09 3.341751875218790246e-11 1.274607589613063752e-13 2.864457110448578392e-16 3.792945708994527570e-19 2.959256311892733458e-22 1.360359816174524663e-25 3.684512826641126678e-29 5.880002005701582514e-33 9.707069249249273648e-33 5.905920748655575118e-29 2.117125668947586721e-25 4.471647312736994413e-22 5.564915990581255240e-19 4.080574870650487476e-16 1.762970737277658184e-13
1.762971143853472866e-13 4.487882981907276303e-11 6.731310620011754509e-09 5.948724606241739821e-07 3.097535955021157861e-05 9.503337787464261055e-04 1.717934757471084595e-02 1.829788535833358765e-01 1.148318529129028320e+00 4.246123313903808594e+00 9.250989913940429688e+00 1.187548637390136719e+01 8.982187271118164062e+00 4.002950668334960938e+00 1.051099061965942383e+00 1.626208722591400146e-01 1.482436247169971466e-02 7.962317904457449913e-04 2.519842746551148593e-05 4.698679276771144941e-07 5.162236860201119271e-09 3.341752569108180637e-11 1.274607996188878434e-13 2.864457904541966443e-16 3.792946225982410416e-19 2.959257826505671482e-22 1.360360062693557544e-25 3.684514030347341920e-29 5.879979230498535332e-33 9.707070718617212176e-33 5.905923156068005602e-29 2.117126161985652484e-25 4.471648322478953096e-22 5.564917541544903777e-19 4.080575929441671544e-16 1.762971143853472866e-13
1.762971821479830670e-13 4.487884369686057084e-11 6.731313284547013609e-09 5.948726311544305645e-07 3.097537046414799988e-05 9.503340697847306728e-04 1.717935316264629364e-02 1.829788982868194580e-01 1.148319005966186523e+00 4.246124267578125000e+00 9.250993728637695312e+00 1.187549114227294922e+01 8.982191085815429688e+00 4.002952575683593750e+00 1.051099419593811035e+00 1.626209169626235962e-01 1.482436619699001312e-02 7.962319650687277317e-04 2.519844019843731076e-05 4.698681550507899374e-07 5.162238192468748821e-09 3.341753956886961419e-11 1.274608673815236237e-13 2.864459492728742545e-16 3.792947518452117530e-19 2.959258583812140494e-22 1.360360309212590426e-25 3.684515534980110972e-29 5.879949843139764775e-33 9.706979617805023449e-33 5.905924961627328466e-29 2.117127148061784011e-25 4.471650846833849803e-22 5.564918575520669468e-19 4.080576988232855612e-16 1.762971821479830670e-13
1.762972092530373791e-13 4.487886451354228257e-11 6.731315949082272709e-09 5.948726879978494253e-07 3.097537774010561407e-05 9.503343608230352402e-04 1.717935875058174133e-02 1.829789876937866211e-01 1.148319125175476074e+00 4.246125221252441406e+00 9.250996589660644531e+00 1.187549400329589844e+01 8.982192993164062500e+00 4.002953529357910156e+00 1.051099658012390137e+00 1.626209914684295654e-01 1.482437178492546082e-02 7.962324307300150394e-04 2.519844565540552139e-05 4.698682118942087982e-07 5.162240857004007921e-09 3.341754650776351809e-11 1.274608538289964677e-13 2.864459757426538562e-16 3.792948810921824644e-19 2.959259341118609506e-22 1.360361048769689070e-25 3.684516437759772404e-29 5.880033597112260863e-33 9.707078065456904816e-33 5.905925563480436087e-29 2.117127641099849774e-25 4.471650341962870462e-22 5.564921160460083697e-19 4.080578311721835697e-16 1.762972092530373791e-13
1.762972634631460034e-13 4.487886451354228257e-11 6.731316837260692409e-09 5.948729153715248685e-07 3.097538137808442116e-05 9.503347100690007210e-04 1.717936433851718903e-02 1.829789876937866211e-01 1.148319482803344727e+00 4.246126174926757812e+00 9.250997543334960938e+00 1.187549781799316406e+01 8.982194900512695312e+00 4.002954483032226562e+00 1.051100134849548340e+00 1.626209914684295654e-01 1.482437364757061005e-02 7.962325471453368664e-04 2.519844929338432848e-05 4.698683824244653806e-07 5.162240412914798071e-09 3.341756038555132591e-11 1.274609215916322480e-13 2.864460286822130596e-16 3.792949586403648912e-19 2.959259593554099177e-22 1.360361172029205511e-25 3.684517039612880025e-29 5.880011556593182945e-33 9.707074392037058496e-33 5.905927970892866571e-29 2.117128627175981300e-25 4.471652866317767169e-22 5.564922194435849388e-19 4.080579370513019765e-16 1.762972634631460034e-13
1.762972905682003155e-13 4.487888186077704233e-11 6.731318169528321960e-09 5.948729722149437293e-07 3.097539592999964952e-05 9.503348264843225479e-04 1.717936620116233826e-02 1.829790174961090088e-01 1.148319721221923828e+00 4.246127128601074219e+00 9.251001358032226562e+00 1.187549972534179688e+01 8.982194900512695312e+00 4.002954959869384766e+00 1.051100254058837891e+00 1.626210510730743408e-01 1.482437737286090851e-02 7.962327799759805202e-04 2.519845656934194267e-05 4.698684392678842414e-07 5.162243077450057172e-09 3.341756732444522981e-11 1.274609486966865601e-13 2.864460551519926613e-16 3.792950361885473181e-19 2.959259845989588848e-22 1.360361541807754834e-25 3.684518243319095267e-29 5.879976659104642908e-33 9.707061902409581009e-33 5.905927970892866571e-29 2.117129120214047063e-25 4.471654380930705193e-22 5.564923745399497925e-19 4.080580694001999850e-16 1.762972905682003155e-13
1.762973041207274716e-13 4.487888186077704233e-11 6.731318613617531810e-09 5.948731427452003118e-07 3.097539229202084243e-05 9.503348846919834614e-04 1.717936620116233826e-02 1.829790771007537842e-01 1.148319959640502930e+00 4.246128082275390625e+00 9.251001358032226562e+00 1.187550163269042969e+01 8.982197761535644531e+00 4.002955436706542969e+00 1.051100254058837891e+00 1.626210510730743408e-01 1.482437737286090851e-02 7.962328381836414337e-04 2.519845656934194267e-05 4.698684961113031022e-07 5.162243077450057172e-09 3.341756732444522981e-11 1.274609486966865601e-13 2.864461080915518647e-16 3.792951395861238872e-19 2.959260350860568189e-22 1.360361788326787715e-25 3.684518243319095267e-29 5.880039107242030342e-33 9.707082473560720399e-33 5.905929174599081813e-29 2.117129120214047063e-25 4.471653371188746511e-22 5.564923745399497925e-19 4.080580429304203833e-16 1.762973041207274716e-13
1.762973176732546277e-13 4.487888533022399429e-11 6.731319501795951510e-09 5.948730290583625901e-07 3.097539229202084243e-05 9.503349428996443748e-04 1.717936620116233826e-02 1.829790771007537842e-01 1.148319959640502930e+00 4.246128082275390625e+00 9.251004219055175781e+00 1.187550163269042969e+01 8.982196807861328125e+00 4.002955436706542969e+00 1.051100254058837891e+00 1.626210510730743408e-01 1.482437737286090851e-02 7.962327217683196068e-04 2.519846020732074976e-05 4.698684961113031022e-07 5.162243077450057172e-09 3.341756732444522981e-11 1.274609215916322480e-13 2.864461610311110681e-16 3.792950878873356027e-19 2.959260855731547531e-22 1.360361788326787715e-25 3.684518845172202888e-29 5.879994291519905242e-33 9.707069249249273648e-33 5.905929174599081813e-29 2.117128627175981300e-25 4.471654380930705193e-22 5.564923745399497925e-19 4.080580429304203833e-16 1.762973176732546277e-13
1.762973176732546277e-13 4.487887839133009038e-11 6.731319057706741660e-09 5.948730290583625901e-07 3.097540320595726371e-05 9.503349428996443748e-04 1.717936806380748749e-02 1.829790472984313965e-01 1.148319959640502930e+00 4.246128082275390625e+00 9.251001358032226562e+00 1.187550163269042969e+01 8.982198715209960938e+00 4.002955913543701172e+00 1.051100492477416992e+00 1.626210510730743408e-01 1.482438016682863235e-02 7.962327217683196068e-04 2.519845656934194267e-05 4.698685245330125326e-07 5.162242633360847321e-09 3.341756385499827786e-11 1.274609622492137162e-13 2.864461610311110681e-16 3.792951395861238872e-19 2.959260855731547531e-22 1.360361665067271274e-25 3.684518243319095267e-29 5.879993924177920610e-33 9.707069249249273648e-33 5.905929174599081813e-29 2.117128873695014182e-25 4.471654380930705193e-22 5.564922711423732234e-19 4.080581223397591883e-16 1.762973176732546277e-13
1.762973176732546277e-13 4.487888533022399429e-11 6.731320389974371210e-09 5.948730859017814510e-07 3.097540320595726371e-05 9.503349428996443748e-04 1.717936806380748749e-02 1.829790472984313965e-01 1.148320198059082031e+00 4.246128082275390625e+00 9.251003265380859375e+00 1.187550067901611328e+01 8.982198715209960938e+00 4.002956390380859375e+00 1.051100730895996094e+00 1.626210808753967285e-01 1.482438109815120697e-02 7.962328381836414337e-04 2.519846748327836394e-05 4.698685245330125326e-07 5.162242633360847321e-09 3.341757426333913372e-11 1.274609758017408723e-13 2.864461875008906698e-16 3.792951912849121718e-19 2.959260855731547531e-22 1.360361911586304156e-25 3.684519146098756698e-29 5.880041311293938134e-33 9.707081004192781871e-33 5.905929776452189434e-29 2.117129120214047063e-25 4.471654380930705193e-22 5.564924779375263616e-19 4.080580694001999850e-16 1.762973176732546277e-13
1.762972905682003155e-13 4.487888533022399429e-11 6.731319501795951510e-09 5.948731427452003118e-07 3.097539592999964952e-05 9.503349428996443748e-04 1.717936992645263672e-02 1.829790771007537842e-01 1.148319959640502930e+00 4.246128082275390625e+00 9.251003265380859375e+00 1.187550163269042969e+01 8.982197761535644531e+00 4.002955913543701172e+00 1.051100492477416992e+00 1.626210808753967285e-01 1.482437923550605774e-02 7.962328381836414337e-04 2.519846384529955685e-05 4.698684961113031022e-07 5.162243077450057172e-09 3.341756732444522981e-11 1.274609486966865601e-13 2.864462139706702715e-16 3.792951395861238872e-19 2.959261360602526872e-22 1.360362034845820597e-25 3.684518544245649077e-29 5.879971883658842693e-33 9.707067779881335121e-33 5.905929174599081813e-29 2.117129613252112826e-25 4.471653876059725852e-22 5.564923745399497925e-19 4.080581223397591883e-16 1.762972905682003155e-13
1.762972499106188473e-13 4.487887145243618647e-11 6.731316837260692409e-09 5.948729153715248685e-07 3.097538865404203534e-05 9.503346518613398075e-04 1.717936247587203979e-02 1.829789876937866211e-01 1.148319721221923828e+00 4.246127128601074219e+00 9.250998497009277344e+00 1.187549972534179688e+01 8.982194900512695312e+00 4.002954959869384766e+00 1.051100254058837891e+00 1.626210212707519531e-01 1.482437644153833389e-02 7.962326053529977798e-04 2.519845656934194267e-05 4.698683255810465198e-07 5.162241301093217771e-09 3.341756038555132591e-11 1.274609215916322480e-13 2.864460551519926613e-16 3.792950361885473181e-19 2.959259341118609506e-22 1.360361418548238393e-25 3.684518243319095267e-29 5.879971883658842693e-33 9.707065575829427329e-33 5.905927970892866571e-29 2.117128134137915537e-25 4.471653371188746511e-22 5.564922711423732234e-19 4.080580164606407816e-16 1.762972499106188473e-13
1.762972905682003155e-13 4.487888186077704233e-11 6.731319501795951510e-09 5.948731427452003118e-07 3.097540320595726371e-05 9.503348846919834614e-04 1.717936806380748749e-02 1.829790771007537842e-01 1.148319959640502930e+00 4.246128082275390625e+00 9.251001358032226562e+00 1.187550354003906250e+01 8.982198715209960938e+00 4.002955436706542969e+00 1.051100492477416992e+00 1.626210808753967285e-01 1.482438109815120697e-02 7.962328381836414337e-04 2.519846202631015331e-05 4.698685813764313934e-07 5.162243077450057172e-09 3.341757079389218177e-11 1.274609486966865601e-13 2.864461610311110681e-16 3.792951395861238872e-19 2.959260855731547531e-22 1.360361665067271274e-25 3.684518845172202888e-29 5.880040576609968870e-33 9.707055290253857634e-33 5.905929174599081813e-29 2.117128873695014182e-25 4.471653876059725852e-22 5.564923745399497925e-19 4.080580694001999850e-16 1.762972905682003155e-13
1.762971821479830670e-13 4.487885063575447475e-11 6.731313728636223459e-09 5.948727448412682861e-07 3.097537774010561407e-05 9.503341862000524998e-04 1.717935688793659210e-02 1.829788982868194580e-01 1.148319125175476074e+00 4.246125221252441406e+00 9.250995635986328125e+00 1.187549495697021484e+01 8.982191085815429688e+00 4.002953052520751953e+00 1.051099777221679688e+00 1.626209318637847900e-01 1.482436712831258774e-02 7.962322561070322990e-04 2.519844201742671430e-05 4.698681834724993678e-07 5.162239524736378371e-09 3.341754303831656614e-11 1.274608673815236237e-13 2.864459492728742545e-16 3.792948293933941798e-19 2.959258836247630165e-22 1.360360678991139748e-25 3.684515835906664783e-29 5.879990250758074291e-33 9.707061167725611745e-33 5.905926767186651329e-29 2.117127641099849774e-25 4.471651351704829145e-22 5.564920643472200851e-19 4.080577782326243663e-16 1.762971821479830670e-13
1.762971279378744427e-13 4.487883675796666694e-11 6.731313284547013609e-09 5.948725743110117037e-07 3.097537410212680697e-05 9.503341279923915863e-04 1.717935130000114441e-02 1.829788684844970703e-01 1.148319005966186523e+00 4.246123313903808594e+00 9.250993728637695312e+00 1.187549209594726562e+01 8.982189178466796875e+00 4.002951622009277344e+00 1.051099300384521484e+00 1.626209020614624023e-01 1.482436712831258774e-02 7.962320232763886452e-04 2.519843837944790721e-05 4.698680413639522158e-07 5.162237748379538971e-09 3.341753609942266223e-11 1.274608402764693116e-13 2.864458698635354494e-16 3.792947518452117530e-19 2.959258331376650823e-22 1.360360555731623307e-25 3.684515534980110972e-29 5.879968944922965637e-33 9.707058963673703953e-33 5.905924359774220845e-29 2.117127148061784011e-25 4.471650341962870462e-22 5.564919609496435160e-19 4.080576988232855612e-16 1.762971279378744427e-13
1.762970872802929745e-13 4.487882288017885912e-11 6.731309731833334808e-09 5.948723469373362605e-07 3.097535227425396442e-05 9.503336623311042786e-04 1.717934384942054749e-02 1.829787790775299072e-01 1.148318529129028320e+00 4.246122360229492188e+00 9.250990867614746094e+00 1.187548637390136719e+01 8.982183456420898438e+00 4.002950668334960938e+00 1.051098942756652832e+00 1.626208275556564331e-01 1.482435967773199081e-02 7.962315576151013374e-04 2.519842382753267884e-05 4.698678708336956333e-07 5.162236860201119271e-09 3.341752222163485442e-11 1.274607589613063752e-13 2.864457904541966443e-16 3.792946225982410416e-19 2.959257069199202470e-22 1.360359816174524663e-25 3.684513729420788109e-29 5.880032862428291599e-33 9.707067779881335121e-33 5.905921952361790360e-29 2.117126161985652484e-25 4.471648322478953096e-22 5.564916507569138086e-19 4.080575400046079510e-16 1.762970872802929745e-13
1.762970195176571941e-13 4.487880900239105131e-11 6.731308399565705258e-09 5.948721195636608172e-07 3.097534863627515733e-05 9.503332548774778843e-04 1.717934012413024902e-02 1.829787492752075195e-01 1.148318290710449219e+00 4.246120929718017578e+00 9.250988006591796875e+00 1.187548255920410156e+01 8.982183456420898438e+00 4.002949237823486328e+00 1.051098585128784180e+00 1.626207828521728516e-01 1.482435408979654312e-02 7.962314411997795105e-04 2.519841655157506466e-05 4.698677571468579117e-07 5.162235083844279870e-09 3.341750834384704660e-11 1.274607318562520630e-13 2.864456845750782375e-16 3.792944933512703302e-19 2.959255807021754116e-22 1.360359569655491781e-25 3.684512826641126678e-29 5.879968210238996373e-33 9.707047208730195731e-33 5.905919544949359876e-29 2.117125668947586721e-25 4.471646302995035730e-22 5.564915473593372395e-19 4.080574341254895442e-16 1.762970195176571941e-13
1.762972905682003155e-13 4.487887145243618647e-11 6.731317725439112110e-09 5.948729153715248685e-07 3.097538865404203534e-05 9.503347100690007210e-04 1.717936247587203979e-02 1.829789727926254272e-01 1.148319602012634277e+00 4.246127128601074219e+00 9.250999450683593750e+00 1.187549781799316406e+01 8.982195854187011719e+00 4.002954959869384766e+00 1.051100134849548340e+00 1.626209914684295654e-01 1.482437551021575928e-02 7.962324889376759529e-04 2.519845475035253912e-05 4.698683540027559502e-07 5.162242189271637471e-09 3.341756038555132591e-11 1.274609080391050919e-13 2.864460286822130596e-16 3.792950620379414604e-19 2.959259845989588848e-22 1.360361295288721952e-25 3.684517641465987646e-29 5.880011556593182945e-33 9.707076596088966288e-33 5.905929174599081813e-29 2.117128380656948418e-25 4.471653371188746511e-22 5.564922711423732234e-19 4.080579635210815782e-16 1.762972905682003155e-13
1.762972363580916912e-13 4.487885063575447475e-11 6.731315060903853009e-09 5.948727448412682861e-07 3.097537410212680697e-05 9.503343608230352402e-04 1.717935875058174133e-02 1.829789429903030396e-01 1.148319244384765625e+00 4.246126174926757812e+00 9.250995635986328125e+00 1.187549400329589844e+01 8.982192993164062500e+00 4.002953529357910156e+00 1.051099777221679688e+00 1.626209616661071777e-01 1.482436992228031158e-02 7.962323725223541260e-04 2.519844747439492494e-05 4.698682118942087982e-07 5.162239524736378371e-09 3.341754650776351809e-11 1.274608673815236237e-13 2.864460022124334579e-16 3.792948552427883221e-19 2.959258836247630165e-22 1.360361048769689070e-25 3.684516437759772404e-29 5.880006413805398097e-33 9.707075126721027760e-33 5.905926165333543708e-29 2.117127641099849774e-25 4.471651351704829145e-22 5.564920643472200851e-19 4.080578576419631714e-16 1.762972363580916912e-13
1.762971685954559109e-13 4.487883675796666694e-11 6.731313284547013609e-09 5.948726311544305645e-07 3.097537410212680697e-05 9.503341279923915863e-04 1.717935502529144287e-02 1.829788833856582642e-01 1.148319005966186523e+00 4.246124267578125000e+00 9.250995635986328125e+00 1.187549209594726562e+01 8.982191085815429688e+00 4.002952098846435547e+00 1.051099538803100586e+00 1.626209020614624023e-01 1.482436619699001312e-02 7.962321396917104721e-04 2.519843837944790721e-05 4.698680982073710766e-07 5.162238636557958671e-09 3.341753956886961419e-11 1.274608402764693116e-13 2.864458963333150511e-16 3.792947518452117530e-19 2.959258331376650823e-22 1.360360309212590426e-25 3.684515234053557162e-29 5.879973353026781220e-33 9.707051616834011314e-33 5.905924961627328466e-29 2.117127148061784011e-25 4.471650341962870462e-22 5.564919092508552314e-19 4.080576988232855612e-16 1.762971685954559109e-13
1.762971008328201306e-13 4.487882981907276303e-11 6.731311064100964359e-09 5.948722900939173996e-07 3.097535955021157861e-05 9.503336623311042786e-04 1.717934943735599518e-02 1.829788237810134888e-01 1.148318529129028320e+00 4.246122837066650391e+00 9.250991821289062500e+00 1.187548637390136719e+01 8.982185363769531250e+00 4.002951145172119141e+00 1.051099061965942383e+00 1.626208722591400146e-01 1.482436247169971466e-02 7.962318486534059048e-04 2.519842746551148593e-05 4.698679560988239245e-07 5.162236860201119271e-09 3.341752569108180637e-11 1.274607860663606873e-13 2.864457904541966443e-16 3.792946484476351839e-19 2.959256816763712799e-22 1.360360185953073985e-25 3.684514331273895730e-29 5.880032495086306967e-33 9.707070718617212176e-33 5.905922554214897981e-29 2.117126655023718247e-25 4.471648827349932438e-22 5.564917024557020932e-19 4.080575400046079510e-16 1.762971008328201306e-13
1.762970466227115063e-13 4.487881247183800326e-11 6.731308843654915108e-09 5.948722332504985388e-07 3.097534499829635024e-05 9.503333130851387978e-04 1.717934198677539825e-02 1.829787492752075195e-01 1.148318171501159668e+00 4.246121406555175781e+00 9.250988006591796875e+00 1.187548255920410156e+01 8.982183456420898438e+00 4.002949237823486328e+00 1.051098823547363281e+00 1.626207828521728516e-01 1.482435688376426697e-02 7.962315576151013374e-04 2.519842200854327530e-05 4.698677287251484813e-07 5.162235972022699571e-09 3.341751528274095051e-11 1.274607589613063752e-13 2.864456845750782375e-16 3.792945192006644724e-19 2.959256059457243787e-22 1.360359692915008222e-25 3.684513127567680488e-29 5.879984373286320179e-33 9.707054555569888370e-33 5.905921350508682739e-29 2.117125668947586721e-25 4.471646302995035730e-22 5.564914439617606703e-19 4.080574341254895442e-16 1.762970466227115063e-13
1.762969924126028820e-13 4.487880206349714740e-11 6.731307511387285558e-09 5.948720058768230956e-07 3.097534136031754315e-05 9.503331966698169708e-04 1.717933826148509979e-02 1.829787492752075195e-01 1.148318052291870117e+00 4.246120452880859375e+00 9.250986099243164062e+00 1.187548065185546875e+01 8.982181549072265625e+00 4.002948760986328125e+00 1.051098704338073730e+00 1.626207828521728516e-01 1.482435222715139389e-02 7.962315576151013374e-04 2.519841655157506466e-05 4.698676718817296205e-07 5.162233751576650320e-09 3.341750487440009465e-11 1.274607318562520630e-13 2.864456316355190341e-16 3.792944158030879033e-19 2.959255554586264445e-22 1.360359323136458900e-25 3.684511923861465246e-29 5.879983271260366283e-33 9.707050882150042050e-33 5.905919544949359876e-29 2.117125175909520958e-25 4.471646302995035730e-22 5.564913405641841012e-19 4.080573547161507391e-16 1.762969924126028820e-13
1.762972499106188473e-13 4.487886798298923452e-11 6.731316837260692409e-09 5.948728016846871469e-07 3.097538501606322825e-05 9.503345354460179806e-04 1.717936061322689056e-02 1.829789876937866211e-01 1.148319602012634277e+00 4.246126651763916016e+00 9.250998497009277344e+00 1.187549781799316406e+01 8.982193946838378906e+00 4.002954483032226562e+00 1.051100015640258789e+00 1.626210063695907593e-01 1.482437364757061005e-02 7.962325471453368664e-04 2.519845111237373203e-05 4.698683255810465198e-07 5.162241301093217771e-09 3.341755691610437395e-11 1.274609080391050919e-13 2.864460286822130596e-16 3.792950103391531758e-19 2.959260098425078518e-22 1.360361295288721952e-25 3.684517340539433835e-29 5.880037637874091814e-33 9.707078800140874080e-33 5.905927970892866571e-29 2.117128380656948418e-25 4.471652866317767169e-22 5.564921677447966542e-19 4.080579370513019765e-16 1.762972499106188473e-13
1.762970195176571941e-13 4.487880900239105131e-11 6.731307511387285558e-09 5.948721195636608172e-07 3.097534499829635024e-05 9.503333712927997112e-04 1.717934012413024902e-02 1.829787343740463257e-01 1.148317933082580566e+00 4.246121406555175781e+00 9.250987052917480469e+00 1.187548160552978516e+01 8.982182502746582031e+00 4.002949237823486328e+00 1.051098704338073730e+00 1.626207828521728516e-01 1.482435408979654312e-02 7.962314994074404240e-04 2.519841837056446820e-05 4.698677287251484813e-07 5.162233751576650320e-09 3.341751181329399856e-11 1.274607318562520630e-13 2.864456316355190341e-16 3.792944416524820456e-19 2.959255807021754116e-22 1.360359446395975340e-25 3.684512525714572867e-29 5.879968210238996373e-33 9.707044269994318675e-33 5.905920146802467497e-29 2.117125668947586721e-25 4.471646807866015072e-22 5.564913922629723858e-19 4.080574076557099425e-16 1.762970195176571941e-13
1.762973041207274716e-13 4.487888186077704233e-11 6.731318169528321960e-09 5.948730290583625901e-07 3.097539592999964952e-05 9.503347682766616344e-04 1.717936620116233826e-02 1.829790323972702026e-01 1.148319721221923828e+00 4.246127605438232422e+00 9.251000404357910156e+00 1.187549972534179688e+01 8.982196807861328125e+00 4.002955436706542969e+00 1.051100254058837891e+00 1.626210361719131470e-01 1.482437551021575928e-02 7.962327217683196068e-04 2.519845656934194267e-05 4.698684676895936718e-07 5.162242633360847321e-09 3.341756385499827786e-11 1.274609351441594041e-13 2.864461080915518647e-16 3.792950361885473181e-19 2.959260603296057860e-22 1.360361541807754834e-25 3.684518243319095267e-29 5.880010087225244417e-33 9.707080269508812607e-33 5.905929174599081813e-29 2.117128627175981300e-25 4.471653371188746511e-22 5.564922711423732234e-19 4.080579899908611799e-16 1.762973041207274716e-13
1.762973041207274716e-13 4.487888533022399429e-11 6.731318613617531810e-09 5.948730290583625901e-07 3.097539956797845662e-05 9.503348846919834614e-04 1.717936620116233826e-02 1.829790472984313965e-01 1.148319840431213379e+00 4.246128082275390625e+00 9.251001358032226562e+00 1.187550067901611328e+01 8.982197761535644531e+00 4.002955436706542969e+00 1.051100492477416992e+00 1.626210659742355347e-01 1.482437737286090851e-02 7.962327799759805202e-04 2.519845838833134621e-05 4.698684392678842414e-07 5.162243077450057172e-09 3.341756732444522981e-11 1.274609486966865601e-13 2.864461345613314664e-16 3.792950878873356027e-19 2.959260855731547531e-22 1.360361541807754834e-25 3.684518243319095267e-29 5.880012291277152209e-33 9.707080269508812607e-33 5.905929174599081813e-29 2.117129120214047063e-25 4.471653371188746511e-22 5.564923745399497925e-19 4.080580164606407816e-16 1.762973041207274716e-13
1.762973176732546277e-13 4.487888186077704233e-11 6.731319057706741660e-09 5.948731427452003118e-07 3.097539592999964952e-05 9.503349428996443748e-04 1.717936620116233826e-02 1.829790472984313965e-01 1.148319959640502930e+00 4.246127605438232422e+00 9.251003265380859375e+00 1.187550163269042969e+01 8.982197761535644531e+00 4.002955913543701172e+00 1.051100492477416992e+00 1.626210659742355347e-01 1.482437923550605774e-02 7.962328381836414337e-04 2.519845838833134621e-05 4.698685529547219630e-07 5.162242633360847321e-09 3.341756732444522981e-11 1.274609486966865601e-13 2.864461345613314664e-16 3.792951137367297449e-19 2.959260855731547531e-22 1.360361788326787715e-25 3.684518845172202888e-29 5.879977761130596804e-33 9.707061902409581009e-33 5.905929174599081813e-29 2.117129120214047063e-25 4.471654380930705193e-22 5.564923745399497925e-19 4.080580429304203833e-16 1.762973176732546277e-13
1.762972092530373791e-13 4.487885757464837866e-11 6.731315060903853009e-09 5.948727448412682861e-07 3.097538137808442116e-05 9.503343608230352402e-04 1.717935875058174133e-02 1.829789578914642334e-01 1.148319244384765625e+00 4.246125221252441406e+00 9.250996589660644531e+00 1.187549400329589844e+01 8.982192039489746094e+00 4.002953529357910156e+00 1.051099896430969238e+00 1.626209616661071777e-01 1.482437085360288620e-02 7.962323725223541260e-04 2.519844565540552139e-05 4.698682687376276590e-07 5.162240412914798071e-09 3.341754997721047005e-11 1.274608673815236237e-13 2.864459757426538562e-16 3.792948293933941798e-19 2.959258836247630165e-22 1.360360925510172630e-25 3.684516136833218593e-29 5.880036903190122550e-33 9.707076596088966288e-33 5.905926767186651329e-29 2.117127641099849774e-25 4.471651351704829145e-22 5.564919609496435160e-19 4.080578311721835697e-16 1.762972092530373791e-13
1.762972905682003155e-13 4.487887839133009038e-11 6.731318169528321960e-09 5.948730859017814510e-07 3.097539229202084243e-05 9.503347100690007210e-04 1.717936620116233826e-02 1.829790472984313965e-01 1.148319959640502930e+00 4.246127128601074219e+00 9.251001358032226562e+00 1.187550067901611328e+01 8.982195854187011719e+00 4.002955436706542969e+00 1.051100254058837891e+00 1.626210361719131470e-01 1.482437644153833389e-02 7.962326635606586933e-04 2.519845656934194267e-05 4.698684392678842414e-07 5.162242633360847321e-09 3.341756385499827786e-11 1.274609215916322480e-13 2.864461080915518647e-16 3.792950361885473181e-19 2.959260603296057860e-22 1.360361541807754834e-25 3.684518243319095267e-29 5.879992454809982083e-33 9.707069249249273648e-33 5.905929174599081813e-29 2.117128873695014182e-25 4.471653371188746511e-22 5.564922711423732234e-19 4.080579899908611799e-16 1.762972905682003155e-13
1.762972092530373791e-13 4.487886451354228257e-11 6.731315949082272709e-09 5.948728585281060077e-07 3.097538137808442116e-05 9.503344190306961536e-04 1.717936061322689056e-02 1.829789876937866211e-01 1.148319482803344727e+00 4.246126174926757812e+00 9.250997543334960938e+00 1.187549591064453125e+01 8.982192039489746094e+00 4.002954006195068359e+00 1.051100015640258789e+00 1.626209914684295654e-01 1.482437364757061005e-02 7.962324307300150394e-04 2.519844565540552139e-05 4.698682971593370894e-07 5.162240857004007921e-09 3.341754997721047005e-11 1.274608944865779359e-13 2.864460286822130596e-16 3.792949327909707490e-19 2.959259341118609506e-22 1.360361295288721952e-25 3.684517039612880025e-29 5.879968577580981005e-33 9.707063371777519537e-33 5.905927369039758950e-29 2.117128134137915537e-25 4.471652361446787828e-22 5.564920643472200851e-19 4.080578841117427731e-16 1.762972092530373791e-13
1.762972228055645352e-13 4.487885757464837866e-11 6.731315060903853009e-09 5.948727448412682861e-07 3.097538137808442116e-05 9.503342444077134132e-04 1.717935688793659210e-02 1.829789429903030396e-01 1.148319244384765625e+00 4.246125221252441406e+00 9.250995635986328125e+00 1.187549400329589844e+01 8.982192039489746094e+00 4.002953052520751953e+00 1.051099896430969238e+00 1.626209765672683716e-01 1.482436992228031158e-02 7.962323725223541260e-04 2.519844201742671430e-05 4.698682118942087982e-07 5.162240412914798071e-09 3.341754650776351809e-11 1.274608673815236237e-13 2.864460022124334579e-16 3.792948810921824644e-19 2.959258836247630165e-22 1.360361048769689070e-25 3.684516437759772404e-29 5.880036535848137918e-33 9.707076596088966288e-33 5.905925563480436087e-29 2.117127641099849774e-25 4.471651351704829145e-22 5.564920643472200851e-19 4.080577782326243663e-16 1.762972228055645352e-13
1.762971550429287548e-13 4.487885063575447475e-11 6.731313284547013609e-09 5.948725174675928429e-07 3.097537410212680697e-05 9.503341279923915863e-04 1.717935502529144287e-02 1.829788982868194580e-01 1.148319005966186523e+00 4.246125221252441406e+00 9.250995635986328125e+00 1.187549114227294922e+01 8.982192039489746094e+00 4.002952575683593750e+00 1.051099658012390137e+00 1.626209318637847900e-01 1.482436619699001312e-02 7.962321396917104721e-04 2.519844201742671430e-05 4.698681266290805070e-07 5.162239524736378371e-09 3.341753956886961419e-11 1.274608402764693116e-13 2.864459228030946528e-16 3.792948293933941798e-19 2.959258331376650823e-22 1.360360555731623307e-25 3.684515234053557162e-29 5.879972618342811957e-33 9.707056024937826898e-33 5.905924359774220845e-29 2.117127641099849774e-25 4.471651351704829145e-22 5.564918575520669468e-19 4.080577517628447646e-16 1.762971550429287548e-13
1.762971414904015988e-13 4.487882981907276303e-11 6.731311508190174209e-09 5.948724037807551213e-07 3.097536318819038570e-05 9.503338369540870190e-04 1.717934757471084595e-02 1.829788386821746826e-01 1.148318886756896973e+00 4.246123313903808594e+00 9.250991821289062500e+00 1.187548637390136719e+01 8.982188224792480469e+00 4.002951145172119141e+00 1.051099300384521484e+00 1.626208722591400146e-01 1.482436433434486389e-02 7.962318486534059048e-04 2.519843110349029303e-05 4.698680413639522158e-07 5.162236860201119271e-09 3.341752916052875833e-11 1.274608131714149994e-13 2.864457904541966443e-16 3.792946484476351839e-19 2.959257321634692140e-22 1.360360062693557544e-25 3.684514632200449541e-29 5.880007148489367361e-33 9.707069249249273648e-33 5.905923156068005602e-29 2.117126901542751129e-25 4.471648322478953096e-22 5.564918058532786623e-19 4.080575929441671544e-16 1.762971414904015988e-13
1.762970466227115063e-13 4.487881594128495522e-11 6.731309731833334808e-09 5.948721764070796780e-07 3.097535227425396442e-05 9.503335459157824516e-04 1.717934384942054749e-02 1.829788088798522949e-01 1.148318171501159668e+00 4.246122360229492188e+00 9.250988006591796875e+00 1.187548446655273438e+01 8.982183456420898438e+00 4.002950191497802734e+00 1.051099061965942383e+00 1.626208126544952393e-01 1.482435688376426697e-02 7.962315576151013374e-04 2.519842382753267884e-05 4.698678424119862029e-07 5.162235527933489720e-09 3.341751528274095051e-11 1.274607860663606873e-13 2.864457375146374409e-16 3.792945192006644724e-19 2.959256311892733458e-22 1.360359569655491781e-25 3.684513428494234299e-29 5.880026250272568223e-33 9.707067779881335121e-33 5.905920146802467497e-29 2.117126161985652484e-25 4.471648322478953096e-22 5.564914956605489549e-19 4.080574870650487476e-16 1.762970466227115063e-13
1.762970195176571941e-13 4.487880900239105131e-11 6.731308399565705258e-09 5.948720627202419564e-07 3.097534863627515733e-05 9.503333130851387978e-04 1.717934012413024902e-02 1.829787492752075195e-01 1.148318052291870117e+00 4.246121406555175781e+00 9.250987052917480469e+00 1.187548065185546875e+01 8.982182502746582031e+00 4.002949237823486328e+00 1.051098704338073730e+00 1.626207828521728516e-01 1.482435502111911774e-02 7.962314994074404240e-04 2.519841837056446820e-05 4.698677571468579117e-07 5.162234195665860170e-09 3.341751181329399856e-11 1.274607183037249070e-13 2.864456316355190341e-16 3.792944933512703302e-19 2.959255554586264445e-22 1.360359569655491781e-25 3.684512224788019057e-29 5.879944700351979927e-33 9.706970801597392282e-33 5.905920748655575118e-29 2.117125422428553840e-25 4.471645293253077047e-22 5.564915473593372395e-19 4.080573282463711374e-16 1.762970195176571941e-13
1.762970195176571941e-13 4.487879512460324349e-11 6.731305290941236308e-09 5.948718921899853740e-07 3.097533772233873606e-05 9.503329638391733170e-04 1.717933453619480133e-02 1.829787194728851318e-01 1.148317694664001465e+00 4.246119499206542969e+00 9.250985145568847656e+00 1.187548065185546875e+01 8.982179641723632812e+00 4.002948760986328125e+00 1.051098465919494629e+00 1.626207828521728516e-01 1.482435222715139389e-02 7.962314411997795105e-04 2.519841291359625757e-05 4.698677003034390509e-07 5.162233307487440470e-09 3.341749793550619074e-11 1.274607047511977509e-13 2.864456316355190341e-16 3.792943899536937610e-19 2.959255302150774775e-22 1.360359323136458900e-25 3.684512224788019057e-29 5.880025515588598959e-33 9.707064841145458065e-33 5.905918341243144634e-29 2.117125175909520958e-25 4.471645293253077047e-22 5.564913405641841012e-19 4.080573282463711374e-16 1.762970195176571941e-13
1.762969788600757259e-13 4.487879512460324349e-11 6.731306623208865858e-09 5.948720627202419564e-07 3.097534499829635024e-05 9.503330802544951439e-04 1.717933639883995056e-02 1.829787194728851318e-01 1.148317575454711914e+00 4.246120452880859375e+00 9.250986099243164062e+00 1.187547874450683594e+01 8.982181549072265625e+00 4.002948760986328125e+00 1.051098585128784180e+00 1.626207530498504639e-01 1.482435315847396851e-02 7.962312665767967701e-04 2.519841291359625757e-05 4.698676434600201901e-07 5.162233751576650320e-09 3.341750487440009465e-11 1.274607047511977509e-13 2.864455786959598307e-16 3.792943899536937610e-19 2.959255049715285104e-22 1.360359076617426018e-25 3.684511923861465246e-29 5.880004944437459569e-33 9.707060433041642481e-33 5.905918341243144634e-29 2.117125175909520958e-25 4.471645293253077047e-22 5.564912371666075321e-19 4.080573282463711374e-16 1.762969788600757259e-13
1.762970466227115063e-13 4.487881247183800326e-11 6.731307955476495408e-09 5.948721764070796780e-07 3.097534499829635024e-05 9.503333712927997112e-04 1.717934198677539825e-02 1.829787790775299072e-01 1.148318171501159668e+00 4.246120452880859375e+00 9.250988006591796875e+00 1.187548160552978516e+01 8.982183456420898438e+00 4.002949714660644531e+00 1.051098823547363281e+00 1.626208275556564331e-01 1.482435688376426697e-02 7.962315576151013374e-04 2.519841837056446820e-05 4.698677287251484813e-07 5.162234195665860170e-09 3.341751875218790246e-11 1.274607725138335312e-13 2.864457375146374409e-16 3.792945192006644724e-19 2.959256311892733458e-22 1.360359569655491781e-25 3.684512826641126678e-29 5.879966740871057845e-33 9.707049412782103522e-33 5.905920748655575118e-29 2.117125668947586721e-25 4.471646302995035730e-22 5.564915473593372395e-19 4.080573811859303408e-16 1.762970466227115063e-13
1.762971008328201306e-13 4.487881941073190717e-11 6.731310175922544659e-09 5.948722900939173996e-07 3.097535227425396442e-05 9.503336623311042786e-04 1.717934571206569672e-02 1.829788386821746826e-01 1.148318529129028320e+00 4.246122360229492188e+00 9.250989913940429688e+00 1.187548542022705078e+01 8.982185363769531250e+00 4.002950668334960938e+00 1.051099061965942383e+00 1.626208424568176270e-01 1.482435874640941620e-02 7.962318486534059048e-04 2.519842746551148593e-05 4.698678992554050637e-07 5.162235972022699571e-09 3.341752569108180637e-11 1.274607860663606873e-13 2.864457110448578392e-16 3.792945708994527570e-19 2.959256311892733458e-22 1.360359816174524663e-25 3.684514030347341920e-29 5.880033597112260863e-33 9.707067045197365857e-33 5.905921952361790360e-29 2.117125915466619603e-25 4.471648322478953096e-22 5.564917541544903777e-19 4.080574870650487476e-16 1.762971008328201306e-13
1.762971279378744427e-13 4.487884369686057084e-11 6.731312840457803759e-09 5.948725174675928429e-07 3.097536318819038570e-05 9.503339533694088459e-04 1.717935130000114441e-02 1.829788535833358765e-01 1.148319005966186523e+00 4.246123313903808594e+00 9.250993728637695312e+00 1.187549018859863281e+01 8.982190132141113281e+00 4.002951622009277344e+00 1.051099300384521484e+00 1.626209169626235962e-01 1.482436433434486389e-02 7.962320814840495586e-04 2.519843474146910012e-05 4.698680982073710766e-07 5.162237748379538971e-09 3.341753956886961419e-11 1.274608402764693116e-13 2.864458433937558477e-16 3.792947776946058953e-19 2.959258331376650823e-22 1.360360432472106867e-25 3.684514632200449541e-29 5.879968210238996373e-33 9.707058963673703953e-33 5.905923757921113224e-29 2.117126901542751129e-25 4.471648827349932438e-22 5.564917541544903777e-19 4.080576458837263578e-16 1.762971279378744427e-13
1.762972092530373791e-13 4.487885063575447475e-11 6.731314172725433309e-09 5.948727448412682861e-07 3.097537410212680697e-05 9.503342444077134132e-04 1.717935875058174133e-02 1.829789131879806519e-01 1.148319363594055176e+00 4.246125221252441406e+00 9.250997543334960938e+00 1.187549209594726562e+01 8.982191085815429688e+00 4.002953052520751953e+00 1.051099538803100586e+00 1.626209318637847900e-01 1.482436805963516235e-02 7.962322561070322990e-04 2.519844201742671430e-05 4.698682118942087982e-07 5.162240412914798071e-09 3.341755344665742200e-11 1.274608673815236237e-13 2.864459492728742545e-16 3.792949327909707490e-19 2.959259088683119835e-22 1.360361048769689070e-25 3.684516437759772404e-29 5.880012291277152209e-33 9.707066310513396593e-33 5.905926767186651329e-29 2.117127641099849774e-25 4.471650846833849803e-22 5.564920643472200851e-19 4.080577517628447646e-16 1.762972092530373791e-13
1.762972363580916912e-13 4.487886104409533061e-11 6.731316393171482559e-09 5.948728585281060077e-07 3.097538865404203534e-05 9.503343608230352402e-04 1.717935875058174133e-02 1.829789578914642334e-01 1.148319244384765625e+00 4.246126174926757812e+00 9.250997543334960938e+00 1.187549400329589844e+01 8.982192993164062500e+00 4.002953529357910156e+00 1.051100254058837891e+00 1.626210063695907593e-01 1.482437085360288620e-02 7.962324889376759529e-04 2.519844929338432848e-05 4.698683540027559502e-07 5.162240857004007921e-09 3.341754997721047005e-11 1.274609080391050919e-13 2.864460286822130596e-16 3.792949327909707490e-19 2.959259593554099177e-22 1.360361295288721952e-25 3.684517641465987646e-29 5.880035801164168654e-33 9.707080269508812607e-33 5.905926165333543708e-29 2.117128380656948418e-25 4.471652866317767169e-22 5.564921677447966542e-19 4.080578576419631714e-16 1.762972363580916912e-13
1.762972905682003155e-13 4.487887145243618647e-11 6.731317725439112110e-09 5.948730290583625901e-07 3.097539229202084243e-05 9.503348264843225479e-04 1.717936620116233826e-02 1.829790323972702026e-01 1.148319721221923828e+00 4.246127128601074219e+00 9.251000404357910156e+00 1.187549781799316406e+01 8.982194900512695312e+00 4.002954483032226562e+00 1.051100134849548340e+00 1.626210361719131470e-01 1.482437551021575928e-02 7.962326053529977798e-04 2.519845656934194267e-05 4.698684392678842414e-07 5.162242189271637471e-09 3.341756038555132591e-11 1.274609215916322480e-13 2.864460551519926613e-16 3.792950361885473181e-19 2.959260350860568189e-22 1.360361541807754834e-25 3.684517942392541456e-29 5.879977761130596804e-33 9.707032515050810452e-33 5.905927970892866571e-29 2.117128627175981300e-25 4.471653371188746511e-22 5.564921677447966542e-19 4.080579899908611799e-16 1.762972905682003155e-13
1.762972905682003155e-13 4.487888533022399429e-11 6.731317725439112110e-09 5.948729722149437293e-07 3.097539592999964952e-05 9.503348846919834614e-04 1.717936620116233826e-02 1.829790174961090088e-01 1.148319721221923828e+00 4.246127128601074219e+00 9.251001358032226562e+00 1.187549781799316406e+01 8.982196807861328125e+00 4.002955436706542969e+00 1.051100254058837891e+00 1.626210361719131470e-01 1.482438109815120697e-02 7.962327799759805202e-04 2.519845838833134621e-05 4.698684392678842414e-07 5.162242189271637471e-09 3.341756038555132591e-11 1.274609215916322480e-13 2.864460551519926613e-16 3.792950361885473181e-19 2.959260350860568189e-22 1.360361541807754834e-25 3.684517641465987646e-29 5.880008985199290521e-33 9.707081004192781871e-33 5.905929174599081813e-29 2.117128627175981300e-25 4.471652361446787828e-22 5.564923745399497925e-19 4.080580958699795866e-16 1.762972905682003155e-13
1.762973176732546277e-13 4.487888186077704233e-11 6.731318613617531810e-09 5.948730859017814510e-07 3.097539592999964952e-05 9.503348264843225479e-04 1.717936433851718903e-02 1.829790472984313965e-01 1.148319959640502930e+00 4.246128082275390625e+00 9.251001358032226562e+00 1.187549781799316406e+01 8.982195854187011719e+00 4.002956390380859375e+00 1.051100492477416992e+00 1.626210510730743408e-01 1.482437737286090851e-02 7.962326635606586933e-04 2.519845656934194267e-05 4.698685245330125326e-07 5.162243077450057172e-09 3.341756038555132591e-11 1.274609215916322480e-13 2.864461345613314664e-16 3.792950878873356027e-19 2.959260855731547531e-22 1.360361665067271274e-25 3.684518243319095267e-29 5.880012291277152209e-33 9.707081004192781871e-33 5.905929174599081813e-29 2.117128627175981300e-25 4.471654380930705193e-22 5.564923745399497925e-19 4.080580164606407816e-16 1.762973176732546277e-13
1.762973041207274716e-13 4.487887839133009038e-11 6.731318613617531810e-09 5.948730859017814510e-07 3.097540320595726371e-05 9.503348264843225479e-04 1.717936992645263672e-02 1.829790771007537842e-01 1.148319959640502930e+00 4.246127605438232422e+00 9.251003265380859375e+00 1.187550163269042969e+01 8.982196807861328125e+00 4.002955436706542969e+00 1.051100254058837891e+00 1.626210510730743408e-01 1.482438109815120697e-02 7.962328963913023472e-04 2.519846202631015331e-05 4.698685245330125326e-07 5.162244853806896572e-09 3.341756732444522981e-11 1.274609486966865601e-13 2.864461610311110681e-16 3.792951395861238872e-19 2.959260350860568189e-22 1.360361788326787715e-25 3.684518845172202888e-29 5.879977761130596804e-33 9.707060433041642481e-33 5.905930378305297055e-29 2.117129120214047063e-25 4.471653371188746511e-22 5.564923745399497925e-19 4.080580694001999850e-16 1.762973041207274716e-13
1.762973176732546277e-13 4.487887839133009038e-11 6.731318613617531810e-09 5.948730859017814510e-07 3.097539592999964952e-05 9.503348264843225479e-04 1.717936992645263672e-02 1.829790472984313965e-01 1.148319959640502930e+00 4.246127128601074219e+00 9.250999450683593750e+00 1.187549781799316406e+01 8.982197761535644531e+00 4.002954959869384766e+00 1.051100492477416992e+00 1.626210659742355347e-01 1.482437923550605774e-02 7.962327217683196068e-04 2.519846020732074976e-05 4.698684676895936718e-07 5.162243077450057172e-09 3.341756038555132591e-11 1.274609486966865601e-13 2.864461610311110681e-16 3.792951137367297449e-19 2.959260855731547531e-22 1.360361665067271274e-25 3.684518544245649077e-29 5.880039107242030342e-33 9.707082473560720399e-33 5.905929174599081813e-29 2.117128627175981300e-25 4.471654380930705193e-22 5.564923228411615079e-19 4.080580694001999850e-16 1.762973176732546277e-13
1.762972634631460034e-13 4.487886798298923452e-11 6.731317281349902260e-09 5.948730859017814510e-07 3.097539229202084243e-05 9.503347682766616344e-04 1.717936620116233826e-02 1.829790323972702026e-01 1.148319840431213379e+00 4.246127605438232422e+00 9.251001358032226562e+00 1.187549972534179688e+01 8.982196807861328125e+00 4.002954483032226562e+00 1.051100254058837891e+00 1.626210361719131470e-01 1.482437830418348312e-02 7.962327217683196068e-04 2.519845475035253912e-05 4.698684108461748110e-07 5.162243965628476872e-09 3.341756732444522981e-11 1.274609215916322480e-13 2.864461080915518647e-16 3.792949844897590335e-19 2.959260350860568189e-22 1.360361788326787715e-25 3.684517641465987646e-29 5.879992087467997451e-33 9.707069249249273648e-33 5.905927970892866571e-29 2.117128627175981300e-25 4.471653371188746511e-22 5.564922711423732234e-19 4.080580164606407816e-16 1.762972634631460034e-13
1.762972634631460034e-13 4.487886451354228257e-11 6.731316837260692409e-09 5.948728585281060077e-07 3.097539229202084243e-05 9.503347100690007210e-04 1.717936247587203979e-02 1.829789876937866211e-01 1.148319721221923828e+00 4.246126651763916016e+00 9.251000404357910156e+00 1.187549781799316406e+01 8.982196807861328125e+00 4.002954483032226562e+00 1.051100373268127441e+00 1.626210361719131470e-01 1.482437457889318466e-02 7.962326053529977798e-04 2.519845838833134621e-05 4.698683824244653806e-07 5.162241301093217771e-09 3.341756732444522981e-11 1.274609215916322480e-13 2.864461080915518647e-16 3.792950361885473181e-19 2.959259845989588848e-22 1.360361541807754834e-25 3.684517641465987646e-29 5.879970414290904165e-33 9.707066310513396593e-33 5.905928572745974192e-29 2.117128873695014182e-25 4.471652361446787828e-22 5.564922711423732234e-19 4.080580164606407816e-16 1.762972634631460034e-13
1.762972363580916912e-13 4.487885757464837866e-11 6.731314172725433309e-09 5.948727448412682861e-07 3.097538865404203534e-05 9.503343608230352402e-04 1.717936061322689056e-02 1.829789429903030396e-01 1.148319482803344727e+00 4.246125221252441406e+00 9.250997543334960938e+00 1.187549495697021484e+01 8.982192993164062500e+00 4.002954006195068359e+00 1.051099777221679688e+00 1.626209914684295654e-01 1.482437178492546082e-02 7.962325471453368664e-04 2.519845111237373203e-05 4.698682971593370894e-07 5.162241301093217771e-09 3.341755344665742200e-11 1.274608944865779359e-13 2.864460022124334579e-16 3.792949327909707490e-19 2.959258836247630165e-22 1.360360925510172630e-25 3.684516437759772404e-29 5.880037637874091814e-33 9.707077330772935552e-33 5.905925563480436087e-29 2.117128380656948418e-25 4.471652361446787828e-22 5.564921677447966542e-19 4.080578576419631714e-16 1.762972363580916912e-13
1.762971821479830670e-13 4.487885757464837866e-11 6.731314172725433309e-09 5.948726879978494253e-07 3.097537410212680697e-05 9.503342444077134132e-04 1.717935502529144287e-02 1.829789578914642334e-01 1.148319244384765625e+00 4.246124267578125000e+00 9.250995635986328125e+00 1.187549591064453125e+01 8.982191085815429688e+00 4.002952098846435547e+00 1.051099538803100586e+00 1.626209318637847900e-01 1.482436805963516235e-02 7.962321396917104721e-04 2.519844201742671430e-05 4.698682118942087982e-07 5.162238636557958671e-09 3.341753956886961419e-11 1.274608402764693116e-13 2.864458963333150511e-16 3.792948552427883221e-19 2.959258331376650823e-22 1.360360555731623307e-25 3.684515835906664783e-29 5.879972618342811957e-33 9.707056759621796162e-33 5.905925563480436087e-29 2.117127394580816892e-25 4.471651351704829145e-22 5.564919609496435160e-19 4.080577782326243663e-16 1.762971821479830670e-13
1.762971008328201306e-13 4.487882981907276303e-11 6.731311508190174209e-09 5.948724037807551213e-07 3.097536318819038570e-05 9.503338951617479324e-04 1.717934757471084595e-02 1.829788386821746826e-01 1.148318767547607422e+00 4.246123313903808594e+00 9.250991821289062500e+00 1.187548828125000000e+01 8.982186317443847656e+00 4.002950191497802734e+00 1.051099181175231934e+00 1.626208722591400146e-01 1.482436247169971466e-02 7.962320232763886452e-04 2.519843656045850366e-05 4.698680413639522158e-07 5.162238192468748821e-09 3.341753956886961419e-11 1.274607860663606873e-13 2.864458433937558477e-16 3.792946742970293261e-19 2.959257069199202470e-22 1.360360309212590426e-25 3.684514030347341920e-29 5.880007883173336625e-33 9.707067045197365857e-33 5.905923156068005602e-29 2.117126655023718247e-25 4.471649332220911779e-22 5.564917024557020932e-19 4.080576458837263578e-16 1.762971008328201306e-13
1.762970737277658184e-13 4.487882288017885912e-11 6.731309731833334808e-09 5.948722900939173996e-07 3.097534499829635024e-05 9.503334295004606247e-04 1.717934198677539825e-02 1.829787939786911011e-01 1.148318290710449219e+00 4.246122360229492188e+00 9.250988006591796875e+00 1.187548446655273438e+01 8.982184410095214844e+00 4.002949714660644531e+00 1.051099300384521484e+00 1.626208126544952393e-01 1.482435874640941620e-02 7.962316740304231644e-04 2.519842382753267884e-05 4.698678139902767725e-07 5.162235083844279870e-09 3.341752569108180637e-11 1.274607860663606873e-13 2.864457375146374409e-16 3.792945450500586147e-19 2.959256816763712799e-22 1.360359816174524663e-25 3.684513428494234299e-29 5.880027719640506751e-33 9.707069249249273648e-33 5.905921350508682739e-29 2.117125668947586721e-25 4.471648322478953096e-22 5.564915473593372395e-19 4.080575400046079510e-16 1.762970737277658184e-13
1.762970466227115063e-13 4.487880900239105131e-11 6.731308399565705258e-09 5.948720627202419564e-07 3.097535227425396442e-05 9.503334295004606247e-04 1.717934012413024902e-02 1.829787790775299072e-01 1.148318052291870117e+00 4.246121406555175781e+00 9.250988006591796875e+00 1.187548160552978516e+01 8.982184410095214844e+00 4.002948760986328125e+00 1.051098585128784180e+00 1.626207977533340454e-01 1.482435502111911774e-02 7.962313829921185970e-04 2.519842018955387175e-05 4.698678139902767725e-07 5.162235083844279870e-09 3.341751528274095051e-11 1.274607589613063752e-13 2.864456845750782375e-16 3.792945192006644724e-19 2.959255807021754116e-22 1.360359323136458900e-25 3.684512525714572867e-29 5.879944700351979927e-33 9.706970801597392282e-33 5.905919544949359876e-29 2.117125915466619603e-25 4.471647312736994413e-22 5.564915473593372395e-19 4.080574341254895442e-16 1.762970466227115063e-13
1.762970872802929745e-13 4.487882288017885912e-11 6.731309731833334808e-09 5.948722332504985388e-07 3.097535591223277152e-05 9.503335459157824516e-04 1.717934198677539825e-02 1.829788088798522949e-01 1.148318290710449219e+00 4.246122360229492188e+00 9.250988006591796875e+00 1.187548542022705078e+01 8.982184410095214844e+00 4.002949237823486328e+00 1.051098942756652832e+00 1.626208275556564331e-01 1.482435781508684158e-02 7.962317904457449913e-04 2.519842382753267884e-05 4.698678424119862029e-07 5.162235527933489720e-09 3.341751875218790246e-11 1.274607589613063752e-13 2.864457904541966443e-16 3.792945192006644724e-19 2.959256816763712799e-22 1.360359939434041103e-25 3.684513127567680488e-29 5.880026250272568223e-33 9.707064841145458065e-33 5.905920748655575118e-29 2.117125668947586721e-25 4.471648322478953096e-22 5.564915990581255240e-19 4.080575400046079510e-16 1.762970872802929745e-13
1.762972905682003155e-13 4.487887492188313843e-11 6.731318613617531810e-09 5.948729722149437293e-07 3.097539229202084243e-05 9.503348264843225479e-04 1.717936620116233826e-02 1.829790323972702026e-01 1.148319721221923828e+00 4.246127605438232422e+00 9.251001358032226562e+00 1.187549972534179688e+01 8.982195854187011719e+00 4.002956390380859375e+00 1.051100254058837891e+00 1.626210361719131470e-01 1.482437737286090851e-02 7.962328381836414337e-04 2.519845656934194267e-05 4.698683824244653806e-07 5.162242189271637471e-09 3.341756385499827786e-11 1.274609486966865601e-13 2.864460551519926613e-16 3.792950620379414604e-19 2.959260350860568189e-22 1.360361418548238393e-25 3.684517942392541456e-29 5.880003842411505674e-33 9.707059698357673217e-33 5.905929776452189434e-29 2.117128873695014182e-25 4.471653876059725852e-22 5.564923228411615079e-19 4.080579899908611799e-16 1.762972905682003155e-13
1.762981037198296796e-13 4.487908308870025564e-11 6.731348811683801614e-09 5.948755870122113265e-07 3.097553417319431901e-05 9.503391338512301445e-04 1.717944070696830750e-02 1.829798817634582520e-01 1.148324966430664062e+00 4.246146202087402344e+00 9.251043319702148438e+00 1.187555313110351562e+01 8.982234954833984375e+00 4.002973556518554688e+00 1.051105022430419922e+00 1.626217812299728394e-01 1.482444535940885544e-02 7.962362142279744148e-04 2.519857116567436606e-05 4.698706277395103825e-07 5.162265281910549675e-09 3.341771304121721187e-11 1.274614907977728029e-13 2.864473786409727461e-16 3.792967680979548510e-19 2.959273982377010408e-22 1.360367704783576873e-25 3.684535095206108655e-29 5.879966740871057845e-33 9.707081004192781871e-33 5.905955054282709516e-29 2.117138487937296563e-25 4.471673566027920168e-22 5.564947526842108824e-19 4.080598164056536969e-16 1.762981037198296796e-13
1.763006515949350206e-13 4.487972840583331902e-11 6.731446511309968628e-09 5.948843408987158909e-07 3.097597800660878420e-05 9.503526962362229824e-04 1.717969402670860291e-02 1.829825341701507568e-01 1.148341655731201172e+00 4.246208190917968750e+00 9.251175880432128906e+00 1.187572479248046875e+01 8.982366561889648438e+00 4.003031253814697266e+00 1.051120281219482422e+00 1.626241505146026611e-01 1.482465676963329315e-02 7.962478557601571083e-04 2.519893678254447877e-05 4.698774205280642491e-07 5.162340777076224185e-09 3.341819876379048537e-11 1.274633610465203404e-13 2.864515608661498142e-16 3.793022223201188725e-19 2.959315886668295748e-22 1.360387426306207398e-25 3.684588058279579304e-29 5.880134983500019285e-33 9.707236757194265824e-33 5.906041119277099321e-29 2.117168809778340995e-25 4.471737684642296532e-22 5.565028693939715590e-19 4.080657985758436804e-16 1.763006515949350206e-13
1.763082139050881070e-13 4.488165394889165327e-11 6.731735169296371168e-09 5.949099204372032546e-07 3.097730950685217977e-05 9.503936162218451500e-04 1.718043535947799683e-02 1.829903721809387207e-01 1.148391008377075195e+00 4.246390342712402344e+00 9.251575469970703125e+00 1.187623596191406250e+01 8.982753753662109375e+00 4.003203392028808594e+00 1.051165461540222168e+00 1.626311093568801880e-01 1.482529565691947937e-02 7.962820818647742271e-04 2.520001726225018501e-05 4.698975715200504055e-07 5.162562377591939367e-09 3.341963858427554612e-11 1.274688633725457043e-13 2.864638428438850016e-16 3.793185332878226525e-19 2.959444123897048476e-22 1.360445974576516770e-25 3.684746345646883630e-29 5.880326736015997171e-33 9.707651853636899945e-33 5.906295703141623008e-29 2.117259528782441412e-25 4.471931050227384307e-22 5.565267025353707431e-19 4.080833215699400038e-16 1.763082139050881070e-13
1.763293151898701061e-13 4.488703159166718137e-11 6.732541635301458882e-09 5.949810883976169862e-07 3.098102388321422040e-05 9.505073539912700653e-04 1.718248799443244934e-02 1.830122768878936768e-01 1.148528337478637695e+00 4.246898651123046875e+00 9.252680778503417969e+00 1.187765693664550781e+01 8.983829498291015625e+00 4.003683090209960938e+00 1.051291346549987793e+00 1.626505851745605469e-01 1.482707075774669647e-02 7.963774260133504868e-04 2.520303678466007113e-05 4.699537612395943142e-07 5.163180105682840804e-09 3.342363885661114864e-11 1.274840964130691257e-13 2.864981476782488008e-16 3.793640282215130691e-19 2.959798038453566831e-22 1.360608800397735045e-25 3.685187203048216021e-29 5.881079787084492699e-33 9.708829552039630024e-33 5.907001676836862455e-29 2.117513689905342306e-25 4.472466718336465583e-22 5.565933939722578310e-19 4.081321847830847362e-16 1.763293151898701061e-13
1.763839318743090634e-13 4.490093019615670755e-11 6.734626190052495076e-09 5.951653747615637258e-07 3.099061723332852125e-05 9.508018265478312969e-04 1.718780770897865295e-02 1.830689758062362671e-01 1.148884057998657227e+00 4.248214721679687500e+00 9.255546569824218750e+00 1.188133525848388672e+01 8.986610412597656250e+00 4.004922866821289062e+00 1.051616907119750977e+00 1.627009809017181396e-01 1.483166031539440155e-02 7.966239936649799347e-04 2.521084024920128286e-05 4.700993372352968436e-07 5.164779715016720729e-09 3.343398474742187432e-11 1.275235613721475980e-13 2.865868743794736887e-16 3.794814620191014567e-19 2.960714379281071558e-22 1.361030101424929641e-25 3.686328617466819269e-29 5.882919435743529579e-33 9.711838817577735080e-33 5.908831912137137950e-29 2.118168937494741509e-25 4.473851579432799173e-22 5.567658611299751373e-19 4.082585779806828389e-16 1.763839318743090634e-13
1.765149712593810927e-13 4.493428892859974155e-11 6.739629299090665882e-09 5.956076165603008121e-07 3.101363836321979761e-05 9.515082929283380508e-04 1.720058172941207886e-02 1.832049787044525146e-01 1.149737715721130371e+00 4.251370429992675781e+00 9.262424468994140625e+00 1.189016342163085938e+01 8.993288040161132812e+00 4.007898330688476562e+00 1.052398204803466797e+00 1.628218144178390503e-01 1.484268158674240112e-02 7.972157327458262444e-04 2.522957220207899809e-05 4.704486400441965088e-07 5.168616645789825270e-09 3.345883292649176610e-11 1.276183206420228311e-13 2.867997972865897385e-16 3.797633496622230432e-19 2.962914607009041587e-22 1.362041322497809826e-25 3.689067650959602491e-29 5.887216602279754303e-33 9.719018149325382201e-33 5.913221226851017984e-29 2.119743208038723191e-25 4.477174640218824581e-22 5.571793480386750820e-19 4.085618422455794801e-16 1.765149712593810927e-13
1.768063641457637281e-13 4.500846917387946178e-11 6.750755510154249350e-09 5.965907234894984867e-07 3.106483200099319220e-05 9.530788520351052284e-04 1.722897589206695557e-02 1.835073828697204590e-01 1.151635527610778809e+00 4.258388519287109375e+00 9.277713775634765625e+00 1.190979099273681641e+01 9.008132934570312500e+00 4.014513969421386719e+00 1.054135441780090332e+00 1.630906164646148682e-01 1.486718468368053436e-02 7.985319243744015694e-04 2.527122160245198756e-05 4.712252348326728679e-07 5.177148931778674523e-09 3.351405958307296373e-11 1.278289811241367646e-13 2.872732357645456890e-16 3.803903008677499536e-19 2.967805544621411860e-22 1.364289699337206150e-25 3.695157200702511882e-29 5.896985327677072144e-33 9.735104789516385205e-33 5.922984487962846028e-29 2.123242299191444141e-25 4.484564941614424690e-22 5.580991728798340487e-19 4.092363186996103184e-16 1.768063641457637281e-13
1.774050063753015993e-13 4.516086116179707233e-11 6.773613225874441923e-09 5.986106543787172996e-07 3.117002052022144198e-05 9.563058847561478615e-04 1.728730648756027222e-02 1.841287314891815186e-01 1.155534744262695312e+00 4.272807121276855469e+00 9.309125900268554688e+00 1.195011520385742188e+01 9.038633346557617188e+00 4.028106689453125000e+00 1.057704687118530273e+00 1.636428236961364746e-01 1.491752080619335175e-02 8.012355538085103035e-04 2.535678322601597756e-05 4.728207727566768881e-07 5.194678021069876195e-09 3.362753131508355864e-11 1.282617946313929780e-13 2.882458942857896427e-16 3.816782727802833022e-19 2.977854244158734361e-22 1.368908849715824497e-25 3.707668523103737463e-29 5.916949997199834802e-33 9.768059038957718772e-33 5.943037029802562879e-29 2.130430794190270612e-25 4.499749441189098067e-22 5.599888669892114405e-19 4.106219322524203453e-16 1.774050063753015993e-13
1.785406539408715410e-13 4.544995629851555918e-11 6.816973208145782337e-09 6.024426966177998111e-07 3.136955638183280826e-05 9.624277008697390556e-04 1.739797182381153107e-02 1.853074431419372559e-01 1.162932157516479492e+00 4.300158977508544922e+00 9.368719100952148438e+00 1.202661514282226562e+01 9.096494674682617188e+00 4.053892612457275391e+00 1.064475536346435547e+00 1.646903604269027710e-01 1.501301676034927368e-02 8.063646964728832245e-04 2.551910802139900625e-05 4.758475142807583325e-07 5.227930977014239033e-09 3.384280355955837649e-11 1.290828744891434066e-13 2.900911026218239326e-16 3.841215316652176654e-19 2.996916910161219067e-22 1.377672108296698411e-25 3.731402901329325850e-29 5.954786956300896445e-33 9.830581379426048453e-33 5.981081970294609861e-29 2.144069213165410379e-25 4.528555359786403699e-22 5.635736092700748396e-19 4.132505401855464562e-16 1.785406539408715410e-13
1.805266277177947076e-13 4.595551370001338398e-11 6.892800996638470679e-09 6.091438535804627463e-07 3.171848220517858863e-05 9.731330210343003273e-04 1.759149506688117981e-02 1.873686462640762329e-01 1.175867795944213867e+00 4.347990989685058594e+00 9.472930908203125000e+00 1.216039085388183594e+01 9.197675704956054688e+00 4.098985195159912109e+00 1.076315879821777344e+00 1.665222793817520142e-01 1.518000941723585129e-02 8.153341477736830711e-04 2.580296131782233715e-05 4.811404323845636100e-07 5.286083570865685033e-09 3.421924549273924754e-11 1.305186969786931162e-13 2.933178746343891898e-16 3.883942814205720453e-19 3.030252278749686496e-22 1.392996224418682329e-25 3.772908798116747456e-29 6.021101735418566531e-33 9.939953781930369666e-33 6.047610812811036439e-29 2.167917957444438856e-25 4.578928356879217287e-22 5.698424492410962444e-19 4.178472556413975357e-16 1.805266277177947076e-13
1.837178141821799171e-13 4.676787429547246688e-11 7.014645753145032359e-09 6.199117592586844694e-07 3.227917841286398470e-05 9.903353638947010040e-04 1.790246181190013885e-02 1.906808018684387207e-01 1.196653604507446289e+00 4.424851417541503906e+00 9.640384674072265625e+00 1.237535285949707031e+01 9.360265731811523438e+00 4.171443939208984375e+00 1.095342159271240234e+00 1.694659292697906494e-01 1.544834952801465988e-02 8.297468884848058224e-04 2.625908382469788194e-05 4.896456857750308700e-07 5.379526157867076108e-09 3.482414009936540822e-11 1.328258927542694257e-13 2.985028544721083808e-16 3.952599839023387442e-19 3.083818837222324411e-22 1.417620517575156212e-25 3.839603150237769813e-29 6.127492055691645453e-33 1.011565492254777698e-32 6.154516174758433796e-29 2.206240820220075609e-25 4.659870282029196842e-22 5.799155962468255926e-19 4.252335682299122465e-16 1.837178141821799171e-13
1.884156621955596078e-13 4.796377184312916597e-11 7.194016937717151450e-09 6.357635129461414181e-07 3.310458851046860218e-05 1.015658956021070480e-03 1.836024597287178040e-02 1.955566704273223877e-01 1.227253317832946777e+00 4.537998199462890625e+00 9.886898040771484375e+00 1.269180011749267578e+01 9.599616050720214844e+00 4.278110980987548828e+00 1.123351097106933594e+00 1.737993210554122925e-01 1.584337837994098663e-02 8.509642793796956539e-04 2.693055284908041358e-05 5.021663582738256082e-07 5.517085455153392104e-09 3.571462917073553456e-11 1.362223593474876093e-13 3.061358918762905083e-16 4.053670970119710511e-19 3.162674383050175434e-22 1.453870401803291876e-25 3.937784952316754423e-29 6.284159004033362877e-33 1.037432025039431355e-32 6.311892336457821532e-29 2.262656454375989150e-25 4.779026901347489246e-22 5.947446181844285734e-19 4.361072213413913186e-16 1.884156621955596078e-13
1.947179667938919723e-13 4.956811350265155625e-11 7.434650228788086679e-09 6.570292043761583045e-07 3.421190194785594940e-05 1.049631857313215733e-03 1.897437684237957001e-02 2.020978629589080811e-01 1.268303632736206055e+00 4.689789772033691406e+00 1.021760559082031250e+01 1.311633014678955078e+01 9.920715332031250000e+00 4.421210289001464844e+00 1.160926103591918945e+00 1.796127408742904663e-01 1.637332513928413391e-02 8.794283494353294373e-04 2.783135641948319972e-05 5.189633043301000725e-07 5.701626726306585624e-09 3.690924649246696276e-11 1.407788951602109706e-13 3.163758584641049570e-16 4.189262416129402807e-19 3.268463281012954659e-22 1.502500964900805556e-25 4.069500203993058915e-29 6.494431433508453666e-33 1.072134748859216148e-32 6.523018193639518915e-29 2.338340016141925904e-25 4.938881170310495736e-22 6.146382085187523199e-19 4.506945845309884638e-16 1.947179667938919723e-13
2.023579600326369521e-13 5.151298138050819375e-11 7.726356443527038209e-09 6.828084906373987906e-07 3.555425064405426383e-05 1.090815523639321327e-03 1.971886307001113892e-02 2.100273966789245605e-01 1.318067073822021484e+00 4.873800277709960938e+00 1.061850547790527344e+01 1.363096523284912109e+01 1.030996608734130859e+01 4.594681739807128906e+00 1.206476449966430664e+00 1.866600811481475830e-01 1.701575145125389099e-02 9.139336762018501759e-04 2.892335032811388373e-05 5.393255264607432764e-07 5.925337109857764517e-09 3.835742834468192086e-11 1.463025122057370897e-13 3.287892321852351352e-16 4.353633026613463473e-19 3.396705306039986082e-22 1.561453279905070413e-25 4.229172435298020808e-29 6.749187507954536871e-33 1.114199814203391707e-32 6.778957431361569172e-29 2.430087744166557038e-25 5.132664283698185527e-22 6.387543490850061343e-19 4.683780913708164920e-16 2.023579600326369521e-13
2.104193555507727353e-13 5.356511761922533310e-11 8.034154674874116608e-09 7.100097150214423891e-07 3.697063220897689462e-05 1.134270569309592247e-03 2.050440572202205658e-02 2.183943092823028564e-01 1.370575308799743652e+00 5.067958831787109375e+00 1.104151725769042969e+01 1.417398452758789062e+01 1.072068595886230469e+01 4.777720928192138672e+00 1.254539012908935547e+00 1.940960884094238281e-01 1.769361272454261780e-02 9.503422770649194717e-04 3.007557825185358524e-05 5.608106903309817426e-07 6.161385623926207700e-09 3.988547686573085116e-11 1.521308036142587916e-13 3.418872732255428051e-16 4.527070053598988168e-19 3.532020321052101514e-22 1.623657427472076010e-25 4.397650379420585717e-29 7.018098003752458945e-33 1.158588244131967516e-32 7.049011930016655004e-29 2.526895768379148080e-25 5.337135010847554421e-22 6.642004926786686482e-19 4.870369566494078470e-16 2.104193555507727353e-13
2.185170447366324709e-13 5.562648952572857297e-11 8.343337576377507503e-09 7.373334938165498897e-07 3.839339478872716427e-05 1.177921425551176071e-03 2.129348926246166229e-02 2.267989516258239746e-01 1.423319935798645020e+00 5.262991905212402344e+00 1.146643447875976562e+01 1.471944904327392578e+01 1.113325691223144531e+01 4.961584568023681641e+00 1.302818298339843750e+00 2.015656083822250366e-01 1.837452501058578491e-02 9.869148489087820053e-04 3.123299393337219954e-05 5.823927153869590256e-07 6.398498619830661482e-09 4.142042264732026524e-11 1.579853327153546427e-13 3.550443418743622591e-16 4.701288249275492629e-19 3.667945472642751086e-22 1.686141374141402184e-25 4.566887862164968341e-29 7.288203830368373432e-33 1.203175626479419998e-32 7.320283375655350521e-29 2.624139391722840850e-25 5.542527127534221457e-22 6.897613041847463255e-19 5.057799428875733947e-16 2.185170447366324709e-13
2.245892274238547870e-13 5.717225304291417842e-11 8.575183230163929693e-09 7.578225904580904171e-07 3.946027572965249419e-05 1.210653688758611679e-03 2.188519388437271118e-02 2.331012785434722900e-01 1.462871551513671875e+00 5.409239768981933594e+00 1.178506469726562500e+01 1.512847805023193359e+01 1.144262981414794922e+01 5.099458217620849609e+00 1.339021205902099609e+00 2.071667611598968506e-01 1.888511888682842255e-02 1.014339504763484001e-03 3.210090289940126240e-05 5.985763777971442323e-07 6.576301281313590152e-09 4.257141167363087675e-11 1.623754570471286351e-13 3.649103698857435359e-16 4.831927985343289364e-19 3.769870593000630214e-22 1.732996260645069943e-25 4.693793705658273332e-29 7.490674650773850552e-33 1.236605069512073474e-32 7.523701300087745614e-29 2.697059968168241010e-25 5.696544078234082131e-22 7.089285265436719445e-19 5.198346017626863901e-16 2.245892274238547870e-13
2.273615323789002218e-13 5.787798018630496699e-11 8.681033669688531518e-09 7.671770845263381489e-07 3.994736835011281073e-05 1.225597807206213474e-03 2.215534448623657227e-02 2.359786182641983032e-01 1.480928778648376465e+00 5.476011753082275391e+00 1.193053817749023438e+01 1.531521987915039062e+01 1.158387470245361328e+01 5.162405014038085938e+00 1.355549812316894531e+00 2.097239941358566284e-01 1.911823824048042297e-02 1.026860438287258148e-03 3.249715155106969178e-05 6.059651127543475013e-07 6.657477680249712648e-09 4.309690451731462701e-11 1.643798080508754311e-13 3.694147587503438966e-16 4.891572877387191115e-19 3.816405560908490118e-22 1.754388196242400731e-25 4.751733201549286649e-29 7.583201484546919122e-33 1.251874741129254989e-32 7.616572651271636232e-29 2.730351870520830761e-25 5.766860993623820923e-22 7.176793219426587089e-19 5.262514057337297491e-16 2.273615323789002218e-13
2.262134029358195408e-13 5.758569315839068281e-11 8.637195847427392437e-09 7.633028644704609178e-07 3.974563878728076816e-05 1.219408353790640831e-03 2.204345911741256714e-02 2.347869575023651123e-01 1.473450303077697754e+00 5.448358058929443359e+00 1.187029075622558594e+01 1.523788070678710938e+01 1.152537727355957031e+01 5.136335849761962891e+00 1.348704338073730469e+00 2.086648941040039062e-01 1.902168989181518555e-02 1.021674717776477337e-03 3.233304232708178461e-05 6.029049472999759018e-07 6.623858794796433358e-09 4.287927651835943266e-11 1.635496751049847486e-13 3.675492216235755035e-16 4.866870162369060635e-19 3.797133121014089040e-22 1.745528548719670124e-25 4.727737318148436932e-29 7.544861266926911687e-33 1.245551316205800346e-32 7.578108821016685027e-29 2.716563567973699001e-25 5.737738520922468203e-22 7.140551851851224718e-19 5.235938398617193817e-16 2.262134029358195408e-13
2.214040311764725599e-13 5.636141553466700316e-11 8.453567623689650645e-09 7.470749210369831417e-07 3.890063817379996181e-05 1.193483709357678890e-03 2.157481200993061066e-02 2.297953516244888306e-01 1.442124485969543457e+00 5.332525253295898438e+00 1.161792659759521484e+01 1.491391944885253906e+01 1.128034877777099609e+01 5.027135848999023438e+00 1.320030808448791504e+00 2.042286396026611328e-01 1.861728355288505554e-02 9.999537141993641853e-04 3.164563895552419126e-05 5.900870974073768593e-07 6.483033665460880002e-09 4.196764810671105295e-11 1.600725845277151116e-13 3.597350779873585659e-16 4.763400724484216632e-19 3.716405261159350259e-22 1.708418313066777794e-25 4.627224538983636146e-29 7.384454042497671597e-33 1.219070514154445117e-32 7.416998160784508917e-29 2.658809088950205674e-25 5.615753109506925669e-22 6.988742495956664623e-19 5.124621328689033667e-16 2.214040311764725599e-13
2.139784389173365886e-13 5.447113246570545186e-11 8.170045973088235769e-09 7.220190241241652984e-07 3.759596438612788916e-05 1.153456047177314758e-03 2.085122466087341309e-02 2.220883667469024658e-01 1.393757700920104980e+00 5.153679847717285156e+00 1.122827816009521484e+01 1.441372489929199219e+01 1.090201950073242188e+01 4.858532428741455078e+00 1.275758624076843262e+00 1.973790377378463745e-01 1.799288764595985413e-02 9.664165554568171501e-04 3.058428410440683365e-05 5.702964358533790801e-07 6.265601371069351444e-09 4.056011776443213535e-11 1.547039812878001075e-13 3.476700995053459220e-16 4.603642162903021940e-19 3.591761199166595662e-22 1.651120387292181128e-25 4.472034307771127923e-29 7.136832484077110414e-33 1.178185645138495135e-32 7.168241438048807808e-29 2.569636252224022500e-25 5.427408466308701952e-22 6.754351046619990164e-19 4.952748285174887483e-16 2.139784389173365886e-13
2.053966670139892314e-13 5.228651886457491571e-11 7.842379190492465568e-09 6.930619633749302011e-07 3.608814586186781526e-05 1.107195508666336536e-03 2.001496963202953339e-02 2.131813317537307739e-01 1.337859988212585449e+00 4.946987152099609375e+00 1.077795886993408203e+01 1.383565235137939453e+01 1.046478557586669922e+01 4.663677215576171875e+00 1.224593400955200195e+00 1.894630491733551025e-01 1.727126725018024445e-02 9.276578784920275211e-04 2.935767588496673852e-05 5.474242357195180375e-07 6.014315712121742763e-09 3.893341551930440403e-11 1.484994446203716234e-13 3.337265078254416468e-16 4.419009246326592016e-19 3.447711663776383516e-22 1.584900937717600581e-25 4.292679674287636100e-29 6.850539365566403764e-33 1.130928421246737533e-32 6.880753060425264144e-29 2.466578970527883754e-25 5.209738392275430252e-22 6.483462320705944741e-19 4.754115353274609816e-16 2.053966670139892314e-13
1.970716883951950660e-13 5.016728005236004151e-11 7.524517009471765050e-09 6.649711394857149571e-07 3.462544555077329278e-05 1.062319613993167877e-03 1.920373365283012390e-02 2.045407742261886597e-01 1.283634543418884277e+00 4.746479511260986328e+00 1.034111213684082031e+01 1.327487659454345703e+01 1.004063224792480469e+01 4.474652290344238281e+00 1.174958944320678711e+00 1.817838549613952637e-01 1.657123863697052002e-02 8.900585235096514225e-04 2.816777305270079523e-05 5.252363735053222626e-07 5.770545818961636542e-09 3.735539308435953387e-11 1.424805504699269698e-13 3.202001063418397162e-16 4.239900862266250624e-19 3.307971202194850626e-22 1.520662638350772741e-25 4.118691464038247023e-29 6.572928007520488970e-33 1.085094721013825721e-32 6.601865765562732351e-29 2.366605148895027639e-25 4.998580144133704544e-22 6.220677379855504762e-19 4.561423828103729032e-16 1.970716883951950660e-13
1.900077317706916347e-13 4.836904834992772351e-11 7.254805201029057571e-09 6.411356139324198011e-07 3.338431997690349817e-05 1.024241209961473942e-03 1.851538754999637604e-02 1.972090899944305420e-01 1.237623333930969238e+00 4.576343536376953125e+00 9.970440864562988281e+00 1.279904460906982422e+01 9.680732727050781250e+00 4.314260482788085938e+00 1.132843017578125000e+00 1.752679198980331421e-01 1.597725413739681244e-02 8.581546717323362827e-04 2.715811206144280732e-05 5.064095489615283441e-07 5.563704608135822127e-09 3.601641207495731578e-11 1.373734432414883133e-13 3.087226775576459381e-16 4.087924002297648541e-19 3.189398718599656277e-22 1.466155184768878964e-25 3.971058401371582028e-29 6.337303838318007759e-33 1.046199229249848608e-32 6.365227355148980303e-29 2.281775237971119016e-25 4.819409006630114928e-22 5.997700505984179239e-19 4.397922117086415505e-16 1.900077317706916347e-13
1.846622897996863522e-13 4.700828962200809258e-11 7.050705796984857443e-09 6.230986286936968099e-07 3.244512117817066610e-05 9.954263223335146904e-04 1.799449324607849121e-02 1.916610598564147949e-01 1.202805638313293457e+00 4.447597026824951172e+00 9.689945220947265625e+00 1.243897056579589844e+01 9.408383369445800781e+00 4.192887783050537109e+00 1.100972652435302734e+00 1.703370809555053711e-01 1.552776619791984558e-02 8.340124040842056274e-04 2.639407648530323058e-05 4.921628260490251705e-07 5.407180481142859207e-09 3.500317050098011862e-11 1.335087232825007963e-13 3.000373870049575543e-16 3.972918238301045452e-19 3.099671533538156193e-22 1.424908113225201072e-25 3.859341524755308496e-29 6.158975835168497265e-33 1.016765071110449308e-32 6.186153787066747492e-29 2.217582667884890706e-25 4.683824390515031163e-22 5.828967551744667043e-19 4.274195749783183838e-16 1.846622897996863522e-13
1.810153860571511730e-13 4.607992459826348863e-11 6.911463401593209710e-09 6.107931085352902301e-07 3.180435669491998851e-05 9.757677325978875160e-04 1.763912290334701538e-02 1.878759711980819702e-01 1.179051399230957031e+00 4.359762191772460938e+00 9.498576164245605469e+00 1.219331455230712891e+01 9.222579002380371094e+00 4.110082626342773438e+00 1.079230070114135742e+00 1.669731438159942627e-01 1.522111147642135620e-02 8.175416151061654091e-04 2.587282142485491931e-05 4.824431130145967472e-07 5.300395233831523001e-09 3.431189360414421685e-11 1.308720655717604542e-13 2.941120209619992997e-16 3.894458089248859395e-19 3.038456432163985018e-22 1.396767719102737410e-25 3.783123449059291259e-29 6.037404740038517763e-33 9.966838807101613909e-33 6.063985430310081291e-29 2.173787575617348947e-25 4.591324454034987849e-22 5.713852444810842101e-19 4.189784946122352555e-16 1.810153860571511730e-13
1.787568845116466187e-13 4.550499560496135132e-11 6.825229270646104851e-09 6.031723387422971427e-07 3.140754415653645992e-05 9.635932510718703270e-04 1.741904206573963165e-02 1.855318546295166016e-01 1.164340376853942871e+00 4.305367469787597656e+00 9.380064010620117188e+00 1.204118061065673828e+01 9.107510566711425781e+00 4.058802127838134766e+00 1.065764665603637695e+00 1.648898273706436157e-01 1.503119990229606628e-02 8.073411881923675537e-04 2.555001265136525035e-05 4.764237075960409129e-07 5.234262800968281226e-09 3.388378466695485258e-11 1.292392028898886602e-13 2.904424095366976537e-16 3.845867173622021744e-19 3.000546427631704734e-22 1.379340549111240851e-25 3.735921915387898213e-29 5.961994940723344859e-33 9.842492075935755281e-33 5.988325272444828730e-29 2.146666044657784798e-25 4.534038258622051819e-22 5.642560332754310874e-19 4.137510043084757392e-16 1.787568845116466187e-13
1.774826488033787175e-13 4.518062313163540011e-11 6.776576633171771391e-09 5.988727025396656245e-07 3.118366294074803591e-05 9.567243978381156921e-04 1.729487068951129913e-02 1.842093020677566528e-01 1.156040668487548828e+00 4.274677276611328125e+00 9.313200950622558594e+00 1.195534515380859375e+01 9.042589187622070312e+00 4.029869556427001953e+00 1.058167576789855957e+00 1.637144386768341064e-01 1.492405310273170471e-02 8.015861967578530312e-04 2.536788088036701083e-05 4.730276543796207989e-07 5.196952201913518365e-09 3.364224870905374587e-11 1.283179427514005710e-13 2.883720492553713301e-16 3.818452340170483024e-19 2.979157063720924967e-22 1.369508137484759584e-25 3.709291119081883709e-29 5.919541227559428682e-33 9.772332695606927051e-33 5.945638238933700890e-29 2.131363622210694458e-25 4.501718438008529713e-22 5.602338158481037058e-19 4.108015561767974604e-16 1.774826488033787175e-13
1.768252699211464440e-13 4.501328476624877339e-11 6.751478043298675402e-09 5.966546154922980350e-07 3.106815711362287402e-05 9.531810646876692772e-04 1.723081618547439575e-02 1.835270524024963379e-01 1.151759147644042969e+00 4.258844375610351562e+00 9.278708457946777344e+00 1.191106796264648438e+01 9.009096145629882812e+00 4.014944076538085938e+00 1.054248332977294922e+00 1.631080955266952515e-01 1.486877538263797760e-02 7.986173732206225395e-04 2.527392462070565671e-05 4.712756549452024046e-07 5.177702711023357551e-09 3.351765739956213963e-11 1.278426691765643941e-13 2.873040465880020641e-16 3.804310653623123325e-19 2.968123613338396972e-22 1.364435761864188478e-25 3.695553220047326507e-29 5.897640298435670938e-33 9.736148775436709250e-33 5.923617637432063332e-29 2.123469343220728064e-25 4.485046083657737090e-22 5.581589366790910050e-19 4.092801526546307285e-16 1.768252699211464440e-13
1.765149034967453123e-13 4.493427852025888569e-11 6.739627966823036331e-09 5.956072186563687865e-07 3.101362744928337634e-05 9.515079436823725700e-04 1.720057427883148193e-02 1.832049190998077393e-01 1.149737358093261719e+00 4.251368522644042969e+00 9.262420654296875000e+00 1.189015769958496094e+01 8.993283271789550781e+00 4.007897377014160156e+00 1.052397608757019043e+00 1.628217995166778564e-01 1.484267413616180420e-02 7.972155581228435040e-04 2.522956128814257681e-05 4.704484126705210656e-07 5.168613981254566170e-09 3.345881904870395829e-11 1.276182664319142068e-13 2.867996649376917300e-16 3.797632721140406163e-19 2.962912587525124221e-22 1.362040829459744063e-25 3.689066146326833438e-29 5.887214030885861880e-33 9.719013006537597353e-33 5.913218819438587500e-29 2.119742715000657428e-25 4.477174640218824581e-22 5.571791412435219437e-19 4.085617098966814716e-16 1.765149034967453123e-13
1.763800151939609595e-13 4.489993099543454491e-11 6.734476976077985455e-09 5.951521870883880183e-07 3.098992601735517383e-05 9.507807553745806217e-04 1.718742586672306061e-02 1.830649077892303467e-01 1.148858785629272461e+00 4.248118877410888672e+00 9.255342483520507812e+00 1.188107299804687500e+01 8.986411094665527344e+00 4.004833221435546875e+00 1.051593780517578125e+00 1.626973152160644531e-01 1.483133435249328613e-02 7.966062985360622406e-04 2.521028000046499074e-05 4.700889633113547461e-07 5.164665140000579413e-09 3.343325616356196406e-11 1.275207695515534478e-13 2.865805481021488832e-16 3.794730351166110727e-19 2.960649250924736511e-22 1.361000149362434531e-25 3.686246765444182811e-29 5.882790131364939127e-33 9.711624289858710013e-33 5.908700106306568948e-29 2.118122345397526893e-25 4.473751614978889567e-22 5.567534534207868419e-19 4.082495253160590585e-16 1.763800151939609595e-13
1.763266995521289848e-13 4.488636198840545433e-11 6.732439938872403218e-09 5.949722208242747001e-07 3.098056185990571976e-05 9.504933841526508331e-04 1.718223094940185547e-02 1.830095499753952026e-01 1.148511171340942383e+00 4.246834754943847656e+00 9.252544403076171875e+00 1.187748146057128906e+01 8.983694076538085938e+00 4.003622055053710938e+00 1.051275491714477539e+00 1.626482009887695312e-01 1.482684724032878876e-02 7.963653770275413990e-04 2.520265661587473005e-05 4.699468831859121565e-07 5.163102834160326893e-09 3.342314619514397123e-11 1.274821719542129639e-13 2.864939125135125293e-16 3.793583672041959093e-19 2.959754367113853796e-22 1.360588339318005875e-25 3.685132133488868698e-29 5.880949748021932983e-33 9.708681145877838710e-33 5.906913806283149787e-29 2.117481642431067703e-25 4.472399570496213170e-22 5.565851221661323007e-19 4.081261232035559476e-16 1.763266995521289848e-13
1.763070348352255290e-13 4.488135557645378526e-11 6.731689428107756612e-09 5.949058845544641372e-07 3.097710578003898263e-05 9.503872715868055820e-04 1.718031242489814758e-02 1.829891055822372437e-01 1.148383259773254395e+00 4.246361732482910156e+00 9.251510620117187500e+00 1.187615394592285156e+01 8.982690811157226562e+00 4.003176212310791016e+00 1.051158547401428223e+00 1.626300513744354248e-01 1.482519507408142090e-02 7.962766103446483612e-04 2.519984627724625170e-05 4.698943882885942003e-07 5.162526850455151362e-09 3.341941307022366914e-11 1.274679689057534038e-13 2.864619899593128828e-16 3.793159741978025666e-19 2.959423929057874818e-22 1.360436853372300152e-25 3.684721368742917358e-29 5.880308368916765572e-33 9.707592344235389566e-33 5.906255378983412401e-29 2.117245723716600044e-25 4.471900757968623820e-22 5.565231353189791082e-19 4.080805157733022239e-16 1.763070348352255290e-13
1.762998655483599686e-13 4.487952023901620180e-11 6.731417201422118524e-09 5.948815555711917114e-07 3.097583976341411471e-05 9.503484470769762993e-04 1.717961207032203674e-02 1.829816997051239014e-01 1.148336410522460938e+00 4.246189117431640625e+00 9.251134872436523438e+00 1.187567329406738281e+01 8.982330322265625000e+00 4.003013610839843750e+00 1.051115632057189941e+00 1.626234054565429688e-01 1.482459343969821930e-02 7.962442468851804733e-04 2.519882400520145893e-05 4.698752604781475384e-07 5.162316796258892282e-09 3.341804957757155137e-11 1.274628189454340976e-13 2.864502373771697294e-16 3.793005679588937665e-19 2.959303264893812212e-22 1.360381263330385359e-25 3.684571206392565916e-29 5.880110738929033575e-33 9.707200022995802628e-33 5.906014035887256375e-29 2.117159195536058614e-25 4.471719004416060899e-22 5.565003878521338999e-19 4.080639192214919600e-16 1.762998655483599686e-13
1.762977784591779340e-13 4.487901023031426462e-11 6.731336821275135662e-09 5.948746775175095536e-07 3.097548324149101973e-05 9.503376204520463943e-04 1.717941462993621826e-02 1.829795688390731812e-01 1.148323059082031250e+00 4.246140480041503906e+00 9.251026153564453125e+00 1.187553501129150391e+01 8.982224464416503906e+00 4.002966880798339844e+00 1.051103353500366211e+00 1.626214981079101562e-01 1.482442021369934082e-02 7.962350500747561455e-04 2.519852932891808450e-05 4.698698603533557616e-07 5.162259064661611774e-09 3.341766446895988452e-11 1.274613281674469301e-13 2.864469021849399156e-16 3.792961218631012939e-19 2.959269438538196335e-22 1.360365486112280939e-25 3.684529076675032445e-29 5.879968577580981005e-33 9.707017821371425173e-33 5.905946026486095201e-29 2.117135036670836221e-25 4.471665992963230047e-22 5.564940289011748985e-19 4.080592340705024596e-16 1.762977784591779340e-13
1.762972634631460034e-13 4.487887145243618647e-11 6.731316837260692409e-09 5.948728585281060077e-07 3.097538137808442116e-05 9.503345354460179806e-04 1.717935688793659210e-02 1.829789876937866211e-01 1.148319482803344727e+00 4.246125221252441406e+00 9.250997543334960938e+00 1.187549495697021484e+01 8.982193946838378906e+00 4.002954006195068359e+00 1.051100015640258789e+00 1.626209914684295654e-01 1.482437271624803543e-02 7.962324307300150394e-04 2.519845293136313558e-05 4.698683255810465198e-07 5.162241301093217771e-09 3.341755344665742200e-11 1.274608944865779359e-13 2.864460022124334579e-16 3.792949586403648912e-19 2.959259845989588848e-22 1.360361295288721952e-25 3.684517039612880025e-29 5.880026250272568223e-33 9.707067779881335121e-33 5.905927970892866571e-29 2.117128134137915537e-25 4.471651351704829145e-22 5.564921160460083697e-19 4.080578841117427731e-16 1.762972634631460034e-13
1.762970737277658184e-13 4.487882288017885912e-11 6.731309731833334808e-09 5.948722332504985388e-07 3.097535955021157861e-05 9.503337205387651920e-04 1.717934384942054749e-02 1.829788237810134888e-01 1.148318171501159668e+00 4.246122360229492188e+00 9.250988960266113281e+00 1.187548542022705078e+01 8.982184410095214844e+00 4.002950668334960938e+00 1.051099181175231934e+00 1.626208722591400146e-01 1.482435967773199081e-02 7.962316740304231644e-04 2.519842746551148593e-05 4.698678708336956333e-07 5.162235972022699571e-09 3.341752222163485442e-11 1.274607589613063752e-13 2.864457904541966443e-16 3.792946225982410416e-19 2.959256816763712799e-22 1.360359816174524663e-25 3.684514030347341920e-29 5.880004944437459569e-33 9.707062637093550273e-33 5.905921952361790360e-29 2.117126408504685366e-25 4.471648322478953096e-22 5.564916507569138086e-19 4.080575664743875527e-16 1.762970737277658184e-13
1.762970195176571941e-13 4.487880900239105131e-11 6.731307067298075708e-09 5.948721764070796780e-07 3.097534499829635024e-05 9.503334295004606247e-04 1.717933639883995056e-02 1.829787492752075195e-01 1.148318052291870117e+00 4.246120929718017578e+00 9.250988006591796875e+00 1.187548255920410156e+01 8.982183456420898438e+00 4.002949714660644531e+00 1.051098465919494629e+00 1.626208126544952393e-01 1.482435315847396851e-02 7.962314411997795105e-04 2.519841837056446820e-05 4.698677287251484813e-07 5.162234195665860170e-09 3.341751528274095051e-11 1.274607318562520630e-13 2.864456845750782375e-16 3.792944933512703302e-19 2.959255302150774775e-22 1.360359692915008222e-25 3.684512826641126678e-29 5.879966006187088581e-33 9.707050147466072786e-33 5.905920748655575118e-29 2.117125175909520958e-25 4.471646302995035730e-22 5.564913405641841012e-19 4.080573811859303408e-16 1.762970195176571941e-13
1.762970195176571941e-13 4.487879859405019545e-11 6.731307511387285558e-09 5.948719490334042348e-07 3.097533772233873606e-05 9.503331966698169708e-04 1.717933639883995056e-02 1.829787194728851318e-01 1.148317813873291016e+00 4.246119499206542969e+00 9.250986099243164062e+00 1.187547969818115234e+01 8.982180595397949219e+00 4.002948760986328125e+00 1.051098465919494629e+00 1.626207828521728516e-01 1.482435129582881927e-02 7.962312665767967701e-04 2.519841291359625757e-05 4.698676434600201901e-07 5.162234195665860170e-09 3.341751181329399856e-11 1.274607183037249070e-13 2.864456316355190341e-16 3.792944675018761879e-19 2.959255302150774775e-22 1.360359076617426018e-25 3.684512224788019057e-29 5.880030658376383807e-33 9.707061902409581009e-33 5.905918341243144634e-29 2.117125175909520958e-25 4.471645798124056389e-22 5.564912371666075321e-19 4.080573547161507391e-16 1.762970195176571941e-13
1.762969924126028820e-13 4.487880206349714740e-11 6.731307067298075708e-09 5.948720627202419564e-07 3.097533772233873606e-05 9.503330802544951439e-04 1.717933639883995056e-02 1.829787343740463257e-01 1.148317694664001465e+00 4.246120452880859375e+00 9.250986099243164062e+00 1.187547969818115234e+01 8.982180595397949219e+00 4.002947807312011719e+00 1.051098585128784180e+00 1.626207530498504639e-01 1.482435315847396851e-02 7.962314411997795105e-04 2.519841655157506466e-05 4.698677003034390509e-07 5.162234195665860170e-09 3.341750487440009465e-11 1.274607454087792191e-13 2.864455257564006273e-16 3.792944158030879033e-19 2.959255807021754116e-22 1.360359076617426018e-25 3.684511322008357625e-29 5.879966740871057845e-33 9.707047208730195731e-33 5.905918943096252255e-29 2.117125175909520958e-25 4.471645293253077047e-22 5.564913405641841012e-19 4.080573547161507391e-16 1.762969924126028820e-13
1.762970737277658184e-13 4.487881594128495522e-11 6.731310175922544659e-09 5.948722900939173996e-07 3.097535591223277152e-05 9.503335459157824516e-04 1.717934384942054749e-02 1.829788088798522949e-01 1.148318290710449219e+00 4.246121406555175781e+00 9.250989913940429688e+00 1.187548351287841797e+01 8.982186317443847656e+00 4.002950668334960938e+00 1.051098823547363281e+00 1.626208275556564331e-01 1.482435874640941620e-02 7.962316740304231644e-04 2.519842382753267884e-05 4.698678139902767725e-07 5.162235972022699571e-09 3.341751528274095051e-11 1.274607454087792191e-13 2.864457904541966443e-16 3.792945708994527570e-19 2.959256311892733458e-22 1.360359939434041103e-25 3.684513428494234299e-29 5.880004577095474937e-33 9.707066310513396593e-33 5.905920748655575118e-29 2.117126161985652484e-25 4.471646807866015072e-22 5.564916507569138086e-19 4.080574870650487476e-16 1.762970737277658184e-13
1.762972092530373791e-13 4.487885757464837866e-11 6.731313284547013609e-09 5.948726311544305645e-07 3.097537774010561407e-05 9.503342444077134132e-04 1.717935316264629364e-02 1.829789131879806519e-01 1.148319005966186523e+00 4.246125221252441406e+00 9.250993728637695312e+00 1.187549400329589844e+01 8.982189178466796875e+00 4.002952575683593750e+00 1.051099538803100586e+00 1.626209467649459839e-01 1.482436712831258774e-02 7.962321978993713856e-04 2.519844383641611785e-05 4.698682118942087982e-07 5.162238636557958671e-09 3.341753956886961419e-11 1.274608402764693116e-13 2.864459492728742545e-16 3.792948552427883221e-19 2.959258583812140494e-22 1.360360678991139748e-25 3.684515234053557162e-29 5.880006781147382729e-33 9.707073657353089232e-33 5.905925563480436087e-29 2.117127394580816892e-25 4.471650341962870462e-22 5.564920643472200851e-19 4.080577782326243663e-16 1.762972092530373791e-13
1.762973447783089398e-13 4.487889920801180210e-11 6.731320389974371210e-09 5.948731427452003118e-07 3.097540684393607080e-05 9.503350593149662018e-04 1.717937365174293518e-02 1.829791069030761719e-01 1.148320198059082031e+00 4.246128082275390625e+00 9.251003265380859375e+00 1.187550544738769531e+01 8.982198715209960938e+00 4.002956390380859375e+00 1.051100492477416992e+00 1.626211106777191162e-01 1.482438109815120697e-02 7.962329545989632607e-04 2.519846748327836394e-05 4.698685529547219630e-07 5.162243965628476872e-09 3.341757773278608568e-11 1.274609486966865601e-13 2.864462139706702715e-16 3.792951912849121718e-19 2.959261360602526872e-22 1.360362034845820597e-25 3.684519447025310509e-29 5.879979230498535332e-33 9.707064841145458065e-33 5.905930980158404676e-29 2.117129613252112826e-25 4.471654380930705193e-22 5.564923745399497925e-19 4.080580694001999850e-16 1.762973447783089398e-13
1.762974803035805005e-13 4.487893390248132164e-11 6.731324830866469711e-09 5.948736543359700590e-07 3.097542503383010626e-05 9.503356995992362499e-04 1.717938482761383057e-02 1.829792112112045288e-01 1.148321151733398438e+00 4.246131896972656250e+00 9.251010894775390625e+00 1.187551212310791016e+01 8.982204437255859375e+00 4.002959728240966797e+00 1.051101326942443848e+00 1.626212000846862793e-01 1.482439227402210236e-02 7.962334784679114819e-04 2.519848567317239940e-05 4.698688940152351279e-07 5.162247518342155672e-09 3.341759508002084544e-11 1.274610571169038087e-13 2.864464257289070850e-16 3.792954497788535946e-19 2.959263632521933909e-22 1.360362774402919241e-25 3.684521854437740993e-29 5.880045719397753718e-33 9.707089820400413038e-33 5.905935193130158023e-29 2.117130599328244353e-25 4.471658419898539925e-22 5.564928398290443536e-19 4.080583870375552053e-16 1.762974803035805005e-13
1.762975480662162808e-13 4.487894084137522555e-11 6.731327495401728811e-09 5.948738817096455023e-07 3.097542867180891335e-05 9.503359906375408173e-04 1.717938855290412903e-02 1.829793155193328857e-01 1.148321390151977539e+00 4.246133327484130859e+00 9.251014709472656250e+00 1.187551879882812500e+01 8.982209205627441406e+00 4.002960205078125000e+00 1.051101922988891602e+00 1.626212745904922485e-01 1.482439972460269928e-02 7.962337695062160492e-04 2.519849294913001359e-05 4.698691213889105711e-07 5.162250182877414773e-09 3.341761589670255717e-11 1.274611113270124330e-13 2.864465316080254918e-16 3.792955531764301637e-19 2.959264894699382262e-22 1.360363513960017886e-25 3.684523659997063856e-29 5.880001638359597882e-33 9.707081004192781871e-33 5.905936396836373265e-29 2.117131585404375879e-25 4.471659429640498608e-22 5.564931500217740610e-19 4.080585458562328155e-16 1.762975480662162808e-13
1.762975480662162808e-13 4.487894084137522555e-11 6.731327939490938661e-09 5.948738817096455023e-07 3.097543594776652753e-05 9.503362234681844711e-04 1.717938855290412903e-02 1.829792857170104980e-01 1.148321390151977539e+00 4.246133804321289062e+00 9.251014709472656250e+00 1.187551689147949219e+01 8.982209205627441406e+00 4.002961158752441406e+00 1.051101684570312500e+00 1.626212894916534424e-01 1.482439879328012466e-02 7.962337695062160492e-04 2.519848931115120649e-05 4.698691213889105711e-07 5.162249294698995072e-09 3.341761589670255717e-11 1.274611113270124330e-13 2.864464786684662884e-16 3.792955531764301637e-19 2.959264389828402921e-22 1.360363267440985005e-25 3.684523359070510045e-29 5.880001271017613250e-33 9.707081004192781871e-33 5.905937600542588507e-29 2.117132078442441642e-25 4.471659934511477949e-22 5.564930983229857764e-19 4.080586252655716206e-16 1.762975480662162808e-13
1.762975074086348126e-13 4.487892696358741773e-11 6.731325274955679561e-09 5.948735974925511982e-07 3.097542503383010626e-05 9.503357578068971634e-04 1.717938669025897980e-02 1.829792261123657227e-01 1.148321151733398438e+00 4.246131896972656250e+00 9.251012802124023438e+00 1.187551307678222656e+01 8.982205390930175781e+00 4.002959251403808594e+00 1.051101326942443848e+00 1.626212298870086670e-01 1.482439227402210236e-02 7.962333620525896549e-04 2.519848203519359231e-05 4.698689508586539887e-07 5.162248406520575372e-09 3.341760201891474935e-11 1.274610842219581208e-13 2.864464257289070850e-16 3.792954756282477369e-19 2.959263884957423579e-22 1.360363020921952123e-25 3.684522155364294803e-29 5.880046454081722981e-33 9.707089820400413038e-33 5.905935193130158023e-29 2.117130845847277234e-25 4.471657410156581242e-22 5.564927881302560690e-19 4.080584399771144087e-16 1.762975074086348126e-13
1.762973447783089398e-13 4.487889920801180210e-11 6.731320389974371210e-09 5.948731427452003118e-07 3.097540320595726371e-05 9.503351757302880287e-04 1.717937737703323364e-02 1.829791069030761719e-01 1.148320198059082031e+00 4.246128082275390625e+00 9.251003265380859375e+00 1.187550354003906250e+01 8.982200622558593750e+00 4.002957820892333984e+00 1.051100730895996094e+00 1.626210957765579224e-01 1.482438296079635620e-02 7.962330710142850876e-04 2.519846566428896040e-05 4.698684961113031022e-07 5.162243077450057172e-09 3.341757426333913372e-11 1.274609893542680283e-13 2.864461875008906698e-16 3.792951395861238872e-19 2.959261865473506213e-22 1.360361788326787715e-25 3.684520048878418130e-29 5.879976659104642908e-33 9.707068514565304384e-33 5.905930980158404676e-29 2.117129613252112826e-25 4.471655390672663876e-22 5.564924779375263616e-19 4.080580958699795866e-16 1.762973447783089398e-13
1.762971821479830670e-13 4.487886451354228257e-11 6.731315060903853009e-09 5.948726311544305645e-07 3.097537774010561407e-05 9.503345354460179806e-04 1.717936247587203979e-02 1.829789578914642334e-01 1.148319482803344727e+00 4.246125221252441406e+00 9.250998497009277344e+00 1.187549686431884766e+01 8.982193946838378906e+00 4.002953529357910156e+00 1.051100015640258789e+00 1.626209765672683716e-01 1.482437178492546082e-02 7.962324889376759529e-04 2.519844565540552139e-05 4.698682687376276590e-07 5.162240412914798071e-09 3.341755344665742200e-11 1.274608944865779359e-13 2.864460022124334579e-16 3.792948810921824644e-19 2.959258836247630165e-22 1.360361048769689070e-25 3.684517039612880025e-29 5.880011189251198313e-33 9.707069249249273648e-33 5.905926767186651329e-29 2.117128134137915537e-25 4.471652361446787828e-22 5.564921677447966542e-19 4.080578311721835697e-16 1.762971821479830670e-13
1.762971143853472866e-13 4.487882981907276303e-11 6.731310620011754509e-09 5.948724037807551213e-07 3.097535955021157861e-05 9.503337787464261055e-04 1.717934571206569672e-02 1.829788386821746826e-01 1.148318767547607422e+00 4.246122360229492188e+00 9.250991821289062500e+00 1.187548828125000000e+01 8.982187271118164062e+00 4.002950668334960938e+00 1.051099300384521484e+00 1.626208722591400146e-01 1.482435967773199081e-02 7.962319068610668182e-04 2.519842928450088948e-05 4.698679276771144941e-07 5.162237304290329121e-09 3.341752569108180637e-11 1.274608131714149994e-13 2.864457904541966443e-16 3.792946225982410416e-19 2.959257069199202470e-22 1.360360062693557544e-25 3.684514331273895730e-29 5.880031760402337703e-33 9.707071453301181440e-33 5.905923757921113224e-29 2.117126408504685366e-25 4.471649332220911779e-22 5.564916507569138086e-19 4.080575664743875527e-16 1.762971143853472866e-13
1.762970466227115063e-13 4.487880900239105131e-11 6.731307955476495408e-09 5.948720627202419564e-07 3.097535227425396442e-05 9.503332548774778843e-04 1.717934198677539825e-02 1.829787641763687134e-01 1.148318052291870117e+00 4.246120452880859375e+00 9.250987052917480469e+00 1.187548255920410156e+01 8.982183456420898438e+00 4.002949714660644531e+00 1.051098823547363281e+00 1.626207828521728516e-01 1.482435408979654312e-02 7.962314994074404240e-04 2.519842018955387175e-05 4.698677571468579117e-07 5.162235083844279870e-09 3.341751181329399856e-11 1.274607589613063752e-13 2.864456051657394324e-16 3.792944933512703302e-19 2.959256059457243787e-22 1.360359323136458900e-25 3.684512525714572867e-29 5.879968210238996373e-33 9.707044269994318675e-33 5.905920146802467497e-29 2.117125915466619603e-25 4.471646302995035730e-22 5.564913922629723858e-19 4.080573811859303408e-16 1.762970466227115063e-13
1.762969924126028820e-13 4.487879859405019545e-11 6.731306179119656008e-09 5.948720058768230956e-07 3.097533772233873606e-05 9.503330802544951439e-04 1.717933639883995056e-02 1.829787492752075195e-01 1.148317694664001465e+00 4.246119499206542969e+00 9.250986099243164062e+00 1.187547874450683594e+01 8.982181549072265625e+00 4.002948760986328125e+00 1.051098346710205078e+00 1.626207530498504639e-01 1.482435222715139389e-02 7.962313247844576836e-04 2.519841291359625757e-05 4.698676434600201901e-07 5.162233307487440470e-09 3.341750834384704660e-11 1.274607047511977509e-13 2.864456316355190341e-16 3.792944675018761879e-19 2.959255049715285104e-22 1.360359076617426018e-25 3.684511622934911436e-29 5.880002005701582514e-33 9.707061902409581009e-33 5.905918341243144634e-29 2.117124929390488077e-25 4.471646302995035730e-22 5.564913405641841012e-19 4.080573282463711374e-16 1.762969924126028820e-13
1.762970059651300381e-13 4.487880553294409935e-11 6.731306179119656008e-09 5.948719490334042348e-07 3.097534499829635024e-05 9.503331966698169708e-04 1.717934012413024902e-02 1.829787492752075195e-01 1.148317813873291016e+00 4.246120452880859375e+00 9.250986099243164062e+00 1.187547874450683594e+01 8.982181549072265625e+00 4.002948284149169922e+00 1.051098585128784180e+00 1.626207828521728516e-01 1.482435408979654312e-02 7.962313247844576836e-04 2.519841291359625757e-05 4.698677003034390509e-07 5.162234195665860170e-09 3.341750834384704660e-11 1.274607318562520630e-13 2.864456051657394324e-16 3.792944158030879033e-19 2.959255302150774775e-22 1.360359323136458900e-25 3.684512224788019057e-29 5.880024046220660432e-33 9.707065575829427329e-33 5.905918943096252255e-29 2.117124929390488077e-25 4.471645798124056389e-22 5.564913405641841012e-19 4.080573282463711374e-16 1.762970059651300381e-13
1.762970466227115063e-13 4.487881247183800326e-11 6.731307067298075708e-09 5.948720627202419564e-07 3.097534499829635024e-05 9.503333130851387978e-04 1.717934198677539825e-02 1.829787492752075195e-01 1.148318171501159668e+00 4.246120929718017578e+00 9.250987052917480469e+00 1.187548065185546875e+01 8.982183456420898438e+00 4.002948760986328125e+00 1.051098585128784180e+00 1.626207828521728516e-01 1.482435408979654312e-02 7.962314411997795105e-04 2.519842018955387175e-05 4.698677571468579117e-07 5.162233307487440470e-09 3.341750834384704660e-11 1.274607589613063752e-13 2.864456845750782375e-16 3.792945192006644724e-19 2.959255807021754116e-22 1.360359569655491781e-25 3.684512224788019057e-29 5.879945067693964559e-33 9.706969332229453754e-33 5.905920748655575118e-29 2.117125175909520958e-25 4.471646302995035730e-22 5.564914956605489549e-19 4.080574341254895442e-16 1.762970466227115063e-13
1.762970466227115063e-13 4.487881594128495522e-11 6.731307955476495408e-09 5.948720627202419564e-07 3.097534499829635024e-05 9.503333130851387978e-04 1.717934198677539825e-02 1.829787492752075195e-01 1.148318290710449219e+00 4.246120929718017578e+00 9.250987052917480469e+00 1.187548160552978516e+01 8.982183456420898438e+00 4.002949714660644531e+00 1.051098585128784180e+00 1.626207828521728516e-01 1.482435502111911774e-02 7.962315576151013374e-04 2.519842200854327530e-05 4.698677571468579117e-07 5.162234639755070020e-09 3.341751181329399856e-11 1.274607589613063752e-13 2.864457110448578392e-16 3.792945192006644724e-19 2.959256311892733458e-22 1.360359569655491781e-25 3.684512826641126678e-29 5.880025515588598959e-33 9.707066310513396593e-33 5.905920748655575118e-29 2.117125915466619603e-25 4.471647312736994413e-22 5.564914439617606703e-19 4.080574341254895442e-16 1.762970466227115063e-13
1.762970195176571941e-13 4.487881247183800326e-11 6.731307955476495408e-09 5.948721764070796780e-07 3.097535227425396442e-05 9.503333712927997112e-04 1.717934012413024902e-02 1.829787790775299072e-01 1.148318052291870117e+00 4.246121883392333984e+00 9.250986099243164062e+00 1.187548255920410156e+01 8.982184410095214844e+00 4.002949714660644531e+00 1.051098823547363281e+00 1.626208126544952393e-01 1.482435688376426697e-02 7.962315576151013374e-04 2.519841837056446820e-05 4.698677571468579117e-07 5.162235527933489720e-09 3.341751528274095051e-11 1.274607454087792191e-13 2.864456845750782375e-16 3.792945192006644724e-19 2.959256311892733458e-22 1.360359569655491781e-25 3.684512525714572867e-29 5.880003842411505674e-33 9.707064106461488801e-33 5.905919544949359876e-29 2.117125668947586721e-25 4.471647312736994413e-22 5.564914439617606703e-19 4.080574341254895442e-16 1.762970195176571941e-13
1.762969924126028820e-13 4.487880553294409935e-11 6.731307955476495408e-09 5.948720627202419564e-07 3.097534499829635024e-05 9.503333130851387978e-04 1.717933639883995056e-02 1.829787492752075195e-01 1.148318052291870117e+00 4.246119976043701172e+00 9.250986099243164062e+00 1.187548065185546875e+01 8.982181549072265625e+00 4.002948760986328125e+00 1.051098704338073730e+00 1.626207828521728516e-01 1.482435315847396851e-02 7.962314411997795105e-04 2.519841655157506466e-05 4.698677003034390509e-07 5.162234195665860170e-09 3.341751181329399856e-11 1.274607318562520630e-13 2.864456316355190341e-16 3.792944675018761879e-19 2.959255807021754116e-22 1.360359569655491781e-25 3.684512224788019057e-29 5.879968577580981005e-33 9.707045004678287939e-33 5.905919544949359876e-29 2.117125175909520958e-25 4.471646302995035730e-22 5.564913405641841012e-19 4.080573282463711374e-16 1.762969924126028820e-13
1.762969924126028820e-13 4.487880553294409935e-11 6.731307511387285558e-09 5.948719490334042348e-07 3.097533772233873606e-05 9.503331966698169708e-04 1.717933639883995056e-02 1.829787194728851318e-01 1.148317813873291016e+00 4.246119976043701172e+00 9.250986099243164062e+00 1.187548065185546875e+01 8.982181549072265625e+00 4.002948760986328125e+00 1.051098585128784180e+00 1.626207530498504639e-01 1.482435129582881927e-02 7.962314411997795105e-04 2.519841655157506466e-05 4.698677003034390509e-07 5.162234195665860170e-09 3.341751528274095051e-11 1.274607318562520630e-13 2.864456316355190341e-16 3.792944158030879033e-19 2.959255554586264445e-22 1.360359323136458900e-25 3.684511622934911436e-29 5.880028086982491383e-33 9.707064841145458065e-33 5.905919544949359876e-29 2.117124929390488077e-25 4.471646302995035730e-22 5.564913405641841012e-19 4.080573811859303408e-16 1.762969924126028820e-13
1.762969788600757259e-13 4.487880206349714740e-11 6.731306179119656008e-09 5.948719490334042348e-07 3.097534136031754315e-05 9.503331384621560574e-04 1.717933639883995056e-02 1.829787194728851318e-01 1.148318052291870117e+00 4.246120452880859375e+00 9.250985145568847656e+00 1.187548065185546875e+01 8.982181549072265625e+00 4.002948284149169922e+00 1.051098465919494629e+00 1.626207828521728516e-01 1.482435036450624466e-02 7.962313247844576836e-04 2.519841473258566111e-05 4.698676434600201901e-07 5.162233307487440470e-09 3.341750487440009465e-11 1.274607047511977509e-13 2.864455786959598307e-16 3.792944158030879033e-19 2.959255302150774775e-22 1.360359323136458900e-25 3.684511322008357625e-29 5.880004944437459569e-33 9.707057494305765426e-33 5.905919544949359876e-29 2.117125175909520958e-25 4.471645798124056389e-22 5.564912371666075321e-19 4.080573282463711374e-16 1.762969788600757259e-13
1.762969924126028820e-13 4.487880206349714740e-11 6.731306623208865858e-09 5.948720627202419564e-07 3.097534499829635024e-05 9.503331384621560574e-04 1.717933826148509979e-02 1.829787492752075195e-01 1.148317813873291016e+00 4.246120929718017578e+00 9.250985145568847656e+00 1.187547969818115234e+01 8.982183456420898438e+00 4.002948760986328125e+00 1.051098585128784180e+00 1.626207828521728516e-01 1.482435315847396851e-02 7.962313829921185970e-04 2.519841473258566111e-05 4.698677003034390509e-07 5.162233751576650320e-09 3.341751181329399856e-11 1.274607318562520630e-13 2.864456316355190341e-16 3.792943899536937610e-19 2.959255554586264445e-22 1.360359199876942459e-25 3.684511923861465246e-29 5.879967108213042477e-33 9.707046474046226467e-33 5.905919544949359876e-29 2.117125175909520958e-25 4.471646302995035730e-22 5.564914439617606703e-19 4.080573282463711374e-16 1.762969924126028820e-13
1.762970195176571941e-13 4.487880206349714740e-11 6.731307511387285558e-09 5.948720627202419564e-07 3.097534863627515733e-05 9.503332548774778843e-04 1.717934012413024902e-02 1.829787492752075195e-01 1.148317933082580566e+00 4.246120929718017578e+00 9.250987052917480469e+00 1.187548065185546875e+01 8.982181549072265625e+00 4.002949714660644531e+00 1.051098585128784180e+00 1.626207828521728516e-01 1.482435595244169235e-02 7.962313829921185970e-04 2.519841837056446820e-05 4.698677287251484813e-07 5.162234195665860170e-09 3.341751181329399856e-11 1.274607454087792191e-13 2.864456581052986358e-16 3.792944675018761879e-19 2.959256059457243787e-22 1.360359569655491781e-25 3.684512525714572867e-29 5.879943965668010663e-33 9.706970066913423018e-33 5.905920146802467497e-29 2.117125422428553840e-25 4.471646807866015072e-22 5.564913922629723858e-19 4.080573811859303408e-16 1.762970195176571941e-13
1.762970195176571941e-13 4.487881247183800326e-11 6.731308399565705258e-09 5.948721195636608172e-07 3.097535227425396442e-05 9.503333712927997112e-04 1.717934384942054749e-02 1.829787790775299072e-01 1.148318171501159668e+00 4.246121406555175781e+00 9.250988006591796875e+00 1.187548351287841797e+01 8.982183456420898438e+00 4.002949714660644531e+00 1.051098823547363281e+00 1.626207977533340454e-01 1.482435595244169235e-02 7.962315576151013374e-04 2.519842200854327530e-05 4.698677571468579117e-07 5.162234639755070020e-09 3.341751528274095051e-11 1.274607454087792191e-13 2.864456845750782375e-16 3.792944933512703302e-19 2.959256059457243787e-22 1.360359569655491781e-25 3.684512224788019057e-29 5.879965271503119317e-33 9.707051616834011314e-33 5.905920748655575118e-29 2.117125668947586721e-25 4.471646807866015072e-22 5.564915473593372395e-19 4.080574341254895442e-16 1.762970195176571941e-13
1.762970466227115063e-13 4.487881594128495522e-11 6.731309287744124958e-09 5.948721764070796780e-07 3.097535227425396442e-05 9.503336041234433651e-04 1.717934384942054749e-02 1.829787790775299072e-01 1.148318290710449219e+00 4.246121883392333984e+00 9.250988006591796875e+00 1.187548446655273438e+01 8.982185363769531250e+00 4.002950191497802734e+00 1.051098942756652832e+00 1.626208424568176270e-01 1.482435874640941620e-02 7.962317322380840778e-04 2.519842746551148593e-05 4.698678708336956333e-07 5.162235083844279870e-09 3.341751875218790246e-11 1.274607589613063752e-13 2.864457375146374409e-16 3.792945708994527570e-19 2.959256564328223128e-22 1.360359816174524663e-25 3.684513127567680488e-29 5.880006046463413465e-33 9.707061902409581009e-33 5.905920748655575118e-29 2.117125915466619603e-25 4.471647817607973755e-22 5.564915473593372395e-19 4.080574870650487476e-16 1.762970466227115063e-13
1.762971143853472866e-13 4.487883328851971498e-11 6.731311508190174209e-09 5.948724037807551213e-07 3.097536318819038570e-05 9.503338951617479324e-04 1.717934757471084595e-02 1.829788684844970703e-01 1.148318767547607422e+00 4.246122837066650391e+00 9.250991821289062500e+00 1.187548828125000000e+01 8.982187271118164062e+00 4.002951145172119141e+00 1.051099181175231934e+00 1.626208871603012085e-01 1.482436247169971466e-02 7.962318486534059048e-04 2.519843292247969657e-05 4.698679845205333550e-07 5.162237748379538971e-09 3.341752916052875833e-11 1.274607996188878434e-13 2.864457904541966443e-16 3.792946225982410416e-19 2.959257321634692140e-22 1.360360309212590426e-25 3.684514331273895730e-29 5.880033597112260863e-33 9.707071453301181440e-33 5.905921952361790360e-29 2.117126408504685366e-25 4.471649332220911779e-22 5.564918058532786623e-19 4.080575664743875527e-16 1.762971143853472866e-13
1.762972092530373791e-13 4.487885063575447475e-11 6.731314616814643159e-09 5.948726311544305645e-07 3.097537774010561407e-05 9.503342444077134132e-04 1.717935688793659210e-02 1.829789280891418457e-01 1.148319125175476074e+00 4.246125221252441406e+00 9.250996589660644531e+00 1.187549209594726562e+01 8.982191085815429688e+00 4.002953052520751953e+00 1.051099777221679688e+00 1.626209616661071777e-01 1.482436992228031158e-02 7.962322561070322990e-04 2.519844201742671430e-05 4.698681834724993678e-07 5.162239524736378371e-09 3.341754303831656614e-11 1.274608673815236237e-13 2.864459492728742545e-16 3.792948293933941798e-19 2.959258836247630165e-22 1.360360802250656189e-25 3.684515835906664783e-29 5.880007515831351993e-33 9.707075126721027760e-33 5.905925563480436087e-29 2.117127641099849774e-25 4.471651351704829145e-22 5.564920643472200851e-19 4.080578047024039680e-16 1.762972092530373791e-13
1.762972770156731595e-13 4.487887145243618647e-11 6.731318169528321960e-09 5.948729722149437293e-07 3.097539229202084243e-05 9.503347682766616344e-04 1.717936806380748749e-02 1.829790472984313965e-01 1.148319840431213379e+00 4.246127128601074219e+00 9.251000404357910156e+00 1.187549972534179688e+01 8.982195854187011719e+00 4.002955436706542969e+00 1.051100373268127441e+00 1.626210510730743408e-01 1.482437551021575928e-02 7.962326635606586933e-04 2.519845475035253912e-05 4.698684108461748110e-07 5.162242633360847321e-09 3.341756385499827786e-11 1.274609351441594041e-13 2.864460816217722630e-16 3.792950361885473181e-19 2.959260350860568189e-22 1.360361541807754834e-25 3.684518243319095267e-29 5.879977026446627540e-33 9.707059698357673217e-33 5.905929174599081813e-29 2.117128627175981300e-25 4.471653371188746511e-22 5.564923228411615079e-19 4.080579899908611799e-16 1.762972770156731595e-13
1.762973854358904080e-13 4.487890267745875406e-11 6.731321722242000760e-09 5.948733132754568942e-07 3.097541411989368498e-05 9.503353503532707691e-04 1.717937551438808441e-02 1.829791218042373657e-01 1.148320436477661133e+00 4.246129512786865234e+00 9.251006126403808594e+00 1.187550640106201172e+01 8.982200622558593750e+00 4.002957344055175781e+00 1.051100850105285645e+00 1.626211404800415039e-01 1.482438575476408005e-02 7.962331292219460011e-04 2.519847112125717103e-05 4.698687234849785455e-07 5.162244853806896572e-09 3.341758120223303763e-11 1.274610029067951844e-13 2.864462669102294749e-16 3.792952688330945986e-19 2.959261865473506213e-22 1.360362281364853478e-25 3.684519747951864319e-29 5.879996495571813034e-33 9.707072187985150704e-33 5.905932785717727539e-29 2.117130106290178589e-25 4.471656400414622559e-22 5.564925813351029307e-19 4.080582017490979934e-16 1.762973854358904080e-13
1.762974531985261883e-13 4.487892002469351382e-11 6.731324830866469711e-09 5.948735974925511982e-07 3.097542139585129917e-05 9.503356995992362499e-04 1.717938110232353210e-02 1.829792112112045288e-01 1.148320794105529785e+00 4.246131420135498047e+00 9.251009941101074219e+00 1.187551116943359375e+01 8.982204437255859375e+00 4.002958774566650391e+00 1.051101326942443848e+00 1.626212149858474731e-01 1.482439041137695312e-02 7.962334784679114819e-04 2.519848203519359231e-05 4.698688371718162671e-07 5.162247518342155672e-09 3.341759508002084544e-11 1.274610571169038087e-13 2.864463992591274833e-16 3.792953980800653100e-19 2.959263380086444238e-22 1.360362897662435682e-25 3.684521553511187182e-29 5.880044250029815190e-33 9.707091289768351566e-33 5.905935193130158023e-29 2.117130845847277234e-25 4.471657915027560584e-22 5.564927881302560690e-19 4.080583870375552053e-16 1.762974531985261883e-13
1.762975209611619687e-13 4.487893737192827359e-11 6.731327051312518961e-09 5.948737111793889198e-07 3.097543594776652753e-05 9.503358742222189903e-04 1.717938855290412903e-02 1.829792708158493042e-01 1.148321390151977539e+00 4.246132850646972656e+00 9.251012802124023438e+00 1.187551593780517578e+01 8.982209205627441406e+00 4.002960205078125000e+00 1.051101684570312500e+00 1.626212596893310547e-01 1.482439599931240082e-02 7.962337695062160492e-04 2.519848931115120649e-05 4.698690645454917103e-07 5.162248850609785222e-09 3.341760895780865326e-11 1.274611113270124330e-13 2.864464786684662884e-16 3.792956048752184483e-19 2.959264137392913250e-22 1.360363390700501445e-25 3.684522757217402424e-29 5.880017066722952424e-33 9.707092759136290094e-33 5.905936396836373265e-29 2.117131585404375879e-25 4.471659429640498608e-22 5.564929949254092073e-19 4.080585723260124172e-16 1.762975209611619687e-13
1.762975616187434369e-13 4.487894431082217750e-11 6.731327495401728811e-09 5.948738248662266415e-07 3.097543958574533463e-05 9.503361652605235577e-04 1.717938855290412903e-02 1.829793155193328857e-01 1.148321390151977539e+00 4.246133327484130859e+00 9.251014709472656250e+00 1.187551784515380859e+01 8.982208251953125000e+00 4.002961158752441406e+00 1.051101803779602051e+00 1.626212894916534424e-01 1.482439879328012466e-02 7.962338859215378761e-04 2.519849294913001359e-05 4.698691213889105711e-07 5.162251071055834473e-09 3.341761242725560521e-11 1.274611113270124330e-13 2.864465316080254918e-16 3.792955790258243060e-19 2.959264894699382262e-22 1.360363513960017886e-25 3.684523960923617666e-29 5.879985842654258707e-33 9.707075126721027760e-33 5.905937600542588507e-29 2.117132078442441642e-25 4.471659934511477949e-22 5.564930983229857764e-19 4.080585987957920189e-16 1.762975616187434369e-13
1.762975480662162808e-13 4.487894431082217750e-11 6.731327939490938661e-09 5.948738248662266415e-07 3.097543958574533463e-05 9.503361070528626442e-04 1.717938855290412903e-02 1.829792857170104980e-01 1.148321270942687988e+00 4.246133804321289062e+00 9.251013755798339844e+00 1.187551593780517578e+01 8.982208251953125000e+00 4.002961158752441406e+00 1.051101803779602051e+00 1.626212745904922485e-01 1.482439693063497543e-02 7.962337695062160492e-04 2.519849294913001359e-05 4.698691498106200015e-07 5.162250182877414773e-09 3.341760895780865326e-11 1.274611113270124330e-13 2.864464786684662884e-16 3.792956048752184483e-19 2.959264894699382262e-22 1.360363513960017886e-25 3.684523058143956235e-29 5.879980332524489228e-33 9.707080269508812607e-33 5.905936998689480886e-29 2.117131585404375879e-25 4.471659934511477949e-22 5.564930983229857764e-19 4.080585987957920189e-16 1.762975480662162808e-13
1.762974803035805005e-13 4.487893043303436968e-11 6.731324830866469711e-09 5.948737111793889198e-07 3.097543230978772044e-05 9.503358742222189903e-04 1.717938669025897980e-02 1.829792708158493042e-01 1.148321151733398438e+00 4.246132373809814453e+00 9.251010894775390625e+00 1.187551498413085938e+01 8.982207298278808594e+00 4.002959728240966797e+00 1.051101684570312500e+00 1.626212298870086670e-01 1.482439599931240082e-02 7.962335948832333088e-04 2.519848567317239940e-05 4.698690077020728495e-07 5.162248406520575372e-09 3.341760201891474935e-11 1.274610977744852769e-13 2.864464521986866867e-16 3.792955014776418792e-19 2.959263884957423579e-22 1.360363144181468564e-25 3.684522456290848614e-29 5.880044617371799822e-33 9.707092759136290094e-33 5.905935193130158023e-29 2.117131338885342997e-25 4.471659429640498608e-22 5.564929432266209227e-19 4.080584929166736121e-16 1.762974803035805005e-13
1.762974260934718762e-13 4.487891655524656187e-11 6.731323498598840160e-09 5.948734838057134766e-07 3.097541775787249207e-05 9.503354085609316826e-04 1.717938110232353210e-02 1.829791963100433350e-01 1.148320913314819336e+00 4.246130466461181641e+00 9.251008987426757812e+00 1.187551116943359375e+01 8.982204437255859375e+00 4.002959251403808594e+00 1.051101088523864746e+00 1.626211851835250854e-01 1.482439041137695312e-02 7.962334202602505684e-04 2.519847839721478522e-05 4.698688940152351279e-07 5.162246630163735972e-09 3.341759161057389349e-11 1.274610435643766526e-13 2.864463463195682799e-16 3.792953463812770255e-19 2.959262622779975226e-22 1.360362774402919241e-25 3.684521252584633372e-29 5.880038739900045710e-33 9.707090555084382302e-33 5.905933989423942781e-29 2.117130599328244353e-25 4.471657410156581242e-22 5.564927881302560690e-19 4.080582811584367985e-16 1.762974260934718762e-13
1.762973989884175641e-13 4.487889920801180210e-11 6.731322166331210610e-09 5.948733701188757550e-07 3.097541048191487789e-05 9.503352921456098557e-04 1.717937737703323364e-02 1.829791069030761719e-01 1.148320555686950684e+00 4.246129989624023438e+00 9.251007080078125000e+00 1.187550735473632812e+01 8.982201576232910156e+00 4.002957344055175781e+00 1.051100850105285645e+00 1.626211404800415039e-01 1.482438668608665466e-02 7.962333038449287415e-04 2.519847475923597813e-05 4.698687234849785455e-07 5.162245741985316272e-09 3.341758814112694154e-11 1.274610029067951844e-13 2.864462669102294749e-16 3.792952429837004563e-19 2.959262117908995884e-22 1.360362281364853478e-25 3.684520048878418130e-29 5.880018168748906320e-33 9.707081004192781871e-33 5.905932785717727539e-29 2.117129613252112826e-25 4.471656400414622559e-22 5.564926330338912153e-19 4.080582546886571968e-16 1.762973989884175641e-13
1.762973583308360959e-13 4.487890614690570601e-11 6.731321278152790910e-09 5.948733132754568942e-07 3.097540684393607080e-05 9.503351757302880287e-04 1.717937737703323364e-02 1.829791218042373657e-01 1.148320436477661133e+00 4.246129512786865234e+00 9.251006126403808594e+00 1.187550544738769531e+01 8.982200622558593750e+00 4.002956867218017578e+00 1.051100730895996094e+00 1.626211255788803101e-01 1.482438296079635620e-02 7.962330710142850876e-04 2.519847112125717103e-05 4.698686666415596846e-07 5.162244853806896572e-09 3.341758467167998958e-11 1.274610029067951844e-13 2.864462404404498732e-16 3.792951912849121718e-19 2.959261613038016543e-22 1.360362281364853478e-25 3.684518845172202888e-29 5.879996128229828402e-33 9.707072187985150704e-33 5.905931582011512297e-29 2.117130106290178589e-25 4.471655390672663876e-22 5.564925813351029307e-19 4.080582546886571968e-16 1.762973583308360959e-13
1.762973447783089398e-13 4.487889226911789819e-11 6.731319501795951510e-09 5.948731427452003118e-07 3.097539956797845662e-05 9.503349428996443748e-04 1.717936992645263672e-02 1.829790771007537842e-01 1.148319959640502930e+00 4.246128559112548828e+00 9.251003265380859375e+00 1.187550354003906250e+01 8.982197761535644531e+00 4.002955913543701172e+00 1.051100492477416992e+00 1.626210808753967285e-01 1.482437923550605774e-02 7.962329545989632607e-04 2.519846748327836394e-05 4.698685529547219630e-07 5.162243077450057172e-09 3.341757079389218177e-11 1.274609486966865601e-13 2.864461610311110681e-16 3.792950878873356027e-19 2.959261360602526872e-22 1.360362034845820597e-25 3.684518845172202888e-29 5.879978495814566068e-33 9.707060433041642481e-33 5.905930378305297055e-29 2.117129366733079945e-25 4.471654380930705193e-22 5.564925296363146462e-19 4.080580958699795866e-16 1.762973447783089398e-13
1.762973176732546277e-13 4.487887839133009038e-11 6.731319945885161360e-09 5.948730859017814510e-07 3.097539592999964952e-05 9.503349428996443748e-04 1.717936992645263672e-02 1.829790771007537842e-01 1.148320198059082031e+00 4.246128082275390625e+00 9.251002311706542969e+00 1.187550163269042969e+01 8.982198715209960938e+00 4.002955913543701172e+00 1.051100492477416992e+00 1.626210808753967285e-01 1.482437923550605774e-02 7.962328381836414337e-04 2.519846202631015331e-05 4.698684961113031022e-07 5.162243521539267022e-09 3.341757079389218177e-11 1.274609486966865601e-13 2.864461610311110681e-16 3.792951395861238872e-19 2.959260855731547531e-22 1.360361788326787715e-25 3.684519447025310509e-29 5.879954251243580358e-33 9.706987699328685352e-33 5.905930378305297055e-29 2.117129120214047063e-25 4.471654380930705193e-22 5.564923745399497925e-19 4.080580694001999850e-16 1.762973176732546277e-13
1.762973176732546277e-13 4.487888879967094624e-11 6.731318613617531810e-09 5.948730859017814510e-07 3.097539956797845662e-05 9.503349428996443748e-04 1.717936806380748749e-02 1.829790472984313965e-01 1.148319840431213379e+00 4.246127605438232422e+00 9.251002311706542969e+00 1.187550163269042969e+01 8.982196807861328125e+00 4.002956390380859375e+00 1.051100492477416992e+00 1.626210808753967285e-01 1.482438016682863235e-02 7.962327217683196068e-04 2.519846202631015331e-05 4.698685529547219630e-07 5.162243077450057172e-09 3.341756732444522981e-11 1.274609486966865601e-13 2.864461345613314664e-16 3.792950620379414604e-19 2.959260855731547531e-22 1.360361665067271274e-25 3.684518544245649077e-29 5.879954251243580358e-33 9.706986964644716088e-33 5.905929776452189434e-29 2.117129120214047063e-25 4.471654380930705193e-22 5.564923745399497925e-19 4.080580164606407816e-16 1.762973176732546277e-13
1.762972770156731595e-13 4.487887839133009038e-11 6.731317725439112110e-09 5.948729153715248685e-07 3.097538865404203534e-05 9.503346518613398075e-04 1.717936620116233826e-02 1.829790174961090088e-01 1.148319721221923828e+00 4.246127128601074219e+00 9.250999450683593750e+00 1.187549972534179688e+01 8.982195854187011719e+00 4.002955436706542969e+00 1.051100254058837891e+00 1.626210212707519531e-01 1.482437737286090851e-02 7.962327217683196068e-04 2.519846020732074976e-05 4.698684392678842414e-07 5.162243077450057172e-09 3.341756038555132591e-11 1.274609215916322480e-13 2.864460816217722630e-16 3.792950361885473181e-19 2.959260098425078518e-22 1.360361541807754834e-25 3.684517641465987646e-29 5.879976291762658276e-33 9.707061902409581009e-33 5.905929174599081813e-29 2.117128627175981300e-25 4.471653371188746511e-22 5.564923745399497925e-19 4.080580164606407816e-16 1.762972770156731595e-13
1.762972905682003155e-13 4.487887145243618647e-11 6.731316837260692409e-09 5.948728585281060077e-07 3.097538865404203534e-05 9.503345354460179806e-04 1.717936620116233826e-02 1.829790025949478149e-01 1.148319721221923828e+00 4.246127128601074219e+00 9.250999450683593750e+00 1.187549877166748047e+01 8.982195854187011719e+00 4.002954483032226562e+00 1.051100254058837891e+00 1.626210212707519531e-01 1.482437551021575928e-02 7.962326635606586933e-04 2.519845293136313558e-05 4.698683255810465198e-07 5.162242189271637471e-09 3.341756038555132591e-11 1.274609215916322480e-13 2.864460551519926613e-16 3.792950103391531758e-19 2.959260350860568189e-22 1.360361541807754834e-25 3.684517942392541456e-29 5.879974822394719748e-33 9.707063371777519537e-33 5.905927970892866571e-29 2.117128134137915537e-25 4.471652866317767169e-22 5.564922711423732234e-19 4.080578841117427731e-16 1.762972905682003155e-13
1.762972363580916912e-13 4.487886798298923452e-11 6.731315949082272709e-09 5.948728585281060077e-07 3.097538865404203534e-05 9.503345936536788940e-04 1.717936247587203979e-02 1.829789876937866211e-01 1.148319602012634277e+00 4.246126174926757812e+00 9.250999450683593750e+00 1.187549781799316406e+01 8.982194900512695312e+00 4.002954959869384766e+00 1.051100134849548340e+00 1.626210063695907593e-01 1.482437551021575928e-02 7.962324889376759529e-04 2.519844929338432848e-05 4.698683824244653806e-07 5.162241301093217771e-09 3.341755691610437395e-11 1.274609080391050919e-13 2.864460551519926613e-16 3.792950361885473181e-19 2.959259845989588848e-22 1.360361541807754834e-25 3.684517039612880025e-29 5.879972251000827325e-33 9.707063371777519537e-33 5.905927970892866571e-29 2.117128627175981300e-25 4.471652361446787828e-22 5.564921677447966542e-19 4.080578576419631714e-16 1.762972363580916912e-13
1.762972634631460034e-13 4.487886451354228257e-11 6.731316837260692409e-09 5.948728585281060077e-07 3.097538501606322825e-05 9.503345936536788940e-04 1.717936061322689056e-02 1.829789578914642334e-01 1.148319482803344727e+00 4.246126651763916016e+00 9.250998497009277344e+00 1.187549591064453125e+01 8.982193946838378906e+00 4.002954483032226562e+00 1.051100015640258789e+00 1.626210212707519531e-01 1.482437364757061005e-02 7.962323725223541260e-04 2.519845111237373203e-05 4.698683255810465198e-07 5.162241745182427621e-09 3.341755344665742200e-11 1.274608944865779359e-13 2.864460551519926613e-16 3.792949327909707490e-19 2.959259845989588848e-22 1.360361048769689070e-25 3.684516738686326214e-29 5.879991720126012819e-33 9.707063371777519537e-33 5.905927369039758950e-29 2.117128134137915537e-25 4.471652361446787828e-22 5.564921677447966542e-19 4.080579105815223748e-16 1.762972634631460034e-13
1.762972092530373791e-13 4.487885757464837866e-11 6.731315504993062859e-09 5.948727448412682861e-07 3.097538501606322825e-05 9.503344772383570671e-04 1.717935875058174133e-02 1.829789876937866211e-01 1.148319363594055176e+00 4.246125221252441406e+00 9.250997543334960938e+00 1.187549591064453125e+01 8.982193946838378906e+00 4.002954006195068359e+00 1.051099777221679688e+00 1.626209914684295654e-01 1.482437178492546082e-02 7.962323725223541260e-04 2.519845111237373203e-05 4.698682687376276590e-07 5.162241301093217771e-09 3.341755344665742200e-11 1.274608809340507798e-13 2.864459757426538562e-16 3.792949327909707490e-19 2.959259593554099177e-22 1.360361048769689070e-25 3.684516437759772404e-29 5.880012291277152209e-33 9.707066310513396593e-33 5.905927369039758950e-29 2.117127887618882655e-25 4.471651856575808486e-22 5.564921677447966542e-19 4.080578047024039680e-16 1.762972092530373791e-13
1.762972092530373791e-13 4.487886451354228257e-11 6.731314616814643159e-09 5.948727448412682861e-07 3.097538137808442116e-05 9.503342444077134132e-04 1.717935875058174133e-02 1.829789429903030396e-01 1.148319363594055176e+00 4.246125221252441406e+00 9.250996589660644531e+00 1.187549591064453125e+01 8.982192993164062500e+00 4.002953529357910156e+00 1.051099896430969238e+00 1.626209914684295654e-01 1.482436899095773697e-02 7.962323725223541260e-04 2.519844565540552139e-05 4.698682118942087982e-07 5.162239524736378371e-09 3.341754650776351809e-11 1.274608809340507798e-13 2.864459492728742545e-16 3.792948293933941798e-19 2.959258836247630165e-22 1.360360802250656189e-25 3.684516136833218593e-29 5.880010821909213681e-33 9.707070718617212176e-33 5.905926767186651329e-29 2.117127887618882655e-25 4.471651856575808486e-22 5.564920643472200851e-19 4.080577517628447646e-16 1.762972092530373791e-13
1.762972092530373791e-13 4.487885063575447475e-11 6.731315060903853009e-09 5.948726879978494253e-07 3.097537774010561407e-05 9.503343026153743267e-04 1.717935688793659210e-02 1.829789280891418457e-01 1.148319244384765625e+00 4.246125698089599609e+00 9.250996589660644531e+00 1.187549400329589844e+01 8.982192039489746094e+00 4.002953529357910156e+00 1.051099777221679688e+00 1.626209318637847900e-01 1.482437178492546082e-02 7.962321396917104721e-04 2.519844201742671430e-05 4.698682687376276590e-07 5.162240412914798071e-09 3.341754650776351809e-11 1.274608673815236237e-13 2.864458963333150511e-16 3.792948293933941798e-19 2.959258583812140494e-22 1.360360802250656189e-25 3.684515835906664783e-29 5.880009352541275153e-33 9.707072187985150704e-33 5.905926767186651329e-29 2.117127641099849774e-25 4.471651856575808486e-22 5.564918575520669468e-19 4.080578047024039680e-16 1.762972092530373791e-13
1.762971821479830670e-13 4.487885063575447475e-11 6.731314616814643159e-09 5.948726311544305645e-07 3.097537774010561407e-05 9.503343608230352402e-04 1.717935688793659210e-02 1.829789131879806519e-01 1.148319125175476074e+00 4.246125221252441406e+00 9.250995635986328125e+00 1.187549209594726562e+01 8.982192039489746094e+00 4.002953529357910156e+00 1.051099658012390137e+00 1.626209318637847900e-01 1.482436992228031158e-02 7.962323725223541260e-04 2.519844201742671430e-05 4.698682687376276590e-07 5.162239524736378371e-09 3.341754650776351809e-11 1.274608673815236237e-13 2.864459492728742545e-16 3.792948293933941798e-19 2.959258331376650823e-22 1.360360802250656189e-25 3.684515835906664783e-29 5.880007148489367361e-33 9.707074392037058496e-33 5.905925563480436087e-29 2.117127887618882655e-25 4.471651351704829145e-22 5.564919609496435160e-19 4.080578047024039680e-16 1.762971821479830670e-13
1.762971685954559109e-13 4.487885063575447475e-11 6.731313284547013609e-09 5.948725174675928429e-07 3.097537410212680697e-05 9.503342444077134132e-04 1.717935688793659210e-02 1.829789280891418457e-01 1.148319244384765625e+00 4.246124744415283203e+00 9.250995635986328125e+00 1.187549304962158203e+01 8.982191085815429688e+00 4.002953052520751953e+00 1.051099538803100586e+00 1.626209318637847900e-01 1.482436712831258774e-02 7.962321396917104721e-04 2.519844201742671430e-05 4.698681550507899374e-07 5.162238636557958671e-09 3.341753956886961419e-11 1.274608673815236237e-13 2.864458963333150511e-16 3.792948552427883221e-19 2.959258331376650823e-22 1.360360432472106867e-25 3.684515835906664783e-29 5.880030658376383807e-33 9.707075126721027760e-33 5.905925563480436087e-29 2.117127394580816892e-25 4.471650846833849803e-22 5.564919092508552314e-19 4.080577517628447646e-16 1.762971685954559109e-13
1.762971550429287548e-13 4.487885063575447475e-11 6.731313284547013609e-09 5.948725174675928429e-07 3.097537046414799988e-05 9.503341279923915863e-04 1.717935502529144287e-02 1.829788982868194580e-01 1.148319005966186523e+00 4.246124744415283203e+00 9.250994682312011719e+00 1.187549018859863281e+01 8.982191085815429688e+00 4.002952098846435547e+00 1.051099538803100586e+00 1.626209467649459839e-01 1.482436619699001312e-02 7.962320232763886452e-04 2.519843837944790721e-05 4.698680697856616462e-07 5.162238636557958671e-09 3.341753956886961419e-11 1.274608402764693116e-13 2.864458963333150511e-16 3.792947259958176107e-19 2.959258331376650823e-22 1.360360555731623307e-25 3.684515234053557162e-29 5.880032862428291599e-33 9.707075126721027760e-33 5.905925563480436087e-29 2.117127394580816892e-25 4.471650341962870462e-22 5.564919609496435160e-19 4.080576988232855612e-16 1.762971550429287548e-13
1.762971550429287548e-13 4.487883675796666694e-11 6.731313284547013609e-09 5.948725743110117037e-07 3.097537046414799988e-05 9.503340697847306728e-04 1.717935130000114441e-02 1.829788982868194580e-01 1.148319005966186523e+00 4.246124267578125000e+00 9.250993728637695312e+00 1.187549114227294922e+01 8.982189178466796875e+00 4.002952575683593750e+00 1.051099419593811035e+00 1.626209318637847900e-01 1.482436433434486389e-02 7.962320232763886452e-04 2.519844019843731076e-05 4.698680413639522158e-07 5.162238636557958671e-09 3.341753609942266223e-11 1.274608131714149994e-13 2.864458433937558477e-16 3.792947776946058953e-19 2.959257321634692140e-22 1.360360678991139748e-25 3.684515234053557162e-29 5.880034331796230127e-33 9.707073657353089232e-33 5.905924359774220845e-29 2.117127148061784011e-25 4.471650341962870462e-22 5.564918575520669468e-19 4.080576988232855612e-16 1.762971550429287548e-13
1.762971279378744427e-13 4.487884022741361889e-11 6.731313284547013609e-09 5.948724606241739821e-07 3.097536682616919279e-05 9.503338951617479324e-04 1.717935130000114441e-02 1.829788982868194580e-01 1.148318886756896973e+00 4.246123313903808594e+00 9.250993728637695312e+00 1.187549114227294922e+01 8.982188224792480469e+00 4.002951622009277344e+00 1.051099538803100586e+00 1.626209020614624023e-01 1.482436526566743851e-02 7.962320232763886452e-04 2.519843837944790721e-05 4.698680413639522158e-07 5.162237748379538971e-09 3.341753262997571028e-11 1.274608402764693116e-13 2.864458433937558477e-16 3.792947518452117530e-19 2.959258331376650823e-22 1.360360555731623307e-25 3.684514632200449541e-29 5.880035433822184023e-33 9.707073657353089232e-33 5.905924359774220845e-29 2.117127148061784011e-25 4.471649837091891120e-22 5.564918058532786623e-19 4.080576723535059595e-16 1.762971279378744427e-13
1.762971279378744427e-13 4.487883675796666694e-11 6.731310620011754509e-09 5.948724606241739821e-07 3.097536682616919279e-05 9.503337787464261055e-04 1.717934943735599518e-02 1.829788684844970703e-01 1.148318648338317871e+00 4.246122837066650391e+00 9.250991821289062500e+00 1.187548923492431641e+01 8.982187271118164062e+00 4.002951145172119141e+00 1.051099300384521484e+00 1.626208722591400146e-01 1.482436247169971466e-02 7.962319068610668182e-04 2.519843656045850366e-05 4.698679845205333550e-07 5.162238192468748821e-09 3.341753262997571028e-11 1.274608131714149994e-13 2.864457904541966443e-16 3.792946742970293261e-19 2.959257826505671482e-22 1.360360432472106867e-25 3.684514331273895730e-29 5.880034331796230127e-33 9.707046474046226467e-33 5.905923757921113224e-29 2.117127148061784011e-25 4.471649332220911779e-22 5.564917541544903777e-19 4.080576458837263578e-16 1.762971279378744427e-13
1.762970737277658184e-13 4.487882981907276303e-11 6.731310620011754509e-09 5.948722900939173996e-07 3.097535955021157861e-05 9.503336623311042786e-04 1.717934757471084595e-02 1.829788088798522949e-01 1.148318529129028320e+00 4.246122837066650391e+00 9.250990867614746094e+00 1.187548637390136719e+01 8.982185363769531250e+00 4.002950191497802734e+00 1.051099061965942383e+00 1.626208722591400146e-01 1.482436060905456543e-02 7.962317904457449913e-04 2.519842928450088948e-05 4.698679560988239245e-07 5.162236416111909421e-09 3.341753609942266223e-11 1.274607860663606873e-13 2.864457375146374409e-16 3.792945708994527570e-19 2.959257069199202470e-22 1.360360062693557544e-25 3.684514030347341920e-29 5.880029189008445279e-33 9.707072187985150704e-33 5.905921952361790360e-29 2.117126161985652484e-25 4.471647817607973755e-22 5.564917541544903777e-19 4.080575400046079510e-16 1.762970737277658184e-13
1.762970466227115063e-13 4.487881941073190717e-11 6.731310175922544659e-09 5.948722900939173996e-07 3.097535227425396442e-05 9.503336623311042786e-04 1.717934571206569672e-02 1.829788088798522949e-01 1.148318290710449219e+00 4.246122360229492188e+00 9.250989913940429688e+00 1.187548446655273438e+01 8.982185363769531250e+00 4.002949714660644531e+00 1.051099061965942383e+00 1.626208424568176270e-01 1.482435781508684158e-02 7.962316740304231644e-04 2.519842382753267884e-05 4.698678708336956333e-07 5.162236416111909421e-09 3.341751875218790246e-11 1.274607860663606873e-13 2.864457375146374409e-16 3.792946225982410416e-19 2.959256816763712799e-22 1.360359939434041103e-25 3.684513428494234299e-29 5.880026617614552855e-33 9.707067779881335121e-33 5.905922554214897981e-29 2.117126161985652484e-25 4.471647312736994413e-22 5.564916507569138086e-19 4.080574870650487476e-16 1.762970466227115063e-13
1.762970601752386623e-13 4.487881594128495522e-11 6.731309731833334808e-09 5.948722900939173996e-07 3.097535227425396442e-05 9.503336041234433651e-04 1.717934571206569672e-02 1.829788088798522949e-01 1.148318409919738770e+00 4.246122360229492188e+00 9.250989913940429688e+00 1.187548542022705078e+01 8.982184410095214844e+00 4.002950668334960938e+00 1.051098942756652832e+00 1.626208126544952393e-01 1.482436060905456543e-02 7.962316740304231644e-04 2.519842382753267884e-05 4.698678424119862029e-07 5.162236860201119271e-09 3.341751875218790246e-11 1.274607725138335312e-13 2.864457375146374409e-16 3.792945708994527570e-19 2.959256816763712799e-22 1.360359816174524663e-25 3.684514030347341920e-29 5.880004944437459569e-33 9.707067779881335121e-33 5.905920748655575118e-29 2.117126161985652484e-25 4.471647312736994413e-22 5.564916507569138086e-19 4.080575664743875527e-16 1.762970601752386623e-13
1.762970330701843502e-13 4.487881594128495522e-11 6.731309731833334808e-09 5.948721764070796780e-07 3.097535227425396442e-05 9.503336041234433651e-04 1.717934571206569672e-02 1.829787641763687134e-01 1.148318409919738770e+00 4.246122360229492188e+00 9.250988006591796875e+00 1.187548351287841797e+01 8.982185363769531250e+00 4.002950191497802734e+00 1.051098942756652832e+00 1.626208275556564331e-01 1.482435874640941620e-02 7.962316740304231644e-04 2.519842382753267884e-05 4.698678424119862029e-07 5.162235083844279870e-09 3.341752222163485442e-11 1.274607860663606873e-13 2.864456845750782375e-16 3.792945450500586147e-19 2.959256564328223128e-22 1.360359692915008222e-25 3.684512826641126678e-29 5.880004944437459569e-33 9.707064841145458065e-33 5.905921350508682739e-29 2.117126161985652484e-25 4.471647312736994413e-22 5.564915473593372395e-19 4.080575400046079510e-16 1.762970330701843502e-13
1.762970466227115063e-13 4.487881941073190717e-11 6.731308843654915108e-09 5.948722332504985388e-07 3.097535227425396442e-05 9.503335459157824516e-04 1.717934198677539825e-02 1.829787790775299072e-01 1.148318052291870117e+00 4.246121883392333984e+00 9.250988006591796875e+00 1.187548446655273438e+01 8.982184410095214844e+00 4.002949714660644531e+00 1.051098823547363281e+00 1.626208275556564331e-01 1.482435874640941620e-02 7.962316740304231644e-04 2.519842746551148593e-05 4.698679276771144941e-07 5.162235527933489720e-09 3.341751528274095051e-11 1.274607589613063752e-13 2.864457639844170426e-16 3.792945708994527570e-19 2.959256311892733458e-22 1.360359816174524663e-25 3.684512826641126678e-29 5.880006781147382729e-33 9.707064841145458065e-33 5.905920748655575118e-29 2.117125915466619603e-25 4.471647312736994413e-22 5.564915473593372395e-19 4.080574341254895442e-16 1.762970466227115063e-13
1.762970737277658184e-13 4.487881941073190717e-11 6.731308843654915108e-09 5.948721764070796780e-07 3.097534863627515733e-05 9.503334295004606247e-04 1.717934384942054749e-02 1.829787790775299072e-01 1.148318290710449219e+00 4.246121883392333984e+00 9.250989913940429688e+00 1.187548446655273438e+01 8.982182502746582031e+00 4.002950191497802734e+00 1.051098942756652832e+00 1.626208275556564331e-01 1.482435688376426697e-02 7.962315576151013374e-04 2.519842200854327530e-05 4.698677855685673421e-07 5.162235083844279870e-09 3.341751875218790246e-11 1.274607318562520630e-13 2.864456845750782375e-16 3.792945192006644724e-19 2.959256564328223128e-22 1.360359692915008222e-25 3.684513428494234299e-29 5.880006781147382729e-33 9.707059698357673217e-33 5.905921350508682739e-29 2.117125915466619603e-25 4.471647312736994413e-22 5.564915473593372395e-19 4.080574870650487476e-16 1.762970737277658184e-13
1.762970466227115063e-13 4.487881594128495522e-11 6.731307955476495408e-09 5.948721764070796780e-07 3.097535227425396442e-05 9.503333130851387978e-04 1.717934384942054749e-02 1.829788088798522949e-01 1.148318290710449219e+00 4.246122360229492188e+00 9.250988960266113281e+00 1.187548255920410156e+01 8.982183456420898438e+00 4.002949714660644531e+00 1.051099061965942383e+00 1.626208275556564331e-01 1.482435688376426697e-02 7.962315576151013374e-04 2.519842018955387175e-05 4.698678139902767725e-07 5.162235527933489720e-09 3.341751875218790246e-11 1.274607318562520630e-13 2.864457375146374409e-16 3.792944933512703302e-19 2.959256059457243787e-22 1.360359569655491781e-25 3.684513428494234299e-29 5.879983638602350915e-33 9.707057494305765426e-33 5.905919544949359876e-29 2.117125668947586721e-25 4.471647312736994413e-22 5.564914439617606703e-19 4.080574341254895442e-16 1.762970466227115063e-13
1.762970195176571941e-13 4.487881594128495522e-11 6.731308399565705258e-09 5.948722900939173996e-07 3.097535227425396442e-05 9.503334295004606247e-04 1.717933639883995056e-02 1.829787343740463257e-01 1.148318290710449219e+00 4.246121406555175781e+00 9.250986099243164062e+00 1.187548160552978516e+01 8.982183456420898438e+00 4.002949714660644531e+00 1.051098823547363281e+00 1.626207977533340454e-01 1.482435781508684158e-02 7.962315576151013374e-04 2.519842200854327530e-05 4.698678708336956333e-07 5.162234195665860170e-09 3.341751181329399856e-11 1.274607589613063752e-13 2.864456845750782375e-16 3.792945192006644724e-19 2.959255807021754116e-22 1.360359569655491781e-25 3.684512525714572867e-29 5.879962332767242262e-33 9.707052351517980578e-33 5.905920748655575118e-29 2.117125668947586721e-25 4.471647312736994413e-22 5.564914956605489549e-19 4.080574076557099425e-16 1.762970195176571941e-13
1.762970195176571941e-13 4.487881594128495522e-11 6.731308843654915108e-09 5.948720627202419564e-07 3.097535227425396442e-05 9.503333130851387978e-04 1.717933826148509979e-02 1.829787492752075195e-01 1.148318052291870117e+00 4.246120929718017578e+00 9.250988006591796875e+00 1.187548255920410156e+01 8.982183456420898438e+00 4.002948760986328125e+00 1.051098823547363281e+00 1.626208126544952393e-01 1.482435595244169235e-02 7.962315576151013374e-04 2.519842018955387175e-05 4.698677571468579117e-07 5.162235083844279870e-09 3.341751875218790246e-11 1.274607589613063752e-13 2.864456316355190341e-16 3.792944675018761879e-19 2.959256311892733458e-22 1.360359569655491781e-25 3.684512224788019057e-29 5.879966740871057845e-33 9.707050147466072786e-33 5.905919544949359876e-29 2.117125668947586721e-25 4.471647312736994413e-22 5.564914439617606703e-19 4.080573811859303408e-16 1.762970195176571941e-13
1.762970195176571941e-13 4.487880900239105131e-11 6.731307067298075708e-09 5.948720627202419564e-07 3.097534499829635024e-05 9.503332548774778843e-04 1.717933826148509979e-02 1.829787343740463257e-01 1.148318052291870117e+00 4.246120929718017578e+00 9.250986099243164062e+00 1.187548255920410156e+01 8.982182502746582031e+00 4.002948760986328125e+00 1.051098585128784180e+00 1.626207977533340454e-01 1.482435595244169235e-02 7.962314994074404240e-04 2.519841655157506466e-05 4.698677571468579117e-07 5.162234639755070020e-09 3.341751181329399856e-11 1.274607318562520630e-13 2.864456581052986358e-16 3.792944158030879033e-19 2.959256311892733458e-22 1.360359446395975340e-25 3.684512224788019057e-29 5.879968210238996373e-33 9.707045739362257203e-33 5.905919544949359876e-29 2.117125668947586721e-25 4.471646302995035730e-22 5.564913922629723858e-19 4.080573811859303408e-16 1.762970195176571941e-13
1.762969924126028820e-13 4.487880900239105131e-11 6.731307067298075708e-09 5.948720627202419564e-07 3.097534499829635024e-05 9.503332548774778843e-04 1.717933639883995056e-02 1.829787343740463257e-01 1.148317933082580566e+00 4.246121406555175781e+00 9.250986099243164062e+00 1.187548065185546875e+01 8.982183456420898438e+00 4.002948760986328125e+00 1.051098704338073730e+00 1.626207828521728516e-01 1.482435315847396851e-02 7.962313247844576836e-04 2.519841473258566111e-05 4.698677003034390509e-07 5.162234195665860170e-09 3.341750487440009465e-11 1.274607318562520630e-13 2.864456316355190341e-16 3.792944675018761879e-19 2.959255302150774775e-22 1.360359569655491781e-25 3.684512224788019057e-29 5.879944333009995295e-33 9.706970801597392282e-33 5.905919544949359876e-29 2.117125422428553840e-25 4.471646807866015072e-22 5.564914439617606703e-19 4.080573282463711374e-16 1.762969924126028820e-13
1.762970059651300381e-13 4.487879512460324349e-11 6.731306623208865858e-09 5.948720627202419564e-07 3.097534499829635024e-05 9.503333130851387978e-04 1.717934012413024902e-02 1.829787790775299072e-01 1.148317933082580566e+00 4.246120452880859375e+00 9.250988006591796875e+00 1.187548160552978516e+01 8.982182502746582031e+00 4.002949237823486328e+00 1.051098704338073730e+00 1.626207679510116577e-01 1.482435595244169235e-02 7.962314411997795105e-04 2.519841655157506466e-05 4.698677571468579117e-07 5.162234195665860170e-09 3.341750487440009465e-11 1.274607318562520630e-13 2.864456316355190341e-16 3.792944675018761879e-19 2.959255807021754116e-22 1.360359569655491781e-25 3.684512224788019057e-29 5.879944700351979927e-33 9.706970801597392282e-33 5.905919544949359876e-29 2.117125422428553840e-25 4.471646807866015072e-22 5.564913922629723858e-19 4.080573811859303408e-16 1.762970059651300381e-13
1.762969924126028820e-13 4.487880206349714740e-11 6.731307067298075708e-09 5.948720627202419564e-07 3.097534136031754315e-05 9.503332548774778843e-04 1.717933639883995056e-02 1.829787045717239380e-01 1.148318052291870117e+00 4.246120929718017578e+00 9.250988006591796875e+00 1.187547969818115234e+01 8.982183456420898438e+00 4.002948284149169922e+00 1.051098704338073730e+00 1.626207530498504639e-01 1.482435408979654312e-02 7.962314411997795105e-04 2.519841655157506466e-05 4.698677003034390509e-07 5.162234195665860170e-09 3.341750834384704660e-11 1.274607454087792191e-13 2.864456316355190341e-16 3.792944158030879033e-19 2.959255302150774775e-22 1.360359323136458900e-25 3.684512525714572867e-29 5.879944333009995295e-33 9.706970801597392282e-33 5.905919544949359876e-29 2.117125422428553840e-25 4.471646302995035730e-22 5.564912371666075321e-19 4.080573017765915357e-16 1.762969924126028820e-13
1.762970195176571941e-13 4.487880553294409935e-11 6.731307067298075708e-09 5.948720627202419564e-07 3.097534499829635024e-05 9.503333130851387978e-04 1.717933639883995056e-02 1.829787194728851318e-01 1.148318052291870117e+00 4.246120452880859375e+00 9.250987052917480469e+00 1.187548065185546875e+01 8.982181549072265625e+00 4.002948760986328125e+00 1.051098704338073730e+00 1.626207828521728516e-01 1.482435502111911774e-02 7.962313247844576836e-04 2.519841655157506466e-05 4.698677287251484813e-07 5.162234195665860170e-09 3.341751528274095051e-11 1.274607318562520630e-13 2.864456581052986358e-16 3.792944158030879033e-19 2.959255302150774775e-22 1.360359323136458900e-25 3.684512224788019057e-29 5.879967475555027109e-33 9.706991372748531672e-33 5.905919544949359876e-29 2.117125668947586721e-25 4.471646302995035730e-22 5.564914439617606703e-19 4.080573811859303408e-16 1.762970195176571941e-13
1.762970059651300381e-13 4.487880206349714740e-11 6.731307067298075708e-09 5.948720627202419564e-07 3.097534136031754315e-05 9.503331966698169708e-04 1.717933639883995056e-02 1.829787492752075195e-01 1.148318052291870117e+00 4.246120452880859375e+00 9.250985145568847656e+00 1.187547969818115234e+01 8.982181549072265625e+00 4.002948760986328125e+00 1.051098585128784180e+00 1.626207679510116577e-01 1.482435129582881927e-02 7.962315576151013374e-04 2.519841655157506466e-05 4.698677003034390509e-07 5.162234195665860170e-09 3.341751181329399856e-11 1.274607454087792191e-13 2.864456316355190341e-16 3.792944675018761879e-19 2.959256311892733458e-22 1.360359569655491781e-25 3.684511622934911436e-29 5.879968210238996373e-33 9.707045004678287939e-33 5.905918341243144634e-29 2.117125422428553840e-25 4.471646302995035730e-22 5.564913405641841012e-19 4.080573811859303408e-16 1.762970059651300381e-13
1.762969653075485699e-13 4.487878471626238763e-11 6.731306179119656008e-09 5.948719490334042348e-07 3.097533772233873606e-05 9.503331384621560574e-04 1.717933639883995056e-02 1.829786896705627441e-01 1.148317813873291016e+00 4.246119976043701172e+00 9.250984191894531250e+00 1.187547874450683594e+01 8.982178688049316406e+00 4.002948760986328125e+00 1.051098585128784180e+00 1.626207530498504639e-01 1.482435129582881927e-02 7.962313247844576836e-04 2.519840927561745048e-05 4.698675866166013293e-07 5.162233307487440470e-09 3.341750487440009465e-11 1.274607047511977509e-13 2.864455257564006273e-16 3.792943641042996188e-19 2.959255302150774775e-22 1.360359199876942459e-25 3.684511622934911436e-29 5.880000536333643986e-33 9.707063371777519537e-33 5.905918341243144634e-29 2.117125175909520958e-25 4.471645798124056389e-22 5.564912888653958166e-19 4.080573017765915357e-16 1.762969653075485699e-13
1.762969653075485699e-13 4.487878818570933959e-11 6.731306179119656008e-09 5.948719490334042348e-07 3.097534499829635024e-05 9.503330802544951439e-04 1.717933639883995056e-02 1.829786896705627441e-01 1.148317813873291016e+00 4.246120452880859375e+00 9.250984191894531250e+00 1.187547874450683594e+01 8.982179641723632812e+00 4.002948760986328125e+00 1.051098585128784180e+00 1.626207530498504639e-01 1.482435129582881927e-02 7.962313247844576836e-04 2.519841655157506466e-05 4.698675866166013293e-07 5.162233307487440470e-09 3.341750140495314270e-11 1.274607047511977509e-13 2.864456051657394324e-16 3.792943124055113342e-19 2.959255302150774775e-22 1.360359323136458900e-25 3.684511021081803815e-29 5.880029189008445279e-33 9.707063371777519537e-33 5.905919544949359876e-29 2.117124929390488077e-25 4.471646302995035730e-22 5.564913405641841012e-19 4.080572753068119340e-16 1.762969653075485699e-13
1.762969924126028820e-13 4.487880206349714740e-11 6.731306623208865858e-09 5.948720058768230956e-07 3.097534499829635024e-05 9.503331966698169708e-04 1.717933826148509979e-02 1.829787343740463257e-01 1.148317813873291016e+00 4.246120452880859375e+00 9.250986099243164062e+00 1.187548065185546875e+01 8.982179641723632812e+00 4.002948760986328125e+00 1.051098585128784180e+00 1.626207679510116577e-01 1.482435222715139389e-02 7.962313247844576836e-04 2.519841655157506466e-05 4.698676434600201901e-07 5.162234195665860170e-09 3.341750487440009465e-11 1.274607047511977509e-13 2.864456051657394324e-16 3.792943641042996188e-19 2.959255554586264445e-22 1.360359323136458900e-25 3.684512224788019057e-29 5.879982169234412388e-33 9.707053820885919106e-33 5.905919544949359876e-29 2.117125175909520958e-25 4.471646302995035730e-22 5.564913922629723858e-19 4.080573282463711374e-16 1.762969924126028820e-13
1.762970195176571941e-13 4.487880553294409935e-11 6.731307955476495408e-09 5.948719490334042348e-07 3.097534863627515733e-05 9.503331966698169708e-04 1.717934012413024902e-02 1.829787492752075195e-01 1.148318052291870117e+00 4.246120452880859375e+00 9.250986099243164062e+00 1.187548160552978516e+01 8.982180595397949219e+00 4.002949714660644531e+00 1.051098823547363281e+00 1.626207828521728516e-01 1.482435595244169235e-02 7.962313247844576836e-04 2.519841837056446820e-05 4.698677003034390509e-07 5.162234195665860170e-09 3.341751181329399856e-11 1.274607454087792191e-13 2.864456845750782375e-16 3.792944675018761879e-19 2.959255807021754116e-22 1.360359446395975340e-25 3.684512826641126678e-29 5.879968944922965637e-33 9.707018556055394437e-33 5.905918341243144634e-29 2.117125422428553840e-25 4.471647312736994413e-22 5.564913405641841012e-19 4.080574341254895442e-16 1.762970195176571941e-13
1.762970737277658184e-13 4.487881247183800326e-11 6.731307955476495408e-09 5.948720627202419564e-07 3.097534499829635024e-05 9.503333130851387978e-04 1.717934012413024902e-02 1.829787492752075195e-01 1.148318052291870117e+00 4.246121406555175781e+00 9.250988006591796875e+00 1.187547969818115234e+01 8.982183456420898438e+00 4.002949714660644531e+00 1.051098823547363281e+00 1.626208126544952393e-01 1.482435688376426697e-02 7.962315576151013374e-04 2.519841837056446820e-05 4.698677571468579117e-07 5.162235083844279870e-09 3.341751875218790246e-11 1.274607318562520630e-13 2.864456316355190341e-16 3.792945192006644724e-19 2.959255807021754116e-22 1.360359323136458900e-25 3.684512224788019057e-29 5.880004577095474937e-33 9.707063371777519537e-33 5.905919544949359876e-29 2.117125668947586721e-25 4.471647312736994413e-22 5.564914956605489549e-19 4.080574341254895442e-16 1.762970737277658184e-13
1.762970330701843502e-13 4.487880900239105131e-11 6.731307955476495408e-09 5.948721764070796780e-07 3.097535227425396442e-05 9.503334877081215382e-04 1.717934384942054749e-02 1.829787492752075195e-01 1.148318409919738770e+00 4.246121883392333984e+00 9.250988960266113281e+00 1.187548351287841797e+01 8.982182502746582031e+00 4.002949714660644531e+00 1.051098823547363281e+00 1.626208275556564331e-01 1.482435781508684158e-02 7.962315576151013374e-04 2.519841837056446820e-05 4.698677571468579117e-07 5.162235972022699571e-09 3.341751528274095051e-11 1.274607589613063752e-13 2.864456845750782375e-16 3.792944933512703302e-19 2.959256059457243787e-22 1.360359569655491781e-25 3.684512826641126678e-29 5.880031393060353071e-33 9.707064841145458065e-33 5.905920146802467497e-29 2.117125668947586721e-25 4.471647312736994413e-22 5.564913922629723858e-19 4.080574605952691459e-16 1.762970330701843502e-13
1.762970466227115063e-13 4.487881247183800326e-11 6.731307955476495408e-09 5.948720627202419564e-07 3.097534863627515733e-05 9.503333130851387978e-04 1.717933826148509979e-02 1.829787790775299072e-01 1.148318052291870117e+00 4.246120452880859375e+00 9.250985145568847656e+00 1.187548160552978516e+01 8.982183456420898438e+00 4.002949714660644531e+00 1.051098585128784180e+00 1.626207828521728516e-01 1.482435502111911774e-02 7.962315576151013374e-04 2.519842564652208239e-05 4.698677571468579117e-07 5.162234195665860170e-09 3.341751181329399856e-11 1.274607589613063752e-13 2.864456316355190341e-16 3.792944933512703302e-19 2.959256311892733458e-22 1.360359569655491781e-25 3.684512826641126678e-29 5.880005679121428833e-33 9.707060433041642481e-33 5.905919544949359876e-29 2.117125915466619603e-25 4.471646302995035730e-22 5.564914439617606703e-19 4.080574341254895442e-16 1.762970466227115063e-13
1.762970466227115063e-13 4.487881247183800326e-11 6.731307955476495408e-09 5.948721195636608172e-07 3.097534499829635024e-05 9.503333712927997112e-04 1.717933453619480133e-02 1.829787641763687134e-01 1.148318052291870117e+00 4.246120452880859375e+00 9.250986099243164062e+00 1.187548255920410156e+01 8.982182502746582031e+00 4.002949237823486328e+00 1.051098823547363281e+00 1.626208126544952393e-01 1.482435502111911774e-02 7.962315576151013374e-04 2.519841837056446820e-05 4.698677003034390509e-07 5.162235083844279870e-09 3.341751181329399856e-11 1.274607589613063752e-13 2.864456581052986358e-16 3.792944933512703302e-19 2.959255807021754116e-22 1.360359323136458900e-25 3.684512826641126678e-29 5.879983638602350915e-33 9.707056024937826898e-33 5.905920748655575118e-29 2.117125668947586721e-25 4.471646807866015072e-22 5.564913405641841012e-19 4.080573811859303408e-16 1.762970466227115063e-13
1.762970330701843502e-13 4.487880900239105131e-11 6.731307955476495408e-09 5.948720627202419564e-07 3.097534499829635024e-05 9.503334295004606247e-04 1.717934012413024902e-02 1.829787790775299072e-01 1.148318052291870117e+00 4.246120929718017578e+00 9.250988960266113281e+00 1.187548065185546875e+01 8.982183456420898438e+00 4.002949237823486328e+00 1.051098823547363281e+00 1.626207679510116577e-01 1.482435502111911774e-02 7.962314411997795105e-04 2.519841837056446820e-05 4.698677003034390509e-07 5.162234195665860170e-09 3.341751181329399856e-11 1.274607318562520630e-13 2.864456581052986358e-16 3.792944675018761879e-19 2.959255554586264445e-22 1.360359323136458900e-25 3.684512826641126678e-29 5.879965271503119317e-33 9.707051616834011314e-33 5.905919544949359876e-29 2.117125422428553840e-25 4.471647312736994413e-22 5.564914439617606703e-19 4.080573811859303408e-16 1.762970330701843502e-13
1.762970195176571941e-13 4.487880900239105131e-11 6.731307955476495408e-09 5.948720058768230956e-07 3.097534499829635024e-05 9.503333130851387978e-04 1.717934012413024902e-02 1.829787641763687134e-01 1.148317933082580566e+00 4.246120929718017578e+00 9.250988006591796875e+00 1.187548065185546875e+01 8.982181549072265625e+00 4.002949237823486328e+00 1.051098823547363281e+00 1.626207828521728516e-01 1.482435502111911774e-02 7.962315576151013374e-04 2.519842018955387175e-05 4.698677287251484813e-07 5.162234639755070020e-09 3.341751181329399856e-11 1.274607318562520630e-13 2.864456316355190341e-16 3.792944675018761879e-19 2.959255554586264445e-22 1.360359569655491781e-25 3.684511923861465246e-29 5.879968210238996373e-33 9.707045739362257203e-33 5.905920146802467497e-29 2.117125422428553840e-25 4.471646302995035730e-22 5.564914439617606703e-19 4.080573282463711374e-16 1.762970195176571941e-13
1.762970195176571941e-13 4.487880553294409935e-11 6.731307955476495408e-09 5.948720627202419564e-07 3.097534499829635024e-05 9.503333130851387978e-04 1.717933639883995056e-02 1.829787194728851318e-01 1.148318052291870117e+00 4.246120452880859375e+00 9.250986099243164062e+00 1.187548255920410156e+01 8.982181549072265625e+00 4.002949714660644531e+00 1.051098823547363281e+00 1.626207977533340454e-01 1.482435408979654312e-02 7.962314411997795105e-04 2.519841837056446820e-05 4.698677003034390509e-07 5.162235083844279870e-09 3.341751181329399856e-11 1.274607318562520630e-13 2.864456845750782375e-16 3.792944675018761879e-19 2.959255807021754116e-22 1.360359569655491781e-25 3.684512224788019057e-29 5.879968944922965637e-33 9.707044269994318675e-33 5.905920748655575118e-29 2.117125422428553840e-25 4.471647312736994413e-22 5.564914439617606703e-19 4.080574605952691459e-16 1.762970195176571941e-13
1.762969924126028820e-13 4.487880553294409935e-11 6.731307067298075708e-09 5.948720627202419564e-07 3.097534499829635024e-05 9.503334295004606247e-04 1.717933639883995056e-02 1.829787492752075195e-01 1.148318171501159668e+00 4.246120929718017578e+00 9.250988006591796875e+00 1.187548065185546875e+01 8.982181549072265625e+00 4.002949714660644531e+00 1.051098585128784180e+00 1.626207977533340454e-01 1.482435502111911774e-02 7.962314411997795105e-04 2.519841655157506466e-05 4.698677571468579117e-07 5.162234195665860170e-09 3.341751875218790246e-11 1.274607183037249070e-13 2.864456316355190341e-16 3.792944416524820456e-19 2.959255302150774775e-22 1.360359569655491781e-25 3.684511923861465246e-29 5.879945435035949191e-33 9.706969332229453754e-33 5.905918943096252255e-29 2.117125422428553840e-25 4.471646302995035730e-22 5.564913922629723858e-19 4.080573547161507391e-16 1.762969924126028820e-13
1.762970195176571941e-13 4.487880206349714740e-11 6.731307955476495408e-09 5.948720627202419564e-07 3.097534499829635024e-05 9.503333130851387978e-04 1.717933639883995056e-02 1.829787194728851318e-01 1.148317933082580566e+00 4.246120452880859375e+00 9.250987052917480469e+00 1.187548255920410156e+01 8.982183456420898438e+00 4.002948760986328125e+00 1.051098585128784180e+00 1.626208126544952393e-01 1.482435408979654312e-02 7.962313247844576836e-04 2.519841473258566111e-05 4.698677003034390509e-07 5.162234195665860170e-09 3.341751181329399856e-11 1.274607589613063752e-13 2.864456581052986358e-16 3.792944675018761879e-19 2.959255807021754116e-22 1.360359323136458900e-25 3.684512826641126678e-29 5.879966006187088581e-33 9.707047943414164994e-33 5.905919544949359876e-29 2.117125175909520958e-25 4.471645293253077047e-22 5.564914439617606703e-19 4.080573547161507391e-16 1.762970195176571941e-13
1.762969924126028820e-13 4.487879512460324349e-11 6.731306179119656008e-09 5.948719490334042348e-07 3.097534499829635024e-05 9.503333712927997112e-04 1.717933826148509979e-02 1.829787194728851318e-01 1.148318052291870117e+00 4.246119976043701172e+00 9.250986099243164062e+00 1.187547874450683594e+01 8.982181549072265625e+00 4.002948284149169922e+00 1.051098585128784180e+00 1.626207530498504639e-01 1.482435315847396851e-02 7.962313247844576836e-04 2.519841655157506466e-05 4.698675866166013293e-07 5.162233307487440470e-09 3.341751181329399856e-11 1.274607318562520630e-13 2.864456316355190341e-16 3.792944416524820456e-19 2.959255302150774775e-22 1.360359446395975340e-25 3.684511923861465246e-29 5.880002740385551778e-33 9.707063371777519537e-33 5.905918341243144634e-29 2.117125175909520958e-25 4.471646807866015072e-22 5.564913405641841012e-19 4.080573282463711374e-16 1.762969924126028820e-13
1.762969788600757259e-13 4.487880206349714740e-11 6.731306623208865858e-09 5.948719490334042348e-07 3.097533772233873606e-05 9.503331966698169708e-04 1.717933639883995056e-02 1.829787194728851318e-01 1.148317813873291016e+00 4.246119499206542969e+00 9.250982284545898438e+00 1.187547874450683594e+01 8.982180595397949219e+00 4.002948284149169922e+00 1.051098346710205078e+00 1.626207530498504639e-01 1.482434943318367004e-02 7.962313247844576836e-04 2.519841291359625757e-05 4.698676434600201901e-07 5.162234195665860170e-09 3.341750487440009465e-11 1.274607047511977509e-13 2.864456316355190341e-16 3.792944158030879033e-19 2.959255302150774775e-22 1.360359199876942459e-25 3.684511622934911436e-29 5.880029923692414543e-33 9.707039127206533827e-33 5.905919544949359876e-29 2.117124682871455195e-25 4.471646302995035730e-22 5.564913405641841012e-19 4.080573282463711374e-16 1.762969788600757259e-13
1.762969924126028820e-13 4.487879859405019545e-11 6.731306179119656008e-09 5.948719490334042348e-07 3.097533772233873606e-05 9.503332548774778843e-04 1.717933453619480133e-02 1.829787492752075195e-01 1.148317813873291016e+00 4.246119499206542969e+00 9.250984191894531250e+00 1.187547969818115234e+01 8.982179641723632812e+00 4.002947807312011719e+00 1.051098346710205078e+00 1.626207530498504639e-01 1.482435129582881927e-02 7.962313247844576836e-04 2.519841473258566111e-05 4.698677003034390509e-07 5.162234195665860170e-09 3.341750487440009465e-11 1.274607047511977509e-13 2.864455522261802290e-16 3.792943641042996188e-19 2.959255807021754116e-22 1.360359199876942459e-25 3.684511622934911436e-29 5.879982536576397020e-33 9.707053086201949842e-33 5.905918341243144634e-29 2.117124929390488077e-25 4.471646302995035730e-22 5.564912371666075321e-19 4.080573282463711374e-16 1.762969924126028820e-13
1.762970466227115063e-13 4.487880900239105131e-11 6.731308399565705258e-09 5.948721764070796780e-07 3.097535227425396442e-05 9.503333712927997112e-04 1.717934012413024902e-02 1.829787790775299072e-01 1.148318052291870117e+00 4.246120452880859375e+00 9.250988006591796875e+00 1.187548255920410156e+01 8.982183456420898438e+00 4.002949237823486328e+00 1.051098585128784180e+00 1.626207828521728516e-01 1.482435502111911774e-02 7.962315576151013374e-04 2.519842018955387175e-05 4.698678139902767725e-07 5.162235083844279870e-09 3.341751528274095051e-11 1.274607318562520630e-13 2.864456845750782375e-16 3.792945192006644724e-19 2.959255807021754116e-22 1.360359446395975340e-25 3.684512826641126678e-29 5.879968210238996373e-33 9.707047208730195731e-33 5.905918341243144634e-29 2.117125668947586721e-25 4.471646807866015072e-22 5.564914439617606703e-19 4.080573811859303408e-16 1.762970466227115063e-13
1.762971008328201306e-13 4.487882981907276303e-11 6.731311064100964359e-09 5.948722900939173996e-07 3.097535955021157861e-05 9.503336623311042786e-04 1.717934384942054749e-02 1.829787939786911011e-01 1.148318409919738770e+00 4.246122837066650391e+00 9.250989913940429688e+00 1.187548828125000000e+01 8.982185363769531250e+00 4.002950191497802734e+00 1.051098823547363281e+00 1.626208722591400146e-01 1.482435874640941620e-02 7.962319068610668182e-04 2.519843110349029303e-05 4.698678992554050637e-07 5.162236860201119271e-09 3.341752569108180637e-11 1.274607860663606873e-13 2.864457904541966443e-16 3.792946225982410416e-19 2.959257574070181811e-22 1.360360062693557544e-25 3.684513729420788109e-29 5.880029189008445279e-33 9.707070718617212176e-33 5.905920748655575118e-29 2.117126161985652484e-25 4.471648322478953096e-22 5.564915990581255240e-19 4.080575929441671544e-16 1.762971008328201306e-13
1.762971821479830670e-13 4.487884369686057084e-11 6.731314172725433309e-09 5.948726311544305645e-07 3.097537410212680697e-05 9.503341279923915863e-04 1.717935502529144287e-02 1.829789280891418457e-01 1.148319005966186523e+00 4.246124744415283203e+00 9.250994682312011719e+00 1.187549209594726562e+01 8.982191085815429688e+00 4.002952575683593750e+00 1.051099777221679688e+00 1.626209467649459839e-01 1.482436712831258774e-02 7.962321396917104721e-04 2.519844019843731076e-05 4.698681550507899374e-07 5.162239524736378371e-09 3.341754650776351809e-11 1.274608402764693116e-13 2.864459492728742545e-16 3.792948035440000375e-19 2.959258583812140494e-22 1.360360925510172630e-25 3.684515534980110972e-29 5.879981434550443124e-33 9.707075126721027760e-33 5.905924961627328466e-29 2.117127394580816892e-25 4.471651351704829145e-22 5.564919609496435160e-19 4.080577517628447646e-16 1.762971821479830670e-13
1.762972905682003155e-13 4.487887839133009038e-11 6.731318613617531810e-09 5.948729722149437293e-07 3.097538865404203534e-05 9.503347100690007210e-04 1.717936433851718903e-02 1.829790472984313965e-01 1.148319840431213379e+00 4.246127128601074219e+00 9.251002311706542969e+00 1.187549972534179688e+01 8.982196807861328125e+00 4.002955436706542969e+00 1.051100373268127441e+00 1.626210212707519531e-01 1.482437644153833389e-02 7.962326053529977798e-04 2.519845656934194267e-05 4.698684392678842414e-07 5.162243077450057172e-09 3.341756038555132591e-11 1.274609486966865601e-13 2.864461080915518647e-16 3.792950620379414604e-19 2.959260855731547531e-22 1.360361541807754834e-25 3.684518243319095267e-29 5.879977761130596804e-33 9.707032515050810452e-33 5.905929174599081813e-29 2.117129120214047063e-25 4.471653371188746511e-22 5.564921677447966542e-19 4.080580694001999850e-16 1.762972905682003155e-13
1.762973989884175641e-13 4.487890614690570601e-11 6.731322166331210610e-09 5.948733132754568942e-07 3.097541775787249207e-05 9.503352921456098557e-04 1.717937923967838287e-02 1.829791069030761719e-01 1.148320674896240234e+00 4.246129989624023438e+00 9.251006126403808594e+00 1.187550735473632812e+01 8.982201576232910156e+00 4.002958297729492188e+00 1.051100969314575195e+00 1.626211404800415039e-01 1.482438482344150543e-02 7.962331874296069145e-04 2.519847112125717103e-05 4.698687803283974063e-07 5.162245297896106422e-09 3.341758814112694154e-11 1.274610300118494965e-13 2.864462669102294749e-16 3.792952946824887409e-19 2.959262370344485555e-22 1.360362281364853478e-25 3.684520349804971940e-29 5.880017434064937056e-33 9.707081004192781871e-33 5.905932785717727539e-29 2.117130599328244353e-25 4.471655895543643218e-22 5.564926847326794999e-19 4.080582282188775951e-16 1.762973989884175641e-13
1.762975074086348126e-13 4.487892696358741773e-11 6.731325719044889411e-09 5.948737111793889198e-07 3.097542867180891335e-05 9.503358160145580769e-04 1.717938482761383057e-02 1.829792559146881104e-01 1.148321270942687988e+00 4.246132850646972656e+00 9.251012802124023438e+00 1.187551307678222656e+01 8.982207298278808594e+00 4.002960205078125000e+00 1.051101446151733398e+00 1.626212596893310547e-01 1.482439413666725159e-02 7.962336530908942223e-04 2.519848567317239940e-05 4.698688940152351279e-07 5.162248406520575372e-09 3.341760548836170130e-11 1.274610842219581208e-13 2.864464786684662884e-16 3.792954497788535946e-19 2.959263632521933909e-22 1.360362774402919241e-25 3.684522155364294803e-29 5.880046454081722981e-33 9.707091289768351566e-33 5.905935794983265644e-29 2.117130845847277234e-25 4.471659429640498608e-22 5.564929949254092073e-19 4.080584929166736121e-16 1.762975074086348126e-13
1.762975345136891248e-13 4.487894084137522555e-11 6.731327495401728811e-09 5.948738248662266415e-07 3.097543230978772044e-05 9.503359906375408173e-04 1.717938855290412903e-02 1.829792708158493042e-01 1.148321628570556641e+00 4.246132850646972656e+00 9.251015663146972656e+00 1.187551498413085938e+01 8.982210159301757812e+00 4.002960205078125000e+00 1.051101684570312500e+00 1.626212447881698608e-01 1.482439972460269928e-02 7.962337695062160492e-04 2.519848567317239940e-05 4.698691213889105711e-07 5.162249294698995072e-09 3.341761936614950912e-11 1.274610977744852769e-13 2.864465051382458901e-16 3.792955790258243060e-19 2.959264389828402921e-22 1.360363390700501445e-25 3.684523058143956235e-29 5.879979597840519964e-33 9.707081004192781871e-33 5.905936998689480886e-29 2.117131585404375879e-25 4.471659429640498608e-22 5.564930983229857764e-19 4.080585458562328155e-16 1.762975345136891248e-13
1.762975209611619687e-13 4.487894778026912945e-11 6.731327495401728811e-09 5.948738248662266415e-07 3.097543958574533463e-05 9.503361070528626442e-04 1.717939227819442749e-02 1.829793155193328857e-01 1.148321390151977539e+00 4.246132850646972656e+00 9.251016616821289062e+00 1.187551593780517578e+01 8.982209205627441406e+00 4.002960681915283203e+00 1.051101922988891602e+00 1.626212894916534424e-01 1.482439786195755005e-02 7.962338859215378761e-04 2.519849476811941713e-05 4.698691213889105711e-07 5.162250182877414773e-09 3.341760895780865326e-11 1.274611248795395890e-13 2.864465051382458901e-16 3.792956307246125906e-19 2.959264894699382262e-22 1.360363390700501445e-25 3.684523659997063856e-29 5.879985475312274075e-33 9.707075126721027760e-33 5.905937600542588507e-29 2.117131831923408760e-25 4.471660439382457291e-22 5.564930983229857764e-19 4.080585987957920189e-16 1.762975209611619687e-13
1.762975074086348126e-13 4.487894084137522555e-11 6.731327051312518961e-09 5.948738817096455023e-07 3.097543958574533463e-05 9.503359906375408173e-04 1.717939041554927826e-02 1.829792410135269165e-01 1.148321509361267090e+00 4.246133804321289062e+00 9.251012802124023438e+00 1.187551498413085938e+01 8.982208251953125000e+00 4.002961158752441406e+00 1.051101803779602051e+00 1.626212596893310547e-01 1.482439786195755005e-02 7.962338859215378761e-04 2.519849294913001359e-05 4.698691213889105711e-07 5.162250182877414773e-09 3.341761589670255717e-11 1.274611113270124330e-13 2.864464786684662884e-16 3.792955790258243060e-19 2.959264137392913250e-22 1.360363390700501445e-25 3.684523058143956235e-29 5.880021842168752640e-33 9.707090555084382302e-33 5.905936998689480886e-29 2.117131585404375879e-25 4.471660439382457291e-22 5.564929949254092073e-19 4.080585458562328155e-16 1.762975074086348126e-13
1.762974938561076566e-13 4.487892696358741773e-11 6.731326607223309111e-09 5.948737111793889198e-07 3.097542867180891335e-05 9.503359324298799038e-04 1.717938482761383057e-02 1.829792559146881104e-01 1.148321270942687988e+00 4.246132373809814453e+00 9.251010894775390625e+00 1.187551403045654297e+01 8.982206344604492188e+00 4.002959251403808594e+00 1.051101684570312500e+00 1.626212149858474731e-01 1.482439320534467697e-02 7.962336530908942223e-04 2.519848567317239940e-05 4.698689792803634191e-07 5.162248406520575372e-09 3.341760201891474935e-11 1.274610842219581208e-13 2.864464521986866867e-16 3.792954497788535946e-19 2.959263380086444238e-22 1.360363020921952123e-25 3.684522456290848614e-29 5.880046086739738349e-33 9.707092024452320830e-33 5.905935193130158023e-29 2.117131092366310116e-25 4.471658419898539925e-22 5.564928915278326381e-19 4.080585193864532138e-16 1.762974938561076566e-13
1.762974803035805005e-13 4.487892002469351382e-11 6.731324830866469711e-09 5.948735974925511982e-07 3.097541775787249207e-05 9.503356413915753365e-04 1.717938110232353210e-02 1.829792261123657227e-01 1.148321151733398438e+00 4.246131896972656250e+00 9.251010894775390625e+00 1.187551021575927734e+01 8.982204437255859375e+00 4.002959251403808594e+00 1.051101326942443848e+00 1.626212000846862793e-01 1.482439227402210236e-02 7.962334784679114819e-04 2.519848021620418876e-05 4.698688371718162671e-07 5.162247518342155672e-09 3.341759854946779740e-11 1.274610571169038087e-13 2.864463463195682799e-16 3.792954239294594523e-19 2.959263380086444238e-22 1.360362897662435682e-25 3.684521553511187182e-29 5.880044250029815190e-33 9.707091289768351566e-33 5.905933989423942781e-29 2.117131092366310116e-25 4.471658419898539925e-22 5.564927881302560690e-19 4.080583870375552053e-16 1.762974803035805005e-13
1.762974396459990323e-13 4.487890961635265796e-11 6.731323498598840160e-09 5.948734838057134766e-07 3.097541775787249207e-05 9.503355249762535095e-04 1.717937923967838287e-02 1.829791665077209473e-01 1.148320674896240234e+00 4.246130466461181641e+00 9.251008987426757812e+00 1.187550735473632812e+01 8.982204437255859375e+00 4.002958297729492188e+00 1.051100969314575195e+00 1.626211404800415039e-01 1.482438854873180389e-02 7.962333038449287415e-04 2.519847657822538167e-05 4.698687803283974063e-07 5.162246630163735972e-09 3.341758814112694154e-11 1.274610435643766526e-13 2.864463198497886783e-16 3.792952946824887409e-19 2.959262370344485555e-22 1.360362527883886360e-25 3.684520349804971940e-29 5.880013760645090737e-33 9.707088351032474511e-33 5.905932785717727539e-29 2.117130106290178589e-25 4.471657410156581242e-22 5.564926330338912153e-19 4.080583605677756036e-16 1.762974396459990323e-13
1.762973718833632519e-13 4.487889920801180210e-11 6.731321278152790910e-09 5.948731995886191726e-07 3.097539956797845662e-05 9.503352339379489422e-04 1.717937737703323364e-02 1.829791069030761719e-01 1.148320198059082031e+00 4.246128559112548828e+00 9.251005172729492188e+00 1.187550544738769531e+01 8.982198715209960938e+00 4.002956390380859375e+00 1.051100850105285645e+00 1.626210808753967285e-01 1.482438296079635620e-02 7.962330710142850876e-04 2.519846384529955685e-05 4.698686666415596846e-07 5.162244853806896572e-09 3.341757426333913372e-11 1.274610029067951844e-13 2.864462139706702715e-16 3.792952429837004563e-19 2.959261865473506213e-22 1.360362034845820597e-25 3.684520048878418130e-29 5.879972618342811957e-33 9.707070718617212176e-33 5.905932183864619918e-29 2.117129613252112826e-25 4.471655390672663876e-22 5.564925813351029307e-19 4.080582017490979934e-16 1.762973718833632519e-13
1.762973041207274716e-13 4.487887839133009038e-11 6.731317725439112110e-09 5.948729153715248685e-07 3.097539592999964952e-05 9.503348264843225479e-04 1.717936620116233826e-02 1.829789876937866211e-01 1.148319840431213379e+00 4.246127128601074219e+00 9.251001358032226562e+00 1.187549972534179688e+01 8.982196807861328125e+00 4.002954959869384766e+00 1.051100254058837891e+00 1.626210510730743408e-01 1.482437737286090851e-02 7.962327217683196068e-04 2.519845656934194267e-05 4.698684392678842414e-07 5.162243077450057172e-09 3.341756038555132591e-11 1.274609215916322480e-13 2.864460551519926613e-16 3.792950361885473181e-19 2.959260098425078518e-22 1.360361541807754834e-25 3.684517942392541456e-29 5.879977026446627540e-33 9.707060433041642481e-33 5.905928572745974192e-29 2.117129120214047063e-25 4.471653371188746511e-22 5.564923745399497925e-19 4.080580429304203833e-16 1.762973041207274716e-13
1.762972363580916912e-13 4.487885410520142671e-11 6.731315060903853009e-09 5.948726311544305645e-07 3.097538137808442116e-05 9.503341862000524998e-04 1.717935502529144287e-02 1.829788982868194580e-01 1.148319005966186523e+00 4.246124267578125000e+00 9.250993728637695312e+00 1.187549209594726562e+01 8.982192993164062500e+00 4.002952575683593750e+00 1.051099658012390137e+00 1.626209318637847900e-01 1.482436805963516235e-02 7.962321396917104721e-04 2.519844201742671430e-05 4.698681550507899374e-07 5.162239524736378371e-09 3.341754303831656614e-11 1.274608673815236237e-13 2.864459228030946528e-16 3.792948293933941798e-19 2.959258583812140494e-22 1.360360802250656189e-25 3.684515835906664783e-29 5.880006413805398097e-33 9.707074392037058496e-33 5.905924359774220845e-29 2.117127641099849774e-25 4.471650846833849803e-22 5.564919609496435160e-19 4.080577517628447646e-16 1.762972363580916912e-13
1.762971008328201306e-13 4.487882981907276303e-11 6.731310620011754509e-09 5.948724037807551213e-07 3.097535955021157861e-05 9.503338951617479324e-04 1.717934943735599518e-02 1.829788535833358765e-01 1.148318648338317871e+00 4.246123313903808594e+00 9.250991821289062500e+00 1.187548446655273438e+01 8.982187271118164062e+00 4.002950668334960938e+00 1.051099061965942383e+00 1.626208573579788208e-01 1.482436154037714005e-02 7.962319068610668182e-04 2.519842928450088948e-05 4.698679560988239245e-07 5.162236416111909421e-09 3.341753262997571028e-11 1.274607996188878434e-13 2.864457904541966443e-16 3.792945967488468993e-19 2.959256816763712799e-22 1.360360309212590426e-25 3.684514331273895730e-29 5.880032127744322335e-33 9.707070718617212176e-33 5.905923156068005602e-29 2.117126408504685366e-25 4.471648322478953096e-22 5.564916507569138086e-19 4.080575929441671544e-16 1.762971008328201306e-13
1.762970195176571941e-13 4.487881594128495522e-11 6.731307955476495408e-09 5.948721764070796780e-07 3.097534136031754315e-05 9.503334295004606247e-04 1.717933826148509979e-02 1.829787790775299072e-01 1.148318171501159668e+00 4.246121406555175781e+00 9.250986099243164062e+00 1.187548255920410156e+01 8.982183456420898438e+00 4.002949714660644531e+00 1.051098823547363281e+00 1.626208126544952393e-01 1.482435874640941620e-02 7.962314994074404240e-04 2.519842382753267884e-05 4.698677571468579117e-07 5.162234195665860170e-09 3.341751875218790246e-11 1.274607589613063752e-13 2.864456845750782375e-16 3.792945192006644724e-19 2.959256311892733458e-22 1.360359692915008222e-25 3.684512826641126678e-29 5.879962332767242262e-33 9.707053086201949842e-33 5.905921952361790360e-29 2.117125668947586721e-25 4.471646807866015072e-22 5.564915473593372395e-19 4.080574341254895442e-16 1.762970195176571941e-13
1.762970466227115063e-13 4.487880553294409935e-11 6.731307067298075708e-09 5.948719490334042348e-07 3.097534499829635024e-05 9.503332548774778843e-04 1.717933639883995056e-02 1.829787641763687134e-01 1.148317813873291016e+00 4.246120929718017578e+00 9.250984191894531250e+00 1.187548065185546875e+01 8.982179641723632812e+00 4.002948760986328125e+00 1.051098465919494629e+00 1.626207977533340454e-01 1.482435315847396851e-02 7.962313247844576836e-04 2.519842018955387175e-05 4.698676434600201901e-07 5.162232863398230620e-09 3.341750487440009465e-11 1.274607047511977509e-13 2.864456316355190341e-16 3.792944675018761879e-19 2.959255554586264445e-22 1.360359446395975340e-25 3.684512224788019057e-29 5.879967108213042477e-33 9.707045739362257203e-33 5.905920146802467497e-29 2.117125175909520958e-25 4.471645293253077047e-22 5.564913922629723858e-19 4.080573547161507391e-16 1.762970466227115063e-13
1.762970195176571941e-13 4.487880206349714740e-11 6.731307067298075708e-09 5.948719490334042348e-07 3.097533772233873606e-05 9.503331966698169708e-04 1.717933453619480133e-02 1.829787194728851318e-01 1.148317813873291016e+00 4.246120452880859375e+00 9.250984191894531250e+00 1.187548065185546875e+01 8.982179641723632812e+00 4.002948760986328125e+00 1.051098346710205078e+00 1.626207530498504639e-01 1.482435222715139389e-02 7.962314411997795105e-04 2.519841291359625757e-05 4.698676434600201901e-07 5.162233307487440470e-09 3.341750487440009465e-11 1.274607047511977509e-13 2.864455522261802290e-16 3.792944158030879033e-19 2.959255302150774775e-22 1.360359076617426018e-25 3.684511622934911436e-29 5.879975189736704380e-33 9.707063371777519537e-33 5.905918341243144634e-29 2.117125175909520958e-25 4.471645293253077047e-22 5.564912888653958166e-19 4.080573017765915357e-16 1.762970195176571941e-13
1.762970195176571941e-13 4.487879512460324349e-11 6.731307955476495408e-09 5.948719490334042348e-07 3.097533772233873606e-05 9.503330802544951439e-04 1.717934012413024902e-02 1.829787194728851318e-01 1.148317813873291016e+00 4.246120452880859375e+00 9.250986099243164062e+00 1.187547779083251953e+01 8.982181549072265625e+00 4.002948284149169922e+00 1.051098585128784180e+00 1.626207530498504639e-01 1.482435222715139389e-02 7.962314411997795105e-04 2.519841837056446820e-05 4.698676434600201901e-07 5.162234195665860170e-09 3.341750487440009465e-11 1.274607047511977509e-13 2.864455522261802290e-16 3.792944158030879033e-19 2.959255807021754116e-22 1.360359076617426018e-25 3.684511923861465246e-29 5.880029189008445279e-33 9.707064841145458065e-33 5.905918341243144634e-29 2.117125175909520958e-25 4.471645798124056389e-22 5.564913405641841012e-19 4.080573811859303408e-16 1.762970195176571941e-13
1.762970059651300381e-13 4.487880206349714740e-11 6.731307067298075708e-09 5.948720627202419564e-07 3.097534499829635024e-05 9.503332548774778843e-04 1.717934012413024902e-02 1.829787492752075195e-01 1.148317813873291016e+00 4.246119499206542969e+00 9.250986099243164062e+00 1.187548160552978516e+01 8.982181549072265625e+00 4.002948760986328125e+00 1.051098465919494629e+00 1.626207977533340454e-01 1.482435502111911774e-02 7.962314411997795105e-04 2.519841655157506466e-05 4.698677287251484813e-07 5.162233307487440470e-09 3.341751181329399856e-11 1.274607454087792191e-13 2.864456845750782375e-16 3.792944158030879033e-19 2.959256311892733458e-22 1.360359323136458900e-25 3.684512826641126678e-29 5.879961598083272998e-33 9.707050882150042050e-33 5.905920748655575118e-29 2.117125175909520958e-25 4.471645798124056389e-22 5.564913405641841012e-19 4.080573811859303408e-16 1.762970059651300381e-13
1.762970466227115063e-13 4.487882288017885912e-11 6.731309287744124958e-09 5.948721764070796780e-07 3.097534499829635024e-05 9.503334295004606247e-04 1.717934384942054749e-02 1.829787641763687134e-01 1.148318290710449219e+00 4.246120452880859375e+00 9.250986099243164062e+00 1.187548446655273438e+01 8.982183456420898438e+00 4.002949714660644531e+00 1.051098823547363281e+00 1.626208424568176270e-01 1.482435688376426697e-02 7.962316740304231644e-04 2.519842200854327530e-05 4.698678139902767725e-07 5.162235972022699571e-09 3.341751875218790246e-11 1.274607725138335312e-13 2.864457110448578392e-16 3.792945450500586147e-19 2.959256311892733458e-22 1.360359816174524663e-25 3.684513729420788109e-29 5.879968577580981005e-33 9.707048678098134258e-33 5.905920748655575118e-29 2.117126161985652484e-25 4.471647312736994413e-22 5.564916507569138086e-19 4.080574341254895442e-16 1.762970466227115063e-13
1.762971143853472866e-13 4.487883675796666694e-11 6.731311508190174209e-09 5.948724037807551213e-07 3.097535591223277152e-05 9.503337787464261055e-04 1.717934757471084595e-02 1.829788386821746826e-01 1.148318767547607422e+00 4.246122837066650391e+00 9.250989913940429688e+00 1.187549018859863281e+01 8.982187271118164062e+00 4.002951145172119141e+00 1.051099061965942383e+00 1.626208424568176270e-01 1.482436247169971466e-02 7.962317904457449913e-04 2.519843110349029303e-05 4.698679845205333550e-07 5.162236860201119271e-09 3.341753262997571028e-11 1.274607996188878434e-13 2.864457904541966443e-16 3.792946742970293261e-19 2.959257321634692140e-22 1.360360062693557544e-25 3.684514030347341920e-29 5.880024413562645064e-33 9.707067779881335121e-33 5.905923156068005602e-29 2.117126655023718247e-25 4.471648322478953096e-22 5.564916507569138086e-19 4.080575929441671544e-16 1.762971143853472866e-13
1.696947568357795588e-13 4.334857819920934219e-11 6.524450757439126392e-09 5.785997245766338892e-07 3.023297176696360111e-05 9.307886939495801926e-04 1.688465476036071777e-02 1.804664880037307739e-01 1.136497020721435547e+00 4.217052459716796875e+00 9.219666481018066406e+00 1.187650966644287109e+01 9.014257431030273438e+00 4.031237602233886719e+00 1.062215328216552734e+00 1.649131774902343750e-01 1.508569531142711639e-02 8.130911155603826046e-04 2.582162596809212118e-05 4.831661044590873644e-07 5.326827867691008578e-09 3.460318143133633839e-11 1.324428170216759848e-13 2.986793020229332922e-16 3.968703494586146354e-19 3.107173916291170104e-22 1.433345720163638438e-25 3.895723545110998624e-29 6.238758473468729078e-33 9.150516755173076349e-33 5.586714712260404164e-29 2.009685525365846611e-25 4.259511634379263662e-22 5.319368976708537512e-19 3.914116749949460424e-16 1.696947568357795588e-13
1.634143124637499334e-13 4.188803817695152532e-11 6.326268398026968498e-09 5.629549946206680033e-07 2.951678470708429813e-05 9.118638117797672749e-04 1.659826934337615967e-02 1.780157387256622314e-01 1.124919891357421875e+00 4.188454151153564453e+00 9.188642501831054688e+00 1.187726211547851562e+01 9.045837402343750000e+00 4.059278488159179688e+00 1.073282599449157715e+00 1.672046184539794922e-01 1.534794643521308899e-02 8.300705812871456146e-04 2.645156200742349029e-05 4.966533424521912821e-07 5.494386279281116003e-09 3.581425087051393064e-11 1.375504121410922598e-13 3.112656028142013562e-16 4.150169084898322451e-19 3.260420686312045400e-22 1.509199996359845677e-25 4.116028865890131670e-29 6.614173165554965983e-33 8.632226602216144508e-33 5.288433302857892906e-29 1.908906942350148622e-25 4.059842735114411276e-22 5.087435804754794082e-19 3.756342834540158087e-16 1.634143124637499334e-13
1.588491436912281562e-13 4.082235938174250123e-11 6.181264389226726053e-09 5.514813210538704880e-07 2.898969250964000821e-05 8.979038102552294731e-04 1.638617739081382751e-02 1.761949658393859863e-01 1.116289377212524414e+00 4.167037963867187500e+00 9.165287971496582031e+00 1.187766265869140625e+01 9.069501876831054688e+00 4.080390930175781250e+00 1.081654667854309082e+00 1.689439713954925537e-01 1.554763317108154297e-02 8.430425659753382206e-04 2.693427450140006840e-05 5.070241968496702611e-07 5.623566501355981018e-09 3.675114726431338852e-11 1.415131439764724663e-13 3.210587330525595598e-16 4.291811615582781567e-19 3.380377778568083668e-22 1.568778223188596830e-25 4.289579228003726461e-29 6.910740104691859427e-33 8.262179511209349873e-33 5.074839847934949377e-29 1.836551757306662334e-25 3.916014585648640355e-22 4.919872794094161575e-19 3.642001327594708050e-16 1.588491436912281562e-13
1.538063432041450462e-13 3.964269190692704115e-11 6.020274945228720753e-09 5.386971224652370438e-07 2.840091110556386411e-05 8.822525269351899624e-04 1.614787057042121887e-02 1.741429567337036133e-01 1.106531262397766113e+00 4.142752647399902344e+00 9.138656616210937500e+00 1.187795829772949219e+01 9.096384048461914062e+00 4.104516506195068359e+00 1.091247320175170898e+00 1.709432601928710938e-01 1.577786542475223541e-02 8.580411085858941078e-04 2.749401755863800645e-05 5.190817091715871356e-07 5.774235312117070862e-09 3.784665636441530978e-11 1.461596550169849684e-13 3.325759194457150866e-16 4.458830238002777613e-19 3.522257126053596602e-22 1.639424538296148102e-25 4.495904102945931038e-29 7.264472803477179239e-33 7.860308114705949595e-33 4.842168853206635035e-29 1.757491501087830327e-25 3.758460003996534158e-22 4.735819420934401615e-19 3.516052822293913929e-16 1.538063432041450462e-13
1.473978681080720388e-13 3.813819399178797198e-11 5.814255299441128955e-09 5.222796062298584729e-07 2.764214877970516682e-05 8.620108710601925850e-04 1.583859696984291077e-02 1.714699417352676392e-01 1.093770861625671387e+00 4.110859394073486328e+00 9.103467941284179688e+00 1.187810707092285156e+01 9.131771087646484375e+00 4.136461734771728516e+00 1.104005575180053711e+00 1.736124157905578613e-01 1.608635671436786652e-02 8.782098302617669106e-04 2.824942748702596873e-05 5.354121412892709486e-07 5.979011952206292335e-09 3.934064879418386340e-11 1.525186633889383248e-13 3.483910568923573401e-16 4.688964292124218208e-19 3.718409598947335806e-22 1.737436807984365595e-25 4.783137896704951014e-29 7.758696178968963271e-33 7.359809803432682340e-33 4.551409704869724985e-29 1.658380003031993930e-25 3.560278959507801017e-22 4.503489202286632732e-19 3.356545665716292480e-16 1.473978681080720388e-13
1.426551612298057603e-13 3.702102513436500431e-11 5.660748758629097210e-09 5.100038151795160957e-07 2.707280145841650665e-05 8.467700681649148464e-04 1.560486201196908951e-02 1.694424152374267578e-01 1.084056377410888672e+00 4.086476325988769531e+00 9.076414108276367188e+00 1.187806224822998047e+01 9.158924102783203125e+00 4.161110877990722656e+00 1.113890409469604492e+00 1.756884157657623291e-01 1.632717810571193695e-02 8.940111147239804268e-04 2.884328932850621641e-05 5.482951337398844771e-07 6.141086306143961338e-09 4.052747720750815574e-11 1.575877422261770522e-13 3.610408057453306716e-16 4.873696987362037342e-19 3.876420583964766672e-22 1.816652001415363666e-25 5.016156160676362680e-29 8.160834265753206355e-33 6.997178612411637811e-33 4.340028060117288672e-29 1.586059946950693265e-25 3.415140164979659698e-22 4.332755763434449323e-19 3.238905230139082960e-16 1.426551612298057603e-13
1.364333993003619128e-13 3.554999350452447970e-11 5.457915008832969761e-09 4.937238600177806802e-07 2.631514144013635814e-05 8.264136267825961113e-04 1.529157347977161407e-02 1.667147278785705566e-01 1.070935964584350586e+00 4.053411483764648438e+00 9.039531707763671875e+00 1.187783050537109375e+01 9.195936203002929688e+00 4.194890975952148438e+00 1.127492308616638184e+00 1.785558760166168213e-01 1.666105166077613831e-02 9.159953333437442780e-04 2.967264845210593194e-05 5.663498541252920404e-07 6.369081262391773635e-09 4.220265803489553491e-11 1.647676678255549643e-13 3.790234210946578745e-16 5.137215017030352442e-19 4.102634084710454346e-22 1.930462936363862092e-25 5.352069639339092905e-29 8.742705438778177200e-33 6.531228080109037585e-33 4.067479783110775180e-29 1.492485636151926167e-25 3.226723830102369495e-22 4.110331808103827215e-19 3.085120045817960326e-16 1.364333993003619128e-13
1.312570928682643689e-13 3.432223949495494253e-11 5.287935866959969644e-09 4.800273245564312674e-07 2.567508454376365989e-05 8.091445779427886009e-04 1.502487063407897949e-02 1.643837690353393555e-01 1.059679865837097168e+00 4.024937629699707031e+00 9.007600784301757812e+00 1.187754249572753906e+01 9.228080749511718750e+00 4.224388122558593750e+00 1.139414191246032715e+00 1.810790300369262695e-01 1.695595122873783112e-02 9.354911744594573975e-04 3.041081254195887595e-05 5.824829827361099888e-07 6.573578570367999419e-09 4.371098968891651282e-11 1.712574445320372285e-13 3.953394991202622416e-16 5.377219920798964885e-19 4.309385818944487900e-22 2.034899985087038963e-25 5.661405886622386897e-29 9.280602837506824796e-33 6.152220048729130799e-33 3.844988531844762621e-29 1.415817477368660437e-25 3.071741566090007973e-22 3.926696161153406534e-19 2.957648469398884566e-16 1.312570928682643689e-13
1.254990035504111034e-13 3.294990669200359434e-11 5.097267941067684660e-09 4.646133504593308317e-07 2.495218177500646561e-05 7.895809831097722054e-04 1.472135260701179504e-02 1.617209315299987793e-01 1.046771764755249023e+00 3.992136001586914062e+00 8.970708847045898438e+00 1.187720680236816406e+01 9.265512466430664062e+00 4.258832454681396484e+00 1.153399705886840820e+00 1.840503364801406860e-01 1.730457134544849396e-02 9.586249943822622299e-04 3.129012111457996070e-05 6.017741043251589872e-07 6.818999587210328173e-09 4.552828947179676788e-11 1.791050760393403385e-13 4.151447705534030887e-16 5.669653082754836759e-19 4.562330218562387857e-22 2.163128092635550025e-25 6.042770710119548267e-29 9.946236799235514793e-33 5.740265849431552350e-33 3.602141705699346032e-29 1.331815623876200995e-25 2.901276928625161620e-22 3.723955226992425142e-19 2.816381373246996424e-16 1.254990035504111034e-13
1.215477236004777750e-13 3.200557874283305182e-11 4.965566180459290990e-09 4.539289193417062052e-07 2.444926940370351076e-05 7.759198779240250587e-04 1.450874842703342438e-02 1.598493158817291260e-01 1.037669181823730469e+00 3.968941450119018555e+00 8.944547653198242188e+00 1.187704277038574219e+01 9.292354583740234375e+00 4.283602714538574219e+00 1.163485407829284668e+00 1.862002611160278320e-01 1.755766198039054871e-02 9.754768107086420059e-04 3.193283555447123945e-05 6.159218628454254940e-07 6.999619994729755490e-09 4.687036869732708055e-11 1.849221595079039715e-13 4.298758646462374480e-16 5.887926400868032628e-19 4.751748217462691493e-22 2.259502736388335274e-25 6.330395708398521900e-29 1.044994641413843468e-32 5.463449419440381129e-33 3.438416896494218059e-29 1.274982632997618963e-25 2.785555451450308426e-22 3.585800555059584152e-19 2.719801617809877031e-16 1.215477236004777750e-13
1.158898823259979505e-13 3.064877518443864801e-11 4.775712270088661171e-09 4.384626777209632564e-07 2.371879600104875863e-05 7.559988298453390598e-04 1.419777609407901764e-02 1.571024656295776367e-01 1.024266719818115234e+00 3.934703588485717773e+00 8.905868530273437500e+00 1.187703990936279297e+01 9.332705497741699219e+00 4.320900917053222656e+00 1.178709030151367188e+00 1.894556581974029541e-01 1.794221624732017517e-02 1.001170952804386616e-03 3.291628672741353512e-05 6.376479859682149254e-07 7.278023517187648395e-09 4.894596533633333024e-11 1.939498637647946166e-13 4.528191549209390626e-16 6.229135301618859470e-19 5.048927897677551060e-22 2.411250485306977920e-25 6.784830313985734999e-29 1.124882706863664655e-32 5.075442611462945100e-33 3.208082295529688483e-29 1.194739824978054083e-25 2.621588251054096833e-22 3.389384450657336348e-19 2.581995974736502790e-16 1.158898823259979505e-13
1.080029417136786629e-13 2.874664568885965110e-11 4.508173390149750048e-09 4.165623295193654485e-07 2.267918171128258109e-05 7.275157258845865726e-04 1.375079154968261719e-02 1.531358957290649414e-01 1.004831790924072266e+00 3.884890079498291016e+00 8.849723815917968750e+00 1.187812423706054688e+01 9.393634796142578125e+00 4.377104759216308594e+00 1.201726317405700684e+00 1.943985074758529663e-01 1.852882653474807739e-02 1.040558097884058952e-03 3.443146124482154846e-05 6.712939466524403542e-07 7.711344451877266692e-09 5.219413096169134292e-11 2.081513536837317768e-13 4.891039287989451534e-16 6.771563124203570133e-19 5.523955953430125650e-22 2.655094293643713353e-25 7.519025503294637978e-29 1.254646850682081648e-32 4.551316496396165234e-33 2.895350393013196746e-29 1.085218197942178468e-25 2.396587197965297644e-22 3.118442733485299247e-19 2.390869078237878309e-16 1.080029417136786629e-13
1.022290162678435310e-13 2.734650353386491872e-11 4.310147350139459377e-09 4.002657192359038163e-07 2.190146187786012888e-05 7.060982170514762402e-04 1.341306231915950775e-02 1.501253545284271240e-01 9.900288581848144531e-01 3.846894979476928711e+00 8.807207107543945312e+00 1.188046836853027344e+01 9.442705154418945312e+00 4.422080993652343750e+00 1.220175981521606445e+00 1.983750909566879272e-01 1.900286972522735596e-02 1.072542974725365639e-03 3.566816667444072664e-05 6.989012035774067044e-07 8.068820278595012496e-09 5.488813917264856457e-11 2.199950969008004908e-13 5.195314169071285539e-16 7.228999172824222893e-19 5.926747069458525925e-22 2.862978370654014726e-25 8.148508483380314564e-29 1.366520411291364984e-32 4.180365009423206701e-33 2.672720113679323733e-29 1.006807272855956506e-25 2.234597829630656172e-22 2.922273490797110237e-19 2.251735446321886935e-16 1.022290162678435310e-13
9.501941063399382825e-14 2.558874813429756756e-11 4.060195291089030434e-09 3.795871919010096462e-07 2.090950511046685278e-05 6.786459125578403473e-04 1.297817938029766083e-02 1.462338268756866455e-01 9.708431959152221680e-01 3.797688484191894531e+00 8.752962112426757812e+00 1.188661193847656250e+01 9.511054992675781250e+00 4.484012603759765625e+00 1.245576262474060059e+00 2.038650214672088623e-01 1.965994387865066528e-02 1.117083127610385418e-03 3.739896055776625872e-05 7.377370252470427658e-07 8.574408738581951184e-09 5.871921004985125592e-11 2.369311886442349024e-13 5.632865978634439465e-16 7.890476897119096682e-19 6.512518069658667695e-22 3.167109641077101578e-25 9.074670138042907656e-29 1.532054407394922628e-32 3.732532518486624245e-33 2.402439017329218590e-29 9.110755507409263817e-26 2.035705674367520603e-22 2.680066735635458204e-19 2.078969047746183482e-16 9.501941063399382825e-14
8.562519183269445833e-14 2.328108886229252050e-11 3.729661468554468229e-09 3.520549967106489930e-07 1.957996209966950119e-05 6.416304968297481537e-04 1.238856278359889984e-02 1.409367620944976807e-01 9.447023868560791016e-01 3.731070518493652344e+00 8.682403564453125000e+00 1.190453624725341797e+01 9.617285728454589844e+00 4.577819347381591797e+00 1.283905744552612305e+00 2.121655046939849854e-01 2.065778896212577820e-02 1.185104832984507084e-03 4.005897790193557739e-05 7.978312623890815303e-07 9.362340236407362681e-09 6.473344082991161486e-11 2.637194661866265610e-13 6.330213910427920018e-16 8.952836331554372729e-19 7.460614776892992718e-22 3.663169290626263314e-25 1.059728387053872100e-28 1.806368650723574757e-32 3.175259299436579031e-33 2.063472337851526975e-29 7.900700194475376672e-26 1.782376310627872792e-22 2.369163406083101490e-19 1.855541608595200325e-16 8.562519183269445833e-14
7.833020527776152209e-14 2.147546723785254130e-11 3.469108333931103516e-09 3.301863387150660856e-07 1.851691922638565302e-05 6.118513992987573147e-04 1.191224157810211182e-02 1.366484910249710083e-01 9.235981702804565430e-01 3.678160667419433594e+00 8.630649566650390625e+00 1.193229293823242188e+01 9.720121383666992188e+00 4.665380001068115234e+00 1.319373488426208496e+00 2.198453396558761597e-01 2.158411219716072083e-02 1.248575514182448387e-03 4.255649764672853053e-05 8.546447816115687601e-07 1.011264672001743747e-08 7.050472705660837391e-11 2.896260163122443831e-13 7.010065847300270964e-16 9.997067068889783483e-19 8.400300838482468566e-22 4.158967876519603470e-25 1.213197198007962706e-28 2.085226179718155028e-32 2.763429261729806186e-33 1.810853222797668027e-29 6.991363588992396858e-26 1.590379052111858536e-22 2.131610575842825929e-19 1.683398043933524799e-16 7.833020527776152209e-14
7.125617234931755362e-14 1.971189184102328795e-11 3.212854426948297260e-09 3.085488060605712235e-07 1.745907866279594600e-05 5.820867372676730156e-04 1.143470406532287598e-02 1.323504298925399780e-01 9.025959968566894531e-01 3.626855134963989258e+00 8.586821556091308594e+00 1.197848796844482422e+01 9.845531463623046875e+00 4.768081665039062500e+00 1.360548019409179688e+00 2.287455350160598755e-01 2.265995182096958160e-02 1.322601921856403351e-03 4.548513970803469419e-05 9.216749958795844577e-07 1.100388402619500994e-08 7.740862811855819814e-11 3.208481386390155121e-13 7.835631273902003095e-16 1.127490188301629478e-18 9.559237220270554844e-22 4.775335470128857308e-25 1.405534164134704314e-28 2.437515371440665072e-32 2.382389461832900003e-33 1.575197939435214900e-29 6.136234669947326837e-26 1.408409919640758618e-22 1.904683656052618276e-19 1.517732163735976535e-16 7.125617234931755362e-14
6.214627879148892919e-14 1.742099520196660478e-11 2.877377003329684158e-09 2.800242668854480144e-07 1.605661600478924811e-05 5.424808477982878685e-04 1.079886034131050110e-02 1.266598254442214966e-01 8.753201961517333984e-01 3.564204692840576172e+00 8.551189422607421875e+00 1.208805847167968750e+01 1.006825065612792969e+01 4.941030979156494141e+00 1.428727388381958008e+00 2.434156239032745361e-01 2.443515509366989136e-02 1.445257337763905525e-03 5.036700167693197727e-05 1.034223600981931668e-06 1.251251902090189105e-08 8.919628924353162347e-11 3.746427538857399764e-13 9.271529467021373538e-16 1.351923313641354606e-18 1.161505569227759036e-21 5.879796450739705069e-25 1.753706066522837771e-28 3.081988083865852248e-32 1.918781836708282449e-33 1.285649719550838326e-29 5.075161593791458709e-26 1.180426467459244664e-22 1.617681710299981297e-19 1.306248153839075030e-16 6.214627879148892919e-14
5.362219321998137889e-14 1.525721216033559813e-11 2.557781764167543770e-09 2.526510343159316108e-07 1.470431016059592366e-05 5.042387638241052628e-04 1.018823031336069107e-02 1.212898716330528259e-01 8.507809638977050781e-01 3.516253471374511719e+00 8.562641143798828125e+00 1.228578186035156250e+01 1.038640594482421875e+01 5.173629760742187500e+00 1.518416643142700195e+00 2.625760436058044434e-01 2.675388380885124207e-02 1.606134697794914246e-03 5.681304901372641325e-05 1.184079792437842116e-06 1.454043463411380799e-08 1.052068224205449098e-10 4.485177962539055319e-13 1.126621794242236609e-15 1.667413514786682712e-18 1.454047807548975671e-21 7.471121181416133503e-25 2.261742311727885749e-28 4.034430618378084468e-32 1.514156293675104015e-33 1.029737565218631015e-29 4.125895376106278313e-26 9.740323080963296900e-23 1.354857736864386472e-19 1.110428827161559734e-16 5.362219321998137889e-14
4.631119774234533637e-14 1.338325804345341652e-11 2.278743194139565276e-09 2.286107019244809635e-07 1.351346327282954007e-05 4.706553881987929344e-04 9.658535011112689972e-03 1.167836040258407593e-01 8.319947719573974609e-01 3.492434501647949219e+00 8.637760162353515625e+00 1.258755683898925781e+01 1.080809593200683594e+01 5.467949390411376953e+00 1.629915952682495117e+00 2.862693369388580322e-01 2.962455898523330688e-02 1.806308864615857601e-03 6.489388033514842391e-05 1.373667259940702934e-06 1.713259578650649928e-08 1.259026771727178584e-10 5.451500253821073283e-13 1.390783841920067120e-15 2.090600150144577361e-18 1.851629462864139153e-21 9.662784838183856340e-25 2.971054847267170213e-28 5.382613905543797178e-32 1.191281790966807777e-33 8.228976544795797573e-30 3.348717624151106134e-26 8.029339313346649853e-23 1.134343405526025455e-19 9.442514184732086775e-17 4.631119774234533637e-14
3.994316677543782723e-14 1.173376153185134996e-11 2.030936085972712135e-09 2.071235911671465146e-07 1.244581653736531734e-05 4.406465450301766396e-04 9.192170575261116028e-03 1.129833012819290161e-01 8.182348012924194336e-01 3.491475105285644531e+00 8.778254508972167969e+00 1.300389289855957031e+01 1.135026741027832031e+01 5.837207317352294922e+00 1.768773078918457031e+00 3.157958686351776123e-01 3.322067484259605408e-02 2.059084363281726837e-03 7.519868086092174053e-05 1.618131591385463253e-06 2.051529079949432344e-08 1.532556720418298823e-10 6.745638119268204669e-13 1.749412403710735951e-15 2.673174770169242946e-18 2.406758732611893920e-21 1.276760922693213429e-24 3.990648178356849083e-28 7.349252982541535081e-32 9.311382789741121763e-34 6.538476489782210778e-30 2.704829323638294671e-26 6.592673405822833275e-23 9.467858884963377316e-20 8.011590986688855260e-17 3.994316677543782723e-14
3.441611077614585568e-14 1.028309468825705508e-11 1.810274596891758847e-09 1.877734945310294279e-07 1.147598959505558014e-05 4.132515168748795986e-04 8.768172003328800201e-03 1.096143275499343872e-01 8.074076175689697266e-01 3.504189014434814453e+00 8.960811614990234375e+00 1.350127220153808594e+01 1.198586845397949219e+01 6.269483566284179688e+00 1.932234168052673340e+00 3.508780598640441895e-01 3.754223138093948364e-02 2.366724656894803047e-03 8.791159780230373144e-05 1.924027628774638288e-06 2.481073479998485709e-08 1.885117340005848519e-10 8.439316953601228022e-13 2.226066112855345364e-15 3.459676708148444102e-18 3.168131432491681272e-21 1.709389006410652249e-24 5.434177931028775455e-28 1.017902758624213273e-31 7.245901462102125624e-34 5.175876540229934254e-30 2.177740970532791513e-26 5.398755776053626449e-23 7.885779028227678330e-20 6.786965309927368763e-17 3.441611077614585568e-14
2.947339909024210280e-14 8.961228460668824169e-12 1.605369615020890706e-09 1.694546085673209745e-07 1.053888081514742225e-05 3.861951990984380245e-04 8.338387124240398407e-03 1.060778200626373291e-01 7.951234579086303711e-01 3.511655330657958984e+00 9.138137817382812500e+00 1.401100635528564453e+01 1.265751457214355469e+01 6.737424850463867188e+00 2.113038063049316406e+00 3.904705345630645752e-01 4.251444712281227112e-02 2.727398416027426720e-03 1.030934217851608992e-04 2.296048251082538627e-06 3.012953087022651744e-08 2.329582082793990594e-10 1.061275199665256963e-12 2.848681704141118286e-15 4.505321097150707981e-18 4.198358026290376276e-21 2.305153919758248922e-24 7.457196411325002352e-28 1.421453143096251795e-31 5.588241369091613699e-34 4.061895714746628986e-30 1.739150485041441802e-26 4.387384346284906816e-23 6.521451882807149651e-20 5.711580882771679604e-17 2.947339909024210280e-14
2.491913332581738305e-14 7.714064630126582500e-12 1.406988192620417522e-09 1.512055689545377390e-07 9.574361683917231858e-06 3.572076675482094288e-04 7.852399721741676331e-03 1.017061620950698853e-01 7.761753201484680176e-01 3.490127086639404297e+00 9.246724128723144531e+00 1.443450736999511719e+01 1.327649688720703125e+01 7.195028781890869141e+00 2.297456502914428711e+00 4.322455227375030518e-01 4.791609570384025574e-02 3.129651304334402084e-03 1.204428263008594513e-04 2.731072527240030468e-06 3.648769819619701593e-08 2.872330151504343121e-10 1.332260256975414947e-12 3.640887267510831832e-15 5.862625634267026309e-18 5.562187813211736108e-21 3.109358366801035712e-24 1.024128462774473324e-27 1.987488467649967570e-31 4.241245147549239183e-34 3.139227441215583601e-30 1.368466594570834967e-26 3.514842022871136344e-23 5.319173943029733993e-20 4.743085396114582724e-17 2.491913332581738305e-14
2.067906088064948994e-14 6.520420488265177283e-12 1.211396538636222431e-09 1.326087328834546497e-07 8.552985491405706853e-06 3.250386507716029882e-04 7.278061471879482269e-03 9.602037817239761353e-02 7.464116215705871582e-01 3.418701410293579102e+00 9.225973129272460938e+00 1.466996574401855469e+01 1.374401092529296875e+01 7.586897850036621094e+00 2.467646598815917969e+00 4.728996753692626953e-01 5.339770019054412842e-02 3.552546259015798569e-03 1.392603444401174784e-04 3.216494405933190137e-06 4.377244877673547307e-08 3.509852963823334449e-10 1.658239084240120675e-12 4.616023360125504418e-15 7.571028636742702339e-18 7.316641931404542538e-21 4.166203998995582659e-24 1.397723049688631477e-27 2.763014517935477313e-31 3.150962198547066980e-34 2.375762480187024890e-30 1.054912257375366688e-26 2.759898665586645073e-23 4.254367604944949521e-20 3.864147100017377044e-17 2.067906088064948994e-14
1.702185552340980401e-14 5.462574836911926468e-12 1.032891439045613424e-09 1.150765811530618521e-07 7.554036073997849599e-06 2.921748673543334007e-04 6.658398546278476715e-03 8.940543234348297119e-02 7.073351144790649414e-01 3.297267436981201172e+00 9.056318283081054688e+00 1.465598297119140625e+01 1.397480201721191406e+01 7.851323127746582031e+00 2.599009037017822266e+00 5.069209337234497070e-01 5.825592577457427979e-02 3.944606054574251175e-03 1.573757617734372616e-04 3.699475200846791267e-06 5.123927593331245589e-08 4.181568702410487504e-10 2.010673095034776203e-12 5.696498587643089931e-15 9.509160788429974257e-18 9.352940879659887276e-21 5.420289312183444408e-24 1.850761476436785354e-27 3.723573018094091852e-31 2.333216926016820952e-34 1.790801508505974154e-30 8.093004145348046621e-27 2.154908615598167584e-23 3.380802193308157263e-20 3.125233276268657846e-17 1.702185552340980401e-14
1.373047183762798884e-14 4.486058226282896300e-12 8.636036330500473923e-10 9.795669342338442220e-08 6.546608801727415994e-06 2.577923587523400784e-04 5.981172434985637665e-03 8.176538348197937012e-02 6.585981845855712891e-01 3.125641107559204102e+00 8.740294456481933594e+00 1.440053844451904297e+01 1.397973632812500000e+01 7.996235847473144531e+00 2.694884061813354492e+00 5.351335406303405762e-01 6.261114776134490967e-02 4.316227510571479797e-03 1.753187680151313543e-04 4.195846486254595220e-06 5.916606937717006076e-08 4.915834406205021878e-10 2.406528101794869201e-12 6.941402815496995615e-15 1.179694549376586118e-17 1.181313919569311474e-20 6.969895331102485937e-24 2.422965662935932817e-27 4.963026486742360352e-31 1.689866342335638654e-34 1.320637246256170570e-30 6.076157981634089157e-27 1.647181013146733700e-23 2.630986878718419286e-20 2.476136046919926478e-17 1.373047183762798884e-14
1.084954591852550429e-14 3.610802195436191298e-12 7.080409591964098581e-10 8.180485622233391041e-08 5.568884716922184452e-06 2.233696432085707784e-04 5.279000382870435715e-03 7.350929081439971924e-02 6.031147241592407227e-01 2.915593624114990234e+00 8.304608345031738281e+00 1.393730545043945312e+01 1.378180027008056641e+01 8.029724121093750000e+00 2.756518840789794922e+00 5.575575828552246094e-01 6.644862890243530273e-02 4.666013643145561218e-03 1.930529397213831544e-04 4.706254003394860774e-06 6.759802317901630886e-08 5.720944828979668273e-10 2.852763815106018619e-12 8.381640887800741874e-15 1.450974717836006947e-17 1.480002537972387586e-20 8.894712784398133859e-24 3.149607282780576142e-27 6.571446003017689771e-31 1.195022250725322759e-34 9.516278463974513253e-31 4.459909868584543280e-27 1.231525942336894387e-23 2.003692845601696856e-20 1.920836632259400662e-17 1.084954591852550429e-14
8.450364058943272277e-15 2.865476952940149147e-12 5.725127594224943550e-10 6.739837488112243591e-08 4.674907359003555030e-06 1.910595310619100928e-04 4.600729793310165405e-03 6.527583301067352295e-02 5.456889867782592773e-01 2.687854051589965820e+00 7.800721168518066406e+00 1.333918857574462891e+01 1.343976593017578125e+01 7.978483200073242188e+00 2.790723323822021484e+00 5.751493573188781738e-01 6.984122842550277710e-02 4.996974486857652664e-03 2.106555475620552897e-04 5.232467628957238048e-06 7.657745015876571415e-08 6.603422253448343326e-10 3.355075115299421817e-12 1.004386342569026438e-14 1.771601503790136217e-17 1.841208723902139939e-20 1.127479133242769034e-23 4.067889139520454687e-27 8.647882482502288686e-31 1.081939694176218701e-34 6.749275728805566083e-31 3.222928783914359282e-27 9.067811743969875258e-24 1.503226441463380784e-20 1.468317221122671215e-17 8.450364058943272277e-15
6.522702147691459770e-15 2.254283782213151177e-12 4.590461621933883407e-10 5.507803280124790035e-08 3.893675966537557542e-06 1.621864939806982875e-04 3.980434034019708633e-03 5.755915120244026184e-02 4.904175698757171631e-01 2.461982727050781250e+00 7.282363414764404297e+00 1.269186687469482422e+01 1.303305244445800781e+01 7.885573863983154297e+00 2.811176538467407227e+00 5.904873013496398926e-01 7.308034598827362061e-02 5.329104606062173843e-03 2.289698895765468478e-04 5.796549430669983849e-06 8.646136961942829657e-08 7.598868201341701933e-10 3.934988185988474996e-12 1.200605844668516109e-14 2.158362537770737623e-17 2.286212991086202284e-20 1.426858315433565827e-23 5.246847925349078869e-27 1.136822843629387828e-30 1.449833265756982482e-34 4.737210260367476291e-31 2.305533625320876621e-27 6.611225915477911552e-24 1.117015732683015468e-20 1.112026212186073137e-17 6.522702147691459770e-15
5.000853297952708928e-15 1.762526539647590873e-12 3.660030334362573967e-10 4.478205539726332063e-08 3.228411287636845373e-06 1.371329126413911581e-04 3.432146972045302391e-03 5.061195790767669678e-02 4.397519528865814209e-01 2.251290559768676758e+00 6.790792465209960938e+00 1.206915283203125000e+01 1.263864421844482422e+01 7.798151969909667969e+00 2.834972620010375977e+00 6.072593927383422852e-01 7.664208114147186279e-02 5.699335597455501556e-03 2.497188688721507788e-04 6.446826319006504491e-06 9.806218770336272428e-08 8.788837435602658843e-10 4.641185005760384286e-12 1.444072929269145378e-14 2.647372856194121375e-17 2.859650619301046874e-20 1.820033059255140923e-23 6.824969558847557270e-27 1.507991767669889713e-30 1.961715711763860683e-34 3.293238877289132428e-31 1.634459706603671579e-27 4.779569385214791631e-24 8.235117757306708965e-21 8.360412885566344520e-18 5.000853297952708928e-15
3.842240551600335091e-15 1.381195830450765438e-12 2.925388264962691665e-10 3.650750812767000753e-08 2.684385208340245299e-06 1.162992703029885888e-04 2.968790940940380096e-03 4.465249180793762207e-02 3.957116901874542236e-01 2.066244363784790039e+00 6.356955051422119141e+00 1.152349567413330078e+01 1.230798149108886719e+01 7.745632171630859375e+00 2.872055292129516602e+00 6.274757385253906250e-01 8.077348023653030396e-02 6.126387510448694229e-03 2.737855538725852966e-04 7.209141131170326844e-06 1.118458783366804710e-07 1.022413598228411047e-09 5.506839775848426655e-12 1.747595835676230697e-14 3.267736974349088263e-17 3.600159505764709732e-20 2.337050603270819530e-23 8.938569050363685179e-27 2.014410250529562026e-30 2.673344838894807472e-34 2.292283103171288991e-31 1.160373561865287356e-27 3.460937895039936253e-24 6.082098293182590176e-21 6.297835960213838630e-18 3.842240551600335091e-15
2.962142190942305443e-15 1.086340978111166589e-12 2.347440575256598549e-10 2.988809910675627179e-08 2.242137043140246533e-06 9.910549124469980597e-05 2.581044100224971771e-03 3.960599377751350403e-02 3.580911755561828613e-01 1.907628536224365234e+00 5.987737178802490234e+00 1.107381629943847656e+01 1.206700038909912109e+01 7.747611045837402344e+00 2.930920839309692383e+00 6.532925963401794434e-01 8.579833805561065674e-02 6.639172323048114777e-03 3.027048078365623951e-04 8.131916729325894266e-06 1.287142197270441102e-07 1.200424981639969246e-09 6.596425662641625109e-12 2.135726322085706314e-14 4.074282408469123088e-17 4.579608882569691211e-20 3.033011777305022013e-23 1.183513841258693322e-26 2.721150744243936563e-30 3.684676582261214235e-34 1.598771058643780083e-31 8.256898857685456005e-28 2.512536379840442884e-24 4.504789669150059606e-21 4.758939222452835308e-18 2.962142190942305443e-15
2.288964450177844757e-15 8.568106619165349880e-13 1.889680356637057912e-10 2.455615089047569199e-08 1.880176569102331996e-06 8.482141129206866026e-05 2.254669088870286942e-03 3.531211614608764648e-02 3.258605897426605225e-01 1.771778106689453125e+00 5.676121711730957031e+00 1.071424293518066406e+01 1.191622924804687500e+01 7.808786392211914062e+00 3.015048503875732422e+00 6.859198808670043945e-01 9.194326400756835938e-02 7.261565420776605606e-03 3.379177069291472435e-04 9.265292646887246519e-06 1.496816821600077674e-07 1.424794060511658245e-09 7.991018437236707683e-12 2.640680609020031738e-14 5.141576347489553594e-17 5.898571310622795114e-20 3.987195840155011704e-23 1.587967757746163706e-26 3.726426554140599972e-30 5.150835329375832617e-34 1.115452450370986707e-31 5.879743749592706857e-28 1.826096638603122230e-24 3.341624689987401100e-21 3.603047374228891348e-18 2.288964450177844757e-15
1.779103131973485720e-15 6.797072670330916999e-13 1.530057885945623752e-10 2.029405798964489804e-08 1.585947643434337806e-06 7.302669109776616096e-05 1.981240930035710335e-03 3.167087584733963013e-02 2.982977628707885742e-01 1.655418515205383301e+00 5.412950992584228516e+00 1.042860221862792969e+01 1.183819484710693359e+01 7.917927742004394531e+00 3.120363712310791016e+00 7.245467305183410645e-01 9.912765026092529297e-02 7.990746758878231049e-03 3.795336233451962471e-04 1.062136652763001621e-05 1.751350708900645259e-07 1.701520924157762238e-09 9.740245936196156862e-12 3.285230838452959934e-14 6.528719522688313523e-17 7.644692715055123515e-20 5.274269423133043637e-23 2.143975258599003393e-26 5.135178104618024687e-30 7.245779320892235496e-34 7.827025608467148905e-32 4.211021749278386352e-28 1.334871572415414042e-24 2.493187797513748064e-21 2.743787456750138430e-18 1.779103131973485720e-15
1.388726822407660051e-15 5.415339400863250496e-13 1.244206404571457369e-10 1.684331785156700789e-08 1.343482153970398940e-06 6.313962512649595737e-05 1.748414942994713783e-03 2.852652594447135925e-02 2.742340564727783203e-01 1.553327798843383789e+00 5.184054374694824219e+00 1.019397926330566406e+01 1.181095886230468750e+01 8.062953948974609375e+00 3.243165254592895508e+00 7.686212062835693359e-01 1.073305457830429077e-01 8.830750361084938049e-03 4.280978464521467686e-04 1.222800528921652585e-05 2.057924746168282581e-07 2.040680957549056984e-09 1.192312915065940615e-11 4.104570890529728178e-14 8.325552351267032232e-17 9.950160758279198357e-20 7.006678968479855453e-23 2.907063369304225208e-26 7.106792837613810185e-30 1.023487319226618875e-33 5.515747456982052406e-32 3.028855616016876887e-28 9.799575291301442839e-25 1.868124809449574664e-21 2.098373579951044439e-18 1.388726822407660051e-15
1.086758517920317912e-15 4.325292565516419829e-13 1.014303363522373047e-10 1.401491189767511969e-08 1.140977701652445830e-06 5.473097917274571955e-05 1.546866260468959808e-03 2.575965598225593567e-02 2.527519762516021729e-01 1.461222052574157715e+00 4.977450370788574219e+00 9.989946365356445312e+00 1.181372261047363281e+01 8.231466293334960938e+00 3.379364013671875000e+00 8.174484968185424805e-01 1.165073364973068237e-01 9.783853776752948761e-03 4.841021436732262373e-04 1.411339417245471850e-05 2.424310707738186466e-07 2.453680369995936417e-09 1.463231098786099693e-11 5.141290090058051043e-14 1.064385439637796052e-16 1.298372287019525151e-19 9.331746143511643636e-23 3.951725365292376373e-26 9.860201591872560027e-30 1.449437248138675184e-33 3.896809617255565158e-32 2.184055834819894768e-28 7.212328951963525659e-25 1.403327661170766904e-21 1.608845405105171864e-18 1.086758517920317912e-15
8.514501711346723119e-16 3.458840744201274742e-13 8.278730478927798231e-11 1.167515772948490849e-08 9.701290082375635393e-07 4.749688378069549799e-05 1.370160025544464588e-03 2.328844182193279266e-02 2.332260012626647949e-01 1.376204013824462891e+00 4.784687995910644531e+00 9.801486968994140625e+00 1.183035182952880859e+01 8.413385391235351562e+00 3.525413990020751953e+00 8.703971505165100098e-01 1.266170442104339600e-01 1.085253618657588959e-02 5.480757681652903557e-04 1.630863334867171943e-05 2.859274559341429267e-07 2.953705502406478445e-09 1.797812593240522006e-11 6.447422348614118004e-14 1.362368321759408699e-16 1.696197435549573261e-19 1.244299966975138231e-22 5.378098048091926830e-26 1.369659686504670985e-29 2.055092161629634909e-33 2.756249783045365213e-32 1.576728271331962846e-28 5.314409979206490646e-25 1.055407841686916647e-21 1.234976932228913830e-18 8.514501711346723119e-16
8.506893767293603401e-16 3.455750768009691054e-13 8.271332230247452344e-11 1.166472696212395022e-08 9.692623734736116603e-07 4.745445403386838734e-05 1.368935452774167061e-03 2.326763048768043518e-02 2.330176085233688354e-01 1.374974250793457031e+00 4.780413150787353516e+00 9.792727470397949219e+00 1.181977844238281250e+01 8.405870437622070312e+00 3.522263526916503906e+00 8.696193695068359375e-01 1.265039443969726562e-01 1.084283925592899323e-02 5.475860089063644409e-04 1.629405960557051003e-05 2.856720016097824555e-07 2.951066280232339523e-09 1.796206239301767482e-11 6.441659814067357548e-14 1.361150976595526660e-16 1.694682014817981972e-19 1.243187736207649022e-22 5.373293392141065105e-26 1.368435968673600564e-29 2.053281165645399322e-33 2.753781244908638409e-32 1.575319694318886631e-28 5.309662022633191681e-25 1.054464641723310955e-21 1.233873266496614953e-18 8.506893767293603401e-16
8.503682453632325534e-16 3.454445388594018507e-13 8.268208340211913310e-11 1.166032248534065729e-08 9.688963018561480567e-07 4.743653698824346066e-05 1.368418801575899124e-03 2.325885370373725891e-02 2.329296320676803589e-01 1.374455094337463379e+00 4.778608322143554688e+00 9.789031982421875000e+00 1.181531715393066406e+01 8.402695655822753906e+00 3.520933628082275391e+00 8.692910671234130859e-01 1.264561861753463745e-01 1.083874609321355820e-02 5.473793717101216316e-04 1.628790778340771794e-05 2.855640559573657811e-07 2.949952282449430641e-09 1.795528309367355746e-11 6.439227813069201001e-14 1.360637198173457723e-16 1.694041725325077644e-19 1.242718711067840817e-22 5.371265156798032019e-26 1.367919127317431021e-29 2.052500563928056397e-33 2.752742695649686918e-32 1.574724461595449451e-28 5.307657329857798785e-25 1.054066803391589894e-21 1.233407357016594460e-18 8.503682453632325534e-16
8.502426727288021034e-16 3.453935813572950320e-13 8.266990564331777591e-11 1.165860297192011785e-08 9.687532838142942637e-07 4.742953387903980911e-05 1.368217053823173046e-03 2.325541898608207703e-02 2.328952997922897339e-01 1.374252557754516602e+00 4.777903556823730469e+00 9.787588119506835938e+00 1.181357479095458984e+01 8.401456832885742188e+00 3.520414829254150391e+00 8.691629171371459961e-01 1.264375448226928711e-01 1.083714608103036880e-02 5.472985212691128254e-04 1.628550126042682678e-05 2.855219918274087831e-07 2.949517075023777579e-09 1.795262896675531294e-11 6.438279136168276184e-14 1.360436160197382835e-16 1.693792020177663199e-19 1.242535064249105365e-22 5.370473214404899988e-26 1.367717205599824171e-29 2.052190527293027018e-33 2.752340382708117990e-32 1.574492266666529265e-28 5.306873399333235404e-25 1.053911101181560992e-21 1.233225687474562501e-18 8.502426727288021034e-16
8.501975682243608119e-16 3.453751770254170905e-13 8.266548556790098701e-11 1.165798124702632776e-08 9.687017836768063717e-07 4.742701275972649455e-05 1.368144061416387558e-03 2.325417846441268921e-02 2.328828275203704834e-01 1.374179482460021973e+00 4.777648925781250000e+00 9.787063598632812500e+00 1.181294441223144531e+01 8.401008605957031250e+00 3.520227193832397461e+00 8.691165447235107422e-01 1.264307796955108643e-01 1.083657145500183105e-02 5.472693010233342648e-04 1.628463724046014249e-05 2.855067577911540866e-07 2.949358979265070957e-09 1.795167833829047765e-11 6.437935579604869840e-14 1.360364030047968211e-16 1.693701935039077346e-19 1.242469052368556471e-22 5.370186019731592963e-26 1.367644230910525124e-29 2.052020815296127050e-33 2.752190213304800443e-32 1.574408247972705372e-28 5.306591874597684656e-25 1.053854959528658223e-21 1.233159719820711397e-18 8.501975682243608119e-16
8.501816863565997938e-16 3.453687802325994260e-13 8.266396595013603132e-11 1.165776630784876033e-08 9.686839348432840779e-07 4.742612873087637126e-05 1.368118682876229286e-03 2.325375005602836609e-02 2.328785359859466553e-01 1.374153852462768555e+00 4.777561187744140625e+00 9.786884307861328125e+00 1.181272888183593750e+01 8.400853157043457031e+00 3.520162105560302734e+00 8.691004514694213867e-01 1.264284253120422363e-01 1.083636935800313950e-02 5.472592310979962349e-04 1.628433165024034679e-05 2.855014997749094618e-07 2.949305244470679099e-09 1.795134527138309011e-11 6.437817672618612042e-14 1.360338883757346599e-16 1.693670140284282339e-19 1.242445828303506765e-22 5.370085563225693725e-26 1.367619404469835757e-29 2.052053141390774663e-33 2.752138491553364262e-32 1.574379118282296515e-28 5.306494746098729319e-25 1.053835572483051511e-21 1.233137075751442758e-18 8.501816863565997938e-16
8.501773453127451155e-16 3.453670184040691371e-13 8.266354961650179689e-11 1.165770768807306013e-08 9.686791599960997701e-07 4.742589953821152449e-05 1.368111814372241497e-03 2.325363084673881531e-02 2.328773736953735352e-01 1.374146699905395508e+00 4.777535438537597656e+00 9.786834716796875000e+00 1.181266784667968750e+01 8.400812149047851562e+00 3.520143747329711914e+00 8.690961599349975586e-01 1.264277994632720947e-01 1.083631254732608795e-02 5.472564371302723885e-04 1.628425161470659077e-05 2.855000218460190808e-07 2.949290145437544197e-09 1.795125159631538736e-11 6.437784468927079673e-14 1.360331736916854141e-16 1.693661609984215386e-19 1.242439769851754667e-22 5.370060295024823364e-26 1.367612483159098115e-29 2.052052039364820767e-33 2.752126736609856039e-32 1.574371294191897441e-28 5.306467135967046583e-25 1.053830119876474624e-21 1.233130665101695472e-18 8.501773453127451155e-16
8.501762865215610476e-16 3.453665847232001429e-13 8.266343165530543047e-11 1.165769170086150552e-08 9.686776820672093891e-07 4.742583405459299684e-05 1.368109835311770439e-03 2.325360476970672607e-02 2.328770458698272705e-01 1.374145150184631348e+00 4.777528762817382812e+00 9.786821365356445312e+00 1.181265258789062500e+01 8.400799751281738281e+00 3.520139217376708984e+00 8.690949678421020508e-01 1.264276504516601562e-01 1.083629950881004333e-02 5.472557386383414268e-04 1.628423160582315177e-05 2.854996523637964856e-07 2.949286148634655547e-09 1.795122904491019966e-11 6.437775659784428228e-14 1.360330148730078039e-16 1.693659542032684003e-19 1.242438129021071807e-22 5.370052899453836917e-26 1.367610376673221442e-29 2.052020631625134734e-33 2.752119683643751105e-32 1.574369368261953054e-28 5.306459247357994373e-25 1.053828706237732468e-21 1.233129114138046935e-18 8.501762865215610476e-16
8.501760747633242341e-16 3.453664491979285822e-13 8.266340389972981484e-11 1.165768814814782672e-08 9.686773410066962242e-07 4.742581950267776847e-05 1.368109486065804958e-03 2.325359359383583069e-02 2.328769713640213013e-01 1.374144554138183594e+00 4.777528285980224609e+00 9.786815643310546875e+00 1.181264686584472656e+01 8.400796890258789062e+00 3.520138263702392578e+00 8.690947294235229492e-01 1.264275908470153809e-01 1.083629485219717026e-02 5.472555640153586864e-04 1.628422251087613404e-05 2.854995386769587640e-07 2.949284816367025996e-09 1.795121863656934380e-11 6.437772949278997014e-14 1.360329222287791980e-16 1.693658895797830446e-19 1.242437497932347631e-22 5.370049817965925898e-26 1.367609774820113821e-29 2.052025223399942634e-33 2.752124679494742100e-32 1.574368525667602385e-28 5.306457768243797084e-25 1.053828100392557258e-21 1.233129010740470366e-18 8.501760747633242341e-16
8.501757571259690137e-16 3.453663678827656458e-13 8.266337614415419921e-11 1.165768459543414792e-08 9.686768862593453377e-07 4.742579767480492592e-05 1.368109136819839478e-03 2.325358800590038300e-02 2.328768968582153320e-01 1.374144315719604492e+00 4.777526378631591797e+00 9.786815643310546875e+00 1.181264209747314453e+01 8.400795936584472656e+00 3.520137310028076172e+00 8.690942525863647461e-01 1.264275312423706055e-01 1.083629298955202103e-02 5.472553893923759460e-04 1.628422251087613404e-05 2.854994818335399032e-07 2.949284372277816146e-09 1.795122037129281978e-11 6.437772271652639211e-14 1.360329222287791980e-16 1.693658508056918312e-19 1.242437245496857960e-22 5.370049817965925898e-26 1.367609774820113821e-29 2.051993264647279653e-33 2.752121446885277339e-32 1.574368284926359336e-28 5.306456289129599794e-25 1.053828100392557258e-21 1.233128597150164090e-18 8.501757571259690137e-16
8.501758100655282171e-16 3.453662865676027094e-13 8.266338308304810312e-11 1.165768281907730852e-08 9.686769999461830594e-07 4.742579039884731174e-05 1.368109136819839478e-03 2.325358614325523376e-02 2.328768968582153320e-01 1.374144315719604492e+00 4.777526855468750000e+00 9.786815643310546875e+00 1.181264495849609375e+01 8.400793075561523438e+00 3.520136594772338867e+00 8.690943717956542969e-01 1.264275312423706055e-01 1.083629019558429718e-02 5.472552729770541191e-04 1.628421887289732695e-05 2.854994818335399032e-07 2.949283928188606296e-09 1.795121690184586782e-11 6.437771594026281408e-14 1.360329089938893971e-16 1.693658508056918312e-19 1.242437245496857960e-22 5.370047352775597082e-26 1.367609473893560010e-29 2.052053141390774663e-33 2.752122034632452750e-32 1.574368164555737812e-28 5.306456289129599794e-25 1.053828100392557258e-21 1.233128390355010951e-18 8.501758100655282171e-16
8.501760747633242341e-16 3.453664763029828944e-13 8.266339002194200702e-11 1.165768637179098732e-08 9.686773410066962242e-07 4.742581950267776847e-05 1.368109602481126785e-03 2.325359173119068146e-02 2.328770011663436890e-01 1.374144554138183594e+00 4.777527809143066406e+00 9.786819458007812500e+00 1.181264591217041016e+01 8.400796890258789062e+00 3.520138740539550781e+00 8.690946102142333984e-01 1.264275908470153809e-01 1.083629578351974487e-02 5.472556222230195999e-04 1.628422614885494113e-05 2.854995955203776248e-07 2.949285260456235847e-09 1.795122210601629575e-11 6.437774304531712621e-14 1.360329619334486005e-16 1.693659154291771869e-19 1.242437750367837301e-22 5.370051050561090306e-26 1.367610376673221442e-29 2.052052406706805399e-33 2.752125267241917511e-32 1.574368766408845433e-28 5.306458261281862847e-25 1.053828504289340731e-21 1.233128803945317228e-18 8.501760747633242341e-16
8.501767629775938782e-16 3.453666931434173915e-13 8.266345941088104610e-11 1.165769525357518432e-08 9.686781368145602755e-07 4.742584860650822520e-05 1.368110533803701401e-03 2.325361222028732300e-02 2.328771352767944336e-01 1.374145746231079102e+00 4.777531623840332031e+00 9.786823272705078125e+00 1.181265640258789062e+01 8.400802612304687500e+00 3.520140886306762695e+00 8.690952062606811523e-01 1.264276802539825439e-01 1.083630323410034180e-02 5.472559714689850807e-04 1.628423342481255531e-05 2.854997660506342072e-07 2.949287480902285097e-09 1.795123424908062759e-11 6.437778370289859442e-14 1.360330281078976048e-16 1.693660188267537560e-19 1.242438760109795984e-22 5.370054748346583529e-26 1.367610828063052158e-29 2.052022100993073262e-33 2.752122622379628161e-32 1.574369729373817627e-28 5.306462205586388952e-25 1.053829312082907677e-21 1.233129631125929781e-18 8.501767629775938782e-16
8.501774511918635223e-16 3.453669912990148250e-13 8.266354267760789298e-11 1.165770679989464043e-08 9.686787052487488836e-07 4.742588498629629612e-05 1.368111814372241497e-03 2.325362712144851685e-02 2.328773736953735352e-01 1.374146819114685059e+00 4.777535438537597656e+00 9.786833763122558594e+00 1.181266593933105469e+01 8.400810241699218750e+00 3.520143747329711914e+00 8.690960407257080078e-01 1.264277994632720947e-01 1.083631347864866257e-02 5.472564371302723885e-04 1.628425161470659077e-05 2.854999934243096504e-07 2.949289479303729422e-09 1.795125159631538736e-11 6.437784468927079673e-14 1.360331736916854141e-16 1.693661609984215386e-19 1.242439517416264996e-22 5.370059678727241161e-26 1.367612182232544305e-29 2.052028713148796638e-33 2.752130850840083917e-32 1.574371173821275917e-28 5.306467135967046583e-25 1.053829917928082887e-21 1.233130768499272041e-18 8.501774511918635223e-16
8.501780335270147596e-16 3.453672352445036342e-13 8.266359818875912424e-11 1.165771568167883743e-08 9.686796147434506565e-07 4.742592864204198122e-05 1.368112862110137939e-03 2.325364761054515839e-02 2.328775078058242798e-01 1.374147772789001465e+00 4.777539730072021484e+00 9.786842346191406250e+00 1.181267547607421875e+01 8.400815010070800781e+00 3.520146608352661133e+00 8.690968155860900879e-01 1.264278888702392578e-01 1.083632186055183411e-02 5.472569027915596962e-04 1.628426434763241559e-05 2.855002776414039545e-07 2.949291921794383597e-09 1.795126547410319517e-11 6.437789212311584297e-14 1.360332795708038209e-16 1.693662902453922500e-19 1.242440779593713350e-22 5.370063376512734384e-26 1.367613385938759547e-29 2.051998407435064501e-33 2.752128793724969978e-32 1.574372257156869635e-28 5.306471080271572688e-25 1.053830725721649833e-21 1.233131595679884594e-18 8.501780335270147596e-16
8.501784041039291834e-16 3.453674249798838192e-13 8.266365369991035550e-11 1.165772012257093593e-08 9.686799558039638214e-07 4.742594319395720959e-05 1.368113211356103420e-03 2.325365692377090454e-02 2.328776121139526367e-01 1.374148368835449219e+00 4.777541637420654297e+00 9.786846160888671875e+00 1.181267929077148438e+01 8.400819778442382812e+00 3.520147800445556641e+00 8.690969944000244141e-01 1.264279186725616455e-01 1.083632558584213257e-02 5.472570774145424366e-04 1.628426980460062623e-05 2.855003344848228153e-07 2.949293254062013148e-09 1.795127241299709908e-11 6.437790567564299904e-14 1.360333325103630243e-16 1.693663419441805346e-19 1.242441032029203021e-22 5.370065841703063200e-26 1.367613536402036452e-29 2.052059386204513407e-33 2.752129675345733095e-32 1.574372859009977256e-28 5.306474038499967267e-25 1.053831331566825043e-21 1.233132216065344009e-18 8.501784041039291834e-16
8.501785099830475902e-16 3.453674520849381313e-13 8.266361206654693206e-11 1.165772012257093593e-08 9.686800694908015430e-07 4.742594319395720959e-05 1.368113094940781593e-03 2.325365319848060608e-02 2.328776270151138306e-01 1.374148249626159668e+00 4.777541637420654297e+00 9.786848068237304688e+00 1.181268215179443359e+01 8.400821685791015625e+00 3.520148277282714844e+00 8.690971732139587402e-01 1.264279335737228394e-01 1.083632558584213257e-02 5.472570192068815231e-04 1.628426980460062623e-05 2.855003344848228153e-07 2.949293698151222998e-09 1.795127241299709908e-11 6.437791922817015511e-14 1.360333060405834226e-16 1.693663677935746768e-19 1.242441032029203021e-22 5.370065841703063200e-26 1.367613987791867168e-29 2.052058651520544143e-33 2.752132320208022445e-32 1.574372859009977256e-28 5.306472066347704215e-25 1.053831129618433306e-21 1.233132009270190871e-18 8.501785099830475902e-16
8.501779805874555562e-16 3.453673165596665706e-13 8.266359818875912424e-11 1.165771479350041773e-08 9.686793873697752133e-07 4.742592500406317413e-05 1.368112745694816113e-03 2.325364202260971069e-02 2.328775078058242798e-01 1.374147772789001465e+00 4.777539253234863281e+00 9.786841392517089844e+00 1.181267356872558594e+01 8.400817871093750000e+00 3.520145893096923828e+00 8.690966367721557617e-01 1.264278739690780640e-01 1.083632092922925949e-02 5.472567863762378693e-04 1.628426616662181914e-05 2.855001355328568025e-07 2.949291921794383597e-09 1.795126200465624322e-11 6.437787857058868690e-14 1.360332531010242192e-16 1.693663031700893211e-19 1.242440274722734009e-22 5.370063376512734384e-26 1.367613235475482642e-29 2.052023754032004106e-33 2.752126148862680628e-32 1.574372377527491159e-28 5.306471080271572688e-25 1.053830927670041570e-21 1.233131492282308025e-18 8.501779805874555562e-16
8.501774511918635223e-16 3.453669912990148250e-13 8.266352186092618126e-11 1.165770235900254193e-08 9.686789326224243268e-07 4.742588134831748903e-05 1.368111697956919670e-03 2.325362712144851685e-02 2.328773438930511475e-01 1.374146461486816406e+00 4.777536392211914062e+00 9.786832809448242188e+00 1.181266593933105469e+01 8.400808334350585938e+00 3.520143747329711914e+00 8.690958619117736816e-01 1.264277994632720947e-01 1.083631161600351334e-02 5.472564371302723885e-04 1.628425161470659077e-05 2.855000218460190808e-07 2.949289701348334347e-09 1.795125333103886334e-11 6.437783791300721870e-14 1.360331472219058124e-16 1.693661351490273963e-19 1.242439643634009832e-22 5.370059678727241161e-26 1.367611881305990494e-29 2.052004652248803244e-33 2.752129969219320800e-32 1.574370933080032869e-28 5.306467135967046583e-25 1.053830018902278755e-21 1.233130665101695472e-18 8.501774511918635223e-16
8.501766570984754714e-16 3.453667473535260157e-13 8.266347328866885391e-11 1.165769525357518432e-08 9.686780231277225539e-07 4.742584133055061102e-05 1.368110300973057747e-03 2.325360849499702454e-02 2.328771650791168213e-01 1.374145746231079102e+00 4.777532577514648438e+00 9.786825180053710938e+00 1.181265544891357422e+01 8.400803565979003906e+00 3.520140647888183594e+00 8.690952062606811523e-01 1.264276802539825439e-01 1.083630137145519257e-02 5.472559714689850807e-04 1.628423888178076595e-05 2.854997376289247768e-07 2.949287258857680172e-09 1.795123424908062759e-11 6.437777692663501639e-14 1.360330413427874056e-16 1.693660317514508272e-19 1.242438633892051149e-22 5.370054748346583529e-26 1.367610978526329063e-29 2.052020447954142418e-33 2.752122034632452750e-32 1.574369970115060675e-28 5.306462205586388952e-25 1.053829009160320072e-21 1.233129631125929781e-18 8.501766570984754714e-16
8.501760747633242341e-16 3.453664220928742701e-13 8.266341777751762265e-11 1.165768725996940702e-08 9.686773410066962242e-07 4.742581950267776847e-05 1.368109718896448612e-03 2.325358986854553223e-02 2.328769713640213013e-01 1.374144792556762695e+00 4.777527809143066406e+00 9.786821365356445312e+00 1.181264972686767578e+01 8.400796890258789062e+00 3.520138502120971680e+00 8.690946698188781738e-01 1.264275908470153809e-01 1.083629485219717026e-02 5.472556222230195999e-04 1.628422432986553758e-05 2.854995386769587640e-07 2.949285704545445697e-09 1.795122731018672368e-11 6.437774982158070425e-14 1.360329619334486005e-16 1.693659283538742580e-19 1.242437750367837301e-22 5.370051050561090306e-26 1.367610226209944537e-29 2.052053141390774663e-33 2.752125267241917511e-32 1.574368525667602385e-28 5.306458261281862847e-25 1.053828504289340731e-21 1.233128907342893797e-18 8.501760747633242341e-16
8.501758630050874205e-16 3.453664220928742701e-13 8.266338308304810312e-11 1.165768370725572822e-08 9.686771136330207810e-07 4.742579767480492592e-05 1.368109136819839478e-03 2.325358614325523376e-02 2.328769266605377197e-01 1.374144315719604492e+00 4.777526855468750000e+00 9.786815643310546875e+00 1.181264305114746094e+01 8.400794982910156250e+00 3.520137310028076172e+00 8.690944910049438477e-01 1.264275461435317993e-01 1.083629205822944641e-02 5.472553893923759460e-04 1.628421887289732695e-05 2.854994249901210424e-07 2.949284372277816146e-09 1.795121863656934380e-11 6.437770916399923604e-14 1.360329089938893971e-16 1.693658508056918312e-19 1.242437245496857960e-22 5.370049201668343694e-26 1.367609774820113821e-29 2.052053141390774663e-33 2.752121740758865044e-32 1.574368044185116288e-28 5.306457275205731321e-25 1.053828302340948994e-21 1.233128493752587520e-18 8.501758630050874205e-16
8.501758630050874205e-16 3.453663136726570215e-13 8.266337614415419921e-11 1.165768459543414792e-08 9.686769999461830594e-07 4.742579767480492592e-05 1.368109136819839478e-03 2.325358986854553223e-02 2.328769117593765259e-01 1.374144315719604492e+00 4.777526378631591797e+00 9.786815643310546875e+00 1.181264305114746094e+01 8.400794982910156250e+00 3.520137310028076172e+00 8.690944910049438477e-01 1.264275312423706055e-01 1.083629392087459564e-02 5.472555058076977730e-04 1.628422251087613404e-05 2.854995102552493336e-07 2.949284372277816146e-09 1.795122037129281978e-11 6.437772271652639211e-14 1.360329354636689988e-16 1.693658378809947601e-19 1.242437119279113125e-22 5.370049201668343694e-26 1.367609774820113821e-29 2.051992897305295021e-33 2.752122034632452750e-32 1.574368284926359336e-28 5.306455796091534031e-25 1.053828100392557258e-21 1.233128390355010951e-18 8.501758630050874205e-16
8.501757571259690137e-16 3.453664763029828944e-13 8.266339696083591093e-11 1.165768548361256762e-08 9.686773410066962242e-07 4.742581222672015429e-05 1.368109369650483131e-03 2.325358986854553223e-02 2.328769564628601074e-01 1.374144315719604492e+00 4.777528762817382812e+00 9.786817550659179688e+00 1.181264495849609375e+01 8.400796890258789062e+00 3.520137786865234375e+00 8.690946102142333984e-01 1.264275908470153809e-01 1.083629205822944641e-02 5.472554476000368595e-04 1.628422432986553758e-05 2.854994818335399032e-07 2.949284816367025996e-09 1.795122210601629575e-11 6.437774304531712621e-14 1.360329354636689988e-16 1.693658895797830446e-19 1.242437245496857960e-22 5.370049817965925898e-26 1.367609774820113821e-29 2.052051304680851504e-33 2.752124973368329806e-32 1.574368525667602385e-28 5.306457275205731321e-25 1.053828403315144863e-21 1.233128597150164090e-18 8.501757571259690137e-16
8.501760747633242341e-16 3.453664763029828944e-13 8.266341083862371875e-11 1.165768725996940702e-08 9.686773410066962242e-07 4.742581222672015429e-05 1.368109602481126785e-03 2.325359173119068146e-02 2.328769713640213013e-01 1.374144554138183594e+00 4.777527332305908203e+00 9.786816596984863281e+00 1.181264495849609375e+01 8.400796890258789062e+00 3.520138263702392578e+00 8.690946102142333984e-01 1.264275610446929932e-01 1.083629671484231949e-02 5.472553893923759460e-04 1.628422251087613404e-05 2.854995955203776248e-07 2.949285038411630921e-09 1.795122210601629575e-11 6.437772949278997014e-14 1.360329486985587997e-16 1.693658766550859735e-19 1.242437624150092466e-22 5.370051050561090306e-26 1.367610075746667631e-29 2.052050202654897608e-33 2.752122622379628161e-32 1.574368525667602385e-28 5.306457275205731321e-25 1.053828504289340731e-21 1.233128597150164090e-18 8.501760747633242341e-16
8.501760747633242341e-16 3.453664763029828944e-13 8.266340389972981484e-11 1.165768637179098732e-08 9.686773410066962242e-07 4.742580495076254010e-05 1.368109602481126785e-03 2.325358986854553223e-02 2.328769862651824951e-01 1.374144673347473145e+00 4.777528762817382812e+00 9.786819458007812500e+00 1.181264877319335938e+01 8.400796890258789062e+00 3.520137786865234375e+00 8.690946102142333984e-01 1.264275610446929932e-01 1.083629578351974487e-02 5.472555058076977730e-04 1.628422251087613404e-05 2.854994818335399032e-07 2.949284816367025996e-09 1.795122384073977173e-11 6.437774304531712621e-14 1.360329619334486005e-16 1.693659154291771869e-19 1.242437624150092466e-22 5.370050434263508102e-26 1.367609774820113821e-29 2.052045794551082024e-33 2.752120271390926517e-32 1.574368525667602385e-28 5.306457275205731321e-25 1.053828302340948994e-21 1.233128803945317228e-18 8.501760747633242341e-16
8.501759688842058273e-16 3.453664220928742701e-13 8.266339002194200702e-11 1.165768459543414792e-08 9.686772273198585026e-07 4.742579767480492592e-05 1.368109253235161304e-03 2.325358800590038300e-02 2.328769564628601074e-01 1.374144315719604492e+00 4.777527809143066406e+00 9.786815643310546875e+00 1.181264591217041016e+01 8.400794982910156250e+00 3.520137310028076172e+00 8.690946102142333984e-01 1.264275461435317993e-01 1.083629392087459564e-02 5.472555058076977730e-04 1.628422432986553758e-05 2.854994818335399032e-07 2.949284816367025996e-09 1.795122210601629575e-11 6.437771594026281408e-14 1.360329354636689988e-16 1.693658766550859735e-19 1.242437497932347631e-22 5.370049817965925898e-26 1.367609774820113821e-29 2.052050202654897608e-33 2.752125267241917511e-32 1.574368405296980861e-28 5.306457275205731321e-25 1.053828201366753126e-21 1.233128803945317228e-18 8.501759688842058273e-16
8.501758630050874205e-16 3.453663678827656458e-13 8.266338308304810312e-11 1.165768370725572822e-08 9.686771136330207810e-07 4.742579767480492592e-05 1.368109369650483131e-03 2.325358614325523376e-02 2.328769117593765259e-01 1.374144077301025391e+00 4.777526855468750000e+00 9.786815643310546875e+00 1.181264495849609375e+01 8.400795936584472656e+00 3.520137071609497070e+00 8.690944314002990723e-01 1.264275610446929932e-01 1.083629205822944641e-02 5.472553893923759460e-04 1.628422069188673049e-05 2.854994818335399032e-07 2.949284816367025996e-09 1.795121863656934380e-11 6.437772949278997014e-14 1.360329222287791980e-16 1.693658637303889023e-19 1.242437245496857960e-22 5.370049817965925898e-26 1.367609473893560010e-29 2.051991244266364177e-33 2.752121446885277339e-32 1.574368284926359336e-28 5.306457768243797084e-25 1.053828100392557258e-21 1.233128493752587520e-18 8.501758630050874205e-16
8.501759688842058273e-16 3.453663678827656458e-13 8.266339002194200702e-11 1.165768370725572822e-08 9.686771136330207810e-07 4.742580131278373301e-05 1.368109136819839478e-03 2.325358800590038300e-02 2.328769266605377197e-01 1.374144315719604492e+00 4.777526855468750000e+00 9.786816596984863281e+00 1.181264400482177734e+01 8.400794982910156250e+00 3.520137548446655273e+00 8.690944314002990723e-01 1.264275461435317993e-01 1.083629205822944641e-02 5.472555058076977730e-04 1.628422251087613404e-05 2.854994818335399032e-07 2.949284594322421071e-09 1.795122037129281978e-11 6.437772271652639211e-14 1.360329354636689988e-16 1.693658508056918312e-19 1.242437497932347631e-22 5.370049817965925898e-26 1.367609774820113821e-29 2.052052957719782347e-33 2.752122034632452750e-32 1.574368284926359336e-28 5.306456782167665557e-25 1.053828100392557258e-21 1.233128493752587520e-18 8.501759688842058273e-16
8.501761277028834374e-16 3.453664763029828944e-13 8.266341777751762265e-11 1.165768903632624642e-08 9.686774546935339458e-07 4.742581222672015429e-05 1.368109718896448612e-03 2.325359545648097992e-02 2.328770011663436890e-01 1.374144554138183594e+00 4.777528762817382812e+00 9.786820411682128906e+00 1.181264877319335938e+01 8.400798797607421875e+00 3.520138740539550781e+00 8.690947294235229492e-01 1.264276057481765747e-01 1.083629578351974487e-02 5.472555640153586864e-04 1.628422614885494113e-05 2.854995955203776248e-07 2.949285926590050622e-09 1.795122557546324771e-11 6.437774304531712621e-14 1.360329619334486005e-16 1.693659412785713292e-19 1.242437750367837301e-22 5.370051050561090306e-26 1.367610226209944537e-29 2.052051855693828451e-33 2.752124973368329806e-32 1.574368886779466957e-28 5.306459247357994373e-25 1.053828504289340731e-21 1.233129010740470366e-18 8.501761277028834374e-16
8.501767100380346748e-16 3.453667744585803279e-13 8.266347328866885391e-11 1.165769702993202372e-08 9.686780231277225539e-07 4.742585224448703229e-05 1.368110533803701401e-03 2.325361222028732300e-02 2.328771799802780151e-01 1.374145746231079102e+00 4.777532100677490234e+00 9.786827087402343750e+00 1.181265735626220703e+01 8.400803565979003906e+00 3.520140647888183594e+00 8.690953254699707031e-01 1.264276951551437378e-01 1.083630509674549103e-02 5.472560296766459942e-04 1.628423706279136240e-05 2.854997944723436376e-07 2.949287924991494947e-09 1.795123598380410357e-11 6.437779047916217245e-14 1.360330413427874056e-16 1.693660446761478983e-19 1.242438633892051149e-22 5.370054748346583529e-26 1.367611128989605968e-29 2.052022468335057894e-33 2.752122328506040456e-32 1.574369970115060675e-28 5.306462698624454715e-25 1.053829211108711809e-21 1.233129837921082919e-18 8.501767100380346748e-16
8.501774511918635223e-16 3.453670184040691371e-13 8.266353573871398908e-11 1.165770768807306013e-08 9.686789326224243268e-07 4.742588498629629612e-05 1.368111814372241497e-03 2.325362898409366608e-02 2.328773587942123413e-01 1.374146819114685059e+00 4.777535915374755859e+00 9.786835670471191406e+00 1.181266784667968750e+01 8.400811195373535156e+00 3.520143985748291016e+00 8.690961003303527832e-01 1.264277994632720947e-01 1.083631440997123718e-02 5.472564371302723885e-04 1.628425161470659077e-05 2.855000218460190808e-07 2.949290145437544197e-09 1.795125159631538736e-11 6.437783791300721870e-14 1.360331604567956132e-16 1.693661739231186097e-19 1.242439643634009832e-22 5.370059678727241161e-26 1.367612332695821210e-29 2.052028896819788954e-33 2.752129969219320800e-32 1.574371173821275917e-28 5.306467135967046583e-25 1.053830119876474624e-21 1.233130871896848610e-18 8.501774511918635223e-16
8.501780864665739630e-16 3.453672894546122585e-13 8.266359818875912424e-11 1.165771568167883743e-08 9.686796147434506565e-07 4.742592864204198122e-05 1.368112862110137939e-03 2.325364761054515839e-02 2.328775227069854736e-01 1.374147891998291016e+00 4.777540206909179688e+00 9.786842346191406250e+00 1.181267642974853516e+01 8.400816917419433594e+00 3.520146369934082031e+00 8.690967559814453125e-01 1.264278888702392578e-01 1.083632092922925949e-02 5.472568445838987827e-04 1.628426252864301205e-05 2.855002492196945241e-07 2.949292143838988522e-09 1.795126720882667115e-11 6.437788534685226494e-14 1.360332663359140200e-16 1.693663031700893211e-19 1.242440527158223679e-22 5.370063992810316588e-26 1.367613235475482642e-29 2.051998407435064501e-33 2.752128793724969978e-32 1.574372136786248111e-28 5.306471080271572688e-25 1.053831028644237438e-21 1.233131802475037733e-18 8.501780864665739630e-16
8.501785099830475902e-16 3.453674249798838192e-13 8.266363982212254768e-11 1.165772012257093593e-08 9.686800694908015430e-07 4.742593955597840250e-05 1.368113560602068901e-03 2.325365878641605377e-02 2.328776121139526367e-01 1.374148488044738770e+00 4.777542114257812500e+00 9.786846160888671875e+00 1.181268024444580078e+01 8.400821685791015625e+00 3.520148277282714844e+00 8.690971136093139648e-01 1.264279484748840332e-01 1.083632651716470718e-02 5.472571356222033501e-04 1.628427162359002978e-05 2.855003913282416761e-07 2.949293698151222998e-09 1.795127588244405104e-11 6.437791922817015511e-14 1.360333192754732234e-16 1.693663677935746768e-19 1.242441158246947856e-22 5.370065841703063200e-26 1.367613837328590263e-29 2.052059569875505723e-33 2.752130263092908506e-32 1.574372979380598780e-28 5.306473052423835741e-25 1.053831331566825043e-21 1.233132319462920578e-18 8.501785099830475902e-16
8.501782982248107766e-16 3.453674791899924434e-13 8.266363982212254768e-11 1.165772101074935563e-08 9.686798421171260998e-07 4.742594319395720959e-05 1.368113327771425247e-03 2.325365878641605377e-02 2.328776270151138306e-01 1.374148488044738770e+00 4.777542591094970703e+00 9.786846160888671875e+00 1.181268119812011719e+01 8.400819778442382812e+00 3.520147800445556641e+00 8.690969347953796387e-01 1.264279484748840332e-01 1.083632558584213257e-02 5.472570774145424366e-04 1.628426980460062623e-05 2.855003629065322457e-07 2.949293476106618073e-09 1.795127588244405104e-11 6.437791245190657707e-14 1.360333325103630243e-16 1.693663936429688191e-19 1.242441032029203021e-22 5.370065841703063200e-26 1.367613686865313357e-29 2.052058835191536459e-33 2.752132320208022445e-32 1.574373099751220304e-28 5.306473052423835741e-25 1.053831331566825043e-21 1.233132319462920578e-18 8.501782982248107766e-16
8.501779805874555562e-16 3.453672894546122585e-13 8.266359818875912424e-11 1.165771479350041773e-08 9.686796147434506565e-07 4.742592500406317413e-05 1.368112862110137939e-03 2.325364388525485992e-02 2.328775227069854736e-01 1.374147891998291016e+00 4.777539730072021484e+00 9.786840438842773438e+00 1.181267547607421875e+01 8.400817871093750000e+00 3.520146369934082031e+00 8.690966963768005371e-01 1.264278888702392578e-01 1.083632186055183411e-02 5.472567863762378693e-04 1.628426070965360850e-05 2.855002207979850937e-07 2.949291921794383597e-09 1.795126547410319517e-11 6.437789212311584297e-14 1.360332795708038209e-16 1.693662643959981077e-19 1.242440527158223679e-22 5.370063376512734384e-26 1.367613085012205736e-29 2.052023754032004106e-33 2.752126442736268334e-32 1.574372377527491159e-28 5.306470587233506925e-25 1.053830826695845702e-21 1.233131595679884594e-18 8.501779805874555562e-16
8.501773453127451155e-16 3.453670184040691371e-13 8.266354267760789298e-11 1.165770591171622073e-08 9.686788189355866052e-07 4.742588498629629612e-05 1.368111581541597843e-03 2.325362712144851685e-02 2.328773736953735352e-01 1.374146580696105957e+00 4.777535915374755859e+00 9.786834716796875000e+00 1.181266593933105469e+01 8.400810241699218750e+00 3.520144224166870117e+00 8.690959215164184570e-01 1.264277994632720947e-01 1.083631161600351334e-02 5.472564953379333019e-04 1.628425161470659077e-05 2.854999934243096504e-07 2.949290367482149122e-09 1.795125159631538736e-11 6.437783791300721870e-14 1.360331736916854141e-16 1.693661480737244674e-19 1.242439517416264996e-22 5.370059678727241161e-26 1.367612332695821210e-29 2.052005019590787876e-33 2.752130263092908506e-32 1.574371053450654393e-28 5.306466642928980820e-25 1.053830018902278755e-21 1.233130768499272041e-18 8.501773453127451155e-16
8.501765512193570646e-16 3.453667202484717036e-13 8.266345941088104610e-11 1.165769525357518432e-08 9.686781368145602755e-07 4.742585224448703229e-05 1.368110650219023228e-03 2.325360663235187531e-02 2.328771352767944336e-01 1.374145507812500000e+00 4.777531623840332031e+00 9.786826133728027344e+00 1.181265449523925781e+01 8.400803565979003906e+00 3.520140171051025391e+00 8.690952062606811523e-01 1.264276802539825439e-01 1.083630323410034180e-02 5.472559714689850807e-04 1.628423524380195886e-05 2.854997660506342072e-07 2.949287480902285097e-09 1.795123771852757955e-11 6.437778370289859442e-14 1.360330413427874056e-16 1.693660059020566849e-19 1.242438381456561478e-22 5.370054748346583529e-26 1.367611279452882873e-29 2.052020080612157787e-33 2.752122034632452750e-32 1.574369729373817627e-28 5.306461712548323189e-25 1.053829110134515941e-21 1.233129837921082919e-18 8.501765512193570646e-16
8.501760218237650307e-16 3.453664763029828944e-13 8.266341083862371875e-11 1.165768637179098732e-08 9.686773410066962242e-07 4.742581222672015429e-05 1.368109369650483131e-03 2.325358986854553223e-02 2.328769564628601074e-01 1.374144792556762695e+00 4.777528762817382812e+00 9.786817550659179688e+00 1.181264877319335938e+01 8.400796890258789062e+00 3.520137786865234375e+00 8.690947294235229492e-01 1.264275908470153809e-01 1.083629578351974487e-02 5.472555640153586864e-04 1.628422251087613404e-05 2.854995386769587640e-07 2.949285260456235847e-09 1.795122384073977173e-11 6.437773626905354818e-14 1.360329619334486005e-16 1.693659025044801158e-19 1.242437497932347631e-22 5.370050434263508102e-26 1.367610075746667631e-29 2.052052774048790031e-33 2.752124973368329806e-32 1.574368525667602385e-28 5.306457275205731321e-25 1.053828504289340731e-21 1.233129010740470366e-18 8.501760218237650307e-16
8.501759159446466239e-16 3.453663678827656458e-13 8.266339002194200702e-11 1.165768370725572822e-08 9.686771136330207810e-07 4.742580495076254010e-05 1.368109253235161304e-03 2.325358614325523376e-02 2.328769266605377197e-01 1.374144554138183594e+00 4.777527809143066406e+00 9.786815643310546875e+00 1.181264591217041016e+01 8.400794982910156250e+00 3.520137310028076172e+00 8.690944910049438477e-01 1.264275610446929932e-01 1.083629392087459564e-02 5.472554476000368595e-04 1.628422251087613404e-05 2.854994818335399032e-07 2.949284594322421071e-09 1.795122037129281978e-11 6.437771594026281408e-14 1.360329354636689988e-16 1.693658766550859735e-19 1.242437371714602795e-22 5.370049817965925898e-26 1.367609774820113821e-29 2.052053141390774663e-33 2.752122034632452750e-32 1.574368284926359336e-28 5.306457275205731321e-25 1.053828100392557258e-21 1.233128493752587520e-18 8.501759159446466239e-16
8.501757571259690137e-16 3.453663678827656458e-13 8.266337614415419921e-11 1.165768370725572822e-08 9.686771136330207810e-07 4.742579403682611883e-05 1.368109486065804958e-03 2.325358614325523376e-02 2.328768670558929443e-01 1.374144077301025391e+00 4.777526378631591797e+00 9.786813735961914062e+00 1.181264495849609375e+01 8.400794982910156250e+00 3.520137310028076172e+00 8.690943717956542969e-01 1.264275461435317993e-01 1.083629205822944641e-02 5.472553893923759460e-04 1.628422069188673049e-05 2.854994818335399032e-07 2.949284372277816146e-09 1.795121690184586782e-11 6.437772949278997014e-14 1.360328957589995963e-16 1.693658508056918312e-19 1.242437245496857960e-22 5.370049817965925898e-26 1.367609624356836916e-29 2.051988121859494806e-33 2.752116744907874050e-32 1.574368044185116288e-28 5.306456289129599794e-25 1.053828100392557258e-21 1.233128597150164090e-18 8.501757571259690137e-16
8.501759688842058273e-16 3.453663949878199579e-13 8.266339002194200702e-11 1.165768459543414792e-08 9.686769999461830594e-07 4.742580131278373301e-05 1.368108903989195824e-03 2.325358614325523376e-02 2.328769415616989136e-01 1.374144315719604492e+00 4.777527809143066406e+00 9.786816596984863281e+00 1.181264400482177734e+01 8.400795936584472656e+00 3.520137310028076172e+00 8.690944910049438477e-01 1.264275610446929932e-01 1.083629392087459564e-02 5.472554476000368595e-04 1.628421887289732695e-05 2.854995102552493336e-07 2.949285704545445697e-09 1.795122210601629575e-11 6.437772949278997014e-14 1.360329486985587997e-16 1.693658508056918312e-19 1.242437245496857960e-22 5.370049817965925898e-26 1.367610075746667631e-29 2.052052774048790031e-33 2.752124973368329806e-32 1.574368284926359336e-28 5.306456289129599794e-25 1.053828100392557258e-21 1.233128390355010951e-18 8.501759688842058273e-16
8.501759159446466239e-16 3.453664220928742701e-13 8.266340389972981484e-11 1.165768637179098732e-08 9.686773410066962242e-07 4.742580495076254010e-05 1.368109602481126785e-03 2.325359173119068146e-02 2.328769266605377197e-01 1.374144554138183594e+00 4.777526855468750000e+00 9.786819458007812500e+00 1.181264591217041016e+01 8.400796890258789062e+00 3.520137786865234375e+00 8.690946102142333984e-01 1.264275908470153809e-01 1.083629485219717026e-02 5.472555058076977730e-04 1.628422251087613404e-05 2.854995102552493336e-07 2.949285038411630921e-09 1.795122384073977173e-11 6.437773626905354818e-14 1.360329486985587997e-16 1.693658766550859735e-19 1.242437497932347631e-22 5.370051050561090306e-26 1.367610075746667631e-29 2.052051672022836136e-33 2.752124679494742100e-32 1.574368525667602385e-28 5.306457275205731321e-25 1.053828504289340731e-21 1.233128803945317228e-18 8.501759159446466239e-16
8.501760747633242341e-16 3.453664491979285822e-13 8.266340389972981484e-11 1.165768637179098732e-08 9.686773410066962242e-07 4.742580495076254010e-05 1.368109369650483131e-03 2.325358986854553223e-02 2.328769564628601074e-01 1.374144554138183594e+00 4.777528762817382812e+00 9.786818504333496094e+00 1.181264781951904297e+01 8.400796890258789062e+00 3.520137786865234375e+00 8.690946102142333984e-01 1.264275908470153809e-01 1.083629392087459564e-02 5.472555640153586864e-04 1.628422251087613404e-05 2.854995386769587640e-07 2.949285482500840772e-09 1.795122384073977173e-11 6.437772949278997014e-14 1.360329354636689988e-16 1.693659025044801158e-19 1.242437624150092466e-22 5.370049817965925898e-26 1.367610075746667631e-29 2.052019713270173155e-33 2.752119683643751105e-32 1.574368525667602385e-28 5.306458261281862847e-25 1.053828302340948994e-21 1.233128803945317228e-18 8.501760747633242341e-16
8.501758630050874205e-16 3.453664763029828944e-13 8.266340389972981484e-11 1.165768637179098732e-08 9.686771136330207810e-07 4.742580131278373301e-05 1.368109486065804958e-03 2.325358986854553223e-02 2.328769415616989136e-01 1.374144792556762695e+00 4.777527809143066406e+00 9.786817550659179688e+00 1.181264591217041016e+01 8.400796890258789062e+00 3.520137786865234375e+00 8.690944910049438477e-01 1.264275759458541870e-01 1.083629485219717026e-02 5.472555640153586864e-04 1.628422251087613404e-05 2.854994818335399032e-07 2.949284816367025996e-09 1.795122037129281978e-11 6.437774304531712621e-14 1.360329089938893971e-16 1.693659025044801158e-19 1.242437497932347631e-22 5.370051050561090306e-26 1.367610075746667631e-29 2.052025407070934950e-33 2.752124973368329806e-32 1.574368525667602385e-28 5.306457768243797084e-25 1.053828302340948994e-21 1.233128803945317228e-18 8.501758630050874205e-16
8.501758100655282171e-16 3.453663678827656458e-13 8.266337614415419921e-11 1.165768637179098732e-08 9.686769999461830594e-07 4.742580131278373301e-05 1.368109136819839478e-03 2.325358428061008453e-02 2.328769415616989136e-01 1.374144196510314941e+00 4.777526855468750000e+00 9.786815643310546875e+00 1.181264495849609375e+01 8.400794982910156250e+00 3.520137548446655273e+00 8.690944910049438477e-01 1.264275610446929932e-01 1.083629205822944641e-02 5.472553311847150326e-04 1.628421705390792340e-05 2.854994818335399032e-07 2.949284816367025996e-09 1.795121690184586782e-11 6.437772271652639211e-14 1.360329089938893971e-16 1.693658637303889023e-19 1.242437245496857960e-22 5.370048585370761490e-26 1.367609323430283105e-29 2.052045794551082024e-33 2.752119095896575694e-32 1.574368525667602385e-28 5.306456289129599794e-25 1.053828100392557258e-21 1.233128390355010951e-18 8.501758100655282171e-16
8.501758100655282171e-16 3.453663678827656458e-13 8.266339002194200702e-11 1.165768281907730852e-08 9.686769999461830594e-07 4.742580131278373301e-05 1.368109136819839478e-03 2.325358241796493530e-02 2.328768670558929443e-01 1.374144196510314941e+00 4.777525901794433594e+00 9.786815643310546875e+00 1.181264114379882812e+01 8.400794982910156250e+00 3.520137310028076172e+00 8.690943717956542969e-01 1.264275610446929932e-01 1.083629112690687180e-02 5.472553893923759460e-04 1.628421887289732695e-05 2.854994818335399032e-07 2.949284372277816146e-09 1.795121690184586782e-11 6.437771594026281408e-14 1.360329089938893971e-16 1.693658508056918312e-19 1.242437245496857960e-22 5.370049201668343694e-26 1.367609473893560010e-29 2.052045794551082024e-33 2.752119095896575694e-32 1.574368164555737812e-28 5.306456782167665557e-25 1.053827898444165521e-21 1.233128183559857813e-18 8.501758100655282171e-16
8.501759159446466239e-16 3.453663678827656458e-13 8.266339002194200702e-11 1.165768370725572822e-08 9.686772273198585026e-07 4.742580131278373301e-05 1.368109253235161304e-03 2.325358614325523376e-02 2.328769713640213013e-01 1.374144315719604492e+00 4.777527809143066406e+00 9.786815643310546875e+00 1.181264495849609375e+01 8.400794982910156250e+00 3.520137071609497070e+00 8.690943717956542969e-01 1.264275312423706055e-01 1.083629205822944641e-02 5.472555058076977730e-04 1.628421887289732695e-05 2.854995386769587640e-07 2.949284594322421071e-09 1.795122384073977173e-11 6.437774304531712621e-14 1.360329354636689988e-16 1.693658766550859735e-19 1.242437497932347631e-22 5.370048585370761490e-26 1.367609624356836916e-29 2.052001346170941556e-33 2.752125267241917511e-32 1.574368044185116288e-28 5.306457275205731321e-25 1.053828100392557258e-21 1.233128597150164090e-18 8.501759159446466239e-16
8.501761806424426408e-16 3.453665305130915186e-13 8.266341777751762265e-11 1.165769170086150552e-08 9.686773410066962242e-07 4.742582677863538265e-05 1.368109602481126785e-03 2.325359359383583069e-02 2.328770458698272705e-01 1.374144792556762695e+00 4.777529716491699219e+00 9.786821365356445312e+00 1.181264877319335938e+01 8.400800704956054688e+00 3.520139217376708984e+00 8.690949678421020508e-01 1.264276206493377686e-01 1.083629671484231949e-02 5.472556222230195999e-04 1.628422614885494113e-05 2.854995955203776248e-07 2.949286148634655547e-09 1.795122557546324771e-11 6.437775659784428228e-14 1.360329619334486005e-16 1.693659542032684003e-19 1.242437750367837301e-22 5.370052283156254714e-26 1.367609925283390726e-29 2.052022652006050210e-33 2.752120859138101928e-32 1.574368886779466957e-28 5.306458754319928610e-25 1.053828706237732468e-21 1.233128907342893797e-18 8.501761806424426408e-16
8.501765512193570646e-16 3.453667473535260157e-13 8.266346634977495000e-11 1.165769614175360402e-08 9.686780231277225539e-07 4.742584133055061102e-05 1.368110533803701401e-03 2.325361035764217377e-02 2.328771650791168213e-01 1.374145746231079102e+00 4.777531623840332031e+00 9.786826133728027344e+00 1.181265640258789062e+01 8.400804519653320312e+00 3.520140409469604492e+00 8.690953850746154785e-01 1.264276504516601562e-01 1.083630323410034180e-02 5.472559132613241673e-04 1.628423706279136240e-05 2.854998228940530680e-07 2.949287480902285097e-09 1.795123424908062759e-11 6.437778370289859442e-14 1.360330545776772065e-16 1.693660188267537560e-19 1.242438507674306314e-22 5.370053515751419121e-26 1.367610978526329063e-29 2.052022652006050210e-33 2.752122034632452750e-32 1.574369609003196103e-28 5.306461712548323189e-25 1.053829110134515941e-21 1.233129631125929781e-18 8.501765512193570646e-16
8.501772394336267087e-16 3.453669912990148250e-13 8.266354267760789298e-11 1.165770235900254193e-08 9.686787052487488836e-07 4.742587771033868194e-05 1.368111697956919670e-03 2.325362712144851685e-02 2.328773140907287598e-01 1.374146699905395508e+00 4.777535438537597656e+00 9.786833763122558594e+00 1.181266593933105469e+01 8.400808334350585938e+00 3.520143508911132812e+00 8.690959215164184570e-01 1.264277845621109009e-01 1.083631068468093872e-02 5.472563207149505615e-04 1.628424797672778368e-05 2.854999650026002200e-07 2.949290145437544197e-09 1.795124812686843541e-11 6.437783113674364066e-14 1.360331339870160115e-16 1.693661351490273963e-19 1.242439517416264996e-22 5.370059062429658957e-26 1.367612182232544305e-29 2.052028713148796638e-33 2.752129675345733095e-32 1.574370933080032869e-28 5.306467135967046583e-25 1.053829917928082887e-21 1.233130561704118903e-18 8.501772394336267087e-16
8.501779805874555562e-16 3.453672352445036342e-13 8.266357043318350861e-11 1.165771124078673893e-08 9.686792736829374917e-07 4.742592136608436704e-05 1.368112512864172459e-03 2.325364202260971069e-02 2.328774929046630859e-01 1.374147415161132812e+00 4.777538299560546875e+00 9.786838531494140625e+00 1.181267166137695312e+01 8.400814056396484375e+00 3.520145416259765625e+00 8.690965175628662109e-01 1.264278590679168701e-01 1.083631813526153564e-02 5.472566699609160423e-04 1.628425889066420496e-05 2.855001639545662329e-07 2.949291477705173747e-09 1.795126373937971920e-11 6.437787857058868690e-14 1.360332266312446175e-16 1.693662773206951789e-19 1.242440274722734009e-22 5.370061527619987772e-26 1.367612784085651926e-29 2.052054243416728559e-33 2.752128499851382273e-32 1.574372136786248111e-28 5.306469108119309636e-25 1.053830523773258097e-21 1.233131388884731456e-18 8.501779805874555562e-16
8.501782982248107766e-16 3.453673707697751949e-13 8.266361900544083596e-11 1.165771923439251623e-08 9.686798421171260998e-07 4.742593955597840250e-05 1.368113327771425247e-03 2.325365133583545685e-02 2.328775823116302490e-01 1.374148368835449219e+00 4.777540206909179688e+00 9.786844253540039062e+00 1.181268119812011719e+01 8.400819778442382812e+00 3.520147085189819336e+00 8.690968751907348633e-01 1.264279186725616455e-01 1.083632558584213257e-02 5.472570192068815231e-04 1.628426798561122268e-05 2.855002776414039545e-07 2.949293476106618073e-09 1.795127067827362310e-11 6.437790567564299904e-14 1.360333325103630243e-16 1.693663419441805346e-19 1.242440779593713350e-22 5.370065225405480996e-26 1.367613686865313357e-29 2.052051304680851504e-33 2.752127324357031450e-32 1.574372738639355732e-28 5.306472066347704215e-25 1.053831331566825043e-21 1.233132009270190871e-18 8.501782982248107766e-16
8.501784570434883868e-16 3.453674520849381313e-13 8.266364676101645159e-11 1.165772012257093593e-08 9.686800694908015430e-07 4.742595046991482377e-05 1.368113444186747074e-03 2.325366064906120300e-02 2.328776419162750244e-01 1.374148607254028320e+00 4.777542114257812500e+00 9.786846160888671875e+00 1.181268119812011719e+01 8.400819778442382812e+00 3.520147800445556641e+00 8.690972328186035156e-01 1.264279484748840332e-01 1.083632744848728180e-02 5.472570192068815231e-04 1.628426980460062623e-05 2.855003629065322457e-07 2.949293698151222998e-09 1.795127588244405104e-11 6.437790567564299904e-14 1.360333325103630243e-16 1.693663677935746768e-19 1.242441158246947856e-22 5.370065841703063200e-26 1.367613987791867168e-29 2.052056447468636351e-33 2.752133495702373267e-32 1.574373099751220304e-28 5.306474038499967267e-25 1.053831331566825043e-21 1.233132526258073717e-18 8.501784570434883868e-16
8.501781923456923698e-16 3.453673436647208828e-13 8.266360512765302815e-11 1.165771745803567683e-08 9.686798421171260998e-07 4.742593591799959540e-05 1.368113094940781593e-03 2.325364947319030762e-02 2.328775674104690552e-01 1.374148130416870117e+00 4.777540206909179688e+00 9.786844253540039062e+00 1.181267547607421875e+01 8.400818824768066406e+00 3.520147323608398438e+00 8.690968155860900879e-01 1.264279186725616455e-01 1.083632372319698334e-02 5.472569027915596962e-04 1.628426798561122268e-05 2.855003060631133849e-07 2.949292809972803298e-09 1.795127241299709908e-11 6.437789212311584297e-14 1.360333192754732234e-16 1.693663419441805346e-19 1.242440653375968515e-22 5.370064609107898792e-26 1.367613686865313357e-29 2.051996938067125973e-33 2.752129675345733095e-32 1.574372618268734208e-28 5.306472066347704215e-25 1.053831129618433306e-21 1.233131905872614302e-18 8.501781923456923698e-16
8.501776629501003359e-16 3.453671268242863857e-13 8.266355655539570080e-11 1.165770946442989953e-08 9.686790463092620485e-07 4.742589953821152449e-05 1.368112163618206978e-03 2.325363270938396454e-02 2.328774333000183105e-01 1.374147176742553711e+00 4.777538299560546875e+00 9.786836624145507812e+00 1.181266975402832031e+01 8.400811195373535156e+00 3.520144462585449219e+00 8.690962791442871094e-01 1.264277994632720947e-01 1.083631534129381180e-02 5.472565535455942154e-04 1.628425707167480141e-05 2.855001071111473721e-07 2.949290589526754047e-09 1.795125853520929127e-11 6.437785824179795280e-14 1.360332001614650158e-16 1.693662126972098232e-19 1.242440022287244338e-22 5.370060295024823364e-26 1.367612633622375021e-29 2.052057182152605615e-33 2.752127912104206861e-32 1.574371414562518966e-28 5.306467135967046583e-25 1.053830321824866360e-21 1.233131285487154887e-18 8.501776629501003359e-16
8.501768688567122850e-16 3.453668015636346400e-13 8.266348716645666173e-11 1.165769791811044342e-08 9.686781368145602755e-07 4.742585588246583939e-05 1.368110883049666882e-03 2.325361222028732300e-02 2.328771948814392090e-01 1.374145746231079102e+00 4.777532577514648438e+00 9.786828994750976562e+00 1.181265830993652344e+01 8.400805473327636719e+00 3.520141601562500000e+00 8.690954446792602539e-01 1.264277100563049316e-01 1.083630695939064026e-02 5.472560296766459942e-04 1.628424070077016950e-05 2.854997660506342072e-07 2.949288369080704797e-09 1.795123945325105552e-11 6.437779047916217245e-14 1.360330942823466090e-16 1.693660705255420406e-19 1.242439138763030490e-22 5.370055980941747937e-26 1.367611580379436684e-29 2.052054059745736243e-33 2.752127618230619156e-32 1.574370210856303724e-28 5.306463191662520478e-25 1.053829514031299414e-21 1.233129837921082919e-18 8.501768688567122850e-16
8.501762335820018442e-16 3.453665847232001429e-13 8.266342471641152656e-11 1.165768992450466612e-08 9.686773410066962242e-07 4.742581950267776847e-05 1.368109718896448612e-03 2.325359731912612915e-02 2.328770458698272705e-01 1.374144911766052246e+00 4.777530193328857422e+00 9.786821365356445312e+00 1.181264972686767578e+01 8.400798797607421875e+00 3.520138263702392578e+00 8.690947294235229492e-01 1.264275908470153809e-01 1.083629764616489410e-02 5.472557386383414268e-04 1.628422978683374822e-05 2.854996523637964856e-07 2.949286148634655547e-09 1.795122731018672368e-11 6.437773626905354818e-14 1.360329751683384014e-16 1.693659154291771869e-19 1.242437750367837301e-22 5.370052283156254714e-26 1.367610527136498347e-29 2.052021366309103998e-33 2.752120859138101928e-32 1.574369127520710006e-28 5.306459740396060136e-25 1.053828706237732468e-21 1.233128907342893797e-18 8.501762335820018442e-16
8.501758630050874205e-16 3.453663949878199579e-13 8.266339002194200702e-11 1.165768370725572822e-08 9.686771136330207810e-07 4.742579767480492592e-05 1.368108903989195824e-03 2.325358241796493530e-02 2.328769266605377197e-01 1.374144315719604492e+00 4.777526855468750000e+00 9.786815643310546875e+00 1.181264305114746094e+01 8.400796890258789062e+00 3.520137310028076172e+00 8.690944910049438477e-01 1.264275610446929932e-01 1.083629392087459564e-02 5.472555058076977730e-04 1.628422251087613404e-05 2.854995102552493336e-07 2.949284816367025996e-09 1.795121863656934380e-11 6.437772271652639211e-14 1.360328825241097954e-16 1.693658766550859735e-19 1.242437245496857960e-22 5.370051050561090306e-26 1.367609774820113821e-29 2.052025223399942634e-33 2.752124973368329806e-32 1.574368044185116288e-28 5.306456782167665557e-25 1.053828302340948994e-21 1.233128390355010951e-18 8.501758630050874205e-16
8.501757571259690137e-16 3.453663407777113337e-13 8.266337614415419921e-11 1.165768281907730852e-08 9.686769999461830594e-07 4.742579767480492592e-05 1.368108903989195824e-03 2.325358241796493530e-02 2.328769117593765259e-01 1.374143838882446289e+00 4.777526855468750000e+00 9.786815643310546875e+00 1.181264495849609375e+01 8.400794982910156250e+00 3.520137071609497070e+00 8.690943121910095215e-01 1.264275312423706055e-01 1.083629205822944641e-02 5.472553893923759460e-04 1.628422069188673049e-05 2.854994534118304728e-07 2.949284372277816146e-09 1.795122037129281978e-11 6.437772271652639211e-14 1.360329222287791980e-16 1.693658508056918312e-19 1.242437245496857960e-22 5.370049817965925898e-26 1.367609624356836916e-29 2.051992529963310389e-33 2.752121446885277339e-32 1.574368284926359336e-28 5.306456289129599794e-25 1.053827898444165521e-21 1.233128390355010951e-18 8.501757571259690137e-16
8.501759688842058273e-16 3.453663949878199579e-13 8.266339696083591093e-11 1.165768637179098732e-08 9.686771136330207810e-07 4.742580495076254010e-05 1.368109369650483131e-03 2.325358986854553223e-02 2.328769266605377197e-01 1.374144554138183594e+00 4.777527809143066406e+00 9.786817550659179688e+00 1.181264495849609375e+01 8.400794982910156250e+00 3.520137786865234375e+00 8.690945506095886230e-01 1.264275610446929932e-01 1.083629392087459564e-02 5.472555058076977730e-04 1.628421887289732695e-05 2.854995386769587640e-07 2.949284372277816146e-09 1.795122037129281978e-11 6.437772271652639211e-14 1.360329619334486005e-16 1.693658766550859735e-19 1.242437371714602795e-22 5.370049817965925898e-26 1.367609774820113821e-29 2.052053508732759295e-33 2.752122328506040456e-32 1.574368284926359336e-28 5.306457275205731321e-25 1.053828201366753126e-21 1.233128597150164090e-18 8.501759688842058273e-16
8.501761806424426408e-16 3.453665305130915186e-13 8.266341083862371875e-11 1.165768814814782672e-08 9.686773410066962242e-07 4.742582314065657556e-05 1.368109718896448612e-03 2.325359545648097992e-02 2.328770160675048828e-01 1.374144792556762695e+00 4.777528285980224609e+00 9.786821365356445312e+00 1.181264877319335938e+01 8.400798797607421875e+00 3.520138263702392578e+00 8.690946698188781738e-01 1.264276206493377686e-01 1.083629671484231949e-02 5.472557386383414268e-04 1.628422614885494113e-05 2.854996523637964856e-07 2.949285704545445697e-09 1.795122384073977173e-11 6.437775659784428228e-14 1.360329619334486005e-16 1.693659412785713292e-19 1.242437750367837301e-22 5.370052283156254714e-26 1.367610226209944537e-29 2.052052406706805399e-33 2.752124973368329806e-32 1.574369007150088482e-28 5.306458261281862847e-25 1.053828302340948994e-21 1.233129010740470366e-18 8.501761806424426408e-16
8.501769217962714884e-16 3.453668015636346400e-13 8.266348716645666173e-11 1.165769880628886312e-08 9.686783641882357188e-07 4.742585588246583939e-05 1.368110999464988708e-03 2.325361222028732300e-02 2.328771948814392090e-01 1.374146103858947754e+00 4.777533054351806641e+00 9.786828994750976562e+00 1.181266021728515625e+01 8.400805473327636719e+00 3.520141601562500000e+00 8.690956830978393555e-01 1.264277398586273193e-01 1.083630602806806564e-02 5.472560878843069077e-04 1.628424433874897659e-05 2.854998797374719288e-07 2.949288369080704797e-09 1.795124465742148345e-11 6.437779725542575049e-14 1.360330942823466090e-16 1.693660576008449695e-19 1.242439012545285655e-22 5.370056597239330141e-26 1.367611580379436684e-29 2.052019162257196207e-33 2.752119977517338811e-32 1.574370210856303724e-28 5.306463191662520478e-25 1.053829312082907677e-21 1.233129941318659488e-18 8.501769217962714884e-16
8.501790393786396241e-16 3.453676689253726284e-13 8.266369533327377894e-11 1.165772722799829353e-08 9.686807516118278727e-07 4.742597593576647341e-05 1.368114026263356209e-03 2.325367182493209839e-02 2.328777760267257690e-01 1.374149441719055176e+00 4.777544975280761719e+00 9.786851882934570312e+00 1.181268692016601562e+01 8.400827407836914062e+00 3.520150184631347656e+00 8.690977096557617188e-01 1.264280378818511963e-01 1.083633489906787872e-02 5.472574848681688309e-04 1.628428071853704751e-05 2.855005618584982585e-07 2.949295474508062398e-09 1.795128629078490690e-11 6.437796666201520135e-14 1.360334119197018294e-16 1.693664841158483171e-19 1.242442041771161704e-22 5.370069539488556423e-26 1.367614890571528599e-29 2.052025590741927266e-33 2.752133495702373267e-32 1.574374062716192498e-28 5.306476503690296083e-25 1.053832341308783726e-21 1.233133146643533131e-18 8.501790393786396241e-16
8.501869273729609298e-16 3.453708673217814606e-13 8.266446555049711264e-11 1.165783736212233634e-08 9.686898465588456020e-07 4.742642340715974569e-05 1.368127064779400826e-03 2.325389161705970764e-02 2.328799813985824585e-01 1.374162197113037109e+00 4.777588844299316406e+00 9.786945343017578125e+00 1.181279850006103516e+01 8.400904655456542969e+00 3.520183563232421875e+00 8.691056966781616211e-01 1.264292150735855103e-01 1.083643361926078796e-02 5.472625489346683025e-04 1.628443351364694536e-05 2.855031766557658557e-07 2.949323008039073102e-09 1.795145629368555262e-11 6.437856297321006838e-14 1.360347089389023125e-16 1.693680997029822097e-19 1.242453275150452051e-22 5.370120075890297144e-26 1.367627529486788641e-29 2.052020998967119366e-33 2.752154066853512657e-32 1.574388988673261499e-28 5.306526300534938159e-25 1.053841933857391213e-21 1.233144623774532305e-18 8.501869273729609298e-16
8.502131324547666097e-16 3.453814925030718186e-13 8.266699824677203878e-11 1.165819440984705579e-08 9.687196325103286654e-07 4.742787859868258238e-05 1.368169439956545830e-03 2.325460314750671387e-02 2.328871190547943115e-01 1.374204397201538086e+00 4.777736663818359375e+00 9.787244796752929688e+00 1.181316184997558594e+01 8.401163101196289062e+00 3.520291328430175781e+00 8.691325187683105469e-01 1.264330893754959106e-01 1.083676796406507492e-02 5.472793709486722946e-04 1.628493555472232401e-05 2.855119873856892809e-07 2.949414046327092365e-09 1.795200446630396129e-11 6.438054841843843246e-14 1.360388514594099781e-16 1.693732695818106662e-19 1.242491519127137166e-22 5.370285243642327794e-26 1.367669659204322111e-29 2.052127711813654952e-33 2.752243992171350562e-32 1.574437136921871180e-28 5.306689496134705756e-25 1.053874245600069066e-21 1.233182363889980036e-18 8.502131324547666097e-16
8.502918006397428528e-16 3.454134764671601410e-13 8.267466572453585627e-11 1.165927443480541115e-08 9.688091040516155772e-07 4.743226236314512789e-05 1.368295634165406227e-03 2.325675636529922485e-02 2.329086661338806152e-01 1.374331474304199219e+00 4.778178215026855469e+00 9.788149833679199219e+00 1.181425476074218750e+01 8.401939392089843750e+00 3.520617485046386719e+00 8.692128658294677734e-01 1.264447867870330811e-01 1.083776820451021194e-02 5.473300698213279247e-04 1.628644167794845998e-05 2.855384479971689871e-07 2.949686273012730453e-09 1.795366633139394708e-11 6.438649797785994666e-14 1.360514643093901866e-16 1.693889343146608891e-19 1.242606755928171851e-22 5.370781979493584149e-26 1.367795897893645619e-29 2.052324974459402317e-33 2.752498780571891293e-32 1.574582905744536989e-28 5.307180069010140073e-25 1.053971887647473702e-21 1.233296514814512354e-18 8.502918006397428528e-16
8.505088528324767673e-16 3.455016763138918368e-13 8.269576690089763815e-11 1.166225160886824597e-08 9.690566002973355353e-07 4.744437683257274330e-05 1.368645112961530685e-03 2.326269447803497314e-02 2.329681515693664551e-01 1.374682664871215820e+00 4.779397964477539062e+00 9.790649414062500000e+00 1.181727409362792969e+01 8.404088020324707031e+00 3.521516323089599609e+00 8.694348335266113281e-01 1.264770925045013428e-01 1.084053888916969299e-02 5.474698264151811600e-04 1.629059988772496581e-05 2.856113212601485429e-07 2.950439892401846009e-09 1.795825294026442975e-11 6.440293719330025812e-14 1.360862191300072147e-16 1.694322320498492117e-19 1.242924193556432786e-22 5.372152009018823454e-26 1.368145424085896521e-29 2.052817212718809150e-33 2.753194673227578087e-32 1.574985063991049349e-28 5.308535923690988687e-25 1.054240882905266825e-21 1.233611463832741920e-18 8.505088528324767673e-16
8.510599536437840965e-16 3.457255098524014691e-13 8.274934903962360977e-11 1.166980645450621523e-08 9.696843790152342990e-07 4.747511411551386118e-05 1.369531732052564621e-03 2.327776700258255005e-02 2.331191003322601318e-01 1.375573158264160156e+00 4.782495021820068359e+00 9.796993255615234375e+00 1.182492828369140625e+01 8.409532546997070312e+00 3.523797512054443359e+00 8.699981570243835449e-01 1.265590190887451172e-01 1.084756106138229370e-02 5.478244856931269169e-04 1.630115184525493532e-05 2.857963750102499034e-07 2.952351252361040679e-09 1.796988599589433022e-11 6.444466542441379397e-14 1.361743767309706661e-16 1.695419885773773415e-19 1.243729210332992724e-22 5.375633474060693372e-26 1.369031953713422270e-29 2.054180418823778372e-33 2.754986126618231254e-32 1.576005205008466963e-28 5.311975357237752298e-25 1.054924074314511672e-21 1.234410727099621283e-18 8.510599536437840965e-16
8.523462261137489549e-16 3.462480410894308580e-13 8.287440178555982584e-11 1.168744567792145972e-08 9.711498023534659296e-07 4.754686233354732394e-05 1.371601829305291176e-03 2.331294678151607513e-02 2.334714084863662720e-01 1.377652168273925781e+00 4.789722442626953125e+00 9.811800956726074219e+00 1.184280204772949219e+01 8.422242164611816406e+00 3.529123544692993164e+00 8.713130950927734375e-01 1.267503350973129272e-01 1.086395513266324997e-02 5.486524314619600773e-04 1.632579369470477104e-05 2.862282713067543227e-07 2.956813904830823958e-09 1.799704829608117507e-11 6.454206743708446048e-14 1.363801925022636603e-16 1.697982594709039264e-19 1.245609097424570604e-22 5.383758741384469794e-26 1.371101124697423307e-29 2.057273622005371832e-33 2.759147964367317562e-32 1.578387459979052449e-28 5.320003496062573383e-25 1.056518355893076095e-21 1.236276432971234636e-18 8.523462261137489549e-16
8.551049594833970077e-16 3.473686995599661875e-13 8.314264554609707147e-11 1.172527142045964865e-08 9.742931297296308912e-07 4.770075975102372468e-05 1.376040978357195854e-03 2.338840067386627197e-02 2.342270612716674805e-01 1.382110953330993652e+00 4.805225372314453125e+00 9.843557357788085938e+00 1.188113307952880859e+01 8.449501037597656250e+00 3.540545940399169922e+00 8.741331100463867188e-01 1.271605491638183594e-01 1.089911907911300659e-02 5.504281725734472275e-04 1.637863169889897108e-05 2.871547621907666326e-07 2.966383583213882957e-09 1.805529684095752430e-11 6.475096609066810505e-14 1.368216025469015575e-16 1.703477658915805596e-19 1.249640492194612063e-22 5.401182706628538892e-26 1.375538587659913022e-29 2.063916450784463968e-33 2.768075256214637425e-32 1.583495989156539592e-28 5.337221864433219255e-25 1.059937847036155720e-21 1.240277712389306770e-18 8.551049594833970077e-16
8.603681045802800097e-16 3.495067191390532901e-13 8.365437509372242175e-11 1.179744035795238233e-08 9.802899967326084152e-07 4.799435555469244719e-05 1.384510658681392670e-03 2.353236079216003418e-02 2.356687486171722412e-01 1.390617847442626953e+00 4.834801673889160156e+00 9.904144287109375000e+00 1.195425987243652344e+01 8.501506805419921875e+00 3.562338352203369141e+00 8.795134425163269043e-01 1.279432177543640137e-01 1.096620038151741028e-02 5.538162076845765114e-04 1.647944009164348245e-05 2.889221946134057362e-07 2.984641866987658432e-09 1.816642669627555051e-11 6.514950525674662041e-14 1.376637253500397431e-16 1.713962819414768779e-19 1.257331949129389346e-22 5.434428263402946908e-26 1.384005156251371598e-29 2.076622075348914368e-33 2.785118161060034360e-32 1.593242278010732724e-28 5.370072990755016765e-25 1.066461991779597641e-21 1.247911762262558662e-18 8.603681045802800097e-16
8.694959433781291637e-16 3.532147989891709638e-13 8.454189431850167580e-11 1.192260334903494368e-08 9.906900686473818496e-07 4.850354162044823170e-05 1.399199012666940689e-03 2.378202229738235474e-02 2.381690144538879395e-01 1.405371189117431641e+00 4.886095046997070312e+00 1.000921821594238281e+01 1.208108520507812500e+01 8.591701507568359375e+00 3.600131750106811523e+00 8.888443708419799805e-01 1.293005943298339844e-01 1.108254399150609970e-02 5.596916889771819115e-04 1.665427589614409953e-05 2.919874191320559476e-07 3.016306315828387596e-09 1.835915794390352573e-11 6.584068414170612948e-14 1.391242483791225721e-16 1.732146834218098555e-19 1.270671523927804238e-22 5.492082902218123201e-26 1.398688416054724503e-29 2.098643492643631397e-33 2.814660685084900090e-32 1.610145322538268823e-28 5.427045018368144001e-25 1.077776150426639481e-21 1.261151098159199577e-18 8.694959433781291637e-16
8.841536367721280175e-16 3.591691831103527299e-13 8.596708067631908534e-11 1.212359101998572442e-08 1.007390892482362688e-06 4.932120646117255092e-05 1.422786619514226913e-03 2.418293058872222900e-02 2.421839833259582520e-01 1.429062843322753906e+00 4.968464374542236328e+00 1.017795181274414062e+01 1.228474617004394531e+01 8.736537933349609375e+00 3.660821914672851562e+00 9.038282632827758789e-01 1.314803212881088257e-01 1.126937381923198700e-02 5.691268015652894974e-04 1.693502963462378830e-05 2.969096613014698960e-07 3.067154974445429616e-09 1.866865169397602386e-11 6.695062256326100858e-14 1.414695634960615222e-16 1.761346697582132567e-19 1.292092189839303175e-22 5.584666822802288607e-26 1.422267064788715953e-29 2.134051035529329540e-33 2.862114216533245014e-32 1.637289018062597953e-28 5.518532668813085082e-25 1.095945043334396023e-21 1.282411397660614064e-18 8.841536367721280175e-16
9.040042774075061731e-16 3.672330451884309177e-13 8.789717564905430436e-11 1.239578217848702479e-08 1.030008320412889589e-06 5.042853445047512650e-05 1.454730168916285038e-03 2.472587302327156067e-02 2.476213872432708740e-01 1.461147427558898926e+00 5.080014228820800781e+00 1.040646362304687500e+01 1.256055641174316406e+01 8.932687759399414062e+00 3.743012905120849609e+00 9.241206645965576172e-01 1.344322562217712402e-01 1.152238622307777405e-02 5.819045472890138626e-04 1.731524753267876804e-05 3.035757458746957127e-07 3.136017001637014801e-09 1.908779037607111206e-11 6.845376045519491193e-14 1.446457782295875382e-16 1.800891746975849303e-19 1.321101319005793739e-22 5.710051333306510802e-26 1.454198983266656324e-29 2.181982368697085261e-33 2.926373202968120772e-32 1.674048400316766454e-28 5.642432148663228722e-25 1.120550637331972547e-21 1.311203280036900436e-18 9.040042774075061731e-16
9.304356228892213948e-16 3.779702787733152380e-13 9.046711990645661672e-11 1.275821315260827760e-08 1.060123850038507953e-06 5.190297088120132685e-05 1.497263670898973942e-03 2.544881030917167664e-02 2.548613250255584717e-01 1.503868579864501953e+00 5.228543281555175781e+00 1.071072864532470703e+01 1.292780113220214844e+01 9.193861007690429688e+00 3.852451324462890625e+00 9.511401653289794922e-01 1.383627951145172119e-01 1.185927912592887878e-02 5.989183555357158184e-04 1.782151230145245790e-05 3.124516751995543018e-07 3.227708322839362154e-09 1.964588214331541849e-11 7.045522477065746525e-14 1.488749343258894547e-16 1.853546187361853702e-19 1.359727861675504373e-22 5.877001417944893872e-26 1.496717046517819566e-29 2.245722080502485274e-33 3.011931265419133263e-32 1.722994345035288239e-28 5.807405643695967395e-25 1.153313330768572972e-21 1.349540413091742472e-18 9.304356228892213948e-16
9.627984224632032614e-16 3.911169890562227192e-13 9.361378339178827446e-11 1.320197462462147087e-08 1.096997493732487783e-06 5.370827420847490430e-05 1.549342181533575058e-03 2.633398026227951050e-02 2.637260556221008301e-01 1.556176781654357910e+00 5.410404205322265625e+00 1.108327293395996094e+01 1.337746238708496094e+01 9.513647079467773438e+00 3.986448287963867188e+00 9.842231273651123047e-01 1.431753933429718018e-01 1.227177307009696960e-02 6.197501206770539284e-04 1.844138751039281487e-05 3.233195684515521862e-07 3.339975407357087533e-09 2.032921574135482246e-11 7.290581983607213878e-14 1.540531643698102131e-16 1.918016902798178102e-19 1.407022660407273156e-22 6.081418697795781780e-26 1.548776588010652508e-29 2.323898883316898452e-33 3.116698668804108165e-32 1.782924349709136526e-28 6.009401367086859678e-25 1.193428460277322897e-21 1.396480638107442271e-18 9.627984224632032614e-16
9.989084957958381528e-16 4.057859733994084728e-13 9.712479431822629294e-11 1.369711810639273608e-08 1.138140760303940624e-06 5.572262307396158576e-05 1.607450656592845917e-03 2.732164599001407623e-02 2.736171483993530273e-01 1.614541530609130859e+00 5.613323688507080078e+00 1.149895477294921875e+01 1.387918853759765625e+01 9.870458602905273438e+00 4.135961532592773438e+00 1.021136760711669922e+00 1.485452353954315186e-01 1.273203082382678986e-02 6.429941859096288681e-04 1.913303640321828425e-05 3.354457476234529167e-07 3.465242315314753796e-09 2.109166660768657664e-11 7.564017771508058097e-14 1.598309613914890076e-16 1.989952794015822865e-19 1.459793542216468949e-22 6.309504269993628857e-26 1.606863989302863689e-29 2.411061238417394123e-33 3.233591884164990374e-32 1.849793600343233549e-28 6.234785830241423434e-25 1.238188402796014140e-21 1.448856060133074878e-18 9.989084957958381528e-16
1.035034133358878842e-15 4.204612732202489545e-13 1.006373387402170749e-10 1.419247830369840813e-08 1.179301762022078037e-06 5.773785233031958342e-05 1.665584626607596874e-03 2.830974012613296509e-02 2.835126221179962158e-01 1.672931909561157227e+00 5.816331386566162109e+00 1.191481685638427734e+01 1.438113117218017578e+01 1.022742652893066406e+01 4.285539627075195312e+00 1.058066368103027344e+00 1.539173722267150879e-01 1.319248694926500320e-02 6.662480882368981838e-04 1.982498724828474224e-05 3.475771848115982721e-07 3.590563624200626691e-09 2.185445054092571837e-11 7.837572144021517917e-14 1.656112995120095650e-16 2.061920092247350501e-19 1.512587143219735108e-22 6.537688449804628561e-26 1.664976367499041142e-29 2.498199716288888716e-33 3.350533294794256296e-32 1.916691739926496379e-28 6.460267914933008291e-25 1.282967631386116226e-21 1.501254333023129261e-18 1.035034133358878842e-15
1.066409610153717415e-15 4.332069371195540475e-13 1.036880026283881762e-10 1.462270127206011239e-08 1.215050588143640198e-06 5.948808393441140652e-05 1.716074068099260330e-03 2.916790544986724854e-02 2.921068668365478516e-01 1.723644375801086426e+00 5.992644309997558594e+00 1.227599716186523438e+01 1.481707382202148438e+01 1.053745460510253906e+01 4.415449619293212891e+00 1.090139985084533691e+00 1.585831642150878906e-01 1.359239686280488968e-02 6.864444585517048836e-04 2.042595224338583648e-05 3.581134819796716329e-07 3.699406114776593313e-09 2.251693276278388112e-11 8.075155398957339914e-14 1.706315446763775954e-16 2.124423927283388655e-19 1.558439020692546034e-22 6.735868798123612844e-26 1.715447769104139141e-29 2.573995041016932867e-33 3.452102471924231460e-32 1.974793194488770511e-28 6.656102634654124472e-25 1.321858852666746614e-21 1.546762605000923201e-18 1.066409610153717415e-15
1.088222084974054937e-15 4.420677691095720174e-13 1.058088477945418049e-10 1.492179535489412956e-08 1.239903326677449513e-06 6.070485687814652920e-05 1.751174917444586754e-03 2.976451069116592407e-02 2.980816364288330078e-01 1.758899688720703125e+00 6.115218162536621094e+00 1.252708911895751953e+01 1.512014579772949219e+01 1.075298881530761719e+01 4.505763530731201172e+00 1.112437844276428223e+00 1.618268191814422607e-01 1.387041620910167694e-02 7.004850776866078377e-04 2.084374500554986298e-05 3.654383817774942145e-07 3.775074031153735632e-09 2.297749837620877145e-11 8.240326146045570677e-14 1.741216512913103340e-16 2.167877017330506313e-19 1.590315438368461514e-22 6.873645204113209167e-26 1.750535654815167189e-29 2.626645616661255440e-33 3.522710303347898392e-32 2.015185963953647057e-28 6.792246221829429742e-25 1.348896511146006760e-21 1.578399988684391989e-18 1.088222084974054937e-15
1.096806022740648423e-15 4.455548343468285211e-13 1.066434787699854780e-10 1.503950031178646896e-08 1.249683691639802419e-06 6.118370220065116882e-05 1.764988410286605358e-03 2.999929338693618774e-02 3.004329204559326172e-01 1.772774100303649902e+00 6.163455009460449219e+00 1.262590408325195312e+01 1.523941230773925781e+01 1.083780956268310547e+01 4.541305065155029297e+00 1.121212840080261230e+00 1.631033271551132202e-01 1.397982798516750336e-02 7.060104981064796448e-04 2.100816345773637295e-05 3.683209399696352193e-07 3.804852433120231581e-09 2.315874575442578021e-11 8.305325421538792274e-14 1.754951416850627837e-16 2.184977684025333046e-19 1.602859967592158461e-22 6.927863983907598631e-26 1.764343970663316049e-29 2.647302725825049351e-33 3.550494875571109391e-32 2.031081626749647108e-28 6.845823682359777811e-25 1.359536566061431899e-21 1.590850607866963592e-18 1.096806022740648423e-15
1.090657622334766270e-15 4.430572120121822888e-13 1.060456722434821586e-10 1.495519263983169367e-08 1.242678422386234161e-06 6.084072811063379049e-05 1.755094504915177822e-03 2.983113192021846771e-02 2.987488210201263428e-01 1.762836575508117676e+00 6.128904342651367188e+00 1.255512714385986328e+01 1.515398693084716797e+01 1.077705574035644531e+01 4.515848636627197266e+00 1.114927530288696289e+00 1.621890366077423096e-01 1.390146091580390930e-02 7.020528428256511688e-04 2.089039844577200711e-05 3.662562733097729506e-07 3.783523272460342923e-09 2.302892772310105585e-11 8.258768424999549107e-14 1.745113790912759181e-16 2.172729207104954089e-19 1.593874778772818719e-22 6.889028608062601102e-26 1.754453568082503067e-29 2.632525108796282354e-33 3.530596694947565119e-32 2.019696251142158915e-28 6.807448064511104403e-25 1.351915437654076880e-21 1.581932877080605970e-18 1.090657622334766270e-15
1.070859074225644254e-15 4.350144918764675683e-13 1.041206287855089840e-10 1.468371202406615339e-08 1.220120225298160221e-06 5.973628867650404572e-05 1.723234308883547783e-03 2.928960323333740234e-02 2.933256030082702637e-01 1.730835914611816406e+00 6.017647266387939453e+00 1.232721519470214844e+01 1.487889671325683594e+01 1.058141994476318359e+01 4.433872222900390625e+00 1.094688653945922852e+00 1.592448353767395020e-01 1.364911161363124847e-02 6.893085082992911339e-04 2.051117553492076695e-05 3.596076112444279715e-07 3.714841767532561789e-09 2.261088365151930901e-11 8.108848336720042571e-14 1.713434891034346357e-16 2.133287943028718615e-19 1.564941380253229372e-22 6.763973200467275797e-26 1.722605156723245112e-29 2.584735202292609939e-33 3.466503747089743009e-32 1.983033045014588251e-28 6.683873496746298666e-25 1.327374366167660192e-21 1.553216268140061923e-18 1.070859074225644254e-15
1.040769181686500896e-15 4.227910068484858064e-13 1.011949621321228676e-10 1.427111850915707691e-08 1.185836254080641083e-06 5.805777254863642156e-05 1.674813451245427132e-03 2.846660092473030090e-02 2.850835025310516357e-01 1.682201504707336426e+00 5.848559379577636719e+00 1.198083496093750000e+01 1.446081829071044922e+01 1.028409481048583984e+01 4.309285163879394531e+00 1.063928961753845215e+00 1.547702252864837646e-01 1.326558645814657211e-02 6.699397345073521137e-04 1.993483419937547296e-05 3.495030966860213084e-07 3.610458598757304571e-09 2.197554638261323134e-11 7.880999184414066994e-14 1.665289538312411926e-16 2.073345007470356350e-19 1.520968127694547973e-22 6.573913189091410305e-26 1.674201872859209812e-29 2.512039876572874940e-33 3.369093175099389394e-32 1.927312039863576743e-28 6.496064450659674754e-25 1.290076618672027281e-21 1.509572668058115646e-18 1.040769181686500896e-15
1.005089824607544816e-15 4.082969856308849010e-13 9.772582049150102534e-11 1.378187786116313873e-08 1.145183659900794737e-06 5.606743798125535250e-05 1.617397763766348362e-03 2.749071829020977020e-02 2.753103673458099365e-01 1.624532580375671387e+00 5.648059368133544922e+00 1.157011032104492188e+01 1.396507358551025391e+01 9.931536674499511719e+00 4.161555290222167969e+00 1.027455568313598633e+00 1.494644284248352051e-01 1.281081605702638626e-02 6.469730287790298462e-04 1.925143442349508405e-05 3.375215271717024734e-07 3.486685828946178844e-09 2.122218199784864368e-11 7.610824134546972930e-14 1.608200179411962125e-16 2.002266540656411085e-19 1.468826567561101294e-22 6.348548570718993514e-26 1.616807354957147320e-29 2.425982486162152219e-33 3.253599385763161118e-32 1.861240244597077561e-28 6.273368031039651596e-25 1.245850324778499948e-21 1.457821663997384006e-18 1.005089824607544816e-15
9.686790545786346483e-16 3.935058659129686554e-13 9.418556906615194180e-11 1.328260967881078614e-08 1.103697854887286667e-06 5.403632530942559242e-05 1.558805350214242935e-03 2.649482712149620056e-02 2.653368711471557617e-01 1.565681815147399902e+00 5.443451881408691406e+00 1.115096855163574219e+01 1.345917129516601562e+01 9.571754455566406250e+00 4.010797500610351562e+00 9.902348518371582031e-01 1.440498977899551392e-01 1.234672777354717255e-02 6.235355976969003677e-04 1.855402479122858495e-05 3.252943372444860870e-07 3.360375755434574785e-09 2.045338030887133840e-11 7.335113554962982563e-14 1.549941385648709357e-16 1.929732106717401780e-19 1.415616574217623276e-22 6.118563569372793969e-26 1.558236665619516468e-29 2.338094814313000734e-33 3.135733448826973467e-32 1.793814400209052627e-28 6.046106078930661831e-25 1.200717787477054717e-21 1.405010317788935954e-18 9.686790545786346483e-16
9.354902920019614321e-16 3.800236492677855349e-13 9.095859482277646180e-11 1.282752482012483597e-08 1.065882997863809578e-06 5.218494698056019843e-05 1.505397958680987358e-03 2.558706700801849365e-02 2.562459409236907959e-01 1.512038707733154297e+00 5.256948471069335938e+00 1.076891803741455078e+01 1.299803638458251953e+01 9.243807792663574219e+00 3.873380661010742188e+00 9.563073515892028809e-01 1.391144543886184692e-01 1.192370802164077759e-02 6.021720473654568195e-04 1.791832983144558966e-05 3.141491333735757507e-07 3.245243185290291876e-09 1.975261100517489155e-11 7.083797524259916045e-14 1.496837316765091039e-16 1.863615689603008989e-19 1.367115133845228434e-22 5.908929946786132121e-26 1.504848232465056332e-29 2.257941895292259900e-33 3.028289444805176216e-32 1.732354966418117826e-28 5.838956135600281762e-25 1.159578981570592072e-21 1.356871921655953094e-18 9.354902920019614321e-16
9.079815206113387403e-16 3.688487503709231285e-13 8.828388020631905420e-11 1.245032166252713068e-08 1.034539877764473204e-06 5.065040386398322880e-05 1.461130450479686260e-03 2.483466081321239471e-02 2.487108558416366577e-01 1.467575669288635254e+00 5.102364540100097656e+00 1.045224952697753906e+01 1.261581516265869141e+01 8.971986770629882812e+00 3.759480476379394531e+00 9.281865358352661133e-01 1.350237131118774414e-01 1.157308090478181839e-02 5.844647530466318130e-04 1.739142498990986496e-05 3.049113388442492578e-07 3.149814187253241471e-09 1.917177007426662527e-11 6.875492471365707292e-14 1.452821249661021322e-16 1.808814844774400194e-19 1.326913646155462154e-22 5.735172239054724600e-26 1.460596982727221483e-29 2.191583769820403243e-33 2.939245453856800232e-32 1.681413637906589341e-28 5.667257108312468201e-25 1.125480803419437651e-21 1.316972037628845251e-18 9.079815206113387403e-16
8.864173323236651351e-16 3.600887762880006226e-13 8.618718239095102263e-11 1.215463019121898469e-08 1.009970219456590712e-06 4.944747706758789718e-05 1.426429022103548050e-03 2.424484677612781525e-02 2.428040951490402222e-01 1.432721853256225586e+00 4.981184959411621094e+00 1.020401382446289062e+01 1.231620025634765625e+01 8.758906364440917969e+00 3.670195102691650391e+00 9.061424136161804199e-01 1.318169683218002319e-01 1.129822526127099991e-02 5.705838557332754135e-04 1.697839252301491797e-05 2.976698851853143424e-07 3.075007581898603348e-09 1.871645199935656478e-11 6.712202815046738880e-14 1.418317759601311423e-16 1.765856124390253682e-19 1.295400483149182845e-22 5.598964926709419446e-26 1.425908727479653787e-29 2.139515247550730017e-33 2.869442248316271155e-32 1.641480804586556772e-28 5.532662153701724930e-25 1.098751015263379920e-21 1.285694580909413600e-18 8.864173323236651351e-16
8.726067777560389885e-16 3.544784366212028193e-13 8.484436070377299188e-11 1.196525900581946189e-08 9.942344831870286725e-07 4.867706957156769931e-05 1.404205104336142540e-03 2.386710047721862793e-02 2.390211224555969238e-01 1.410399556159973145e+00 4.903576374053955078e+00 1.004502868652343750e+01 1.212430381774902344e+01 8.622438430786132812e+00 3.613010883331298828e+00 8.920243978500366211e-01 1.297631859779357910e-01 1.112219505012035370e-02 5.616940325126051903e-04 1.671386417001485825e-05 2.930321159055893077e-07 3.027097683627744118e-09 1.842483804415095960e-11 6.607624061620576139e-14 1.396219993496426812e-16 1.738343709475827847e-19 1.275217382225794631e-22 5.511731701733948434e-26 1.403692222791485590e-29 2.106121106082799673e-33 2.824728206452517571e-32 1.615905658631309521e-28 5.446460364359830391e-25 1.081632153018457721e-21 1.265663265003099774e-18 8.726067777560389885e-16
8.629475316629061678e-16 3.505546547488691544e-13 8.390520916945476415e-11 1.183281117533852012e-08 9.832285741140367463e-07 4.813825216842815280e-05 1.388661679811775684e-03 2.360291779041290283e-02 2.363753020763397217e-01 1.394787311553955078e+00 4.849297523498535156e+00 9.933839797973632812e+00 1.199009895324707031e+01 8.526994705200195312e+00 3.573018074035644531e+00 8.821504116058349609e-01 1.283267885446548462e-01 1.099908072501420975e-02 5.554765230044722557e-04 1.652884930081199855e-05 2.897884314734255895e-07 2.993590264566137193e-09 1.822089180925079432e-11 6.534483783064704010e-14 1.380764686233690026e-16 1.719101678970254463e-19 1.261101820732131935e-22 5.450720089988507414e-26 1.388154482038587754e-29 2.082875705295288938e-33 2.793465346445223424e-32 1.598019306496542214e-28 5.386173641830577616e-25 1.069659238717571160e-21 1.251653100173136006e-18 8.629475316629061678e-16
8.568870109253016489e-16 3.480926755606433831e-13 8.331591666577153887e-11 1.174970876149927790e-08 9.763238040250143968e-07 4.780016752192750573e-05 1.378908869810402393e-03 2.343714982271194458e-02 2.347152680158615112e-01 1.384991645812988281e+00 4.815240859985351562e+00 9.864072799682617188e+00 1.190589332580566406e+01 8.467113494873046875e+00 3.547925233840942383e+00 8.759549856185913086e-01 1.274255812168121338e-01 1.092183217406272888e-02 5.515754455700516701e-04 1.641276321606710553e-05 2.877532665479520801e-07 2.972565749104205679e-09 1.809292646259841320e-11 6.488590860356108214e-14 1.371067482476608372e-16 1.707028202448218756e-19 1.252245121577034591e-22 5.412439998265075612e-26 1.378405514938065709e-29 2.068249616835182625e-33 2.773848990592288796e-32 1.586796310857490169e-28 5.348345789272967047e-25 1.062146960493362157e-21 1.242862651803534981e-18 8.568870109253016489e-16
8.534868089167860737e-16 3.467114019928968505e-13 8.298532694350768679e-11 1.170308649989237892e-08 9.724494702822994441e-07 4.761049785884097219e-05 1.373437000438570976e-03 2.334414236247539520e-02 2.337838411331176758e-01 1.379495859146118164e+00 4.796133041381835938e+00 9.824930191040039062e+00 1.185864830017089844e+01 8.433511734008789062e+00 3.533845663070678711e+00 8.724790811538696289e-01 1.269199550151824951e-01 1.087849587202072144e-02 5.493867793120443821e-04 1.634763975744135678e-05 2.866113391064573079e-07 2.960770739690588016e-09 1.802112972737468510e-11 6.462843091638650894e-14 1.365627016326173603e-16 1.700254497960204439e-19 1.247275928962866393e-22 5.390962643822851362e-26 1.372935873896005960e-29 2.059959442926008443e-33 2.762835490145847078e-32 1.580499362533694578e-28 5.327122472694127251e-25 1.057932095609428017e-21 1.237930794196340692e-18 8.534868089167860737e-16
8.517094161560913312e-16 3.459893775561301288e-13 8.281249297414916555e-11 1.167870955498528929e-08 9.704242529551265761e-07 4.751134110847488046e-05 1.370576908811926842e-03 2.329553104937076569e-02 2.332970052957534790e-01 1.376622796058654785e+00 4.786145210266113281e+00 9.804470062255859375e+00 1.183395290374755859e+01 8.415948867797851562e+00 3.526486396789550781e+00 8.706620931625366211e-01 1.266555935144424438e-01 1.085583865642547607e-02 5.482426495291292667e-04 1.631359555176459253e-05 2.860144832084188238e-07 2.954604561011819897e-09 1.798359378080149895e-11 6.449383399293601160e-14 1.362782970856869281e-16 1.696713130962711790e-19 1.244678367774154646e-22 5.379736783363007041e-26 1.370076770708252346e-29 2.055743091626402750e-33 2.757088204391089209e-32 1.577207707517493743e-28 5.316026157986062194e-25 1.055728939629777808e-21 1.235352782419742612e-18 8.517094161560913312e-16
8.507794798591245163e-16 3.456116144141818669e-13 8.272208612547515827e-11 1.166596241830575309e-08 9.693649190012365580e-07 4.745947080664336681e-05 1.369080739095807076e-03 2.327009662985801697e-02 2.330422848463058472e-01 1.375120162963867188e+00 4.780919075012207031e+00 9.793766975402832031e+00 1.182103347778320312e+01 8.406760215759277344e+00 3.522636651992797852e+00 8.697114586830139160e-01 1.265173405408859253e-01 1.084398757666349411e-02 5.476441001519560814e-04 1.629578400752507150e-05 2.857022423086164054e-07 2.951379141080678892e-09 1.796396711939429736e-11 6.442343539062381219e-14 1.361294839847661882e-16 1.694861280366358699e-19 1.243319633751001975e-22 5.373863467404603727e-26 1.368580864809260322e-29 2.053502672862132397e-33 2.754077469485045625e-32 1.575486046517833078e-28 5.310224086028161652e-25 1.054576521132333020e-21 1.234003754238245193e-18 8.507794798591245163e-16
8.503954562966630978e-16 3.454555977215612028e-13 8.268474793737823347e-11 1.166069374392009195e-08 9.689275657365215011e-07 4.743805402540601790e-05 1.368462690152227879e-03 2.325959503650665283e-02 2.329370677471160889e-01 1.374499320983886719e+00 4.778761863708496094e+00 9.789343833923339844e+00 1.181569766998291016e+01 8.402965545654296875e+00 3.521046638488769531e+00 8.693190217018127441e-01 1.264602243900299072e-01 1.083909254521131516e-02 5.473967175930738449e-04 1.628842437639832497e-05 2.855732645912212320e-07 2.950045985272709004e-09 1.795585555242062981e-11 6.439434489108331050e-14 1.360680343914208489e-16 1.694096138299747148e-19 1.242758343439719121e-22 5.371437103823466912e-26 1.367963062594287354e-29 2.052537665468504225e-33 2.752828506737296945e-32 1.574775017256489616e-28 5.307827921028552829e-25 1.054100225850422298e-21 1.233446958288420436e-18 8.503954562966630978e-16
8.502496607506169514e-16 3.453962918627262457e-13 8.267055789934474319e-11 1.165869623065418637e-08 9.687610145192593336e-07 4.742991222883574665e-05 1.368227880448102951e-03 2.325560525059700012e-02 2.328971326351165771e-01 1.374263286590576172e+00 4.777941226959228516e+00 9.787664413452148438e+00 1.181366920471191406e+01 8.401523590087890625e+00 3.520442724227905273e+00 8.691698312759399414e-01 1.264385282993316650e-01 1.083723269402980804e-02 5.473029450513422489e-04 1.628563040867447853e-05 2.855242939858726459e-07 2.949540167662689782e-09 1.795277815297424695e-11 6.438330635771469246e-14 1.360446880458121522e-16 1.693805461862617186e-19 1.242545035450947359e-22 5.370515738938072058e-26 1.367728640808868971e-29 2.052179139691503427e-33 2.752362423227195908e-32 1.574504785211167782e-28 5.306917279721088323e-25 1.053919583014013928e-21 1.233235510244336568e-18 8.502496607506169514e-16
8.501986799551040832e-16 3.453756649163947090e-13 8.266561046799125734e-11 1.165799812241630207e-08 9.687032616056967527e-07 4.742707460536621511e-05 1.368145924061536789e-03 2.325421012938022614e-02 2.328832000494003296e-01 1.374181270599365234e+00 4.777656555175781250e+00 9.787080764770507812e+00 1.181296348571777344e+01 8.401023864746093750e+00 3.520231962203979492e+00 8.691177368164062500e-01 1.264309287071228027e-01 1.083658449351787567e-02 5.472700577229261398e-04 1.628465906833298504e-05 2.855071841167955426e-07 2.949363864246379308e-09 1.795170088969566535e-11 6.437943711121163481e-14 1.360365618234744313e-16 1.693704261484550151e-19 1.242470566981494496e-22 5.370194031600161614e-26 1.367646638322955608e-29 2.052023019348034842e-33 2.752193445914265204e-32 1.574410655385135856e-28 5.306599763206736866e-25 1.053856575115792115e-21 1.233161477579513072e-18 8.501986799551040832e-16
8.501824275104286413e-16 3.453691054932511717e-13 8.266401452239335867e-11 1.165777341327611794e-08 9.686845032774726860e-07 4.742616147268563509e-05 1.368119963444769382e-03 2.325376868247985840e-02 2.328787147998809814e-01 1.374154806137084961e+00 4.777564525604248047e+00 9.786893844604492188e+00 1.181273651123046875e+01 8.400859832763671875e+00 3.520164489746093750e+00 8.691011667251586914e-01 1.264285296201705933e-01 1.083637587726116180e-02 5.472595803439617157e-04 1.628434438316617161e-05 2.855017555702943355e-07 2.949307464916728350e-09 1.795135741444742195e-11 6.437821738376758862e-14 1.360339677850734650e-16 1.693671691247930876e-19 1.242446838045465447e-22 5.370091726201515764e-26 1.367620307249497189e-29 2.052053141390774663e-33 2.752144956772293785e-32 1.574380562729754805e-28 5.306498197365189661e-25 1.053836380276618458e-21 1.233138006329631880e-18 8.501824275104286413e-16
8.501776629501003359e-16 3.453670997192320735e-13 8.266358431097131643e-11 1.165771124078673893e-08 9.686792736829374917e-07 4.742589953821152449e-05 1.368112163618206978e-03 2.325363643467426300e-02 2.328774034976959229e-01 1.374147415161132812e+00 4.777538299560546875e+00 9.786836624145507812e+00 1.181267166137695312e+01 8.400814056396484375e+00 3.520145416259765625e+00 8.690963983535766602e-01 1.264278441667556763e-01 1.083631720393896103e-02 5.472566699609160423e-04 1.628425889066420496e-05 2.855001639545662329e-07 2.949291477705173747e-09 1.795126026993276724e-11 6.437786501806153083e-14 1.360332266312446175e-16 1.693662385466039654e-19 1.242440148504989173e-22 5.370061527619987772e-26 1.367613085012205736e-29 2.052053325061766979e-33 2.752127324357031450e-32 1.574371655303762014e-28 5.306468615081243873e-25 1.053830523773258097e-21 1.233131285487154887e-18 8.501776629501003359e-16
8.501764453402386578e-16 3.453666389333087672e-13 8.266344553309323828e-11 1.165769170086150552e-08 9.686776820672093891e-07 4.742583041661418974e-05 1.368110417388379574e-03 2.325360476970672607e-02 2.328771054744720459e-01 1.374145150184631348e+00 4.777530670166015625e+00 9.786823272705078125e+00 1.181265258789062500e+01 8.400801658630371094e+00 3.520140171051025391e+00 8.690950870513916016e-01 1.264276206493377686e-01 1.083629950881004333e-02 5.472557386383414268e-04 1.628422978683374822e-05 2.854997092072153464e-07 2.949286592723865397e-09 1.795123424908062759e-11 6.437776337410786032e-14 1.360330281078976048e-16 1.693659800526625426e-19 1.242438381456561478e-22 5.370052899453836917e-26 1.367610677599775252e-29 2.051993999331248917e-33 2.752122622379628161e-32 1.574369368261953054e-28 5.306460726472191663e-25 1.053828807211928336e-21 1.233129424330776643e-18 8.501764453402386578e-16
8.501760218237650307e-16 3.453665305130915186e-13 8.266340389972981484e-11 1.165768725996940702e-08 9.686771136330207810e-07 4.742581222672015429e-05 1.368109602481126785e-03 2.325359173119068146e-02 2.328769564628601074e-01 1.374144911766052246e+00 4.777528762817382812e+00 9.786819458007812500e+00 1.181264877319335938e+01 8.400796890258789062e+00 3.520137786865234375e+00 8.690946102142333984e-01 1.264275908470153809e-01 1.083629578351974487e-02 5.472555058076977730e-04 1.628422614885494113e-05 2.854995955203776248e-07 2.949285704545445697e-09 1.795122384073977173e-11 6.437774304531712621e-14 1.360329354636689988e-16 1.693658895797830446e-19 1.242437497932347631e-22 5.370052283156254714e-26 1.367610226209944537e-29 2.052049651641920660e-33 2.752125561115505217e-32 1.574368525667602385e-28 5.306459247357994373e-25 1.053828403315144863e-21 1.233129010740470366e-18 8.501760218237650307e-16
8.501758630050874205e-16 3.453663678827656458e-13 8.266337614415419921e-11 1.165768637179098732e-08 9.686769999461830594e-07 4.742580131278373301e-05 1.368109020404517651e-03 2.325358614325523376e-02 2.328768968582153320e-01 1.374144077301025391e+00 4.777526855468750000e+00 9.786815643310546875e+00 1.181264209747314453e+01 8.400793075561523438e+00 3.520137310028076172e+00 8.690944314002990723e-01 1.264275461435317993e-01 1.083629205822944641e-02 5.472553311847150326e-04 1.628421705390792340e-05 2.854994249901210424e-07 2.949284816367025996e-09 1.795121690184586782e-11 6.437771594026281408e-14 1.360329089938893971e-16 1.693658508056918312e-19 1.242437245496857960e-22 5.370049817965925898e-26 1.367609624356836916e-29 2.052045794551082024e-33 2.752119683643751105e-32 1.574368284926359336e-28 5.306456289129599794e-25 1.053828100392557258e-21 1.233128493752587520e-18 8.501758630050874205e-16
8.501757571259690137e-16 3.453662594625483973e-13 8.266339002194200702e-11 1.165768281907730852e-08 9.686771136330207810e-07 4.742579403682611883e-05 1.368109136819839478e-03 2.325358241796493530e-02 2.328769117593765259e-01 1.374144077301025391e+00 4.777525901794433594e+00 9.786815643310546875e+00 1.181264305114746094e+01 8.400794982910156250e+00 3.520137310028076172e+00 8.690944314002990723e-01 1.264275163412094116e-01 1.083629205822944641e-02 5.472552729770541191e-04 1.628421887289732695e-05 2.854995102552493336e-07 2.949284372277816146e-09 1.795121343239891587e-11 6.437772949278997014e-14 1.360329089938893971e-16 1.693658508056918312e-19 1.242436993061368289e-22 5.370048585370761490e-26 1.367609774820113821e-29 2.052049100628943712e-33 2.752121740758865044e-32 1.574368044185116288e-28 5.306456782167665557e-25 1.053827999418361389e-21 1.233128390355010951e-18 8.501757571259690137e-16
8.501759688842058273e-16 3.453663949878199579e-13 8.266339002194200702e-11 1.165768459543414792e-08 9.686772273198585026e-07 4.742580131278373301e-05 1.368109369650483131e-03 2.325358986854553223e-02 2.328769415616989136e-01 1.374144315719604492e+00 4.777526855468750000e+00 9.786817550659179688e+00 1.181264591217041016e+01 8.400796890258789062e+00 3.520137786865234375e+00 8.690944314002990723e-01 1.264275908470153809e-01 1.083629485219717026e-02 5.472555640153586864e-04 1.628422251087613404e-05 2.854994818335399032e-07 2.949285260456235847e-09 1.795122037129281978e-11 6.437773626905354818e-14 1.360329222287791980e-16 1.693658766550859735e-19 1.242437497932347631e-22 5.370049201668343694e-26 1.367609473893560010e-29 2.052001162499949240e-33 2.752125561115505217e-32 1.574368284926359336e-28 5.306457768243797084e-25 1.053828302340948994e-21 1.233128597150164090e-18 8.501759688842058273e-16
8.501762335820018442e-16 3.453665305130915186e-13 8.266341777751762265e-11 1.165769081268308582e-08 9.686773410066962242e-07 4.742581222672015429e-05 1.368109718896448612e-03 2.325359545648097992e-02 2.328770160675048828e-01 1.374144673347473145e+00 4.777528762817382812e+00 9.786821365356445312e+00 1.181264877319335938e+01 8.400797843933105469e+00 3.520138978958129883e+00 8.690948486328125000e-01 1.264275908470153809e-01 1.083629578351974487e-02 5.472555640153586864e-04 1.628422978683374822e-05 2.854995955203776248e-07 2.949285260456235847e-09 1.795122731018672368e-11 6.437774304531712621e-14 1.360329884032282022e-16 1.693659154291771869e-19 1.242437750367837301e-22 5.370052283156254714e-26 1.367610226209944537e-29 2.052048916957951396e-33 2.752122916253215867e-32 1.574369007150088482e-28 5.306458261281862847e-25 1.053828504289340731e-21 1.233128803945317228e-18 8.501762335820018442e-16
8.501766570984754714e-16 3.453666389333087672e-13 8.266346634977495000e-11 1.165769525357518432e-08 9.686780231277225539e-07 4.742584133055061102e-05 1.368110300973057747e-03 2.325360849499702454e-02 2.328771352767944336e-01 1.374145627021789551e+00 4.777532577514648438e+00 9.786825180053710938e+00 1.181265544891357422e+01 8.400802612304687500e+00 3.520140647888183594e+00 8.690953254699707031e-01 1.264276802539825439e-01 1.083630416542291641e-02 5.472560296766459942e-04 1.628423524380195886e-05 2.854997092072153464e-07 2.949287702946890022e-09 1.795123598380410357e-11 6.437778370289859442e-14 1.360330545776772065e-16 1.693660317514508272e-19 1.242438633892051149e-22 5.370054748346583529e-26 1.367610828063052158e-29 2.052021917322080946e-33 2.752122622379628161e-32 1.574369970115060675e-28 5.306463191662520478e-25 1.053829211108711809e-21 1.233129527728353212e-18 8.501766570984754714e-16
8.501772394336267087e-16 3.453669099838518886e-13 8.266352879982008517e-11 1.165770413535938133e-08 9.686785915619111620e-07 4.742587771033868194e-05 1.368111697956919670e-03 2.325362525880336761e-02 2.328773140907287598e-01 1.374146938323974609e+00 4.777534484863281250e+00 9.786833763122558594e+00 1.181266593933105469e+01 8.400809288024902344e+00 3.520143508911132812e+00 8.690959215164184570e-01 1.264277696609497070e-01 1.083631068468093872e-02 5.472563207149505615e-04 1.628424979571718723e-05 2.854999934243096504e-07 2.949289701348334347e-09 1.795124986159191138e-11 6.437782436048006263e-14 1.360331472219058124e-16 1.693661351490273963e-19 1.242439264980775326e-22 5.370057829834494549e-26 1.367611881305990494e-29 2.052028162135819690e-33 2.752129675345733095e-32 1.574370812709411345e-28 5.306466149890915057e-25 1.053829715979691150e-21 1.233130458306542334e-18 8.501772394336267087e-16
8.501779805874555562e-16 3.453672352445036342e-13 8.266358431097131643e-11 1.165771479350041773e-08 9.686793873697752133e-07 4.742592136608436704e-05 1.368112396448850632e-03 2.325364388525485992e-02 2.328774929046630859e-01 1.374147534370422363e+00 4.777538299560546875e+00 9.786840438842773438e+00 1.181267452239990234e+01 8.400815963745117188e+00 3.520146369934082031e+00 8.690966963768005371e-01 1.264278739690780640e-01 1.083631813526153564e-02 5.472567863762378693e-04 1.628425889066420496e-05 2.855001639545662329e-07 2.949291921794383597e-09 1.795126547410319517e-11 6.437787857058868690e-14 1.360332266312446175e-16 1.693662902453922500e-19 1.242440274722734009e-22 5.370063376512734384e-26 1.367612934548928831e-29 2.052026509096888846e-33 2.752126442736268334e-32 1.574372136786248111e-28 5.306469601157375399e-25 1.053830826695845702e-21 1.233131285487154887e-18 8.501779805874555562e-16
8.501784570434883868e-16 3.453673707697751949e-13 8.266362594433473987e-11 1.165771923439251623e-08 9.686798421171260998e-07 4.742593591799959540e-05 1.368113211356103420e-03 2.325365692377090454e-02 2.328776121139526367e-01 1.374148368835449219e+00 4.777541160583496094e+00 9.786846160888671875e+00 1.181267929077148438e+01 8.400817871093750000e+00 3.520148038864135742e+00 8.690968751907348633e-01 1.264279186725616455e-01 1.083632558584213257e-02 5.472570192068815231e-04 1.628426616662181914e-05 2.855003344848228153e-07 2.949293476106618073e-09 1.795127414772057506e-11 6.437790567564299904e-14 1.360333325103630243e-16 1.693663807182717480e-19 1.242441032029203021e-22 5.370064609107898792e-26 1.367613686865313357e-29 2.052054243416728559e-33 2.752129675345733095e-32 1.574372618268734208e-28 5.306472066347704215e-25 1.053831331566825043e-21 1.233131905872614302e-18 8.501784570434883868e-16
8.501785099830475902e-16 3.453674791899924434e-13 8.266363982212254768e-11 1.165772012257093593e-08 9.686801831776392646e-07 4.742595046991482377e-05 1.368113560602068901e-03 2.325365692377090454e-02 2.328776419162750244e-01 1.374148607254028320e+00 4.777542114257812500e+00 9.786848068237304688e+00 1.181268310546875000e+01 8.400821685791015625e+00 3.520147800445556641e+00 8.690971136093139648e-01 1.264279782772064209e-01 1.083632744848728180e-02 5.472571356222033501e-04 1.628427344257943332e-05 2.855004197499511065e-07 2.949293698151222998e-09 1.795127588244405104e-11 6.437793278069731118e-14 1.360333589801426260e-16 1.693663677935746768e-19 1.242441158246947856e-22 5.370066458000645404e-26 1.367613987791867168e-29 2.052056814810620983e-33 2.752133495702373267e-32 1.574373099751220304e-28 5.306474531538033030e-25 1.053831533515216780e-21 1.233132319462920578e-18 8.501785099830475902e-16
8.501782452852515732e-16 3.453673165596665706e-13 8.266361206654693206e-11 1.165771656985725713e-08 9.686797284302883781e-07 4.742593228002078831e-05 1.368112862110137939e-03 2.325365319848060608e-02 2.328775823116302490e-01 1.374147891998291016e+00 4.777541160583496094e+00 9.786844253540039062e+00 1.181267833709716797e+01 8.400819778442382812e+00 3.520147562026977539e+00 8.690969944000244141e-01 1.264279186725616455e-01 1.083632372319698334e-02 5.472569027915596962e-04 1.628426252864301205e-05 2.855003344848228153e-07 2.949292365883593448e-09 1.795127414772057506e-11 6.437789212311584297e-14 1.360333060405834226e-16 1.693663419441805346e-19 1.242440905811458185e-22 5.370064609107898792e-26 1.367613385938759547e-29 2.051999509461018396e-33 2.752129381472145389e-32 1.574372738639355732e-28 5.306473052423835741e-25 1.053831129618433306e-21 1.233132112667767440e-18 8.501782452852515732e-16
8.501777688292187427e-16 3.453671539293406978e-13 8.266357043318350861e-11 1.165771124078673893e-08 9.686791599960997701e-07 4.742591409012675285e-05 1.368112163618206978e-03 2.325363457202911377e-02 2.328774034976959229e-01 1.374147295951843262e+00 4.777537345886230469e+00 9.786838531494140625e+00 1.181267070770263672e+01 8.400814056396484375e+00 3.520144939422607422e+00 8.690962791442871094e-01 1.264278441667556763e-01 1.083631720393896103e-02 5.472566117532551289e-04 1.628425707167480141e-05 2.855001639545662329e-07 2.949291033615963897e-09 1.795126200465624322e-11 6.437786501806153083e-14 1.360332266312446175e-16 1.693662385466039654e-19 1.242440022287244338e-22 5.370062143917569976e-26 1.367612784085651926e-29 2.052057549494590247e-33 2.752130556966496212e-32 1.574371775674383538e-28 5.306468122043178110e-25 1.053830422799062228e-21 1.233131285487154887e-18 8.501777688292187427e-16
8.501769217962714884e-16 3.453668557737432643e-13 8.266348716645666173e-11 1.165770058264570253e-08 9.686784778750734404e-07 4.742585952044464648e-05 1.368110999464988708e-03 2.325362153351306915e-02 2.328772246837615967e-01 1.374145984649658203e+00 4.777533531188964844e+00 9.786828041076660156e+00 1.181266117095947266e+01 8.400806427001953125e+00 3.520142078399658203e+00 8.690955638885498047e-01 1.264277100563049316e-01 1.083630695939064026e-02 5.472562042996287346e-04 1.628424433874897659e-05 2.854999081591813592e-07 2.949288813169914647e-09 1.795124465742148345e-11 6.437779725542575049e-14 1.360331207521262107e-16 1.693660576008449695e-19 1.242439138763030490e-22 5.370056597239330141e-26 1.367611580379436684e-29 2.052055345442682455e-33 2.752128205977794567e-32 1.574370090485682199e-28 5.306465163814783531e-25 1.053829715979691150e-21 1.233130044716236057e-18 8.501769217962714884e-16
8.501762865215610476e-16 3.453665576181458308e-13 8.266343165530543047e-11 1.165769170086150552e-08 9.686775683803716674e-07 4.742583041661418974e-05 1.368110068142414093e-03 2.325359918177127838e-02 2.328770309686660767e-01 1.374145030975341797e+00 4.777529239654541016e+00 9.786823272705078125e+00 1.181265163421630859e+01 8.400800704956054688e+00 3.520139217376708984e+00 8.690949678421020508e-01 1.264276355504989624e-01 1.083629857748746872e-02 5.472557386383414268e-04 1.628423160582315177e-05 2.854995955203776248e-07 2.949286148634655547e-09 1.795123077963367564e-11 6.437777015037143835e-14 1.360329884032282022e-16 1.693659671279654715e-19 1.242438002803326972e-22 5.370052283156254714e-26 1.367610527136498347e-29 2.051994734015218181e-33 2.752121153011689633e-32 1.574369007150088482e-28 5.306459247357994373e-25 1.053828807211928336e-21 1.233129424330776643e-18 8.501762865215610476e-16
8.501759688842058273e-16 3.453664220928742701e-13 8.266340389972981484e-11 1.165768548361256762e-08 9.686771136330207810e-07 4.742580495076254010e-05 1.368109369650483131e-03 2.325358614325523376e-02 2.328769266605377197e-01 1.374144554138183594e+00 4.777527332305908203e+00 9.786818504333496094e+00 1.181264686584472656e+01 8.400796890258789062e+00 3.520137786865234375e+00 8.690944910049438477e-01 1.264275610446929932e-01 1.083629392087459564e-02 5.472555058076977730e-04 1.628422614885494113e-05 2.854995386769587640e-07 2.949284816367025996e-09 1.795122037129281978e-11 6.437774304531712621e-14 1.360329619334486005e-16 1.693658766550859735e-19 1.242437497932347631e-22 5.370049817965925898e-26 1.367610075746667631e-29 2.052025407070934950e-33 2.752125267241917511e-32 1.574368405296980861e-28 5.306457768243797084e-25 1.053828302340948994e-21 1.233128597150164090e-18 8.501759688842058273e-16
8.501757571259690137e-16 3.453663678827656458e-13 8.266338308304810312e-11 1.165768370725572822e-08 9.686768862593453377e-07 4.742579767480492592e-05 1.368109136819839478e-03 2.325358055531978607e-02 2.328768968582153320e-01 1.374144315719604492e+00 4.777526855468750000e+00 9.786815643310546875e+00 1.181264400482177734e+01 8.400795936584472656e+00 3.520137310028076172e+00 8.690944910049438477e-01 1.264275312423706055e-01 1.083629205822944641e-02 5.472553893923759460e-04 1.628422069188673049e-05 2.854994249901210424e-07 2.949284816367025996e-09 1.795122037129281978e-11 6.437770916399923604e-14 1.360329354636689988e-16 1.693658378809947601e-19 1.242437245496857960e-22 5.370048585370761490e-26 1.367609774820113821e-29 2.052020998967119366e-33 2.752119095896575694e-32 1.574368284926359336e-28 5.306455796091534031e-25 1.053828100392557258e-21 1.233128286957434382e-18 8.501757571259690137e-16
8.501758100655282171e-16 3.453663949878199579e-13 8.266337614415419921e-11 1.165768370725572822e-08 9.686771136330207810e-07 4.742579767480492592e-05 1.368109369650483131e-03 2.325358986854553223e-02 2.328769117593765259e-01 1.374144077301025391e+00 4.777526855468750000e+00 9.786815643310546875e+00 1.181264495849609375e+01 8.400794982910156250e+00 3.520137310028076172e+00 8.690945506095886230e-01 1.264275759458541870e-01 1.083629298955202103e-02 5.472554476000368595e-04 1.628422069188673049e-05 2.854995386769587640e-07 2.949284594322421071e-09 1.795121690184586782e-11 6.437771594026281408e-14 1.360329222287791980e-16 1.693658766550859735e-19 1.242437245496857960e-22 5.370049817965925898e-26 1.367609774820113821e-29 2.052048549615966764e-33 2.752121740758865044e-32 1.574368405296980861e-28 5.306457275205731321e-25 1.053828201366753126e-21 1.233128390355010951e-18 8.501758100655282171e-16
8.501759688842058273e-16 3.453664220928742701e-13 8.266339696083591093e-11 1.165768459543414792e-08 9.686773410066962242e-07 4.742580495076254010e-05 1.368109369650483131e-03 2.325358614325523376e-02 2.328769415616989136e-01 1.374144315719604492e+00 4.777528762817382812e+00 9.786816596984863281e+00 1.181264877319335938e+01 8.400796890258789062e+00 3.520137786865234375e+00 8.690944314002990723e-01 1.264275759458541870e-01 1.083629392087459564e-02 5.472554476000368595e-04 1.628422251087613404e-05 2.854995386769587640e-07 2.949284816367025996e-09 1.795122210601629575e-11 6.437772949278997014e-14 1.360329354636689988e-16 1.693659025044801158e-19 1.242437245496857960e-22 5.370051050561090306e-26 1.367609925283390726e-29 2.052001529841933872e-33 2.752124973368329806e-32 1.574368405296980861e-28 5.306458261281862847e-25 1.053828504289340731e-21 1.233128700547740659e-18 8.501759688842058273e-16
8.501760747633242341e-16 3.453664763029828944e-13 8.266340389972981484e-11 1.165768814814782672e-08 9.686773410066962242e-07 4.742580495076254010e-05 1.368109253235161304e-03 2.325358986854553223e-02 2.328769713640213013e-01 1.374144554138183594e+00 4.777527809143066406e+00 9.786818504333496094e+00 1.181264781951904297e+01 8.400797843933105469e+00 3.520138263702392578e+00 8.690946698188781738e-01 1.264275908470153809e-01 1.083629578351974487e-02 5.472556222230195999e-04 1.628422614885494113e-05 2.854995386769587640e-07 2.949285482500840772e-09 1.795122384073977173e-11 6.437774304531712621e-14 1.360329354636689988e-16 1.693659025044801158e-19 1.242437624150092466e-22 5.370051050561090306e-26 1.367610075746667631e-29 2.052049467970928344e-33 2.752122328506040456e-32 1.574368646038223909e-28 5.306457768243797084e-25 1.053828504289340731e-21 1.233128803945317228e-18 8.501760747633242341e-16
8.501760218237650307e-16 3.453664763029828944e-13 8.266341083862371875e-11 1.165768814814782672e-08 9.686773410066962242e-07 4.742581222672015429e-05 1.368109486065804958e-03 2.325359359383583069e-02 2.328769564628601074e-01 1.374144554138183594e+00 4.777528762817382812e+00 9.786817550659179688e+00 1.181264877319335938e+01 8.400797843933105469e+00 3.520138502120971680e+00 8.690947294235229492e-01 1.264275908470153809e-01 1.083629485219717026e-02 5.472556222230195999e-04 1.628422251087613404e-05 2.854995955203776248e-07 2.949285482500840772e-09 1.795122384073977173e-11 6.437774304531712621e-14 1.360329354636689988e-16 1.693659025044801158e-19 1.242437624150092466e-22 5.370051666858672510e-26 1.367610075746667631e-29 2.051994366673233549e-33 2.752120271390926517e-32 1.574368646038223909e-28 5.306458261281862847e-25 1.053828504289340731e-21 1.233128803945317228e-18 8.501760218237650307e-16
8.501760218237650307e-16 3.453664220928742701e-13 8.266340389972981484e-11 1.165768548361256762e-08 9.686771136330207810e-07 4.742580858874134719e-05 1.368109136819839478e-03 2.325358986854553223e-02 2.328769564628601074e-01 1.374144554138183594e+00 4.777527809143066406e+00 9.786818504333496094e+00 1.181264495849609375e+01 8.400795936584472656e+00 3.520137786865234375e+00 8.690944910049438477e-01 1.264275908470153809e-01 1.083629578351974487e-02 5.472553893923759460e-04 1.628422251087613404e-05 2.854995670986681944e-07 2.949285260456235847e-09 1.795122210601629575e-11 6.437773626905354818e-14 1.360329354636689988e-16 1.693658508056918312e-19 1.242437497932347631e-22 5.370051050561090306e-26 1.367610075746667631e-29 2.052052406706805399e-33 2.752124973368329806e-32 1.574368405296980861e-28 5.306458261281862847e-25 1.053828302340948994e-21 1.233128803945317228e-18 8.501760218237650307e-16
8.501758630050874205e-16 3.453663949878199579e-13 8.266339002194200702e-11 1.165768459543414792e-08 9.686771136330207810e-07 4.742580495076254010e-05 1.368109136819839478e-03 2.325358800590038300e-02 2.328769415616989136e-01 1.374144554138183594e+00 4.777527332305908203e+00 9.786816596984863281e+00 1.181264495849609375e+01 8.400794982910156250e+00 3.520137548446655273e+00 8.690944910049438477e-01 1.264275759458541870e-01 1.083629205822944641e-02 5.472555058076977730e-04 1.628422251087613404e-05 2.854994818335399032e-07 2.949284816367025996e-09 1.795122037129281978e-11 6.437771594026281408e-14 1.360329354636689988e-16 1.693658637303889023e-19 1.242437245496857960e-22 5.370049817965925898e-26 1.367609925283390726e-29 2.052052957719782347e-33 2.752124385621154395e-32 1.574368044185116288e-28 5.306456782167665557e-25 1.053828201366753126e-21 1.233128597150164090e-18 8.501758630050874205e-16
8.501758100655282171e-16 3.453664220928742701e-13 8.266339002194200702e-11 1.165768459543414792e-08 9.686769999461830594e-07 4.742579767480492592e-05 1.368109253235161304e-03 2.325358800590038300e-02 2.328768968582153320e-01 1.374144196510314941e+00 4.777526855468750000e+00 9.786815643310546875e+00 1.181264495849609375e+01 8.400795936584472656e+00 3.520137071609497070e+00 8.690944314002990723e-01 1.264275759458541870e-01 1.083629205822944641e-02 5.472553893923759460e-04 1.628422251087613404e-05 2.854995386769587640e-07 2.949284372277816146e-09 1.795122037129281978e-11 6.437771594026281408e-14 1.360329222287791980e-16 1.693658508056918312e-19 1.242437371714602795e-22 5.370048585370761490e-26 1.367609774820113821e-29 2.051991427937356493e-33 2.752122034632452750e-32 1.574368284926359336e-28 5.306456782167665557e-25 1.053828302340948994e-21 1.233128597150164090e-18 8.501758100655282171e-16
8.501758630050874205e-16 3.453663678827656458e-13 8.266337614415419921e-11 1.165768281907730852e-08 9.686769999461830594e-07 4.742580131278373301e-05 1.368109369650483131e-03 2.325358428061008453e-02 2.328769117593765259e-01 1.374144077301025391e+00 4.777526855468750000e+00 9.786815643310546875e+00 1.181264400482177734e+01 8.400794982910156250e+00 3.520136833190917969e+00 8.690944910049438477e-01 1.264275610446929932e-01 1.083629298955202103e-02 5.472553893923759460e-04 1.628421887289732695e-05 2.854994818335399032e-07 2.949284372277816146e-09 1.795121690184586782e-11 6.437771594026281408e-14 1.360329089938893971e-16 1.693658508056918312e-19 1.242437245496857960e-22 5.370049201668343694e-26 1.367609774820113821e-29 2.052048549615966764e-33 2.752121446885277339e-32 1.574368044185116288e-28 5.306456289129599794e-25 1.053828100392557258e-21 1.233128286957434382e-18 8.501758630050874205e-16
8.501759159446466239e-16 3.453664220928742701e-13 8.266339002194200702e-11 1.165768459543414792e-08 9.686771136330207810e-07 4.742580131278373301e-05 1.368109369650483131e-03 2.325358614325523376e-02 2.328769117593765259e-01 1.374144196510314941e+00 4.777526855468750000e+00 9.786815643310546875e+00 1.181264495849609375e+01 8.400795936584472656e+00 3.520137310028076172e+00 8.690944910049438477e-01 1.264275610446929932e-01 1.083629205822944641e-02 5.472553893923759460e-04 1.628422251087613404e-05 2.854994818335399032e-07 2.949284372277816146e-09 1.795122210601629575e-11 6.437772271652639211e-14 1.360329354636689988e-16 1.693658637303889023e-19 1.242437245496857960e-22 5.370049817965925898e-26 1.367609774820113821e-29 2.052049835312912976e-33 2.752124973368329806e-32 1.574368284926359336e-28 5.306456782167665557e-25 1.053828100392557258e-21 1.233128493752587520e-18 8.501759159446466239e-16
8.501760218237650307e-16 3.453664763029828944e-13 8.266340389972981484e-11 1.165768725996940702e-08 9.686773410066962242e-07 4.742581586469896138e-05 1.368109602481126785e-03 2.325358986854553223e-02 2.328769862651824951e-01 1.374144673347473145e+00 4.777527809143066406e+00 9.786818504333496094e+00 1.181264781951904297e+01 8.400797843933105469e+00 3.520138263702392578e+00 8.690946698188781738e-01 1.264275908470153809e-01 1.083629671484231949e-02 5.472556222230195999e-04 1.628422614885494113e-05 2.854995386769587640e-07 2.949285704545445697e-09 1.795122557546324771e-11 6.437774304531712621e-14 1.360329486985587997e-16 1.693658895797830446e-19 1.242437750367837301e-22 5.370051666858672510e-26 1.367610075746667631e-29 2.052053508732759295e-33 2.752124973368329806e-32 1.574368646038223909e-28 5.306458261281862847e-25 1.053828504289340731e-21 1.233128803945317228e-18 8.501760218237650307e-16
8.501764453402386578e-16 3.453666389333087672e-13 8.266343859419933437e-11 1.165769258903992522e-08 9.686776820672093891e-07 4.742583041661418974e-05 1.368110184557735920e-03 2.325360476970672607e-02 2.328770756721496582e-01 1.374145388603210449e+00 4.777530193328857422e+00 9.786823272705078125e+00 1.181265258789062500e+01 8.400801658630371094e+00 3.520139694213867188e+00 8.690950274467468262e-01 1.264276504516601562e-01 1.083630137145519257e-02 5.472557968460023403e-04 1.628422978683374822e-05 2.854996807855059160e-07 2.949286592723865397e-09 1.795123251435715162e-11 6.437776337410786032e-14 1.360330148730078039e-16 1.693659800526625426e-19 1.242438129021071807e-22 5.370052899453836917e-26 1.367610677599775252e-29 2.051993448318271969e-33 2.752123797873978983e-32 1.574369368261953054e-28 5.306459740396060136e-25 1.053828908186124204e-21 1.233129320933200074e-18 8.501764453402386578e-16
8.501768688567122850e-16 3.453668015636346400e-13 8.266349410535056563e-11 1.165769969446728282e-08 9.686782505013979971e-07 4.742585952044464648e-05 1.368110766634345055e-03 2.325361594557762146e-02 2.328772097826004028e-01 1.374145865440368652e+00 4.777532577514648438e+00 9.786828041076660156e+00 1.181266021728515625e+01 8.400805473327636719e+00 3.520142078399658203e+00 8.690954446792602539e-01 1.264277100563049316e-01 1.083630695939064026e-02 5.472560878843069077e-04 1.628424070077016950e-05 2.854998513157624984e-07 2.949288147036099872e-09 1.795124118797453150e-11 6.437779725542575049e-14 1.360330810474568082e-16 1.693660576008449695e-19 1.242438886327540820e-22 5.370055980941747937e-26 1.367611429916159779e-29 2.052053141390774663e-33 2.752127618230619156e-32 1.574370210856303724e-28 5.306463684700586241e-25 1.053829413057103546e-21 1.233130251511389196e-18 8.501768688567122850e-16
8.501775041314227257e-16 3.453670997192320735e-13 8.266354961650179689e-11 1.165770768807306013e-08 9.686790463092620485e-07 4.742589590023271739e-05 1.368112047202885151e-03 2.325363270938396454e-02 2.328773885965347290e-01 1.374147057533264160e+00 4.777536392211914062e+00 9.786835670471191406e+00 1.181266784667968750e+01 8.400812149047851562e+00 3.520144462585449219e+00 8.690961599349975586e-01 1.264278292655944824e-01 1.083631440997123718e-02 5.472565535455942154e-04 1.628425161470659077e-05 2.855000502677285112e-07 2.949290589526754047e-09 1.795125680048581529e-11 6.437785146553437476e-14 1.360331869265752149e-16 1.693661997725127520e-19 1.242439769851754667e-22 5.370060295024823364e-26 1.367612332695821210e-29 2.052055529113674771e-33 2.752130263092908506e-32 1.574371294191897441e-28 5.306467135967046583e-25 1.053830220850670492e-21 1.233130975294425180e-18 8.501775041314227257e-16
8.501780864665739630e-16 3.453672623495579463e-13 8.266360512765302815e-11 1.165771479350041773e-08 9.686796147434506565e-07 4.742592500406317413e-05 1.368112862110137939e-03 2.325364947319030762e-02 2.328775227069854736e-01 1.374147891998291016e+00 4.777539253234863281e+00 9.786841392517089844e+00 1.181267547607421875e+01 8.400817871093750000e+00 3.520146369934082031e+00 8.690967559814453125e-01 1.264278888702392578e-01 1.083632186055183411e-02 5.472568445838987827e-04 1.628426434763241559e-05 2.855002207979850937e-07 2.949292365883593448e-09 1.795126720882667115e-11 6.437789212311584297e-14 1.360332928056936217e-16 1.693663160947863923e-19 1.242440527158223679e-22 5.370063992810316588e-26 1.367613235475482642e-29 2.051998407435064501e-33 2.752128793724969978e-32 1.574372377527491159e-28 5.306471080271572688e-25 1.053830927670041570e-21 1.233131699077461163e-18 8.501780864665739630e-16
8.501784041039291834e-16 3.453674249798838192e-13 8.266363288322864378e-11 1.165772012257093593e-08 9.686799558039638214e-07 4.742593955597840250e-05 1.368113327771425247e-03 2.325365692377090454e-02 2.328776419162750244e-01 1.374148368835449219e+00 4.777542114257812500e+00 9.786845207214355469e+00 1.181268024444580078e+01 8.400820732116699219e+00 3.520148277282714844e+00 8.690970540046691895e-01 1.264279484748840332e-01 1.083632651716470718e-02 5.472570774145424366e-04 1.628426980460062623e-05 2.855003629065322457e-07 2.949293920195827923e-09 1.795127241299709908e-11 6.437791245190657707e-14 1.360333192754732234e-16 1.693663807182717480e-19 1.242441032029203021e-22 5.370065841703063200e-26 1.367613837328590263e-29 2.052058651520544143e-33 2.752132614081610151e-32 1.574372979380598780e-28 5.306473052423835741e-25 1.053831230592629175e-21 1.233132112667767440e-18 8.501784041039291834e-16
8.501784041039291834e-16 3.453674520849381313e-13 8.266363982212254768e-11 1.165772189892777533e-08 9.686800694908015430e-07 4.742594319395720959e-05 1.368113444186747074e-03 2.325365878641605377e-02 2.328776419162750244e-01 1.374148607254028320e+00 4.777542114257812500e+00 9.786847114562988281e+00 1.181268215179443359e+01 8.400820732116699219e+00 3.520148277282714844e+00 8.690971136093139648e-01 1.264279484748840332e-01 1.083632558584213257e-02 5.472571356222033501e-04 1.628426980460062623e-05 2.855003913282416761e-07 2.949293476106618073e-09 1.795127588244405104e-11 6.437791922817015511e-14 1.360333325103630243e-16 1.693663936429688191e-19 1.242441032029203021e-22 5.370065841703063200e-26 1.367613987791867168e-29 2.052057733165582563e-33 2.752133201828785562e-32 1.574373099751220304e-28 5.306473052423835741e-25 1.053831331566825043e-21 1.233132319462920578e-18 8.501784041039291834e-16
8.501782982248107766e-16 3.453673978748295070e-13 8.266362594433473987e-11 1.165771745803567683e-08 9.686799558039638214e-07 4.742593591799959540e-05 1.368113094940781593e-03 2.325365506112575531e-02 2.328776121139526367e-01 1.374148130416870117e+00 4.777541160583496094e+00 9.786844253540039062e+00 1.181267833709716797e+01 8.400818824768066406e+00 3.520147323608398438e+00 8.690969944000244141e-01 1.264279186725616455e-01 1.083632372319698334e-02 5.472569609992206097e-04 1.628426980460062623e-05 2.855003344848228153e-07 2.949293254062013148e-09 1.795127241299709908e-11 6.437791245190657707e-14 1.360333192754732234e-16 1.693663419441805346e-19 1.242441032029203021e-22 5.370065225405480996e-26 1.367613686865313357e-29 2.052025407070934950e-33 2.752127324357031450e-32 1.574372859009977256e-28 5.306472066347704215e-25 1.053831129618433306e-21 1.233132112667767440e-18 8.501782982248107766e-16
8.501777688292187427e-16 3.453672623495579463e-13 8.266359124986522033e-11 1.165771301714357833e-08 9.686793873697752133e-07 4.742592136608436704e-05 1.368112512864172459e-03 2.325364574790000916e-02 2.328774780035018921e-01 1.374147653579711914e+00 4.777538776397705078e+00 9.786840438842773438e+00 1.181267261505126953e+01 8.400815963745117188e+00 3.520145654678344727e+00 8.690964579582214355e-01 1.264278590679168701e-01 1.083631906658411026e-02 5.472567863762378693e-04 1.628426070965360850e-05 2.855001639545662329e-07 2.949291699749778672e-09 1.795126200465624322e-11 6.437787857058868690e-14 1.360332398661344183e-16 1.693662902453922500e-19 1.242440400940478844e-22 5.370062760215152180e-26 1.367613085012205736e-29 2.052050018983905292e-33 2.752126148862680628e-32 1.574371896045005062e-28 5.306470094195441162e-25 1.053830624747453965e-21 1.233131492282308025e-18 8.501777688292187427e-16
8.501774511918635223e-16 3.453669641939605128e-13 8.266354267760789298e-11 1.165770591171622073e-08 9.686788189355866052e-07 4.742589226225391030e-05 1.368111697956919670e-03 2.325362898409366608e-02 2.328773438930511475e-01 1.374146699905395508e+00 4.777535438537597656e+00 9.786833763122558594e+00 1.181266689300537109e+01 8.400810241699218750e+00 3.520143508911132812e+00 8.690960407257080078e-01 1.264277696609497070e-01 1.083631254732608795e-02 5.472564371302723885e-04 1.628425161470659077e-05 2.854999934243096504e-07 2.949289701348334347e-09 1.795125333103886334e-11 6.437783791300721870e-14 1.360331736916854141e-16 1.693661609984215386e-19 1.242439643634009832e-22 5.370059062429658957e-26 1.367612332695821210e-29 2.052028529477804322e-33 2.752130263092908506e-32 1.574370933080032869e-28 5.306466642928980820e-25 1.053830119876474624e-21 1.233130665101695472e-18 8.501774511918635223e-16
8.501767100380346748e-16 3.453667744585803279e-13 8.266346634977495000e-11 1.165769525357518432e-08 9.686780231277225539e-07 4.742584860650822520e-05 1.368110766634345055e-03 2.325361222028732300e-02 2.328771650791168213e-01 1.374145746231079102e+00 4.777531623840332031e+00 9.786825180053710938e+00 1.181265830993652344e+01 8.400804519653320312e+00 3.520140647888183594e+00 8.690953254699707031e-01 1.264276802539825439e-01 1.083630323410034180e-02 5.472559714689850807e-04 1.628423888178076595e-05 2.854997944723436376e-07 2.949287702946890022e-09 1.795123424908062759e-11 6.437779047916217245e-14 1.360330545776772065e-16 1.693660317514508272e-19 1.242438507674306314e-22 5.370055980941747937e-26 1.367610978526329063e-29 2.052022652006050210e-33 2.752122622379628161e-32 1.574369970115060675e-28 5.306461712548323189e-25 1.053829211108711809e-21 1.233129837921082919e-18 8.501767100380346748e-16
8.501761806424426408e-16 3.453665034080372065e-13 8.266341777751762265e-11 1.165768814814782672e-08 9.686774546935339458e-07 4.742581222672015429e-05 1.368109835311770439e-03 2.325359359383583069e-02 2.328770160675048828e-01 1.374144792556762695e+00 4.777528762817382812e+00 9.786818504333496094e+00 1.181264877319335938e+01 8.400798797607421875e+00 3.520138263702392578e+00 8.690947294235229492e-01 1.264276057481765747e-01 1.083629578351974487e-02 5.472557386383414268e-04 1.628422978683374822e-05 2.854996523637964856e-07 2.949285704545445697e-09 1.795122384073977173e-11 6.437774304531712621e-14 1.360329619334486005e-16 1.693659283538742580e-19 1.242437876585582137e-22 5.370051666858672510e-26 1.367610226209944537e-29 2.052049835312912976e-33 2.752122916253215867e-32 1.574369007150088482e-28 5.306460233434125899e-25 1.053828302340948994e-21 1.233128907342893797e-18 8.501761806424426408e-16
8.501759159446466239e-16 3.453664220928742701e-13 8.266339002194200702e-11 1.165768459543414792e-08 9.686771136330207810e-07 4.742580495076254010e-05 1.368109136819839478e-03 2.325358241796493530e-02 2.328768968582153320e-01 1.374144434928894043e+00 4.777526378631591797e+00 9.786815643310546875e+00 1.181264591217041016e+01 8.400794982910156250e+00 3.520137310028076172e+00 8.690943717956542969e-01 1.264275610446929932e-01 1.083629485219717026e-02 5.472553893923759460e-04 1.628421887289732695e-05 2.854994249901210424e-07 2.949284816367025996e-09 1.795121863656934380e-11 6.437771594026281408e-14 1.360329354636689988e-16 1.693658508056918312e-19 1.242437497932347631e-22 5.370049817965925898e-26 1.367609774820113821e-29 2.052051304680851504e-33 2.752124385621154395e-32 1.574368284926359336e-28 5.306456782167665557e-25 1.053828302340948994e-21 1.233128597150164090e-18 8.501759159446466239e-16
8.501758630050874205e-16 3.453663136726570215e-13 8.266337614415419921e-11 1.165768459543414792e-08 9.686769999461830594e-07 4.742579767480492592e-05 1.368109253235161304e-03 2.325358614325523376e-02 2.328769117593765259e-01 1.374144315719604492e+00 4.777526855468750000e+00 9.786815643310546875e+00 1.181264209747314453e+01 8.400796890258789062e+00 3.520137310028076172e+00 8.690943717956542969e-01 1.264275610446929932e-01 1.083629205822944641e-02 5.472552729770541191e-04 1.628422251087613404e-05 2.854994818335399032e-07 2.949284594322421071e-09 1.795121690184586782e-11 6.437771594026281408e-14 1.360329089938893971e-16 1.693658508056918312e-19 1.242437497932347631e-22 5.370049817965925898e-26 1.367609774820113821e-29 2.051992162621325757e-33 2.752121446885277339e-32 1.574368044185116288e-28 5.306455796091534031e-25 1.053828100392557258e-21 1.233128597150164090e-18 8.501758630050874205e-16
8.501759159446466239e-16 3.453663678827656458e-13 8.266339002194200702e-11 1.165768637179098732e-08 9.686771136330207810e-07 4.742580495076254010e-05 1.368109136819839478e-03 2.325358800590038300e-02 2.328769564628601074e-01 1.374144554138183594e+00 4.777526855468750000e+00 9.786814689636230469e+00 1.181264495849609375e+01 8.400794982910156250e+00 3.520136833190917969e+00 8.690943717956542969e-01 1.264275759458541870e-01 1.083629392087459564e-02 5.472554476000368595e-04 1.628421887289732695e-05 2.854995102552493336e-07 2.949284594322421071e-09 1.795122037129281978e-11 6.437772271652639211e-14 1.360329222287791980e-16 1.693658766550859735e-19 1.242437245496857960e-22 5.370048585370761490e-26 1.367609473893560010e-29 2.052053325061766979e-33 2.752124385621154395e-32 1.574368284926359336e-28 5.306456289129599794e-25 1.053828100392557258e-21 1.233128493752587520e-18 8.501759159446466239e-16
8.501759688842058273e-16 3.453664220928742701e-13 8.266340389972981484e-11 1.165768637179098732e-08 9.686771136330207810e-07 4.742580495076254010e-05 1.368109602481126785e-03 2.325358986854553223e-02 2.328769862651824951e-01 1.374144315719604492e+00 4.777527332305908203e+00 9.786817550659179688e+00 1.181264686584472656e+01 8.400796890258789062e+00 3.520137786865234375e+00 8.690946102142333984e-01 1.264275908470153809e-01 1.083629485219717026e-02 5.472556222230195999e-04 1.628422614885494113e-05 2.854995386769587640e-07 2.949285260456235847e-09 1.795122037129281978e-11 6.437772949278997014e-14 1.360329486985587997e-16 1.693658766550859735e-19 1.242437497932347631e-22 5.370049817965925898e-26 1.367610075746667631e-29 2.052053508732759295e-33 2.752123210126803572e-32 1.574368164555737812e-28 5.306458261281862847e-25 1.053828504289340731e-21 1.233128597150164090e-18 8.501759688842058273e-16
8.501760747633242341e-16 3.453664763029828944e-13 8.266340389972981484e-11 1.165768814814782672e-08 9.686775683803716674e-07 4.742580495076254010e-05 1.368109602481126785e-03 2.325358986854553223e-02 2.328769564628601074e-01 1.374144554138183594e+00 4.777528285980224609e+00 9.786820411682128906e+00 1.181264781951904297e+01 8.400798797607421875e+00 3.520137786865234375e+00 8.690947294235229492e-01 1.264276206493377686e-01 1.083629392087459564e-02 5.472556222230195999e-04 1.628422251087613404e-05 2.854995955203776248e-07 2.949285704545445697e-09 1.795122557546324771e-11 6.437772949278997014e-14 1.360329619334486005e-16 1.693658766550859735e-19 1.242437750367837301e-22 5.370050434263508102e-26 1.367610075746667631e-29 2.051990693253387229e-33 2.752119683643751105e-32 1.574368766408845433e-28 5.306458261281862847e-25 1.053828302340948994e-21 1.233128907342893797e-18 8.501760747633242341e-16
8.501759159446466239e-16 3.453664763029828944e-13 8.266339696083591093e-11 1.165768637179098732e-08 9.686771136330207810e-07 4.742580495076254010e-05 1.368109369650483131e-03 2.325358428061008453e-02 2.328769564628601074e-01 1.374144434928894043e+00 4.777527809143066406e+00 9.786817550659179688e+00 1.181264686584472656e+01 8.400795936584472656e+00 3.520137548446655273e+00 8.690945506095886230e-01 1.264275908470153809e-01 1.083629671484231949e-02 5.472555058076977730e-04 1.628422614885494113e-05 2.854995386769587640e-07 2.949285260456235847e-09 1.795122037129281978e-11 6.437772949278997014e-14 1.360329354636689988e-16 1.693658766550859735e-19 1.242437497932347631e-22 5.370050434263508102e-26 1.367609774820113821e-29 2.052052774048790031e-33 2.752124679494742100e-32 1.574368284926359336e-28 5.306458261281862847e-25 1.053828201366753126e-21 1.233128493752587520e-18 8.501759159446466239e-16
8.501758100655282171e-16 3.453663678827656458e-13 8.266339002194200702e-11 1.165768459543414792e-08 9.686771136330207810e-07 4.742580495076254010e-05 1.368109486065804958e-03 2.325358614325523376e-02 2.328769266605377197e-01 1.374144315719604492e+00 4.777527809143066406e+00 9.786817550659179688e+00 1.181264495849609375e+01 8.400794982910156250e+00 3.520137310028076172e+00 8.690944910049438477e-01 1.264275908470153809e-01 1.083629392087459564e-02 5.472553893923759460e-04 1.628422251087613404e-05 2.854994818335399032e-07 2.949284816367025996e-09 1.795121863656934380e-11 6.437772949278997014e-14 1.360329354636689988e-16 1.693658508056918312e-19 1.242437371714602795e-22 5.370048585370761490e-26 1.367609925283390726e-29 2.052050753667874556e-33 2.752123797873978983e-32 1.574368164555737812e-28 5.306456289129599794e-25 1.053828504289340731e-21 1.233128493752587520e-18 8.501758100655282171e-16
8.501757571259690137e-16 3.453663407777113337e-13 8.266339002194200702e-11 1.165768459543414792e-08 9.686771136330207810e-07 4.742579767480492592e-05 1.368108903989195824e-03 2.325358241796493530e-02 2.328769117593765259e-01 1.374144315719604492e+00 4.777527809143066406e+00 9.786815643310546875e+00 1.181264495849609375e+01 8.400793075561523438e+00 3.520137071609497070e+00 8.690942525863647461e-01 1.264275312423706055e-01 1.083629112690687180e-02 5.472552729770541191e-04 1.628422069188673049e-05 2.854994818335399032e-07 2.949284372277816146e-09 1.795121690184586782e-11 6.437771594026281408e-14 1.360328825241097954e-16 1.693658508056918312e-19 1.242437245496857960e-22 5.370048585370761490e-26 1.367609323430283105e-29 2.052018978586203891e-33 2.752119683643751105e-32 1.574368164555737812e-28 5.306456782167665557e-25 1.053827999418361389e-21 1.233128183559857813e-18 8.501757571259690137e-16
8.501759688842058273e-16 3.453664491979285822e-13 8.266338308304810312e-11 1.165768459543414792e-08 9.686769999461830594e-07 4.742580495076254010e-05 1.368109253235161304e-03 2.325358614325523376e-02 2.328769266605377197e-01 1.374144554138183594e+00 4.777527332305908203e+00 9.786819458007812500e+00 1.181264495849609375e+01 8.400796890258789062e+00 3.520137548446655273e+00 8.690944910049438477e-01 1.264275759458541870e-01 1.083629298955202103e-02 5.472555058076977730e-04 1.628422069188673049e-05 2.854994818335399032e-07 2.949285260456235847e-09 1.795122037129281978e-11 6.437772949278997014e-14 1.360329354636689988e-16 1.693658637303889023e-19 1.242437497932347631e-22 5.370049817965925898e-26 1.367609774820113821e-29 2.052001162499949240e-33 2.752125267241917511e-32 1.574368284926359336e-28 5.306457768243797084e-25 1.053828302340948994e-21 1.233128597150164090e-18 8.501759688842058273e-16
8.501761806424426408e-16 3.453665847232001429e-13 8.266343165530543047e-11 1.165769170086150552e-08 9.686776820672093891e-07 4.742582677863538265e-05 1.368109835311770439e-03 2.325359731912612915e-02 2.328770458698272705e-01 1.374144792556762695e+00 4.777528762817382812e+00 9.786821365356445312e+00 1.181265258789062500e+01 8.400800704956054688e+00 3.520139217376708984e+00 8.690947890281677246e-01 1.264276057481765747e-01 1.083629764616489410e-02 5.472556222230195999e-04 1.628422614885494113e-05 2.854995955203776248e-07 2.949286148634655547e-09 1.795122384073977173e-11 6.437775659784428228e-14 1.360329751683384014e-16 1.693659542032684003e-19 1.242438002803326972e-22 5.370051666858672510e-26 1.367610226209944537e-29 2.052022284664065578e-33 2.752121446885277339e-32 1.574369007150088482e-28 5.306459247357994373e-25 1.053828504289340731e-21 1.233129217535623504e-18 8.501761806424426408e-16
8.501768159171530816e-16 3.453666931434173915e-13 8.266348022756275782e-11 1.165769702993202372e-08 9.686780231277225539e-07 4.742584860650822520e-05 1.368110766634345055e-03 2.325361222028732300e-02 2.328771948814392090e-01 1.374145507812500000e+00 4.777532577514648438e+00 9.786828994750976562e+00 1.181265830993652344e+01 8.400802612304687500e+00 3.520141124725341797e+00 8.690954446792602539e-01 1.264276951551437378e-01 1.083630509674549103e-02 5.472560296766459942e-04 1.628423524380195886e-05 2.854998228940530680e-07 2.949287702946890022e-09 1.795124118797453150e-11 6.437779725542575049e-14 1.360330678125670073e-16 1.693660317514508272e-19 1.242438760109795984e-22 5.370054748346583529e-26 1.367611279452882873e-29 2.052051121009859188e-33 2.752124973368329806e-32 1.574370210856303724e-28 5.306463191662520478e-25 1.053829312082907677e-21 1.233130044716236057e-18 8.501768159171530816e-16
8.501774511918635223e-16 3.453670184040691371e-13 8.266355655539570080e-11 1.165770768807306013e-08 9.686788189355866052e-07 4.742589226225391030e-05 1.368111930787563324e-03 2.325363084673881531e-02 2.328773736953735352e-01 1.374146938323974609e+00 4.777536392211914062e+00 9.786834716796875000e+00 1.181266784667968750e+01 8.400812149047851562e+00 3.520143985748291016e+00 8.690961599349975586e-01 1.264277994632720947e-01 1.083631254732608795e-02 5.472564953379333019e-04 1.628425161470659077e-05 2.855000502677285112e-07 2.949290145437544197e-09 1.795125159631538736e-11 6.437783113674364066e-14 1.360331736916854141e-16 1.693661739231186097e-19 1.242439769851754667e-22 5.370060911322405568e-26 1.367612332695821210e-29 2.052054794429705507e-33 2.752130263092908506e-32 1.574371414562518966e-28 5.306466149890915057e-25 1.053830119876474624e-21 1.233130871896848610e-18 8.501774511918635223e-16
8.501780335270147596e-16 3.453672894546122585e-13 8.266361206654693206e-11 1.165771656985725713e-08 9.686796147434506565e-07 4.742592500406317413e-05 1.368112862110137939e-03 2.325364947319030762e-02 2.328775525093078613e-01 1.374147891998291016e+00 4.777540206909179688e+00 9.786842346191406250e+00 1.181267356872558594e+01 8.400818824768066406e+00 3.520146369934082031e+00 8.690967559814453125e-01 1.264278888702392578e-01 1.083632186055183411e-02 5.472569027915596962e-04 1.628426616662181914e-05 2.855002776414039545e-07 2.949292809972803298e-09 1.795126547410319517e-11 6.437789212311584297e-14 1.360332795708038209e-16 1.693663160947863923e-19 1.242440527158223679e-22 5.370063992810316588e-26 1.367613385938759547e-29 2.051998407435064501e-33 2.752129087598557684e-32 1.574372377527491159e-28 5.306471080271572688e-25 1.053830826695845702e-21 1.233131699077461163e-18 8.501780335270147596e-16
8.501784041039291834e-16 3.453674520849381313e-13 8.266363982212254768e-11 1.165771923439251623e-08 9.686798421171260998e-07 4.742593591799959540e-05 1.368113560602068901e-03 2.325365692377090454e-02 2.328776121139526367e-01 1.374148368835449219e+00 4.777541160583496094e+00 9.786846160888671875e+00 1.181268215179443359e+01 8.400821685791015625e+00 3.520148277282714844e+00 8.690971136093139648e-01 1.264279186725616455e-01 1.083632651716470718e-02 5.472569609992206097e-04 1.628426980460062623e-05 2.855003344848228153e-07 2.949293476106618073e-09 1.795127241299709908e-11 6.437791922817015511e-14 1.360333325103630243e-16 1.693663419441805346e-19 1.242441032029203021e-22 5.370067074298227608e-26 1.367613987791867168e-29 2.052059018862528775e-33 2.752132026334434739e-32 1.574372859009977256e-28 5.306472066347704215e-25 1.053831129618433306e-21 1.233132319462920578e-18 8.501784041039291834e-16
8.501785099830475902e-16 3.453674520849381313e-13 8.266362594433473987e-11 1.165772012257093593e-08 9.686802968644769862e-07 4.742594319395720959e-05 1.368113327771425247e-03 2.325365692377090454e-02 2.328776717185974121e-01 1.374148368835449219e+00 4.777541160583496094e+00 9.786846160888671875e+00 1.181268119812011719e+01 8.400821685791015625e+00 3.520148277282714844e+00 8.690971136093139648e-01 1.264279484748840332e-01 1.083632372319698334e-02 5.472570192068815231e-04 1.628426798561122268e-05 2.855003344848228153e-07 2.949293698151222998e-09 1.795127241299709908e-11 6.437792600443373314e-14 1.360333457452528251e-16 1.693663936429688191e-19 1.242441410682437527e-22 5.370066458000645404e-26 1.367613987791867168e-29 2.052059753546498039e-33 2.752130850840083917e-32 1.574372859009977256e-28 5.306473052423835741e-25 1.053831533515216780e-21 1.233132319462920578e-18 8.501785099830475902e-16
8.501780864665739630e-16 3.453672894546122585e-13 8.266360512765302815e-11 1.165771479350041773e-08 9.686795010566129349e-07 4.742592136608436704e-05 1.368112862110137939e-03 2.325364761054515839e-02 2.328775227069854736e-01 1.374147891998291016e+00 4.777540683746337891e+00 9.786844253540039062e+00 1.181267738342285156e+01 8.400819778442382812e+00 3.520146846771240234e+00 8.690967559814453125e-01 1.264278888702392578e-01 1.083632186055183411e-02 5.472569027915596962e-04 1.628426434763241559e-05 2.855002207979850937e-07 2.949292587928198373e-09 1.795126720882667115e-11 6.437789212311584297e-14 1.360332795708038209e-16 1.693663419441805346e-19 1.242440653375968515e-22 5.370064609107898792e-26 1.367613235475482642e-29 2.051995101357202813e-33 2.752127030483443745e-32 1.574372618268734208e-28 5.306472066347704215e-25 1.053830927670041570e-21 1.233131802475037733e-18 8.501780864665739630e-16
8.501775570709819291e-16 3.453670455091234492e-13 8.266355655539570080e-11 1.165770679989464043e-08 9.686790463092620485e-07 4.742589226225391030e-05 1.368111930787563324e-03 2.325363643467426300e-02 2.328774034976959229e-01 1.374146938323974609e+00 4.777536392211914062e+00 9.786834716796875000e+00 1.181266975402832031e+01 8.400814056396484375e+00 3.520144462585449219e+00 8.690962791442871094e-01 1.264277994632720947e-01 1.083631254732608795e-02 5.472565535455942154e-04 1.628425161470659077e-05 2.855001071111473721e-07 2.949290811571358972e-09 1.795125333103886334e-11 6.437784468927079673e-14 1.360332133963548166e-16 1.693661997725127520e-19 1.242439769851754667e-22 5.370060911322405568e-26 1.367612182232544305e-29 2.052056447468636351e-33 2.752130263092908506e-32 1.574371414562518966e-28 5.306467135967046583e-25 1.053830321824866360e-21 1.233130975294425180e-18 8.501775570709819291e-16
8.501769217962714884e-16 3.453668015636346400e-13 8.266348716645666173e-11 1.165769969446728282e-08 9.686784778750734404e-07 4.742586315842345357e-05 1.368110999464988708e-03 2.325361408293247223e-02 2.328771948814392090e-01 1.374145746231079102e+00 4.777533054351806641e+00 9.786828994750976562e+00 1.181266021728515625e+01 8.400806427001953125e+00 3.520142078399658203e+00 8.690955638885498047e-01 1.264277398586273193e-01 1.083630602806806564e-02 5.472560878843069077e-04 1.628424251975957304e-05 2.854998228940530680e-07 2.949287924991494947e-09 1.795124118797453150e-11 6.437779725542575049e-14 1.360330810474568082e-16 1.693660576008449695e-19 1.242438886327540820e-22 5.370055980941747937e-26 1.367611580379436684e-29 2.052053692403751611e-33 2.752127912104206861e-32 1.574370090485682199e-28 5.306463191662520478e-25 1.053829413057103546e-21 1.233130044716236057e-18 8.501769217962714884e-16
8.501762865215610476e-16 3.453665847232001429e-13 8.266342471641152656e-11 1.165768992450466612e-08 9.686776820672093891e-07 4.742582677863538265e-05 1.368110068142414093e-03 2.325359731912612915e-02 2.328770458698272705e-01 1.374144911766052246e+00 4.777528762817382812e+00 9.786821365356445312e+00 1.181265258789062500e+01 8.400800704956054688e+00 3.520139217376708984e+00 8.690949678421020508e-01 1.264276206493377686e-01 1.083629857748746872e-02 5.472556222230195999e-04 1.628423160582315177e-05 2.854996239420870552e-07 2.949286148634655547e-09 1.795122731018672368e-11 6.437775659784428228e-14 1.360330148730078039e-16 1.693659542032684003e-19 1.242438002803326972e-22 5.370052899453836917e-26 1.367610677599775252e-29 2.052019713270173155e-33 2.752120859138101928e-32 1.574369127520710006e-28 5.306458754319928610e-25 1.053828504289340731e-21 1.233129010740470366e-18 8.501762865215610476e-16
8.501760747633242341e-16 3.453663949878199579e-13 8.266337614415419921e-11 1.165768548361256762e-08 9.686771136330207810e-07 4.742580131278373301e-05 1.368109369650483131e-03 2.325358800590038300e-02 2.328769266605377197e-01 1.374144434928894043e+00 4.777526855468750000e+00 9.786815643310546875e+00 1.181264686584472656e+01 8.400795936584472656e+00 3.520137310028076172e+00 8.690946102142333984e-01 1.264275610446929932e-01 1.083629392087459564e-02 5.472553893923759460e-04 1.628421887289732695e-05 2.854994818335399032e-07 2.949284594322421071e-09 1.795122384073977173e-11 6.437772949278997014e-14 1.360329486985587997e-16 1.693658508056918312e-19 1.242437497932347631e-22 5.370049817965925898e-26 1.367610075746667631e-29 2.052024856057958002e-33 2.752125267241917511e-32 1.574368284926359336e-28 5.306457275205731321e-25 1.053828302340948994e-21 1.233128597150164090e-18 8.501760747633242341e-16
8.501758100655282171e-16 3.453663678827656458e-13 8.266337614415419921e-11 1.165768459543414792e-08 9.686769999461830594e-07 4.742580131278373301e-05 1.368109136819839478e-03 2.325358800590038300e-02 2.328768968582153320e-01 1.374143958091735840e+00 4.777526378631591797e+00 9.786813735961914062e+00 1.181264495849609375e+01 8.400794982910156250e+00 3.520137071609497070e+00 8.690943717956542969e-01 1.264275312423706055e-01 1.083629112690687180e-02 5.472553893923759460e-04 1.628421705390792340e-05 2.854994249901210424e-07 2.949284372277816146e-09 1.795121690184586782e-11 6.437770238773565801e-14 1.360329089938893971e-16 1.693658508056918312e-19 1.242437245496857960e-22 5.370048585370761490e-26 1.367609624356836916e-29 2.052021182638111682e-33 2.752118802022987989e-32 1.574368284926359336e-28 5.306456289129599794e-25 1.053828100392557258e-21 1.233128390355010951e-18 8.501758100655282171e-16
8.501758630050874205e-16 3.453663678827656458e-13 8.266339002194200702e-11 1.165768459543414792e-08 9.686771136330207810e-07 4.742580131278373301e-05 1.368109136819839478e-03 2.325358800590038300e-02 2.328769266605377197e-01 1.374144077301025391e+00 4.777527332305908203e+00 9.786815643310546875e+00 1.181264305114746094e+01 8.400796890258789062e+00 3.520137786865234375e+00 8.690944910049438477e-01 1.264275461435317993e-01 1.083629298955202103e-02 5.472553311847150326e-04 1.628422251087613404e-05 2.854994818335399032e-07 2.949284594322421071e-09 1.795121690184586782e-11 6.437771594026281408e-14 1.360329222287791980e-16 1.693658637303889023e-19 1.242437371714602795e-22 5.370049201668343694e-26 1.367609624356836916e-29 2.052050386325889924e-33 2.752123797873978983e-32 1.574368044185116288e-28 5.306457275205731321e-25 1.053827999418361389e-21 1.233128390355010951e-18 8.501758630050874205e-16
8.501760218237650307e-16 3.453664763029828944e-13 8.266341777751762265e-11 1.165768814814782672e-08 9.686773410066962242e-07 4.742581222672015429e-05 1.368109602481126785e-03 2.325359731912612915e-02 2.328769862651824951e-01 1.374144792556762695e+00 4.777528762817382812e+00 9.786819458007812500e+00 1.181264877319335938e+01 8.400796890258789062e+00 3.520138263702392578e+00 8.690946102142333984e-01 1.264276206493377686e-01 1.083629578351974487e-02 5.472557386383414268e-04 1.628422614885494113e-05 2.854996239420870552e-07 2.949285038411630921e-09 1.795122731018672368e-11 6.437774304531712621e-14 1.360329619334486005e-16 1.693659025044801158e-19 1.242437750367837301e-22 5.370051050561090306e-26 1.367610075746667631e-29 2.052053325061766979e-33 2.752122622379628161e-32 1.574368766408845433e-28 5.306459247357994373e-25 1.053828706237732468e-21 1.233129010740470366e-18 8.501760218237650307e-16
8.501766570984754714e-16 3.453667473535260157e-13 8.266346634977495000e-11 1.165769525357518432e-08 9.686780231277225539e-07 4.742584133055061102e-05 1.368110533803701401e-03 2.325361035764217377e-02 2.328771650791168213e-01 1.374145865440368652e+00 4.777532100677490234e+00 9.786827087402343750e+00 1.181265640258789062e+01 8.400803565979003906e+00 3.520140647888183594e+00 8.690952062606811523e-01 1.264276802539825439e-01 1.083630509674549103e-02 5.472560296766459942e-04 1.628423706279136240e-05 2.854997944723436376e-07 2.949287702946890022e-09 1.795124292269800748e-11 6.437777015037143835e-14 1.360330678125670073e-16 1.693660317514508272e-19 1.242438507674306314e-22 5.370054748346583529e-26 1.367611279452882873e-29 2.051990693253387229e-33 2.752120271390926517e-32 1.574369729373817627e-28 5.306462698624454715e-25 1.053829110134515941e-21 1.233129734523506350e-18 8.501766570984754714e-16
8.501786688017252003e-16 3.453675062950467556e-13 8.266365369991035550e-11 1.165772456346303443e-08 9.686805242381524295e-07 4.742595046991482377e-05 1.368113793432712555e-03 2.325366623699665070e-02 2.328776866197586060e-01 1.374148845672607422e+00 4.777543067932128906e+00 9.786848068237304688e+00 1.181268501281738281e+01 8.400823593139648438e+00 3.520148992538452148e+00 8.690972328186035156e-01 1.264280080795288086e-01 1.083632931113243103e-02 5.472572520375251770e-04 1.628427708055824041e-05 2.855004765933699673e-07 2.949294586329642698e-09 1.795128108661447897e-11 6.437793278069731118e-14 1.360333854499222277e-16 1.693663936429688191e-19 1.242441536900182362e-22 5.370068306893392015e-26 1.367614288718420978e-29 2.052050937338866872e-33 2.752132614081610151e-32 1.574373460863084877e-28 5.306474531538033030e-25 1.053831735463608516e-21 1.233132629655650286e-18 8.501786688017252003e-16
8.501844392136783703e-16 3.453698373297175994e-13 8.266420881142266808e-11 1.165780005862870894e-08 9.686867770142271183e-07 4.742626333609223366e-05 1.368122873827815056e-03 2.325381524860858917e-02 2.328792363405227661e-01 1.374157905578613281e+00 4.777575016021728516e+00 9.786912918090820312e+00 1.181276130676269531e+01 8.400878906250000000e+00 3.520172119140625000e+00 8.691030144691467285e-01 1.264288276433944702e-01 1.083639916032552719e-02 5.472607444971799850e-04 1.628438076295424253e-05 2.855023240044829436e-07 2.949314126254876101e-09 1.795139557836389343e-11 6.437834613277557128e-14 1.360342589526490837e-16 1.693675439410081507e-19 1.242449614835851825e-22 5.370102819557995435e-26 1.367623166051758388e-29 2.052050202654897608e-33 2.752150834244047896e-32 1.574383571995292910e-28 5.306509044202636450e-25 1.053838601708927560e-21 1.233140798064199247e-18 8.501844392136783703e-16
8.502029680593995581e-16 3.453774267449249979e-13 8.266602680162549177e-11 1.165805585401358258e-08 9.687080364528810605e-07 4.742731107398867607e-05 1.368152908980846405e-03 2.325433120131492615e-02 2.328843474388122559e-01 1.374187946319580078e+00 4.777680397033691406e+00 9.787127494812011719e+00 1.181302165985107422e+01 8.401062965393066406e+00 3.520250320434570312e+00 8.691222667694091797e-01 1.264315843582153320e-01 1.083663664758205414e-02 5.472727352753281593e-04 1.628474274184554815e-05 2.855086336239764933e-07 2.949378519190304360e-09 1.795179283003989212e-11 6.437978270065411457e-14 1.360372765075236771e-16 1.693712662537646393e-19 1.242476877868736264e-22 5.370221148693778586e-26 1.367653409170416344e-29 2.052055345442682455e-33 2.752205494731361132e-32 1.574418359104913405e-28 5.306625894224222312e-25 1.053861825773977266e-21 1.233167888229260358e-18 8.502029680593995581e-16
8.502657014370555797e-16 3.454028783909240952e-13 8.267211915047312232e-11 1.165891561072385230e-08 9.687792044132947922e-07 4.743080353364348412e-05 1.368253608234226704e-03 2.325604483485221863e-02 2.329015433788299561e-01 1.374289512634277344e+00 4.778032302856445312e+00 9.787849426269531250e+00 1.181389522552490234e+01 8.401681900024414062e+00 3.520508766174316406e+00 8.691862821578979492e-01 1.264409124851226807e-01 1.083743572235107422e-02 5.473132478073239326e-04 1.628593963687308133e-05 2.855296656889549922e-07 2.949596122903130890e-09 1.795311815877553840e-11 6.438452608515873865e-14 1.360472953191029194e-16 1.693837515111353616e-19 1.242568511951486736e-22 5.370616811741553500e-26 1.367754219565942864e-29 2.052235894028129066e-33 2.752415320472982911e-32 1.574534276013441211e-28 5.307017366448438239e-25 1.053939373956404113e-21 1.233258671301488053e-18 8.502657014370555797e-16
8.504486076141033052e-16 3.454772275549022886e-13 8.268991741333664436e-11 1.166142560293792485e-08 9.689877060736762360e-07 4.744101897813379765e-05 1.368547906167805195e-03 2.326104789972305298e-02 2.329516559839248657e-01 1.374585270881652832e+00 4.779060363769531250e+00 9.789955139160156250e+00 1.181643486022949219e+01 8.403490066528320312e+00 3.521266698837280273e+00 8.693733215332031250e-01 1.264681220054626465e-01 1.083977147936820984e-02 5.474310601130127907e-04 1.628944301046431065e-05 2.855911134247435257e-07 2.950231170473216480e-09 1.795697965323306278e-11 6.439836999164866294e-14 1.360765841302321970e-16 1.694201991568759793e-19 1.242835841135048033e-22 5.371772369708185842e-26 1.368048525735569538e-29 2.052634643752447064e-33 2.753004537016332582e-32 1.574873360054274889e-28 5.308159242608745654e-25 1.054166262974520159e-21 1.233524299675694144e-18 8.504486076141033052e-16
8.509009232079371016e-16 3.456609456130299574e-13 8.273388918400570446e-11 1.166762686466427112e-08 9.695032758827437647e-07 4.746624472318217158e-05 1.369275967590510845e-03 2.327341958880424500e-02 2.330755293369293213e-01 1.375316143035888672e+00 4.781601905822753906e+00 9.795163154602050781e+00 1.182272052764892578e+01 8.407958984375000000e+00 3.523139476776123047e+00 8.698356151580810547e-01 1.265354156494140625e-01 1.084553636610507965e-02 5.477222730405628681e-04 1.629810867598280311e-05 2.857429990399396047e-07 2.951799693562406901e-09 1.796652930596831510e-11 6.443263078029920488e-14 1.361489525076632363e-16 1.695102972201589037e-19 1.243497222117985329e-22 5.374629525299283194e-26 1.368776015679406435e-29 2.053798015817776496e-33 2.754470966218983386e-32 1.575710898838840288e-28 5.310982378573305350e-25 1.054726770735785034e-21 1.234180150503872126e-18 8.509009232079371016e-16
8.519619378534915195e-16 3.460919159765929454e-13 8.283704278078118932e-11 1.168217522717895918e-08 9.707121080282377079e-07 4.752542736241593957e-05 1.370983431115746498e-03 2.330243773758411407e-02 2.333661615848541260e-01 1.377031087875366211e+00 4.787563323974609375e+00 9.807374000549316406e+00 1.183746147155761719e+01 8.418443679809570312e+00 3.527532577514648438e+00 8.709201812744140625e-01 1.266931593418121338e-01 1.085905916988849640e-02 5.484051071107387543e-04 1.631843042559921741e-05 2.860992935893591493e-07 2.955480304933644220e-09 1.798892979021360361e-11 6.451296338501680272e-14 1.363187032042489184e-16 1.697216677160603445e-19 1.245047428460053244e-22 5.381331761505750775e-26 1.370483021555896528e-29 2.056351409952953284e-33 2.757902234229033643e-32 1.577675708493979841e-28 5.317603879796504217e-25 1.056042060611165374e-21 1.235719016635950465e-18 8.519619378534915195e-16
8.542548031021497072e-16 3.470233540629752422e-13 8.305997556412592076e-11 1.171361585505792391e-08 9.733246315590804443e-07 4.765334597323089838e-05 1.374673098325729370e-03 2.336515113711357117e-02 2.339941859245300293e-01 1.380737066268920898e+00 4.800447940826416016e+00 9.833772659301757812e+00 1.186931991577148438e+01 8.441099166870117188e+00 3.537026405334472656e+00 8.732641935348510742e-01 1.270341277122497559e-01 1.088828407227993011e-02 5.498810205608606339e-04 1.636234992474783212e-05 2.868692661195382243e-07 2.963434830860478542e-09 1.803734592242811630e-11 6.468659158667677822e-14 1.366855611146386364e-16 1.701784265105544695e-19 1.248398257149942431e-22 5.395814138389960584e-26 1.374171177399398085e-29 2.061836560467477783e-33 2.765325481054476389e-32 1.581921541427003027e-28 5.331916281807542187e-25 1.058884181302270118e-21 1.239044903083873051e-18 8.542548031021497072e-16
8.588131638473579278e-16 3.488751171634718595e-13 8.350321822891970669e-11 1.177612141134432022e-08 9.785184147403924726e-07 4.790762250195257366e-05 1.382008544169366360e-03 2.348983101546764374e-02 2.352428436279296875e-01 1.388104915618896484e+00 4.826065063476562500e+00 9.886245727539062500e+00 1.193265533447265625e+01 8.486141204833984375e+00 3.555899620056152344e+00 8.779241442680358887e-01 1.277119964361190796e-01 1.094638369977474213e-02 5.528152687475085258e-04 1.644965959712862968e-05 2.884000309677503537e-07 2.979247737400214646e-09 1.813359705449268944e-11 6.503175412455111659e-14 1.374149491264531949e-16 1.710865157267728402e-19 1.255059777286863161e-22 5.424605712537780903e-26 1.381503854736098675e-29 2.072895023572838453e-33 2.780084694249813325e-32 1.590362892373252282e-28 5.360367536430469504e-25 1.064534495354667863e-21 1.245656454322432832e-18 8.588131638473579278e-16
8.671335155486777167e-16 3.522551445412497317e-13 8.431218917470673091e-11 1.189021148206848011e-08 9.879984190774848685e-07 4.837175220018252730e-05 1.395397586748003960e-03 2.371740527451038361e-02 2.375218868255615234e-01 1.401553153991699219e+00 4.872820854187011719e+00 9.982025146484375000e+00 1.204826164245605469e+01 8.568357467651367188e+00 3.590350389480590820e+00 8.864294886589050293e-01 1.289492994546890259e-01 1.105243526399135590e-02 5.581710720434784889e-04 1.660902853473089635e-05 2.911941123784345109e-07 3.008111759683629316e-09 1.830927770507528862e-11 6.566180433577317732e-14 1.387462466915205398e-16 1.727440564273583962e-19 1.267219089953322584e-22 5.477161105157801999e-26 1.394888165069928533e-29 2.092970814045952280e-33 2.807013212712037993e-32 1.605770693040214741e-28 5.412300221973431764e-25 1.074847999720654954e-21 1.257724605869275229e-18 8.671335155486777167e-16
8.810434376689286334e-16 3.579057081086467473e-13 8.566469061888071224e-11 1.208094424498540320e-08 1.003847273750579916e-06 4.914770397590473294e-05 1.417781691998243332e-03 2.409786172211170197e-02 2.413320839405059814e-01 1.424035668373107910e+00 4.950986862182617188e+00 1.014214897155761719e+01 1.224153041839599609e+01 8.705804824829101562e+00 3.647943973541259766e+00 9.006489515304565430e-01 1.310178041458129883e-01 1.122973021119832993e-02 5.671248072758316994e-04 1.687545773165766150e-05 2.958652487450308399e-07 3.056365383002912495e-09 1.860298026734596988e-11 6.671511352260642291e-14 1.409719184046598199e-16 1.755150856300168967e-19 1.287546962630036958e-22 5.565021721071956597e-26 1.417264160831616298e-29 2.126540912324521335e-33 2.852043756429750477e-32 1.631529524563907924e-28 5.499120774087859034e-25 1.092089848536144729e-21 1.277900161394902989e-18 8.810434376689286334e-16
9.022643658547274334e-16 3.665262537921876174e-13 8.772799847678314222e-11 1.237192570613387943e-08 1.028026076710375492e-06 5.033148045185953379e-05 1.451930496841669083e-03 2.467828616499900818e-02 2.471448183059692383e-01 1.458335280418395996e+00 5.070236206054687500e+00 1.038643455505371094e+01 1.253638172149658203e+01 8.915494918823242188e+00 3.735809326171875000e+00 9.223420619964599609e-01 1.341735124588012695e-01 1.150021050125360489e-02 5.807846318930387497e-04 1.728192364680580795e-05 3.029915092156443279e-07 3.129981163141337674e-09 1.905105587174382720e-11 6.832201633871076707e-14 1.443673823226266912e-16 1.797425472468339983e-19 1.318558914971575044e-22 5.699062131118232785e-26 1.451400366316218622e-29 2.177781445760834111e-33 2.920741115659743487e-32 1.670826560261049657e-28 5.631572492226729969e-25 1.118394030456617620e-21 1.308679758783154287e-18 9.022643658547274334e-16
9.316636089045033167e-16 3.784690659827671944e-13 9.058651745386114840e-11 1.277505212726737227e-08 1.061522993950347882e-06 5.197147402213886380e-05 1.499239820986986160e-03 2.548239752650260925e-02 2.551977634429931641e-01 1.505853295326232910e+00 5.235444068908691406e+00 1.072486400604248047e+01 1.294486427307128906e+01 9.205995559692382812e+00 3.857536077499389648e+00 9.523955583572387695e-01 1.385454088449478149e-01 1.187493093311786652e-02 5.997088155709207058e-04 1.784503365342970937e-05 3.128640742033894639e-07 3.231968026540243955e-09 1.967181105511084382e-11 7.054820865947525332e-14 1.490714194998728507e-16 1.855992703270449993e-19 1.361522425571573548e-22 5.884758755612094556e-26 1.498692478880308630e-29 2.248685795634495966e-33 3.015906493440026534e-32 1.725268507187744992e-28 5.815070413466321051e-25 1.154835617745483304e-21 1.351321643143298848e-18 9.316636089045033167e-16
9.683572879377964210e-16 3.933751382360212157e-13 9.415426771575141629e-11 1.327819632024329621e-08 1.103331101148796733e-06 5.401837552199140191e-05 1.558287534862756729e-03 2.648602239787578583e-02 2.652487158775329590e-01 1.565161466598510742e+00 5.441642284393310547e+00 1.114726257324218750e+01 1.345469856262207031e+01 9.568574905395507812e+00 4.009465217590332031e+00 9.899056553840637207e-01 1.440020203590393066e-01 1.234262622892856598e-02 6.233283784240484238e-04 1.854786023613996804e-05 3.251862494835222606e-07 3.359259093116406802e-09 2.044658539701593725e-11 7.332674777701247981e-14 1.549426019039864318e-16 1.929091041742673183e-19 1.415146286900366718e-22 6.116529787351521048e-26 1.557718620557131682e-29 2.337317702344511812e-33 3.134691373084969509e-32 1.793218204520643253e-28 6.044097441850742829e-25 1.200318838429179105e-21 1.404543374333149770e-18 9.683572879377964210e-16
1.009073208800244977e-15 4.099151573733195164e-13 9.811311485474760730e-11 1.383649816943943733e-08 1.149722265836317092e-06 5.628964572679251432e-05 1.623807940632104874e-03 2.759966626763343811e-02 2.764014601707458496e-01 1.630970835685729980e+00 5.670443534851074219e+00 1.161596679687500000e+01 1.402042007446289062e+01 9.970898628234863281e+00 4.178048610687255859e+00 1.031527638435363770e+00 1.500567942857742310e-01 1.286158896982669830e-02 6.495371344499289989e-04 1.932773011503741145e-05 3.388591665043350076e-07 3.500504108799873393e-09 2.130629006558137917e-11 7.640987316611877467e-14 1.614573837642254719e-16 2.010202304658091694e-19 1.474648108606142690e-22 6.373708303214886159e-26 1.623214984067434416e-29 2.435596744254932319e-33 3.266496615906795551e-32 1.868616556284080674e-28 6.298229475505757546e-25 1.250787861982263437e-21 1.463599313780913766e-18 1.009073208800244977e-15
1.048226883270601383e-15 4.258205116638991150e-13 1.019200834839750769e-10 1.437337804333083113e-08 1.194333435705630109e-06 5.847377906320616603e-05 1.686814357526600361e-03 2.867058105766773224e-02 2.871263027191162109e-01 1.694255352020263672e+00 5.890466690063476562e+00 1.206668472290039062e+01 1.456443786621093750e+01 1.035778617858886719e+01 4.340163707733154297e+00 1.071552634239196777e+00 1.558792591094970703e-01 1.336064003407955170e-02 6.747401785105466843e-04 2.007767943723592907e-05 3.520074756124813575e-07 3.636329903855539669e-09 2.213301070197459808e-11 7.937470532194332296e-14 1.677221982607958873e-16 2.088201559012720862e-19 1.531866903743336637e-22 6.621019278489584380e-26 1.686198610853419428e-29 2.530046613317549225e-33 3.393237829065279179e-32 1.941122161271048466e-28 6.542612174448372082e-25 1.299320604355377449e-21 1.520389605530895020e-18 1.048226883270601383e-15
1.079020024914202625e-15 4.383296026491678710e-13 1.049141259978902951e-10 1.479561539952101157e-08 1.229418558068573475e-06 6.019153079250827432e-05 1.736366888508200645e-03 2.951281890273094177e-02 2.955610454082489014e-01 1.744026422500610352e+00 6.063507556915283203e+00 1.242116165161132812e+01 1.499228668212890625e+01 1.066205978393554688e+01 4.467662334442138672e+00 1.103030920028686523e+00 1.604584157466888428e-01 1.375312730669975281e-02 6.945616332814097404e-04 2.066749038931448013e-05 3.623481745762546780e-07 3.743151566482083581e-09 2.278319893855851319e-11 8.170644472419927307e-14 1.726492698009659448e-16 2.149545660980565528e-19 1.576867568744977882e-22 6.815520330242811287e-26 1.735733077633228419e-29 2.604405998227667025e-33 3.492924745866000155e-32 1.998145335805708794e-28 6.734810245396419399e-25 1.337489860135549567e-21 1.565053222705695749e-18 1.079020024914202625e-15
1.095310162555797329e-15 4.449471390291503958e-13 1.064980256759717747e-10 1.501898694300507486e-08 1.247979412255517673e-06 6.110024696681648493e-05 1.762581057846546173e-03 2.995837479829788208e-02 3.000231683254241943e-01 1.770356178283691406e+00 6.155048370361328125e+00 1.260868453979492188e+01 1.521862602233886719e+01 1.082302761077880859e+01 4.535111427307128906e+00 1.119683623313903809e+00 1.628808677196502686e-01 1.396076008677482605e-02 7.050475687719881535e-04 2.097951073665171862e-05 3.678185862554528285e-07 3.799662806613923749e-09 2.312716164409867048e-11 8.293998219341749967e-14 1.752557754681246388e-16 2.181997248880727918e-19 1.600673750033865158e-22 6.918414909377248199e-26 1.761937461012493436e-29 2.643722794513818538e-33 3.545652426592896977e-32 2.028311417265889117e-28 6.836486527470355610e-25 1.357682275928506630e-21 1.588680809722660432e-18 1.095310162555797329e-15
1.093602650013251066e-15 4.442534664791941701e-13 1.063319918226390826e-10 1.499557278350494016e-08 1.246033662027912214e-06 6.100500104366801679e-05 1.759833656251430511e-03 2.991167455911636353e-02 2.995554804801940918e-01 1.767596364021301270e+00 6.145453929901123047e+00 1.258902931213378906e+01 1.519490337371826172e+01 1.080615615844726562e+01 4.528041839599609375e+00 1.117938160896301270e+00 1.626269668340682983e-01 1.393899787217378616e-02 7.039484335109591484e-04 2.094680166919715703e-05 3.672451782676944276e-07 3.793739100643733764e-09 2.309110541665049254e-11 8.281067753182144719e-14 1.749825676379657244e-16 2.178595985599486437e-19 1.598178551436214889e-22 6.907631550581426290e-26 1.759191054819141857e-29 2.639630053792041502e-33 3.540127603144032226e-32 2.025149521779691373e-28 6.825829016640819741e-25 1.355565755808911414e-21 1.586204230968676667e-18 1.093602650013251066e-15
1.074271452332776610e-15 4.364006172489359736e-13 1.044524189364182121e-10 1.473050215139437569e-08 1.224008087774564046e-06 5.992664591758511961e-05 1.728725736029446125e-03 2.938294410705566406e-02 2.942603528499603271e-01 1.736351490020751953e+00 6.036823272705078125e+00 1.236649703979492188e+01 1.492630958557128906e+01 1.061513900756835938e+01 4.448000907897949219e+00 1.098176836967468262e+00 1.597522646188735962e-01 1.369260251522064209e-02 6.915050325915217400e-04 2.057653546216897666e-05 3.607535745686618611e-07 3.726678965421115208e-09 2.268293539109400569e-11 8.134687584995803356e-14 1.718894812472788374e-16 2.140085687453285254e-19 1.569928243351674520e-22 6.785527592107275537e-26 1.728094357991302544e-29 2.592970642246073959e-33 3.477552512366709395e-32 1.989352021162122772e-28 6.705171755111134459e-25 1.331603872309995235e-21 1.558165703335272964e-18 1.074271452332776610e-15
1.041425208704149351e-15 4.230574224273198070e-13 1.012587444448875829e-10 1.428011220383496038e-08 1.186583631351822987e-06 5.809435606352053583e-05 1.675868872553110123e-03 2.848454192280769348e-02 2.852632105350494385e-01 1.683261990547180176e+00 5.852245330810546875e+00 1.198838615417480469e+01 1.446993160247802734e+01 1.029057598114013672e+01 4.312000751495361328e+00 1.064599633216857910e+00 1.548677682876586914e-01 1.327394600957632065e-02 6.703619146719574928e-04 1.994739977817516774e-05 3.497233365123975091e-07 3.612734333913181217e-09 2.198939294539847822e-11 7.885966185616766211e-14 1.666338932724721199e-16 2.074651565097278000e-19 1.521927003902062217e-22 6.578056557736567228e-26 1.675257071820146350e-29 2.513624222552592604e-33 3.371217293391325267e-32 1.928526699805377468e-28 6.500159131795837569e-25 1.290889763871354616e-21 1.510524132557704766e-18 1.041425208704149351e-15
1.001486228812569802e-15 4.068330145424320365e-13 9.737542022714151813e-11 1.373246227842628286e-08 1.141077859756478574e-06 5.586641782429069281e-05 1.611598534509539604e-03 2.739214710891246796e-02 2.743232548236846924e-01 1.618708014488220215e+00 5.627809524536132812e+00 1.152862644195556641e+01 1.391500377655029297e+01 9.895929336547851562e+00 4.146634578704833984e+00 1.023771762847900391e+00 1.489285528659820557e-01 1.276488509029150009e-02 6.446533370763063431e-04 1.918240923259872943e-05 3.363113592058653012e-07 3.474184273599689732e-09 2.114609182202187299e-11 7.583536798744586194e-14 1.602434134972426484e-16 1.995087905409157919e-19 1.463560510811080325e-22 6.325785619520291896e-26 1.611010757214372456e-29 2.417283827966067292e-33 3.241934367572776148e-32 1.854566656598532740e-28 6.250875141441471733e-25 1.241383630250070293e-21 1.452594813104237994e-18 1.001486228812569802e-15
9.611545432708194781e-16 3.904491747280802727e-13 9.345393903181786754e-11 1.317943443268632109e-08 1.095124275707348716e-06 5.361657895264215767e-05 1.546696992591023445e-03 2.628902159631252289e-02 2.632757425308227539e-01 1.553519845008850098e+00 5.401166915893554688e+00 1.106435108184814453e+01 1.335462284088134766e+01 9.497403144836425781e+00 3.979642152786254883e+00 9.825425744056701660e-01 1.429309397935867310e-01 1.225082017481327057e-02 6.186919636093080044e-04 1.840990080381743610e-05 3.227675051675760187e-07 3.334272857813402879e-09 2.029450218987705057e-11 7.278134665040722484e-14 1.537901474047979520e-16 1.914742301548233804e-19 1.404620358069821713e-22 6.071034699833228008e-26 1.546132045455765785e-29 2.319930487856919336e-33 3.111377205877935669e-32 1.779880417432032500e-28 5.999141244938328893e-25 1.191390801004700815e-21 1.394096393389334738e-18 9.611545432708194781e-16
9.256333695947631390e-16 3.760194738043620699e-13 9.000019479676879541e-11 1.269236538092854971e-08 1.054652329912642017e-06 5.163509194971993566e-05 1.489536254666745663e-03 2.531746588647365570e-02 2.535459995269775391e-01 1.496106863021850586e+00 5.201558113098144531e+00 1.065544891357421875e+01 1.286107826232910156e+01 9.146409988403320312e+00 3.832567930221557617e+00 9.462311863899230957e-01 1.376486718654632568e-01 1.179807167500257492e-02 5.958271212875843048e-04 1.772953328327275813e-05 3.108390842498920392e-07 3.211048982265651830e-09 1.954448408669762216e-11 7.009159691453298313e-14 1.481065563287215967e-16 1.843979714330707226e-19 1.352710281280403087e-22 5.846670332436728172e-26 1.488992111418226982e-29 2.234157787484286388e-33 2.996384471008745394e-32 1.714101604258323225e-28 5.777432873602095051e-25 1.147361103870529042e-21 1.342574931948586564e-18 9.256333695947631390e-16
8.977403628834422153e-16 3.646885040047703752e-13 8.728812811442665520e-11 1.230989354894518328e-08 1.022871288114401978e-06 5.007911749999038875e-05 1.444650348275899887e-03 2.455454692244529724e-02 2.459056079387664795e-01 1.451023101806640625e+00 5.044815063476562500e+00 1.033435440063476562e+01 1.247352409362792969e+01 8.870792388916015625e+00 3.717077016830444336e+00 9.177173376083374023e-01 1.335007846355438232e-01 1.144254766404628754e-02 5.778726190328598022e-04 1.719526699162088335e-05 3.014722267380420817e-07 3.114287494554446312e-09 1.895553158881568834e-11 6.797944910978681587e-14 1.436435000249692857e-16 1.788413339694574746e-19 1.311947503279353953e-22 5.670485644826601632e-26 1.444122909002142260e-29 2.166789471554691827e-33 2.906096513163611724e-32 1.662448765002965181e-28 5.603336202200475377e-25 1.112786428489072162e-21 1.302117838381347688e-18 8.977403628834422153e-16
8.779714609274740997e-16 3.566578185131702439e-13 8.536599205299921778e-11 1.203882238343112476e-08 1.000346742330293637e-06 4.897634062217548490e-05 1.412837998941540718e-03 2.401383779942989349e-02 2.404906004667282104e-01 1.419070482254028320e+00 4.933723926544189453e+00 1.010678482055664062e+01 1.219884681701660156e+01 8.675450325012207031e+00 3.635224819183349609e+00 8.975086212158203125e-01 1.305609643459320068e-01 1.119057275354862213e-02 5.651473766192793846e-04 1.681662070041056722e-05 2.948336259578354657e-07 3.045708574234140542e-09 1.853811375240876913e-11 6.648246406518176777e-14 1.404803745974563087e-16 1.749031399977895810e-19 1.283057397446243135e-22 5.545617591696266318e-26 1.412322044038386364e-29 2.119099298399846991e-33 2.842097604853855397e-32 1.625840688620052602e-28 5.479946523710330816e-25 1.088282010635755663e-21 1.273444449627809536e-18 8.779714609274740997e-16
8.652347323787295923e-16 3.514837075904719832e-13 8.412755214681766347e-11 1.186417186715971184e-08 9.858349585556425154e-07 4.826583972317166626e-05 1.392341917380690575e-03 2.366546913981437683e-02 2.370017766952514648e-01 1.398483872413635254e+00 4.862150192260742188e+00 9.960165023803710938e+00 1.202187538146972656e+01 8.549594879150390625e+00 3.582488059997558594e+00 8.844883441925048828e-01 1.286669224500656128e-01 1.102823019027709961e-02 5.569488275796175003e-04 1.657265602261759341e-05 2.905563292188162450e-07 3.001524362389318412e-09 1.826918304137503668e-11 6.551801202264728730e-14 1.384424265612522629e-16 1.723657893181773109e-19 1.264444066615372317e-22 5.465167954208113804e-26 1.391833610085474996e-29 2.088393181904461050e-33 2.800870960855403835e-32 1.602254426444249745e-28 5.400447093834420298e-25 1.072493988292377520e-21 1.254970301224626785e-18 8.652347323787295923e-16
8.577392848889170852e-16 3.484388884193723168e-13 8.339880175345371072e-11 1.176139541314569215e-08 9.772948033059947193e-07 4.784771590493619442e-05 1.380280591547489166e-03 2.346046082675457001e-02 2.349486947059631348e-01 1.386369109153747559e+00 4.820028305053710938e+00 9.873883247375488281e+00 1.191773605346679688e+01 8.475531578063964844e+00 3.551453113555908203e+00 8.768262863159179688e-01 1.275522708892822266e-01 1.093269605189561844e-02 5.521241109818220139e-04 1.642909046495333314e-05 2.880394447402068181e-07 2.975522939152597246e-09 1.811092074921472062e-11 6.495044573787828179e-14 1.372431073172789787e-16 1.708726119902454557e-19 1.253490638283069942e-22 5.417823973943209018e-26 1.379776385853949468e-29 2.070305629923167733e-33 2.776606406465730177e-32 1.588374490076293985e-28 5.353665670002551246e-25 1.063203554478927939e-21 1.244098873228995481e-18 8.577392848889170852e-16
8.536982495162444284e-16 3.467972436999033903e-13 8.300587994725106000e-11 1.170598462607586043e-08 9.726904863782692701e-07 4.762229218613356352e-05 1.373777515254914761e-03 2.334992587566375732e-02 2.338417321443557739e-01 1.379837393760681152e+00 4.797321319580078125e+00 9.827364921569824219e+00 1.186158657073974609e+01 8.435600280761718750e+00 3.534721612930297852e+00 8.726950883865356445e-01 1.269513666629791260e-01 1.088118925690650940e-02 5.495228106155991554e-04 1.635168882785364985e-05 2.866823081149050267e-07 2.961503930976050469e-09 1.802558970143142147e-11 6.464445677974856030e-14 1.365965035411687272e-16 1.700675584590782215e-19 1.247584910002223359e-22 5.392298160683487246e-26 1.373275920901811831e-29 2.060464905496862026e-33 2.763516982995736300e-32 1.580890928165512807e-28 5.328441842558109393e-25 1.058194325596097965e-21 1.238237471408444727e-18 8.536982495162444284e-16
8.516968165410009235e-16 3.459842547008651348e-13 8.281127172882207788e-11 1.167854080108554626e-08 9.704099284135736525e-07 4.751064261654391885e-05 1.370556652545928955e-03 2.329519018530845642e-02 2.332935333251953125e-01 1.376602411270141602e+00 4.786074638366699219e+00 9.804323196411132812e+00 1.183377838134765625e+01 8.415824890136718750e+00 3.526434898376464844e+00 8.706492185592651367e-01 1.266537308692932129e-01 1.085568033158779144e-02 5.482345586642622948e-04 1.631334998819511384e-05 2.860102199520042632e-07 2.954561040269254590e-09 1.798333357228010243e-11 6.449288531603508678e-14 1.362762986173270000e-16 1.696688315544335199e-19 1.244659687547919012e-22 5.379656664677320532e-26 1.370056307702593231e-29 2.055712969583662929e-33 2.757047355962398135e-32 1.577184716728782620e-28 5.315948257971671619e-25 1.055713490577809960e-21 1.235334687843843014e-18 8.516968165410009235e-16
8.507848796941632624e-16 3.456137015033639015e-13 8.272257878694233568e-11 1.166603524893616850e-08 9.693709444036358036e-07 4.745975820696912706e-05 1.369088888168334961e-03 2.327023819088935852e-02 2.330437004566192627e-01 1.375128388404846191e+00 4.780948638916015625e+00 9.793825149536132812e+00 1.182110404968261719e+01 8.406813621520996094e+00 3.522658109664916992e+00 8.697168231010437012e-01 1.265181005001068115e-01 1.084405370056629181e-02 5.476472433656454086e-04 1.629587859497405589e-05 2.857040044546010904e-07 2.951396238515258119e-09 1.796407293752633194e-11 6.442382163764776015e-14 1.361303442526032434e-16 1.694871620124015612e-19 1.243327080597947261e-22 5.373894282283713923e-26 1.368589140289490111e-29 2.053515897173579147e-33 2.754094808026720254e-32 1.575495676167555015e-28 5.310257119578567782e-25 1.054582882506672722e-21 1.234011612454064447e-18 8.507848796941632624e-16
8.504017031646490983e-16 3.454582269118294802e-13 8.268535856004177731e-11 1.166078167358364226e-08 9.689342732599470764e-07 4.743840690935030580e-05 1.368472352623939514e-03 2.325976639986038208e-02 2.329387962818145752e-01 1.374509215354919434e+00 4.778797149658203125e+00 9.789417266845703125e+00 1.181578445434570312e+01 8.403028488159179688e+00 3.521072626113891602e+00 8.693253993988037109e-01 1.264611631631851196e-01 1.083917263895273209e-02 5.474007921293377876e-04 1.628854624868836254e-05 2.855753677977190819e-07 2.950068633822411357e-09 1.795599086085175600e-11 6.439482600579735094e-14 1.360690534779355142e-16 1.694108804502876866e-19 1.242767178681857596e-22 5.371476546868727962e-26 1.367973294097116912e-29 2.052552175476897188e-33 2.752848784014848629e-32 1.574786693206777463e-28 5.307866377997682353e-25 1.054108202811895893e-21 1.233456160672735089e-18 8.504017031646490983e-16
8.502533665197611890e-16 3.453979181659849740e-13 8.267092566072165027e-11 1.165874685682410927e-08 9.687655619927681983e-07 4.743013414554297924e-05 1.368234166875481606e-03 2.325570583343505859e-02 2.328981906175613403e-01 1.374269485473632812e+00 4.777963638305664062e+00 9.787709236145019531e+00 1.181372451782226562e+01 8.401561737060546875e+00 3.520458698272705078e+00 8.691737651824951172e-01 1.264390945434570312e-01 1.083727926015853882e-02 5.473053315654397011e-04 1.628570316825062037e-05 2.855255161193781532e-07 2.949553490338985284e-09 1.795285968497761786e-11 6.438359773704854794e-14 1.360452968507429913e-16 1.693813087433889159e-19 1.242550715249464950e-22 5.370539158246195807e-26 1.367734358413391370e-29 2.052186302860203751e-33 2.752375353665054953e-32 1.574512007448459234e-28 5.306940945548244953e-25 1.053924227827023869e-21 1.233240886918318163e-18 8.502533665197611890e-16
8.502005328396762020e-16 3.453764238579154489e-13 8.266577700144495111e-11 1.165802210323363397e-08 9.687053079687757418e-07 4.742718010675162077e-05 1.368148834444582462e-03 2.325426042079925537e-02 2.328836917877197266e-01 1.374184012413024902e+00 4.777666091918945312e+00 9.787100791931152344e+00 1.181298828125000000e+01 8.401037216186523438e+00 3.520238876342773438e+00 8.691195845603942871e-01 1.264312416315078735e-01 1.083660870790481567e-02 5.472712800838053226e-04 1.628469362913165241e-05 2.855077525509841507e-07 2.949370525584527059e-09 1.795174078833561282e-11 6.437958618901035157e-14 1.360368926957194525e-16 1.693707621905788648e-19 1.242473091336391203e-22 5.370203892361476877e-26 1.367649346661939902e-29 2.052050202654897608e-33 2.752197854018080788e-32 1.574414025762538533e-28 5.306611103082249418e-25 1.053858998496492954e-21 1.233164372711657008e-18 8.502005328396762020e-16
8.501831686642574888e-16 3.453693494387399809e-13 8.266409778912020556e-11 1.165778407141715434e-08 9.686855264590121806e-07 4.742621240438893437e-05 1.368121127597987652e-03 2.325378730893135071e-02 2.328789234161376953e-01 1.374155879020690918e+00 4.777566909790039062e+00 9.786898612976074219e+00 1.181274700164794922e+01 8.400865554809570312e+00 3.520167350769042969e+00 8.691018819808959961e-01 1.264286339282989502e-01 1.083638519048690796e-02 5.472602788358926773e-04 1.628436075407080352e-05 2.855018692571320571e-07 2.949309685362777600e-09 1.795137476168218171e-11 6.437827159387621290e-14 1.360340736641918718e-16 1.693673112964608701e-19 1.242447974005168966e-22 5.370094191391844580e-26 1.367620909102604810e-29 2.052052223035813083e-33 2.752147307760995429e-32 1.574381766435970047e-28 5.306501648631650003e-25 1.053837087095989536e-21 1.233139350498127279e-18 8.501831686642574888e-16
8.501779805874555562e-16 3.453672352445036342e-13 8.266359818875912424e-11 1.165771301714357833e-08 9.686796147434506565e-07 4.742592136608436704e-05 1.368112512864172459e-03 2.325364574790000916e-02 2.328775078058242798e-01 1.374147891998291016e+00 4.777539253234863281e+00 9.786841392517089844e+00 1.181267738342285156e+01 8.400818824768066406e+00 3.520146369934082031e+00 8.690966367721557617e-01 1.264278888702392578e-01 1.083632092922925949e-02 5.472566699609160423e-04 1.628426434763241559e-05 2.855002207979850937e-07 2.949292365883593448e-09 1.795126200465624322e-11 6.437787857058868690e-14 1.360332398661344183e-16 1.693662514713010366e-19 1.242440653375968515e-22 5.370063376512734384e-26 1.367613385938759547e-29 2.052053508732759295e-33 2.752126148862680628e-32 1.574372257156869635e-28 5.306470587233506925e-25 1.053830927670041570e-21 1.233131388884731456e-18 8.501779805874555562e-16
8.501764982797978612e-16 3.453666931434173915e-13 8.266345247198714219e-11 1.165769436539676462e-08 9.686779094408848323e-07 4.742583769257180393e-05 1.368110300973057747e-03 2.325360290706157684e-02 2.328771054744720459e-01 1.374145507812500000e+00 4.777531623840332031e+00 9.786825180053710938e+00 1.181265449523925781e+01 8.400802612304687500e+00 3.520140171051025391e+00 8.690950870513916016e-01 1.264276802539825439e-01 1.083630137145519257e-02 5.472559714689850807e-04 1.628423706279136240e-05 2.854997376289247768e-07 2.949286592723865397e-09 1.795123424908062759e-11 6.437777015037143835e-14 1.360330281078976048e-16 1.693660059020566849e-19 1.242438381456561478e-22 5.370053515751419121e-26 1.367610828063052158e-29 2.051990876924379545e-33 2.752119977517338811e-32 1.574369488632574578e-28 5.306461219510257426e-25 1.053828908186124204e-21 1.233129527728353212e-18 8.501764982797978612e-16
8.501761277028834374e-16 3.453664763029828944e-13 8.266341777751762265e-11 1.165768814814782672e-08 9.686774546935339458e-07 4.742581950267776847e-05 1.368109486065804958e-03 2.325359359383583069e-02 2.328769564628601074e-01 1.374144554138183594e+00 4.777528762817382812e+00 9.786819458007812500e+00 1.181264877319335938e+01 8.400797843933105469e+00 3.520138263702392578e+00 8.690947294235229492e-01 1.264276057481765747e-01 1.083629578351974487e-02 5.472556222230195999e-04 1.628422614885494113e-05 2.854995955203776248e-07 2.949285704545445697e-09 1.795122557546324771e-11 6.437774982158070425e-14 1.360329486985587997e-16 1.693659025044801158e-19 1.242437497932347631e-22 5.370051666858672510e-26 1.367610376673221442e-29 2.052051672022836136e-33 2.752125267241917511e-32 1.574368766408845433e-28 5.306458261281862847e-25 1.053828403315144863e-21 1.233128803945317228e-18 8.501761277028834374e-16
8.501758630050874205e-16 3.453663949878199579e-13 8.266337614415419921e-11 1.165768637179098732e-08 9.686771136330207810e-07 4.742580131278373301e-05 1.368109136819839478e-03 2.325358800590038300e-02 2.328769266605377197e-01 1.374144077301025391e+00 4.777526855468750000e+00 9.786815643310546875e+00 1.181264495849609375e+01 8.400795936584472656e+00 3.520137071609497070e+00 8.690944314002990723e-01 1.264275610446929932e-01 1.083629392087459564e-02 5.472555058076977730e-04 1.628421887289732695e-05 2.854994818335399032e-07 2.949284372277816146e-09 1.795122037129281978e-11 6.437771594026281408e-14 1.360328957589995963e-16 1.693658637303889023e-19 1.242437245496857960e-22 5.370049817965925898e-26 1.367609774820113821e-29 2.052048733286959080e-33 2.752122034632452750e-32 1.574368044185116288e-28 5.306456782167665557e-25 1.053828201366753126e-21 1.233128390355010951e-18 8.501758630050874205e-16
8.501757041864098103e-16 3.453663678827656458e-13 8.266336226636639140e-11 1.165768370725572822e-08 9.686771136330207810e-07 4.742579767480492592e-05 1.368109020404517651e-03 2.325358241796493530e-02 2.328769117593765259e-01 1.374144077301025391e+00 4.777525901794433594e+00 9.786815643310546875e+00 1.181264400482177734e+01 8.400794982910156250e+00 3.520136356353759766e+00 8.690943121910095215e-01 1.264275461435317993e-01 1.083629205822944641e-02 5.472553893923759460e-04 1.628421887289732695e-05 2.854994249901210424e-07 2.949284150233211221e-09 1.795122037129281978e-11 6.437770916399923604e-14 1.360329089938893971e-16 1.693658508056918312e-19 1.242437245496857960e-22 5.370049201668343694e-26 1.367609774820113821e-29 2.052045610880089708e-33 2.752119683643751105e-32 1.574368044185116288e-28 5.306456289129599794e-25 1.053827999418361389e-21 1.233128286957434382e-18 8.501757041864098103e-16
8.501758630050874205e-16 3.453664220928742701e-13 8.266339002194200702e-11 1.165768637179098732e-08 9.686772273198585026e-07 4.742580495076254010e-05 1.368109369650483131e-03 2.325358986854553223e-02 2.328769713640213013e-01 1.374144315719604492e+00 4.777527809143066406e+00 9.786815643310546875e+00 1.181264305114746094e+01 8.400796890258789062e+00 3.520137786865234375e+00 8.690944910049438477e-01 1.264275908470153809e-01 1.083629205822944641e-02 5.472555058076977730e-04 1.628422432986553758e-05 2.854994818335399032e-07 2.949285260456235847e-09 1.795122037129281978e-11 6.437772949278997014e-14 1.360329222287791980e-16 1.693658766550859735e-19 1.242437371714602795e-22 5.370050434263508102e-26 1.367609925283390726e-29 2.052049835312912976e-33 2.752125267241917511e-32 1.574368525667602385e-28 5.306457275205731321e-25 1.053828201366753126e-21 1.233128597150164090e-18 8.501758630050874205e-16
8.501763924006794544e-16 3.453665847232001429e-13 8.266343165530543047e-11 1.165769347721834492e-08 9.686775683803716674e-07 4.742582677863538265e-05 1.368110068142414093e-03 2.325359918177127838e-02 2.328770756721496582e-01 1.374145030975341797e+00 4.777530193328857422e+00 9.786822319030761719e+00 1.181265354156494141e+01 8.400800704956054688e+00 3.520139694213867188e+00 8.690949678421020508e-01 1.264276206493377686e-01 1.083629950881004333e-02 5.472557968460023403e-04 1.628422978683374822e-05 2.854996523637964856e-07 2.949286592723865397e-09 1.795123077963367564e-11 6.437775659784428228e-14 1.360330148730078039e-16 1.693659929773596138e-19 1.242438002803326972e-22 5.370052283156254714e-26 1.367610677599775252e-29 2.051994366673233549e-33 2.752123797873978983e-32 1.574369247891331530e-28 5.306460233434125899e-25 1.053828706237732468e-21 1.233129217535623504e-18 8.501763924006794544e-16
8.501769217962714884e-16 3.453668557737432643e-13 8.266350104424446954e-11 1.165770235900254193e-08 9.686784778750734404e-07 4.742586679640226066e-05 1.368110999464988708e-03 2.325361967086791992e-02 2.328772544860839844e-01 1.374146223068237305e+00 4.777532577514648438e+00 9.786828994750976562e+00 1.181266021728515625e+01 8.400806427001953125e+00 3.520141601562500000e+00 8.690955638885498047e-01 1.264277696609497070e-01 1.083630695939064026e-02 5.472562042996287346e-04 1.628424070077016950e-05 2.854999365808907896e-07 2.949288813169914647e-09 1.795124118797453150e-11 6.437780403168932852e-14 1.360330942823466090e-16 1.693660834502391117e-19 1.242439012545285655e-22 5.370057213536912345e-26 1.367611279452882873e-29 2.052056080126651719e-33 2.752128205977794567e-32 1.574370331226925248e-28 5.306464177738652004e-25 1.053829514031299414e-21 1.233130044716236057e-18 8.501769217962714884e-16
8.501776629501003359e-16 3.453671268242863857e-13 8.266355655539570080e-11 1.165771124078673893e-08 9.686791599960997701e-07 4.742589953821152449e-05 1.368112163618206978e-03 2.325363829731941223e-02 2.328774183988571167e-01 1.374147295951843262e+00 4.777537345886230469e+00 9.786838531494140625e+00 1.181266975402832031e+01 8.400814056396484375e+00 3.520144939422607422e+00 8.690963983535766602e-01 1.264278292655944824e-01 1.083631627261638641e-02 5.472566699609160423e-04 1.628425889066420496e-05 2.855000786894379416e-07 2.949290811571358972e-09 1.795126026993276724e-11 6.437785824179795280e-14 1.360332001614650158e-16 1.693661997725127520e-19 1.242439769851754667e-22 5.370062143917569976e-26 1.367612633622375021e-29 2.052057549494590247e-33 2.752128499851382273e-32 1.574371414562518966e-28 5.306467135967046583e-25 1.053830321824866360e-21 1.233131182089578318e-18 8.501776629501003359e-16
8.501782982248107766e-16 3.453673436647208828e-13 8.266361900544083596e-11 1.165771656985725713e-08 9.686798421171260998e-07 4.742593591799959540e-05 1.368113094940781593e-03 2.325365319848060608e-02 2.328775376081466675e-01 1.374148130416870117e+00 4.777540683746337891e+00 9.786841392517089844e+00 1.181267833709716797e+01 8.400819778442382812e+00 3.520147085189819336e+00 8.690969944000244141e-01 1.264279186725616455e-01 1.083632372319698334e-02 5.472569027915596962e-04 1.628426798561122268e-05 2.855003060631133849e-07 2.949292809972803298e-09 1.795126894355014713e-11 6.437790567564299904e-14 1.360333060405834226e-16 1.693663419441805346e-19 1.242441032029203021e-22 5.370065225405480996e-26 1.367613385938759547e-29 2.051998407435064501e-33 2.752129381472145389e-32 1.574372377527491159e-28 5.306472066347704215e-25 1.053831129618433306e-21 1.233131802475037733e-18 8.501782982248107766e-16
8.501785629226067936e-16 3.453674520849381313e-13 8.266363982212254768e-11 1.165772278710619503e-08 9.686800694908015430e-07 4.742595046991482377e-05 1.368113327771425247e-03 2.325366064906120300e-02 2.328776419162750244e-01 1.374148368835449219e+00 4.777541160583496094e+00 9.786846160888671875e+00 1.181268024444580078e+01 8.400819778442382812e+00 3.520148754119873047e+00 8.690972328186035156e-01 1.264279782772064209e-01 1.083632558584213257e-02 5.472571356222033501e-04 1.628426980460062623e-05 2.855003344848228153e-07 2.949294142240432848e-09 1.795127588244405104e-11 6.437791245190657707e-14 1.360333457452528251e-16 1.693664194923629614e-19 1.242441284464692692e-22 5.370065225405480996e-26 1.367613837328590263e-29 2.052056447468636351e-33 2.752132614081610151e-32 1.574373340492463353e-28 5.306472559385769978e-25 1.053831230592629175e-21 1.233132319462920578e-18 8.501785629226067936e-16
8.501785099830475902e-16 3.453673978748295070e-13 8.266362594433473987e-11 1.165771834621409653e-08 9.686800694908015430e-07 4.742594319395720959e-05 1.368113327771425247e-03 2.325365319848060608e-02 2.328776270151138306e-01 1.374148488044738770e+00 4.777541160583496094e+00 9.786846160888671875e+00 1.181268024444580078e+01 8.400821685791015625e+00 3.520147800445556641e+00 8.690970540046691895e-01 1.264279484748840332e-01 1.083632558584213257e-02 5.472570774145424366e-04 1.628427162359002978e-05 2.855004197499511065e-07 2.949294142240432848e-09 1.795127241299709908e-11 6.437791922817015511e-14 1.360333325103630243e-16 1.693663807182717480e-19 1.242441032029203021e-22 5.370067074298227608e-26 1.367613686865313357e-29 2.052052590377797715e-33 2.752127912104206861e-32 1.574372859009977256e-28 5.306473052423835741e-25 1.053831432541020911e-21 1.233132009270190871e-18 8.501785099830475902e-16
8.501779805874555562e-16 3.453672352445036342e-13 8.266359818875912424e-11 1.165771212896515863e-08 9.686793873697752133e-07 4.742591409012675285e-05 1.368112512864172459e-03 2.325364202260971069e-02 2.328774929046630859e-01 1.374147415161132812e+00 4.777539253234863281e+00 9.786838531494140625e+00 1.181267166137695312e+01 8.400814056396484375e+00 3.520146131515502930e+00 8.690965175628662109e-01 1.264278590679168701e-01 1.083631906658411026e-02 5.472566699609160423e-04 1.628425889066420496e-05 2.855001639545662329e-07 2.949291921794383597e-09 1.795126026993276724e-11 6.437789212311584297e-14 1.360332001614650158e-16 1.693662514713010366e-19 1.242440400940478844e-22 5.370062143917569976e-26 1.367613385938759547e-29 2.052052590377797715e-33 2.752128499851382273e-32 1.574371896045005062e-28 5.306470094195441162e-25 1.053830826695845702e-21 1.233131492282308025e-18 8.501779805874555562e-16
8.501771864940675053e-16 3.453669641939605128e-13 8.266352186092618126e-11 1.165770413535938133e-08 9.686787052487488836e-07 4.742587771033868194e-05 1.368111581541597843e-03 2.325362339615821838e-02 2.328772991895675659e-01 1.374146223068237305e+00 4.777534484863281250e+00 9.786832809448242188e+00 1.181266498565673828e+01 8.400809288024902344e+00 3.520142555236816406e+00 8.690959811210632324e-01 1.264277696609497070e-01 1.083631254732608795e-02 5.472563207149505615e-04 1.628424433874897659e-05 2.854999365808907896e-07 2.949289479303729422e-09 1.795125159631538736e-11 6.437783791300721870e-14 1.360331207521262107e-16 1.693661480737244674e-19 1.242439391198520161e-22 5.370058446132076753e-26 1.367612483159098115e-29 2.052054059745736243e-33 2.752128793724969978e-32 1.574371053450654393e-28 5.306466149890915057e-25 1.053829715979691150e-21 1.233130561704118903e-18 8.501771864940675053e-16
8.501764982797978612e-16 3.453666389333087672e-13 8.266344553309323828e-11 1.165769436539676462e-08 9.686777957540471107e-07 4.742583769257180393e-05 1.368110300973057747e-03 2.325360290706157684e-02 2.328771203756332397e-01 1.374145507812500000e+00 4.777531623840332031e+00 9.786825180053710938e+00 1.181265354156494141e+01 8.400800704956054688e+00 3.520139694213867188e+00 8.690952062606811523e-01 1.264276802539825439e-01 1.083630323410034180e-02 5.472559132613241673e-04 1.628422978683374822e-05 2.854997944723436376e-07 2.949287036813075247e-09 1.795123077963367564e-11 6.437777015037143835e-14 1.360330281078976048e-16 1.693660059020566849e-19 1.242438381456561478e-22 5.370054132049001325e-26 1.367610677599775252e-29 2.051993080976287337e-33 2.752124091747566689e-32 1.574369488632574578e-28 5.306460726472191663e-25 1.053829110134515941e-21 1.233129217535623504e-18 8.501764982797978612e-16
8.501760747633242341e-16 3.453664491979285822e-13 8.266340389972981484e-11 1.165768814814782672e-08 9.686774546935339458e-07 4.742581222672015429e-05 1.368109602481126785e-03 2.325359359383583069e-02 2.328769564628601074e-01 1.374144554138183594e+00 4.777528762817382812e+00 9.786818504333496094e+00 1.181264686584472656e+01 8.400796890258789062e+00 3.520138263702392578e+00 8.690946102142333984e-01 1.264275759458541870e-01 1.083629485219717026e-02 5.472556222230195999e-04 1.628422614885494113e-05 2.854995670986681944e-07 2.949285260456235847e-09 1.795122384073977173e-11 6.437773626905354818e-14 1.360329486985587997e-16 1.693659025044801158e-19 1.242437497932347631e-22 5.370051050561090306e-26 1.367609774820113821e-29 2.052053692403751611e-33 2.752123210126803572e-32 1.574368766408845433e-28 5.306458261281862847e-25 1.053828302340948994e-21 1.233129010740470366e-18 8.501760747633242341e-16
8.501758630050874205e-16 3.453663678827656458e-13 8.266337614415419921e-11 1.165768459543414792e-08 9.686772273198585026e-07 4.742579039884731174e-05 1.368109136819839478e-03 2.325358614325523376e-02 2.328769117593765259e-01 1.374144077301025391e+00 4.777527809143066406e+00 9.786814689636230469e+00 1.181264686584472656e+01 8.400795936584472656e+00 3.520137310028076172e+00 8.690944910049438477e-01 1.264275461435317993e-01 1.083629205822944641e-02 5.472553893923759460e-04 1.628422069188673049e-05 2.854994818335399032e-07 2.949284372277816146e-09 1.795122037129281978e-11 6.437771594026281408e-14 1.360328957589995963e-16 1.693658766550859735e-19 1.242437245496857960e-22 5.370049817965925898e-26 1.367609774820113821e-29 2.052052406706805399e-33 2.752124385621154395e-32 1.574368284926359336e-28 5.306456289129599794e-25 1.053828100392557258e-21 1.233128390355010951e-18 8.501758630050874205e-16
8.501757571259690137e-16 3.453663136726570215e-13 8.266338308304810312e-11 1.165768459543414792e-08 9.686771136330207810e-07 4.742580131278373301e-05 1.368109136819839478e-03 2.325358428061008453e-02 2.328768968582153320e-01 1.374144077301025391e+00 4.777526855468750000e+00 9.786814689636230469e+00 1.181264114379882812e+01 8.400794982910156250e+00 3.520137071609497070e+00 8.690943717956542969e-01 1.264275610446929932e-01 1.083629298955202103e-02 5.472553893923759460e-04 1.628421887289732695e-05 2.854994534118304728e-07 2.949284372277816146e-09 1.795122037129281978e-11 6.437772949278997014e-14 1.360329089938893971e-16 1.693658508056918312e-19 1.242437371714602795e-22 5.370049817965925898e-26 1.367609473893560010e-29 2.051993631989264285e-33 2.752119683643751105e-32 1.574368164555737812e-28 5.306456289129599794e-25 1.053828100392557258e-21 1.233128493752587520e-18 8.501757571259690137e-16
8.501759159446466239e-16 3.453664491979285822e-13 8.266340389972981484e-11 1.165768459543414792e-08 9.686773410066962242e-07 4.742580495076254010e-05 1.368109136819839478e-03 2.325358986854553223e-02 2.328769266605377197e-01 1.374144315719604492e+00 4.777527809143066406e+00 9.786817550659179688e+00 1.181264591217041016e+01 8.400794982910156250e+00 3.520137548446655273e+00 8.690944910049438477e-01 1.264275759458541870e-01 1.083629392087459564e-02 5.472554476000368595e-04 1.628422069188673049e-05 2.854994818335399032e-07 2.949285038411630921e-09 1.795122210601629575e-11 6.437772271652639211e-14 1.360329354636689988e-16 1.693658766550859735e-19 1.242437497932347631e-22 5.370049817965925898e-26 1.367610075746667631e-29 2.052025590741927266e-33 2.752125561115505217e-32 1.574368164555737812e-28 5.306457275205731321e-25 1.053828302340948994e-21 1.233128803945317228e-18 8.501759159446466239e-16
8.501760218237650307e-16 3.453665034080372065e-13 8.266341083862371875e-11 1.165768903632624642e-08 9.686772273198585026e-07 4.742580495076254010e-05 1.368109369650483131e-03 2.325359359383583069e-02 2.328769862651824951e-01 1.374144792556762695e+00 4.777527809143066406e+00 9.786817550659179688e+00 1.181264686584472656e+01 8.400797843933105469e+00 3.520138025283813477e+00 8.690946102142333984e-01 1.264275610446929932e-01 1.083629671484231949e-02 5.472555640153586864e-04 1.628422614885494113e-05 2.854995102552493336e-07 2.949285260456235847e-09 1.795122557546324771e-11 6.437772949278997014e-14 1.360329619334486005e-16 1.693658766550859735e-19 1.242437497932347631e-22 5.370051050561090306e-26 1.367609774820113821e-29 2.052021549980096314e-33 2.752120271390926517e-32 1.574368766408845433e-28 5.306458261281862847e-25 1.053828403315144863e-21 1.233128597150164090e-18 8.501760218237650307e-16
8.501759688842058273e-16 3.453664763029828944e-13 8.266341083862371875e-11 1.165768637179098732e-08 9.686771136330207810e-07 4.742580858874134719e-05 1.368109486065804958e-03 2.325358986854553223e-02 2.328769862651824951e-01 1.374144673347473145e+00 4.777528285980224609e+00 9.786817550659179688e+00 1.181264877319335938e+01 8.400795936584472656e+00 3.520138025283813477e+00 8.690946102142333984e-01 1.264276057481765747e-01 1.083629485219717026e-02 5.472555058076977730e-04 1.628422614885494113e-05 2.854995386769587640e-07 2.949285260456235847e-09 1.795122210601629575e-11 6.437774304531712621e-14 1.360329354636689988e-16 1.693658895797830446e-19 1.242437497932347631e-22 5.370051050561090306e-26 1.367610075746667631e-29 2.052050018983905292e-33 2.752122328506040456e-32 1.574368525667602385e-28 5.306457768243797084e-25 1.053828302340948994e-21 1.233128700547740659e-18 8.501759688842058273e-16
8.501759688842058273e-16 3.453664220928742701e-13 8.266339002194200702e-11 1.165768637179098732e-08 9.686772273198585026e-07 4.742579767480492592e-05 1.368109369650483131e-03 2.325358614325523376e-02 2.328769266605377197e-01 1.374144554138183594e+00 4.777527332305908203e+00 9.786817550659179688e+00 1.181264591217041016e+01 8.400794982910156250e+00 3.520137786865234375e+00 8.690946102142333984e-01 1.264275759458541870e-01 1.083629392087459564e-02 5.472555058076977730e-04 1.628422251087613404e-05 2.854995386769587640e-07 2.949284816367025996e-09 1.795122384073977173e-11 6.437771594026281408e-14 1.360329222287791980e-16 1.693658766550859735e-19 1.242437497932347631e-22 5.370050434263508102e-26 1.367610075746667631e-29 2.052052223035813083e-33 2.752124679494742100e-32 1.574368405296980861e-28 5.306458261281862847e-25 1.053828302340948994e-21 1.233128597150164090e-18 8.501759688842058273e-16
8.501757571259690137e-16 3.453663678827656458e-13 8.266338308304810312e-11 1.165768548361256762e-08 9.686769999461830594e-07 4.742580131278373301e-05 1.368109136819839478e-03 2.325358241796493530e-02 2.328768968582153320e-01 1.374144196510314941e+00 4.777526855468750000e+00 9.786815643310546875e+00 1.181264495849609375e+01 8.400794982910156250e+00 3.520137310028076172e+00 8.690944314002990723e-01 1.264275461435317993e-01 1.083629205822944641e-02 5.472554476000368595e-04 1.628421887289732695e-05 2.854994249901210424e-07 2.949284816367025996e-09 1.795122037129281978e-11 6.437770916399923604e-14 1.360329089938893971e-16 1.693658508056918312e-19 1.242437245496857960e-22 5.370049817965925898e-26 1.367609774820113821e-29 2.051988489201479438e-33 2.752116744907874050e-32 1.574368044185116288e-28 5.306456782167665557e-25 1.053828100392557258e-21 1.233128493752587520e-18 8.501757571259690137e-16
8.501758630050874205e-16 3.453663678827656458e-13 8.266339002194200702e-11 1.165768370725572822e-08 9.686771136330207810e-07 4.742580131278373301e-05 1.368109253235161304e-03 2.325358614325523376e-02 2.328768968582153320e-01 1.374144315719604492e+00 4.777527809143066406e+00 9.786815643310546875e+00 1.181264305114746094e+01 8.400795936584472656e+00 3.520137310028076172e+00 8.690944314002990723e-01 1.264275610446929932e-01 1.083629205822944641e-02 5.472555058076977730e-04 1.628422251087613404e-05 2.854994818335399032e-07 2.949284372277816146e-09 1.795121863656934380e-11 6.437771594026281408e-14 1.360329222287791980e-16 1.693658766550859735e-19 1.242437245496857960e-22 5.370049201668343694e-26 1.367609774820113821e-29 2.052052957719782347e-33 2.752122034632452750e-32 1.574368405296980861e-28 5.306456289129599794e-25 1.053828100392557258e-21 1.233128597150164090e-18 8.501758630050874205e-16
8.501760747633242341e-16 3.453665305130915186e-13 8.266342471641152656e-11 1.165768992450466612e-08 9.686774546935339458e-07 4.742581586469896138e-05 1.368109602481126785e-03 2.325358986854553223e-02 2.328770011663436890e-01 1.374144792556762695e+00 4.777528762817382812e+00 9.786819458007812500e+00 1.181264877319335938e+01 8.400797843933105469e+00 3.520138263702392578e+00 8.690946698188781738e-01 1.264276057481765747e-01 1.083629671484231949e-02 5.472555640153586864e-04 1.628422614885494113e-05 2.854995955203776248e-07 2.949285260456235847e-09 1.795122557546324771e-11 6.437774304531712621e-14 1.360329751683384014e-16 1.693659283538742580e-19 1.242437750367837301e-22 5.370051050561090306e-26 1.367610376673221442e-29 2.052052223035813083e-33 2.752124973368329806e-32 1.574368886779466957e-28 5.306459247357994373e-25 1.053828605263536599e-21 1.233129010740470366e-18 8.501760747633242341e-16
8.501767100380346748e-16 3.453667202484717036e-13 8.266347328866885391e-11 1.165769614175360402e-08 9.686780231277225539e-07 4.742584860650822520e-05 1.368110650219023228e-03 2.325360849499702454e-02 2.328771799802780151e-01 1.374145507812500000e+00 4.777532100677490234e+00 9.786825180053710938e+00 1.181265640258789062e+01 8.400803565979003906e+00 3.520140886306762695e+00 8.690952062606811523e-01 1.264276802539825439e-01 1.083630416542291641e-02 5.472559714689850807e-04 1.628423524380195886e-05 2.854997376289247768e-07 2.949287702946890022e-09 1.795123771852757955e-11 6.437778370289859442e-14 1.360330545776772065e-16 1.693660317514508272e-19 1.242438507674306314e-22 5.370054748346583529e-26 1.367610978526329063e-29 2.052020998967119366e-33 2.752122328506040456e-32 1.574369849744439151e-28 5.306461712548323189e-25 1.053829110134515941e-21 1.233129734523506350e-18 8.501767100380346748e-16
8.501773453127451155e-16 3.453669912990148250e-13 8.266353573871398908e-11 1.165770413535938133e-08 9.686788189355866052e-07 4.742588862427510321e-05 1.368111697956919670e-03 2.325362525880336761e-02 2.328773140907287598e-01 1.374146699905395508e+00 4.777535915374755859e+00 9.786831855773925781e+00 1.181266593933105469e+01 8.400810241699218750e+00 3.520143508911132812e+00 8.690960407257080078e-01 1.264277696609497070e-01 1.083631161600351334e-02 5.472563789226114750e-04 1.628424979571718723e-05 2.854999934243096504e-07 2.949289701348334347e-09 1.795125159631538736e-11 6.437783113674364066e-14 1.360331604567956132e-16 1.693661739231186097e-19 1.242439391198520161e-22 5.370059062429658957e-26 1.367612182232544305e-29 2.052004652248803244e-33 2.752129675345733095e-32 1.574371053450654393e-28 5.306466149890915057e-25 1.053829917928082887e-21 1.233130768499272041e-18 8.501773453127451155e-16
8.501779805874555562e-16 3.453672352445036342e-13 8.266359818875912424e-11 1.165771301714357833e-08 9.686796147434506565e-07 4.742591772810555995e-05 1.368112629279494286e-03 2.325364574790000916e-02 2.328775078058242798e-01 1.374147653579711914e+00 4.777539253234863281e+00 9.786841392517089844e+00 1.181267547607421875e+01 8.400815963745117188e+00 3.520146369934082031e+00 8.690966367721557617e-01 1.264278888702392578e-01 1.083631999790668488e-02 5.472567863762378693e-04 1.628426252864301205e-05 2.855002207979850937e-07 2.949292143838988522e-09 1.795126547410319517e-11 6.437787857058868690e-14 1.360332663359140200e-16 1.693662773206951789e-19 1.242440527158223679e-22 5.370063376512734384e-26 1.367613085012205736e-29 2.052024856057958002e-33 2.752126736609856039e-32 1.574372136786248111e-28 5.306470094195441162e-25 1.053830725721649833e-21 1.233131699077461163e-18 8.501779805874555562e-16
8.501784041039291834e-16 3.453674520849381313e-13 8.266363982212254768e-11 1.165771923439251623e-08 9.686799558039638214e-07 4.742593955597840250e-05 1.368113094940781593e-03 2.325365692377090454e-02 2.328776270151138306e-01 1.374148488044738770e+00 4.777541160583496094e+00 9.786846160888671875e+00 1.181268119812011719e+01 8.400820732116699219e+00 3.520147800445556641e+00 8.690971136093139648e-01 1.264279484748840332e-01 1.083632558584213257e-02 5.472570774145424366e-04 1.628426980460062623e-05 2.855003344848228153e-07 2.949293476106618073e-09 1.795127241299709908e-11 6.437791922817015511e-14 1.360333192754732234e-16 1.693663677935746768e-19 1.242441032029203021e-22 5.370065841703063200e-26 1.367613837328590263e-29 2.052057549494590247e-33 2.752132614081610151e-32 1.574372979380598780e-28 5.306473545461901504e-25 1.053831230592629175e-21 1.233132216065344009e-18 8.501784041039291834e-16
8.501784041039291834e-16 3.453674520849381313e-13 8.266363982212254768e-11 1.165772101074935563e-08 9.686800694908015430e-07 4.742593955597840250e-05 1.368113327771425247e-03 2.325366064906120300e-02 2.328776270151138306e-01 1.374148488044738770e+00 4.777541637420654297e+00 9.786846160888671875e+00 1.181268310546875000e+01 8.400821685791015625e+00 3.520148277282714844e+00 8.690971732139587402e-01 1.264279484748840332e-01 1.083632558584213257e-02 5.472570774145424366e-04 1.628427162359002978e-05 2.855003629065322457e-07 2.949293698151222998e-09 1.795127588244405104e-11 6.437791922817015511e-14 1.360333325103630243e-16 1.693663936429688191e-19 1.242441158246947856e-22 5.370066458000645404e-26 1.367613987791867168e-29 2.052059386204513407e-33 2.752130556966496212e-32 1.574373099751220304e-28 5.306473545461901504e-25 1.053831432541020911e-21 1.233132216065344009e-18 8.501784041039291834e-16
8.501780864665739630e-16 3.453673436647208828e-13 8.266359818875912424e-11 1.165771656985725713e-08 9.686796147434506565e-07 4.742592864204198122e-05 1.368112862110137939e-03 2.325365133583545685e-02 2.328775525093078613e-01 1.374147891998291016e+00 4.777539730072021484e+00 9.786843299865722656e+00 1.181267738342285156e+01 8.400816917419433594e+00 3.520146608352661133e+00 8.690967559814453125e-01 1.264279037714004517e-01 1.083632279187440872e-02 5.472568445838987827e-04 1.628426434763241559e-05 2.855002776414039545e-07 2.949292809972803298e-09 1.795126894355014713e-11 6.437789212311584297e-14 1.360332928056936217e-16 1.693663160947863923e-19 1.242440527158223679e-22 5.370064609107898792e-26 1.367613235475482642e-29 2.051993631989264285e-33 2.752124385621154395e-32 1.574372618268734208e-28 5.306471080271572688e-25 1.053831028644237438e-21 1.233131802475037733e-18 8.501780864665739630e-16
8.501775041314227257e-16 3.453670726141777614e-13 8.266355655539570080e-11 1.165770946442989953e-08 9.686789326224243268e-07 4.742589226225391030e-05 1.368111930787563324e-03 2.325363270938396454e-02 2.328773736953735352e-01 1.374146819114685059e+00 4.777536392211914062e+00 9.786835670471191406e+00 1.181266975402832031e+01 8.400812149047851562e+00 3.520144462585449219e+00 8.690961599349975586e-01 1.264277994632720947e-01 1.083631440997123718e-02 5.472565535455942154e-04 1.628425343369599432e-05 2.855000502677285112e-07 2.949290589526754047e-09 1.795125680048581529e-11 6.437785146553437476e-14 1.360331869265752149e-16 1.693662256219068943e-19 1.242439769851754667e-22 5.370060911322405568e-26 1.367612332695821210e-29 2.052056447468636351e-33 2.752130263092908506e-32 1.574371414562518966e-28 5.306467135967046583e-25 1.053830321824866360e-21 1.233131078692001749e-18 8.501775041314227257e-16
8.501768159171530816e-16 3.453668286686889521e-13 8.266348716645666173e-11 1.165769702993202372e-08 9.686782505013979971e-07 4.742585588246583939e-05 1.368110883049666882e-03 2.325361222028732300e-02 2.328771948814392090e-01 1.374145984649658203e+00 4.777533054351806641e+00 9.786827087402343750e+00 1.181265640258789062e+01 8.400805473327636719e+00 3.520141363143920898e+00 8.690954446792602539e-01 1.264277100563049316e-01 1.083630602806806564e-02 5.472562042996287346e-04 1.628424070077016950e-05 2.854998797374719288e-07 2.949288369080704797e-09 1.795124292269800748e-11 6.437779725542575049e-14 1.360330678125670073e-16 1.693660576008449695e-19 1.242438886327540820e-22 5.370056597239330141e-26 1.367611279452882873e-29 2.052052774048790031e-33 2.752127618230619156e-32 1.574370210856303724e-28 5.306462698624454715e-25 1.053829514031299414e-21 1.233130044716236057e-18 8.501768159171530816e-16
8.501762335820018442e-16 3.453665576181458308e-13 8.266342471641152656e-11 1.165768992450466612e-08 9.686775683803716674e-07 4.742581950267776847e-05 1.368109835311770439e-03 2.325359918177127838e-02 2.328770160675048828e-01 1.374144911766052246e+00 4.777529716491699219e+00 9.786820411682128906e+00 1.181264877319335938e+01 8.400798797607421875e+00 3.520138740539550781e+00 8.690947890281677246e-01 1.264276206493377686e-01 1.083629950881004333e-02 5.472557386383414268e-04 1.628422978683374822e-05 2.854996523637964856e-07 2.949285704545445697e-09 1.795123077963367564e-11 6.437774982158070425e-14 1.360329751683384014e-16 1.693659542032684003e-19 1.242438002803326972e-22 5.370051666858672510e-26 1.367610376673221442e-29 2.052021733651088630e-33 2.752120859138101928e-32 1.574368766408845433e-28 5.306458754319928610e-25 1.053828504289340731e-21 1.233129010740470366e-18 8.501762335820018442e-16
8.501759159446466239e-16 3.453663678827656458e-13 8.266339002194200702e-11 1.165768637179098732e-08 9.686771136330207810e-07 4.742579403682611883e-05 1.368109136819839478e-03 2.325358800590038300e-02 2.328769266605377197e-01 1.374144315719604492e+00 4.777527332305908203e+00 9.786817550659179688e+00 1.181264495849609375e+01 8.400795936584472656e+00 3.520137548446655273e+00 8.690944910049438477e-01 1.264275610446929932e-01 1.083629485219717026e-02 5.472555058076977730e-04 1.628422251087613404e-05 2.854994818335399032e-07 2.949284372277816146e-09 1.795122384073977173e-11 6.437772271652639211e-14 1.360329354636689988e-16 1.693658508056918312e-19 1.242437245496857960e-22 5.370050434263508102e-26 1.367609774820113821e-29 2.052024672386965686e-33 2.752124973368329806e-32 1.574368284926359336e-28 5.306457275205731321e-25 1.053828201366753126e-21 1.233128597150164090e-18 8.501759159446466239e-16
8.501757571259690137e-16 3.453663678827656458e-13 8.266339002194200702e-11 1.165768370725572822e-08 9.686769999461830594e-07 4.742580495076254010e-05 1.368109253235161304e-03 2.325358614325523376e-02 2.328768968582153320e-01 1.374143838882446289e+00 4.777525901794433594e+00 9.786813735961914062e+00 1.181264495849609375e+01 8.400794982910156250e+00 3.520136833190917969e+00 8.690943717956542969e-01 1.264275461435317993e-01 1.083629019558429718e-02 5.472553893923759460e-04 1.628421705390792340e-05 2.854994249901210424e-07 2.949284816367025996e-09 1.795122037129281978e-11 6.437770916399923604e-14 1.360329089938893971e-16 1.693658508056918312e-19 1.242436993061368289e-22 5.370048585370761490e-26 1.367609473893560010e-29 2.052018611244219259e-33 2.752119389770163400e-32 1.574368044185116288e-28 5.306456782167665557e-25 1.053828100392557258e-21 1.233128390355010951e-18 8.501757571259690137e-16
8.501757571259690137e-16 3.453664220928742701e-13 8.266338308304810312e-11 1.165768459543414792e-08 9.686768862593453377e-07 4.742580495076254010e-05 1.368109136819839478e-03 2.325358428061008453e-02 2.328769266605377197e-01 1.374144077301025391e+00 4.777526855468750000e+00 9.786816596984863281e+00 1.181264305114746094e+01 8.400794982910156250e+00 3.520137071609497070e+00 8.690944314002990723e-01 1.264275610446929932e-01 1.083629205822944641e-02 5.472553893923759460e-04 1.628421887289732695e-05 2.854994818335399032e-07 2.949284594322421071e-09 1.795122037129281978e-11 6.437771594026281408e-14 1.360329089938893971e-16 1.693658766550859735e-19 1.242437245496857960e-22 5.370049201668343694e-26 1.367609774820113821e-29 2.052051488351843820e-33 2.752124091747566689e-32 1.574368044185116288e-28 5.306456289129599794e-25 1.053828100392557258e-21 1.233128597150164090e-18 8.501757571259690137e-16
8.501759688842058273e-16 3.453664763029828944e-13 8.266339002194200702e-11 1.165768637179098732e-08 9.686771136330207810e-07 4.742580495076254010e-05 1.368109486065804958e-03 2.325358800590038300e-02 2.328769713640213013e-01 1.374144554138183594e+00 4.777528285980224609e+00 9.786817550659179688e+00 1.181264591217041016e+01 8.400794982910156250e+00 3.520138263702392578e+00 8.690946102142333984e-01 1.264275610446929932e-01 1.083629298955202103e-02 5.472555058076977730e-04 1.628422251087613404e-05 2.854995955203776248e-07 2.949284816367025996e-09 1.795122384073977173e-11 6.437772949278997014e-14 1.360329354636689988e-16 1.693658766550859735e-19 1.242437624150092466e-22 5.370049817965925898e-26 1.367609624356836916e-29 2.052052774048790031e-33 2.752124973368329806e-32 1.574368284926359336e-28 5.306457275205731321e-25 1.053828302340948994e-21 1.233128700547740659e-18 8.501759688842058273e-16
8.501760218237650307e-16 3.453664220928742701e-13 8.266340389972981484e-11 1.165768814814782672e-08 9.686771136330207810e-07 4.742581950267776847e-05 1.368109369650483131e-03 2.325359359383583069e-02 2.328769564628601074e-01 1.374144673347473145e+00 4.777528762817382812e+00 9.786819458007812500e+00 1.181264686584472656e+01 8.400797843933105469e+00 3.520137786865234375e+00 8.690947294235229492e-01 1.264275908470153809e-01 1.083629578351974487e-02 5.472555640153586864e-04 1.628422251087613404e-05 2.854995386769587640e-07 2.949285260456235847e-09 1.795122557546324771e-11 6.437772949278997014e-14 1.360329486985587997e-16 1.693659025044801158e-19 1.242437750367837301e-22 5.370051050561090306e-26 1.367610075746667631e-29 2.051992162621325757e-33 2.752122034632452750e-32 1.574368646038223909e-28 5.306458261281862847e-25 1.053828403315144863e-21 1.233128803945317228e-18 8.501760218237650307e-16
8.501758630050874205e-16 3.453664220928742701e-13 8.266339696083591093e-11 1.165768548361256762e-08 9.686771136330207810e-07 4.742581222672015429e-05 1.368109602481126785e-03 2.325358986854553223e-02 2.328769564628601074e-01 1.374144315719604492e+00 4.777527809143066406e+00 9.786817550659179688e+00 1.181264686584472656e+01 8.400796890258789062e+00 3.520138263702392578e+00 8.690944910049438477e-01 1.264275759458541870e-01 1.083629392087459564e-02 5.472555058076977730e-04 1.628422251087613404e-05 2.854995670986681944e-07 2.949285482500840772e-09 1.795122210601629575e-11 6.437772949278997014e-14 1.360329354636689988e-16 1.693658766550859735e-19 1.242437497932347631e-22 5.370049817965925898e-26 1.367609925283390726e-29 2.052052223035813083e-33 2.752124385621154395e-32 1.574368525667602385e-28 5.306458261281862847e-25 1.053828302340948994e-21 1.233128803945317228e-18 8.501758630050874205e-16
8.501759688842058273e-16 3.453664220928742701e-13 8.266340389972981484e-11 1.165768459543414792e-08 9.686771136330207810e-07 4.742580495076254010e-05 1.368109136819839478e-03 2.325358614325523376e-02 2.328769713640213013e-01 1.374144554138183594e+00 4.777527809143066406e+00 9.786816596984863281e+00 1.181264686584472656e+01 8.400796890258789062e+00 3.520137310028076172e+00 8.690944910049438477e-01 1.264275610446929932e-01 1.083629298955202103e-02 5.472555058076977730e-04 1.628422251087613404e-05 2.854995386769587640e-07 2.949285260456235847e-09 1.795121690184586782e-11 6.437772271652639211e-14 1.360329354636689988e-16 1.693658508056918312e-19 1.242437371714602795e-22 5.370051050561090306e-26 1.367609774820113821e-29 2.052025223399942634e-33 2.752125267241917511e-32 1.574368284926359336e-28 5.306456289129599794e-25 1.053828100392557258e-21 1.233128597150164090e-18 8.501759688842058273e-16
8.501758630050874205e-16 3.453663678827656458e-13 8.266337614415419921e-11 1.165768459543414792e-08 9.686769999461830594e-07 4.742579767480492592e-05 1.368108903989195824e-03 2.325358614325523376e-02 2.328769266605377197e-01 1.374144077301025391e+00 4.777526855468750000e+00 9.786815643310546875e+00 1.181264209747314453e+01 8.400794982910156250e+00 3.520137310028076172e+00 8.690944910049438477e-01 1.264275610446929932e-01 1.083629112690687180e-02 5.472554476000368595e-04 1.628422251087613404e-05 2.854994818335399032e-07 2.949284372277816146e-09 1.795122037129281978e-11 6.437772271652639211e-14 1.360329089938893971e-16 1.693658508056918312e-19 1.242437245496857960e-22 5.370050434263508102e-26 1.367609473893560010e-29 2.052047447590012868e-33 2.752122034632452750e-32 1.574368164555737812e-28 5.306457275205731321e-25 1.053828100392557258e-21 1.233128493752587520e-18 8.501758630050874205e-16
8.501757571259690137e-16 3.453663949878199579e-13 8.266338308304810312e-11 1.165768459543414792e-08 9.686771136330207810e-07 4.742579767480492592e-05 1.368109020404517651e-03 2.325358241796493530e-02 2.328768968582153320e-01 1.374143958091735840e+00 4.777527332305908203e+00 9.786815643310546875e+00 1.181264305114746094e+01 8.400794029235839844e+00 3.520136833190917969e+00 8.690942525863647461e-01 1.264275312423706055e-01 1.083629112690687180e-02 5.472553311847150326e-04 1.628421887289732695e-05 2.854994818335399032e-07 2.949284816367025996e-09 1.795122037129281978e-11 6.437770916399923604e-14 1.360329089938893971e-16 1.693658637303889023e-19 1.242437497932347631e-22 5.370048585370761490e-26 1.367609473893560010e-29 2.051992529963310389e-33 2.752121446885277339e-32 1.574368044185116288e-28 5.306455796091534031e-25 1.053828100392557258e-21 1.233128286957434382e-18 8.501757571259690137e-16
8.501757571259690137e-16 3.453663678827656458e-13 8.266339002194200702e-11 1.165768637179098732e-08 9.686771136330207810e-07 4.742579403682611883e-05 1.368109136819839478e-03 2.325358428061008453e-02 2.328769117593765259e-01 1.374144315719604492e+00 4.777526855468750000e+00 9.786813735961914062e+00 1.181264305114746094e+01 8.400794982910156250e+00 3.520136833190917969e+00 8.690943717956542969e-01 1.264275312423706055e-01 1.083629392087459564e-02 5.472553893923759460e-04 1.628421887289732695e-05 2.854994534118304728e-07 2.949284372277816146e-09 1.795122037129281978e-11 6.437771594026281408e-14 1.360329089938893971e-16 1.693658508056918312e-19 1.242437245496857960e-22 5.370049817965925898e-26 1.367609473893560010e-29 2.052052774048790031e-33 2.752124091747566689e-32 1.574368284926359336e-28 5.306456782167665557e-25 1.053828100392557258e-21 1.233128390355010951e-18 8.501757571259690137e-16
8.501759688842058273e-16 3.453664220928742701e-13 8.266339002194200702e-11 1.165768637179098732e-08 9.686771136330207810e-07 4.742580495076254010e-05 1.368109253235161304e-03 2.325358614325523376e-02 2.328769564628601074e-01 1.374144315719604492e+00 4.777527809143066406e+00 9.786817550659179688e+00 1.181264495849609375e+01 8.400796890258789062e+00 3.520137548446655273e+00 8.690944910049438477e-01 1.264275610446929932e-01 1.083629392087459564e-02 5.472555058076977730e-04 1.628422251087613404e-05 2.854995102552493336e-07 2.949284816367025996e-09 1.795122037129281978e-11 6.437772949278997014e-14 1.360329354636689988e-16 1.693658508056918312e-19 1.242437497932347631e-22 5.370049817965925898e-26 1.367609925283390726e-29 2.052025039728950318e-33 2.752124973368329806e-32 1.574368525667602385e-28 5.306457275205731321e-25 1.053828302340948994e-21 1.233128597150164090e-18 8.501759688842058273e-16
8.501761806424426408e-16 3.453664763029828944e-13 8.266341083862371875e-11 1.165768814814782672e-08 9.686774546935339458e-07 4.742581950267776847e-05 1.368109602481126785e-03 2.325359545648097992e-02 2.328770309686660767e-01 1.374144792556762695e+00 4.777529239654541016e+00 9.786819458007812500e+00 1.181264877319335938e+01 8.400798797607421875e+00 3.520138263702392578e+00 8.690946698188781738e-01 1.264275908470153809e-01 1.083629578351974487e-02 5.472555058076977730e-04 1.628422614885494113e-05 2.854995955203776248e-07 2.949285704545445697e-09 1.795122731018672368e-11 6.437774304531712621e-14 1.360329619334486005e-16 1.693659025044801158e-19 1.242437750367837301e-22 5.370052283156254714e-26 1.367610075746667631e-29 2.052050937338866872e-33 2.752124973368329806e-32 1.574369007150088482e-28 5.306458754319928610e-25 1.053828706237732468e-21 1.233128803945317228e-18 8.501761806424426408e-16
8.501764982797978612e-16 3.453666389333087672e-13 8.266344553309323828e-11 1.165769347721834492e-08 9.686777957540471107e-07 4.742583769257180393e-05 1.368110184557735920e-03 2.325360476970672607e-02 2.328770756721496582e-01 1.374145269393920898e+00 4.777531147003173828e+00 9.786825180053710938e+00 1.181265449523925781e+01 8.400801658630371094e+00 3.520139694213867188e+00 8.690950870513916016e-01 1.264276504516601562e-01 1.083630137145519257e-02 5.472557386383414268e-04 1.628423160582315177e-05 2.854996523637964856e-07 2.949286814768470322e-09 1.795123251435715162e-11 6.437777692663501639e-14 1.360330281078976048e-16 1.693659671279654715e-19 1.242438255238816643e-22 5.370053515751419121e-26 1.367610978526329063e-29 2.051989040214456385e-33 2.752119389770163400e-32 1.574369247891331530e-28 5.306460233434125899e-25 1.053828807211928336e-21 1.233129424330776643e-18 8.501764982797978612e-16
8.501768159171530816e-16 3.453667744585803279e-13 8.266348022756275782e-11 1.165769702993202372e-08 9.686780231277225539e-07 4.742585224448703229e-05 1.368110766634345055e-03 2.325361035764217377e-02 2.328771948814392090e-01 1.374145746231079102e+00 4.777532577514648438e+00 9.786825180053710938e+00 1.181265735626220703e+01 8.400804519653320312e+00 3.520141124725341797e+00 8.690954446792602539e-01 1.264276802539825439e-01 1.083630509674549103e-02 5.472559714689850807e-04 1.628423706279136240e-05 2.854998228940530680e-07 2.949287924991494947e-09 1.795124118797453150e-11 6.437779047916217245e-14 1.360330678125670073e-16 1.693660317514508272e-19 1.242438633892051149e-22 5.370054748346583529e-26 1.367611279452882873e-29 2.052051304680851504e-33 2.752124973368329806e-32 1.574369729373817627e-28 5.306462698624454715e-25 1.053829110134515941e-21 1.233129837921082919e-18 8.501768159171530816e-16
8.501772923731859121e-16 3.453669099838518886e-13 8.266351492203227735e-11 1.165770235900254193e-08 9.686787052487488836e-07 4.742588498629629612e-05 1.368111465126276016e-03 2.325362339615821838e-02 2.328772842884063721e-01 1.374146461486816406e+00 4.777534008026123047e+00 9.786830902099609375e+00 1.181266403198242188e+01 8.400810241699218750e+00 3.520142555236816406e+00 8.690958619117736816e-01 1.264277547597885132e-01 1.083630975335836411e-02 5.472563789226114750e-04 1.628424433874897659e-05 2.854999365808907896e-07 2.949289701348334347e-09 1.795124986159191138e-11 6.437782436048006263e-14 1.360331339870160115e-16 1.693661351490273963e-19 1.242439264980775326e-22 5.370058446132076753e-26 1.367611881305990494e-29 2.052053508732759295e-33 2.752129087598557684e-32 1.574370692338789820e-28 5.306465656852849294e-25 1.053829917928082887e-21 1.233130665101695472e-18 8.501772923731859121e-16
8.501776629501003359e-16 3.453671268242863857e-13 8.266357043318350861e-11 1.165770946442989953e-08 9.686793873697752133e-07 4.742590681416913867e-05 1.368112163618206978e-03 2.325363643467426300e-02 2.328774034976959229e-01 1.374147176742553711e+00 4.777536869049072266e+00 9.786836624145507812e+00 1.181267070770263672e+01 8.400813102722167969e+00 3.520144939422607422e+00 8.690962791442871094e-01 1.264278590679168701e-01 1.083631627261638641e-02 5.472566699609160423e-04 1.628425525268539786e-05 2.855001071111473721e-07 2.949291033615963897e-09 1.795125853520929127e-11 6.437786501806153083e-14 1.360332398661344183e-16 1.693662385466039654e-19 1.242439896069499503e-22 5.370060911322405568e-26 1.367612633622375021e-29 2.052057549494590247e-33 2.752127912104206861e-32 1.574371655303762014e-28 5.306469108119309636e-25 1.053830523773258097e-21 1.233131078692001749e-18 8.501776629501003359e-16
8.501779805874555562e-16 3.453673165596665706e-13 8.266359818875912424e-11 1.165771479350041773e-08 9.686796147434506565e-07 4.742591409012675285e-05 1.368112862110137939e-03 2.325364761054515839e-02 2.328775227069854736e-01 1.374147891998291016e+00 4.777540206909179688e+00 9.786842346191406250e+00 1.181267356872558594e+01 8.400815010070800781e+00 3.520146131515502930e+00 8.690966367721557617e-01 1.264278590679168701e-01 1.083632186055183411e-02 5.472567863762378693e-04 1.628426070965360850e-05 2.855002207979850937e-07 2.949292365883593448e-09 1.795126547410319517e-11 6.437789212311584297e-14 1.360332928056936217e-16 1.693662902453922500e-19 1.242440400940478844e-22 5.370062143917569976e-26 1.367613085012205736e-29 2.051999325790026081e-33 2.752126442736268334e-32 1.574372377527491159e-28 5.306471080271572688e-25 1.053830826695845702e-21 1.233131492282308025e-18 8.501779805874555562e-16
8.501782982248107766e-16 3.453673707697751949e-13 8.266361900544083596e-11 1.165771745803567683e-08 9.686798421171260998e-07 4.742593955597840250e-05 1.368113211356103420e-03 2.325365319848060608e-02 2.328776121139526367e-01 1.374148249626159668e+00 4.777540206909179688e+00 9.786845207214355469e+00 1.181267929077148438e+01 8.400819778442382812e+00 3.520147323608398438e+00 8.690969944000244141e-01 1.264279335737228394e-01 1.083632372319698334e-02 5.472570192068815231e-04 1.628426616662181914e-05 2.855003344848228153e-07 2.949293476106618073e-09 1.795127241299709908e-11 6.437790567564299904e-14 1.360333060405834226e-16 1.693663677935746768e-19 1.242440905811458185e-22 5.370064609107898792e-26 1.367613837328590263e-29 2.052026141754904214e-33 2.752127912104206861e-32 1.574372859009977256e-28 5.306473052423835741e-25 1.053831331566825043e-21 1.233132009270190871e-18 8.501782982248107766e-16
8.501784041039291834e-16 3.453674791899924434e-13 8.266363982212254768e-11 1.165772012257093593e-08 9.686800694908015430e-07 4.742595046991482377e-05 1.368113327771425247e-03 2.325366064906120300e-02 2.328776419162750244e-01 1.374148368835449219e+00 4.777541160583496094e+00 9.786846160888671875e+00 1.181268119812011719e+01 8.400821685791015625e+00 3.520148277282714844e+00 8.690971136093139648e-01 1.264279782772064209e-01 1.083632651716470718e-02 5.472571356222033501e-04 1.628427344257943332e-05 2.855003344848228153e-07 2.949293254062013148e-09 1.795127414772057506e-11 6.437792600443373314e-14 1.360333325103630243e-16 1.693663807182717480e-19 1.242441032029203021e-22 5.370066458000645404e-26 1.367614288718420978e-29 2.052059018862528775e-33 2.752130263092908506e-32 1.574373099751220304e-28 5.306473052423835741e-25 1.053831129618433306e-21 1.233132319462920578e-18 8.501784041039291834e-16
8.501785099830475902e-16 3.453674520849381313e-13 8.266363288322864378e-11 1.165772101074935563e-08 9.686799558039638214e-07 4.742594319395720959e-05 1.368113560602068901e-03 2.325366064906120300e-02 2.328776717185974121e-01 1.374148607254028320e+00 4.777542591094970703e+00 9.786846160888671875e+00 1.181268119812011719e+01 8.400821685791015625e+00 3.520148515701293945e+00 8.690972328186035156e-01 1.264279484748840332e-01 1.083632558584213257e-02 5.472571356222033501e-04 1.628427162359002978e-05 2.855003344848228153e-07 2.949293698151222998e-09 1.795127588244405104e-11 6.437791922817015511e-14 1.360333589801426260e-16 1.693663936429688191e-19 1.242441284464692692e-22 5.370065841703063200e-26 1.367613987791867168e-29 2.052059386204513407e-33 2.752129675345733095e-32 1.574373099751220304e-28 5.306474038499967267e-25 1.053831331566825043e-21 1.233132319462920578e-18 8.501785099830475902e-16
8.501784041039291834e-16 3.453673978748295070e-13 8.266362594433473987e-11 1.165771923439251623e-08 9.686798421171260998e-07 4.742593591799959540e-05 1.368113211356103420e-03 2.325365319848060608e-02 2.328775972127914429e-01 1.374148130416870117e+00 4.777540206909179688e+00 9.786842346191406250e+00 1.181268119812011719e+01 8.400819778442382812e+00 3.520147800445556641e+00 8.690968751907348633e-01 1.264279186725616455e-01 1.083632372319698334e-02 5.472569027915596962e-04 1.628426616662181914e-05 2.855002776414039545e-07 2.949293254062013148e-09 1.795127241299709908e-11 6.437790567564299904e-14 1.360333192754732234e-16 1.693663807182717480e-19 1.242440779593713350e-22 5.370064609107898792e-26 1.367613385938759547e-29 2.052025223399942634e-33 2.752127912104206861e-32 1.574372979380598780e-28 5.306471573309638451e-25 1.053831129618433306e-21 1.233132112667767440e-18 8.501784041039291834e-16
8.501779276478963528e-16 3.453672352445036342e-13 8.266358431097131643e-11 1.165771301714357833e-08 9.686793873697752133e-07 4.742591409012675285e-05 1.368112629279494286e-03 2.325364388525485992e-02 2.328774929046630859e-01 1.374147653579711914e+00 4.777538299560546875e+00 9.786841392517089844e+00 1.181267547607421875e+01 8.400815963745117188e+00 3.520145893096923828e+00 8.690966367721557617e-01 1.264278590679168701e-01 1.083631813526153564e-02 5.472567281685769558e-04 1.628426434763241559e-05 2.855002207979850937e-07 2.949291699749778672e-09 1.795126547410319517e-11 6.437788534685226494e-14 1.360332663359140200e-16 1.693662773206951789e-19 1.242440274722734009e-22 5.370062760215152180e-26 1.367613085012205736e-29 2.052025774412919582e-33 2.752126148862680628e-32 1.574372136786248111e-28 5.306470094195441162e-25 1.053830725721649833e-21 1.233131492282308025e-18 8.501779276478963528e-16
8.501775570709819291e-16 3.453670997192320735e-13 8.266354961650179689e-11 1.165770679989464043e-08 9.686791599960997701e-07 4.742588498629629612e-05 1.368111930787563324e-03 2.325362898409366608e-02 2.328773587942123413e-01 1.374146938323974609e+00 4.777536392211914062e+00 9.786834716796875000e+00 1.181266784667968750e+01 8.400811195373535156e+00 3.520143985748291016e+00 8.690961599349975586e-01 1.264278292655944824e-01 1.083631440997123718e-02 5.472564371302723885e-04 1.628425161470659077e-05 2.855000502677285112e-07 2.949290145437544197e-09 1.795125159631538736e-11 6.437783791300721870e-14 1.360331604567956132e-16 1.693661868478156809e-19 1.242440022287244338e-22 5.370060911322405568e-26 1.367612633622375021e-29 2.052055712784667087e-33 2.752130263092908506e-32 1.574371173821275917e-28 5.306467135967046583e-25 1.053830321824866360e-21 1.233130871896848610e-18 8.501775570709819291e-16
8.501769747358306917e-16 3.453668015636346400e-13 8.266349410535056563e-11 1.165770058264570253e-08 9.686783641882357188e-07 4.742586679640226066e-05 1.368111115880310535e-03 2.325361594557762146e-02 2.328772544860839844e-01 1.374146223068237305e+00 4.777533531188964844e+00 9.786829948425292969e+00 1.181266021728515625e+01 8.400807380676269531e+00 3.520142078399658203e+00 8.690956830978393555e-01 1.264277398586273193e-01 1.083630882203578949e-02 5.472562625072896481e-04 1.628424433874897659e-05 2.854998797374719288e-07 2.949289257259124497e-09 1.795124986159191138e-11 6.437781080795290656e-14 1.360331075172364098e-16 1.693661092996332540e-19 1.242439012545285655e-22 5.370055980941747937e-26 1.367611730842713589e-29 2.052056080126651719e-33 2.752125561115505217e-32 1.574370210856303724e-28 5.306464177738652004e-25 1.053829715979691150e-21 1.233130251511389196e-18 8.501769747358306917e-16
8.501764982797978612e-16 3.453666389333087672e-13 8.266344553309323828e-11 1.165769347721834492e-08 9.686780231277225539e-07 4.742584133055061102e-05 1.368110300973057747e-03 2.325360476970672607e-02 2.328771054744720459e-01 1.374145150184631348e+00 4.777530670166015625e+00 9.786823272705078125e+00 1.181265449523925781e+01 8.400800704956054688e+00 3.520140171051025391e+00 8.690950870513916016e-01 1.264276802539825439e-01 1.083630137145519257e-02 5.472558550536632538e-04 1.628423160582315177e-05 2.854997092072153464e-07 2.949287036813075247e-09 1.795123251435715162e-11 6.437778370289859442e-14 1.360330148730078039e-16 1.693660059020566849e-19 1.242438255238816643e-22 5.370053515751419121e-26 1.367610677599775252e-29 2.051992713634302705e-33 2.752123797873978983e-32 1.574369729373817627e-28 5.306460726472191663e-25 1.053829009160320072e-21 1.233129527728353212e-18 8.501764982797978612e-16
8.501761806424426408e-16 3.453664763029828944e-13 8.266341083862371875e-11 1.165768725996940702e-08 9.686774546935339458e-07 4.742581222672015429e-05 1.368109602481126785e-03 2.325359359383583069e-02 2.328770160675048828e-01 1.374144554138183594e+00 4.777528762817382812e+00 9.786821365356445312e+00 1.181264972686767578e+01 8.400796890258789062e+00 3.520138025283813477e+00 8.690947294235229492e-01 1.264275908470153809e-01 1.083629671484231949e-02 5.472556222230195999e-04 1.628422251087613404e-05 2.854995955203776248e-07 2.949285704545445697e-09 1.795122731018672368e-11 6.437774304531712621e-14 1.360329619334486005e-16 1.693659025044801158e-19 1.242437750367837301e-22 5.370050434263508102e-26 1.367610376673221442e-29 2.052049467970928344e-33 2.752122622379628161e-32 1.574368646038223909e-28 5.306457768243797084e-25 1.053828706237732468e-21 1.233128907342893797e-18 8.501761806424426408e-16
8.501759688842058273e-16 3.453664220928742701e-13 8.266339696083591093e-11 1.165768459543414792e-08 9.686771136330207810e-07 4.742580858874134719e-05 1.368109369650483131e-03 2.325358986854553223e-02 2.328769415616989136e-01 1.374144315719604492e+00 4.777527809143066406e+00 9.786817550659179688e+00 1.181264686584472656e+01 8.400794982910156250e+00 3.520137548446655273e+00 8.690945506095886230e-01 1.264275610446929932e-01 1.083629392087459564e-02 5.472555058076977730e-04 1.628422251087613404e-05 2.854995386769587640e-07 2.949284816367025996e-09 1.795122384073977173e-11 6.437771594026281408e-14 1.360329222287791980e-16 1.693659154291771869e-19 1.242437497932347631e-22 5.370051050561090306e-26 1.367609774820113821e-29 2.052050569996882240e-33 2.752125267241917511e-32 1.574368284926359336e-28 5.306457275205731321e-25 1.053828302340948994e-21 1.233128597150164090e-18 8.501759688842058273e-16
8.501757571259690137e-16 3.453663678827656458e-13 8.266338308304810312e-11 1.165768459543414792e-08 9.686772273198585026e-07 4.742579767480492592e-05 1.368109136819839478e-03 2.325358614325523376e-02 2.328768968582153320e-01 1.374144315719604492e+00 4.777526855468750000e+00 9.786816596984863281e+00 1.181264591217041016e+01 8.400794982910156250e+00 3.520136833190917969e+00 8.690944314002990723e-01 1.264275610446929932e-01 1.083629205822944641e-02 5.472553893923759460e-04 1.628421887289732695e-05 2.854994818335399032e-07 2.949284594322421071e-09 1.795122037129281978e-11 6.437772949278997014e-14 1.360329222287791980e-16 1.693658249562976889e-19 1.242437245496857960e-22 5.370049817965925898e-26 1.367609774820113821e-29 2.052053325061766979e-33 2.752122328506040456e-32 1.574368164555737812e-28 5.306456289129599794e-25 1.053828100392557258e-21 1.233128390355010951e-18 8.501757571259690137e-16
8.501758630050874205e-16 3.453663949878199579e-13 8.266337614415419921e-11 1.165768370725572822e-08 9.686771136330207810e-07 4.742579767480492592e-05 1.368109136819839478e-03 2.325358428061008453e-02 2.328768968582153320e-01 1.374144315719604492e+00 4.777526855468750000e+00 9.786813735961914062e+00 1.181264686584472656e+01 8.400794982910156250e+00 3.520137071609497070e+00 8.690944314002990723e-01 1.264275461435317993e-01 1.083629019558429718e-02 5.472553893923759460e-04 1.628421887289732695e-05 2.854994818335399032e-07 2.949284816367025996e-09 1.795121690184586782e-11 6.437771594026281408e-14 1.360329089938893971e-16 1.693658637303889023e-19 1.242436866843623454e-22 5.370048585370761490e-26 1.367609774820113821e-29 2.052019345928188523e-33 2.752119389770163400e-32 1.574368284926359336e-28 5.306456289129599794e-25 1.053827898444165521e-21 1.233128390355010951e-18 8.501758630050874205e-16
8.501757571259690137e-16 3.453663678827656458e-13 8.266339002194200702e-11 1.165768370725572822e-08 9.686769999461830594e-07 4.742580131278373301e-05 1.368109136819839478e-03 2.325358428061008453e-02 2.328769266605377197e-01 1.374144315719604492e+00 4.777526378631591797e+00 9.786817550659179688e+00 1.181264400482177734e+01 8.400794982910156250e+00 3.520137071609497070e+00 8.690943121910095215e-01 1.264275461435317993e-01 1.083629298955202103e-02 5.472553893923759460e-04 1.628422251087613404e-05 2.854994818335399032e-07 2.949284594322421071e-09 1.795121863656934380e-11 6.437771594026281408e-14 1.360329089938893971e-16 1.693658508056918312e-19 1.242437245496857960e-22 5.370049817965925898e-26 1.367609774820113821e-29 2.051993631989264285e-33 2.752119095896575694e-32 1.574367803443873240e-28 5.306456782167665557e-25 1.053828100392557258e-21 1.233128390355010951e-18 8.501757571259690137e-16
8.501757571259690137e-16 3.453663678827656458e-13 8.266339002194200702e-11 1.165768637179098732e-08 9.686772273198585026e-07 4.742579767480492592e-05 1.368109369650483131e-03 2.325358986854553223e-02 2.328769266605377197e-01 1.374144315719604492e+00 4.777526855468750000e+00 9.786817550659179688e+00 1.181264495849609375e+01 8.400795936584472656e+00 3.520137548446655273e+00 8.690945506095886230e-01 1.264275759458541870e-01 1.083629205822944641e-02 5.472553893923759460e-04 1.628422069188673049e-05 2.854994818335399032e-07 2.949284816367025996e-09 1.795121690184586782e-11 6.437772949278997014e-14 1.360329089938893971e-16 1.693659025044801158e-19 1.242437371714602795e-22 5.370049817965925898e-26 1.367609473893560010e-29 2.052052774048790031e-33 2.752124385621154395e-32 1.574368284926359336e-28 5.306457275205731321e-25 1.053827999418361389e-21 1.233128597150164090e-18 8.501757571259690137e-16
8.501760747633242341e-16 3.453664763029828944e-13 8.266341777751762265e-11 1.165768637179098732e-08 9.686774546935339458e-07 4.742580858874134719e-05 1.368109602481126785e-03 2.325359359383583069e-02 2.328770160675048828e-01 1.374144554138183594e+00 4.777528285980224609e+00 9.786817550659179688e+00 1.181264781951904297e+01 8.400796890258789062e+00 3.520138263702392578e+00 8.690946698188781738e-01 1.264276206493377686e-01 1.083629485219717026e-02 5.472555058076977730e-04 1.628422432986553758e-05 2.854995386769587640e-07 2.949285482500840772e-09 1.795122557546324771e-11 6.437774304531712621e-14 1.360329486985587997e-16 1.693659025044801158e-19 1.242437497932347631e-22 5.370051050561090306e-26 1.367610226209944537e-29 2.052025774412919582e-33 2.752125267241917511e-32 1.574368646038223909e-28 5.306458261281862847e-25 1.053828302340948994e-21 1.233128907342893797e-18 8.501760747633242341e-16
8.501762865215610476e-16 3.453665034080372065e-13 8.266341777751762265e-11 1.165769081268308582e-08 9.686775683803716674e-07 4.742581586469896138e-05 1.368109835311770439e-03 2.325359731912612915e-02 2.328770011663436890e-01 1.374145150184631348e+00 4.777529716491699219e+00 9.786821365356445312e+00 1.181265068054199219e+01 8.400800704956054688e+00 3.520138740539550781e+00 8.690949678421020508e-01 1.264276206493377686e-01 1.083629764616489410e-02 5.472556222230195999e-04 1.628422978683374822e-05 2.854995955203776248e-07 2.949285704545445697e-09 1.795122904491019966e-11 6.437774304531712621e-14 1.360329751683384014e-16 1.693659542032684003e-19 1.242437750367837301e-22 5.370051050561090306e-26 1.367610075746667631e-29 2.052050569996882240e-33 2.752124679494742100e-32 1.574369007150088482e-28 5.306459247357994373e-25 1.053828605263536599e-21 1.233129010740470366e-18 8.501762865215610476e-16
8.501766570984754714e-16 3.453667473535260157e-13 8.266345941088104610e-11 1.165769436539676462e-08 9.686780231277225539e-07 4.742585588246583939e-05 1.368110300973057747e-03 2.325360849499702454e-02 2.328771352767944336e-01 1.374145627021789551e+00 4.777531623840332031e+00 9.786826133728027344e+00 1.181265640258789062e+01 8.400802612304687500e+00 3.520140171051025391e+00 8.690952062606811523e-01 1.264276802539825439e-01 1.083630323410034180e-02 5.472557968460023403e-04 1.628423706279136240e-05 2.854997660506342072e-07 2.949287480902285097e-09 1.795123598380410357e-11 6.437778370289859442e-14 1.360330545776772065e-16 1.693660059020566849e-19 1.242438507674306314e-22 5.370054748346583529e-26 1.367610978526329063e-29 2.051988121859494806e-33 2.752117920402224872e-32 1.574369849744439151e-28 5.306461219510257426e-25 1.053828908186124204e-21 1.233129527728353212e-18 8.501766570984754714e-16
8.501773982523043189e-16 3.453669641939605128e-13 8.266352879982008517e-11 1.165770413535938133e-08 9.686788189355866052e-07 4.742588134831748903e-05 1.368111581541597843e-03 2.325362712144851685e-02 2.328773140907287598e-01 1.374146699905395508e+00 4.777535915374755859e+00 9.786832809448242188e+00 1.181266593933105469e+01 8.400810241699218750e+00 3.520143270492553711e+00 8.690960407257080078e-01 1.264277696609497070e-01 1.083631254732608795e-02 5.472563207149505615e-04 1.628424797672778368e-05 2.854999650026002200e-07 2.949289701348334347e-09 1.795125159631538736e-11 6.437782436048006263e-14 1.360331736916854141e-16 1.693661609984215386e-19 1.242439517416264996e-22 5.370059678727241161e-26 1.367612182232544305e-29 2.052050202654897608e-33 2.752122034632452750e-32 1.574370933080032869e-28 5.306465656852849294e-25 1.053830119876474624e-21 1.233130871896848610e-18 8.501773982523043189e-16
8.501789334995212173e-16 3.453676689253726284e-13 8.266369533327377894e-11 1.165772545164145413e-08 9.686805242381524295e-07 4.742596865980885923e-05 1.368114026263356209e-03 2.325366809964179993e-02 2.328777611255645752e-01 1.374149084091186523e+00 4.777544975280761719e+00 9.786851882934570312e+00 1.181268692016601562e+01 8.400824546813964844e+00 3.520149469375610352e+00 8.690974712371826172e-01 1.264280080795288086e-01 1.083633117377758026e-02 5.472573684528470039e-04 1.628428071853704751e-05 2.855005050150793977e-07 2.949295030418852548e-09 1.795128455606143092e-11 6.437794633322446725e-14 1.360334119197018294e-16 1.693664453417571037e-19 1.242441789335672033e-22 5.370069539488556423e-26 1.367614589644974789e-29 2.052050018983905292e-33 2.752133201828785562e-32 1.574373821974949450e-28 5.306476010652230320e-25 1.053831937412000253e-21 1.233133043245956562e-18 8.501789334995212173e-16
8.501821098730734209e-16 3.453689157578709867e-13 8.266400064460555086e-11 1.165777074874085883e-08 9.686843895906349644e-07 4.742614692077040672e-05 1.368119032122194767e-03 2.325375750660896301e-02 2.328786551952362061e-01 1.374154210090637207e+00 4.777561187744140625e+00 9.786887168884277344e+00 1.181273269653320312e+01 8.400856018066406250e+00 3.520163059234619141e+00 8.691006898880004883e-01 1.264284551143646240e-01 1.083637401461601257e-02 5.472594639286398888e-04 1.628433892619796097e-05 2.855016134617471835e-07 2.949306132649098799e-09 1.795134874083004206e-11 6.437819027871327648e-14 1.360339148455142616e-16 1.693670915766106607e-19 1.242446333174486106e-22 5.370089261011186948e-26 1.367619855859666473e-29 2.052053141390774663e-33 2.752139373174127379e-32 1.574379960876647184e-28 5.306495732174860845e-25 1.053835976379834984e-21 1.233137696136902173e-18 8.501821098730734209e-16
8.501887802575330486e-16 3.453716804734108248e-13 8.266463902284471033e-11 1.165786400747492735e-08 9.686918929219245911e-07 4.742653254652395844e-05 1.368130091577768326e-03 2.325393818318843842e-02 2.328804731369018555e-01 1.374165177345275879e+00 4.777600288391113281e+00 9.786966323852539062e+00 1.181282615661621094e+01 8.400925636291503906e+00 3.520190715789794922e+00 8.691076040267944336e-01 1.264294683933258057e-01 1.083645783364772797e-02 5.472637712955474854e-04 1.628446807444561273e-05 2.855038587767921854e-07 2.949329225288011003e-09 1.795149445760202411e-11 6.437870527474520710e-14 1.360349736366983295e-16 1.693684486698031306e-19 1.242456178158583264e-22 5.370131169246776815e-26 1.367630538752326746e-29 2.052017876560249995e-33 2.752160532072442180e-32 1.574392479421285701e-28 5.306537147372384948e-25 1.053844357238092052e-21 1.233147208713946533e-18 8.501887802575330486e-16
8.502025445429259309e-16 3.453772912196534373e-13 8.266598516826206833e-11 1.165805141312148407e-08 9.687075817055301741e-07 4.742728924611583352e-05 1.368152094073593616e-03 2.325431630015373230e-02 2.328842580318450928e-01 1.374187469482421875e+00 4.777677536010742188e+00 9.787124633789062500e+00 1.181301498413085938e+01 8.401059150695800781e+00 3.520248413085937500e+00 8.691217899322509766e-01 1.264315545558929443e-01 1.083663105964660645e-02 5.472727352753281593e-04 1.628473000891972333e-05 2.855084630937199108e-07 2.949377631011884660e-09 1.795178415642251224e-11 6.437974881933622440e-14 1.360371970981848720e-16 1.693711887055822125e-19 1.242476246780012087e-22 5.370218683503449771e-26 1.367652807317308723e-29 2.052054243416728559e-33 2.752203731489834899e-32 1.574417636881184259e-28 5.306623922071959259e-25 1.053861118954606188e-21 1.233167267843800944e-18 8.502025445429259309e-16
8.502262614654490513e-16 3.453869135139342461e-13 8.266828888103816553e-11 1.165837737460151402e-08 9.687347528597456403e-07 4.742861710838042200e-05 1.368190394714474678e-03 2.325496822595596313e-02 2.328907549381256104e-01 1.374225854873657227e+00 4.777811050415039062e+00 9.787397384643554688e+00 1.181334686279296875e+01 8.401292800903320312e+00 3.520346164703369141e+00 8.691459894180297852e-01 1.264350414276123047e-01 1.083693653345108032e-02 5.472879856824874878e-04 1.628518657526001334e-05 2.855164780157792848e-07 2.949459787515706921e-09 1.795228549150706954e-11 6.438155130544798155e-14 1.360409955115577155e-16 1.693759191447102501e-19 1.242511082877586647e-22 5.370368443815925322e-26 1.367691024989642657e-29 2.052158568540364037e-33 2.752284840600041637e-32 1.574461812899283642e-28 5.306771833491688199e-25 1.053890704393995597e-21 1.233201595839221894e-18 8.502262614654490513e-16
8.502717894863639700e-16 3.454053991609751240e-13 8.267271589534885834e-11 1.165899998767372381e-08 9.687863666840712540e-07 4.743115277960896492e-05 1.368263619951903820e-03 2.325621247291564941e-02 2.329032123088836670e-01 1.374299526214599609e+00 4.778067111968994141e+00 9.787919998168945312e+00 1.181397819519042969e+01 8.401742935180664062e+00 3.520534992218017578e+00 8.691926002502441406e-01 1.264418363571166992e-01 1.083751581609249115e-02 5.473172059282660484e-04 1.628605605219490826e-05 2.855317688954528421e-07 2.949617217140598768e-09 1.795324652831276069e-11 6.438499364734562302e-14 1.360482614660583813e-16 1.693849405832659065e-19 1.242577599629114882e-22 5.370655638489232347e-26 1.367763849215664800e-29 2.052275015949492370e-33 2.752434716129771479e-32 1.574545951963729059e-28 5.307056809493699290e-25 1.053947148969485971e-21 1.233267563493072998e-18 8.502717894863639700e-16
8.503496106383929588e-16 3.454370307593573886e-13 8.268029316749192503e-11 1.166006846631262306e-08 9.688751561043318361e-07 4.743550016428343952e-05 1.368388882838189602e-03 2.325834147632122040e-02 2.329245507717132568e-01 1.374425172805786133e+00 4.778504371643066406e+00 9.788818359375000000e+00 1.181505966186523438e+01 8.402513504028320312e+00 3.520856857299804688e+00 8.692722320556640625e-01 1.264533996582031250e-01 1.083851046860218048e-02 5.473672645166516304e-04 1.628755126148462296e-05 2.855579168681288138e-07 2.949887445424792531e-09 1.795489104616798670e-11 6.439088899665851295e-14 1.360607287322507805e-16 1.694004760691454181e-19 1.242691448034956379e-22 5.371148060257413275e-26 1.367889335588603781e-29 2.052459421625777616e-33 2.752685096426496626e-32 1.574690155968315053e-28 5.307540972874278686e-25 1.054043579326540188e-21 1.233380680441839625e-18 8.503496106383929588e-16
8.504743362398761546e-16 3.454876901058667737e-13 8.269240847624814705e-11 1.166177909794896550e-08 9.690171509646461345e-07 4.744245597976259887e-05 1.368589815683662891e-03 2.326175197958946228e-02 2.329587191343307495e-01 1.374626994132995605e+00 4.779205322265625000e+00 9.790254592895507812e+00 1.181679344177246094e+01 8.403745651245117188e+00 3.521373748779296875e+00 8.693996667861938477e-01 1.264719665050506592e-01 1.084009744226932526e-02 5.474475910887122154e-04 1.628994141356088221e-05 2.855997820461197989e-07 2.950320432404396342e-09 1.795752262168104352e-11 6.440032155555913684e-14 1.360806869460704600e-16 1.694253302616132223e-19 1.242873454023008971e-22 5.371935072269887675e-26 1.368090053599995388e-29 2.052693418469988178e-33 2.753088290988828670e-32 1.574921026820398473e-28 5.308320959094315961e-25 1.054198271794610407e-21 1.233561729598412169e-18 8.504743362398761546e-16
8.506796358504669156e-16 3.455710110428222848e-13 8.271236473511578424e-11 1.166459195900415580e-08 9.692511184766772203e-07 4.745389378513209522e-05 1.368919853121042252e-03 2.326736599206924438e-02 2.330148816108703613e-01 1.374958276748657227e+00 4.780357360839843750e+00 9.792614936828613281e+00 1.181964588165283203e+01 8.405773162841796875e+00 3.522222995758056641e+00 8.696094751358032227e-01 1.265024840831756592e-01 1.084271445870399475e-02 5.475796642713248730e-04 1.629387043067254126e-05 2.856686478480696678e-07 2.951032751496995843e-09 1.796185596092403358e-11 6.441585952794356973e-14 1.361135094727765641e-16 1.694661981537521704e-19 1.243173599820227461e-22 5.373231146085262510e-26 1.368420019566248607e-29 2.053233594858389482e-33 2.753749800434753913e-32 1.575301036872550380e-28 5.309600885913037053e-25 1.054452625794002628e-21 1.233859204426201551e-18 8.506796358504669156e-16
8.510156432327308559e-16 3.457075663064468340e-13 8.274504692540318729e-11 1.166919894046714035e-08 9.696339020592859015e-07 4.747264756588265300e-05 1.369460718706250191e-03 2.327655628323554993e-02 2.331069409847259521e-01 1.375501632690429688e+00 4.782247543334960938e+00 9.796483993530273438e+00 1.182431316375732422e+01 8.409093856811523438e+00 3.523614168167114258e+00 8.699529170989990234e-01 1.265524625778198242e-01 1.084699667990207672e-02 5.477960221469402313e-04 1.630030601518228650e-05 2.857814820345083717e-07 2.952198041583642407e-09 1.796895271466425470e-11 6.444131795020624498e-14 1.361672960649272122e-16 1.695331610092777522e-19 1.243664586847637019e-22 5.375354907553537202e-26 1.368960784583446086e-29 2.054073889648235102e-33 2.754840365318729290e-32 1.575923473356452029e-28 5.311698269844793418e-25 1.054868942403567586e-21 1.234346413806995285e-18 8.510156432327308559e-16
8.515937961587911192e-16 3.459423502868985700e-13 8.280124502713093193e-11 1.167712593286296396e-08 9.702926035970449448e-07 4.750489461002871394e-05 1.370390877127647400e-03 2.329237014055252075e-02 2.332653105258941650e-01 1.376435756683349609e+00 4.785494804382324219e+00 9.803138732910156250e+00 1.183234596252441406e+01 8.414804458618164062e+00 3.526008129119873047e+00 8.705438375473022461e-01 1.266383826732635498e-01 1.085436530411243439e-02 5.481680855154991150e-04 1.631138002267107368e-05 2.859756591533368919e-07 2.954203326410720365e-09 1.798115822904122751e-11 6.448507906039319115e-14 1.362597814748555411e-16 1.696483329848786902e-19 1.244509488431564931e-22 5.379005238132930994e-26 1.369890497171443643e-29 2.055463544376097825e-33 2.756713515566764605e-32 1.576993808923045236e-28 5.315306322410048021e-25 1.055585556271644837e-21 1.235184968152970916e-18 8.515937961587911192e-16
8.526517403099117404e-16 3.463721822381804483e-13 8.290412106815026050e-11 1.169163432734876551e-08 9.714980251374072395e-07 4.756390990223735571e-05 1.372093334794044495e-03 2.332130447030067444e-02 2.335550934076309204e-01 1.378145933151245117e+00 4.791440010070800781e+00 9.815317153930664062e+00 1.184704685211181641e+01 8.425260543823242188e+00 3.530388832092285156e+00 8.716254234313964844e-01 1.267957389354705811e-01 1.086785085499286652e-02 5.488492315635085106e-04 1.633164356462657452e-05 2.863309020995075116e-07 2.957873501685526207e-09 1.800349452851790488e-11 6.456520160093986993e-14 1.364290821851879944e-16 1.698591089447148585e-19 1.246055403370308444e-22 5.385687752816768049e-26 1.371592537759795863e-29 2.058004081541812494e-33 2.760132440886131228e-32 1.578953201900216200e-28 5.321910074262879416e-25 1.056896908153386313e-21 1.236719594984409921e-18 8.526517403099117404e-16
8.545013426293599119e-16 3.471234259234956543e-13 8.308395638145782414e-11 1.171699537394488289e-08 9.736053243614151143e-07 4.766709389514289796e-05 1.375069608911871910e-03 2.337189391255378723e-02 2.340617179870605469e-01 1.381135463714599609e+00 4.801833629608154297e+00 9.836608886718750000e+00 1.187274551391601562e+01 8.443534851074218750e+00 3.538046360015869141e+00 8.735160827636718750e-01 1.270707547664642334e-01 1.089142449200153351e-02 5.500396946445107460e-04 1.636707020225003362e-05 2.869520017156901304e-07 2.964289258500230062e-09 1.804254835813257074e-11 6.470525341657068497e-14 1.367250010862451647e-16 1.702275274347277344e-19 1.248758482593702554e-22 5.397370289785025471e-26 1.374567648134043426e-29 2.062432389166550830e-33 2.766120996856395372e-32 1.582377986823822802e-28 5.333453574496591634e-25 1.059189628244771694e-21 1.239402348506072528e-18 8.545013426293599119e-16
8.579116031541241319e-16 3.485088736696062561e-13 8.341553836554993495e-11 1.176375796774209448e-08 9.774910267879022285e-07 4.785732744494453073e-05 1.380557543598115444e-03 2.346517331898212433e-02 2.349958717823028564e-01 1.386647462844848633e+00 4.820998191833496094e+00 9.875866889953613281e+00 1.192012977600097656e+01 8.477233886718750000e+00 3.552166461944580078e+00 8.770023584365844727e-01 1.275779306888580322e-01 1.093489304184913635e-02 5.522349383682012558e-04 1.643239374971017241e-05 2.880972829188976903e-07 2.976120683229055430e-09 1.811455846434384398e-11 6.496349682152957605e-14 1.372706888276239469e-16 1.709069012115751929e-19 1.253742190248526818e-22 5.418912355473381132e-26 1.380053689673285849e-29 2.070721461049771117e-33 2.777165941776721585e-32 1.588693351852711597e-28 5.354740492985914874e-25 1.063416912954797635e-21 1.244348681773986495e-18 8.579116031541241319e-16
8.638682564765715922e-16 3.509286502882680292e-13 8.399471396192126349e-11 1.184543485521771800e-08 9.842779036262072623e-07 4.818960951524786651e-05 1.390143064782023430e-03 2.362809702754020691e-02 2.366274893283843994e-01 1.396275401115417480e+00 4.854471206665039062e+00 9.944437026977539062e+00 1.200289154052734375e+01 8.536092758178710938e+00 3.576830625534057617e+00 8.830914497375488281e-01 1.284637153148651123e-01 1.101081538945436478e-02 5.560692516155540943e-04 1.654648440307937562e-05 2.900975459851906635e-07 2.996784154163378844e-09 1.824032938579911445e-11 6.541453847781070197e-14 1.382237861817422466e-16 1.720935564237678668e-19 1.262447175674332057e-22 5.456536090271765764e-26 1.389635642536443063e-29 2.085096838605366113e-33 2.796447575613259567e-32 1.599723874867946442e-28 5.391919507448981161e-25 1.070800449079274569e-21 1.252988376476949731e-18 8.638682564765715922e-16
8.732324704062638995e-16 3.547326820306506701e-13 8.490519398662854655e-11 1.197383880935376510e-08 9.949474133463809267e-07 4.871197597822174430e-05 1.405212096869945526e-03 2.388421818614006042e-02 2.391924858093261719e-01 1.411410808563232422e+00 4.907092571258544922e+00 1.005223274230957031e+01 1.213300228118896484e+01 8.628622055053710938e+00 3.615602493286132812e+00 8.926640748977661133e-01 1.298562288284301758e-01 1.113016996532678604e-02 5.620968295261263847e-04 1.672584403422661126e-05 2.932421807599894237e-07 3.029268835774701074e-09 1.843805143286747494e-11 6.612363380367053400e-14 1.397220815863166972e-16 1.739590296508339402e-19 1.276131829787126828e-22 5.515684018128622144e-26 1.404698972577258636e-29 2.107630514297652417e-33 2.826753289345396667e-32 1.617064707345966065e-28 5.450366704954871689e-25 1.082407634842726184e-21 1.266570682135070445e-18 8.732324704062638995e-16
8.868827239886221698e-16 3.602777798317191582e-13 8.623243785699230557e-11 1.216101352952136949e-08 1.010500454867724329e-06 4.947344132233411074e-05 1.427178154699504375e-03 2.425757795572280884e-02 2.429315447807312012e-01 1.433473825454711914e+00 4.983800888061523438e+00 1.020936965942382812e+01 1.232266426086425781e+01 8.763504028320312500e+00 3.672121763229370117e+00 9.066181778907775879e-01 1.318861544132232666e-01 1.130415778607130051e-02 5.708836251869797707e-04 1.698730193311348557e-05 2.978261193220532732e-07 3.076622068221013251e-09 1.872627747312449742e-11 6.715727149733674572e-14 1.419062354501507157e-16 1.766783600652078764e-19 1.296080544358355775e-22 5.601905282474114326e-26 1.426657282282257420e-29 2.140638395668742250e-33 2.870945999464560566e-32 1.642342658236670060e-28 5.535566640947135542e-25 1.099327880844375458e-21 1.286369663686833439e-18 8.868827239886221698e-16
9.030598356713176282e-16 3.668494002496969220e-13 8.780534632712999610e-11 1.238283431348463637e-08 1.028932274493854493e-06 5.037585287936963141e-05 1.453210483305156231e-03 2.470004186034202576e-02 2.473627030849456787e-01 1.459620952606201172e+00 5.074706077575683594e+00 1.039559078216552734e+01 1.254743289947509766e+01 8.923355102539062500e+00 3.739102125167846680e+00 9.231551885604858398e-01 1.342917978763580322e-01 1.151034794747829437e-02 5.812966264784336090e-04 1.729715586407110095e-05 3.032585595974524040e-07 3.132740733491345964e-09 1.906784972971475867e-11 6.838224376939233684e-14 1.444946490229516499e-16 1.799010169576232588e-19 1.319721380401508727e-22 5.704085572710776900e-26 1.452679906023020892e-29 2.179702093327482340e-33 2.923316036035219708e-32 1.672299535556641320e-28 5.636537385548964712e-25 1.119380144453467335e-21 1.309833572340089192e-18 9.030598356713176282e-16
9.216760316651910478e-16 3.744117917179462518e-13 8.961539843532762006e-11 1.263809945584171146e-08 1.050143168868089560e-06 5.141432484379038215e-05 1.483167638070881367e-03 2.520922012627124786e-02 2.524619400501251221e-01 1.489710092544555664e+00 5.179318904876708984e+00 1.060988998413085938e+01 1.280609321594238281e+01 9.107305526733398438e+00 3.816182136535644531e+00 9.421855807304382324e-01 1.370601654052734375e-01 1.174762845039367676e-02 5.932797212153673172e-04 1.765373053785879165e-05 3.095100851169263478e-07 3.197320630476951919e-09 1.946092245685981936e-11 6.979190988153083364e-14 1.474733330262000030e-16 1.836095907611252604e-19 1.346926605558812300e-22 5.821672686204955157e-26 1.482626311098919546e-29 2.224607263225839934e-33 2.983573051952720988e-32 1.706773200078686745e-28 5.752731666507362119e-25 1.142455373538464064e-21 1.336835022280504536e-18 9.216760316651910478e-16
9.405585136418575382e-16 3.820824949832268835e-13 9.145138812893804925e-11 1.289702034057427227e-08 1.071657720785879064e-06 5.246766522759571671e-05 1.513553783297538757e-03 2.572568878531455994e-02 2.576341927051544189e-01 1.520230293273925781e+00 5.285429000854492188e+00 1.082725811004638672e+01 1.306845378875732422e+01 9.293889045715332031e+00 3.894364833831787109e+00 9.614883661270141602e-01 1.398681700229644775e-01 1.198830641806125641e-02 6.054344703443348408e-04 1.801540565793402493e-05 3.158511390211060643e-07 3.262824899152860780e-09 1.985962436168442480e-11 7.122175570660471688e-14 1.504946466094968889e-16 1.873712462954984383e-19 1.374521591112167469e-22 5.940942908396132306e-26 1.513001085124167455e-29 2.270156567294249679e-33 3.044702578552120111e-32 1.741740263778359875e-28 5.870589457899644335e-25 1.165861192140733573e-21 1.364223075759711851e-18 9.405585136418575382e-16
9.589183762900681252e-16 3.895408301479719171e-13 9.323652960802064626e-11 1.314877273728143336e-08 1.092576667360845022e-06 5.349183993530459702e-05 1.543098594993352890e-03 2.622785978019237518e-02 2.626632452011108398e-01 1.549905538558959961e+00 5.388601303100585938e+00 1.103860855102539062e+01 1.332355308532714844e+01 9.475307464599609375e+00 3.970383882522583008e+00 9.802567958831787109e-01 1.425984054803848267e-01 1.222231984138488770e-02 6.172526627779006958e-04 1.836707087932154536e-05 3.220166036044247448e-07 3.326515951584951836e-09 2.024728822103138981e-11 7.261201459985572315e-14 1.534323553939218152e-16 1.910287546208723616e-19 1.401352580656034194e-22 6.056911008141860877e-26 1.542535220821345717e-29 2.314531846379775665e-33 3.104138511665572023e-32 1.775739306939735370e-28 5.985184323372706142e-25 1.188619160302312136e-21 1.390852914809937748e-18 9.589183762900681252e-16
9.788568965937239144e-16 3.976404166876335022e-13 9.517515942025767117e-11 1.342217004207668651e-08 1.115294253395404667e-06 5.460407555801793933e-05 1.575183589011430740e-03 2.677320502698421478e-02 2.681247293949127197e-01 1.582131981849670410e+00 5.500644683837890625e+00 1.126813125610351562e+01 1.360058498382568359e+01 9.672324180603027344e+00 4.052938461303710938e+00 1.000638961791992188e+00 1.455633938312530518e-01 1.247645355761051178e-02 6.300869281403720379e-04 1.874896952358540148e-05 3.287121614903298905e-07 3.395682846019099088e-09 2.066828132252229722e-11 7.412182033515041235e-14 1.566226123455265315e-16 1.950007466753812891e-19 1.430490325704511992e-22 6.182850186470066596e-26 1.574608574779577025e-29 2.362658972825340223e-33 3.168682555480522185e-32 1.812661550644826117e-28 6.109632061551978385e-25 1.213333604483034677e-21 1.419772389795710425e-18 9.788568965937239144e-16
1.003381465032051299e-15 4.076029878202769297e-13 9.755969643254758239e-11 1.375845037898670853e-08 1.143237113865325227e-06 5.597214476438239217e-05 1.614648848772048950e-03 2.744399011135101318e-02 2.748423814773559570e-01 1.621771335601806641e+00 5.638459205627441406e+00 1.155044555664062500e+01 1.394133567810058594e+01 9.914656639099121094e+00 4.154482364654541016e+00 1.025709271430969238e+00 1.492103934288024902e-01 1.278904080390930176e-02 6.458733696490526199e-04 1.921871262311469764e-05 3.369478065451403381e-07 3.480758792306914984e-09 2.118611189261265793e-11 7.597888247376505255e-14 1.605466777621392897e-16 1.998863597164550356e-19 1.466330233003747506e-22 6.337757816352185158e-26 1.614059293667749783e-29 2.421858705042673782e-33 3.248068978716129961e-32 1.858076543551556953e-28 6.262704603753326568e-25 1.243732895891141917e-21 1.455343844472481412e-18 1.003381465032051299e-15
1.035803980428814594e-15 4.207739842318480861e-13 1.007121747109707144e-10 1.420303163968128501e-08 1.180178742288262583e-06 5.778078775620087981e-05 1.666823402047157288e-03 2.833079174160957336e-02 2.837234437465667725e-01 1.674175977706909180e+00 5.820656299591064453e+00 1.192367744445800781e+01 1.439182662963867188e+01 1.023503208160400391e+01 4.288726806640625000e+00 1.058853268623352051e+00 1.540318429470062256e-01 1.320229843258857727e-02 6.667435518465936184e-04 1.983972833841107786e-05 3.478356802588677965e-07 3.593234154664060043e-09 2.187070316517214508e-11 7.843400408324985307e-14 1.657344633964962606e-16 2.063453478307870676e-19 1.513712248197197524e-22 6.542550421430635250e-26 1.666214680267971372e-29 2.500057181034180246e-33 3.353022697955710196e-32 1.918116928085342934e-28 6.465073063921935779e-25 1.283921837537071562e-21 1.502370716657346141e-18 1.035803980428814594e-15
1.068934085973890450e-15 4.342324026393451497e-13 1.039334590613449905e-10 1.465731536143266567e-08 1.217926865137997083e-06 5.962890281807631254e-05 1.720136613585054874e-03 2.923694998025894165e-02 2.927983403205871582e-01 1.727724552154541016e+00 6.006829738616943359e+00 1.230505561828613281e+01 1.485214900970458984e+01 1.056239891052246094e+01 4.425901412963867188e+00 1.092720508575439453e+00 1.589585393667221069e-01 1.362457312643527985e-02 6.880693836137652397e-04 2.047430461971089244e-05 3.589611878851428628e-07 3.708163331950231623e-09 2.257023734575369645e-11 8.094271238510974964e-14 1.710354602782096891e-16 2.129452797666798929e-19 1.562128112938593991e-22 6.751814265467974749e-26 1.719508622484535009e-29 2.580088877199992532e-33 3.460272157662446358e-32 1.979468028316905953e-28 6.671858159083651130e-25 1.324988143970900774e-21 1.550424016584812609e-18 1.068934085973890450e-15
1.090505156404260496e-15 4.429951956479161179e-13 1.060308230105277971e-10 1.495310009147488017e-08 1.242504481524520088e-06 6.083221524022519588e-05 1.754848985001444817e-03 2.982695028185844421e-02 2.987069487571716309e-01 1.762589931488037109e+00 6.128047466278076172e+00 1.255337142944335938e+01 1.515186500549316406e+01 1.077554702758789062e+01 4.515215873718261719e+00 1.114771604537963867e+00 1.621663272380828857e-01 1.389951724559068680e-02 7.019545300863683224e-04 2.088747532980050892e-05 3.662049721242510714e-07 3.782993918122201649e-09 2.302570287215921496e-11 8.257613072059494241e-14 1.744869474847035519e-16 2.172425218229840851e-19 1.593651752017694635e-22 6.888065334941616382e-26 1.754207861551316789e-29 2.632156481114704177e-33 3.530100048584342703e-32 2.019413620922820088e-28 6.806496008006115794e-25 1.351726212011019705e-21 1.581711502869171466e-18 1.090505156404260496e-15
1.096853033069221037e-15 4.455738620949556417e-13 1.066480237454925373e-10 1.504014335296233185e-08 1.249737010766693857e-06 6.118632154539227486e-05 1.765063730999827385e-03 3.000057674944400787e-02 3.004457652568817139e-01 1.772849917411804199e+00 6.163718223571777344e+00 1.262644386291503906e+01 1.524006462097167969e+01 1.083827018737792969e+01 4.541498184204101562e+00 1.121260643005371094e+00 1.631103008985519409e-01 1.398042403161525726e-02 7.060406496748328209e-04 2.100905840052291751e-05 3.683366855966596631e-07 3.805014969771036704e-09 2.315973801625403894e-11 8.305680497750281277e-14 1.755026458675798648e-16 2.185071000338186684e-19 1.602928503827604063e-22 6.928159806747056511e-26 1.764419503228322486e-29 2.647413663104408205e-33 3.550644163353663821e-32 2.031168534338387582e-28 6.846116053932775349e-25 1.359594727198252033e-21 1.590918540074769510e-18 1.096853033069221037e-15
1.091202158640732379e-15 4.432783350452607074e-13 1.060986021261811629e-10 1.496265866762769292e-08 1.243298697772843298e-06 6.087109795771539211e-05 1.755970530211925507e-03 2.984602004289627075e-02 2.988979220390319824e-01 1.763716578483581543e+00 6.131964206695556641e+00 1.256139564514160156e+01 1.516155052185058594e+01 1.078243541717529297e+01 4.518102645874023438e+00 1.115484237670898438e+00 1.622699946165084839e-01 1.390840206295251846e-02 7.024033111520111561e-04 2.090082489303313196e-05 3.664391101665387396e-07 3.785411539780625390e-09 2.304042200085287817e-11 8.262891103760425238e-14 1.745984911359451026e-16 2.173813589189222823e-19 1.594670329218516005e-22 6.892468164868881154e-26 1.755329264354091638e-29 2.633838723733326260e-33 3.532359054853035434e-32 2.020704475468045633e-28 6.810847068936475437e-25 1.352590248205064658e-21 1.582722627770440973e-18 1.091202158640732379e-15
1.074384954747708686e-15 4.364467229463209197e-13 1.044634517777254246e-10 1.473205735180727061e-08 1.224137349709053524e-06 5.993297600070945919e-05 1.728908158838748932e-03 2.938603982329368591e-02 2.942914068698883057e-01 1.736534714698791504e+00 6.037460327148437500e+00 1.236780452728271484e+01 1.492788696289062500e+01 1.061625957489013672e+01 4.448471069335937500e+00 1.098292827606201172e+00 1.597691476345062256e-01 1.369404792785644531e-02 6.915780832059681416e-04 2.057871097349561751e-05 3.607916596592986025e-07 3.727071984371832514e-09 2.268533277893780564e-11 8.135546815217498118e-14 1.719076395160856014e-16 2.140311611158088800e-19 1.570093967250643350e-22 6.786243729897796487e-26 1.728276869946188616e-29 2.593244863037601721e-33 3.477919854351341360e-32 1.989561827155439456e-28 6.705880250811636080e-25 1.331744428390643894e-21 1.558330105482017878e-18 1.074384954747708686e-15
1.049083339459393888e-15 4.261684321410497134e-13 1.020033363330341558e-10 1.438512153839610619e-08 1.195309096146957017e-06 5.852156027685850859e-05 1.688192598521709442e-03 2.869400382041931152e-02 2.873608767986297607e-01 1.695639610290527344e+00 5.895278453826904297e+00 1.207654380798339844e+01 1.457633495330810547e+01 1.036624813079833984e+01 4.343709468841552734e+00 1.072427988052368164e+00 1.560065746307373047e-01 1.337155513465404510e-02 6.752914632670581341e-04 2.009408308367710561e-05 3.522950748902076157e-07 3.639299750446411963e-09 2.215109519421165629e-11 7.943955416438511219e-14 1.678592323097938721e-16 2.089907619026111481e-19 1.533118226465634414e-22 6.626428522368588146e-26 1.687575951690210112e-29 2.532114381349042555e-33 3.396009644744518133e-32 1.942707803468386782e-28 6.547957693157375964e-25 1.300382146076540776e-21 1.521631824015796529e-18 1.049083339459393888e-15
1.019275720649923025e-15 4.140597370180798542e-13 9.910514076061360811e-11 1.397639870504008286e-08 1.161346972367027774e-06 5.685878932126797736e-05 1.640225993469357491e-03 2.787872403860092163e-02 2.791961133480072021e-01 1.647461533546447754e+00 5.727777481079101562e+00 1.173341464996337891e+01 1.416218185424804688e+01 1.007171249389648438e+01 4.220292091369628906e+00 1.041957139968872070e+00 1.515740007162094116e-01 1.299163233488798141e-02 6.561044720001518726e-04 1.952315142261795700e-05 3.422853467327513499e-07 3.535897130646503683e-09 2.152171670044555896e-11 7.718244175291405496e-14 1.630898677164907247e-16 2.030527295531255987e-19 1.489558084585799155e-22 6.438152692493202988e-26 1.639627367848982487e-29 2.460218759129851343e-33 3.299521541945972308e-32 1.887509808667897933e-28 6.361911258155855250e-25 1.263434476117983225e-21 1.478397781734640570e-18 1.019275720649923025e-15
9.840772665267705742e-16 3.997610077167979004e-13 9.568273950932848493e-11 1.349375189363399841e-08 1.121242235058161896e-06 5.489528484758920968e-05 1.583584235049784184e-03 2.691598609089851379e-02 2.695546448230743408e-01 1.590569615364074707e+00 5.529978752136230469e+00 1.132822418212890625e+01 1.367311668395996094e+01 9.723907470703125000e+00 4.074553489685058594e+00 1.005975365638732910e+00 1.463397145271301270e-01 1.254299189895391464e-02 6.334473146125674248e-04 1.884895937109831721e-05 3.304652125279972097e-07 3.413791693773760016e-09 2.077850912163281549e-11 7.451710689471147120e-14 1.574578794757478775e-16 1.960406807264223697e-19 1.438119178637850935e-22 6.215823339713140482e-26 1.583006231190212994e-29 2.375209946414260566e-33 3.185581462267943391e-32 1.822328515259434799e-28 6.142214975166000752e-25 1.219804434851058142e-21 1.427344194327867702e-18 9.840772665267705742e-16
9.509888773543469925e-16 3.863196654935174834e-13 9.246552828967580240e-11 1.304004193514174403e-08 1.083541860680270474e-06 5.304951992002315819e-05 1.530338311567902565e-03 2.601097524166107178e-02 2.604912519454956055e-01 1.537088871002197266e+00 5.344042301177978516e+00 1.094732761383056641e+01 1.321337699890136719e+01 9.396953582763671875e+00 3.937551736831665039e+00 9.721508622169494629e-01 1.414192169904708862e-01 1.212124805897474289e-02 6.121483747847378254e-04 1.821518890210427344e-05 3.193537452261807630e-07 3.299007733659209407e-09 2.007985791530053632e-11 7.201156310794251669e-14 1.521635662133838775e-16 1.894490852201404304e-19 1.389764277067209948e-22 6.006825119933730870e-26 1.529779696521702911e-29 2.295362104911756579e-33 3.078465127296437853e-32 1.761055776302484036e-28 5.935691683217205624e-25 1.178790029153905230e-21 1.379351588777847313e-18 9.509888773543469925e-16
9.192685522708575127e-16 3.734339226735272632e-13 8.938133566616102144e-11 1.260509030487355631e-08 1.047400473908055574e-06 5.128003249410539865e-05 1.479293568991124630e-03 2.514337562024593353e-02 2.518025338649749756e-01 1.485819458961486816e+00 5.165791511535644531e+00 1.058218002319335938e+01 1.277264404296875000e+01 9.083518028259277344e+00 3.806214332580566406e+00 9.397248029708862305e-01 1.367021799087524414e-01 1.171694509685039520e-02 5.917301750741899014e-04 1.760762279445771128e-05 3.087017148573067971e-07 3.188969088796511642e-09 1.941009332429022294e-11 6.960961483875455214e-14 1.470881447934361099e-16 1.831300198763005714e-19 1.343408664574761093e-22 5.806467392256820154e-26 1.478753687277932149e-29 2.218822912664832700e-33 2.975782757016233983e-32 1.702315274110537915e-28 5.737706331453230660e-25 1.139471485076360241e-21 1.333343492914918206e-18 9.192685522708575127e-16
8.988986804388124710e-16 3.651590477476290841e-13 8.740075330138097343e-11 1.232577595544626092e-08 1.024191192300349940e-06 5.014373164158314466e-05 1.446514623239636421e-03 2.458622865378856659e-02 2.462228983640670776e-01 1.452895164489746094e+00 5.051323413848876953e+00 1.034769058227539062e+01 1.248961734771728516e+01 8.882236480712890625e+00 3.721873283386230469e+00 9.189015626907348633e-01 1.336730122566223145e-01 1.145731192082166672e-02 5.786181427538394928e-04 1.721745502436533570e-05 3.018612062533065910e-07 3.118305613725169678e-09 1.897998772038000936e-11 6.806714751301373711e-14 1.438288546566301681e-16 1.790720656615714848e-19 1.313640209455340992e-22 5.677802329722526517e-26 1.445986396686613815e-29 2.169608453944757526e-33 2.909846046269147115e-32 1.664593769478526465e-28 5.610565126320694424e-25 1.114222079605927502e-21 1.303797945603019456e-18 8.988986804388124710e-16
8.823735970334731053e-16 3.584460744714135227e-13 8.579399690678002344e-11 1.209918476519078467e-08 1.005362719297409058e-06 4.922190055367536843e-05 1.419922104105353355e-03 2.413424290716648102e-02 2.416964322328567505e-01 1.426186084747314453e+00 4.958461284637451172e+00 1.015746212005615234e+01 1.226001358032226562e+01 8.718948364257812500e+00 3.653451442718505859e+00 9.020087718963623047e-01 1.312156319618225098e-01 1.124668680131435394e-02 5.679810419678688049e-04 1.690093449724372476e-05 2.963118959087296389e-07 3.060979913982464495e-09 1.863106544042203438e-11 6.681582912816674824e-14 1.411847619024370645e-16 1.757800936187635729e-19 1.289490968335991201e-22 5.573424322307724780e-26 1.419403447702655182e-29 2.129753317980127868e-33 2.856349592236812516e-32 1.633992668592157674e-28 5.507423535115310183e-25 1.093738757154673897e-21 1.279829560173682926e-18 8.823735970334731053e-16
8.704262502520104024e-16 3.535927518664994107e-13 8.463235667832691433e-11 1.193536292021235568e-08 9.917500847222981974e-07 4.855544102611020207e-05 1.400696462951600552e-03 2.380746603012084961e-02 2.384238541126251221e-01 1.406875133514404297e+00 4.891324043273925781e+00 1.001992988586425781e+01 1.209401226043701172e+01 8.600893020629882812e+00 3.603983640670776367e+00 8.897956013679504395e-01 1.294389516115188599e-01 1.109440438449382782e-02 5.602905293926596642e-04 1.667209835432004184e-05 2.922998305621149484e-07 3.019533512116368001e-09 1.837880195254548710e-11 6.591115050665410924e-14 1.392731011847127146e-16 1.734000235778100183e-19 1.272031267692915591e-22 5.497959915962019739e-26 1.400185074270101052e-29 2.100864258611723940e-33 2.817674652600408435e-32 1.611868548356009302e-28 5.432852513744767937e-25 1.078929376717651216e-21 1.262500539931003273e-18 8.704262502520104024e-16
8.625384676889415441e-16 3.503884194507728145e-13 8.386541461291585620e-11 1.182720055226127442e-08 9.827629128267290071e-07 4.811543476535007358e-05 1.388003118336200714e-03 2.359172329306602478e-02 2.362632453441619873e-01 1.394126057624816895e+00 4.846998214721679688e+00 9.929130554199218750e+00 1.198441505432128906e+01 8.522953033447265625e+00 3.571324825286865234e+00 8.817321062088012695e-01 1.282659471035003662e-01 1.099386438727378845e-02 5.552132497541606426e-04 1.652101491345092654e-05 2.896509840866201557e-07 2.992170733406851468e-09 1.821225115161695385e-11 6.531385675356826681e-14 1.380110353281936079e-16 1.718286518325977597e-19 1.260504179710336496e-22 5.448136570523908600e-26 1.387496506128681084e-29 2.081887739027621268e-33 2.792141152059022117e-32 1.597261332692804312e-28 5.383618718573793064e-25 1.069152045331724742e-21 1.251059598083629209e-18 8.625384676889415441e-16
8.568611764204103927e-16 3.480822130096788980e-13 8.331341172507222836e-11 1.174935526648823725e-08 9.762943591340444982e-07 4.779874143423512578e-05 1.378867309540510178e-03 2.343643829226493835e-02 2.347081452608108521e-01 1.384949684143066406e+00 4.815095901489257812e+00 9.863777160644531250e+00 1.190553379058837891e+01 8.466856002807617188e+00 3.547818183898925781e+00 8.759286403656005859e-01 1.274217367172241211e-01 1.092150434851646423e-02 5.515588563866913319e-04 1.641227026993874460e-05 2.877445979265758069e-07 2.972476487173025816e-09 1.809238002470348050e-11 6.488395703965060823e-14 1.371026454318225742e-16 1.706976632906904903e-19 1.252207256253583982e-22 5.412277295703373778e-26 1.378363987073639860e-29 2.068186801355810559e-33 2.773765530493380413e-32 1.586748403350123537e-28 5.348184565825462503e-25 1.062114850699076041e-21 1.242825221880816957e-18 8.568611764204103927e-16
8.537334013835554819e-16 3.468115551685801989e-13 8.300929388305178236e-11 1.170646690695775760e-08 9.727305041451472789e-07 4.762425669468939304e-05 1.373834325931966305e-03 2.335089258849620819e-02 2.338514178991317749e-01 1.379894495010375977e+00 4.797518730163574219e+00 9.827772140502929688e+00 1.186207771301269531e+01 8.435949325561523438e+00 3.534867763519287109e+00 8.727312088012695312e-01 1.269566118717193604e-01 1.088163722306489944e-02 5.495453951880335808e-04 1.635236367292236537e-05 2.866942168111563660e-07 2.961626055508759237e-09 1.802633736724956748e-11 6.464711985133472782e-14 1.366021680740034903e-16 1.700745636448907799e-19 1.247636406842116187e-22 5.392521260408245064e-26 1.373332344630651301e-29 2.060549761495312010e-33 2.763631299821353767e-32 1.580956169042378925e-28 5.328662723611571277e-25 1.058237744500321329e-21 1.238288549811269876e-18 8.537334013835554819e-16
8.521466439755521604e-16 3.461670240820918787e-13 8.285501451599230904e-11 1.168470831203194393e-08 9.709226560516981408e-07 4.753574467031285167e-05 1.371280290186405182e-03 2.330749481916427612e-02 2.334167957305908203e-01 1.377329587936401367e+00 4.788602828979492188e+00 9.809503555297851562e+00 1.184002876281738281e+01 8.420269012451171875e+00 3.528297424316406250e+00 8.711090087890625000e-01 1.267206370830535889e-01 1.086141355335712433e-02 5.485240835696458817e-04 1.632196654099971056e-05 2.861613097593362909e-07 2.956121347708062785e-09 1.799283638748150338e-11 6.452696992183259983e-14 1.363482699480640138e-16 1.697585031027130965e-19 1.245317408216256083e-22 5.382499645424027194e-26 1.370779735137953687e-29 2.056795526412373330e-33 2.758502911842303832e-32 1.578018162912216197e-28 5.318758081908455710e-25 1.056271272035786391e-21 1.235987229949570784e-18 8.521466439755521604e-16
8.511935730912134623e-16 3.457798283812429929e-13 8.276233864901172410e-11 1.167163610205079749e-08 9.698364920041058213e-07 4.748257197206839919e-05 1.369747333228588104e-03 2.328142523765563965e-02 2.331557124853134155e-01 1.375789165496826172e+00 4.783246994018554688e+00 9.798530578613281250e+00 1.182678604125976562e+01 8.410852432250976562e+00 3.524350643157958984e+00 8.701348900794982910e-01 1.265788972377777100e-01 1.084926351904869080e-02 5.479105748236179352e-04 1.630371480132453144e-05 2.858412528894405114e-07 2.952815325585333994e-09 1.797270665626626851e-11 6.445478916219937737e-14 1.361957643128888372e-16 1.695686134533438921e-19 1.243924342966508194e-22 5.376477801748312736e-26 1.369246965736119877e-29 2.054499271666438917e-33 2.755418708539333855e-32 1.576252807376942247e-28 5.312809084606957755e-25 1.055089671995735667e-21 1.234604907748418106e-18 8.511935730912134623e-16
8.507382399425050725e-16 3.455947550703997173e-13 8.271805462811698817e-11 1.166539487229556471e-08 9.693178526504198089e-07 4.745716432807967067e-05 1.369013916701078415e-03 2.326896414160728455e-02 2.330309450626373291e-01 1.375053286552429199e+00 4.780687332153320312e+00 9.793289184570312500e+00 1.182045745849609375e+01 8.406351089477539062e+00 3.522465944290161133e+00 8.696693181991577148e-01 1.265111565589904785e-01 1.084345951676368713e-02 5.476173246279358864e-04 1.629499456612393260e-05 2.856883156709955074e-07 2.951235478221292396e-09 1.796309628820935700e-11 6.442029798058718226e-14 1.361228797747555648e-16 1.694778820799044819e-19 1.243258923015736166e-22 5.373602773527331471e-26 1.368514360040868201e-29 2.053401470145366290e-33 2.753941406013937946e-32 1.575409490802543686e-28 5.309966720157833297e-25 1.054525226240831929e-21 1.233943990438988237e-18 8.507382399425050725e-16
8.504915945361764609e-16 3.454946289997706810e-13 8.269408768857289260e-11 1.166201535340860573e-08 9.690365914138965309e-07 4.744341276818886399e-05 1.368617173284292221e-03 2.326222509145736694e-02 2.329634428024291992e-01 1.374654650688171387e+00 4.779300689697265625e+00 9.790451049804687500e+00 1.181703376770019531e+01 8.403917312622070312e+00 3.521444797515869141e+00 8.694171905517578125e-01 1.264744997024536133e-01 1.084031909704208374e-02 5.474587669596076012e-04 1.629026883165352046e-05 2.856054948097153101e-07 2.950380162403121176e-09 1.795788864833447462e-11 6.440163615069327552e-14 1.360834530380388373e-16 1.694287811557312170e-19 1.242898697571976043e-22 5.372044156941937768e-26 1.368117437916392144e-29 2.052731622036389902e-33 2.753139424993089440e-32 1.574952804664480862e-28 5.308427455316520798e-25 1.054219476375742748e-21 1.233586234824059052e-18 8.504915945361764609e-16
8.503469636604327891e-16 3.454358381369676545e-13 8.268001561173576874e-11 1.166002938646215625e-08 9.688720865597133525e-07 4.743532917927950621e-05 1.368384342640638351e-03 2.325826138257980347e-02 2.329237610101699829e-01 1.374420404434204102e+00 4.778488159179687500e+00 9.788784027099609375e+00 1.181502151489257812e+01 8.402486801147460938e+00 3.520844936370849609e+00 8.692692518234252930e-01 1.264529824256896973e-01 1.083847321569919586e-02 5.473655182868242264e-04 1.628749487281311303e-05 2.855569221082987497e-07 2.949877231372965980e-09 1.795482859612285154e-11 6.439065860369685979e-14 1.360602655111077509e-16 1.693999203071713590e-19 1.242687030413887141e-22 5.371129571329947158e-26 1.367884821690296623e-29 2.052453176812038873e-33 2.752675398598102342e-32 1.574684739290346464e-28 5.307524209580042739e-25 1.054040146203880666e-21 1.233376337743623721e-18 8.503469636604327891e-16
8.502666543491212408e-16 3.454033120717930894e-13 8.267221629498777702e-11 1.165892982157856750e-08 9.687804549685097300e-07 4.743086174130439758e-05 1.368255587294697762e-03 2.325607277452945709e-02 2.329017817974090576e-01 1.374291181564331055e+00 4.778037071228027344e+00 9.787862777709960938e+00 1.181390762329101562e+01 8.401695251464843750e+00 3.520513057708740234e+00 8.691872954368591309e-01 1.264410465955734253e-01 1.083745248615741730e-02 5.473140627145767212e-04 1.628596328373532742e-05 2.855299499060492963e-07 2.949600119706019541e-09 1.795313550601029817e-11 6.438458707153094096e-14 1.360474541377805296e-16 1.693839453815914287e-19 1.242570026564424761e-22 5.370622974717375539e-26 1.367755874661988821e-29 2.052239016434998438e-33 2.752418846956035378e-32 1.574536322314007123e-28 5.307024268981358923e-25 1.053940787595146269e-21 1.233260325662713159e-18 8.502666543491212408e-16
8.502225556963048138e-16 3.453853685258384543e-13 8.266791418076735454e-11 1.165832586025317141e-08 9.687303190730744973e-07 4.742839882965199649e-05 1.368184341117739677e-03 2.325486578047275543e-02 2.328897416591644287e-01 1.374219655990600586e+00 4.777789592742919922e+00 9.787355422973632812e+00 1.181329536437988281e+01 8.401259422302246094e+00 3.520330905914306641e+00 8.691422343254089355e-01 1.264345049858093262e-01 1.083688624203205109e-02 5.472855409607291222e-04 1.628511745366267860e-05 2.855152274605643470e-07 2.949446686884016344e-09 1.795220916367412656e-11 6.438125314985054803e-14 1.360404264112962790e-16 1.693751695122801239e-19 1.242505655514558726e-22 5.370345640805383777e-26 1.367685006458566447e-29 2.052150119674717502e-33 2.752274848898059647e-32 1.574454951773856762e-28 5.306748660702597332e-25 1.053885857632593919e-21 1.233196322562816869e-18 8.502225556963048138e-16
8.501970388287687780e-16 3.453749872900369056e-13 8.266543699564365966e-11 1.165797502977738986e-08 9.687012152426177636e-07 4.742697637993842363e-05 1.368143246509134769e-03 2.325416728854179382e-02 2.328826785087585449e-01 1.374178409576416016e+00 4.777646064758300781e+00 9.787059783935546875e+00 1.181293582916259766e+01 8.401002883911132812e+00 3.520224571228027344e+00 8.691160082817077637e-01 1.264306902885437012e-01 1.083656027913093567e-02 5.472690099850296974e-04 1.628462268854491413e-05 2.855065304174786434e-07 2.949357646997441407e-09 1.795166446050266984e-11 6.437931513846723020e-14 1.360363235954580160e-16 1.693700771816340943e-19 1.242468295062087459e-22 5.370184170838846351e-26 1.367643328130863692e-29 2.052019529599180839e-33 2.752187862316098798e-32 1.574407525748976226e-28 5.306589409407355840e-25 1.053854353683483013e-21 1.233159099435251983e-18 8.501970388287687780e-16
8.501860274004544721e-16 3.453705962712383393e-13 8.266438922266416967e-11 1.165782492762446054e-08 9.686888233773061074e-07 4.742637247545644641e-05 1.368125900626182556e-03 2.325386926531791687e-02 2.328797280788421631e-01 1.374160885810852051e+00 4.777585029602050781e+00 9.786933898925781250e+00 1.181278800964355469e+01 8.400897026062011719e+00 3.520179510116577148e+00 8.691048622131347656e-01 1.264290809631347656e-01 1.083642430603504181e-02 5.472620832733809948e-04 1.628442078072112054e-05 2.855029492820904125e-07 2.949319899414604151e-09 1.795143721172731688e-11 6.437848843431071000e-14 1.360345501202247023e-16 1.693679187572232138e-19 1.242452265408493368e-22 5.370113296616892901e-26 1.367626325780573399e-29 2.052045610880089708e-33 2.752151715864811013e-32 1.574387183113938636e-28 5.306520384078149002e-25 1.053840823141236662e-21 1.233143279606036906e-18 8.501860274004544721e-16
8.501808393236525395e-16 3.453684549719476804e-13 8.266388962230308834e-11 1.165775564970772393e-08 9.686827979749068618e-07 4.742608507513068616e-05 1.368117518723011017e-03 2.325372584164142609e-02 2.328783273696899414e-01 1.374152421951293945e+00 4.777555465698242188e+00 9.786872863769531250e+00 1.181271839141845703e+01 8.400844573974609375e+00 3.520158529281616211e+00 8.690996766090393066e-01 1.264283359050750732e-01 1.083635725080966949e-02 5.472586490213871002e-04 1.628431891731452197e-05 2.855012155578151578e-07 2.949302579935419999e-09 1.795133139359528229e-11 6.437810896355034007e-14 1.360337295570570497e-16 1.693668847814575225e-19 1.242444818561548082e-22 5.370081865440200502e-26 1.367618200763620515e-29 2.052052406706805399e-33 2.752138197679776556e-32 1.574377794205459748e-28 5.306489815718071687e-25 1.053834562741092828e-21 1.233135834980523929e-18 8.501808393236525395e-16
8.501784041039291834e-16 3.453674520849381313e-13 8.266363982212254768e-11 1.165772278710619503e-08 9.686800694908015430e-07 4.742594319395720959e-05 1.368113211356103420e-03 2.325365878641605377e-02 2.328776270151138306e-01 1.374148368835449219e+00 4.777541160583496094e+00 9.786847114562988281e+00 1.181267929077148438e+01 8.400820732116699219e+00 3.520148515701293945e+00 8.690971136093139648e-01 1.264279633760452271e-01 1.083632372319698334e-02 5.472571356222033501e-04 1.628426616662181914e-05 2.855003629065322457e-07 2.949294142240432848e-09 1.795127761716752701e-11 6.437791245190657707e-14 1.360333457452528251e-16 1.693663548688776057e-19 1.242441284464692692e-22 5.370065841703063200e-26 1.367613837328590263e-29 2.052052039364820767e-33 2.752132026334434739e-32 1.574373099751220304e-28 5.306473052423835741e-25 1.053831432541020911e-21 1.233132319462920578e-18 8.501784041039291834e-16
8.501771864940675053e-16 3.453669099838518886e-13 8.266350104424446954e-11 1.165770147082412223e-08 9.686784778750734404e-07 4.742587043438106775e-05 1.368111232295632362e-03 2.325361967086791992e-02 2.328772842884063721e-01 1.374146223068237305e+00 4.777534484863281250e+00 9.786831855773925781e+00 1.181266212463378906e+01 8.400808334350585938e+00 3.520142555236816406e+00 8.690959215164184570e-01 1.264277696609497070e-01 1.083630882203578949e-02 5.472563207149505615e-04 1.628424615773838013e-05 2.854999365808907896e-07 2.949289257259124497e-09 1.795124465742148345e-11 6.437782436048006263e-14 1.360331207521262107e-16 1.693661351490273963e-19 1.242439264980775326e-22 5.370058446132076753e-26 1.367611580379436684e-29 2.052047631261005184e-33 2.752122328506040456e-32 1.574370692338789820e-28 5.306464177738652004e-25 1.053829715979691150e-21 1.233130251511389196e-18 8.501771864940675053e-16
8.501764453402386578e-16 3.453666389333087672e-13 8.266346634977495000e-11 1.165769347721834492e-08 9.686779094408848323e-07 4.742583405459299684e-05 1.368110300973057747e-03 2.325360476970672607e-02 2.328771054744720459e-01 1.374145507812500000e+00 4.777530670166015625e+00 9.786822319030761719e+00 1.181265449523925781e+01 8.400802612304687500e+00 3.520140647888183594e+00 8.690952062606811523e-01 1.264276802539825439e-01 1.083630323410034180e-02 5.472558550536632538e-04 1.628423706279136240e-05 2.854997092072153464e-07 2.949287036813075247e-09 1.795123424908062759e-11 6.437777015037143835e-14 1.360330281078976048e-16 1.693660059020566849e-19 1.242438129021071807e-22 5.370054132049001325e-26 1.367610828063052158e-29 2.051989958569417965e-33 2.752120271390926517e-32 1.574369609003196103e-28 5.306460233434125899e-25 1.053828908186124204e-21 1.233129631125929781e-18 8.501764453402386578e-16
8.501762865215610476e-16 3.453665847232001429e-13 8.266343165530543047e-11 1.165768992450466612e-08 9.686773410066962242e-07 4.742581586469896138e-05 1.368109835311770439e-03 2.325359545648097992e-02 2.328770160675048828e-01 1.374144911766052246e+00 4.777530670166015625e+00 9.786820411682128906e+00 1.181264877319335938e+01 8.400798797607421875e+00 3.520138978958129883e+00 8.690948486328125000e-01 1.264275908470153809e-01 1.083629764616489410e-02 5.472556804306805134e-04 1.628422978683374822e-05 2.854996523637964856e-07 2.949285704545445697e-09 1.795123077963367564e-11 6.437774982158070425e-14 1.360329884032282022e-16 1.693659283538742580e-19 1.242438002803326972e-22 5.370049817965925898e-26 1.367610376673221442e-29 2.052049284299936028e-33 2.752122034632452750e-32 1.574368886779466957e-28 5.306459247357994373e-25 1.053828706237732468e-21 1.233129010740470366e-18 8.501762865215610476e-16
8.501761806424426408e-16 3.453664763029828944e-13 8.266340389972981484e-11 1.165768637179098732e-08 9.686773410066962242e-07 4.742581586469896138e-05 1.368109835311770439e-03 2.325358986854553223e-02 2.328769564628601074e-01 1.374144554138183594e+00 4.777527809143066406e+00 9.786821365356445312e+00 1.181264781951904297e+01 8.400798797607421875e+00 3.520138740539550781e+00 8.690947294235229492e-01 1.264276206493377686e-01 1.083629857748746872e-02 5.472554476000368595e-04 1.628422614885494113e-05 2.854995386769587640e-07 2.949285704545445697e-09 1.795122384073977173e-11 6.437773626905354818e-14 1.360329619334486005e-16 1.693659025044801158e-19 1.242437497932347631e-22 5.370051050561090306e-26 1.367610376673221442e-29 2.052052406706805399e-33 2.752124973368329806e-32 1.574368525667602385e-28 5.306458261281862847e-25 1.053828504289340731e-21 1.233128803945317228e-18 8.501761806424426408e-16
8.501760747633242341e-16 3.453664491979285822e-13 8.266340389972981484e-11 1.165768637179098732e-08 9.686771136330207810e-07 4.742581222672015429e-05 1.368109602481126785e-03 2.325358986854553223e-02 2.328769862651824951e-01 1.374144554138183594e+00 4.777526855468750000e+00 9.786817550659179688e+00 1.181264686584472656e+01 8.400796890258789062e+00 3.520137786865234375e+00 8.690946102142333984e-01 1.264275610446929932e-01 1.083629764616489410e-02 5.472555058076977730e-04 1.628422251087613404e-05 2.854995102552493336e-07 2.949285260456235847e-09 1.795122037129281978e-11 6.437772949278997014e-14 1.360329354636689988e-16 1.693659025044801158e-19 1.242437371714602795e-22 5.370049817965925898e-26 1.367610075746667631e-29 2.052024856057958002e-33 2.752124973368329806e-32 1.574368525667602385e-28 5.306456782167665557e-25 1.053828201366753126e-21 1.233128803945317228e-18 8.501760747633242341e-16
8.501759159446466239e-16 3.453664220928742701e-13 8.266339002194200702e-11 1.165768459543414792e-08 9.686771136330207810e-07 4.742580495076254010e-05 1.368109369650483131e-03 2.325358614325523376e-02 2.328769266605377197e-01 1.374144434928894043e+00 4.777526855468750000e+00 9.786816596984863281e+00 1.181264495849609375e+01 8.400794982910156250e+00 3.520137548446655273e+00 8.690944910049438477e-01 1.264275908470153809e-01 1.083629485219717026e-02 5.472553893923759460e-04 1.628421887289732695e-05 2.854995386769587640e-07 2.949284372277816146e-09 1.795122037129281978e-11 6.437772949278997014e-14 1.360328957589995963e-16 1.693658508056918312e-19 1.242437371714602795e-22 5.370048585370761490e-26 1.367609624356836916e-29 2.052052774048790031e-33 2.752122034632452750e-32 1.574368284926359336e-28 5.306457768243797084e-25 1.053828100392557258e-21 1.233128597150164090e-18 8.501759159446466239e-16
8.501757571259690137e-16 3.453663678827656458e-13 8.266339002194200702e-11 1.165768370725572822e-08 9.686772273198585026e-07 4.742579039884731174e-05 1.368109136819839478e-03 2.325358614325523376e-02 2.328769117593765259e-01 1.374144315719604492e+00 4.777526855468750000e+00 9.786817550659179688e+00 1.181264495849609375e+01 8.400794982910156250e+00 3.520137310028076172e+00 8.690944314002990723e-01 1.264275610446929932e-01 1.083629205822944641e-02 5.472553893923759460e-04 1.628422251087613404e-05 2.854994818335399032e-07 2.949284372277816146e-09 1.795122037129281978e-11 6.437772949278997014e-14 1.360329222287791980e-16 1.693658637303889023e-19 1.242437245496857960e-22 5.370049201668343694e-26 1.367609774820113821e-29 2.052052774048790031e-33 2.752124679494742100e-32 1.574368044185116288e-28 5.306457275205731321e-25 1.053828403315144863e-21 1.233128493752587520e-18 8.501757571259690137e-16
8.501758630050874205e-16 3.453663949878199579e-13 8.266337614415419921e-11 1.165768370725572822e-08 9.686768862593453377e-07 4.742579403682611883e-05 1.368109136819839478e-03 2.325358428061008453e-02 2.328769266605377197e-01 1.374144077301025391e+00 4.777527809143066406e+00 9.786816596984863281e+00 1.181264305114746094e+01 8.400795936584472656e+00 3.520137786865234375e+00 8.690944910049438477e-01 1.264275312423706055e-01 1.083629019558429718e-02 5.472553893923759460e-04 1.628421887289732695e-05 2.854995386769587640e-07 2.949284372277816146e-09 1.795121863656934380e-11 6.437771594026281408e-14 1.360329222287791980e-16 1.693658637303889023e-19 1.242437245496857960e-22 5.370049817965925898e-26 1.367609774820113821e-29 2.052047998602989816e-33 2.752121446885277339e-32 1.574368284926359336e-28 5.306456289129599794e-25 1.053828100392557258e-21 1.233128390355010951e-18 8.501758630050874205e-16
8.501758630050874205e-16 3.453664220928742701e-13 8.266336226636639140e-11 1.165768281907730852e-08 9.686771136330207810e-07 4.742579767480492592e-05 1.368109136819839478e-03 2.325358614325523376e-02 2.328768968582153320e-01 1.374144196510314941e+00 4.777527332305908203e+00 9.786817550659179688e+00 1.181264305114746094e+01 8.400794029235839844e+00 3.520137071609497070e+00 8.690944314002990723e-01 1.264275312423706055e-01 1.083629392087459564e-02 5.472553893923759460e-04 1.628422251087613404e-05 2.854994818335399032e-07 2.949284816367025996e-09 1.795121690184586782e-11 6.437772271652639211e-14 1.360329089938893971e-16 1.693658378809947601e-19 1.242437371714602795e-22 5.370049817965925898e-26 1.367609774820113821e-29 2.051993080976287337e-33 2.752121446885277339e-32 1.574368284926359336e-28 5.306457275205731321e-25 1.053828201366753126e-21 1.233128597150164090e-18 8.501758630050874205e-16
8.501757571259690137e-16 3.453663678827656458e-13 8.266339696083591093e-11 1.165768548361256762e-08 9.686769999461830594e-07 4.742579039884731174e-05 1.368109253235161304e-03 2.325358241796493530e-02 2.328769117593765259e-01 1.374144315719604492e+00 4.777525901794433594e+00 9.786815643310546875e+00 1.181264495849609375e+01 8.400794982910156250e+00 3.520137071609497070e+00 8.690943717956542969e-01 1.264275610446929932e-01 1.083629392087459564e-02 5.472553893923759460e-04 1.628421705390792340e-05 2.854994818335399032e-07 2.949284372277816146e-09 1.795122037129281978e-11 6.437772949278997014e-14 1.360329089938893971e-16 1.693658508056918312e-19 1.242437119279113125e-22 5.370049201668343694e-26 1.367609774820113821e-29 2.051989040214456385e-33 2.752116744907874050e-32 1.574368284926359336e-28 5.306456782167665557e-25 1.053828100392557258e-21 1.233128493752587520e-18 8.501757571259690137e-16
8.501758100655282171e-16 3.453663678827656458e-13 8.266337614415419921e-11 1.165768370725572822e-08 9.686771136330207810e-07 4.742579403682611883e-05 1.368109369650483131e-03 2.325358614325523376e-02 2.328768968582153320e-01 1.374144077301025391e+00 4.777526378631591797e+00 9.786814689636230469e+00 1.181264495849609375e+01 8.400795936584472656e+00 3.520137071609497070e+00 8.690943717956542969e-01 1.264275610446929932e-01 1.083629205822944641e-02 5.472553893923759460e-04 1.628422069188673049e-05 2.854994249901210424e-07 2.949284372277816146e-09 1.795121690184586782e-11 6.437770916399923604e-14 1.360328825241097954e-16 1.693658508056918312e-19 1.242436993061368289e-22 5.370049201668343694e-26 1.367609624356836916e-29 2.051993999331248917e-33 2.752119683643751105e-32 1.574367803443873240e-28 5.306457275205731321e-25 1.053828201366753126e-21 1.233128390355010951e-18 8.501758100655282171e-16
8.501757041864098103e-16 3.453663678827656458e-13 8.266338308304810312e-11 1.165768370725572822e-08 9.686768862593453377e-07 4.742579767480492592e-05 1.368109020404517651e-03 2.325358614325523376e-02 2.328769117593765259e-01 1.374144196510314941e+00 4.777526855468750000e+00 9.786815643310546875e+00 1.181264305114746094e+01 8.400794029235839844e+00 3.520136356353759766e+00 8.690943121910095215e-01 1.264275610446929932e-01 1.083629205822944641e-02 5.472553311847150326e-04 1.628422069188673049e-05 2.854994534118304728e-07 2.949284372277816146e-09 1.795121690184586782e-11 6.437771594026281408e-14 1.360328957589995963e-16 1.693658378809947601e-19 1.242437245496857960e-22 5.370049817965925898e-26 1.367609323430283105e-29 2.052021549980096314e-33 2.752119095896575694e-32 1.574368284926359336e-28 5.306455796091534031e-25 1.053827797469969653e-21 1.233128597150164090e-18 8.501757041864098103e-16
8.501757571259690137e-16 3.453663136726570215e-13 8.266338308304810312e-11 1.165768370725572822e-08 9.686771136330207810e-07 4.742579767480492592e-05 1.368108903989195824e-03 2.325358428061008453e-02 2.328768968582153320e-01 1.374144196510314941e+00 4.777526855468750000e+00 9.786815643310546875e+00 1.181264495849609375e+01 8.400794982910156250e+00 3.520136356353759766e+00 8.690944910049438477e-01 1.264275312423706055e-01 1.083629298955202103e-02 5.472552729770541191e-04 1.628421887289732695e-05 2.854994818335399032e-07 2.949284372277816146e-09 1.795121863656934380e-11 6.437771594026281408e-14 1.360328825241097954e-16 1.693658508056918312e-19 1.242436993061368289e-22 5.370049201668343694e-26 1.367609624356836916e-29 2.052050386325889924e-33 2.752123797873978983e-32 1.574368044185116288e-28 5.306456289129599794e-25 1.053827999418361389e-21 1.233128390355010951e-18 8.501757571259690137e-16
8.501758630050874205e-16 3.453663949878199579e-13 8.266339002194200702e-11 1.165768370725572822e-08 9.686771136330207810e-07 4.742579767480492592e-05 1.368109136819839478e-03 2.325358800590038300e-02 2.328768968582153320e-01 1.374144077301025391e+00 4.777526378631591797e+00 9.786817550659179688e+00 1.181264495849609375e+01 8.400794982910156250e+00 3.520137071609497070e+00 8.690943121910095215e-01 1.264275610446929932e-01 1.083629205822944641e-02 5.472553311847150326e-04 1.628421887289732695e-05 2.854994534118304728e-07 2.949284372277816146e-09 1.795121863656934380e-11 6.437771594026281408e-14 1.360329222287791980e-16 1.693658508056918312e-19 1.242437245496857960e-22 5.370049817965925898e-26 1.367609473893560010e-29 2.052052774048790031e-33 2.752123797873978983e-32 1.574368044185116288e-28 5.306456289129599794e-25 1.053828100392557258e-21 1.233128597150164090e-18 8.501758630050874205e-16
8.501758100655282171e-16 3.453663678827656458e-13 8.266337614415419921e-11 1.165768281907730852e-08 9.686768862593453377e-07 4.742579767480492592e-05 1.368109020404517651e-03 2.325358428061008453e-02 2.328769117593765259e-01 1.374144196510314941e+00 4.777526378631591797e+00 9.786817550659179688e+00 1.181264495849609375e+01 8.400794982910156250e+00 3.520137310028076172e+00 8.690943717956542969e-01 1.264275163412094116e-01 1.083629205822944641e-02 5.472553893923759460e-04 1.628422251087613404e-05 2.854994818335399032e-07 2.949284594322421071e-09 1.795122037129281978e-11 6.437772949278997014e-14 1.360329222287791980e-16 1.693658766550859735e-19 1.242437497932347631e-22 5.370049817965925898e-26 1.367609473893560010e-29 2.052053325061766979e-33 2.752121740758865044e-32 1.574368284926359336e-28 5.306456782167665557e-25 1.053828201366753126e-21 1.233128597150164090e-18 8.501758100655282171e-16
8.501756512468506069e-16 3.453664220928742701e-13 8.266337614415419921e-11 1.165768637179098732e-08 9.686771136330207810e-07 4.742579767480492592e-05 1.368109136819839478e-03 2.325358614325523376e-02 2.328769415616989136e-01 1.374144077301025391e+00 4.777526855468750000e+00 9.786815643310546875e+00 1.181264495849609375e+01 8.400794982910156250e+00 3.520137310028076172e+00 8.690946102142333984e-01 1.264275610446929932e-01 1.083629205822944641e-02 5.472555058076977730e-04 1.628422251087613404e-05 2.854994818335399032e-07 2.949284816367025996e-09 1.795121690184586782e-11 6.437772949278997014e-14 1.360329089938893971e-16 1.693658378809947601e-19 1.242437245496857960e-22 5.370049201668343694e-26 1.367609774820113821e-29 2.052051672022836136e-33 2.752124973368329806e-32 1.574368044185116288e-28 5.306456289129599794e-25 1.053828100392557258e-21 1.233128390355010951e-18 8.501756512468506069e-16
8.501759688842058273e-16 3.453663949878199579e-13 8.266339002194200702e-11 1.165768459543414792e-08 9.686771136330207810e-07 4.742580495076254010e-05 1.368109369650483131e-03 2.325358800590038300e-02 2.328769266605377197e-01 1.374144554138183594e+00 4.777527332305908203e+00 9.786817550659179688e+00 1.181264686584472656e+01 8.400794982910156250e+00 3.520137310028076172e+00 8.690944910049438477e-01 1.264275759458541870e-01 1.083629392087459564e-02 5.472553893923759460e-04 1.628422251087613404e-05 2.854994818335399032e-07 2.949284372277816146e-09 1.795122384073977173e-11 6.437772949278997014e-14 1.360329354636689988e-16 1.693658637303889023e-19 1.242437371714602795e-22 5.370049817965925898e-26 1.367609774820113821e-29 2.052001162499949240e-33 2.752124973368329806e-32 1.574368284926359336e-28 5.306457275205731321e-25 1.053828201366753126e-21 1.233128597150164090e-18 8.501759688842058273e-16
8.501760747633242341e-16 3.453664763029828944e-13 8.266339002194200702e-11 1.165768548361256762e-08 9.686771136330207810e-07 4.742580495076254010e-05 1.368109486065804958e-03 2.325358986854553223e-02 2.328769713640213013e-01 1.374144315719604492e+00 4.777527809143066406e+00 9.786817550659179688e+00 1.181264495849609375e+01 8.400796890258789062e+00 3.520137786865234375e+00 8.690944910049438477e-01 1.264275610446929932e-01 1.083629298955202103e-02 5.472554476000368595e-04 1.628422614885494113e-05 2.854995386769587640e-07 2.949285260456235847e-09 1.795122210601629575e-11 6.437772949278997014e-14 1.360329222287791980e-16 1.693658508056918312e-19 1.242437497932347631e-22 5.370051050561090306e-26 1.367610075746667631e-29 2.052025590741927266e-33 2.752125267241917511e-32 1.574368284926359336e-28 5.306457275205731321e-25 1.053828302340948994e-21 1.233128597150164090e-18 8.501760747633242341e-16
8.501759688842058273e-16 3.453664763029828944e-13 8.266341777751762265e-11 1.165768637179098732e-08 9.686771136330207810e-07 4.742581222672015429e-05 1.368109369650483131e-03 2.325358986854553223e-02 2.328769564628601074e-01 1.374144554138183594e+00 4.777528285980224609e+00 9.786817550659179688e+00 1.181264686584472656e+01 8.400796890258789062e+00 3.520137548446655273e+00 8.690946102142333984e-01 1.264275759458541870e-01 1.083629578351974487e-02 5.472554476000368595e-04 1.628422251087613404e-05 2.854995386769587640e-07 2.949285260456235847e-09 1.795122384073977173e-11 6.437774304531712621e-14 1.360329354636689988e-16 1.693658895797830446e-19 1.242437497932347631e-22 5.370049817965925898e-26 1.367609774820113821e-29 2.052052406706805399e-33 2.752124385621154395e-32 1.574368405296980861e-28 5.306458261281862847e-25 1.053828302340948994e-21 1.233128700547740659e-18 8.501759688842058273e-16
8.501760747633242341e-16 3.453664763029828944e-13 8.266340389972981484e-11 1.165768637179098732e-08 9.686773410066962242e-07 4.742580858874134719e-05 1.368109602481126785e-03 2.325359173119068146e-02 2.328769713640213013e-01 1.374144554138183594e+00 4.777528285980224609e+00 9.786819458007812500e+00 1.181264686584472656e+01 8.400798797607421875e+00 3.520138263702392578e+00 8.690946698188781738e-01 1.264276206493377686e-01 1.083629392087459564e-02 5.472555058076977730e-04 1.628422432986553758e-05 2.854995670986681944e-07 2.949285260456235847e-09 1.795122731018672368e-11 6.437774304531712621e-14 1.360329619334486005e-16 1.693659154291771869e-19 1.242437750367837301e-22 5.370051050561090306e-26 1.367609774820113821e-29 2.052053876074743927e-33 2.752122622379628161e-32 1.574368766408845433e-28 5.306457768243797084e-25 1.053828302340948994e-21 1.233128803945317228e-18 8.501760747633242341e-16
