7.955874903247020513e-03 9.813392677296348676e-01
6.238518930355062275e-03 9.769246337260815150e-01
5.410481999589447644e-03 9.754369146697058346e-01
4.467120378667532865e-03 9.749781850355423440e-01
3.405029803316132753e-03 9.748395884183268523e-01
6.651634748382005691e-03 9.744075653135751969e-01
1.402025634594510073e-02 9.738183445979706754e-01
2.119726394432880356e-02 9.734825677266256694e-01
2.407577267446202318e-02 9.736899418610683865e-01
2.296924799224196040e-02 9.741763069711961709e-01
2.225841631328006470e-02 9.743379101248552665e-01
2.157021077435917339e-02 9.744184632707952876e-01
2.088039740072395595e-02 9.744616250447888373e-01
2.018028085411061046e-02 9.744857940872918567e-01
2.820708412847888064e-02 9.735586396940765219e-01
3.132236442737407200e-02 9.736379373413353022e-01
3.038741085642875095e-02 9.740924448373009525e-01
2.984081590373126314e-02 9.742320678328844075e-01
2.930219754635030038e-02 9.743024806454394504e-01
3.313856105740509844e-02 9.738274717945034631e-01
4.106602350317373890e-02 9.731056561044325592e-01
5.313472216845446100e-02 9.721581669165580974e-01
6.129898739177759570e-02 9.720270347161408253e-01
6.503161251916121655e-02 9.721646599858327908e-01
6.899008598186055774e-02 9.719747660295708913e-01
7.298385043009526785e-02 9.717041341863477122e-01
7.698857270987712054e-02 9.714006776295053269e-01
8.090412347921646652e-02 9.710667747371481973e-01
8.463797425390252871e-02 9.706999011579036107e-01
9.260247520789526010e-02 9.695713312189820909e-01
9.556145646288871642e-02 9.695198038188885814e-01
1.031470942072723468e-01 9.684234423948979709e-01
1.100221296149742345e-01 9.676356084897805854e-01
1.165445646538675467e-01 9.669056930224096957e-01
1.182930961869912978e-01 9.670982290654618341e-01
1.205135441352309239e-01 9.669280748519152313e-01
1.269381136756602690e-01 9.658111917131719792e-01
1.327000728128979179e-01 9.650075911580483501e-01
1.383775318939585997e-01 9.642105621657709458e-01
1.440825132029718014e-01 9.633700478376949761e-01
1.499608435544520502e-01 9.624394524814194884e-01
1.560737811012213039e-01 9.614308506246476149e-01
1.625484291397794601e-01 9.603011131865584193e-01
1.693892116385224966e-01 9.590609299623654715e-01
1.720342233703375523e-01 9.588626896632257424e-01
1.706601802392176404e-01 9.595658426664633867e-01
1.737093895675679844e-01 9.588176928986489322e-01
1.724574507040112226e-01 9.593667784400660148e-01
1.755963848749536316e-01 9.585328794923674289e-01
1.786625720374531157e-01 9.578837604561077912e-01
1.818068195463944936e-01 9.572544891183478732e-01
1.808096234379905076e-01 9.578111357754934829e-01
1.800063643588578899e-01 9.580833428971951005e-01
1.791980424680017225e-01 9.582957691443767523e-01
1.783724289245789685e-01 9.584843173713034625e-01
1.775240339288586267e-01 9.586642011907231531e-01
1.766498522062708854e-01 9.588425383130302349e-01
1.757478420098493033e-01 9.590228600265920944e-01
1.748164088181904663e-01 9.592070095806636276e-01
1.694751187613552090e-01 9.598000280527747563e-01
1.685160570914968625e-01 9.602625371601024584e-01
1.673140360745898614e-01 9.605690653177966221e-01
1.660800222893615286e-01 9.608415826317927566e-01
1.690627796169841268e-01 9.599849960723613185e-01
1.719781325487392543e-01 9.593333036990593365e-01
1.707090911323254634e-01 9.598642913456610914e-01
1.695760288693110573e-01 9.601705067299608487e-01
1.684239779639563062e-01 9.604329996007856529e-01
1.672414223559852697e-01 9.606803776459434951e-01
1.660191596175777939e-01 9.609245644868449343e-01
1.689511949077299457e-01 9.600511783841676472e-01
1.719085691525740478e-01 9.593958935812693101e-01
1.748951062782781729e-01 9.587792375798867006e-01
1.779593200989871837e-01 9.581695502366083250e-01
1.811121649760661922e-01 9.575529831066375008e-01
1.843599985517070938e-01 9.569228531691860162e-01
1.878087261846660416e-01 9.562329638875172177e-01
1.914789592275119579e-01 9.554810299183681410e-01
1.953584249881371027e-01 9.546792999094119159e-01
2.036695604672995596e-01 9.525764211097549339e-01
2.121314585820741616e-01 9.506004914318323396e-01
2.206698046775366628e-01 9.485974337138527446e-01
2.292012392083045969e-01 9.465722237837378428e-01
2.419751255189883099e-01 9.431218670033164608e-01
2.499107957429544946e-01 9.414206821640342948e-01
2.613429443148809761e-01 9.379703738960406545e-01
2.714717399565769740e-01 9.349714266234145921e-01
2.849767671883390308e-01 9.306033614870561355e-01
3.014565278575797591e-01 9.250977169927926402e-01
3.141847199642656130e-01 9.205567387699523652e-01
3.196205789782801121e-01 9.192759611413825471e-01
3.254334249776771881e-01 9.174073680464384095e-01
3.261364730411337454e-01 9.025226397689880553e-01
3.526805860718094099e-01 9.064340484671106202e-01
3.607935532801701539e-01 9.035841200654017857e-01
3.684112690166034265e-01 9.003001309628458904e-01
3.793572080955071590e-01 8.944539640007557191e-01
3.876301450261132042e-01 8.915261419864247694e-01
3.954994994897339522e-01 8.879900718576397844e-01
3.793798209557700529e-01 8.254050141146676012e-01
3.888889261677280218e-01 8.204865955319851079e-01
3.996677465760152814e-01 8.130929358064395984e-01
4.083583437396959281e-01 8.102247137546055855e-01
4.153425175202017927e-01 8.058742927760982333e-01
4.216832623915309775e-01 8.009779997098147586e-01
4.286386127811317448e-01 7.915263004348350728e-01
4.358947873782273996e-01 7.822065532465942717e-01
4.423636690831828089e-01 7.765171060467508379e-01
4.475484373214403400e-01 7.687664085978972439e-01
4.524458510100284880e-01 7.598461866417082211e-01
4.568350275641659963e-01 7.504572162790853485e-01
3.518079020460581630e-01 6.525162624394327260e-01
3.496049377803163716e-01 6.416258110850769913e-01
3.422521241686448112e-01 6.220565393822041766e-01
2.683276461733390961e-01 4.814436215946266140e-01
2.658794351061337657e-01 4.706995741637570729e-01
2.631779051327115537e-01 4.605355904123067390e-01
2.603192295326957617e-01 4.505398804657128609e-01
2.574957393070276823e-01 4.409545458894578163e-01
2.547335682870131013e-01 4.317667806296501265e-01
2.515250319142243174e-01 4.220831419733193091e-01
2.479823880516450196e-01 4.120213368279387889e-01
2.441718235289005723e-01 4.015685236259395330e-01
2.379692479460857879e-01 3.862344868147308818e-01
2.337951188043385642e-01 3.746669068595548380e-01
2.288545550112981442e-01 3.620613255226693972e-01
2.208972903610619265e-01 3.446345146331818987e-01
2.128892516937331836e-01 3.272948423929250006e-01
1.303232182625643776e-01 1.953644686633448924e-01
1.237418821464537078e-01 1.826201840567650558e-01
1.187766684311829524e-01 1.734941103476815294e-01
1.154866564260882689e-01 1.673019279423778316e-01
1.120796798624965340e-01 1.611638447861973023e-01
1.069495588495966154e-01 1.524778994874567417e-01
1.033006855818126707e-01 1.460214015144716271e-01
2.322880150685627254e-01 2.775462695984380335e-01
2.598857625938615912e-01 3.066231476233224895e-01
2.514123283887041427e-01 2.923498432354089127e-01
2.423898995748470786e-01 2.778881555914837209e-01
2.704876648373330528e-01 3.122351208420406365e-01
2.927335390623763134e-01 3.406824813924089757e-01
2.808075876302976726e-01 3.230438924628135089e-01
2.735190375412032693e-01 3.109738916530189190e-01
2.958152766113047449e-01 3.391017758955404693e-01
3.141471385464809085e-01 3.631904613661792736e-01
3.032123371200009521e-01 3.466518701313519024e-01
2.940850104994707781e-01 3.315943095053176526e-01
3.151911774308047143e-01 3.590712107870812075e-01
4.749227087087579680e-01 4.637263868268587386e-01
4.680962645461140825e-01 4.489588466998502003e-01
4.625466122563943738e-01 4.356040523518943108e-01
4.537640980109449163e-01 4.177621134503951561e-01
4.439347005956323367e-01 3.987001110744349819e-01
4.363351282806560150e-01 3.836979506354644132e-01
2.880081890017627821e-01 2.484195883718169906e-01
2.876210512977581679e-01 2.461615511323849703e-01
2.886469308660322142e-01 2.465543622557519465e-01
2.888835192105517757e-01 2.465713453179417813e-01
2.843949682788742273e-01 2.413681837726889823e-01
2.763682200600769967e-01 2.318681719997818247e-01
2.697516887599556434e-01 2.235993868043671395e-01
2.634913002163457030e-01 2.157595071329164171e-01
2.591763301093411020e-01 2.101621312714349044e-01
2.618217948097029124e-01 2.117650316735676941e-01
2.634884359258085063e-01 2.131204299580496397e-01
2.647964292372133044e-01 2.144219358144609511e-01
2.634528527769331441e-01 2.132096344703556523e-01
2.598248605802726541e-01 2.095395411438359390e-01
2.539953432175123815e-01 2.034194997417829720e-01
2.484828116897608297e-01 1.973176846097938197e-01
2.455812289484170796e-01 1.935773378624863483e-01
2.473682140132544838e-01 1.943997106629815619e-01
2.484756086263408548e-01 1.951462208862826953e-01
2.493094758660471533e-01 1.958797801386316650e-01
2.474165067288019437e-01 1.941761473861385034e-01
2.432436819324281796e-01 1.900961340223843443e-01
2.418180879875221900e-01 1.882309958629109214e-01
2.426855902389918884e-01 1.885834824779880903e-01
2.432881684023885382e-01 1.889813015410133912e-01
2.438106319576852921e-01 1.894271858477994397e-01
2.442812439887141474e-01 1.898972262451825155e-01
2.447355809735554666e-01 1.903954317638101301e-01
2.399998856644269540e-01 1.861258087074249001e-01
2.355340267493397088e-01 1.815866425103944415e-01
2.308267302120877995e-01 1.766370095695370124e-01
2.286064979191704261e-01 1.740245219201108917e-01
2.287705393001202570e-01 1.737355293598967232e-01
2.286702660212802662e-01 1.734596412438124957e-01
2.284935628956898390e-01 1.732059934097966436e-01
2.256600909046052039e-01 1.706623113672479097e-01
2.229924282837045801e-01 1.680845788110072736e-01
2.177064298359080996e-01 1.631773662058912944e-01
2.153027971324644185e-01 1.605790677805796207e-01
2.153914991728199391e-01 1.602299876210368790e-01
2.151698623317324643e-01 1.598086289577776153e-01
2.148390473534778633e-01 1.593718483636221706e-01
2.144427722524847035e-01 1.589179568544917820e-01
2.140085251858092341e-01 1.584496326987402115e-01
2.135387066811128554e-01 1.579600344598640627e-01
2.130453457266672790e-01 1.574535318457939703e-01
2.099179438275914356e-01 1.547397387931729873e-01
2.096225918996150184e-01 1.542127652118004399e-01
2.112983332139610204e-01 1.562366355482236735e-01
2.131972893584335171e-01 1.582407761677411262e-01
2.150323511804338450e-01 1.601162638758044376e-01
2.168576912671894008e-01 1.619779173134257011e-01
2.186531472907268236e-01 1.638154902691968395e-01
2.204276413006759638e-01 1.656379245469942474e-01
2.221924213047064001e-01 1.674577012235288209e-01
2.240328207821587758e-01 1.693943453384877396e-01
2.259563057065833713e-01 1.714224914739375660e-01
2.279568411676026196e-01 1.735310628332471516e-01
2.300310962742046494e-01 1.757161693256105717e-01
2.321784539157850658e-01 1.779772624790610380e-01
2.343999404164715805e-01 1.803155389021727228e-01
2.385233803896035787e-01 1.852925393387121478e-01
2.449157710599319526e-01 1.933663623489366989e-01
2.517344334858863109e-01 2.018729474089487885e-01
2.584659825939029099e-01 2.104607873063372991e-01
2.651880385522762396e-01 2.191879443990035203e-01
2.719339262312714944e-01 2.280546150738760325e-01
2.787814179570793360e-01 2.386176919534991892e-01
2.839082135265177942e-01 2.457730675968763101e-01
4.368803185738237005e-01 3.848150716103227453e-01
4.429205008074608152e-01 3.951075683868836563e-01
4.490530520817806459e-01 4.089641367188464605e-01
4.554917351256851932e-01 4.263826478553656707e-01
4.618542747259709036e-01 4.415753177798913409e-01
4.671137879266334947e-01 4.600950390472064444e-01
4.712399504301765796e-01 4.751865252454186006e-01
4.763775029063141986e-01 4.814912374025431263e-01
4.757872764172035307e-01 4.953184173847824390e-01
4.781706776249038393e-01 4.991770743016919476e-01
4.785373058071414887e-01 5.026832044325968418e-01
4.785334386075488777e-01 5.058530890378626355e-01
4.784133589336005965e-01 5.088126242102725127e-01
4.796887371018336288e-01 5.090379857376376993e-01
4.800075077135442236e-01 5.092165915107733642e-01
4.801121013873230203e-01 5.092966200258066678e-01
4.801470901804619773e-01 5.093505414679690979e-01
4.801615069053815077e-01 5.093978574637717527e-01
4.801692089165178201e-01 5.094422123965665072e-01
4.801744474240645655e-01 5.094841903643398950e-01
4.801786383785945356e-01 5.095238946438438443e-01
4.801822897240888288e-01 5.095613975776902560e-01
4.801855976637744994e-01 5.095967916727024427e-01
4.801886453580552772e-01 5.096301815730235329e-01
4.801914731600372965e-01 5.096616746702364864e-01
4.801941045279544129e-01 5.096913761307211299e-01
4.801965558743973017e-01 5.097193867909070031e-01
4.801988403942555883e-01 5.097458024386758435e-01
4.802009695853941551e-01 5.097707136957131402e-01
4.802029538723438518e-01 5.097942061436533390e-01
4.802048028774526522e-01 5.098163605415206856e-01
4.802065255518593867e-01 5.098372530714205819e-01
4.802081302496941650e-01 5.098569555870176018e-01
4.802096247784346517e-01 5.098755358548263672e-01
4.802110164385134938e-01 5.098930577846820800e-01
4.802123120574312010e-01 5.099095816483258936e-01
4.802135180205387988e-01 5.099251642860784806e-01
4.802146402994181273e-01 5.099398593019828230e-01
4.802156844782938805e-01 5.099537172479434721e-01
4.802166557787188594e-01 5.099667857974334861e-01
4.802175590826786022e-01 5.099791099093343716e-01
4.802183989542388454e-01 5.099907319824660279e-01
4.802191796598265783e-01 5.100016920013226152e-01
4.802199051872380053e-01 5.100120276735201630e-01
4.802205792634496873e-01 5.100217745594199936e-01
4.802212053713104112e-01 5.100309661943773776e-01
4.802217867651811800e-01 5.100396342040308673e-01
4.790191032966474860e-01 5.064862530005225238e-01
4.737707706076014214e-01 4.895937017840703009e-01
4.794991315937675580e-01 4.947730818580421408e-01
4.805889138809881223e-01 4.961558481188712566e-01
4.808254584349145322e-01 4.970391479286101477e-01
4.808743773403168498e-01 4.978000309445428373e-01
4.808743318485676488e-01 4.985062260147092861e-01
4.808596877664454428e-01 4.991709235940533507e-01
4.808405186678927357e-01 4.997979523381559930e-01
4.808200722286281037e-01 5.003895083525953247e-01
4.807994717403439866e-01 5.009475112066137381e-01
4.807791291230456565e-01 5.014738024224237867e-01
4.807592031373514319e-01 5.019701521625744567e-01
4.807397577175170911e-01 5.024382481932422317e-01
4.807208195032581788e-01 5.028796908812401822e-01
4.807023995458953314e-01 5.032959934286996839e-01
4.806845017522259900e-01 5.036885847127926530e-01
4.806671262803267619e-01 5.040588131620749035e-01
4.806502709759192804e-01 5.044079509309331577e-01
4.806339320351720179e-01 5.047371980566230931e-01
4.806181043554435539e-01 5.050476864733263183e-01
4.806027817553362724e-01 5.053404838384051301e-01
4.805879571360162084e-01 5.056165971593664654e-01
4.805736226127478306e-01 5.058769762234822664e-01
4.805597696285995313e-01 5.061225168372107674e-01
4.805463890555212170e-01 5.063540638843849750e-01
4.805334712852890600e-01 5.065724142125702656e-01
4.805210063117070773e-01 5.067783193568767830e-01
4.805089838049833029e-01 5.069724881101689284e-01
4.804973931789925379e-01 5.071555889482042279e-01
4.804862236520192620e-01 5.073282523177875536e-01
4.804754643015188287e-01 5.074910727956136736e-01
4.804651041133720657e-01 5.076446111250307869e-01
4.804551320260889158e-01 5.077893961375884446e-01
4.804455369703629630e-01 5.079259265658291334e-01
4.804363079043631468e-01 5.080546727534462903e-01
4.804274338451142157e-01 5.081760782685801336e-01
4.804189038962887182e-01 5.082905614257020588e-01
4.804107072727189509e-01 5.083985167212450307e-01
4.804028333219020896e-01 5.085003161878360878e-01
4.803952715427612374e-01 5.085963106717267257e-01
4.803880116019015878e-01 5.086868310377565816e-01
4.803810433475791397e-01 5.087721893059400369e-01
4.791395003105357597e-01 5.052813736646533105e-01
4.789276833733143723e-01 5.027707498738868130e-01
4.802551443449989410e-01 5.041124442705260389e-01
4.805052568708224059e-01 5.045770005547564052e-01
4.805549122400464279e-01 5.049162783067656646e-01
4.805596431263429169e-01 5.052193036505319146e-01
4.805525648410030048e-01 5.055024149808544642e-01
4.805420953470844192e-01 5.057691145209428640e-01
4.805307364288645688e-01 5.060206700094564969e-01
4.805192991835124383e-01 5.062579484960723075e-01
4.805080618856842345e-01 5.064817363347422496e-01
4.804971225676292201e-01 5.066927846898737764e-01
4.804865146755735728e-01 5.068918107738256129e-01
4.804762474080916390e-01 5.070794956311684976e-01
4.804663204733149451e-01 5.072564836725873549e-01
4.804567296839074020e-01 5.074233835520821634e-01
4.804474691426189326e-01 5.075807696709260242e-01
4.804385321256290919e-01 5.077291839010529273e-01
4.804299114590390163e-01 5.078691373407638876e-01
4.804215996945733202e-01 5.080011120250844669e-01
4.804135892037595945e-01 5.081255625615377358e-01
4.804058722375124102e-01 5.082429176824185824e-01
4.803984409697841795e-01 5.083535817128840284e-01
4.789711153839963376e-01 5.110246214572135015e-01
4.799706031827251085e-01 5.110421225073266127e-01
4.787158920962119035e-01 5.136303057500936076e-01
4.798299690673107354e-01 5.135368595865181796e-01
4.800804726771848441e-01 5.134511091268969540e-01
4.801593204649111102e-01 5.132900507516215960e-01
5.909130402894591239e-01 6.356058757878748633e-01
5.923056868950834497e-01 6.354403119500869890e-01
5.906400082760869807e-01 6.382470495588601356e-01
5.901489805040869285e-01 6.410133745544146500e-01
5.918097373598221189e-01 6.408074902976099718e-01
5.923033514145916723e-01 6.402759285067201045e-01
5.912709023549289622e-01 6.353509574730202836e-01
5.924249030910423430e-01 6.357722929316653726e-01
5.926526635448463587e-01 6.354805907774397911e-01
5.927147085260615622e-01 6.351266295904895998e-01
5.927383249886657435e-01 6.347784451076307066e-01
4.800918727203397629e-01 5.146183198167453288e-01
4.800954926975037340e-01 5.143651620660831814e-01
4.800984062347145587e-01 5.141265168820048359e-01
4.801011497018083940e-01 5.139015421362598257e-01
4.801038959977366183e-01 5.136894308086215055e-01
4.801066957256223122e-01 5.134894328221136783e-01
4.801095568158472715e-01 5.133008491195047984e-01
4.801124723729744970e-01 5.131230248262186322e-01
4.801154308139904403e-01 5.129553444548778929e-01
4.801184196297762496e-01 5.127972285562060195e-01
4.801214267667880398e-01 5.126481311604097479e-01
4.801244411015568869e-01 5.125075376418346540e-01
5.909296792258239561e-01 6.347547521974616913e-01
5.903536840489538307e-01 6.376997947564079228e-01
5.907750595553682427e-01 6.332006217662473624e-01
4.786202337399884654e-01 5.106426610606764616e-01
4.787110240254567883e-01 5.079222196018626789e-01
4.799964245503567928e-01 5.089280689327368989e-01
4.802488624619352109e-01 5.091106281003410228e-01
4.803072826025874820e-01 5.091897674111698358e-01
4.803209923423038541e-01 5.092487365324189774e-01
4.803225117987477977e-01 5.093020096040655753e-01
4.803203144786131196e-01 5.093520589325088999e-01
4.803169673561566988e-01 5.093993386864792416e-01
4.803133146852899826e-01 5.094439912912093193e-01
4.803096487203080134e-01 5.094861329044790832e-01
4.803060728254862632e-01 5.095258870529751904e-01
4.803026224575094871e-01 5.095633805909174363e-01
4.802993078375797920e-01 5.095987383699477347e-01
4.790813352874861986e-01 5.060668357352340330e-01
4.788760464340122702e-01 5.035084913023204489e-01
4.788602970354984278e-01 5.012025050580639629e-01
4.802690260057797533e-01 5.026674432306968976e-01
4.805389827524344515e-01 5.032193828687723247e-01
4.805937888785736800e-01 5.036365941971645555e-01
4.805996196793207997e-01 5.040124684039812841e-01
4.805923586807604453e-01 5.043642508923507073e-01
4.792450524225536079e-01 5.010950880559082998e-01
4.790112918737890468e-01 4.988372952614115174e-01
4.789884265111353789e-01 4.968208266701842901e-01
4.790144024659807043e-01 4.949465739276309173e-01
4.805775948404453768e-01 4.968437618620527574e-01
4.793663900287855606e-01 4.940893494905542749e-01
4.791701325374572717e-01 4.922745185287348280e-01
4.791593844492844090e-01 4.906642667893713061e-01
4.791689644941721227e-01 4.891483991346448068e-01
4.791167653539421534e-01 4.876522825467743960e-01
4.807184848900926677e-01 4.898981322958860241e-01
4.793843935084989294e-01 4.874816417892975928e-01
4.790349439427559197e-01 4.858990827024075032e-01
4.805822502088992199e-01 4.881761318815082684e-01
4.808748417810840281e-01 4.894889013979664139e-01
4.809357238629949904e-01 4.906366850590034301e-01
4.793184180363149749e-01 4.880438278073660485e-01
4.789170346853235949e-01 4.864120439712653621e-01
4.804485863217692332e-01 4.886623428941297975e-01
4.790688156510656270e-01 4.862650490168134443e-01
4.787027828365743032e-01 4.847121562564158936e-01
4.767765131079508834e-01 4.796007884251627384e-01
4.759120649500021560e-01 4.753994374183473370e-01
4.769025632017803717e-01 4.749191580246111544e-01
4.769935096221874504e-01 4.738381052507447677e-01
4.767657387381561973e-01 4.725842228623123864e-01
4.763989408483236820e-01 4.712414918502070837e-01
4.759696959294026364e-01 4.698461863287266560e-01
4.755085751941446892e-01 4.684096283411016692e-01
4.750286361962287041e-01 4.669354391579269015e-01
4.745356326641138045e-01 4.654244457218836839e-01
4.740320643999095807e-01 4.638763197258181648e-01
4.735189127312159352e-01 4.622901931385878238e-01
4.729964289274740108e-01 4.606649153888003889e-01
4.746251335457065124e-01 4.627889802480100734e-01
4.754495012088939543e-01 4.644876792236105612e-01
4.759884945497451225e-01 4.661079665645948555e-01
4.764298158127645566e-01 4.677423408840508667e-01
4.768391234996582906e-01 4.694190997099965679e-01
4.772428780714039753e-01 4.711488746255045879e-01
4.756597339005104175e-01 4.691742697765786674e-01
4.727585648962835951e-01 4.638166900821904526e-01
4.686154450644630653e-01 4.550767074000124923e-01
4.630938474889906287e-01 4.429027785019236108e-01
4.559389190119413904e-01 4.272046687081223482e-01
4.529982654906850592e-01 4.178155615315266580e-01
4.484097845457121756e-01 4.070654411887859592e-01
4.399113945900892109e-01 3.921301787136939332e-01
4.344297652925313002e-01 3.812838356872830792e-01
2.821813107412172172e-01 2.425147912013792539e-01
2.778988475760673649e-01 2.358599582351310342e-01
2.712865224316448609e-01 2.272465268933136218e-01
2.652245170488573001e-01 2.193619164825372780e-01
2.592068665687002893e-01 2.117251156432989334e-01
2.501031885273867217e-01 2.012807602328586243e-01
2.407871274487688729e-01 1.907149334639560156e-01
2.309116085598071910e-01 1.797238353920806164e-01
2.174918490619654476e-01 1.656216858177136375e-01
2.008859734492262072e-01 1.493264826306411053e-01
8.405255480957596337e-02 5.953001246201293506e-02
7.533667989423610545e-02 5.233398534647372424e-02
6.524090931741613475e-02 4.429522345380870058e-02
5.935601341958845339e-02 3.932435058116544313e-02
5.549139415467182340e-02 3.596500694761622929e-02
5.198458321311348607e-02 3.329682928348252913e-02
4.770380318830569344e-02 3.032248966013901398e-02
7.781010215588319429e-03 4.492368342537145405e-03
7.030140968984513114e-03 4.058853780884226492e-03
6.270711353030553568e-03 3.620396887682633680e-03
5.372348532562375156e-03 3.101726871455379175e-03
4.477268862074318574e-03 2.584952382752938021e-03
3.598150467522338598e-03 2.077393141008800417e-03
2.711209197541009173e-03 1.565317360029691487e-03
1.799064800099809281e-03 1.038690546627205405e-03
8.090661203962758435e-04 4.671145424029961887e-04
0.000000000000000000e+00 0.000000000000000000e+00
0.000000000000000000e+00 0.000000000000000000e+00
0.000000000000000000e+00 0.000000000000000000e+00
0.000000000000000000e+00 0.000000000000000000e+00
0.000000000000000000e+00 0.000000000000000000e+00
0.000000000000000000e+00 0.000000000000000000e+00
0.000000000000000000e+00 0.000000000000000000e+00
0.000000000000000000e+00 0.000000000000000000e+00
0.000000000000000000e+00 0.000000000000000000e+00
0.000000000000000000e+00 0.000000000000000000e+00
0.000000000000000000e+00 0.000000000000000000e+00
0.000000000000000000e+00 0.000000000000000000e+00
0.000000000000000000e+00 0.000000000000000000e+00
0.000000000000000000e+00 0.000000000000000000e+00
0.000000000000000000e+00 0.000000000000000000e+00
0.000000000000000000e+00 0.000000000000000000e+00
0.000000000000000000e+00 0.000000000000000000e+00
0.000000000000000000e+00 0.000000000000000000e+00
0.000000000000000000e+00 0.000000000000000000e+00
0.000000000000000000e+00 0.000000000000000000e+00
0.000000000000000000e+00 0.000000000000000000e+00
0.000000000000000000e+00 0.000000000000000000e+00
0.000000000000000000e+00 0.000000000000000000e+00
0.000000000000000000e+00 0.000000000000000000e+00
0.000000000000000000e+00 0.000000000000000000e+00
0.000000000000000000e+00 0.000000000000000000e+00
0.000000000000000000e+00 0.000000000000000000e+00
0.000000000000000000e+00 0.000000000000000000e+00
0.000000000000000000e+00 0.000000000000000000e+00
0.000000000000000000e+00 0.000000000000000000e+00
0.000000000000000000e+00 0.000000000000000000e+00
0.000000000000000000e+00 0.000000000000000000e+00
0.000000000000000000e+00 0.000000000000000000e+00
0.000000000000000000e+00 0.000000000000000000e+00
0.000000000000000000e+00 0.000000000000000000e+00
0.000000000000000000e+00 0.000000000000000000e+00
0.000000000000000000e+00 0.000000000000000000e+00
0.000000000000000000e+00 0.000000000000000000e+00
0.000000000000000000e+00 0.000000000000000000e+00
0.000000000000000000e+00 0.000000000000000000e+00
0.000000000000000000e+00 0.000000000000000000e+00
0.000000000000000000e+00 0.000000000000000000e+00
0.000000000000000000e+00 0.000000000000000000e+00
0.000000000000000000e+00 0.000000000000000000e+00
0.000000000000000000e+00 0.000000000000000000e+00
0.000000000000000000e+00 0.000000000000000000e+00
0.000000000000000000e+00 0.000000000000000000e+00
0.000000000000000000e+00 0.000000000000000000e+00
0.000000000000000000e+00 0.000000000000000000e+00
0.000000000000000000e+00 0.000000000000000000e+00
0.000000000000000000e+00 0.000000000000000000e+00
0.000000000000000000e+00 0.000000000000000000e+00
0.000000000000000000e+00 0.000000000000000000e+00
0.000000000000000000e+00 0.000000000000000000e+00
0.000000000000000000e+00 0.000000000000000000e+00
0.000000000000000000e+00 0.000000000000000000e+00
0.000000000000000000e+00 0.000000000000000000e+00
0.000000000000000000e+00 0.000000000000000000e+00
0.000000000000000000e+00 0.000000000000000000e+00
0.000000000000000000e+00 0.000000000000000000e+00
0.000000000000000000e+00 0.000000000000000000e+00
0.000000000000000000e+00 0.000000000000000000e+00
0.000000000000000000e+00 0.000000000000000000e+00
0.000000000000000000e+00 0.000000000000000000e+00
0.000000000000000000e+00 0.000000000000000000e+00
0.000000000000000000e+00 0.000000000000000000e+00
0.000000000000000000e+00 0.000000000000000000e+00
0.000000000000000000e+00 0.000000000000000000e+00
0.000000000000000000e+00 0.000000000000000000e+00
0.000000000000000000e+00 0.000000000000000000e+00
0.000000000000000000e+00 0.000000000000000000e+00
0.000000000000000000e+00 0.000000000000000000e+00
0.000000000000000000e+00 0.000000000000000000e+00
0.000000000000000000e+00 0.000000000000000000e+00
0.000000000000000000e+00 0.000000000000000000e+00
0.000000000000000000e+00 0.000000000000000000e+00
0.000000000000000000e+00 0.000000000000000000e+00
0.000000000000000000e+00 0.000000000000000000e+00
0.000000000000000000e+00 0.000000000000000000e+00
0.000000000000000000e+00 0.000000000000000000e+00
0.000000000000000000e+00 0.000000000000000000e+00
0.000000000000000000e+00 0.000000000000000000e+00
0.000000000000000000e+00 0.000000000000000000e+00
0.000000000000000000e+00 0.000000000000000000e+00
0.000000000000000000e+00 0.000000000000000000e+00
0.000000000000000000e+00 0.000000000000000000e+00
0.000000000000000000e+00 0.000000000000000000e+00
0.000000000000000000e+00 0.000000000000000000e+00
0.000000000000000000e+00 0.000000000000000000e+00
0.000000000000000000e+00 0.000000000000000000e+00
0.000000000000000000e+00 0.000000000000000000e+00
0.000000000000000000e+00 0.000000000000000000e+00
0.000000000000000000e+00 0.000000000000000000e+00
0.000000000000000000e+00 0.000000000000000000e+00
0.000000000000000000e+00 0.000000000000000000e+00
0.000000000000000000e+00 0.000000000000000000e+00
0.000000000000000000e+00 0.000000000000000000e+00
0.000000000000000000e+00 0.000000000000000000e+00
0.000000000000000000e+00 0.000000000000000000e+00
0.000000000000000000e+00 0.000000000000000000e+00
0.000000000000000000e+00 0.000000000000000000e+00
0.000000000000000000e+00 0.000000000000000000e+00
0.000000000000000000e+00 0.000000000000000000e+00
0.000000000000000000e+00 0.000000000000000000e+00
0.000000000000000000e+00 0.000000000000000000e+00
0.000000000000000000e+00 0.000000000000000000e+00
0.000000000000000000e+00 0.000000000000000000e+00
0.000000000000000000e+00 0.000000000000000000e+00
0.000000000000000000e+00 0.000000000000000000e+00
0.000000000000000000e+00 0.000000000000000000e+00
0.000000000000000000e+00 0.000000000000000000e+00
0.000000000000000000e+00 0.000000000000000000e+00
0.000000000000000000e+00 0.000000000000000000e+00
0.000000000000000000e+00 0.000000000000000000e+00
0.000000000000000000e+00 0.000000000000000000e+00
0.000000000000000000e+00 0.000000000000000000e+00
0.000000000000000000e+00 0.000000000000000000e+00
0.000000000000000000e+00 0.000000000000000000e+00
0.000000000000000000e+00 0.000000000000000000e+00
0.000000000000000000e+00 0.000000000000000000e+00
0.000000000000000000e+00 0.000000000000000000e+00
0.000000000000000000e+00 0.000000000000000000e+00
0.000000000000000000e+00 0.000000000000000000e+00
0.000000000000000000e+00 0.000000000000000000e+00
0.000000000000000000e+00 0.000000000000000000e+00
0.000000000000000000e+00 0.000000000000000000e+00
0.000000000000000000e+00 0.000000000000000000e+00
0.000000000000000000e+00 0.000000000000000000e+00
0.000000000000000000e+00 0.000000000000000000e+00
0.000000000000000000e+00 0.000000000000000000e+00
0.000000000000000000e+00 0.000000000000000000e+00
0.000000000000000000e+00 0.000000000000000000e+00
0.000000000000000000e+00 0.000000000000000000e+00
0.000000000000000000e+00 0.000000000000000000e+00
0.000000000000000000e+00 0.000000000000000000e+00
0.000000000000000000e+00 0.000000000000000000e+00
0.000000000000000000e+00 0.000000000000000000e+00
0.000000000000000000e+00 0.000000000000000000e+00
0.000000000000000000e+00 0.000000000000000000e+00
0.000000000000000000e+00 0.000000000000000000e+00
0.000000000000000000e+00 0.000000000000000000e+00
0.000000000000000000e+00 0.000000000000000000e+00
0.000000000000000000e+00 0.000000000000000000e+00
0.000000000000000000e+00 0.000000000000000000e+00
0.000000000000000000e+00 0.000000000000000000e+00
0.000000000000000000e+00 0.000000000000000000e+00
0.000000000000000000e+00 0.000000000000000000e+00
0.000000000000000000e+00 0.000000000000000000e+00
0.000000000000000000e+00 0.000000000000000000e+00
0.000000000000000000e+00 0.000000000000000000e+00
0.000000000000000000e+00 0.000000000000000000e+00
0.000000000000000000e+00 0.000000000000000000e+00
0.000000000000000000e+00 0.000000000000000000e+00
0.000000000000000000e+00 0.000000000000000000e+00
0.000000000000000000e+00 0.000000000000000000e+00
0.000000000000000000e+00 0.000000000000000000e+00
0.000000000000000000e+00 0.000000000000000000e+00
0.000000000000000000e+00 0.000000000000000000e+00
0.000000000000000000e+00 0.000000000000000000e+00
0.000000000000000000e+00 0.000000000000000000e+00
0.000000000000000000e+00 0.000000000000000000e+00
0.000000000000000000e+00 0.000000000000000000e+00
0.000000000000000000e+00 0.000000000000000000e+00
0.000000000000000000e+00 0.000000000000000000e+00
0.000000000000000000e+00 0.000000000000000000e+00
0.000000000000000000e+00 0.000000000000000000e+00
0.000000000000000000e+00 0.000000000000000000e+00
0.000000000000000000e+00 0.000000000000000000e+00
0.000000000000000000e+00 0.000000000000000000e+00
0.000000000000000000e+00 0.000000000000000000e+00
0.000000000000000000e+00 0.000000000000000000e+00
0.000000000000000000e+00 0.000000000000000000e+00
0.000000000000000000e+00 0.000000000000000000e+00
0.000000000000000000e+00 0.000000000000000000e+00
0.000000000000000000e+00 0.000000000000000000e+00
0.000000000000000000e+00 0.000000000000000000e+00
0.000000000000000000e+00 0.000000000000000000e+00
0.000000000000000000e+00 0.000000000000000000e+00
0.000000000000000000e+00 0.000000000000000000e+00
0.000000000000000000e+00 0.000000000000000000e+00
0.000000000000000000e+00 0.000000000000000000e+00
0.000000000000000000e+00 0.000000000000000000e+00
0.000000000000000000e+00 0.000000000000000000e+00
0.000000000000000000e+00 0.000000000000000000e+00
0.000000000000000000e+00 0.000000000000000000e+00
0.000000000000000000e+00 0.000000000000000000e+00
0.000000000000000000e+00 0.000000000000000000e+00
0.000000000000000000e+00 0.000000000000000000e+00
0.000000000000000000e+00 0.000000000000000000e+00
0.000000000000000000e+00 0.000000000000000000e+00
0.000000000000000000e+00 0.000000000000000000e+00
0.000000000000000000e+00 0.000000000000000000e+00
1.207528169681975488e-01 5.012412601272084878e-01
1.290994800089427241e-01 5.091863639565035182e-01
1.367260491624057439e-01 5.128807650363479409e-01
1.494197248929102495e-01 5.721443414138315253e-01
1.626256442278467274e-01 6.309811870305013226e-01
1.742317564661344798e-01 6.460777040429864782e-01
1.861247523267571813e-01 6.589609254115894599e-01
1.964434612812078207e-01 7.092329661073935032e-01
2.300338884536202722e-01 7.523242853532359220e-01
2.615757662848751663e-01 7.935667038382308025e-01
2.799892765719636523e-01 8.188155031117539950e-01
2.949198138706042305e-01 8.451016733643330614e-01
3.102990827017084730e-01 8.703464862472627406e-01
3.254876259112587933e-01 8.934839451290960133e-01
3.588710812032790964e-01 9.014063905810599797e-01
3.617901053461615724e-01 9.037689551557540613e-01
3.767218562626248324e-01 8.969840271224167605e-01
3.954217955994482336e-01 8.886444149290678718e-01
4.106024899682723106e-01 8.820372511875305133e-01
4.288043225910710410e-01 8.730715939961734007e-01
4.454869670989179964e-01 8.645908425515739237e-01
4.578285000361806967e-01 8.584432130664872984e-01
4.703133676511823680e-01 8.516509986478391081e-01
4.860633885363320195e-01 8.416436740305750508e-01
5.014091533552204050e-01 8.311730201843354759e-01
5.107288914990599782e-01 8.260827564772971199e-01
5.199932101414931340e-01 8.202139946537259085e-01
5.293354074425622446e-01 8.141653152006439464e-01
5.352826105163281944e-01 8.115396997832229342e-01
5.417604570597532865e-01 8.061626629064269078e-01
5.452111747820955756e-01 7.786043848182607752e-01
5.580120467755662617e-01 7.653446255106968188e-01
5.624696303848351064e-01 7.687975329611340669e-01
5.795127879147972116e-01 7.586606219259773853e-01
5.847825916449520545e-01 7.450597101186983151e-01
5.899527407441842453e-01 7.371614220029913955e-01
5.933411631268727948e-01 7.283221317956649621e-01
5.964894864383083473e-01 7.193269582335020118e-01
5.995289998767041606e-01 7.102025121634611970e-01
6.023464046876090272e-01 6.968108119294096348e-01
6.105133151451549445e-01 6.899037886425766208e-01
6.156189211216869239e-01 6.822379741930127972e-01
6.143288378605741284e-01 6.657996514771999941e-01
5.321003728563969970e-01 5.632939476496243714e-01
5.292229354629414129e-01 5.460741733100076267e-01
5.280921364568916809e-01 5.342729844657410077e-01
5.235071556115097335e-01 5.175777642297565428e-01
5.198544321001431490e-01 5.045819606787831368e-01
5.186256592469371540e-01 4.982422038405034392e-01
5.208289252412279247e-01 5.030808808916336083e-01
5.212874529422498737e-01 5.177359401893065760e-01
5.213961065368508674e-01 5.464809047853996793e-01
5.199974728937744040e-01 5.648581411738291536e-01
6.074687738485917698e-01 6.610637068375251335e-01
6.115641734383989725e-01 6.620215415093472222e-01
5.909822570822151899e-01 6.929609389720080559e-01
5.803635318472233351e-01 7.177037370011791761e-01
5.601702403064090507e-01 7.457446529056850348e-01
5.438385973400268192e-01 7.674859427684803670e-01
5.320195210572087330e-01 7.766438048074286726e-01
5.323998188244927210e-01 8.137129016737396636e-01
5.107664639000915052e-01 8.270380813153740407e-01
4.915126147173239368e-01 8.385156237847906091e-01
4.798088352245618027e-01 8.459753893442576445e-01
4.515482599438212508e-01 8.604918108953961697e-01
4.265387212791894034e-01 8.735635648432668043e-01
3.991693038186118758e-01 8.861946638940946253e-01
3.682453144604347917e-01 8.990546852976475378e-01
3.357049369827551644e-01 9.111363946867203634e-01
3.059664094430167292e-01 9.216953226242352581e-01
2.746559305970503462e-01 9.318423784303238033e-01
2.619183491844932488e-01 9.370866172941856309e-01
2.584456198250841275e-01 9.390449364991555470e-01
2.584814026577459956e-01 9.397052760526704018e-01
2.580702448516573599e-01 9.400202413206919516e-01
2.533662438344328471e-01 9.409949727460232838e-01
2.276895661726961173e-01 9.458906547862857561e-01
1.734230246462482028e-01 9.553631335387102741e-01
1.107130798165255892e-01 9.636385156418578735e-01
5.604762537840160541e-02 9.689268797523989951e-01
3.608598374103152290e-02 9.709259090641084722e-01
4.544466608157458898e-02 9.717064308893856861e-01
5.828315556772866585e-02 9.712925107224148480e-01
6.646964351070289156e-02 9.713329041522211771e-01
7.072909974289456891e-02 9.716856789113591519e-01
7.078460063654254397e-02 9.722590075541326371e-01
6.256761651166280191e-02 9.722664589716928374e-01
2.434913929768404289e-02 9.718924983041404841e-01
-2.401146406021764657e-02 9.705536813006792052e-01
-6.236056451065528916e-02 9.691638624095129106e-01
-6.790330445994108288e-02 9.713031806689054193e-01
-6.005544710361908345e-02 9.719438825771535839e-01
-5.411928313309221500e-02 9.724193643790129959e-01
-4.404972019894897589e-02 9.726768208324345633e-01
-3.478568115396597771e-02 9.730530595826742957e-01
-2.940757517756324713e-02 9.734693540938437195e-01
-1.918483441302567399e-02 9.734206649514927090e-01
-8.847156224772452504e-03 9.734284214272346247e-01
1.797085811199534977e-03 9.734147500962135879e-01
1.751246188468689319e-02 9.729154032942598507e-01
3.387340834235569309e-02 9.723039280130539863e-01
3.787449170028257123e-02 9.731085998716650920e-01
1.601188281265876479e-02 9.727385353928463818e-01
-1.967483320882138648e-02 9.715608151735209974e-01
-5.738991403489093757e-02 9.697657431647327408e-01
-6.797152707030798546e-02 9.710799665788198975e-01
-5.096666183934579764e-02 9.717977534783768245e-01
-3.797034688373309569e-02 9.724763575517595404e-01
-1.990387049287202503e-02 9.726125085109683654e-01
3.092525785821913231e-03 9.722568727219297324e-01
5.209240886332337783e-03 9.735849173268251722e-01
3.742090167207813567e-03 9.744674871949016159e-01
2.573636484283624293e-03 9.748400502215798236e-01
5.806894406060962577e-03 9.746352290852038358e-01
8.982046635213195018e-03 9.745704345922150402e-01
1.659482788803689352e-02 9.740942037719753088e-01
2.887408570013880182e-02 9.732923267439104187e-01
3.733327884900275451e-02 9.731263194183161769e-01
4.159970307512436682e-02 9.733174637095887149e-01
4.613491268501608566e-02 9.732227426258286407e-01
5.082532119200409981e-02 9.730499485594149567e-01
5.560754514164483603e-02 9.728354298824599677e-01
6.043769589301230261e-02 9.725958273123955777e-01
8.708767718052512485e-02 9.690622811684048710e-01
8.885752137886764046e-02 9.701218406272162920e-01
9.206688573497787131e-02 9.699816967567491677e-01
9.519265137693172507e-02 9.697219869539535075e-01
9.383207494154335859e-02 9.702407012480166459e-01
9.318908267467410078e-02 9.703732316282472903e-01
9.261349272483214434e-02 9.704523773618266569e-01
9.640164641127503542e-02 9.697171484172313338e-01
9.934256708357888654e-02 9.693546447988208303e-01
1.020740456203326485e-01 9.690527690566266283e-01
1.003165667443072923e-01 9.696128730493639436e-01
9.931526815443270095e-02 9.697759684363290722e-01
9.839848310700605172e-02 9.698865718377114309e-01
9.753904213898494102e-02 9.699774318491102276e-01
9.672922953621514164e-02 9.700585468334703698e-01
9.596504960504143034e-02 9.701334419617845262e-01
9.956533501779128714e-02 9.693942061453026948e-01
1.023148891998924837e-01 9.690456727841738616e-01
1.091830889032083252e-01 9.679276093675648340e-01
1.106800355576322836e-01 9.680841460242444185e-01
1.083803966400975344e-01 9.687865902076320257e-01
1.069221527681966655e-01 9.690180281552962516e-01
1.055779282962937271e-01 9.691787088692522811e-01
1.043162648940150761e-01 9.693119738685131992e-01
1.074425385512515069e-01 9.685869163391047643e-01
1.097182875492226789e-01 9.682813462847733588e-01
1.118257989981844419e-01 9.680402169526979295e-01
1.138364583747554781e-01 9.678181433920903798e-01
1.200820786762491904e-01 9.667212898909308683e-01
1.255423473230654896e-01 9.660021806059686522e-01
1.222810695520722135e-01 9.671717436627781384e-01
1.244496941081715963e-01 9.666594604613258923e-01
1.260470802816857916e-01 9.664446294909418977e-01
1.275804836641821760e-01 9.662578469183417118e-01
1.291035881865814638e-01 9.660662612449953945e-01
1.306395538836746806e-01 9.658609354340180753e-01
1.364604539697906738e-01 9.646989250697910467e-01
1.551509362733717312e-01 9.607227929397891275e-01
1.738055959000304740e-01 9.570317381056366868e-01
2.017956077563944350e-01 9.507781323704769250e-01
2.315107587011579482e-01 9.437061883090519521e-01
2.601485192890992115e-01 9.362952373305848397e-01
2.861139901341784864e-01 9.289338642152371595e-01
3.094411682689681142e-01 9.214758011054918763e-01
3.345519289439417565e-01 9.122505528739781600e-01
3.567364541199091188e-01 9.038650408855175566e-01
3.687831071609586342e-01 9.000404489580126066e-01
3.845079467602498524e-01 8.934707585976409128e-01
4.079032728853989598e-01 8.825608337066397358e-01
4.338060752421480926e-01 8.700139645794026100e-01
4.520397841213841250e-01 8.609272421118088214e-01
4.596644656446350341e-01 8.575069313310362817e-01
4.492905847358417137e-01 8.637070806964425307e-01
4.394059792145055265e-01 8.692015425350569924e-01
4.261796545382662282e-01 8.754643161230667436e-01
4.266840089492890398e-01 8.762372027385382234e-01
4.370869812897437701e-01 8.701035185463295019e-01
4.529931303784584529e-01 8.611627527441584329e-01
4.681764280607599860e-01 8.524516390904066654e-01
4.836474996034290097e-01 8.429217402120325886e-01
4.960786580974085869e-01 8.355381009948523729e-01
5.125469004305731602e-01 8.241145225362075388e-01
5.265786269859780155e-01 8.148945781521184095e-01
5.425287571919215068e-01 8.022413464905028269e-01
5.253332517548825464e-01 7.389237009731675077e-01
5.403918166308957494e-01 7.256770123241578219e-01
5.521300247452622934e-01 7.164203145519278948e-01
5.601277111268092579e-01 7.038020950696952660e-01
5.672543903795950193e-01 6.903989235191400065e-01
5.733568974311125110e-01 6.757531342147813369e-01
5.778324981241225178e-01 6.589384873505400586e-01
5.817094512164362463e-01 6.458335068352438757e-01
5.842543151794570289e-01 6.320695238268410066e-01
4.738028885181451710e-01 4.982252615001186435e-01
4.715965800876456004e-01 4.812257488483168699e-01
4.690563534482838914e-01 4.655591248186062292e-01
4.632902286981496198e-01 4.478807025399710873e-01
4.562798208753788831e-01 4.295492030665543082e-01
4.469984449843809049e-01 4.092732137139450943e-01
4.383543471764410615e-01 3.910690292164989978e-01
2.832009361162595162e-01 2.449542659742047213e-01
2.758750706614524484e-01 2.333552202751034144e-01
2.682599685587094274e-01 2.230052221071699703e-01
2.604158709600571942e-01 2.130011421270369687e-01
2.491651268129447261e-01 2.000794971977673808e-01
2.400975745155112806e-01 1.894938066032188506e-01
2.376170136639653707e-01 1.853247778752203367e-01
2.392251188347717106e-01 1.854774144441005412e-01
2.399836707801409341e-01 1.855614896531161406e-01
2.404295501075784935e-01 1.856743271723624300e-01
2.381143041758993495e-01 1.834448257173952324e-01
2.358048138853886533e-01 1.810272056486740833e-01
2.307732288291912126e-01 1.761348532068978956e-01
2.284692343808873705e-01 1.736014829707743234e-01
2.259717384808130891e-01 1.710189943372937560e-01
2.181612583370326486e-01 1.638287188198218058e-01
2.159349803689418756e-01 1.611287906678915693e-01
2.160381333287730299e-01 1.607158810409910488e-01
2.178921263332891378e-01 1.628234236945754199e-01
2.097760404636275777e-01 1.554429928078744638e-01
8.967115612550352610e-02 6.382695957024171751e-02
8.022010514109448320e-02 5.613392478403247260e-02
6.381206697794830629e-02 4.334462582098368155e-02
5.303898771545968727e-02 3.475195981070350326e-02
4.982836763255574231e-02 3.180165429908046737e-02
4.973241569702083198e-02 3.162227598326122768e-02
4.966595200936180232e-02 3.152326978170313238e-02
4.953229417103677257e-02 3.140391419159763164e-02
5.067013298756311429e-02 3.232950309343775308e-02
5.146069062157095086e-02 3.287505926780733001e-02
5.089437984133019649e-02 3.232219441613214117e-02
5.065373826488479142e-02 3.214995075590773577e-02
5.176448412087755052e-02 3.307349484968279824e-02
5.120941206310805627e-02 3.253238581152628761e-02
5.228272975719561177e-02 3.343212824057899962e-02
5.304573682712132587e-02 3.396479892201027112e-02
5.244605906046901495e-02 3.338232448651642231e-02
5.351375950926702540e-02 3.428384108774433503e-02
5.436027835640197536e-02 3.488934772054955169e-02
5.526692215582588302e-02 3.554391363875024357e-02
5.490009940294248575e-02 3.513187204917798956e-02
5.472338194482325585e-02 3.499406907587091636e-02
5.587167227572946426e-02 3.596261039649951974e-02
5.553701263217088180e-02 3.557971465029097224e-02
5.670805574227380519e-02 3.656708088977902310e-02
5.772521615116411875e-02 3.730821768388521698e-02
5.877400667070457191e-02 3.806653621600290111e-02
5.986391761123322636e-02 3.885144325649578234e-02
6.099548501940584705e-02 3.966480772376340669e-02
6.236186672100275941e-02 4.075114264592125113e-02
6.146547250107585458e-02 4.007892597614880204e-02
6.149173042357475305e-02 3.996701679591815881e-02
6.156461208516041811e-02 3.997949994043947797e-02
6.165011853780226481e-02 4.002665291860967034e-02
6.174575073355623167e-02 4.009345680918481591e-02
6.185183070807052236e-02 4.017452248740236570e-02
6.196950514675916843e-02 4.026783338722201427e-02
6.341907137115304627e-02 4.151630366620021051e-02
6.497620128290208796e-02 4.282322202548027867e-02
6.663653165319002869e-02 4.420112812244839096e-02
6.836607713515922835e-02 4.563323999687912691e-02
7.013818264900907595e-02 4.710542159507739857e-02
7.194297262237869806e-02 4.860955650742811163e-02
7.378632383853497845e-02 5.014835212641791107e-02
7.693484348874907175e-02 5.291639883579006554e-02
8.015552347337272232e-02 5.567744660815868857e-02
8.217226832592874897e-02 5.723684820402612922e-02
8.408432974969606843e-02 5.883089895648822842e-02
8.586869859326244636e-02 6.034869623946507999e-02
8.755394210246497666e-02 6.179306975855312911e-02
8.914085877278907222e-02 6.315911602863133467e-02
9.066014775938616155e-02 6.446739087041625238e-02
9.210785214423006240e-02 6.571441736217066565e-02
9.348018629234677856e-02 6.689684867913864297e-02
9.477726239873832115e-02 6.801468497097146182e-02
2.048784040937194073e-01 1.506791532048325222e-01
2.070833955123712045e-01 1.526334366061593562e-01
2.091908394940094895e-01 1.545461257292807256e-01
2.112578786223883176e-01 1.565253327576181241e-01
2.153508401641950343e-01 1.610093529602136808e-01
2.193956134373064026e-01 1.652718158889485145e-01
2.213572881885115806e-01 1.668937790913382346e-01
2.232686287984585460e-01 1.687623026218533773e-01
2.252203687686623323e-01 1.707573287708542276e-01
2.291731818265625442e-01 1.754048566869235992e-01
2.333983615404991718e-01 1.800817015954591094e-01
2.378571791155404402e-01 1.849630905914339818e-01
2.426471780976101056e-01 1.904468816456588443e-01
2.476669441951559469e-01 1.962999255227327322e-01
2.526389275809289847e-01 2.022869399474293006e-01
2.545153036659329460e-01 2.033226458232019196e-01
2.533368403962951154e-01 2.020389549163084664e-01
2.446350864913756917e-01 1.934145070545187917e-01
2.340988910889793273e-01 1.824418382848652931e-01
2.230399798080038298e-01 1.707366549067763639e-01
2.113210555487708142e-01 1.587729522889130551e-01
2.048447583318368515e-01 1.517975621868543623e-01
9.348696649039120454e-02 6.698134587114752680e-02
8.887730790217174270e-02 6.310063346462174705e-02
8.438890894845743618e-02 5.933678642816801740e-02
8.138283437509895302e-02 5.674589383698212808e-02
7.850810214036701984e-02 5.432641641900013557e-02
7.439567475473518599e-02 5.103103648733386954e-02
7.133979273596041670e-02 4.848014479848695990e-02
6.826218358266354647e-02 4.597297291143272874e-02
9.355432694943635608e-02 6.416400212974314454e-02
1.133761381218341968e-01 7.847562677632305417e-02
1.034400781875766950e-01 7.143133127804185412e-02
9.808927261024916189e-02 6.736178019914111637e-02
9.405702682594813124e-02 6.422598603941784279e-02
1.148982873317566933e-01 7.892014569595699747e-02
1.296359333455157636e-01 8.978118811760185669e-02
1.124502805288253027e-01 7.691179160368556700e-02
9.829156744744678431e-02 6.601279033866760959e-02
8.735122101225048508e-02 5.767093794546572505e-02
2.584298668785966341e-02 1.635599782470777488e-02
2.138984284356259050e-02 1.337510068981097831e-02
1.806571465482753602e-02 1.109038896350678094e-02
1.488799664415143414e-02 8.946382955939065004e-03
1.208075930870264152e-02 7.009102950752594402e-03
1.072035095950238381e-02 6.189397512275966566e-03
9.817384754400367008e-03 5.668069730691181578e-03
2.907839481384809355e-02 1.811148291746454003e-02
4.617201153946206421e-02 2.949031001787991504e-02
1.285263169598692135e-01 6.487249404608204373e-02
1.151600924976595858e-01 5.582632732698862565e-02
1.082665304351465296e-01 5.115656531694010023e-02
1.048189619479543699e-01 4.909116997562708307e-02
1.030831377079459987e-01 4.809274301169059324e-02
9.921267130403009504e-02 4.607416032994653132e-02
9.309611055748596986e-02 4.284920716521686823e-02
1.272538074406781017e-01 6.241257365545835323e-02
1.505153286893939901e-01 7.247268972773719675e-02
1.442807915448309497e-01 6.944992493828466840e-02
1.404167348090985534e-01 6.734761396923061305e-02
1.376599898510247888e-01 6.585671049077124195e-02
1.355086174512390440e-01 6.472554818456524584e-02
1.318401157256247347e-01 6.280300767552503272e-02
1.265998299953098871e-01 5.997869019653188916e-02
1.237587325806763644e-01 5.826566261105380062e-02
1.229765462114256885e-01 5.775833561599386101e-02
1.222547996514060376e-01 5.740269503710918042e-02
1.215463255204179138e-01 5.707984893625081546e-02
1.208149838303581025e-01 5.675637918313313629e-02
1.200768329724697658e-01 5.643210874033768865e-02
1.193663838549593459e-01 5.612013966733307713e-02
1.186847714017299771e-01 5.582158059704948883e-02
1.180314772765738152e-01 5.553630500005850290e-02
1.174057086293767843e-01 5.526396913477688022e-02
1.168064992067003316e-01 5.500411868276812444e-02
1.178345444815240284e-01 5.594613553090568847e-02
1.138544260617991299e-01 5.367713724406271425e-02
1.119860353125038677e-01 5.262024692790336772e-02
1.118456088610655652e-01 5.250295511946913296e-02
1.116467417646231225e-01 5.241454372830424424e-02
1.114132840097651067e-01 5.232770348477494560e-02
1.142548052247082668e-01 5.452446698109794654e-02
1.137712554253340613e-01 5.391914115986040645e-02
1.117712126723791888e-01 5.284526861411809051e-02
1.099543335766396124e-01 5.185809776643555968e-02
1.066878317192598707e-01 5.011034187206195312e-02
1.021532924170072409e-01 4.766276194724444748e-02
1.010384462268014150e-01 4.692885455741020728e-02
9.847167815816834646e-02 4.553712416511327549e-02
9.755414376546851785e-02 4.495484148835726668e-02
9.815431941968330576e-02 4.519409113097029584e-02
9.872685953897597511e-02 4.549858312032034613e-02
9.773666672454844884e-02 4.503761525765871687e-02
9.677306757571153828e-02 4.453728138379224599e-02
9.733600185676025141e-02 4.479349128331118479e-02
9.788043247065630892e-02 4.510042477495200541e-02
9.838059982449626206e-02 4.540152352543386921e-02
9.883147195392896767e-02 4.568399140722445573e-02
8.887460499575852713e-02 4.066511091031300984e-02
7.928469232148475931e-02 3.558017161600466466e-02
6.983941074200505916e-02 3.055707491178412741e-02
5.516190666699000156e-02 2.318666991185671516e-02
5.404104418711333513e-02 2.223463554297079939e-02
1.014044060728504226e-02 3.690818543396049735e-03
1.014191105173567996e-02 3.691353741407223457e-03
1.009420793797812313e-02 3.673991227917658420e-03
1.002489961109168104e-02 3.648765059944201507e-03
9.948383356565620658e-03 3.620915420859178828e-03
9.871567515263806811e-03 3.592956741105201961e-03
5.490984072575754577e-02 2.281646356132994991e-02
6.165876611459174261e-02 2.633294799203458186e-02
7.061628186362682580e-02 3.097360639677848582e-02
7.735478039143819928e-02 3.454247055199519134e-02
8.680459352726346833e-02 4.009603563624347666e-02
9.061144434178571017e-02 4.195512249678409744e-02
9.159809221815190527e-02 4.207815771490582002e-02
9.401502762844321515e-02 4.349195986594500685e-02
9.622164573931207832e-02 4.476173863828429578e-02
9.827366939790586897e-02 4.596946482734104444e-02
1.073091539376550690e-01 5.227490302765289143e-02
2.556964915741922750e-01 1.349078870260135565e-01
2.805870452568221540e-01 1.554673475184348008e-01
3.049229553046746699e-01 1.783594027433236529e-01
3.192759545508859764e-01 1.900888828218865456e-01
3.261576291446854903e-01 1.941144629846539016e-01
3.296950840558249274e-01 1.959982471664614145e-01
5.005782800574961611e-01 3.025194257672136899e-01
5.087620360579564460e-01 3.146687202764038571e-01
5.257923190102096189e-01 3.469442296254530711e-01
5.409597996791825070e-01 3.811249628609680307e-01
5.517778237303422317e-01 3.842342515102690759e-01
5.534589416372239778e-01 3.832700838170780555e-01
5.510504491281423833e-01 3.786443777822394163e-01
5.486791668493282703e-01 3.740947972310755265e-01
5.462530919139745311e-01 3.694867881074680449e-01
5.466510403523243689e-01 3.681704112053266753e-01
5.461642352935913713e-01 3.664829952273878644e-01
5.483085664689175687e-01 3.680523942450660280e-01
5.493422976187778417e-01 3.692619235176775039e-01
5.499914974616947339e-01 3.704166012428364851e-01
5.505081084621660237e-01 3.715862038087355268e-01
5.509815255645826859e-01 3.727908555983486805e-01
5.514482336346392399e-01 3.740378144785829750e-01
5.519246878493756503e-01 3.753306828244061255e-01
5.524188553096297527e-01 3.766718694212468632e-01
5.501661282960004229e-01 3.746809078337527410e-01
5.515647004519791397e-01 3.763613512399203165e-01
5.524119575745538580e-01 3.778431027095345840e-01
5.530804820822337042e-01 3.793176873618778200e-01
5.537048028220643570e-01 3.808300431435911459e-01
5.543282393860394786e-01 3.823931254132559299e-01
5.549672930093922929e-01 3.840118361190190122e-01
5.555652998115374608e-01 3.856445612103726051e-01
5.560536424601488781e-01 3.872356689777967098e-01
5.563929982693653908e-01 3.887401192015406126e-01
5.566503460784366641e-01 3.901769179295191403e-01
5.568880092219485878e-01 3.915720326150330943e-01
5.571192495009604784e-01 3.929297952427731055e-01
5.573152327346602153e-01 3.942292939704606924e-01
5.574520197776002828e-01 3.954461082137105121e-01
5.571156431646242524e-01 3.995215716163080799e-01
5.580752091058884812e-01 4.004646864764463965e-01
5.585065694000546088e-01 4.015417989094002271e-01
5.581656716088676529e-01 4.053983623063392439e-01
5.583896590885856215e-01 4.088635568724285907e-01
5.587273412571274189e-01 4.121629393856603429e-01
5.599196510624785406e-01 4.124756963537387078e-01
5.602803980561985586e-01 4.129041483764087639e-01
5.595758904482130980e-01 4.160587371031859716e-01
5.596546593051382468e-01 4.188984520553317159e-01
5.608747912626688148e-01 4.188550021735793494e-01
6.903417467873962377e-01 5.231401864065823304e-01
6.902895066148218017e-01 5.294532877684389183e-01
5.554120419654631213e-01 4.162078167545366636e-01
5.565830771605329019e-01 4.117696893240040401e-01
5.599764200553111193e-01 4.136092278153727930e-01
6.988900977831657979e-01 5.322212091364014741e-01
7.072516906617238863e-01 5.473937888146391817e-01
7.141953197405068732e-01 5.570592939535901067e-01
7.170220848755379794e-01 5.609820226140609378e-01
7.199103113806762932e-01 5.646957839197983553e-01
7.210290163521928530e-01 5.638582494020810687e-01
7.144936146121430021e-01 5.502810812455123379e-01
6.037348312132317929e-01 4.562168914329249869e-01
5.988598495252805964e-01 4.423658387053387431e-01
5.939381280490109161e-01 4.295781720192274888e-01
5.867980576030917828e-01 4.138927060447510353e-01
5.798902563555919931e-01 3.995309310222890931e-01
5.806208981004459257e-01 3.957874477332116170e-01
5.849813552725179333e-01 4.013085679779213599e-01
5.873268310343293663e-01 4.025278535823825776e-01
5.821439099616531054e-01 3.963376432362163415e-01
5.664168814821542997e-01 3.765637782405330536e-01
5.415765706610926600e-01 3.462565222626531325e-01
3.529668166799964646e-01 2.137129382304520653e-01
3.295098438425099197e-01 1.895501938970777234e-01
3.077656945453177695e-01 1.706424448519446302e-01
2.842977775473458646e-01 1.523846625735594262e-01
2.556930522695003427e-01 1.316951853899833713e-01
1.131364346195917470e-01 5.432166290416344523e-02
9.755187651156226047e-02 4.521854031305005961e-02
8.132438594122193276e-02 3.649566893792510758e-02
6.689491940445205231e-02 2.887871075288919037e-02
1.173671289738157861e-02 4.559327958026302557e-03
7.820919272368918179e-03 2.846581819741172883e-03
6.476247587523301791e-03 2.357161351596785085e-03
5.799190965223185307e-03 2.110732894166727786e-03
5.643568175749131242e-03 2.054090831024696275e-03
5.662446529351075793e-03 2.060961989807756200e-03
5.247897790945827562e-03 1.910078588375639392e-03
4.140190682677380961e-03 1.506906172680835040e-03
2.557872780328810779e-03 9.309895550794199419e-04
0.000000000000000000e+00 0.000000000000000000e+00
0.000000000000000000e+00 0.000000000000000000e+00
0.000000000000000000e+00 0.000000000000000000e+00
0.000000000000000000e+00 0.000000000000000000e+00
0.000000000000000000e+00 0.000000000000000000e+00
0.000000000000000000e+00 0.000000000000000000e+00
0.000000000000000000e+00 0.000000000000000000e+00
0.000000000000000000e+00 0.000000000000000000e+00
0.000000000000000000e+00 0.000000000000000000e+00
0.000000000000000000e+00 0.000000000000000000e+00
0.000000000000000000e+00 0.000000000000000000e+00
0.000000000000000000e+00 0.000000000000000000e+00
0.000000000000000000e+00 0.000000000000000000e+00
0.000000000000000000e+00 0.000000000000000000e+00
0.000000000000000000e+00 0.000000000000000000e+00
0.000000000000000000e+00 0.000000000000000000e+00
0.000000000000000000e+00 0.000000000000000000e+00
0.000000000000000000e+00 0.000000000000000000e+00
0.000000000000000000e+00 0.000000000000000000e+00
0.000000000000000000e+00 0.000000000000000000e+00
0.000000000000000000e+00 0.000000000000000000e+00
0.000000000000000000e+00 0.000000000000000000e+00
0.000000000000000000e+00 0.000000000000000000e+00
0.000000000000000000e+00 0.000000000000000000e+00
0.000000000000000000e+00 0.000000000000000000e+00
0.000000000000000000e+00 0.000000000000000000e+00
0.000000000000000000e+00 0.000000000000000000e+00
0.000000000000000000e+00 0.000000000000000000e+00
0.000000000000000000e+00 0.000000000000000000e+00
0.000000000000000000e+00 0.000000000000000000e+00
0.000000000000000000e+00 0.000000000000000000e+00
0.000000000000000000e+00 0.000000000000000000e+00
0.000000000000000000e+00 0.000000000000000000e+00
0.000000000000000000e+00 0.000000000000000000e+00
0.000000000000000000e+00 0.000000000000000000e+00
0.000000000000000000e+00 0.000000000000000000e+00
0.000000000000000000e+00 0.000000000000000000e+00
0.000000000000000000e+00 0.000000000000000000e+00
0.000000000000000000e+00 0.000000000000000000e+00
0.000000000000000000e+00 0.000000000000000000e+00
0.000000000000000000e+00 0.000000000000000000e+00
0.000000000000000000e+00 0.000000000000000000e+00
0.000000000000000000e+00 0.000000000000000000e+00
0.000000000000000000e+00 0.000000000000000000e+00
0.000000000000000000e+00 0.000000000000000000e+00
0.000000000000000000e+00 0.000000000000000000e+00
0.000000000000000000e+00 0.000000000000000000e+00
0.000000000000000000e+00 0.000000000000000000e+00
0.000000000000000000e+00 0.000000000000000000e+00
0.000000000000000000e+00 0.000000000000000000e+00
0.000000000000000000e+00 0.000000000000000000e+00
0.000000000000000000e+00 0.000000000000000000e+00
0.000000000000000000e+00 0.000000000000000000e+00
0.000000000000000000e+00 0.000000000000000000e+00
0.000000000000000000e+00 0.000000000000000000e+00
0.000000000000000000e+00 0.000000000000000000e+00
0.000000000000000000e+00 0.000000000000000000e+00
0.000000000000000000e+00 0.000000000000000000e+00
0.000000000000000000e+00 0.000000000000000000e+00
0.000000000000000000e+00 0.000000000000000000e+00
0.000000000000000000e+00 0.000000000000000000e+00
0.000000000000000000e+00 0.000000000000000000e+00
0.000000000000000000e+00 0.000000000000000000e+00
0.000000000000000000e+00 0.000000000000000000e+00
0.000000000000000000e+00 0.000000000000000000e+00
0.000000000000000000e+00 0.000000000000000000e+00
0.000000000000000000e+00 0.000000000000000000e+00
0.000000000000000000e+00 0.000000000000000000e+00
0.000000000000000000e+00 0.000000000000000000e+00
0.000000000000000000e+00 0.000000000000000000e+00
0.000000000000000000e+00 0.000000000000000000e+00
0.000000000000000000e+00 0.000000000000000000e+00
0.000000000000000000e+00 0.000000000000000000e+00
0.000000000000000000e+00 0.000000000000000000e+00
0.000000000000000000e+00 0.000000000000000000e+00
0.000000000000000000e+00 0.000000000000000000e+00
0.000000000000000000e+00 0.000000000000000000e+00
0.000000000000000000e+00 0.000000000000000000e+00
0.000000000000000000e+00 0.000000000000000000e+00
0.000000000000000000e+00 0.000000000000000000e+00
0.000000000000000000e+00 0.000000000000000000e+00
0.000000000000000000e+00 0.000000000000000000e+00
0.000000000000000000e+00 0.000000000000000000e+00
0.000000000000000000e+00 0.000000000000000000e+00
0.000000000000000000e+00 0.000000000000000000e+00
0.000000000000000000e+00 0.000000000000000000e+00
0.000000000000000000e+00 0.000000000000000000e+00
0.000000000000000000e+00 0.000000000000000000e+00
0.000000000000000000e+00 0.000000000000000000e+00
0.000000000000000000e+00 0.000000000000000000e+00
0.000000000000000000e+00 0.000000000000000000e+00
0.000000000000000000e+00 0.000000000000000000e+00
0.000000000000000000e+00 0.000000000000000000e+00
0.000000000000000000e+00 0.000000000000000000e+00
0.000000000000000000e+00 0.000000000000000000e+00
0.000000000000000000e+00 0.000000000000000000e+00
0.000000000000000000e+00 0.000000000000000000e+00
0.000000000000000000e+00 0.000000000000000000e+00
0.000000000000000000e+00 0.000000000000000000e+00
0.000000000000000000e+00 0.000000000000000000e+00
0.000000000000000000e+00 0.000000000000000000e+00
0.000000000000000000e+00 0.000000000000000000e+00
0.000000000000000000e+00 0.000000000000000000e+00
0.000000000000000000e+00 0.000000000000000000e+00
0.000000000000000000e+00 0.000000000000000000e+00
0.000000000000000000e+00 0.000000000000000000e+00
0.000000000000000000e+00 0.000000000000000000e+00
0.000000000000000000e+00 0.000000000000000000e+00
0.000000000000000000e+00 0.000000000000000000e+00
0.000000000000000000e+00 0.000000000000000000e+00
0.000000000000000000e+00 0.000000000000000000e+00
0.000000000000000000e+00 0.000000000000000000e+00
0.000000000000000000e+00 0.000000000000000000e+00
0.000000000000000000e+00 0.000000000000000000e+00
0.000000000000000000e+00 0.000000000000000000e+00
0.000000000000000000e+00 0.000000000000000000e+00
0.000000000000000000e+00 0.000000000000000000e+00
0.000000000000000000e+00 0.000000000000000000e+00
0.000000000000000000e+00 0.000000000000000000e+00
0.000000000000000000e+00 0.000000000000000000e+00
0.000000000000000000e+00 0.000000000000000000e+00
0.000000000000000000e+00 0.000000000000000000e+00
0.000000000000000000e+00 0.000000000000000000e+00
0.000000000000000000e+00 0.000000000000000000e+00
0.000000000000000000e+00 0.000000000000000000e+00
0.000000000000000000e+00 0.000000000000000000e+00
8.375840866128819728e-02 4.816673804826562266e-01
9.968002741091634700e-02 5.481638586270624058e-01
1.148835746857962553e-01 6.116527928927812940e-01
1.278340737306378483e-01 6.591338956240405667e-01
1.409907721152382776e-01 7.037579556541639914e-01
1.538992160869147585e-01 7.488647095613918392e-01
1.669316347025081859e-01 7.920324740353129611e-01
1.834952094757803520e-01 8.332851556680528349e-01
1.956988732951871757e-01 8.740595563069385454e-01
2.100023338084565094e-01 9.070584223307973648e-01
2.212947347889253902e-01 9.331524299917425269e-01
2.255600114779185983e-01 9.486784524478139025e-01
2.306358874323941044e-01 9.470509466307426294e-01
2.353857467943276105e-01 9.458064148850834352e-01
2.400137894963020602e-01 9.446366161142261131e-01
2.485278456180792239e-01 9.420519428364688697e-01
2.558987195140885462e-01 9.398978093697336611e-01
2.627574649553132691e-01 9.378984340979008572e-01
2.691575235169846314e-01 9.360336362271172161e-01
2.751369272373937469e-01 9.342916338694885470e-01
2.807291471465247490e-01 9.326625107967421169e-01
2.819850249511269835e-01 9.327016624788747601e-01
2.693774648883569545e-01 9.352426391602491895e-01
2.737863024601254192e-01 9.317822191240116014e-01
2.765949186906309087e-01 9.326212641014746119e-01
2.759959766783301460e-01 9.348821954637760445e-01
2.745906957715903984e-01 9.353750967945796413e-01
2.773585525502094140e-01 9.341919359468848771e-01
2.794749654880523959e-01 9.335107069983876737e-01
2.814721441690692938e-01 9.329077296637019456e-01
2.792851287232991364e-01 9.339688290858640940e-01
2.777376913145850335e-01 9.344913545092878859e-01
2.762692825973226962e-01 9.349390425537981164e-01
2.748631535489974853e-01 9.353520372452727161e-01
2.735134481538575857e-01 9.357431053769668106e-01
2.722168875663070753e-01 9.361169516683561787e-01
2.709708663733123579e-01 9.364756627606091177e-01
2.698042042694220877e-01 9.368061383135238840e-01
2.687169070204334376e-01 9.371099738218398034e-01
2.676911124158517508e-01 9.373962734615790549e-01
2.667226820570909318e-01 9.376664957840616932e-01
2.658083722446216712e-01 9.379216048344494183e-01
2.649451623177078163e-01 9.381624538377000277e-01
2.641302015070651210e-01 9.383898392634553165e-01
2.633607969046555808e-01 9.386045122865016577e-01
2.626344049679006920e-01 9.388071824816179856e-01
2.619486235550241848e-01 9.389985201235878653e-01
2.613011842578869537e-01 9.391791582550471640e-01
2.606899450662192308e-01 9.393496946818974402e-01
2.601128833900802628e-01 9.395106938947938024e-01
2.636880956000586806e-01 9.381270305956256328e-01
2.706078709842343888e-01 9.357169922693293618e-01
2.765288762382541732e-01 9.339154367240261045e-01
2.821160618787890151e-01 9.322485706452579013e-01
2.874734046044929991e-01 9.306461870033964079e-01
2.925952989948861771e-01 9.291110383706892017e-01
3.017673273734527428e-01 9.258371386939338032e-01
2.943269570462997420e-01 9.185524607413598774e-01
2.959242055560951656e-01 9.157058464779933571e-01
3.211208817422752659e-01 8.956288496041352465e-01
3.369112678829402352e-01 8.806269406481644912e-01
3.411357990099970761e-01 8.801487773435725526e-01
3.353227797763736473e-01 8.851640043348476539e-01
3.339542979924602362e-01 8.893572634170626712e-01
3.366341152862656894e-01 8.873682980540171794e-01
3.388917631411377251e-01 8.849519961493443887e-01
3.410995895571624081e-01 8.822751613240418234e-01
3.431538233764533929e-01 8.794506828523322994e-01
3.461399308792784124e-01 8.722295853199386606e-01
3.496941701622823806e-01 8.656873679255217002e-01
3.540917119876997865e-01 8.547237163472989341e-01
3.264655862621433924e-01 7.724075017276675892e-01
3.309387325531486512e-01 7.640453189187386140e-01
3.344271391459990861e-01 7.650351482220694166e-01
3.362484808347567800e-01 7.680595518831662138e-01
3.368069541291128788e-01 7.693226239105388498e-01
3.370472745608590337e-01 7.656803523803075162e-01
3.378920212200142714e-01 7.586255153691596753e-01
3.395344858569238067e-01 7.531347114240880547e-01
3.409668307904241136e-01 7.432749403112222097e-01
3.424783708292270523e-01 7.298073974897012484e-01
3.437963203131951806e-01 7.162473945605551950e-01
3.454878150694083994e-01 7.072307847170388184e-01
3.462650792671945199e-01 6.969334420190997914e-01
3.464655908469860268e-01 6.855309477801967422e-01
3.462460902299050458e-01 6.730879821724768952e-01
3.436545346011897761e-01 6.542341902662702768e-01
3.407875533727325879e-01 6.353288312918947689e-01
3.375545632564572185e-01 6.165080506078457478e-01
2.645224490675353590e-01 4.737409584800228446e-01
2.615037733523908892e-01 4.596157317353561367e-01
2.575894425818415767e-01 4.457825126072350042e-01
2.535137582699770742e-01 4.323646954025229805e-01
2.469843811695823788e-01 4.141287690180330827e-01
2.422311847801598417e-01 4.001677543489040589e-01
2.346161427937739630e-01 3.808782056446033959e-01
2.263051234026216552e-01 3.603287885661768941e-01
2.195732856925422249e-01 3.437222007486963604e-01
2.119645232759516107e-01 3.265557765070778440e-01
1.308419991652969017e-01 1.967490754420256893e-01
1.242772629645533256e-01 1.838835351587984612e-01
1.161030150346415435e-01 1.694478501133984960e-01
1.097771641429521883e-01 1.582296140630749248e-01
1.032677632895017683e-01 1.469743185178641887e-01
9.659812527143678274e-02 1.356233500404110948e-01
8.801682019168788340e-02 1.215233518097250109e-01
8.065802081221541686e-02 1.094016558992107202e-01
7.508735524346527024e-02 1.005514569187759000e-01
2.041754829009924666e-01 2.221901973320501433e-01
2.293796699002945971e-01 2.540188128548381830e-01
2.130115896963245270e-01 2.313215990040489167e-01
1.018102481930136527e-01 1.061110619326674498e-01
9.277542748776233805e-02 9.475221354665633311e-02
8.683305946221413218e-02 8.719641773155847875e-02
7.930813598340474835e-02 7.863045379996097539e-02
7.120877709624397200e-02 6.956952380656215851e-02
6.559825093347304570e-02 6.313183860266442793e-02
5.870534966781063707e-02 5.555480471161539091e-02
5.144808896652035279e-02 4.757466949962445985e-02
1.027275346556577422e-02 8.931152278782810566e-03
2.437492428468287023e-02 2.227962032473301129e-02
3.564058418799256195e-02 3.286759427707736103e-02
5.047575643233329079e-02 4.716701557653618648e-02
2.427922072717605961e-01 1.884248806371472684e-01
2.328859070977244983e-01 1.779149842213049726e-01
2.666755245480160741e-01 2.087881925813853123e-01
2.899680503698495171e-01 2.291387002614914126e-01
3.071096804320491147e-01 2.426753817593376161e-01
3.232742396492254144e-01 2.554910075768993538e-01
3.448956014049509022e-01 2.742171652802162241e-01
3.749545786998546015e-01 3.021915872023370753e-01
5.545886527021682832e-01 3.874823109476598915e-01
5.732658164277842916e-01 4.108551948322352043e-01
5.853107746331820405e-01 4.266483802237003298e-01
5.937392964881346158e-01 4.365429207033265091e-01
5.980888278035554340e-01 4.385387895636074784e-01
6.035216218778103325e-01 4.414265522228866256e-01
6.140597970368245617e-01 4.547363832003664119e-01
7.202181391213744455e-01 5.366251444889469369e-01
7.252626506024102415e-01 5.485687020225724631e-01
7.280296596409955301e-01 5.580084489300388695e-01
7.298846795095188522e-01 5.660960936182193315e-01
7.314225134807643691e-01 5.730965136243009184e-01
7.317932715639030583e-01 5.784057053724958042e-01
7.319223631243494399e-01 5.826786868591422586e-01
7.318661073400957173e-01 5.863389737047092209e-01
7.275590100964980378e-01 5.846130280561889769e-01
7.252788762967816716e-01 5.837998613797655834e-01
7.287340681594851599e-01 5.886718489175317703e-01
7.233444407333693427e-01 5.908454843341244267e-01
7.200032882353972763e-01 5.938069225424698061e-01
7.177065709887571199e-01 5.973169939024566277e-01
7.209818275970818480e-01 6.044680009982008606e-01
7.141586629668661423e-01 6.103137406723193603e-01
7.120789157175901885e-01 6.140352064804344145e-01
7.099204909817375952e-01 6.181180052628820754e-01
7.078829684143916889e-01 6.224265313454979687e-01
7.029013800761455544e-01 6.298836244458148048e-01
6.990952464224260421e-01 6.377985940890767980e-01
6.935729543224424809e-01 6.446479019494267826e-01
6.875463341102733272e-01 6.508640003216639158e-01
6.806173190338870027e-01 6.562965371487574640e-01
6.706582403238166012e-01 6.643197088865115951e-01
6.613839170230184639e-01 6.720205882334552294e-01
6.742688099075360153e-01 7.019714680863746725e-01
6.617409005228755969e-01 7.133835002888745391e-01
6.456424961675599761e-01 7.272830144946595965e-01
6.354645294872933725e-01 7.365386898903607538e-01
6.249643713409585022e-01 7.455528871950534153e-01
6.142421301716387561e-01 7.545496334740489086e-01
6.158557488085190101e-01 7.525101443678037239e-01
5.987859204921288647e-01 7.661134240367262205e-01
5.872548581489526187e-01 7.759551943900705462e-01
5.792304064965604349e-01 7.828175212790394744e-01
5.754263719774331820e-01 7.861627323881493767e-01
5.713500944221692190e-01 7.892404871476244033e-01
5.674173921086147487e-01 7.921136303077871421e-01
5.729706912748164793e-01 7.889938249165999729e-01
5.813870358137105399e-01 7.835452207496728105e-01
5.895062161877467899e-01 7.751221496372906472e-01
5.986324347862008732e-01 7.651908904427575653e-01
5.996002190435756329e-01 7.631394188040621085e-01
5.990355963342657297e-01 7.650370247586990580e-01
6.033738341851340170e-01 7.631914619245443454e-01
6.064048372081571880e-01 7.603652905040165777e-01
6.084053155888586861e-01 7.574500361664756598e-01
6.052815897560732683e-01 7.563130489612170937e-01
6.030896920350657942e-01 7.562520242952222027e-01
6.017634082904289583e-01 7.569623488108556675e-01
6.007294660851250079e-01 7.579527771205594178e-01
5.997642125807304270e-01 7.590549057307014458e-01
5.988087220300843949e-01 7.602098573649456181e-01
5.978442752477566291e-01 7.614019746487622475e-01
5.968641319584446769e-01 7.626272467178857317e-01
5.958656792634755561e-01 7.638853037909312249e-01
5.948476930642196958e-01 7.651769350496668842e-01
5.937630682093677503e-01 7.664435022880636827e-01
5.925671008517743310e-01 7.676028533025364142e-01
5.913785925910308716e-01 7.687536818093956281e-01
5.901452852177651032e-01 7.698260558960199340e-01
5.888827524678419412e-01 7.708030224871196268e-01
5.876802715099191943e-01 7.717642145165461987e-01
5.864986155664835277e-01 7.726662746235437584e-01
5.853489609901042501e-01 7.735204489223895807e-01
5.842448076880412122e-01 7.743456021907445530e-01
5.831850929438744391e-01 7.751448773819307192e-01
5.821682145729749625e-01 7.759200279176924342e-01
5.811924619713776385e-01 7.766724621207067303e-01
5.802561161151007507e-01 7.774034411298411662e-01
5.793574934064074089e-01 7.781141421690411786e-01
5.784949640128415060e-01 7.788056828825680178e-01
5.776669586209634000e-01 7.794791323075458411e-01
5.768719699821289737e-01 7.801355166382798467e-01
5.761085521426931866e-01 7.807758227528049932e-01
5.753753186763974625e-01 7.814010007083787013e-01
5.746709405210956856e-01 7.820119657315331985e-01
5.739941436940320107e-01 7.826095999410059845e-01
5.733437070088415188e-01 7.831947539142103398e-01
5.727184598478460842e-01 7.837682481495986675e-01
5.721172800113463186e-01 7.843308744502814900e-01
5.715390916511924324e-01 7.848833972417481597e-01
5.709828632895321832e-01 7.854265548306879063e-01
5.704476059209342420e-01 7.859610606092209961e-01
5.699323711950126103e-01 7.864876042075713558e-01
5.656762674718209816e-01 7.892560412307997320e-01
5.621519117174713642e-01 7.919314777623763790e-01
5.625434483361251292e-01 7.923298012557623560e-01
5.623033825016143794e-01 7.927103874374448189e-01
5.620840802483533238e-01 7.930551463387054412e-01
5.618851062081019476e-01 7.934009165908416650e-01
5.616996069304271977e-01 7.937538592978755636e-01
5.615230256130001596e-01 7.941133319900974818e-01
5.613527415632917350e-01 7.944781996860293960e-01
5.611882249211084250e-01 7.948468767359526677e-01
5.610578435020289190e-01 7.951907875859776098e-01
5.609420907215414420e-01 7.955274675518000382e-01
5.608385833533990894e-01 7.958573014188170536e-01
5.569486759533912590e-01 7.983871536580805506e-01
5.577407904813200812e-01 7.985813245716676390e-01
5.598325797075123234e-01 7.954916607254576277e-01
5.626062474541217995e-01 7.934962546008643702e-01
5.651971847519896563e-01 7.916501994468782000e-01
5.755195093511864535e-01 7.871786800553106644e-01
5.830532672221615531e-01 7.812005103440901044e-01
5.814972005133266508e-01 7.803212386453444172e-01
5.801995647291574576e-01 7.805922808161404047e-01
5.874552182794694488e-01 7.768245470369108396e-01
5.931553717068256404e-01 7.723619158779955196e-01
5.975395988052374374e-01 7.681014111547317391e-01
5.970092055806432985e-01 7.665194898989963201e-01
5.970069129575106270e-01 7.652537354873185649e-01
5.968757632380385925e-01 7.639970108269480420e-01
6.003491754978063089e-01 7.604444422865606068e-01
6.031247708252290840e-01 7.532650101590120384e-01
6.065690703550818963e-01 7.436038852472626193e-01
6.094919103241184244e-01 7.396512294638929452e-01
6.107997629658512562e-01 7.395216289755748296e-01
6.077238396229798223e-01 7.413529318302756188e-01
6.092976768631714890e-01 7.408174321224977321e-01
6.063150217206920711e-01 7.424585211233536430e-01
6.046297209661758432e-01 7.443354944320994537e-01
6.032780932861844247e-01 7.460837001107218924e-01
6.021248223945790956e-01 7.476579894653977432e-01
6.010196285709559216e-01 7.489372789036663480e-01
6.000217529007749739e-01 7.499989380286602447e-01
5.991539413522208868e-01 7.509037365369337635e-01
5.984003237594529567e-01 7.516755908652338336e-01
6.012817608861786844e-01 7.498868358660134570e-01
5.974811854809707334e-01 7.478610592891231645e-01
5.973108503763515653e-01 7.501070843190080772e-01
5.917049421481492821e-01 7.515365082926366291e-01
5.909439332100496767e-01 7.519078256051477949e-01
5.860832248636498321e-01 7.547645553417663411e-01
5.820990683463461712e-01 7.578687818199572046e-01
5.782634401905595301e-01 7.609903422690492691e-01
5.778476340013810608e-01 7.615820803719722809e-01
5.767520674049967377e-01 7.618560371027476297e-01
5.756675930461851998e-01 7.620863719698708350e-01
5.838616091541488640e-01 7.606918574390361121e-01
5.814518608822993873e-01 7.589945680246993343e-01
5.797285397788465300e-01 7.586246905106286409e-01
5.747155168626880695e-01 7.609867471671072359e-01
5.797456407316063931e-01 7.621133757489793048e-01
5.826456109719868603e-01 7.616055024794508022e-01
5.845349880990238223e-01 7.606449975235192174e-01
5.896104074027848085e-01 7.573640750087258233e-01
5.930403665866328389e-01 7.543130945001664811e-01
5.958406440294312656e-01 7.517215098571261578e-01
5.981655661433975535e-01 7.495600847243313325e-01
6.000183364022175780e-01 7.476579692783011932e-01
6.014645027790505027e-01 7.459163201132116283e-01
6.026882823783614729e-01 7.444068893272797194e-01
6.036880948446141648e-01 7.430467919475208793e-01
6.044861422706870879e-01 7.417787811538349985e-01
6.051788169574650045e-01 7.406445832738977053e-01
6.057886572940491821e-01 7.396350558816247034e-01
6.063283044188380044e-01 7.387375164244178727e-01
6.020840675876401038e-01 7.365304659560396594e-01
5.996033445748749635e-01 7.360069126667168060e-01
5.981850902129535186e-01 7.363905379068836909e-01
5.971053669711627876e-01 7.370961885816057491e-01
5.961121454597255731e-01 7.379195845749200178e-01
6.007734455151466646e-01 7.399501256230834878e-01
6.031302196956564998e-01 7.400530918346166498e-01
5.992325935161719741e-01 7.381801147614065473e-01
6.022151711189756007e-01 7.390617826456760131e-01
5.989072988930075336e-01 7.376708880403874957e-01
5.966701894957420205e-01 7.374416708979951718e-01
5.957267696731141093e-01 7.340301947837478691e-01
5.958523807805276018e-01 7.314144499568717706e-01
5.962214949967503674e-01 7.289243307325481425e-01
5.964039901716708947e-01 7.304117769711315766e-01
5.890869166914068922e-01 7.362787686213874139e-01
5.906719574186249933e-01 7.382757858690993658e-01
5.901092438885660041e-01 7.395086417966736381e-01
5.787885070367658757e-01 7.477980101431369597e-01
5.697405979623304528e-01 7.565608895858375593e-01
5.718479869326313914e-01 7.539179361110645017e-01
5.733564999292243280e-01 7.517978755928138579e-01
5.766036664525632238e-01 7.422932999766147510e-01
5.811044060467690509e-01 7.388096791574598754e-01
5.922181082391460016e-01 7.311826792665461205e-01
5.928017324654464293e-01 7.241735723062066032e-01
5.931402653586254070e-01 7.256253690967198189e-01
5.927074715916315073e-01 7.224190424052462367e-01
5.928798589107928674e-01 7.238299406707020545e-01
5.922269148477851131e-01 7.246615519102583836e-01
5.914347696975099655e-01 7.254529484680800611e-01
5.908997450079931379e-01 7.223282952091016895e-01
5.922680691301112077e-01 7.040504869274735178e-01
5.945555805918327774e-01 6.744705014413405753e-01
5.983089688813871820e-01 6.570412315467748510e-01
5.094583031039969789e-01 5.438449010389472260e-01
5.197083602170491368e-01 5.268000735602854645e-01
5.237887169220402095e-01 5.137796519721375965e-01
5.255490732743759441e-01 5.042147195707382679e-01
5.137608573741810902e-01 4.892274190803578282e-01
5.092623727089226060e-01 4.813896714839933089e-01
5.113099791243417291e-01 4.722252007960592302e-01
5.001940479939226414e-01 4.578168372406640207e-01
4.927406773575330745e-01 4.453375135578744315e-01
4.791855866327137115e-01 4.242350912244566841e-01
3.383920850617461173e-01 2.946491499403948167e-01
3.266672764695601749e-01 2.787236852901875395e-01
3.178703015837659462e-01 2.671454469599748860e-01
3.117966342742239938e-01 2.589962311671312190e-01
3.053810344078602412e-01 2.511993005100371379e-01
2.990639755740093220e-01 2.438376680985728240e-01
2.927544881833101242e-01 2.366481869212241351e-01
3.296398358138812879e-01 2.693203875363913702e-01
3.392263798106343042e-01 2.701069672873745997e-01
3.465449016409526406e-01 2.714343615346823668e-01
3.450412955360206424e-01 2.657393814597863724e-01
5.231636138171374961e-01 3.247200072219987854e-01
5.269439394810666588e-01 3.163504834274568633e-01
3.863505343747781762e-01 2.251029433182693829e-01
4.007247348234307949e-01 2.298720970451601231e-01
4.113540959191494539e-01 2.331723405307532804e-01
4.167081965224008200e-01 2.330250425898702515e-01
3.826452811914449192e-01 2.074035038883802473e-01
3.447283107687982850e-01 1.793457986568359752e-01
1.924994208404312013e-01 9.515308221406039435e-02
1.687725373972437937e-01 8.038309194326137552e-02
1.452262307417366560e-01 6.705350897903650242e-02
1.236252990510268018e-01 5.507378215554187273e-02
3.999049899377521422e-02 1.648462186161643236e-02
3.210334920225203781e-02 1.302823190668855186e-02
2.403542891373558130e-02 9.529381493626313399e-03
1.676658356716495546e-02 6.397111965267691762e-03
1.125973334524771677e-02 4.098207783444783418e-03
0.000000000000000000e+00 0.000000000000000000e+00
0.000000000000000000e+00 0.000000000000000000e+00
0.000000000000000000e+00 0.000000000000000000e+00
0.000000000000000000e+00 0.000000000000000000e+00
0.000000000000000000e+00 0.000000000000000000e+00
0.000000000000000000e+00 0.000000000000000000e+00
0.000000000000000000e+00 0.000000000000000000e+00
0.000000000000000000e+00 0.000000000000000000e+00
0.000000000000000000e+00 0.000000000000000000e+00
0.000000000000000000e+00 0.000000000000000000e+00
0.000000000000000000e+00 0.000000000000000000e+00
0.000000000000000000e+00 0.000000000000000000e+00
0.000000000000000000e+00 0.000000000000000000e+00
0.000000000000000000e+00 0.000000000000000000e+00
0.000000000000000000e+00 0.000000000000000000e+00
0.000000000000000000e+00 0.000000000000000000e+00
0.000000000000000000e+00 0.000000000000000000e+00
0.000000000000000000e+00 0.000000000000000000e+00
0.000000000000000000e+00 0.000000000000000000e+00
0.000000000000000000e+00 0.000000000000000000e+00
0.000000000000000000e+00 0.000000000000000000e+00
0.000000000000000000e+00 0.000000000000000000e+00
0.000000000000000000e+00 0.000000000000000000e+00
0.000000000000000000e+00 0.000000000000000000e+00
0.000000000000000000e+00 0.000000000000000000e+00
0.000000000000000000e+00 0.000000000000000000e+00
0.000000000000000000e+00 0.000000000000000000e+00
0.000000000000000000e+00 0.000000000000000000e+00
0.000000000000000000e+00 0.000000000000000000e+00
0.000000000000000000e+00 0.000000000000000000e+00
0.000000000000000000e+00 0.000000000000000000e+00
0.000000000000000000e+00 0.000000000000000000e+00
0.000000000000000000e+00 0.000000000000000000e+00
0.000000000000000000e+00 0.000000000000000000e+00
0.000000000000000000e+00 0.000000000000000000e+00
0.000000000000000000e+00 0.000000000000000000e+00
0.000000000000000000e+00 0.000000000000000000e+00
0.000000000000000000e+00 0.000000000000000000e+00
0.000000000000000000e+00 0.000000000000000000e+00
0.000000000000000000e+00 0.000000000000000000e+00
0.000000000000000000e+00 0.000000000000000000e+00
0.000000000000000000e+00 0.000000000000000000e+00
0.000000000000000000e+00 0.000000000000000000e+00
0.000000000000000000e+00 0.000000000000000000e+00
9.246346063956058237e-02 4.580021084309562340e-01
1.069543452461960698e-01 5.268505488041389517e-01
1.191259909589729438e-01 5.922508584410249854e-01
1.311840957838105726e-01 6.528723149177105833e-01
1.427037860574422168e-01 7.082805124120055140e-01
1.537352610652501228e-01 7.594690392439286120e-01
1.643055556700957487e-01 8.070248117847482749e-01
1.705590837534983473e-01 8.521179361457287271e-01
1.762578957029703741e-01 8.922841614393930421e-01
1.851404585105938805e-01 9.253071423000589490e-01
1.878971003741742307e-01 9.510841516503264481e-01
1.873011411030298667e-01 9.578565626917975306e-01
1.856542959136122661e-01 9.581527367297966169e-01
1.841976053335195873e-01 9.584262600449918734e-01
1.829049712642716041e-01 9.586706035973824314e-01
1.817572415457699986e-01 9.588872434094208863e-01
1.807379526255126212e-01 9.590791810554224472e-01
1.793631407257966770e-01 9.585158285960706515e-01
1.789785501538498913e-01 9.591655263355114425e-01
1.782908076156856092e-01 9.594712160459586414e-01
1.776545341241187181e-01 9.596378842699996303e-01
1.770908682689306124e-01 9.597560757007415067e-01
1.765914384355419808e-01 9.598531589375476347e-01
1.761482009473518406e-01 9.599373513061021379e-01
1.757545780220700904e-01 9.600116130626936695e-01
1.710222219256014031e-01 9.604881586364095725e-01
1.669338089497506838e-01 9.611088624542435399e-01
1.632991928632383793e-01 9.617140985842129730e-01
1.574827242379685799e-01 9.618929895125835072e-01
1.518580909089343456e-01 9.625959329688171806e-01
1.544831746386359783e-01 9.634005912498961877e-01
1.526937004015433419e-01 9.632678588690238852e-01
1.592541750085382790e-01 9.624902968407491599e-01
1.691238091402714194e-01 9.604589451701505132e-01
1.758657849933030759e-01 9.581993316579927589e-01
1.881243493695777813e-01 9.560067658203951213e-01
2.028282971961651859e-01 9.527130242074293154e-01
2.113829949470351355e-01 9.511701039071148722e-01
2.188513232469335712e-01 9.496286497901954560e-01
2.292602785428285439e-01 9.469189399806201557e-01
2.335549998432508711e-01 9.460698190784286865e-01
2.527371085982073606e-01 9.397618495584834086e-01
2.620875804790959163e-01 9.374043711900165166e-01
2.646605409984992274e-01 9.368829031587065925e-01
2.628205147161096766e-01 9.377115999009439928e-01
2.532975076674881532e-01 9.411095863075470414e-01
2.418691460143364280e-01 9.447667552477451158e-01
2.326836770986062397e-01 9.474293024454570888e-01
2.247292301378396862e-01 9.495396177250092773e-01
2.180447789391179725e-01 9.512233683871896828e-01
2.124863428372219532e-01 9.525794190347022239e-01
2.077699526289241150e-01 9.536570907950254750e-01
2.036959891288626090e-01 9.545499356469611119e-01
2.002009949559102053e-01 9.553019647083541566e-01
1.971380678132312048e-01 9.559390793271511644e-01
1.943917089144304444e-01 9.564824070957408386e-01
1.961786478327550154e-01 9.557149526156512032e-01
1.975831986714280952e-01 9.553236007954147846e-01
1.945882122153683447e-01 9.562851258778344299e-01
1.921115776579894185e-01 9.568546247173500552e-01
1.899224612936015189e-01 9.573095087263504555e-01
1.879837169508003503e-01 9.576937813536903210e-01
1.862645791207579726e-01 9.580265259207179085e-01
1.847391197984087907e-01 9.583180708984458951e-01
1.833849649358191003e-01 9.585750719390636609e-01
1.821825799434408644e-01 9.588023679500045082e-01
1.811147915160898347e-01 9.590037626047860364e-01
1.801664401847243857e-01 9.591823951047416807e-01
1.793241117448607369e-01 9.593409345195970106e-01
1.785759193634957054e-01 9.594816911492295430e-01
1.771779814732160063e-01 9.589222098046887854e-01
1.761512916655230132e-01 9.588271552550432508e-01
1.751222926703886462e-01 9.589239789723856822e-01
1.740577771330713286e-01 9.590889479249973260e-01
1.729585728179009463e-01 9.592796969487753511e-01
1.732261838879405325e-01 9.601087400531393978e-01
1.731477806787679874e-01 9.603843645008907082e-01
1.716727343517643056e-01 9.599027195600857709e-01
1.705134226977479961e-01 9.598510160874736963e-01
1.693300715942305246e-01 9.599819673692078226e-01
1.681006659131118464e-01 9.601789401757888642e-01
1.668295740511218372e-01 9.604017153005957042e-01
1.655189729667722598e-01 9.606374045420551511e-01
1.641689221760330164e-01 9.608820649807023884e-01
1.627786058333911268e-01 9.611346108895502116e-01
1.613468739947457598e-01 9.613948648219483584e-01
1.598724319916428882e-01 9.616629413145479921e-01
1.583539027420788614e-01 9.619390530469409395e-01
1.567898460074902689e-01 9.622234501871774759e-01
1.551787631754485697e-01 9.625164016447138593e-01
1.535190971277477223e-01 9.628181895070860863e-01
1.517878944030149890e-01 9.631342896403938258e-01
1.500313133964686907e-01 9.634605840187540071e-01
1.482418937425139527e-01 9.637995669579132452e-01
1.464293018138431990e-01 9.641437695086324533e-01
1.447225473135873575e-01 9.644408585298520631e-01
1.430186617720732856e-01 9.647267922147449992e-01
1.412815445291035199e-01 9.649920960943759729e-01
1.395469802886001864e-01 9.652261179594550100e-01
1.378013379196990351e-01 9.654522248856045596e-01
1.360433909678383513e-01 9.656758945246932679e-01
1.342723672738500296e-01 9.658993399401984981e-01
1.324877506766634072e-01 9.661235756797115215e-01
1.306891747668546822e-01 9.663490973251592786e-01
1.288818522121439047e-01 9.665783983328097850e-01
1.270690458525570443e-01 9.668117726822600400e-01
1.252512022013058390e-01 9.670475710865347185e-01
1.235388690362424768e-01 9.672422989692890383e-01
1.218817082160227189e-01 9.674234792116189752e-01
1.202707208880637452e-01 9.675976456531756309e-01
1.187041180941456886e-01 9.677662866073327708e-01
1.171804986911845481e-01 9.679300237765183779e-01
1.156986001911578521e-01 9.680891740180197491e-01
1.142572355493312736e-01 9.682439369849932254e-01
1.128552692508015820e-01 9.683944638539613292e-01
1.114916058394112980e-01 9.685408840495083327e-01
1.101651843404884840e-01 9.686833160126195885e-01
1.088749753570573547e-01 9.688218716893333138e-01
1.175110884461936511e-01 9.685652361162171431e-01
1.252449863430735444e-01 9.678639013296297389e-01
1.318632749359002210e-01 9.671603310734037118e-01
1.377831730808006805e-01 9.664361948226248833e-01
1.422890069267666868e-01 9.657812091927380216e-01
1.459857638218801101e-01 9.652354296117642285e-01
1.490271415321173798e-01 9.647853084875391838e-01
1.515299214885294787e-01 9.644148509426493376e-01
1.538083726536563223e-01 9.640282696606153889e-01
1.558740785299074783e-01 9.636561448314289180e-01
1.577172159059186951e-01 9.633202788821332296e-01
1.593585935828732147e-01 9.630205605060360163e-01
1.608197126937112031e-01 9.627537676108293141e-01
1.621202066108315687e-01 9.625163911271759076e-01
1.632776583557387640e-01 9.623051889696527805e-01
1.643077504871378325e-01 9.621172647393494426e-01
1.652244570265640200e-01 9.619500467641273200e-01
1.660402262235904647e-01 9.618012517916336712e-01
1.623796709710843555e-01 9.620401240675112708e-01
1.592664449407735772e-01 9.624751828366003847e-01
1.564927524128747471e-01 9.629223073611207218e-01
1.549904266830733623e-01 9.627933391063202562e-01
1.534135057901774568e-01 9.629319085368193143e-01
1.517550658540653408e-01 9.632111250967314575e-01
1.500275271374389152e-01 9.635345236457700802e-01
1.482430484335217624e-01 9.638725186853637217e-01
1.464771146203854846e-01 9.641893647973378556e-01
1.447238489682275420e-01 9.644916480394597480e-01
1.429963601683001961e-01 9.647780957335992946e-01
1.413915513705261140e-01 9.650139891508702217e-01
1.398488684246690372e-01 9.652325027545121117e-01
1.339687228673791530e-01 9.656817077133393878e-01
1.154183705918252340e-01 9.669517278841346375e-01
8.469005504954935093e-02 9.688047934219595758e-01
6.893969047901210567e-02 9.702886439330747903e-01
3.140940787163581244e-02 9.709717943967582920e-01
-4.880914092815401284e-03 9.709292402017168921e-01
-3.160069422209206558e-02 9.707316743376694923e-01
-5.466067729193536257e-02 9.705217431563297747e-01
-7.747156091295540059e-02 9.693442068401320055e-01
-1.026062576624452993e-01 9.667019955826081645e-01
-1.273436607425395828e-01 9.633906458843903842e-01
-1.652072000188338219e-01 9.552634390622294358e-01
-2.022140064608518029e-01 9.449651294175724914e-01
-2.389580250854536347e-01 9.330683620376789555e-01
-2.631012601082329816e-01 9.266345632097933160e-01
-2.837250484144440144e-01 9.164450276312647858e-01
-3.037390446480469630e-01 8.988550693360012334e-01
-3.256199586185697936e-01 8.716598235805017580e-01
-3.437914309939246738e-01 8.451059210297087176e-01
-3.231525811167393347e-01 7.466663351341993327e-01
-3.304461716104118985e-01 7.190933879937817519e-01
-3.335085907834333119e-01 6.855426475420367538e-01
-3.336049464328219583e-01 6.488421415930872849e-01
-3.300051886242026389e-01 6.084453765914817902e-01
-2.475355984265807663e-01 4.347716541675171742e-01
-2.370747279563199805e-01 3.999147465883106101e-01
-2.255451218601196017e-01 3.660573341521561885e-01
-2.138070935187554866e-01 3.351219207364398711e-01
-1.955998759963596401e-01 2.947150466791929602e-01
-1.088096404205871615e-01 1.578729218682759228e-01
-9.726127942780052327e-02 1.373906604043261259e-01
-8.345459924952462749e-02 1.141161470433368491e-01
-6.981098396322320265e-02 9.267961812568394075e-02
-2.342010390711665724e-02 2.989279806717584295e-02
-1.783442713524502343e-02 2.231792368261778514e-02
-1.309608275351683941e-02 1.585534328888495853e-02
-9.507047988638725813e-03 1.133005859542575086e-02
-7.116749789884305871e-03 8.481412129688704893e-03
0.000000000000000000e+00 0.000000000000000000e+00
0.000000000000000000e+00 0.000000000000000000e+00
0.000000000000000000e+00 0.000000000000000000e+00
0.000000000000000000e+00 0.000000000000000000e+00
0.000000000000000000e+00 0.000000000000000000e+00
0.000000000000000000e+00 0.000000000000000000e+00
0.000000000000000000e+00 0.000000000000000000e+00
0.000000000000000000e+00 0.000000000000000000e+00
0.000000000000000000e+00 0.000000000000000000e+00
0.000000000000000000e+00 0.000000000000000000e+00
0.000000000000000000e+00 0.000000000000000000e+00
0.000000000000000000e+00 0.000000000000000000e+00
0.000000000000000000e+00 0.000000000000000000e+00
0.000000000000000000e+00 0.000000000000000000e+00
0.000000000000000000e+00 0.000000000000000000e+00
0.000000000000000000e+00 0.000000000000000000e+00
0.000000000000000000e+00 0.000000000000000000e+00
0.000000000000000000e+00 0.000000000000000000e+00
0.000000000000000000e+00 0.000000000000000000e+00
0.000000000000000000e+00 0.000000000000000000e+00
0.000000000000000000e+00 0.000000000000000000e+00
0.000000000000000000e+00 0.000000000000000000e+00
0.000000000000000000e+00 0.000000000000000000e+00
0.000000000000000000e+00 0.000000000000000000e+00
0.000000000000000000e+00 0.000000000000000000e+00
-2.705246217495362016e-05 3.223986898551992904e-05
-1.875194629312694136e-04 2.234769936296769231e-04
-3.573771496563700641e-04 4.259055020140573543e-04
-3.500913141123563168e-04 4.172225813294283591e-04
-2.139850072390960195e-04 2.550174011384904950e-04
-3.542159680736978200e-04 4.221381525060650302e-04
-6.524062047100324252e-03 7.975445106204220175e-03
-9.187690256207869249e-03 1.130403756517051918e-02
-1.370709729214544641e-02 1.706958218663113050e-02
-1.853250141745119151e-02 2.322753853369385890e-02
-2.555525299982833176e-02 3.262288363423985343e-02
-7.482670995635419542e-02 1.010675798188592073e-01
-8.493057720318392123e-02 1.155705640358505176e-01
-9.454844766746064999e-02 1.300760010888399598e-01
-1.062531093856739078e-01 1.501300503581778634e-01
-1.163955792788781002e-01 1.681194256491797545e-01
-1.240268836914975442e-01 1.818226134139050709e-01
-2.056572800723563132e-01 3.109924304455265465e-01
-2.165597862083961100e-01 3.319053944397319378e-01
-2.277631138421719881e-01 3.560719088464786020e-01
-2.390870094857557859e-01 3.835000970153362720e-01
-2.479564599702422656e-01 4.081047223325180995e-01
-2.575559175174653714e-01 4.408172409972074823e-01
-2.657012878014624602e-01 4.743086053858636131e-01
-3.392423055102077312e-01 6.261921028653947285e-01
-3.440211303433548529e-01 6.622840414118307262e-01
-3.425301473804391317e-01 7.064465765194579694e-01
-3.394418196817409195e-01 7.382160827056141184e-01
-3.424169071753078164e-01 7.539757262278609096e-01
-3.459647028294347559e-01 7.610381084616563152e-01
-3.465843394426439961e-01 7.663053605436259685e-01
-3.485494427310958376e-01 7.683236273967093410e-01
-3.468814225202246360e-01 7.725167643526500427e-01
-3.480610432967325418e-01 7.742235198239105776e-01
-3.459098140474398675e-01 7.781759985406309088e-01
-3.443229423506171116e-01 7.821256267693393882e-01
-3.452946656428713124e-01 7.832112116947985703e-01
-3.453356042558308747e-01 7.744193574365554333e-01
-3.469511791343223295e-01 7.680669882041603058e-01
-3.487821244363921158e-01 7.663309255653910634e-01
-3.501589340660778982e-01 7.685984141911754719e-01
-3.505368631494730769e-01 7.698736718250873690e-01
-3.505989739370466984e-01 7.709453241807803225e-01
-3.505333164714866667e-01 7.719590738134145536e-01
-3.504094260934829119e-01 7.729517876478665395e-01
-3.478869943411214694e-01 7.766892133904218509e-01
-3.486654592042931489e-01 7.780986866102426180e-01
-3.462266567311951815e-01 7.817421127653585433e-01
-3.445155676054307836e-01 7.854969160588514132e-01
-3.634837884792788687e-01 8.421791242629959040e-01
-3.625633970225717873e-01 8.451478281745697929e-01
-3.581206525070258495e-01 8.504075307853995458e-01
-3.576775028072704532e-01 8.529520013513343102e-01
-3.595628502409323746e-01 8.528955893504459596e-01
-3.606213841600569570e-01 8.478383902419932561e-01
-3.622525516280814539e-01 8.440906924695724678e-01
-3.637086270261087884e-01 8.455343961804386854e-01
-3.641853345663202401e-01 8.456618722874614802e-01
-3.644080532195337896e-01 8.455902883991555097e-01
-3.645447117625136291e-01 8.454629389884363855e-01
-3.648600792768587064e-01 8.404622596561274195e-01
-3.659617696376562535e-01 8.419331790322377440e-01
-3.662378739110851988e-01 8.421977174463179949e-01
-3.663191498491488174e-01 8.422963798108368261e-01
-3.634506292230602065e-01 8.448984961424457207e-01
-3.586466802657603536e-01 8.499639113306537430e-01
-3.580610556156149649e-01 8.524536145141069499e-01
-3.598759552906932724e-01 8.523859524712954494e-01
-3.605140359817670115e-01 8.520669482717226906e-01
-3.609280409379916343e-01 8.516264908694518576e-01
-3.582203959559669415e-01 8.535580581676338596e-01
-3.566287127285910352e-01 8.555551857284141581e-01
-3.552842136799848616e-01 8.575376534837887421e-01
-3.572012657774031874e-01 8.571459864258357264e-01
-3.579616852587648168e-01 8.565435525386868587e-01
-3.585076131183881909e-01 8.558459470004935454e-01
-3.589664183624428073e-01 8.551413971573704753e-01
-3.593787038161656566e-01 8.544587756563117864e-01
-3.566805055035633387e-01 8.561587516033377643e-01
-3.520496578576419733e-01 8.602973164946333684e-01
-3.456364655364670968e-01 8.667146194843581286e-01
-3.404727727250194125e-01 8.730973741877235961e-01
-3.385477961529231306e-01 8.774132108358988491e-01
-3.424740190891146785e-01 8.775186899846771915e-01
-3.447676380211156522e-01 8.765429362785260858e-01
-3.463233268800967046e-01 8.752154095069254458e-01
-3.475190431620474030e-01 8.737542645715469236e-01
-3.485860602560223453e-01 8.722549768400961190e-01
-3.495862350711982924e-01 8.707673359363730103e-01
-3.505045853896330277e-01 8.693243435371282857e-01
-3.513599330645110763e-01 8.679370789757344662e-01
-3.521765857477325845e-01 8.666050506015215982e-01
-3.529595466554167338e-01 8.653275482289518594e-01
-3.537111508003178417e-01 8.641027790956978816e-01
-3.544329521380083503e-01 8.629285447336844106e-01
-3.551262662367792311e-01 8.618026173796169420e-01
-3.557519178132855231e-01 8.607386563650855082e-01
-3.563321986323980117e-01 8.597337668946056777e-01
-3.568790314425300814e-01 8.587842638069571599e-01
-3.573952807214343386e-01 8.578875019243793476e-01
-3.578828066331325441e-01 8.570406727958688187e-01
-3.583432065626483420e-01 8.562410069550723257e-01
-3.587779740987742660e-01 8.554858735729887753e-01
-3.591885253471570616e-01 8.547727904453360503e-01
-3.564917653415925480e-01 8.564453292119537098e-01
-3.549779830045445284e-01 8.582444835563206587e-01
-3.537234668416321393e-01 8.600561886993736138e-01
-3.525988056535208637e-01 8.618021760885568039e-01
-3.515585891107063654e-01 8.634610772121720235e-01
-3.537548465044236812e-01 8.628589914917326187e-01
-3.547793065159822734e-01 8.619671315855790272e-01
-3.555236668889618645e-01 8.609783470053675725e-01
-3.561548440964505957e-01 8.599922362825778155e-01
-3.567260407683179313e-01 8.590407370042909552e-01
-3.572562812226699469e-01 8.581346763575786740e-01
-3.577535623542895116e-01 8.572762321598432766e-01
-3.582218392775426419e-01 8.564644906250163947e-01
-3.586635294449458389e-01 8.556975095695926736e-01
-3.590804212108273386e-01 8.549730524342409321e-01
-3.594740142174261965e-01 8.542888533480854640e-01
-3.598456515018061408e-01 8.536427127554719885e-01
-3.601965729634589719e-01 8.530325299202731193e-01
-3.605279385006350812e-01 8.524563115293978255e-01
-3.608408392464169667e-01 8.519121712601767094e-01
-3.611363040382779555e-01 8.513983260303813472e-01
-3.614153039075583829e-01 8.509130911448749002e-01
-3.616787556853958696e-01 8.504548751942644369e-01
-3.619275251608977118e-01 8.500221750310725799e-01
-3.621624299680479275e-01 8.496135709418441984e-01
-3.623842422757783677e-01 8.492277220527937320e-01
-3.625936913152856822e-01 8.488633619753145343e-01
-3.627914657625794237e-01 8.485192946858209906e-01
-3.629782159876944192e-01 8.481943906301612213e-01
-3.601735973144186143e-01 8.503437506004178914e-01
-3.554484141946692155e-01 8.549537486533664854e-01
-3.520256016541333799e-01 8.595029331962789065e-01
-3.553355778058946979e-01 8.593722368178275950e-01
-3.564309287467889997e-01 8.588242926491225226e-01
-3.571413380961030448e-01 8.580638071970034808e-01
-3.577059528342994565e-01 8.572595726731360166e-01
-3.581998259692609210e-01 8.564676396207003828e-01
-3.586514720395354572e-01 8.557077154866274959e-01
-3.590723746683603945e-01 8.549855394113737850e-01
-3.594676833649025904e-01 8.543018135923734491e-01
-3.598401376205401792e-01 8.536554650879037975e-01
-3.540576902425341954e-01 8.577740609021139440e-01
-3.442706310303254025e-01 8.665850141956236152e-01
-3.367472923174031907e-01 8.753056843136011178e-01
-3.284218151798106722e-01 8.840405067621616153e-01
-3.158423090159296343e-01 8.944839929145036450e-01
-3.069789451381786938e-01 9.036065239520497672e-01
-3.027188219309244199e-01 9.148205342014517072e-01
-2.959796316288003659e-01 9.212584091725020130e-01
-2.894333840815385694e-01 9.256978644469987527e-01
-2.739459265731475912e-01 9.300256065711732800e-01
-2.510241158667673167e-01 9.377560104132768304e-01
-2.250936643884884902e-01 9.458633270400239601e-01
-2.042999506830824319e-01 9.506748509474829412e-01
-1.787545583430127372e-01 9.554221379123080116e-01
-1.513753299526834906e-01 9.597318000481759315e-01
-1.227418230227887153e-01 9.636089001242693630e-01
-8.901849422134158751e-02 9.671067852690260480e-01
-6.072272093749974536e-02 9.699089758917257553e-01
-4.816938766777236619e-02 9.716151925757677832e-01
-3.942001426182435708e-02 9.725470649956987623e-01
-1.259745658513906214e-02 9.722941872949318887e-01
1.074212306261206062e-02 9.719880746519452552e-01
2.638459764845546562e-02 9.721134217243240228e-01
3.842385022298453606e-02 9.721195039300430940e-01
5.536543998041484199e-02 9.712059828315184884e-01
7.213659360145474597e-02 9.701910980949896013e-01
9.303054937189322859e-02 9.683357929014583254e-01
1.160127418405100114e-01 9.655863318387564176e-01
1.368603150835303872e-01 9.627997331450900420e-01
1.585674460504579164e-01 9.592036292236162387e-01
1.728827591932236563e-01 9.570537750037333424e-01
1.814154188002249923e-01 9.573474882687037502e-01
1.969043999963219216e-01 9.541081340465371596e-01
2.206164781943860120e-01 9.473428788468457595e-01
2.536151687483992334e-01 9.381157448287054113e-01
2.848934504225689723e-01 9.290801629430551767e-01
3.008438703572557382e-01 9.247481459651668567e-01
3.207794571108869564e-01 9.194101150760677355e-01
3.345369357732732030e-01 9.151199599295501974e-01
3.444727215882344984e-01 9.105162662701309362e-01
3.509196032462852388e-01 9.080096079053451286e-01
3.615585424486153499e-01 9.034660005527589410e-01
3.763017102009123538e-01 8.970322553687541944e-01
3.916125388053406930e-01 8.904659264231657989e-01
4.003640083265314620e-01 8.875781519756477111e-01
4.066777648102514742e-01 8.848929318861745719e-01
4.201720496568546181e-01 8.778724898361759399e-01
4.298182776576091602e-01 8.732666563394186898e-01
4.281875571866705643e-01 8.745730344047835114e-01
4.547943711584750970e-01 8.609016859593241477e-01
4.742606984265769765e-01 8.490112410802523879e-01
4.965021579127604778e-01 8.338836989755962215e-01
5.146312811671769349e-01 8.209695002035394262e-01
5.331061471560651910e-01 8.073449289235170578e-01
5.369671897015643180e-01 7.656025272927609038e-01
5.535622571446946472e-01 7.511137142471986383e-01
5.676181534010391605e-01 7.368399336755750983e-01
5.787508148377638051e-01 7.214901308303216521e-01
5.867704112790905757e-01 7.037399055081206001e-01
5.917621932801433449e-01 6.799635029923953855e-01
5.960537210191980684e-01 6.630530425302549880e-01
6.029214544571301904e-01 6.621245418795282944e-01
6.061271475899407957e-01 6.629240964238583000e-01
6.066742488996232918e-01 6.623539245832957834e-01
6.064923338883382309e-01 6.614663799761733021e-01
6.049250102167307297e-01 6.560924691635274808e-01
6.044447755399282585e-01 6.515577960411351732e-01
5.056755417363614225e-01 5.404955870709945431e-01
5.018818393600155137e-01 5.257700866251153737e-01
5.007231668206680864e-01 5.166425022646464749e-01
5.006064586252600979e-01 5.116169956349678749e-01
4.995332323862380353e-01 5.061530848072892663e-01
4.965199505505853983e-01 4.970517372172024162e-01
4.942335109787285852e-01 4.888449230545067747e-01
4.915729931895680416e-01 4.804408097190252525e-01
4.862602872659038122e-01 4.678085489221205928e-01
4.832540537380758394e-01 4.589250318231086201e-01
4.768186498019807429e-01 4.452266506079935460e-01
4.724875997585904486e-01 4.346410431259529750e-01
4.728129812823237410e-01 4.311084773728132702e-01
4.744417483865740470e-01 4.307592300444156308e-01
4.747263937332462658e-01 4.300224773926314970e-01
4.714587089676218201e-01 4.252153611693810786e-01
4.685444376450184079e-01 4.205525752163223330e-01
4.626278981315096739e-01 4.118502631966521332e-01
4.572666450477982369e-01 4.032634830345819266e-01
4.520268355366419133e-01 3.945955844294289916e-01
3.035486256563231788e-01 2.612704835408042880e-01
3.040004806464181586e-01 2.608191750471604564e-01
3.034542773199596088e-01 2.600597532418050806e-01
3.026725069148208380e-01 2.592587204317447491e-01
3.018457643260843981e-01 2.584734759570940232e-01
3.010345792597862169e-01 2.577223496578128770e-01
3.002578501120887755e-01 2.570100423900844033e-01
2.995206790753107695e-01 2.563367034168987368e-01
2.988234382101227493e-01 2.557009687492549643e-01
2.981648565973472054e-01 2.551010105095160019e-01
2.975431278958041714e-01 2.545349096667275379e-01
2.969563178094507538e-01 2.540007869170538002e-01
2.964025137881529659e-01 2.534968456939234449e-01
2.958798779447467941e-01 2.530213834173850596e-01
2.953866634166991689e-01 2.525727915543933833e-01
2.949212170138306721e-01 2.521495519805032060e-01
2.944819768559565620e-01 2.517502323157186361e-01
2.948628109526832963e-01 2.537739791325698824e-01
4.424306982954655521e-01 3.844916875104555931e-01
4.441319130230386159e-01 3.872880565442700651e-01
4.457800784167275099e-01 3.900345479265924786e-01
4.483100080760163975e-01 3.962694154592792950e-01
4.513362884038157330e-01 4.027696592619314231e-01
4.536941967883889593e-01 4.060305976079000567e-01
4.547208698421688622e-01 4.056188075443725172e-01
4.547957876882945394e-01 4.048657144587206602e-01
4.545066655390138100e-01 4.040105904144965510e-01
4.554772411921368391e-01 4.099884754948880383e-01
4.588909283227132208e-01 4.234004587158329835e-01
4.637840141925524962e-01 4.377401942454642314e-01
4.688329740657813938e-01 4.498696781231499853e-01
4.731725600306460056e-01 4.555283308131569120e-01
4.757709712309993177e-01 4.574638371546843052e-01
4.768736078485107943e-01 4.589381790180115939e-01
4.724235777433790084e-01 5.030657350007359252e-01
4.794882258584323154e-01 5.017619638407024851e-01
4.798459094679013992e-01 5.091713004443257917e-01
4.795894218312335422e-01 5.022828705905082458e-01
4.810433455063815034e-01 5.072418622938777988e-01
5.735198414981642623e-01 6.620369141341210240e-01
5.830801952440084479e-01 6.653790399088197471e-01
5.859283514082120892e-01 6.663208964275459945e-01
5.871168800987843772e-01 6.663557768197401199e-01
5.876443653366980602e-01 6.660722022110009410e-01
5.853506879043878230e-01 6.684400980153852867e-01
5.866065189117262157e-01 6.685015896710737593e-01
5.869470127286553485e-01 6.682768857114571581e-01
5.871030032327085868e-01 6.679474865266644690e-01
5.871848815467868299e-01 6.675765825755299865e-01
5.872373648467827945e-01 6.671854381903457032e-01
5.872791203758838119e-01 6.667810889811133235e-01
5.873183191216315713e-01 6.663658868680490954e-01
5.873587269374973552e-01 6.659405391534118923e-01
5.874021550739062514e-01 6.655051200359809460e-01
5.874495119686279354e-01 6.650594372809577326e-01
5.875012790083098402e-01 6.646031766226386805e-01
5.952809134284433590e-01 6.725313651593797237e-01
5.984227151905211484e-01 6.851394118673852507e-01
6.034652737587653526e-01 6.931370580377906876e-01
6.058490929747991638e-01 6.987689081456600615e-01
6.019324407367231400e-01 6.964131962332058556e-01
5.997138352333657441e-01 6.952227934238808249e-01
5.986035204441828572e-01 6.948047632457743372e-01
5.978869680757563643e-01 6.946572535626742706e-01
5.973172524481864532e-01 6.946071419861612473e-01
5.968124508346839274e-01 6.946008490633392984e-01
5.963427378952832481e-01 6.946210898210993800e-01
5.958958985855762336e-01 6.946617401192871633e-01
5.954662740796128340e-01 6.947203530433956331e-01
5.950508881049867416e-01 6.947958156756660619e-01
5.946479539875056952e-01 6.948875547442792122e-01
5.913343010656174625e-01 6.976429031526725222e-01
5.919586989716937309e-01 6.983129955999372029e-01
5.916946261241526894e-01 6.986361532318039469e-01
5.912976830081562163e-01 6.988904255445318459e-01
5.908480679527463586e-01 6.991350959238227247e-01
5.903736839248038271e-01 6.993897727456177549e-01
5.898857602385128018e-01 6.996620980629739694e-01
5.893888249798563406e-01 6.999554794513949130e-01
5.858459603501234847e-01 7.028382519969937903e-01
5.833148311407139186e-01 7.062642556104454794e-01
5.777745180181372842e-01 7.124368364572283285e-01
5.729902212322598443e-01 7.194648069205157315e-01
5.709611553210830470e-01 7.240820824792293386e-01
5.677499071292009258e-01 7.282157432494815730e-01
5.643120231424423316e-01 7.323894103244239506e-01
5.604730283844734373e-01 7.363339390201388834e-01
5.526576043981400455e-01 7.420384246353232127e-01
5.484786010757323194e-01 7.446936593463888698e-01
5.440386999392309297e-01 7.471987424903602237e-01
5.448057663763091751e-01 7.440760625120552696e-01
5.463946861552881895e-01 7.423421445380785633e-01
5.478919158281607693e-01 7.407073290120929077e-01
5.506424678283949881e-01 7.357553039261901517e-01
5.546449890493543311e-01 7.323427383261559287e-01
5.572899036104823622e-01 7.325717720855997594e-01
5.571722527104014944e-01 7.349144404795071583e-01
5.554626897177996625e-01 7.357753013063232927e-01
5.538326197870451217e-01 7.365806312759615171e-01
5.522396042776129832e-01 7.373210154032366903e-01
5.507092305101297658e-01 7.380348913029453062e-01
5.504986960202721269e-01 7.352920645087690499e-01
5.506373491238812923e-01 7.375345609426714466e-01
5.491087952483111323e-01 7.382512965019513151e-01
5.476531778186826127e-01 7.389167693780653856e-01
5.462566001564692630e-01 7.395552026080650654e-01
5.449096417474761367e-01 7.401665992348687162e-01
5.436414899375013876e-01 7.407241531651679312e-01
5.424542199618754834e-01 7.412327331917363260e-01
5.377878055824691916e-01 7.438500576900020089e-01
5.374672263098719815e-01 7.441988478779602012e-01
5.366007091422482222e-01 7.444972026439639068e-01
5.357848823838651242e-01 7.447734176543792106e-01
5.350232701366128829e-01 7.450397086713842487e-01
5.343086120168779596e-01 7.452954401718397959e-01
5.336355444180791441e-01 7.455390374056365399e-01
5.330004438275994794e-01 7.457699251341836089e-01
5.324006445250352160e-01 7.459882285912002864e-01
5.318339688739598392e-01 7.461944012417119909e-01
5.312985024692693514e-01 7.463890200078271420e-01
5.307924942284367731e-01 7.465726921642931169e-01
5.267506066784266583e-01 7.488352512081373202e-01
5.235236815803625543e-01 7.510136604705004437e-01
5.240397679573922662e-01 7.509979003384684715e-01
5.202991922335745700e-01 7.529583093994476339e-01
5.210035643281407669e-01 7.528275226488549965e-01
5.210143223139491742e-01 7.526277145194748552e-01
5.210438139082980147e-01 7.524351646781617386e-01
5.210890809481003583e-01 7.522634991380535707e-01
5.211403210049726509e-01 7.521086454189342962e-01
5.230730692846015106e-01 7.488580490227731978e-01
5.294513221916098411e-01 7.405404204320864547e-01
5.370487217318784534e-01 7.346572468149391577e-01
5.413228331015318417e-01 7.359367597301667008e-01
5.415123491439228776e-01 7.380807297589823124e-01
5.403149212317664984e-01 7.386840848815368066e-01
5.357184365018605732e-01 7.413913395598884515e-01
5.354792623140209873e-01 7.418618150622615648e-01
5.362418929586416638e-01 7.390094967785232338e-01
5.396922317681109860e-01 7.342839036351909154e-01
5.413824741269773755e-01 7.377922926714159946e-01
5.366775384312638675e-01 7.405927922977733058e-01
5.363539413801096112e-01 7.410930563831870099e-01
5.355205966414923191e-01 7.415466511533841398e-01
5.347505332957849244e-01 7.419812706572627148e-01
5.304928378116360310e-01 7.445100849016714761e-01
5.270372094750443992e-01 7.469308003105493698e-01
5.273284432541159861e-01 7.471282772688454532e-01
5.234225675378024745e-01 7.493215617511521653e-01
5.239294882711149626e-01 7.493844118048123004e-01
5.202070647958275673e-01 7.514378725245176582e-01
5.173311194007901292e-01 7.534411617714759091e-01
5.491058273302860115e-01 8.050733275790726839e-01
5.464090540936972218e-01 8.069666151388389386e-01
5.475760862522189854e-01 8.066595330195032165e-01
5.482145901161559198e-01 8.063617476089823821e-01
5.509894146784497515e-01 8.028341506263926286e-01
5.521074822508390545e-01 8.035845359123552356e-01
5.174543714985515575e-01 7.534505983974471022e-01
5.196425240461843842e-01 7.501529979787635583e-01
5.207492059290725894e-01 7.511450730370268225e-01
5.207843750447731512e-01 7.510648334266145643e-01
5.208408125812125089e-01 7.509750012931242225e-01
5.209036302734869617e-01 7.508934978881872668e-01
5.247001496047635216e-01 7.445999645510261722e-01
5.300689544396144370e-01 7.406685467073743645e-01
5.318927587336650387e-01 7.435383148111769369e-01
5.312400541494372019e-01 7.438781619433584291e-01
5.306854104702644070e-01 7.441721858086842722e-01
5.318257816052432974e-01 7.412419436841564124e-01
5.340698222143903662e-01 7.396827776812961996e-01
5.346360990324735551e-01 7.415153035866427489e-01
5.338806112484925093e-01 7.419685613339117580e-01
5.347626967653221763e-01 7.391266474926044827e-01
5.317917287554221328e-01 7.430975861538364757e-01
5.317688860107541160e-01 7.435066180768283850e-01
5.327945745294613289e-01 7.405974219125008862e-01
5.298704919521861623e-01 7.444346788727059794e-01
5.299581891601001793e-01 7.447672702135852418e-01
5.259147205340557463e-01 7.471042152853544227e-01
5.227024087461997759e-01 7.493539447218999783e-01
5.196670953764822576e-01 7.514762344540577566e-01
5.167929119993666109e-01 7.534687917175875160e-01
5.176635132540461370e-01 7.533118761532191510e-01
5.490060560135310297e-01 8.052411240402980175e-01
5.501374580279363435e-01 8.049170236972245096e-01
5.505566077710425388e-01 8.047103272895480552e-01
5.471160033052981930e-01 8.066225472247744444e-01
5.444754825940604226e-01 8.083642678019600236e-01
5.418276038697132924e-01 8.101243884327320455e-01
5.391447163430038714e-01 8.118818805531531346e-01
5.364125853457011317e-01 8.136412871949653125e-01
5.336221758167979390e-01 8.154183215809629459e-01
5.307621698982716296e-01 8.172266994363726056e-01
5.278478088749628538e-01 8.190649643038712124e-01
5.248397318887362273e-01 8.209536380525518373e-01
5.217255082163861912e-01 8.229022984465852453e-01
5.185156859229329562e-01 8.249095102618430042e-01
5.152075798424035069e-01 8.269779265973472571e-01
5.117969477671495682e-01 8.291104202343632101e-01
5.082790574155940932e-01 8.313099978907951826e-01
5.046488360161539566e-01 8.335798393315879684e-01
5.008413857720210860e-01 8.359425916434070070e-01
4.927977731873250389e-01 8.403574279841689032e-01
4.841176652175693818e-01 8.452865469316245273e-01
4.750559528966019074e-01 8.503326746724094720e-01
4.659265907220853653e-01 8.552572716124737795e-01
4.565505317641759264e-01 8.602710561236884823e-01
4.509532925351684152e-01 8.637062667613115696e-01
4.527363193107894479e-01 8.630051858993981195e-01
4.688705023044963949e-01 8.528920218801380182e-01
4.949313467699095748e-01 8.353548804857966470e-01
5.299379440752067794e-01 8.079978794122322228e-01
5.283961487840251880e-01 7.273929570473627315e-01
5.497033351415163693e-01 7.114924993282747412e-01
5.610172965969244530e-01 6.931355916525736571e-01
5.703325358758208896e-01 6.651449884420875813e-01
5.745040667139724722e-01 6.287817357198712820e-01
4.662947652303048862e-01 4.844683284760996078e-01
4.632097003091377174e-01 4.594184086642421061e-01
4.533932204449196979e-01 4.316718155256168421e-01
4.391910319784483319e-01 4.013993171750108724e-01
2.794750009910098587e-01 2.437460254083906597e-01
2.678615922564414609e-01 2.254562193277468152e-01
2.620177341104115709e-01 2.161042061671682446e-01
2.613032297323591990e-01 2.134124509801473835e-01
2.642069935355193522e-01 2.152168149744845826e-01
2.636413718211855217e-01 2.142740440583705830e-01
2.555026133328816562e-01 2.057998877776247570e-01
2.453548756641918127e-01 1.949419763281391715e-01
2.353993575455130272e-01 1.840347325276556756e-01
2.322927535805933696e-01 1.793974536820717725e-01
2.332385209716296426e-01 1.789186576649245963e-01
2.335075176474117886e-01 1.786371623945435805e-01
2.335820832605019215e-01 1.784773114867779786e-01
2.335570315616141146e-01 1.783523965101161957e-01
2.334869730738590721e-01 1.782443628629627463e-01
2.333980960900507717e-01 1.781466324038876170e-01
2.333022376658844266e-01 1.780557331652851127e-01
2.332046303840512036e-01 1.779695815449766627e-01
2.331075044440944488e-01 1.778868698096290335e-01
2.330117454401218202e-01 1.778067640321893961e-01
2.329176525916820673e-01 1.777287273581735216e-01
2.328252807349340814e-01 1.776524097615489461e-01
2.598561784249435180e-01 1.949512744813362009e-01
2.572008874459712491e-01 1.945530378967464114e-01
2.791360280858429244e-01 2.079305631600507076e-01
3.156821888583099533e-01 2.372538578597885861e-01
5.143383485114774167e-01 3.197692434775474268e-01
5.497553748535778384e-01 3.429691409656044909e-01
5.779455386189803479e-01 3.616399837928651051e-01
5.737295566066612507e-01 3.621900701111693821e-01
6.003935105656695859e-01 3.843422409381116456e-01
5.991849163339423301e-01 3.856002983637343284e-01
5.938308565851996290e-01 3.820957657495733795e-01
5.861176612884427817e-01 3.749648881044753690e-01
5.798623201169206265e-01 3.680679170589512550e-01
3.862606046621437361e-01 2.327079035686839270e-01
3.841265538330180807e-01 2.266651923804970936e-01
3.860863864417752866e-01 2.266737681692847506e-01
3.823836095926878009e-01 2.234967471553614693e-01
3.834221244383957394e-01 2.255920275473647374e-01
3.824250715417709667e-01 2.244582939955716006e-01
3.808929623461428937e-01 2.234730803652715814e-01
3.790097020669307426e-01 2.223864490163497409e-01
3.769567989613031855e-01 2.212331974563448156e-01
3.747856340514453821e-01 2.200222373645025764e-01
3.741041330843619672e-01 2.213568553224103952e-01
3.752563796753086711e-01 2.249416830436903325e-01
5.354264400627860576e-01 3.250182725965378161e-01
5.412255993726782233e-01 3.342636434487147312e-01
5.486364769021530030e-01 3.468450589277372598e-01
5.577082443832607206e-01 3.638336905291515988e-01
5.666248917610697822e-01 3.789008625126979446e-01
5.738730980679574989e-01 3.905305907794091036e-01
5.795013328765636906e-01 3.986445971447122316e-01
5.835862501767974386e-01 4.033701669010169022e-01
5.855935180645128746e-01 4.108789314343216370e-01
5.870844662628456057e-01 4.178142708134509609e-01
5.873095365558080871e-01 4.272540255277103016e-01
5.858819048297098098e-01 4.417256661111330640e-01
6.966758780418611519e-01 5.495044401855770921e-01
6.902671990106798994e-01 5.768907571648577148e-01
6.842129996495220912e-01 6.024414685625919530e-01
6.796222430774735423e-01 6.213510161239815810e-01
6.711612731766116724e-01 6.395906283462754471e-01
6.766682061651102531e-01 6.972907348265295902e-01
6.494683397934873925e-01 7.221864488275061555e-01
6.197422043137367220e-01 7.471503517881905587e-01
5.872442356089753179e-01 7.728434127589776104e-01
5.350934001117414462e-01 8.094710899052327546e-01
5.113233364684963700e-01 8.255278870009229442e-01
5.089484164254616250e-01 8.291447607107186313e-01
5.127596727674009758e-01 8.276573152483465146e-01
5.163145100794532816e-01 8.258898891732415759e-01
5.165130906400678956e-01 8.264542251863860045e-01
5.168274845822677932e-01 8.265421629972833362e-01
5.171199642484889392e-01 8.265003495473638440e-01
5.173859474217664678e-01 8.263968083465349501e-01
5.176583528080156427e-01 8.262546841267581765e-01
5.179409485089243592e-01 8.260895687523723829e-01
5.182350150038779191e-01 8.259091478915120410e-01
5.185411604272265329e-01 8.257171163955892013e-01
5.188597065564370947e-01 8.255152498913570502e-01
5.191908453640561305e-01 8.253043928261026840e-01
5.195331548415749179e-01 8.250856517023907877e-01
5.198834957772713317e-01 8.248607989688691022e-01
5.202443807211775129e-01 8.246290704988390452e-01
5.206164553613945589e-01 8.243902315732679620e-01
5.210001374461155077e-01 8.241440607644046068e-01
5.248927167974505315e-01 8.212237434857254659e-01
5.287532709467429592e-01 8.186042577251554375e-01
5.326628616114077452e-01 8.160132091979200863e-01
5.366388719600139190e-01 8.134071951458552441e-01
5.406835853760211252e-01 8.107698058767009996e-01
5.482289003339499978e-01 8.053420077996819026e-01
5.552516726747132036e-01 8.004619179325491718e-01
5.615512368254302888e-01 7.959493761511235999e-01
5.639805190288674774e-01 7.945638804827317436e-01
5.665989253748391352e-01 7.927332402663498367e-01
5.657216880470528064e-01 7.938219077354990993e-01
5.652693842712501748e-01 7.942271347848082197e-01
5.715428658525760763e-01 7.888552573241905952e-01
5.800202175938320437e-01 7.820801654676354797e-01
5.875764363703516180e-01 7.763647437268310636e-01
5.883643791940662560e-01 7.766691661812696879e-01
5.864760408199882757e-01 7.787489815670392002e-01
5.849554850161526875e-01 7.800213488061997769e-01
5.900311617719988799e-01 7.753079101274791274e-01
5.976068527081250803e-01 7.689504434436722491e-01
6.050406243535502160e-01 7.627338093347411085e-01
6.064643851699628163e-01 7.622723673422228119e-01
6.049015291480637213e-01 7.643015929965808475e-01
6.032382378426345282e-01 7.658853409531911627e-01
6.315225575204402864e-01 7.391533925408654282e-01
6.608629884150014622e-01 7.125779566415977317e-01
6.631657596495891260e-01 6.617606512024313270e-01
6.618172634136227916e-01 6.594445776314491470e-01
6.597669560666081789e-01 6.583678823203960029e-01
6.583766549292637826e-01 6.576806484419754906e-01
6.573572447310002120e-01 6.571156763710124249e-01
6.813562516755620191e-01 6.409203374574489187e-01
6.799985822419791770e-01 6.405536239362552564e-01
6.779235968480268326e-01 6.405518783847075071e-01
6.762342318788490125e-01 6.407874135770409429e-01
6.747443243798805224e-01 6.410924437526253072e-01
6.733532887830541158e-01 6.414109542120751684e-01
6.720213670432668707e-01 6.417261955953947883e-01
6.675843152302614047e-01 6.447953491805642479e-01
6.669810515772809367e-01 6.449264332475733719e-01
6.658260586964878103e-01 6.451056591096531179e-01
6.646982855167746784e-01 6.452651344376749698e-01
6.868725227615168905e-01 6.299664135283885580e-01
6.964563573916850991e-01 6.300600834049041588e-01
7.000354954533023477e-01 6.322652938711444959e-01
7.061565776721354659e-01 6.309314737732453215e-01
7.068370592213408798e-01 6.322485242450197607e-01
7.049645566719678902e-01 6.364172559502714321e-01
7.072291835603838894e-01 6.370859995149966704e-01
7.084471773532827754e-01 6.375352888765655202e-01
7.093869616684871371e-01 6.379315978463531156e-01
7.101525991668654614e-01 6.382851853142795795e-01
7.108107733545221407e-01 6.385847490255515124e-01
7.113858014536909025e-01 6.388415332580712480e-01
7.054042169814775942e-01 6.404299029293610834e-01
7.042661732819561760e-01 6.403702879490567046e-01
7.039478032282786568e-01 6.447988159241724304e-01
7.071001187284935430e-01 6.446358709442832069e-01
7.016102791888215728e-01 6.460922316514368102e-01
6.940209745213324899e-01 6.519306867818470685e-01
6.840462013841263067e-01 6.607386005091608894e-01
6.746403626028236733e-01 6.689233543554726769e-01
6.891995612705841268e-01 6.602069000015228228e-01
6.819680979092883621e-01 6.649281114001739379e-01
6.899383656001076837e-01 6.625612544932932835e-01
6.896119319882647591e-01 6.531668213399475231e-01
7.072429196317617794e-01 6.133902535674451428e-01
7.152755112587683151e-01 5.815595424308390715e-01
7.214163616738078488e-01 5.690237601058851791e-01
7.299258676280448999e-01 5.738967841949383919e-01
7.310764368824782533e-01 5.833358009644576958e-01
7.303613113151092850e-01 5.905369970429263926e-01
7.294686920518744788e-01 5.853374327059339688e-01
6.398095330239502720e-01 4.816055417628930524e-01
6.284455038360211576e-01 4.432584115530082136e-01
5.995926475317445714e-01 4.022581720024364649e-01
5.746703088820280803e-01 3.604790946683078534e-01
4.296135307028152717e-01 2.559546922392197388e-01
4.282965124989454031e-01 2.457123056999377109e-01
4.240649264990721812e-01 2.375427491343601316e-01
5.887015689918323469e-01 2.627414855248130787e-01
5.884185704935640526e-01 2.541181659523646941e-01
5.628148038073902404e-01 2.217036774600850968e-01
3.768526687697895117e-01 1.396065373670405951e-01
3.644856982178635851e-01 1.291998541842389603e-01
3.688675028756449592e-01 1.257412801630732047e-01
3.303946165342872554e-01 1.071867818611778322e-01
3.161664077866420675e-01 9.908212038602198790e-02
3.583925330121723873e-01 1.151089783287995993e-01
3.231388646847116464e-01 9.932469941244896627e-02
1.587358850522774256e-01 4.480255256070335423e-02
1.358172768378865802e-01 3.648608484771762722e-02
1.134340056029037591e-01 2.878795049168254849e-02
8.613498778899045250e-02 2.068150595866175001e-02
1.941810285192527297e-02 4.174941297329787249e-03
1.535430233901073291e-02 3.040507621594218824e-03
1.173292689338188526e-02 2.109270665258618487e-03
9.915589144547147515e-03 1.748385895803630363e-03
8.590396431134898758e-03 1.514718665790790088e-03
6.926980209980636294e-03 1.221413505853174855e-03
9.646100070887160538e-02 5.003175594215534261e-01
1.194486083767728746e-01 5.639176993776883196e-01
1.458855991302636934e-01 6.237368475187213823e-01
1.787271423607061649e-01 6.784781014280077960e-01
2.032766514768494515e-01 6.985169279199958670e-01
2.189976132741227322e-01 7.170195341037622905e-01
2.290539950359900268e-01 7.370881638651578527e-01
2.336085948482282404e-01 7.599807790072459213e-01
2.394246719552848290e-01 7.830072968272961953e-01
2.493005377584344984e-01 8.059758505268989071e-01
2.558682731481195516e-01 8.326490574386596899e-01
2.550321040709060405e-01 8.717535700470881999e-01
2.534094401382228634e-01 9.069077886719206782e-01
2.473081849511822305e-01 9.362076364198997913e-01
2.385702901199329151e-01 9.458413882686679264e-01
2.377190343303636211e-01 9.456319194544144935e-01
2.376976758792684885e-01 9.455467518568622109e-01
2.377589724653323411e-01 9.455361951842367052e-01
2.378276455797693756e-01 9.455368831435981836e-01
2.378980230119744632e-01 9.455328403984561980e-01
2.379691950445935733e-01 9.455230409257009416e-01
2.380405014049114809e-01 9.455093053908469880e-01
2.381114568709344348e-01 9.454933091885140417e-01
2.381817417286094529e-01 9.454761517064709242e-01
2.299604920522162199e-01 9.481859043927707287e-01
2.261579497508656722e-01 9.489790966127606975e-01
2.314304908017001117e-01 9.469654415085930754e-01
2.466397309023217188e-01 9.418479297807201833e-01
2.663890916270907350e-01 9.357311717226927117e-01
2.763293046816534537e-01 9.332157068748264672e-01
2.741885569982090431e-01 9.350757816068598904e-01
2.734543473542200842e-01 9.355343800645780084e-01
2.727621404287556284e-01 9.358198305109104442e-01
2.720955791424233827e-01 9.360426869063537270e-01
2.714484589695387862e-01 9.362387760669139691e-01
2.749188361137039904e-01 9.348363729756775653e-01
2.819308431057482300e-01 9.323259961836760645e-01
2.801113651734490895e-01 9.336194185859821859e-01
2.792624933107895613e-01 9.339902262136755562e-01
2.784418930749733012e-01 9.342647629288316491e-01
2.776424595092993330e-01 9.345047594741406893e-01
2.768615452914439112e-01 9.347290963190558744e-01
2.760978781700407780e-01 9.349443735259672650e-01
2.753357884090253394e-01 9.351604029390103712e-01
2.745717020655001894e-01 9.353805345661211357e-01
2.738143922977716582e-01 9.356008166017293348e-01
2.730555557870609218e-01 9.358210338348740276e-01
2.722606811225193324e-01 9.360448549765734150e-01
2.714648719912110542e-01 9.362722581788697207e-01
2.706737204283055087e-01 9.365023637580035532e-01
2.698864049008881660e-01 9.367330602528006755e-01
2.691039880729760858e-01 9.369629618232515611e-01
2.683273640752015798e-01 9.371913259012737418e-01
2.632401515872128672e-01 9.382514082604238581e-01
2.588532119871236326e-01 9.394044963852929975e-01
2.546197268774539890e-01 9.405656343961064092e-01
2.462277020091745705e-01 9.424681955072236050e-01
2.344481623316153063e-01 9.450717541983989500e-01
2.317584779585378785e-01 9.462942949568879936e-01
2.369524396508372877e-01 9.451732048115670803e-01
2.371555805529591554e-01 9.456074619772019130e-01
2.377550088546074025e-01 9.455920125665527864e-01
2.425394469485693261e-01 9.440517093715299346e-01
2.209213516450878600e-01 9.479436564441831026e-01
2.226059991688429107e-01 9.486508652233361927e-01
2.233329171426367832e-01 9.488412549020923681e-01
2.197190633037500451e-01 9.494677865612231038e-01
2.162650411449630328e-01 9.501819973504953554e-01
2.127619993483329253e-01 9.509271877876843693e-01
2.135590299041489060e-01 9.511065152486104513e-01
2.141342452327580359e-01 9.510968892544612308e-01
2.147322430161607565e-01 9.510170633790031580e-01
